timestamp,actual_demand_mw,predicted_demand_mw,fold
2025-08-01 00:00:00,20662.0,20644.653989476006,aug_2025
2025-08-01 01:00:00,19764.5,19907.109003309753,aug_2025
2025-08-01 02:00:00,19067.0,19292.839294116486,aug_2025
2025-08-01 03:00:00,18522.5,18692.431612440367,aug_2025
2025-08-01 04:00:00,18466.0,18373.981465456633,aug_2025
2025-08-01 05:00:00,18436.5,18463.26615349239,aug_2025
2025-08-01 06:00:00,20102.5,20113.02630717467,aug_2025
2025-08-01 07:00:00,22422.5,22076.20921858519,aug_2025
2025-08-01 08:00:00,23988.0,23236.265275484064,aug_2025
2025-08-01 09:00:00,23891.0,23148.01695611442,aug_2025
2025-08-01 10:00:00,23335.5,22524.981445178142,aug_2025
2025-08-01 11:00:00,23116.0,22115.137800358116,aug_2025
2025-08-01 12:00:00,23050.5,21959.728249453612,aug_2025
2025-08-01 13:00:00,22454.5,21555.749965716386,aug_2025
2025-08-01 14:00:00,21852.5,21286.391860506734,aug_2025
2025-08-01 15:00:00,21989.0,21399.692026167493,aug_2025
2025-08-01 16:00:00,22397.5,22248.914876437888,aug_2025
2025-08-01 17:00:00,23859.0,23842.737964882825,aug_2025
2025-08-01 18:00:00,25076.5,24836.062724947442,aug_2025
2025-08-01 19:00:00,25848.0,25213.804139673528,aug_2025
2025-08-01 20:00:00,25689.0,24985.04377473452,aug_2025
2025-08-01 21:00:00,25218.5,24539.95732203837,aug_2025
2025-08-01 22:00:00,23982.5,23001.77022787881,aug_2025
2025-08-01 23:00:00,21941.0,20940.90659033924,aug_2025
2025-08-02 00:00:00,20841.5,20710.597929971394,aug_2025
2025-08-02 01:00:00,19969.0,19935.619343629496,aug_2025
2025-08-02 02:00:00,19341.0,19219.96713882495,aug_2025
2025-08-02 03:00:00,18578.5,18618.98460032917,aug_2025
2025-08-02 04:00:00,18070.0,18305.775008664597,aug_2025
2025-08-02 05:00:00,17747.5,18381.630932330743,aug_2025
2025-08-02 06:00:00,18334.5,20024.408202883995,aug_2025
2025-08-02 07:00:00,19290.5,21985.278675411013,aug_2025
2025-08-02 08:00:00,20270.0,23102.640476687062,aug_2025
2025-08-02 09:00:00,20266.5,22968.952390338494,aug_2025
2025-08-02 10:00:00,19806.0,22371.1985715712,aug_2025
2025-08-02 11:00:00,19341.5,21991.21345053224,aug_2025
2025-08-02 12:00:00,19288.0,21886.09342561422,aug_2025
2025-08-02 13:00:00,18790.0,21480.565822838405,aug_2025
2025-08-02 14:00:00,17827.5,21091.013500113855,aug_2025
2025-08-02 15:00:00,17621.49,21199.701065259946,aug_2025
2025-08-02 16:00:00,18202.5,21945.219215878362,aug_2025
2025-08-02 17:00:00,20612.0,23621.956098093677,aug_2025
2025-08-02 18:00:00,22956.5,24724.165170808472,aug_2025
2025-08-02 19:00:00,23908.0,25187.307389628902,aug_2025
2025-08-02 20:00:00,23878.5,25021.91795783389,aug_2025
2025-08-02 21:00:00,23833.5,24592.340227106422,aug_2025
2025-08-02 22:00:00,22541.5,23108.43065856314,aug_2025
2025-08-02 23:00:00,20503.5,21051.93844125606,aug_2025
2025-08-03 00:00:00,19493.0,19251.817627895554,aug_2025
2025-08-03 01:00:00,18561.5,18491.812135392527,aug_2025
2025-08-03 02:00:00,17748.5,17874.13268083995,aug_2025
2025-08-03 03:00:00,17621.49,17292.476673649853,aug_2025
2025-08-03 04:00:00,17621.49,16984.35143218151,aug_2025
2025-08-03 05:00:00,17621.49,17003.17717535902,aug_2025
2025-08-03 06:00:00,17621.49,18397.566925970445,aug_2025
2025-08-03 07:00:00,17621.49,20160.289621357024,aug_2025
2025-08-03 08:00:00,18139.5,21345.302081712754,aug_2025
2025-08-03 09:00:00,19184.0,21385.298538443156,aug_2025
2025-08-03 10:00:00,19456.5,20917.198201754887,aug_2025
2025-08-03 11:00:00,19943.5,20537.355059571313,aug_2025
2025-08-03 12:00:00,20576.5,20478.540464862446,aug_2025
2025-08-03 13:00:00,19987.0,20106.102083841433,aug_2025
2025-08-03 14:00:00,18822.0,19712.771681027414,aug_2025
2025-08-03 15:00:00,18222.5,19838.303664736388,aug_2025
2025-08-03 16:00:00,19592.0,20600.272645230492,aug_2025
2025-08-03 17:00:00,21606.5,22408.179069000293,aug_2025
2025-08-03 18:00:00,23688.5,23729.772751960176,aug_2025
2025-08-03 19:00:00,24717.0,24377.51919886021,aug_2025
2025-08-03 20:00:00,24393.5,24315.199705714145,aug_2025
2025-08-03 21:00:00,23725.0,23977.75531162506,aug_2025
2025-08-03 22:00:00,22689.0,22592.551259470405,aug_2025
2025-08-03 23:00:00,21122.0,20641.60224550218,aug_2025
2025-08-04 00:00:00,19993.5,20131.9999022915,aug_2025
2025-08-04 01:00:00,19537.0,19432.37645852995,aug_2025
2025-08-04 02:00:00,18647.0,18755.326071220665,aug_2025
2025-08-04 03:00:00,18267.0,18199.057770121708,aug_2025
2025-08-04 04:00:00,17822.5,17919.90074059693,aug_2025
2025-08-04 05:00:00,17656.0,17946.720406682292,aug_2025
2025-08-04 06:00:00,18892.0,19285.096365859157,aug_2025
2025-08-04 07:00:00,21240.5,20977.678906901318,aug_2025
2025-08-04 08:00:00,23068.5,22183.43343497644,aug_2025
2025-08-04 09:00:00,24007.5,22326.979634144005,aug_2025
2025-08-04 10:00:00,24337.5,21900.54268899372,aug_2025
2025-08-04 11:00:00,24054.5,21749.50514050303,aug_2025
2025-08-04 12:00:00,24265.5,21944.763573625496,aug_2025
2025-08-04 13:00:00,23484.5,21833.168046055995,aug_2025
2025-08-04 14:00:00,22766.0,21529.749142757664,aug_2025
2025-08-04 15:00:00,21492.0,21540.17582940261,aug_2025
2025-08-04 16:00:00,21359.5,22445.667574886284,aug_2025
2025-08-04 17:00:00,22916.5,24338.4969241814,aug_2025
2025-08-04 18:00:00,23729.0,25862.804690057405,aug_2025
2025-08-04 19:00:00,24986.0,26589.206431737068,aug_2025
2025-08-04 20:00:00,24634.5,26513.214034182103,aug_2025
2025-08-04 21:00:00,23920.0,26146.8590698131,aug_2025
2025-08-04 22:00:00,22389.0,24725.79964325734,aug_2025
2025-08-04 23:00:00,20071.5,22647.131845105585,aug_2025
2025-08-05 00:00:00,18940.0,18868.522392617644,aug_2025
2025-08-05 01:00:00,17766.5,18177.08291322371,aug_2025
2025-08-05 02:00:00,17621.49,17640.052021738724,aug_2025
2025-08-05 03:00:00,17621.49,17251.783477658326,aug_2025
2025-08-05 04:00:00,17621.49,17059.502395599568,aug_2025
2025-08-05 05:00:00,17621.49,17136.278979478724,aug_2025
2025-08-05 06:00:00,18661.0,18454.60645540298,aug_2025
2025-08-05 07:00:00,20519.5,20169.04419492735,aug_2025
2025-08-05 08:00:00,20472.5,21349.035345563792,aug_2025
2025-08-05 09:00:00,20057.5,21583.591147685325,aug_2025
2025-08-05 10:00:00,19137.0,21260.58786277381,aug_2025
2025-08-05 11:00:00,18964.5,21070.80731966001,aug_2025
2025-08-05 12:00:00,18731.0,21087.134170062633,aug_2025
2025-08-05 13:00:00,18202.0,20673.996242447116,aug_2025
2025-08-05 14:00:00,17645.5,20261.975311404527,aug_2025
2025-08-05 15:00:00,17621.49,20159.69452221002,aug_2025
2025-08-05 16:00:00,19225.5,20907.945667363063,aug_2025
2025-08-05 17:00:00,22265.0,22662.682460403877,aug_2025
2025-08-05 18:00:00,23948.0,23934.202875105155,aug_2025
2025-08-05 19:00:00,25277.5,24634.655088485266,aug_2025
2025-08-05 20:00:00,25692.0,24523.60738033882,aug_2025
2025-08-05 21:00:00,24971.0,24146.06262823436,aug_2025
2025-08-05 22:00:00,23094.5,22769.61378746818,aug_2025
2025-08-05 23:00:00,20965.0,20775.40726683522,aug_2025
2025-08-06 00:00:00,20090.5,19830.231979076172,aug_2025
2025-08-06 01:00:00,19562.5,19093.015966921193,aug_2025
2025-08-06 02:00:00,19170.5,18605.216802139017,aug_2025
2025-08-06 03:00:00,18116.0,18172.02613223771,aug_2025
2025-08-06 04:00:00,17849.0,17938.527272357635,aug_2025
2025-08-06 05:00:00,18200.5,17955.625917831876,aug_2025
2025-08-06 06:00:00,20055.5,19266.01888070129,aug_2025
2025-08-06 07:00:00,22163.5,21026.645041633878,aug_2025
2025-08-06 08:00:00,22967.5,21964.231072399056,aug_2025
2025-08-06 09:00:00,21485.0,21993.707281745516,aug_2025
2025-08-06 10:00:00,19981.0,21530.265278103703,aug_2025
2025-08-06 11:00:00,18865.5,21236.932987485332,aug_2025
2025-08-06 12:00:00,18331.0,21151.416692254064,aug_2025
2025-08-06 13:00:00,18426.0,20660.397020850476,aug_2025
2025-08-06 14:00:00,19450.5,20077.652158596975,aug_2025
2025-08-06 15:00:00,21220.0,20017.459850484625,aug_2025
2025-08-06 16:00:00,23613.5,20919.98883575501,aug_2025
2025-08-06 17:00:00,26358.0,22823.75938354243,aug_2025
2025-08-06 18:00:00,27514.5,24123.225280248,aug_2025
2025-08-06 19:00:00,27462.5,24822.43262962909,aug_2025
2025-08-06 20:00:00,27101.0,24679.10035355139,aug_2025
2025-08-06 21:00:00,26499.5,24178.226986199796,aug_2025
2025-08-06 22:00:00,23682.0,22704.073315735797,aug_2025
2025-08-06 23:00:00,21642.0,20679.940053201695,aug_2025
2025-08-07 00:00:00,19924.5,20713.726150705497,aug_2025
2025-08-07 01:00:00,19155.5,20092.276467066953,aug_2025
2025-08-07 02:00:00,18294.0,19433.334350813482,aug_2025
2025-08-07 03:00:00,17621.49,18869.859780260365,aug_2025
2025-08-07 04:00:00,17621.49,18519.96296025491,aug_2025
2025-08-07 05:00:00,17621.49,18502.683231136387,aug_2025
2025-08-07 06:00:00,19571.5,19807.631936650458,aug_2025
2025-08-07 07:00:00,21732.5,21596.263250372627,aug_2025
2025-08-07 08:00:00,23553.5,22642.47751758823,aug_2025
2025-08-07 09:00:00,24073.0,22622.651386440884,aug_2025
2025-08-07 10:00:00,23180.5,22061.11370628723,aug_2025
2025-08-07 11:00:00,22816.0,21623.4442628671,aug_2025
2025-08-07 12:00:00,22571.0,21493.425355859803,aug_2025
2025-08-07 13:00:00,21660.5,21109.008228392122,aug_2025
2025-08-07 14:00:00,21162.5,20618.00527968045,aug_2025
2025-08-07 15:00:00,21783.5,20696.21743470734,aug_2025
2025-08-07 16:00:00,22800.5,21707.31234385781,aug_2025
2025-08-07 17:00:00,24770.5,23707.572899418417,aug_2025
2025-08-07 18:00:00,25939.5,24998.05497380262,aug_2025
2025-08-07 19:00:00,26249.0,25642.408367074877,aug_2025
2025-08-07 20:00:00,26137.0,25446.39934503007,aug_2025
2025-08-07 21:00:00,26452.5,24895.3763352542,aug_2025
2025-08-07 22:00:00,24211.5,23221.54555139137,aug_2025
2025-08-07 23:00:00,21662.5,21129.046783359212,aug_2025
2025-08-08 00:00:00,20720.5,20182.08436858299,aug_2025
2025-08-08 01:00:00,19970.5,19323.274692280735,aug_2025
2025-08-08 02:00:00,19128.5,18671.735137337735,aug_2025
2025-08-08 03:00:00,18502.5,18127.4329733198,aug_2025
2025-08-08 04:00:00,18092.0,17902.30300513093,aug_2025
2025-08-08 05:00:00,18090.5,17942.075873557813,aug_2025
2025-08-08 06:00:00,19590.0,19327.810467242594,aug_2025
2025-08-08 07:00:00,21719.0,21089.691053949853,aug_2025
2025-08-08 08:00:00,22272.0,22109.689033731785,aug_2025
2025-08-08 09:00:00,21189.0,22063.47342248499,aug_2025
2025-08-08 10:00:00,20688.0,21391.305633521682,aug_2025
2025-08-08 11:00:00,20201.5,20969.859262638132,aug_2025
2025-08-08 12:00:00,19524.5,20774.173524645546,aug_2025
2025-08-08 13:00:00,18202.5,20292.33473169497,aug_2025
2025-08-08 14:00:00,17621.49,19950.583857181595,aug_2025
2025-08-08 15:00:00,17621.49,20000.104299998526,aug_2025
2025-08-08 16:00:00,18630.0,20937.596762995916,aug_2025
2025-08-08 17:00:00,21521.0,22773.16237050569,aug_2025
2025-08-08 18:00:00,24141.5,23965.033371588517,aug_2025
2025-08-08 19:00:00,25298.0,24507.80644760702,aug_2025
2025-08-08 20:00:00,25378.0,24344.0087576021,aug_2025
2025-08-08 21:00:00,25096.5,23939.2675059369,aug_2025
2025-08-08 22:00:00,23549.0,22277.83759419869,aug_2025
2025-08-08 23:00:00,21119.0,20232.92689663476,aug_2025
2025-08-09 00:00:00,20010.0,19726.964513534735,aug_2025
2025-08-09 01:00:00,19007.0,18853.926202143783,aug_2025
2025-08-09 02:00:00,18029.5,18192.8624305469,aug_2025
2025-08-09 03:00:00,17621.49,17645.328853766405,aug_2025
2025-08-09 04:00:00,17621.49,17420.174008426584,aug_2025
2025-08-09 05:00:00,17621.49,17461.3213420682,aug_2025
2025-08-09 06:00:00,17621.49,18838.716495538818,aug_2025
2025-08-09 07:00:00,18030.5,20634.382703962805,aug_2025
2025-08-09 08:00:00,18356.0,21617.987441743513,aug_2025
2025-08-09 09:00:00,17621.49,21473.082622069123,aug_2025
2025-08-09 10:00:00,17621.49,20833.496778971527,aug_2025
2025-08-09 11:00:00,17621.49,20473.73920523324,aug_2025
2025-08-09 12:00:00,17621.49,20264.205642771303,aug_2025
2025-08-09 13:00:00,17621.49,19709.98140917067,aug_2025
2025-08-09 14:00:00,17621.49,19310.943316080986,aug_2025
2025-08-09 15:00:00,17621.49,19437.548539964482,aug_2025
2025-08-09 16:00:00,17621.49,20429.44519995673,aug_2025
2025-08-09 17:00:00,18966.5,22471.30061677945,aug_2025
2025-08-09 18:00:00,21882.0,23884.89486520213,aug_2025
2025-08-09 19:00:00,22953.5,24573.9588226656,aug_2025
2025-08-09 20:00:00,23344.0,24457.955568926594,aug_2025
2025-08-09 21:00:00,23636.5,24090.02391164815,aug_2025
2025-08-09 22:00:00,23009.5,22509.80624788232,aug_2025
2025-08-09 23:00:00,21265.0,20489.087779841233,aug_2025
2025-08-10 00:00:00,19910.5,20125.00785236463,aug_2025
2025-08-10 01:00:00,19353.0,19262.21974179087,aug_2025
2025-08-10 02:00:00,18666.0,18601.393245015945,aug_2025
2025-08-10 03:00:00,18001.5,18037.45483137051,aug_2025
2025-08-10 04:00:00,17741.0,17829.92212470395,aug_2025
2025-08-10 05:00:00,17621.49,17893.78836939038,aug_2025
2025-08-10 06:00:00,17621.49,19188.84067601038,aug_2025
2025-08-10 07:00:00,17621.49,20851.808429726036,aug_2025
2025-08-10 08:00:00,17621.49,21716.69311591161,aug_2025
2025-08-10 09:00:00,17621.49,21423.82553079341,aug_2025
2025-08-10 10:00:00,17621.49,20903.55605988628,aug_2025
2025-08-10 11:00:00,17621.49,20541.868459499172,aug_2025
2025-08-10 12:00:00,17621.49,20379.021871194807,aug_2025
2025-08-10 13:00:00,17621.49,19851.263429363593,aug_2025
2025-08-10 14:00:00,17621.49,19502.166094857523,aug_2025
2025-08-10 15:00:00,17621.49,19608.678599250536,aug_2025
2025-08-10 16:00:00,17958.0,20488.682785609537,aug_2025
2025-08-10 17:00:00,21237.0,22468.165408097197,aug_2025
2025-08-10 18:00:00,24171.0,24108.851554654582,aug_2025
2025-08-10 19:00:00,25212.5,24846.861934124143,aug_2025
2025-08-10 20:00:00,25495.5,24867.47269719987,aug_2025
2025-08-10 21:00:00,25634.0,24661.078728222496,aug_2025
2025-08-10 22:00:00,23548.5,23213.831298868066,aug_2025
2025-08-10 23:00:00,21408.5,21185.047860635135,aug_2025
2025-08-11 00:00:00,20295.5,20294.941990635703,aug_2025
2025-08-11 01:00:00,19785.5,19635.7960722234,aug_2025
2025-08-11 02:00:00,19375.0,19056.25005033687,aug_2025
2025-08-11 03:00:00,18875.5,18572.534316282552,aug_2025
2025-08-11 04:00:00,18148.0,18374.967405790063,aug_2025
2025-08-11 05:00:00,18792.0,18422.660837810607,aug_2025
2025-08-11 06:00:00,20928.5,19604.668146107877,aug_2025
2025-08-11 07:00:00,23648.0,21103.9631640321,aug_2025
2025-08-11 08:00:00,24945.0,21947.277158409506,aug_2025
2025-08-11 09:00:00,24168.5,21768.147275859785,aug_2025
2025-08-11 10:00:00,22640.0,21337.71616571059,aug_2025
2025-08-11 11:00:00,21918.5,21053.357978013573,aug_2025
2025-08-11 12:00:00,22034.5,20969.774746888106,aug_2025
2025-08-11 13:00:00,22309.0,20671.576667286263,aug_2025
2025-08-11 14:00:00,23237.0,20454.237322996058,aug_2025
2025-08-11 15:00:00,24857.5,20639.25717114615,aug_2025
2025-08-11 16:00:00,27272.0,21541.166815122375,aug_2025
2025-08-11 17:00:00,29154.5,23828.66576943375,aug_2025
2025-08-11 18:00:00,29672.5,25719.906012099877,aug_2025
2025-08-11 19:00:00,29163.5,26481.894609872597,aug_2025
2025-08-11 20:00:00,29159.0,26396.54816441394,aug_2025
2025-08-11 21:00:00,28417.0,26197.06739616238,aug_2025
2025-08-11 22:00:00,25849.5,24601.06073170875,aug_2025
2025-08-11 23:00:00,23431.0,22477.03962951842,aug_2025
2025-08-12 00:00:00,22006.0,22287.348728656594,aug_2025
2025-08-12 01:00:00,20945.5,21660.65208999387,aug_2025
2025-08-12 02:00:00,20584.0,21074.228196810847,aug_2025
2025-08-12 03:00:00,19914.5,20563.22379762608,aug_2025
2025-08-12 04:00:00,19520.5,20321.260106665697,aug_2025
2025-08-12 05:00:00,19701.5,20492.585667313375,aug_2025
2025-08-12 06:00:00,21791.0,21946.1812941774,aug_2025
2025-08-12 07:00:00,24397.5,23768.147163151752,aug_2025
2025-08-12 08:00:00,25697.0,24719.505243979085,aug_2025
2025-08-12 09:00:00,25508.0,24432.39512532535,aug_2025
2025-08-12 10:00:00,23998.5,23844.554529548306,aug_2025
2025-08-12 11:00:00,23197.5,23642.112258396483,aug_2025
2025-08-12 12:00:00,22425.0,23655.828996187327,aug_2025
2025-08-12 13:00:00,22301.0,23325.79424343673,aug_2025
2025-08-12 14:00:00,22093.0,23216.725522887602,aug_2025
2025-08-12 15:00:00,22804.0,23567.01523354009,aug_2025
2025-08-12 16:00:00,24803.0,24714.2913486929,aug_2025
2025-08-12 17:00:00,27157.5,27203.960301487972,aug_2025
2025-08-12 18:00:00,28996.5,29145.740286010216,aug_2025
2025-08-12 19:00:00,29576.5,29813.133805573856,aug_2025
2025-08-12 20:00:00,29594.5,29747.032925235657,aug_2025
2025-08-12 21:00:00,29141.5,29251.87650049261,aug_2025
2025-08-12 22:00:00,26742.0,27212.0049706116,aug_2025
2025-08-12 23:00:00,24275.5,24856.168398055815,aug_2025
2025-08-13 00:00:00,22848.5,23018.30966624892,aug_2025
2025-08-13 01:00:00,21969.0,22278.196465596888,aug_2025
2025-08-13 02:00:00,21059.0,21780.28042432334,aug_2025
2025-08-13 03:00:00,20628.0,21217.494506642346,aug_2025
2025-08-13 04:00:00,20361.0,20950.63728257962,aug_2025
2025-08-13 05:00:00,20727.0,21097.662667973895,aug_2025
2025-08-13 06:00:00,22469.0,22610.176412173147,aug_2025
2025-08-13 07:00:00,24943.0,24491.209589607854,aug_2025
2025-08-13 08:00:00,26337.5,25419.194472391264,aug_2025
2025-08-13 09:00:00,26125.5,25062.38000301986,aug_2025
2025-08-13 10:00:00,25443.0,24367.962357074382,aug_2025
2025-08-13 11:00:00,25190.0,24029.855133587076,aug_2025
2025-08-13 12:00:00,24904.0,23887.31752667059,aug_2025
2025-08-13 13:00:00,24545.0,23538.71858766768,aug_2025
2025-08-13 14:00:00,24656.0,23383.512860222054,aug_2025
2025-08-13 15:00:00,25457.0,23682.898334331978,aug_2025
2025-08-13 16:00:00,26058.0,24854.52688084277,aug_2025
2025-08-13 17:00:00,27829.5,27247.025744340128,aug_2025
2025-08-13 18:00:00,28660.0,29145.2170798196,aug_2025
2025-08-13 19:00:00,29231.5,29800.742308187575,aug_2025
2025-08-13 20:00:00,29209.5,29697.71898331141,aug_2025
2025-08-13 21:00:00,28755.5,29214.442056785672,aug_2025
2025-08-13 22:00:00,26507.5,27314.812212222707,aug_2025
2025-08-13 23:00:00,24231.0,24859.19808097756,aug_2025
2025-08-14 00:00:00,22609.0,23042.058154953946,aug_2025
2025-08-14 01:00:00,21809.0,22263.848976260808,aug_2025
2025-08-14 02:00:00,21409.0,21623.749156524416,aug_2025
2025-08-14 03:00:00,20559.5,20987.192080136392,aug_2025
2025-08-14 04:00:00,20139.0,20607.562989727154,aug_2025
2025-08-14 05:00:00,20428.0,20677.53106676336,aug_2025
2025-08-14 06:00:00,22610.5,22128.816608733432,aug_2025
2025-08-14 07:00:00,24904.0,24041.93026722673,aug_2025
2025-08-14 08:00:00,26603.0,25064.931261239195,aug_2025
2025-08-14 09:00:00,25918.5,24766.014472155028,aug_2025
2025-08-14 10:00:00,25053.5,24002.437858359586,aug_2025
2025-08-14 11:00:00,24775.5,23556.460133182554,aug_2025
2025-08-14 12:00:00,24729.5,23235.170334275408,aug_2025
2025-08-14 13:00:00,24398.5,22886.775755975716,aug_2025
2025-08-14 14:00:00,24323.5,22713.584496212414,aug_2025
2025-08-14 15:00:00,24819.5,23057.121055807173,aug_2025
2025-08-14 16:00:00,25498.5,24119.26684746743,aug_2025
2025-08-14 17:00:00,26807.5,26297.980363290088,aug_2025
2025-08-14 18:00:00,27681.5,27934.571199845293,aug_2025
2025-08-14 19:00:00,28345.0,28554.74932247429,aug_2025
2025-08-14 20:00:00,28110.5,28562.546264207667,aug_2025
2025-08-14 21:00:00,27557.0,28245.09746121636,aug_2025
2025-08-14 22:00:00,25733.0,26240.57109108631,aug_2025
2025-08-14 23:00:00,23652.5,23875.142541416204,aug_2025
2025-08-15 00:00:00,22490.0,22387.437413024203,aug_2025
2025-08-15 01:00:00,21445.0,21551.30325737565,aug_2025
2025-08-15 02:00:00,20469.0,20859.587286441394,aug_2025
2025-08-15 03:00:00,19959.0,20176.964140126885,aug_2025
2025-08-15 04:00:00,19898.0,19788.520658367728,aug_2025
2025-08-15 05:00:00,20173.0,19904.239353200202,aug_2025
2025-08-15 06:00:00,22253.0,21402.78583220775,aug_2025
2025-08-15 07:00:00,24494.0,23297.15118441834,aug_2025
2025-08-15 08:00:00,25238.0,24305.75598193628,aug_2025
2025-08-15 09:00:00,24201.0,23925.803997140316,aug_2025
2025-08-15 10:00:00,22499.5,23118.121801002104,aug_2025
2025-08-15 11:00:00,21226.0,22590.659381853126,aug_2025
2025-08-15 12:00:00,20838.0,22372.226022655574,aug_2025
2025-08-15 13:00:00,20654.0,22012.312788742547,aug_2025
2025-08-15 14:00:00,21171.0,21831.74819987808,aug_2025
2025-08-15 15:00:00,21909.5,22141.25810047164,aug_2025
2025-08-15 16:00:00,23476.0,23105.41915771353,aug_2025
2025-08-15 17:00:00,25541.5,25139.984639632883,aug_2025
2025-08-15 18:00:00,27171.5,26576.04817281912,aug_2025
2025-08-15 19:00:00,27897.5,27056.03861306697,aug_2025
2025-08-15 20:00:00,27977.0,27036.112092328956,aug_2025
2025-08-15 21:00:00,27409.5,26706.920494459526,aug_2025
2025-08-15 22:00:00,25748.5,24880.958646551073,aug_2025
2025-08-15 23:00:00,23239.5,22715.956983117016,aug_2025
2025-08-16 00:00:00,21949.0,21691.547092838864,aug_2025
2025-08-16 01:00:00,20953.5,20758.795608554206,aug_2025
2025-08-16 02:00:00,20060.0,20135.024527851576,aug_2025
2025-08-16 03:00:00,19313.5,19551.232566972118,aug_2025
2025-08-16 04:00:00,18774.0,19270.4239592679,aug_2025
2025-08-16 05:00:00,18721.0,19408.324342322485,aug_2025
2025-08-16 06:00:00,19632.0,20902.30358352894,aug_2025
2025-08-16 07:00:00,21216.5,22830.75893244629,aug_2025
2025-08-16 08:00:00,21986.5,23886.938535239857,aug_2025
2025-08-16 09:00:00,22162.5,23522.701446784235,aug_2025
2025-08-16 10:00:00,21917.5,22693.563887315122,aug_2025
2025-08-16 11:00:00,21021.5,22130.383656906226,aug_2025
2025-08-16 12:00:00,20389.5,21814.68420575787,aug_2025
2025-08-16 13:00:00,19529.5,21394.87556725658,aug_2025
2025-08-16 14:00:00,19025.5,21511.693574461915,aug_2025
2025-08-16 15:00:00,19050.5,21844.515488292473,aug_2025
2025-08-16 16:00:00,20340.0,22896.278473603918,aug_2025
2025-08-16 17:00:00,22819.0,24941.68727127942,aug_2025
2025-08-16 18:00:00,24406.5,26488.063354897975,aug_2025
2025-08-16 19:00:00,24978.0,27186.23404222551,aug_2025
2025-08-16 20:00:00,25164.5,27215.800168784655,aug_2025
2025-08-16 21:00:00,24597.0,26886.486237627018,aug_2025
2025-08-16 22:00:00,23207.0,25106.085451186653,aug_2025
2025-08-16 23:00:00,21036.0,22952.894972789425,aug_2025
2025-08-17 00:00:00,19997.5,19772.90035901144,aug_2025
2025-08-17 01:00:00,19218.5,18985.438057733958,aug_2025
2025-08-17 02:00:00,18585.5,18454.013365442646,aug_2025
2025-08-17 03:00:00,17663.5,17945.597757045565,aug_2025
2025-08-17 04:00:00,17621.49,17700.880978715413,aug_2025
2025-08-17 05:00:00,17621.49,17858.51079440708,aug_2025
2025-08-17 06:00:00,17621.49,19247.622710171177,aug_2025
2025-08-17 07:00:00,17773.5,21005.3313605384,aug_2025
2025-08-17 08:00:00,17772.0,21902.11549571056,aug_2025
2025-08-17 09:00:00,17621.49,21593.826085206758,aug_2025
2025-08-17 10:00:00,17621.49,20883.525415911885,aug_2025
2025-08-17 11:00:00,17621.49,20332.60854241994,aug_2025
2025-08-17 12:00:00,17621.49,19972.591707813448,aug_2025
2025-08-17 13:00:00,17621.49,19499.652854023065,aug_2025
2025-08-17 14:00:00,17621.49,19228.25910822454,aug_2025
2025-08-17 15:00:00,17621.49,19594.38241038355,aug_2025
2025-08-17 16:00:00,19178.0,20617.16814985024,aug_2025
2025-08-17 17:00:00,21952.0,22558.870759207748,aug_2025
2025-08-17 18:00:00,24413.0,24081.799687710194,aug_2025
2025-08-17 19:00:00,24986.0,24825.16614233292,aug_2025
2025-08-17 20:00:00,25033.5,24987.847245359706,aug_2025
2025-08-17 21:00:00,24861.5,24738.447288701173,aug_2025
2025-08-17 22:00:00,22853.0,23155.208663358095,aug_2025
2025-08-17 23:00:00,20566.5,21149.742229103984,aug_2025
2025-08-18 00:00:00,19972.0,19346.294034271283,aug_2025
2025-08-18 01:00:00,19579.5,18615.600188460183,aug_2025
2025-08-18 02:00:00,18907.0,18050.059377695,aug_2025
2025-08-18 03:00:00,18255.5,17532.478593804986,aug_2025
2025-08-18 04:00:00,18136.0,17309.80350338893,aug_2025
2025-08-18 05:00:00,18298.5,17436.65531201382,aug_2025
2025-08-18 06:00:00,20582.5,18629.629271499696,aug_2025
2025-08-18 07:00:00,23891.0,20225.855545921986,aug_2025
2025-08-18 08:00:00,26190.0,21129.701392084007,aug_2025
2025-08-18 09:00:00,26620.5,21019.918134446805,aug_2025
2025-08-18 10:00:00,26593.5,20540.402343345926,aug_2025
2025-08-18 11:00:00,26552.0,20182.924510532124,aug_2025
2025-08-18 12:00:00,26281.0,20009.07749281303,aug_2025
2025-08-18 13:00:00,25962.5,19700.79570057091,aug_2025
2025-08-18 14:00:00,25981.5,19693.32110149694,aug_2025
2025-08-18 15:00:00,26045.5,20038.411093547555,aug_2025
2025-08-18 16:00:00,26596.0,21183.311925055652,aug_2025
2025-08-18 17:00:00,27991.5,23327.304886207417,aug_2025
2025-08-18 18:00:00,28664.0,25016.67450334932,aug_2025
2025-08-18 19:00:00,27988.0,25728.08905664498,aug_2025
2025-08-18 20:00:00,27816.0,25811.755479553278,aug_2025
2025-08-18 21:00:00,26843.0,25492.22347158283,aug_2025
2025-08-18 22:00:00,24586.0,23785.029974630022,aug_2025
2025-08-18 23:00:00,22465.5,21669.387039645004,aug_2025
2025-08-19 00:00:00,21404.5,21459.59709886673,aug_2025
2025-08-19 01:00:00,20432.0,20818.09266253093,aug_2025
2025-08-19 02:00:00,19866.0,20167.79141039427,aug_2025
2025-08-19 03:00:00,19295.5,19560.418418806898,aug_2025
2025-08-19 04:00:00,18893.5,19309.97485386311,aug_2025
2025-08-19 05:00:00,19427.5,19453.76777033395,aug_2025
2025-08-19 06:00:00,21531.0,20901.793016984986,aug_2025
2025-08-19 07:00:00,24428.5,22864.365239239458,aug_2025
2025-08-19 08:00:00,26629.5,24047.083857542424,aug_2025
2025-08-19 09:00:00,26847.0,23978.3731020238,aug_2025
2025-08-19 10:00:00,26172.0,23456.045984780645,aug_2025
2025-08-19 11:00:00,25281.5,23114.955927355695,aug_2025
2025-08-19 12:00:00,25039.5,22937.711245435305,aug_2025
2025-08-19 13:00:00,24466.5,22660.99794397453,aug_2025
2025-08-19 14:00:00,24440.5,22614.103146203026,aug_2025
2025-08-19 15:00:00,25188.5,22914.28417924652,aug_2025
2025-08-19 16:00:00,26703.5,24120.54667085499,aug_2025
2025-08-19 17:00:00,27851.5,26461.023544976357,aug_2025
2025-08-19 18:00:00,28149.5,28201.757790336593,aug_2025
2025-08-19 19:00:00,27945.5,28765.366615237253,aug_2025
2025-08-19 20:00:00,27594.0,28750.0280713039,aug_2025
2025-08-19 21:00:00,26430.0,28212.153715703946,aug_2025
2025-08-19 22:00:00,23982.5,26216.27599704351,aug_2025
2025-08-19 23:00:00,21812.0,23870.082964615696,aug_2025
2025-08-20 00:00:00,20704.5,20840.031665936764,aug_2025
2025-08-20 01:00:00,20193.5,20175.33098492843,aug_2025
2025-08-20 02:00:00,19375.5,19605.667065776717,aug_2025
2025-08-20 03:00:00,18546.5,19005.633906280647,aug_2025
2025-08-20 04:00:00,18587.5,18732.35973257442,aug_2025
2025-08-20 05:00:00,19081.0,18898.069277306153,aug_2025
2025-08-20 06:00:00,21194.5,20355.09466430125,aug_2025
2025-08-20 07:00:00,23944.0,22306.56998019905,aug_2025
2025-08-20 08:00:00,26009.5,23484.02364846188,aug_2025
2025-08-20 09:00:00,26254.0,23420.958719984643,aug_2025
2025-08-20 10:00:00,25496.0,22922.381210830357,aug_2025
2025-08-20 11:00:00,25361.0,22561.230737102385,aug_2025
2025-08-20 12:00:00,25448.5,22383.077946028054,aug_2025
2025-08-20 13:00:00,24686.5,22011.89690645473,aug_2025
2025-08-20 14:00:00,24169.5,21971.00264368468,aug_2025
2025-08-20 15:00:00,24060.5,22259.023405200965,aug_2025
2025-08-20 16:00:00,24450.0,23370.859417854324,aug_2025
2025-08-20 17:00:00,26432.5,25380.158816463718,aug_2025
2025-08-20 18:00:00,27332.5,26763.710683098216,aug_2025
2025-08-20 19:00:00,27606.5,27143.309550507234,aug_2025
2025-08-20 20:00:00,28196.0,27076.42596200955,aug_2025
2025-08-20 21:00:00,27255.0,26576.30666248964,aug_2025
2025-08-20 22:00:00,24654.5,24634.69983716029,aug_2025
2025-08-20 23:00:00,22350.0,22391.571082603703,aug_2025
2025-08-21 00:00:00,21342.0,21215.675408990803,aug_2025
2025-08-21 01:00:00,20597.0,20476.439142640655,aug_2025
2025-08-21 02:00:00,19751.5,19784.65711157749,aug_2025
2025-08-21 03:00:00,19077.5,19077.754591236884,aug_2025
2025-08-21 04:00:00,18807.5,18794.048585029574,aug_2025
2025-08-21 05:00:00,19221.0,18972.75185934706,aug_2025
2025-08-21 06:00:00,21356.0,20501.382097635927,aug_2025
2025-08-21 07:00:00,24266.5,22476.83113394027,aug_2025
2025-08-21 08:00:00,25951.5,23639.388120336847,aug_2025
2025-08-21 09:00:00,25565.5,23470.472671391184,aug_2025
2025-08-21 10:00:00,24418.0,22867.72110877058,aug_2025
2025-08-21 11:00:00,24268.5,22430.709748687535,aug_2025
2025-08-21 12:00:00,24275.0,22178.80097475741,aug_2025
2025-08-21 13:00:00,23747.0,21755.427861789856,aug_2025
2025-08-21 14:00:00,23154.5,21584.5288109633,aug_2025
2025-08-21 15:00:00,23314.5,21819.832956659975,aug_2025
2025-08-21 16:00:00,24085.0,22774.17864169915,aug_2025
2025-08-21 17:00:00,26351.0,24645.82405243574,aug_2025
2025-08-21 18:00:00,27648.0,25899.311140172027,aug_2025
2025-08-21 19:00:00,28158.0,26197.735867782558,aug_2025
2025-08-21 20:00:00,28030.0,26146.25783221388,aug_2025
2025-08-21 21:00:00,27153.5,25512.395228083427,aug_2025
2025-08-21 22:00:00,25014.5,23518.572404862905,aug_2025
2025-08-21 23:00:00,22579.0,21375.415957726196,aug_2025
2025-08-22 00:00:00,21816.5,21324.95049534384,aug_2025
2025-08-22 01:00:00,20908.0,20503.716812969586,aug_2025
2025-08-22 02:00:00,20087.5,19815.01730282667,aug_2025
2025-08-22 03:00:00,19544.5,19138.76142340777,aug_2025
2025-08-22 04:00:00,19184.0,18886.756610554054,aug_2025
2025-08-22 05:00:00,19323.0,19075.672989449406,aug_2025
2025-08-22 06:00:00,21340.0,20624.742160281552,aug_2025
2025-08-22 07:00:00,23641.0,22645.67494320268,aug_2025
2025-08-22 08:00:00,24990.0,23780.756657980633,aug_2025
2025-08-22 09:00:00,24900.0,23495.35580725407,aug_2025
2025-08-22 10:00:00,24113.5,22786.198788864003,aug_2025
2025-08-22 11:00:00,22691.0,22340.151954800032,aug_2025
2025-08-22 12:00:00,22483.0,22073.133306067477,aug_2025
2025-08-22 13:00:00,22065.5,21557.55978331128,aug_2025
2025-08-22 14:00:00,21202.5,21256.11220727745,aug_2025
2025-08-22 15:00:00,21332.5,21468.67517237881,aug_2025
2025-08-22 16:00:00,22729.0,22368.80271994316,aug_2025
2025-08-22 17:00:00,25005.5,24249.554718682564,aug_2025
2025-08-22 18:00:00,26649.5,25491.584027976765,aug_2025
2025-08-22 19:00:00,26924.0,25835.737451865116,aug_2025
2025-08-22 20:00:00,27090.0,25770.141750496892,aug_2025
2025-08-22 21:00:00,26013.0,25118.68621827529,aug_2025
2025-08-22 22:00:00,23989.5,23212.668878904784,aug_2025
2025-08-22 23:00:00,22211.5,21070.27344537671,aug_2025
2025-08-23 00:00:00,21029.0,21385.643212327854,aug_2025
2025-08-23 01:00:00,20336.0,20694.41836036326,aug_2025
2025-08-23 02:00:00,19586.5,19899.126442469318,aug_2025
2025-08-23 03:00:00,18903.0,19203.029223744037,aug_2025
2025-08-23 04:00:00,18570.0,18864.071642311887,aug_2025
2025-08-23 05:00:00,18414.5,19025.33850895896,aug_2025
2025-08-23 06:00:00,19190.0,20620.27834079691,aug_2025
2025-08-23 07:00:00,20835.0,22729.592980624024,aug_2025
2025-08-23 08:00:00,21466.5,23954.070132702094,aug_2025
2025-08-23 09:00:00,21240.5,23779.275172997004,aug_2025
2025-08-23 10:00:00,20108.0,23101.852433341497,aug_2025
2025-08-23 11:00:00,20068.5,22524.950312100777,aug_2025
2025-08-23 12:00:00,20528.5,22266.140683977024,aug_2025
2025-08-23 13:00:00,20817.0,21881.628316950057,aug_2025
2025-08-23 14:00:00,20964.0,21635.71622722498,aug_2025
2025-08-23 15:00:00,21377.0,21889.232502997886,aug_2025
2025-08-23 16:00:00,22486.5,22947.04041301897,aug_2025
2025-08-23 17:00:00,24500.0,24921.271456988285,aug_2025
2025-08-23 18:00:00,25245.0,26219.07373699218,aug_2025
2025-08-23 19:00:00,24875.5,26544.17650175486,aug_2025
2025-08-23 20:00:00,24948.0,26544.55742047413,aug_2025
2025-08-23 21:00:00,24517.5,25863.456400979412,aug_2025
2025-08-23 22:00:00,23036.5,23921.602746665583,aug_2025
2025-08-23 23:00:00,21397.5,21820.862237008412,aug_2025
2025-08-24 00:00:00,20067.5,20569.52899010621,aug_2025
2025-08-24 01:00:00,19317.0,19873.644996038085,aug_2025
2025-08-24 02:00:00,18577.5,19053.94545376172,aug_2025
2025-08-24 03:00:00,18030.0,18403.414551261383,aug_2025
2025-08-24 04:00:00,17621.49,18147.669348166004,aug_2025
2025-08-24 05:00:00,17621.49,18338.689466792213,aug_2025
2025-08-24 06:00:00,17793.0,19828.05041213558,aug_2025
2025-08-24 07:00:00,18763.5,21838.401923313406,aug_2025
2025-08-24 08:00:00,19575.5,22963.600592881492,aug_2025
2025-08-24 09:00:00,19553.5,22774.337723416542,aug_2025
2025-08-24 10:00:00,18746.5,22024.153256062687,aug_2025
2025-08-24 11:00:00,18124.5,21537.606600558676,aug_2025
2025-08-24 12:00:00,17826.0,21419.2181953505,aug_2025
2025-08-24 13:00:00,18124.5,21085.808804756216,aug_2025
2025-08-24 14:00:00,18579.0,20940.287535156258,aug_2025
2025-08-24 15:00:00,19418.5,21247.257555883203,aug_2025
2025-08-24 16:00:00,21385.0,22301.43134757312,aug_2025
2025-08-24 17:00:00,23600.0,24289.75123087276,aug_2025
2025-08-24 18:00:00,24803.0,25574.102475849868,aug_2025
2025-08-24 19:00:00,24956.5,25906.53727487405,aug_2025
2025-08-24 20:00:00,24987.5,25998.986106772394,aug_2025
2025-08-24 21:00:00,23986.5,25482.963545082588,aug_2025
2025-08-24 22:00:00,22235.5,23697.17536558247,aug_2025
2025-08-24 23:00:00,20523.0,21733.561506392543,aug_2025
2025-08-25 00:00:00,19630.0,19617.44481491165,aug_2025
2025-08-25 01:00:00,18996.5,19073.6629362697,aug_2025
2025-08-25 02:00:00,18522.5,18595.98567900899,aug_2025
2025-08-25 03:00:00,17694.5,18068.017288106552,aug_2025
2025-08-25 04:00:00,17621.49,17844.882684531498,aug_2025
2025-08-25 05:00:00,17621.49,18024.01008901529,aug_2025
2025-08-25 06:00:00,17671.5,19357.48729213844,aug_2025
2025-08-25 07:00:00,19416.5,21208.867546070094,aug_2025
2025-08-25 08:00:00,19607.5,22217.4318986367,aug_2025
2025-08-25 09:00:00,18457.5,21991.07254210753,aug_2025
2025-08-25 10:00:00,17621.49,21197.659306863625,aug_2025
2025-08-25 11:00:00,17621.49,20703.319956366082,aug_2025
2025-08-25 12:00:00,17621.49,20548.08943621426,aug_2025
2025-08-25 13:00:00,17621.49,20414.11058748815,aug_2025
2025-08-25 14:00:00,17621.49,20335.38706449239,aug_2025
2025-08-25 15:00:00,17621.49,20719.71602835526,aug_2025
2025-08-25 16:00:00,17621.49,21882.75528110882,aug_2025
2025-08-25 17:00:00,21077.0,23862.37650131587,aug_2025
2025-08-25 18:00:00,24068.0,25144.020421486497,aug_2025
2025-08-25 19:00:00,25358.0,25496.336275071953,aug_2025
2025-08-25 20:00:00,25339.5,25622.626539308123,aug_2025
2025-08-25 21:00:00,24312.0,25024.65684143095,aug_2025
2025-08-25 22:00:00,22199.0,23249.719629075025,aug_2025
2025-08-25 23:00:00,20523.5,21332.931675968914,aug_2025
2025-08-26 00:00:00,19537.5,19816.773202352997,aug_2025
2025-08-26 01:00:00,19258.5,19270.991445447296,aug_2025
2025-08-26 02:00:00,18868.5,18707.909157219132,aug_2025
2025-08-26 03:00:00,18017.5,18146.631010191548,aug_2025
2025-08-26 04:00:00,17789.5,17906.658594972712,aug_2025
2025-08-26 05:00:00,17993.5,18062.5486242192,aug_2025
2025-08-26 06:00:00,20543.0,19263.37961428067,aug_2025
2025-08-26 07:00:00,23611.0,21256.831838585378,aug_2025
2025-08-26 08:00:00,25481.5,22389.88498036494,aug_2025
2025-08-26 09:00:00,24910.0,22242.105019503277,aug_2025
2025-08-26 10:00:00,23545.0,21586.10459178204,aug_2025
2025-08-26 11:00:00,22366.0,21230.839891792464,aug_2025
2025-08-26 12:00:00,22239.5,21242.6424010416,aug_2025
2025-08-26 13:00:00,21419.5,21089.001611078143,aug_2025
2025-08-26 14:00:00,21110.5,21068.850526283768,aug_2025
2025-08-26 15:00:00,21703.5,21435.93282456919,aug_2025
2025-08-26 16:00:00,22799.0,22529.232186018988,aug_2025
2025-08-26 17:00:00,24840.0,24908.005748077736,aug_2025
2025-08-26 18:00:00,26534.0,26543.123246965915,aug_2025
2025-08-26 19:00:00,26816.0,27056.252637161902,aug_2025
2025-08-26 20:00:00,27563.5,27182.13801019696,aug_2025
2025-08-26 21:00:00,26304.5,26500.700362012813,aug_2025
2025-08-26 22:00:00,24640.5,24553.181272573318,aug_2025
2025-08-26 23:00:00,22587.0,22510.809148720713,aug_2025
2025-08-27 00:00:00,20791.0,21453.937530918287,aug_2025
2025-08-27 01:00:00,20460.5,20750.324897954437,aug_2025
2025-08-27 02:00:00,19838.5,20027.019827614447,aug_2025
2025-08-27 03:00:00,19123.5,19323.991000003614,aug_2025
2025-08-27 04:00:00,18717.5,19059.303311918196,aug_2025
2025-08-27 05:00:00,19231.0,19223.287985658957,aug_2025
2025-08-27 06:00:00,20901.5,20605.52257477025,aug_2025
2025-08-27 07:00:00,22829.0,22679.20442021112,aug_2025
2025-08-27 08:00:00,24530.5,23794.417372467156,aug_2025
2025-08-27 09:00:00,24480.5,23472.963367916556,aug_2025
2025-08-27 10:00:00,23782.5,22592.296249912517,aug_2025
2025-08-27 11:00:00,23695.0,22148.595385954643,aug_2025
2025-08-27 12:00:00,23659.0,22142.63001838016,aug_2025
2025-08-27 13:00:00,23216.5,21857.74479210659,aug_2025
2025-08-27 14:00:00,22594.0,21802.05378118994,aug_2025
2025-08-27 15:00:00,22756.0,22144.48256192087,aug_2025
2025-08-27 16:00:00,23946.0,23246.491776911014,aug_2025
2025-08-27 17:00:00,25846.0,25553.9821595959,aug_2025
2025-08-27 18:00:00,27341.0,27138.99553771468,aug_2025
2025-08-27 19:00:00,27615.5,27537.103658081964,aug_2025
2025-08-27 20:00:00,27142.5,27674.68350813123,aug_2025
2025-08-27 21:00:00,26589.0,26856.1223701016,aug_2025
2025-08-27 22:00:00,24825.5,24837.8947967004,aug_2025
2025-08-27 23:00:00,22235.5,22698.907687195122,aug_2025
2025-08-28 00:00:00,20989.0,20705.89383745421,aug_2025
2025-08-28 01:00:00,20138.0,19883.117092329547,aug_2025
2025-08-28 02:00:00,19327.5,19175.186582998314,aug_2025
2025-08-28 03:00:00,18818.0,18504.850590105558,aug_2025
2025-08-28 04:00:00,18465.5,18233.17125009063,aug_2025
2025-08-28 05:00:00,19043.0,18387.29692676928,aug_2025
2025-08-28 06:00:00,20931.5,19702.596852131566,aug_2025
2025-08-28 07:00:00,23009.5,21640.82344516852,aug_2025
2025-08-28 08:00:00,23611.0,22694.683290417128,aug_2025
2025-08-28 09:00:00,23329.0,22398.246261853987,aug_2025
2025-08-28 10:00:00,22641.0,21566.61658662016,aug_2025
2025-08-28 11:00:00,22119.0,21123.902785789192,aug_2025
2025-08-28 12:00:00,22237.5,20996.561318295728,aug_2025
2025-08-28 13:00:00,22067.0,20714.384029886485,aug_2025
2025-08-28 14:00:00,22255.0,20571.275986755198,aug_2025
2025-08-28 15:00:00,22633.0,20936.443099369826,aug_2025
2025-08-28 16:00:00,24108.5,21851.503327412796,aug_2025
2025-08-28 17:00:00,25949.5,24013.04415640829,aug_2025
2025-08-28 18:00:00,27452.0,25495.085531692475,aug_2025
2025-08-28 19:00:00,27630.0,25773.05411555501,aug_2025
2025-08-28 20:00:00,27598.5,25744.990044564704,aug_2025
2025-08-28 21:00:00,26204.0,24890.26588933347,aug_2025
2025-08-28 22:00:00,24263.5,22981.45181863045,aug_2025
2025-08-28 23:00:00,21634.0,20919.738454480324,aug_2025
2025-08-29 00:00:00,20775.5,20106.186022492948,aug_2025
2025-08-29 01:00:00,20238.5,19266.273874969094,aug_2025
2025-08-29 02:00:00,19729.0,18554.341523421488,aug_2025
2025-08-29 03:00:00,19043.5,17903.62811980188,aug_2025
2025-08-29 04:00:00,18567.0,17622.944114209036,aug_2025
2025-08-29 05:00:00,18957.5,17807.387108161955,aug_2025
2025-08-29 06:00:00,21111.5,19133.703375933375,aug_2025
2025-08-29 07:00:00,23670.5,21027.65152602772,aug_2025
2025-08-29 08:00:00,25772.0,22052.076690557602,aug_2025
2025-08-29 09:00:00,25887.5,21778.905182843693,aug_2025
2025-08-29 10:00:00,25026.5,21002.26367196734,aug_2025
2025-08-29 11:00:00,24535.0,20514.76042619664,aug_2025
2025-08-29 12:00:00,23874.5,20383.411291815162,aug_2025
2025-08-29 13:00:00,22719.5,20110.758425855725,aug_2025
2025-08-29 14:00:00,22347.0,19914.034566652583,aug_2025
2025-08-29 15:00:00,21969.0,20205.431147110536,aug_2025
2025-08-29 16:00:00,22454.5,21144.425818304986,aug_2025
2025-08-29 17:00:00,24575.0,23099.57663710531,aug_2025
2025-08-29 18:00:00,25547.0,24491.694338319387,aug_2025
2025-08-29 19:00:00,26326.0,24802.456306090768,aug_2025
2025-08-29 20:00:00,26292.0,24777.421631660123,aug_2025
2025-08-29 21:00:00,24983.5,23913.40494023708,aug_2025
2025-08-29 22:00:00,23494.5,22112.092461311022,aug_2025
2025-08-29 23:00:00,21531.5,20097.53063275448,aug_2025
2025-08-30 00:00:00,20558.5,20426.16382018816,aug_2025
2025-08-30 01:00:00,19281.5,19708.965479985534,aug_2025
2025-08-30 02:00:00,18574.0,18904.036966392207,aug_2025
2025-08-30 03:00:00,18136.0,18194.324856335053,aug_2025
2025-08-30 04:00:00,17774.5,17879.421583168216,aug_2025
2025-08-30 05:00:00,18109.0,18104.752342746706,aug_2025
2025-08-30 06:00:00,18688.5,19539.190763940347,aug_2025
2025-08-30 07:00:00,19918.0,21525.574160142485,aug_2025
2025-08-30 08:00:00,20170.0,22651.231974049195,aug_2025
2025-08-30 09:00:00,19993.5,22432.028336094,aug_2025
2025-08-30 10:00:00,19333.0,21637.546186874715,aug_2025
2025-08-30 11:00:00,19333.5,21160.388371619658,aug_2025
2025-08-30 12:00:00,20062.5,21016.08471394488,aug_2025
2025-08-30 13:00:00,20343.0,20671.657041084793,aug_2025
2025-08-30 14:00:00,20534.5,20393.053491406237,aug_2025
2025-08-30 15:00:00,21158.5,20727.774962962387,aug_2025
2025-08-30 16:00:00,22693.0,21764.05996074979,aug_2025
2025-08-30 17:00:00,24164.5,23823.076822699764,aug_2025
2025-08-30 18:00:00,24468.5,25187.106431764183,aug_2025
2025-08-30 19:00:00,24185.5,25456.973605153624,aug_2025
2025-08-30 20:00:00,23571.5,25316.621403788824,aug_2025
2025-08-30 21:00:00,21955.0,24378.675158469632,aug_2025
2025-08-30 22:00:00,20388.0,22586.997322202107,aug_2025
2025-08-30 23:00:00,19140.0,20625.83178284089,aug_2025
2025-08-31 00:00:00,18003.5,18576.695356046286,aug_2025
2025-08-31 01:00:00,17621.49,18128.598729723886,aug_2025
2025-08-31 02:00:00,17621.49,17589.53999082131,aug_2025
2025-08-31 03:00:00,17621.49,16977.792879884873,aug_2025
2025-08-31 04:00:00,17621.49,16676.086332364623,aug_2025
2025-08-31 05:00:00,17621.49,16884.125593320303,aug_2025
2025-08-31 06:00:00,17621.49,18146.386712859552,aug_2025
2025-08-31 07:00:00,17621.49,19957.80725248881,aug_2025
2025-08-31 08:00:00,17621.49,20944.56585543208,aug_2025
2025-08-31 09:00:00,17621.49,20757.79286670745,aug_2025
2025-08-31 10:00:00,17621.49,20056.320753916876,aug_2025
2025-08-31 11:00:00,17621.49,19759.615050483924,aug_2025
2025-08-31 12:00:00,17621.49,19775.177650300822,aug_2025
2025-08-31 13:00:00,17621.49,19528.640917290897,aug_2025
2025-08-31 14:00:00,17621.49,19481.835273082626,aug_2025
2025-08-31 15:00:00,17621.49,19786.200071167652,aug_2025
2025-08-31 16:00:00,19157.0,20884.947091862097,aug_2025
2025-08-31 17:00:00,21848.5,22761.49812640018,aug_2025
2025-08-31 18:00:00,23590.5,24162.772068776187,aug_2025
2025-08-31 19:00:00,24557.5,24514.903412409883,aug_2025
2025-08-31 20:00:00,24586.5,24509.07116929909,aug_2025
2025-08-31 21:00:00,23155.5,23618.839041446416,aug_2025
2025-08-31 22:00:00,20820.0,21960.966061782685,aug_2025
2025-08-31 23:00:00,18931.0,20099.4210625325,aug_2025
2025-11-01 00:00:00,21115.5,20194.832510813038,nov_2025
2025-11-01 01:00:00,20311.0,19556.69801330363,nov_2025
2025-11-01 02:00:00,19327.5,18890.481347876634,nov_2025
2025-11-01 03:00:00,18145.0,18214.861985998235,nov_2025
2025-11-01 04:00:00,17621.49,17916.06280984864,nov_2025
2025-11-01 05:00:00,17732.5,18449.796875380365,nov_2025
2025-11-01 06:00:00,19609.5,21170.87622315809,nov_2025
2025-11-01 07:00:00,22076.5,24163.642952229715,nov_2025
2025-11-01 08:00:00,23562.0,25849.591850168494,nov_2025
2025-11-01 09:00:00,23132.0,26268.899836400968,nov_2025
2025-11-01 10:00:00,21925.0,25903.130095198518,nov_2025
2025-11-01 11:00:00,21468.5,25725.24039284215,nov_2025
2025-11-01 12:00:00,21699.5,25836.823127082527,nov_2025
2025-11-01 13:00:00,23226.5,25883.68204295078,nov_2025
2025-11-01 14:00:00,25554.0,26010.008427371482,nov_2025
2025-11-01 15:00:00,27917.0,26716.372155795456,nov_2025
2025-11-01 16:00:00,30925.5,28397.80793671748,nov_2025
2025-11-01 17:00:00,33426.0,30441.87834793299,nov_2025
2025-11-01 18:00:00,32846.0,30898.081196053554,nov_2025
2025-11-01 19:00:00,31405.0,29944.8895879913,nov_2025
2025-11-01 20:00:00,29529.5,28099.636133591564,nov_2025
2025-11-01 21:00:00,27343.0,26003.9463958035,nov_2025
2025-11-01 22:00:00,25144.0,23424.34279200134,nov_2025
2025-11-01 23:00:00,23164.0,20991.039683662995,nov_2025
2025-11-02 00:00:00,23014.5,22634.48799486995,nov_2025
2025-11-02 01:00:00,21995.0,22207.73275799386,nov_2025
2025-11-02 02:00:00,20936.0,21436.37740038657,nov_2025
2025-11-02 03:00:00,20052.0,20525.409142507764,nov_2025
2025-11-02 04:00:00,19684.0,20120.648198340838,nov_2025
2025-11-02 05:00:00,19646.5,20592.587908523154,nov_2025
2025-11-02 06:00:00,20712.5,23507.55237070529,nov_2025
2025-11-02 07:00:00,22733.0,26696.000208550104,nov_2025
2025-11-02 08:00:00,24258.5,28633.029022786144,nov_2025
2025-11-02 09:00:00,23925.5,29020.99305550312,nov_2025
2025-11-02 10:00:00,23551.0,28405.804393994436,nov_2025
2025-11-02 11:00:00,23438.0,28043.711968478277,nov_2025
2025-11-02 12:00:00,24081.0,28203.363842310446,nov_2025
2025-11-02 13:00:00,24021.5,28464.656186869688,nov_2025
2025-11-02 14:00:00,25768.5,28909.089456944534,nov_2025
2025-11-02 15:00:00,28581.5,29862.67387629052,nov_2025
2025-11-02 16:00:00,32482.5,31849.75015579399,nov_2025
2025-11-02 17:00:00,35502.5,34171.522375893706,nov_2025
2025-11-02 18:00:00,34496.0,34658.306925949066,nov_2025
2025-11-02 19:00:00,32282.5,33578.48824664609,nov_2025
2025-11-02 20:00:00,30230.5,31574.96800199021,nov_2025
2025-11-02 21:00:00,27345.0,29246.197521162,nov_2025
2025-11-02 22:00:00,24420.5,26400.292003239225,nov_2025
2025-11-02 23:00:00,21874.0,23744.37951549454,nov_2025
2025-11-03 00:00:00,21436.0,21143.43576862693,nov_2025
2025-11-03 01:00:00,20935.0,20652.766384029022,nov_2025
2025-11-03 02:00:00,19612.5,19948.312462734346,nov_2025
2025-11-03 03:00:00,19025.5,19118.422915141004,nov_2025
2025-11-03 04:00:00,18721.5,18729.4166912048,nov_2025
2025-11-03 05:00:00,19388.5,19095.13446260474,nov_2025
2025-11-03 06:00:00,23061.5,21529.80564431847,nov_2025
2025-11-03 07:00:00,27336.5,24394.054330369516,nov_2025
2025-11-03 08:00:00,29717.5,26096.40869436232,nov_2025
2025-11-03 09:00:00,30082.5,26349.549892918,nov_2025
2025-11-03 10:00:00,29890.5,25934.585098950225,nov_2025
2025-11-03 11:00:00,29829.5,25792.35173129238,nov_2025
2025-11-03 12:00:00,30138.0,26114.486437906777,nov_2025
2025-11-03 13:00:00,30407.0,26422.142920719925,nov_2025
2025-11-03 14:00:00,30686.0,27072.18420055293,nov_2025
2025-11-03 15:00:00,31289.0,28251.533593354754,nov_2025
2025-11-03 16:00:00,33416.0,30415.824773772816,nov_2025
2025-11-03 17:00:00,35011.5,32629.34502461505,nov_2025
2025-11-03 18:00:00,34660.5,32775.87348627531,nov_2025
2025-11-03 19:00:00,32725.0,31572.471939273255,nov_2025
2025-11-03 20:00:00,30215.5,29627.547805371138,nov_2025
2025-11-03 21:00:00,26909.5,27423.852747108023,nov_2025
2025-11-03 22:00:00,24035.0,24763.28288371327,nov_2025
2025-11-03 23:00:00,21345.0,22295.80403270464,nov_2025
2025-11-04 00:00:00,21048.5,20594.659325852244,nov_2025
2025-11-04 01:00:00,20623.0,20222.837459929342,nov_2025
2025-11-04 02:00:00,19394.5,19560.82960356123,nov_2025
2025-11-04 03:00:00,18736.5,18923.117477408934,nov_2025
2025-11-04 04:00:00,18400.0,18678.257373547323,nov_2025
2025-11-04 05:00:00,19540.0,19167.911621094438,nov_2025
2025-11-04 06:00:00,23529.0,21853.4329913998,nov_2025
2025-11-04 07:00:00,28275.5,24902.2280192695,nov_2025
2025-11-04 08:00:00,30035.5,26737.78670313668,nov_2025
2025-11-04 09:00:00,30320.0,27084.324752556622,nov_2025
2025-11-04 10:00:00,30055.0,26702.88970621954,nov_2025
2025-11-04 11:00:00,30236.0,26570.020362346277,nov_2025
2025-11-04 12:00:00,30313.0,26935.572374676554,nov_2025
2025-11-04 13:00:00,30519.0,27304.481964707116,nov_2025
2025-11-04 14:00:00,30891.5,27909.05966829414,nov_2025
2025-11-04 15:00:00,31650.5,29043.519066316203,nov_2025
2025-11-04 16:00:00,34241.0,31185.230273244404,nov_2025
2025-11-04 17:00:00,36418.5,33416.02589049301,nov_2025
2025-11-04 18:00:00,36184.5,33600.00783338125,nov_2025
2025-11-04 19:00:00,34664.5,32316.51048205013,nov_2025
2025-11-04 20:00:00,32481.5,30248.96182325244,nov_2025
2025-11-04 21:00:00,29324.5,27810.628001438214,nov_2025
2025-11-04 22:00:00,26407.0,25059.101570968993,nov_2025
2025-11-04 23:00:00,24425.0,22468.407413262685,nov_2025
2025-11-05 00:00:00,23523.5,24187.951983047955,nov_2025
2025-11-05 01:00:00,22704.0,23887.99717830773,nov_2025
2025-11-05 02:00:00,21811.0,22957.834540689924,nov_2025
2025-11-05 03:00:00,20900.0,22059.091519261987,nov_2025
2025-11-05 04:00:00,20359.0,21633.17319113069,nov_2025
2025-11-05 05:00:00,21196.5,22169.310729026,nov_2025
2025-11-05 06:00:00,24980.5,25396.334347103897,nov_2025
2025-11-05 07:00:00,28936.5,29119.2973131745,nov_2025
2025-11-05 08:00:00,30649.0,31151.331201625482,nov_2025
2025-11-05 09:00:00,30918.0,31447.882191319663,nov_2025
2025-11-05 10:00:00,30095.0,30944.502015985967,nov_2025
2025-11-05 11:00:00,30200.5,30773.758270897313,nov_2025
2025-11-05 12:00:00,31100.0,30991.14760002816,nov_2025
2025-11-05 13:00:00,31199.0,31420.425001470227,nov_2025
2025-11-05 14:00:00,31436.5,32017.957475904426,nov_2025
2025-11-05 15:00:00,32870.0,33193.21366375963,nov_2025
2025-11-05 16:00:00,35324.5,35526.55148619673,nov_2025
2025-11-05 17:00:00,37080.5,37873.36045566262,nov_2025
2025-11-05 18:00:00,35957.0,37957.21484199861,nov_2025
2025-11-05 19:00:00,34026.0,36435.42790234279,nov_2025
2025-11-05 20:00:00,31977.5,34086.2864776283,nov_2025
2025-11-05 21:00:00,29268.0,31272.95308090642,nov_2025
2025-11-05 22:00:00,26318.5,28123.325431361205,nov_2025
2025-11-05 23:00:00,24147.0,25324.27412694266,nov_2025
2025-11-06 00:00:00,24062.0,23686.599255256948,nov_2025
2025-11-06 01:00:00,23017.5,23168.613912670793,nov_2025
2025-11-06 02:00:00,22187.5,22219.19884541797,nov_2025
2025-11-06 03:00:00,21378.5,21340.587211283837,nov_2025
2025-11-06 04:00:00,20510.0,20881.793333218455,nov_2025
2025-11-06 05:00:00,21334.5,21440.339407027255,nov_2025
2025-11-06 06:00:00,25656.0,24567.253913750843,nov_2025
2025-11-06 07:00:00,29265.5,28122.667966444056,nov_2025
2025-11-06 08:00:00,31776.0,30028.063235693964,nov_2025
2025-11-06 09:00:00,32554.0,30314.60072226828,nov_2025
2025-11-06 10:00:00,32345.5,29689.560623332683,nov_2025
2025-11-06 11:00:00,32149.5,29428.48083058239,nov_2025
2025-11-06 12:00:00,32014.0,29593.327218376126,nov_2025
2025-11-06 13:00:00,31674.5,29837.57272543671,nov_2025
2025-11-06 14:00:00,31682.5,30234.379881143308,nov_2025
2025-11-06 15:00:00,31932.0,31268.956267242887,nov_2025
2025-11-06 16:00:00,34640.5,33470.45894589776,nov_2025
2025-11-06 17:00:00,36691.0,35705.99814365019,nov_2025
2025-11-06 18:00:00,36587.5,35734.30943557159,nov_2025
2025-11-06 19:00:00,34693.0,34106.34690920657,nov_2025
2025-11-06 20:00:00,32509.0,31905.717592949284,nov_2025
2025-11-06 21:00:00,29763.0,29239.034254920072,nov_2025
2025-11-06 22:00:00,27020.5,26317.582465142903,nov_2025
2025-11-06 23:00:00,24778.5,23717.83873567609,nov_2025
2025-11-07 00:00:00,24191.5,24292.544133341657,nov_2025
2025-11-07 01:00:00,23557.5,23662.388443706976,nov_2025
2025-11-07 02:00:00,22157.0,22688.72558204484,nov_2025
2025-11-07 03:00:00,21067.5,21746.93683298542,nov_2025
2025-11-07 04:00:00,20695.5,21227.987822525032,nov_2025
2025-11-07 05:00:00,21307.5,21802.33796772862,nov_2025
2025-11-07 06:00:00,25001.0,25085.753936537414,nov_2025
2025-11-07 07:00:00,28982.5,28631.080581442264,nov_2025
2025-11-07 08:00:00,30529.5,30601.66584821895,nov_2025
2025-11-07 09:00:00,31438.0,30887.688958934614,nov_2025
2025-11-07 10:00:00,32119.0,30288.04417919578,nov_2025
2025-11-07 11:00:00,31741.5,29947.81385383898,nov_2025
2025-11-07 12:00:00,32078.0,30064.355711515487,nov_2025
2025-11-07 13:00:00,31982.0,30193.62012011781,nov_2025
2025-11-07 14:00:00,31917.5,30576.224356052116,nov_2025
2025-11-07 15:00:00,32420.0,31569.06396520239,nov_2025
2025-11-07 16:00:00,33618.5,33852.36516767447,nov_2025
2025-11-07 17:00:00,34928.5,36069.01697859329,nov_2025
2025-11-07 18:00:00,34922.5,36025.76717795822,nov_2025
2025-11-07 19:00:00,33726.5,34434.324715369796,nov_2025
2025-11-07 20:00:00,31431.5,32172.328416338652,nov_2025
2025-11-07 21:00:00,29130.5,29443.863127440796,nov_2025
2025-11-07 22:00:00,26722.0,26509.67763446699,nov_2025
2025-11-07 23:00:00,24617.0,23916.584921475565,nov_2025
2025-11-08 00:00:00,24079.0,24141.250948413814,nov_2025
2025-11-08 01:00:00,23335.0,23445.542226267407,nov_2025
2025-11-08 02:00:00,22048.5,22396.865214089394,nov_2025
2025-11-08 03:00:00,20660.5,21450.22316643605,nov_2025
2025-11-08 04:00:00,20135.5,20959.31487972662,nov_2025
2025-11-08 05:00:00,20003.0,21533.89226336429,nov_2025
2025-11-08 06:00:00,21832.0,24803.861900747946,nov_2025
2025-11-08 07:00:00,24229.0,28409.625824123912,nov_2025
2025-11-08 08:00:00,25880.0,30370.46341175082,nov_2025
2025-11-08 09:00:00,26015.5,30760.712838216044,nov_2025
2025-11-08 10:00:00,25438.5,30338.03521290821,nov_2025
2025-11-08 11:00:00,25184.0,30114.989088247647,nov_2025
2025-11-08 12:00:00,25644.5,30314.119463473056,nov_2025
2025-11-08 13:00:00,25812.0,30337.986547601933,nov_2025
2025-11-08 14:00:00,26285.0,30702.565505964747,nov_2025
2025-11-08 15:00:00,27739.0,31686.47471127698,nov_2025
2025-11-08 16:00:00,30807.5,33902.08518403928,nov_2025
2025-11-08 17:00:00,32899.5,36124.144199330614,nov_2025
2025-11-08 18:00:00,32839.0,36165.51548827445,nov_2025
2025-11-08 19:00:00,31386.5,34789.87210830616,nov_2025
2025-11-08 20:00:00,28722.0,32680.80045347109,nov_2025
2025-11-08 21:00:00,26840.5,30062.073762843702,nov_2025
2025-11-08 22:00:00,25083.0,27183.783418425795,nov_2025
2025-11-08 23:00:00,23254.0,24697.75879862305,nov_2025
2025-11-09 00:00:00,22793.0,22804.31706824377,nov_2025
2025-11-09 01:00:00,21915.0,22181.02681116251,nov_2025
2025-11-09 02:00:00,20834.5,21143.104537828996,nov_2025
2025-11-09 03:00:00,19724.0,20195.52651092131,nov_2025
2025-11-09 04:00:00,19288.0,19742.166360101473,nov_2025
2025-11-09 05:00:00,19282.0,20208.776264448185,nov_2025
2025-11-09 06:00:00,20323.5,23139.39143925364,nov_2025
2025-11-09 07:00:00,21796.0,26462.27362655499,nov_2025
2025-11-09 08:00:00,23322.5,28248.80345933152,nov_2025
2025-11-09 09:00:00,24444.5,28510.987058051167,nov_2025
2025-11-09 10:00:00,24983.5,28070.23806917028,nov_2025
2025-11-09 11:00:00,26197.5,27910.370924877647,nov_2025
2025-11-09 12:00:00,27969.5,28202.79511682963,nov_2025
2025-11-09 13:00:00,28800.5,28388.88400119241,nov_2025
2025-11-09 14:00:00,29460.5,28887.072335953657,nov_2025
2025-11-09 15:00:00,31291.5,29864.31818430833,nov_2025
2025-11-09 16:00:00,33779.5,32064.82912435771,nov_2025
2025-11-09 17:00:00,35115.0,34088.09643057028,nov_2025
2025-11-09 18:00:00,34009.0,34107.052447553295,nov_2025
2025-11-09 19:00:00,32595.0,32775.43192834022,nov_2025
2025-11-09 20:00:00,30718.0,30643.318962160767,nov_2025
2025-11-09 21:00:00,27901.5,28240.50361083742,nov_2025
2025-11-09 22:00:00,24895.5,25664.44576576933,nov_2025
2025-11-09 23:00:00,22407.5,23347.624248751516,nov_2025
2025-11-10 00:00:00,22035.5,21799.524473980797,nov_2025
2025-11-10 01:00:00,21504.5,21278.1777212107,nov_2025
2025-11-10 02:00:00,20617.0,20437.410431796357,nov_2025
2025-11-10 03:00:00,19684.5,19646.89252336192,nov_2025
2025-11-10 04:00:00,19620.0,19298.813446610686,nov_2025
2025-11-10 05:00:00,20530.5,19794.838918155172,nov_2025
2025-11-10 06:00:00,25051.5,22551.076387213365,nov_2025
2025-11-10 07:00:00,30078.0,25628.032880131017,nov_2025
2025-11-10 08:00:00,31762.0,27522.296184126055,nov_2025
2025-11-10 09:00:00,32358.5,28080.376713076927,nov_2025
2025-11-10 10:00:00,32662.5,27870.967433174974,nov_2025
2025-11-10 11:00:00,33040.0,27952.6627976677,nov_2025
2025-11-10 12:00:00,33417.0,28519.505950128296,nov_2025
2025-11-10 13:00:00,33194.0,28819.900040141903,nov_2025
2025-11-10 14:00:00,33572.0,29365.343789084887,nov_2025
2025-11-10 15:00:00,34594.5,30635.162537036365,nov_2025
2025-11-10 16:00:00,36645.0,33093.37586059206,nov_2025
2025-11-10 17:00:00,38609.5,35200.559673124095,nov_2025
2025-11-10 18:00:00,38297.5,35152.97031410556,nov_2025
2025-11-10 19:00:00,36993.0,33757.339505759446,nov_2025
2025-11-10 20:00:00,34230.5,31639.264673277125,nov_2025
2025-11-10 21:00:00,30927.0,29195.05641204301,nov_2025
2025-11-10 22:00:00,27221.5,26563.136440508857,nov_2025
2025-11-10 23:00:00,24595.0,24200.858626908936,nov_2025
2025-11-11 00:00:00,24346.5,24139.707531650594,nov_2025
2025-11-11 01:00:00,23910.0,23665.674122271423,nov_2025
2025-11-11 02:00:00,22817.0,22799.46949566483,nov_2025
2025-11-11 03:00:00,21633.0,21884.36940267663,nov_2025
2025-11-11 04:00:00,21590.5,21503.583995145487,nov_2025
2025-11-11 05:00:00,21933.5,22068.963022326963,nov_2025
2025-11-11 06:00:00,25846.5,25274.924907819965,nov_2025
2025-11-11 07:00:00,30011.5,28796.650894637736,nov_2025
2025-11-11 08:00:00,32329.0,30695.851075471484,nov_2025
2025-11-11 09:00:00,32963.5,31193.549594120614,nov_2025
2025-11-11 10:00:00,32250.5,30974.31094377221,nov_2025
2025-11-11 11:00:00,31983.0,31045.238563108727,nov_2025
2025-11-11 12:00:00,32428.5,31557.02856798148,nov_2025
2025-11-11 13:00:00,32662.5,31836.38243280147,nov_2025
2025-11-11 14:00:00,32766.5,32347.874803980263,nov_2025
2025-11-11 15:00:00,33442.0,33522.39130564429,nov_2025
2025-11-11 16:00:00,35006.0,35927.99103614985,nov_2025
2025-11-11 17:00:00,36322.5,37923.44594649911,nov_2025
2025-11-11 18:00:00,35638.0,37649.55468875941,nov_2025
2025-11-11 19:00:00,33876.0,36007.20750147199,nov_2025
2025-11-11 20:00:00,31351.5,33658.35084887881,nov_2025
2025-11-11 21:00:00,28609.0,30889.96594089087,nov_2025
2025-11-11 22:00:00,25510.5,27920.7154124059,nov_2025
2025-11-11 23:00:00,22906.0,25369.827556860902,nov_2025
2025-11-12 00:00:00,22692.0,22311.761103209334,nov_2025
2025-11-12 01:00:00,22500.5,21798.097129848502,nov_2025
2025-11-12 02:00:00,21510.0,20926.670276590048,nov_2025
2025-11-12 03:00:00,20868.5,20076.436327333584,nov_2025
2025-11-12 04:00:00,20307.5,19763.8060230815,nov_2025
2025-11-12 05:00:00,21298.0,20275.3695111997,nov_2025
2025-11-12 06:00:00,25567.0,23279.226795608207,nov_2025
2025-11-12 07:00:00,29868.5,26546.68435887947,nov_2025
2025-11-12 08:00:00,32089.5,28328.11064390125,nov_2025
2025-11-12 09:00:00,32613.5,28834.10209333894,nov_2025
2025-11-12 10:00:00,32566.5,28688.39138545385,nov_2025
2025-11-12 11:00:00,32765.0,28780.71065486817,nov_2025
2025-11-12 12:00:00,33042.5,29294.247595839417,nov_2025
2025-11-12 13:00:00,33316.5,29485.08260832831,nov_2025
2025-11-12 14:00:00,33315.5,29902.199532176168,nov_2025
2025-11-12 15:00:00,34261.5,30933.963631901206,nov_2025
2025-11-12 16:00:00,36748.5,33105.088331682535,nov_2025
2025-11-12 17:00:00,38415.0,34941.05987864684,nov_2025
2025-11-12 18:00:00,37896.0,34675.76545755205,nov_2025
2025-11-12 19:00:00,35667.5,33269.380556290394,nov_2025
2025-11-12 20:00:00,32893.0,31020.780246948616,nov_2025
2025-11-12 21:00:00,29679.0,28407.5153148217,nov_2025
2025-11-12 22:00:00,26313.0,25567.205213965386,nov_2025
2025-11-12 23:00:00,23359.5,23101.624354740026,nov_2025
2025-11-13 00:00:00,22316.0,22649.61056943118,nov_2025
2025-11-13 01:00:00,21654.5,22059.55749203472,nov_2025
2025-11-13 02:00:00,20766.5,21126.635772208767,nov_2025
2025-11-13 03:00:00,20079.0,20247.053474318138,nov_2025
2025-11-13 04:00:00,19877.5,19866.360717308635,nov_2025
2025-11-13 05:00:00,20530.5,20421.656817208877,nov_2025
2025-11-13 06:00:00,24930.0,23560.932436728053,nov_2025
2025-11-13 07:00:00,29264.5,26975.888174492175,nov_2025
2025-11-13 08:00:00,30397.0,28806.786217737226,nov_2025
2025-11-13 09:00:00,30510.5,29300.12265455428,nov_2025
2025-11-13 10:00:00,29171.0,29065.635636525585,nov_2025
2025-11-13 11:00:00,28922.5,29072.02937897699,nov_2025
2025-11-13 12:00:00,29613.0,29436.419877009543,nov_2025
2025-11-13 13:00:00,30632.0,29567.464207447098,nov_2025
2025-11-13 14:00:00,31310.0,29896.024434309005,nov_2025
2025-11-13 15:00:00,33677.0,30924.542586145693,nov_2025
2025-11-13 16:00:00,36348.5,32985.06894150775,nov_2025
2025-11-13 17:00:00,37484.5,34830.06990148084,nov_2025
2025-11-13 18:00:00,36632.0,34457.69512079148,nov_2025
2025-11-13 19:00:00,35851.0,32902.982847358755,nov_2025
2025-11-13 20:00:00,33117.0,30629.422988835737,nov_2025
2025-11-13 21:00:00,30068.0,27965.51584781534,nov_2025
2025-11-13 22:00:00,26391.5,25116.32368867244,nov_2025
2025-11-13 23:00:00,23886.5,22692.9967261852,nov_2025
2025-11-14 00:00:00,23494.0,23389.917560325615,nov_2025
2025-11-14 01:00:00,22752.5,22849.241118403457,nov_2025
2025-11-14 02:00:00,21419.5,21859.867062294856,nov_2025
2025-11-14 03:00:00,20253.5,20924.59481531301,nov_2025
2025-11-14 04:00:00,19783.0,20496.51240695239,nov_2025
2025-11-14 05:00:00,20631.0,20997.557653823347,nov_2025
2025-11-14 06:00:00,24360.5,24271.419710728263,nov_2025
2025-11-14 07:00:00,28895.5,27829.449326581223,nov_2025
2025-11-14 08:00:00,31583.5,29554.947540281686,nov_2025
2025-11-14 09:00:00,33111.5,29945.37230446504,nov_2025
2025-11-14 10:00:00,33123.0,29594.724821763495,nov_2025
2025-11-14 11:00:00,33601.5,29578.222702515595,nov_2025
2025-11-14 12:00:00,34222.0,30029.798096372037,nov_2025
2025-11-14 13:00:00,33623.0,30327.305870258206,nov_2025
2025-11-14 14:00:00,33117.0,30657.683551494534,nov_2025
2025-11-14 15:00:00,33472.0,31742.744823955574,nov_2025
2025-11-14 16:00:00,34710.5,33863.410550952925,nov_2025
2025-11-14 17:00:00,35487.0,35477.766765026725,nov_2025
2025-11-14 18:00:00,34640.0,34988.52098742821,nov_2025
2025-11-14 19:00:00,33065.0,33470.66960009939,nov_2025
2025-11-14 20:00:00,30600.5,31037.574535037755,nov_2025
2025-11-14 21:00:00,28147.5,28302.37661474215,nov_2025
2025-11-14 22:00:00,25527.5,25333.8505386515,nov_2025
2025-11-14 23:00:00,22914.5,22833.343303593923,nov_2025
2025-11-15 00:00:00,23095.5,22196.087624793396,nov_2025
2025-11-15 01:00:00,22450.0,21495.459180320948,nov_2025
2025-11-15 02:00:00,21577.5,20474.866379657396,nov_2025
2025-11-15 03:00:00,20821.5,19579.657667380838,nov_2025
2025-11-15 04:00:00,20418.5,19196.193231013054,nov_2025
2025-11-15 05:00:00,20484.5,19722.82072323017,nov_2025
2025-11-15 06:00:00,21934.5,22876.552298882332,nov_2025
2025-11-15 07:00:00,24457.5,26352.14707624534,nov_2025
2025-11-15 08:00:00,26974.0,28011.909114461723,nov_2025
2025-11-15 09:00:00,28433.0,28463.323785416662,nov_2025
2025-11-15 10:00:00,29427.0,28178.334882901603,nov_2025
2025-11-15 11:00:00,30425.5,28165.14315156244,nov_2025
2025-11-15 12:00:00,30853.0,28564.57779391837,nov_2025
2025-11-15 13:00:00,31222.5,28774.85077208356,nov_2025
2025-11-15 14:00:00,31419.0,28987.620172234194,nov_2025
2025-11-15 15:00:00,31648.0,29999.299939357617,nov_2025
2025-11-15 16:00:00,33193.5,32007.919815888716,nov_2025
2025-11-15 17:00:00,34473.5,33590.26965749175,nov_2025
2025-11-15 18:00:00,34024.0,33194.1376482107,nov_2025
2025-11-15 19:00:00,32726.0,31877.819501272115,nov_2025
2025-11-15 20:00:00,30756.0,29702.399569426427,nov_2025
2025-11-15 21:00:00,27920.0,27207.582648370044,nov_2025
2025-11-15 22:00:00,25693.0,24455.43395314251,nov_2025
2025-11-15 23:00:00,24047.5,22118.64155632969,nov_2025
2025-11-16 00:00:00,24176.0,24002.06509025645,nov_2025
2025-11-16 01:00:00,23226.5,23492.915785694888,nov_2025
2025-11-16 02:00:00,22281.5,22422.708301210652,nov_2025
2025-11-16 03:00:00,21281.5,21406.82203376795,nov_2025
2025-11-16 04:00:00,20437.5,20992.961368341304,nov_2025
2025-11-16 05:00:00,20382.5,21545.24830797272,nov_2025
2025-11-16 06:00:00,21442.0,24819.999397442007,nov_2025
2025-11-16 07:00:00,23305.5,28615.236271814993,nov_2025
2025-11-16 08:00:00,25800.0,30789.219706996602,nov_2025
2025-11-16 09:00:00,28200.0,31571.82020648164,nov_2025
2025-11-16 10:00:00,28994.0,31415.401515576905,nov_2025
2025-11-16 11:00:00,29457.5,31581.189068185253,nov_2025
2025-11-16 12:00:00,30489.5,32107.590709720374,nov_2025
2025-11-16 13:00:00,30717.5,32376.766775821736,nov_2025
2025-11-16 14:00:00,31174.5,32660.7351618539,nov_2025
2025-11-16 15:00:00,32717.0,33738.022607707026,nov_2025
2025-11-16 16:00:00,35743.0,36012.77582536106,nov_2025
2025-11-16 17:00:00,37742.5,37823.05544737774,nov_2025
2025-11-16 18:00:00,36654.0,37466.70981875072,nov_2025
2025-11-16 19:00:00,34725.5,36091.7662057804,nov_2025
2025-11-16 20:00:00,32226.5,33717.30174243361,nov_2025
2025-11-16 21:00:00,29725.0,30975.436922503657,nov_2025
2025-11-16 22:00:00,26685.5,28036.236022598157,nov_2025
2025-11-16 23:00:00,23705.5,25564.77144833311,nov_2025
2025-11-17 00:00:00,23746.0,23040.660378804572,nov_2025
2025-11-17 01:00:00,23307.0,22351.5348174211,nov_2025
2025-11-17 02:00:00,22392.5,21455.49901543255,nov_2025
2025-11-17 03:00:00,22145.5,20664.481612266933,nov_2025
2025-11-17 04:00:00,21525.0,20379.81349161208,nov_2025
2025-11-17 05:00:00,22583.0,20946.73694401204,nov_2025
2025-11-17 06:00:00,27072.5,23919.246720130144,nov_2025
2025-11-17 07:00:00,32715.0,27339.505836519453,nov_2025
2025-11-17 08:00:00,34993.5,29522.92844874456,nov_2025
2025-11-17 09:00:00,34640.5,30516.927903709206,nov_2025
2025-11-17 10:00:00,32912.5,30501.749941627324,nov_2025
2025-11-17 11:00:00,31743.0,30627.00992607832,nov_2025
2025-11-17 12:00:00,31851.5,31185.747309963423,nov_2025
2025-11-17 13:00:00,32573.5,31430.426784326053,nov_2025
2025-11-17 14:00:00,33717.5,31818.2787663955,nov_2025
2025-11-17 15:00:00,35922.5,32982.2853832915,nov_2025
2025-11-17 16:00:00,39405.5,35374.4765487054,nov_2025
2025-11-17 17:00:00,42210.0,37396.73320161518,nov_2025
2025-11-17 18:00:00,41548.5,37156.88411246377,nov_2025
2025-11-17 19:00:00,39840.5,35755.8169183634,nov_2025
2025-11-17 20:00:00,37664.0,33515.65726111711,nov_2025
2025-11-17 21:00:00,34910.5,30846.489790014024,nov_2025
2025-11-17 22:00:00,31433.0,27918.875580339354,nov_2025
2025-11-17 23:00:00,28552.5,25380.431868918273,nov_2025
2025-11-18 00:00:00,28375.0,28176.396103170115,nov_2025
2025-11-18 01:00:00,27744.0,27469.304019310443,nov_2025
2025-11-18 02:00:00,26345.5,26362.77286521006,nov_2025
2025-11-18 03:00:00,25498.5,25391.208023699925,nov_2025
2025-11-18 04:00:00,24738.5,24858.276565248845,nov_2025
2025-11-18 05:00:00,25628.5,25482.683006274907,nov_2025
2025-11-18 06:00:00,30054.0,29209.84319957451,nov_2025
2025-11-18 07:00:00,35172.5,33537.90742133725,nov_2025
2025-11-18 08:00:00,37741.5,36078.286815922635,nov_2025
2025-11-18 09:00:00,38101.5,36998.634386324266,nov_2025
2025-11-18 10:00:00,37775.0,36778.5677837308,nov_2025
2025-11-18 11:00:00,36672.0,36907.01760625848,nov_2025
2025-11-18 12:00:00,36578.0,37579.64490144415,nov_2025
2025-11-18 13:00:00,36937.5,37959.216621149404,nov_2025
2025-11-18 14:00:00,37080.0,38513.43161467594,nov_2025
2025-11-18 15:00:00,37600.0,39955.015201406866,nov_2025
2025-11-18 16:00:00,40681.0,42828.322351968694,nov_2025
2025-11-18 17:00:00,41468.5,44992.61978204066,nov_2025
2025-11-18 18:00:00,40709.5,44489.59483962048,nov_2025
2025-11-18 19:00:00,39218.0,42641.638799596134,nov_2025
2025-11-18 20:00:00,36744.5,39881.12074985699,nov_2025
2025-11-18 21:00:00,33351.0,36691.588187379835,nov_2025
2025-11-18 22:00:00,29930.5,33134.38936845893,nov_2025
2025-11-18 23:00:00,26325.0,30008.889335111762,nov_2025
2025-11-19 00:00:00,25823.5,25551.198004734713,nov_2025
2025-11-19 01:00:00,25746.0,24816.057188226572,nov_2025
2025-11-19 02:00:00,24476.5,23776.135960480733,nov_2025
2025-11-19 03:00:00,23196.5,22992.763190099507,nov_2025
2025-11-19 04:00:00,22824.5,22555.045164337327,nov_2025
2025-11-19 05:00:00,23579.5,23207.808541092636,nov_2025
2025-11-19 06:00:00,28090.5,26761.758118309186,nov_2025
2025-11-19 07:00:00,33365.0,30729.661179397233,nov_2025
2025-11-19 08:00:00,35692.0,33023.88825703378,nov_2025
2025-11-19 09:00:00,37322.0,33858.37146389268,nov_2025
2025-11-19 10:00:00,36646.5,33714.641565179634,nov_2025
2025-11-19 11:00:00,35820.5,33586.34484444323,nov_2025
2025-11-19 12:00:00,35551.5,34078.923784256076,nov_2025
2025-11-19 13:00:00,35711.0,34411.76207580747,nov_2025
2025-11-19 14:00:00,36521.0,34781.6365016135,nov_2025
2025-11-19 15:00:00,38473.5,35946.25558906375,nov_2025
2025-11-19 16:00:00,41309.0,38566.89857546427,nov_2025
2025-11-19 17:00:00,42383.0,40497.49617705422,nov_2025
2025-11-19 18:00:00,41854.5,39970.16982620272,nov_2025
2025-11-19 19:00:00,40722.5,38368.44189074006,nov_2025
2025-11-19 20:00:00,38663.5,35825.96678512687,nov_2025
2025-11-19 21:00:00,35420.0,32801.22929454859,nov_2025
2025-11-19 22:00:00,31711.0,29554.356537261927,nov_2025
2025-11-19 23:00:00,28857.5,26710.390617155834,nov_2025
2025-11-20 00:00:00,28248.0,28578.727917548462,nov_2025
2025-11-20 01:00:00,27241.5,27922.60365590226,nov_2025
2025-11-20 02:00:00,27132.5,26687.588922143408,nov_2025
2025-11-20 03:00:00,26248.5,25583.34651028739,nov_2025
2025-11-20 04:00:00,25481.0,25005.51884307015,nov_2025
2025-11-20 05:00:00,26164.0,25597.12174521955,nov_2025
2025-11-20 06:00:00,31164.5,29441.466862488465,nov_2025
2025-11-20 07:00:00,36131.5,33826.82793807952,nov_2025
2025-11-20 08:00:00,37817.5,36249.718015425606,nov_2025
2025-11-20 09:00:00,38352.0,37111.07397426129,nov_2025
2025-11-20 10:00:00,36952.0,36660.235614348494,nov_2025
2025-11-20 11:00:00,36777.5,36315.13704590841,nov_2025
2025-11-20 12:00:00,37277.5,36528.31392492173,nov_2025
2025-11-20 13:00:00,37728.0,36618.792556914406,nov_2025
2025-11-20 14:00:00,38265.0,36958.06293581144,nov_2025
2025-11-20 15:00:00,40357.0,38210.933726528354,nov_2025
2025-11-20 16:00:00,43077.5,40980.46414497298,nov_2025
2025-11-20 17:00:00,43615.0,42829.68525420636,nov_2025
2025-11-20 18:00:00,42885.0,42216.02584171058,nov_2025
2025-11-20 19:00:00,41967.0,40331.2276943914,nov_2025
2025-11-20 20:00:00,39813.0,37697.25616630723,nov_2025
2025-11-20 21:00:00,36169.5,34496.9695892468,nov_2025
2025-11-20 22:00:00,32977.0,31043.013113862817,nov_2025
2025-11-20 23:00:00,29219.0,28022.580986768364,nov_2025
2025-11-21 00:00:00,29467.5,28290.65923612514,nov_2025
2025-11-21 01:00:00,29242.5,27404.729363453076,nov_2025
2025-11-21 02:00:00,28387.0,26182.3392600471,nov_2025
2025-11-21 03:00:00,27122.5,25179.69019121115,nov_2025
2025-11-21 04:00:00,27002.5,24643.276535103232,nov_2025
2025-11-21 05:00:00,27738.0,25293.43287149064,nov_2025
2025-11-21 06:00:00,31812.0,29181.250369779027,nov_2025
2025-11-21 07:00:00,36449.0,33602.678954307055,nov_2025
2025-11-21 08:00:00,38862.5,35936.921923608475,nov_2025
2025-11-21 09:00:00,38716.5,36763.001895838795,nov_2025
2025-11-21 10:00:00,37546.0,36104.968514363885,nov_2025
2025-11-21 11:00:00,36046.0,35618.055192687316,nov_2025
2025-11-21 12:00:00,35605.5,35755.218324613896,nov_2025
2025-11-21 13:00:00,35647.5,35839.71853628596,nov_2025
2025-11-21 14:00:00,36626.0,36126.51645748081,nov_2025
2025-11-21 15:00:00,38381.0,37390.305076091674,nov_2025
2025-11-21 16:00:00,40826.0,40020.94536806038,nov_2025
2025-11-21 17:00:00,41819.0,41714.10692861335,nov_2025
2025-11-21 18:00:00,41413.5,40953.11363267157,nov_2025
2025-11-21 19:00:00,39775.0,39215.039271153764,nov_2025
2025-11-21 20:00:00,37177.0,36531.45056976702,nov_2025
2025-11-21 21:00:00,34279.5,33288.582970478885,nov_2025
2025-11-21 22:00:00,31061.0,29887.67775049522,nov_2025
2025-11-21 23:00:00,28249.5,26890.605062390798,nov_2025
2025-11-22 00:00:00,27750.5,27857.531167174802,nov_2025
2025-11-22 01:00:00,27051.5,27148.12810802502,nov_2025
2025-11-22 02:00:00,25979.5,25983.368524691658,nov_2025
2025-11-22 03:00:00,24959.0,24840.18119154896,nov_2025
2025-11-22 04:00:00,23713.0,24200.85406502074,nov_2025
2025-11-22 05:00:00,23299.5,24737.233113154194,nov_2025
2025-11-22 06:00:00,24972.5,28541.04774690619,nov_2025
2025-11-22 07:00:00,27827.0,32824.32557283451,nov_2025
2025-11-22 08:00:00,31511.0,35015.1021793914,nov_2025
2025-11-22 09:00:00,34111.5,35708.0466200013,nov_2025
2025-11-22 10:00:00,35304.0,35251.20480282278,nov_2025
2025-11-22 11:00:00,35640.5,35016.80617098107,nov_2025
2025-11-22 12:00:00,36044.5,35344.06377812505,nov_2025
2025-11-22 13:00:00,36283.0,35500.61454121559,nov_2025
2025-11-22 14:00:00,36078.0,35980.6831355057,nov_2025
2025-11-22 15:00:00,36714.5,37352.80268356899,nov_2025
2025-11-22 16:00:00,38440.5,39907.222408773545,nov_2025
2025-11-22 17:00:00,39552.0,41494.54642581419,nov_2025
2025-11-22 18:00:00,38196.0,40929.137060307265,nov_2025
2025-11-22 19:00:00,36571.0,39403.14537858718,nov_2025
2025-11-22 20:00:00,34561.5,36956.83972490253,nov_2025
2025-11-22 21:00:00,32327.0,33898.8524166274,nov_2025
2025-11-22 22:00:00,29717.5,30598.766164370216,nov_2025
2025-11-22 23:00:00,26567.0,27632.297037778524,nov_2025
2025-11-23 00:00:00,26460.5,25889.499230390087,nov_2025
2025-11-23 01:00:00,26136.5,25221.290537370038,nov_2025
2025-11-23 02:00:00,24954.5,24207.989915998172,nov_2025
2025-11-23 03:00:00,23829.5,23264.377763280638,nov_2025
2025-11-23 04:00:00,22836.0,22701.75149998908,nov_2025
2025-11-23 05:00:00,21636.0,23148.660033201853,nov_2025
2025-11-23 06:00:00,22909.0,26432.276381775006,nov_2025
2025-11-23 07:00:00,24497.5,30261.59291834845,nov_2025
2025-11-23 08:00:00,26565.0,32508.958157914138,nov_2025
2025-11-23 09:00:00,28408.5,33512.492210646604,nov_2025
2025-11-23 10:00:00,29094.5,33308.74652181032,nov_2025
2025-11-23 11:00:00,29372.0,33224.746568919276,nov_2025
2025-11-23 12:00:00,30104.0,33648.89749542872,nov_2025
2025-11-23 13:00:00,30940.0,34005.64748182967,nov_2025
2025-11-23 14:00:00,31750.5,34495.77111320486,nov_2025
2025-11-23 15:00:00,34310.5,35867.647640814124,nov_2025
2025-11-23 16:00:00,37387.0,38384.23720472629,nov_2025
2025-11-23 17:00:00,39048.5,39835.14512523383,nov_2025
2025-11-23 18:00:00,38129.0,39259.43823789078,nov_2025
2025-11-23 19:00:00,36744.5,37832.92620344864,nov_2025
2025-11-23 20:00:00,34215.0,35613.0602097378,nov_2025
2025-11-23 21:00:00,31111.0,32776.54157065392,nov_2025
2025-11-23 22:00:00,28329.0,29727.81491028511,nov_2025
2025-11-23 23:00:00,25673.5,26850.763397824154,nov_2025
2025-11-24 00:00:00,25551.5,25423.739226071935,nov_2025
2025-11-24 01:00:00,25187.5,24864.066889828708,nov_2025
2025-11-24 02:00:00,24281.0,23988.394973825405,nov_2025
2025-11-24 03:00:00,23304.5,23072.250664983563,nov_2025
2025-11-24 04:00:00,22898.0,22491.14052903063,nov_2025
2025-11-24 05:00:00,24239.5,22847.282360591926,nov_2025
2025-11-24 06:00:00,29056.0,26013.45400980561,nov_2025
2025-11-24 07:00:00,34391.5,29671.395605332676,nov_2025
2025-11-24 08:00:00,36726.0,32056.790227734797,nov_2025
2025-11-24 09:00:00,37627.5,33208.315159814505,nov_2025
2025-11-24 10:00:00,36943.5,33139.88951459307,nov_2025
2025-11-24 11:00:00,36777.0,33036.36084738387,nov_2025
2025-11-24 12:00:00,37099.0,33463.72971558642,nov_2025
2025-11-24 13:00:00,37061.5,33885.837725917714,nov_2025
2025-11-24 14:00:00,37846.0,34450.6135825504,nov_2025
2025-11-24 15:00:00,38818.0,36006.53684063449,nov_2025
2025-11-24 16:00:00,40742.0,38619.47323060206,nov_2025
2025-11-24 17:00:00,41778.5,40176.40047358397,nov_2025
2025-11-24 18:00:00,40541.0,39675.64205639196,nov_2025
2025-11-24 19:00:00,38944.0,38260.88500416799,nov_2025
2025-11-24 20:00:00,36377.0,35917.83340013026,nov_2025
2025-11-24 21:00:00,33499.5,33097.0292961861,nov_2025
2025-11-24 22:00:00,29994.5,30086.828367376114,nov_2025
2025-11-24 23:00:00,27049.0,27314.839843349528,nov_2025
2025-11-25 00:00:00,27022.5,26832.66203046329,nov_2025
2025-11-25 01:00:00,26505.5,26406.26688870001,nov_2025
2025-11-25 02:00:00,25709.0,25524.3555771204,nov_2025
2025-11-25 03:00:00,25095.0,24668.563937578176,nov_2025
2025-11-25 04:00:00,24629.0,24170.499262410485,nov_2025
2025-11-25 05:00:00,25809.0,24693.98166685101,nov_2025
2025-11-25 06:00:00,30184.0,28305.040474988804,nov_2025
2025-11-25 07:00:00,35846.0,32439.195323308097,nov_2025
2025-11-25 08:00:00,37956.0,35048.25204285292,nov_2025
2025-11-25 09:00:00,37741.5,36262.97081391764,nov_2025
2025-11-25 10:00:00,36043.5,36071.95440270445,nov_2025
2025-11-25 11:00:00,35001.0,35874.12599957015,nov_2025
2025-11-25 12:00:00,35193.0,36248.893293036235,nov_2025
2025-11-25 13:00:00,36187.0,36523.34873494416,nov_2025
2025-11-25 14:00:00,37042.5,37093.44922905671,nov_2025
2025-11-25 15:00:00,38567.0,38616.0436082475,nov_2025
2025-11-25 16:00:00,41424.5,41376.1343373411,nov_2025
2025-11-25 17:00:00,42632.0,43216.814696990405,nov_2025
2025-11-25 18:00:00,42543.5,42545.69655000881,nov_2025
2025-11-25 19:00:00,41174.0,41050.422267190814,nov_2025
2025-11-25 20:00:00,38974.0,38616.78350125955,nov_2025
2025-11-25 21:00:00,36051.5,35543.768427912706,nov_2025
2025-11-25 22:00:00,32667.5,32225.13501644042,nov_2025
2025-11-25 23:00:00,29787.5,29180.259896442505,nov_2025
2025-11-26 00:00:00,29735.0,29700.155102618322,nov_2025
2025-11-26 01:00:00,29274.5,29205.293690855262,nov_2025
2025-11-26 02:00:00,28490.5,28172.691898987934,nov_2025
2025-11-26 03:00:00,27531.5,27134.87252512464,nov_2025
2025-11-26 04:00:00,27090.5,26458.469519415106,nov_2025
2025-11-26 05:00:00,27679.0,27057.397340910506,nov_2025
2025-11-26 06:00:00,32352.5,30941.199779521376,nov_2025
2025-11-26 07:00:00,36918.5,35546.937205457514,nov_2025
2025-11-26 08:00:00,38466.0,38115.51255107635,nov_2025
2025-11-26 09:00:00,38593.0,39097.80741509195,nov_2025
2025-11-26 10:00:00,37322.5,38497.27798107499,nov_2025
2025-11-26 11:00:00,37059.5,38087.70628924356,nov_2025
2025-11-26 12:00:00,36626.0,38395.56545043287,nov_2025
2025-11-26 13:00:00,36829.5,38698.294295807114,nov_2025
2025-11-26 14:00:00,38010.5,39142.17004103829,nov_2025
2025-11-26 15:00:00,39325.5,40602.494259178806,nov_2025
2025-11-26 16:00:00,41479.5,43185.52285004787,nov_2025
2025-11-26 17:00:00,41673.0,44468.71460453781,nov_2025
2025-11-26 18:00:00,41107.5,43483.13476625286,nov_2025
2025-11-26 19:00:00,40220.5,41605.677208692665,nov_2025
2025-11-26 20:00:00,37746.0,38792.84175661487,nov_2025
2025-11-26 21:00:00,34115.0,35420.915160607554,nov_2025
2025-11-26 22:00:00,30105.0,31880.47666535228,nov_2025
2025-11-26 23:00:00,26672.0,28714.295213530004,nov_2025
2025-11-27 00:00:00,25559.0,26134.10853103124,nov_2025
2025-11-27 01:00:00,25380.5,25516.107639006234,nov_2025
2025-11-27 02:00:00,24446.5,24519.490461665995,nov_2025
2025-11-27 03:00:00,24009.0,23551.72678876257,nov_2025
2025-11-27 04:00:00,22820.0,22956.88306870714,nov_2025
2025-11-27 05:00:00,23786.0,23386.189085930255,nov_2025
2025-11-27 06:00:00,27295.0,26727.262836705944,nov_2025
2025-11-27 07:00:00,31597.5,30554.97428208317,nov_2025
2025-11-27 08:00:00,33772.0,32611.97512315379,nov_2025
2025-11-27 09:00:00,34548.5,33341.468005286704,nov_2025
2025-11-27 10:00:00,34123.5,32897.168795254474,nov_2025
2025-11-27 11:00:00,34105.0,32694.18485946718,nov_2025
2025-11-27 12:00:00,33956.0,32973.26421595901,nov_2025
2025-11-27 13:00:00,34118.0,33318.68131248856,nov_2025
2025-11-27 14:00:00,34160.0,33837.2271940999,nov_2025
2025-11-27 15:00:00,34454.0,35088.73307588327,nov_2025
2025-11-27 16:00:00,36532.5,37254.47951619595,nov_2025
2025-11-27 17:00:00,37534.0,38266.249190357514,nov_2025
2025-11-27 18:00:00,36565.5,37524.63267562034,nov_2025
2025-11-27 19:00:00,34684.5,36179.00894413553,nov_2025
2025-11-27 20:00:00,32725.0,33870.34896495848,nov_2025
2025-11-27 21:00:00,29721.0,31063.735082245545,nov_2025
2025-11-27 22:00:00,26435.0,28058.59526602797,nov_2025
2025-11-27 23:00:00,23563.0,25340.221913018893,nov_2025
2025-11-28 00:00:00,23315.5,23144.22808994237,nov_2025
2025-11-28 01:00:00,23358.5,22708.574277479365,nov_2025
2025-11-28 02:00:00,22473.5,21890.161632161973,nov_2025
2025-11-28 03:00:00,21389.0,21145.712014273453,nov_2025
2025-11-28 04:00:00,20682.0,20600.33408387235,nov_2025
2025-11-28 05:00:00,21585.0,21076.480348644996,nov_2025
2025-11-28 06:00:00,25733.5,24099.23753183635,nov_2025
2025-11-28 07:00:00,30408.5,27621.6042362443,nov_2025
2025-11-28 08:00:00,32278.5,29478.862644985107,nov_2025
2025-11-28 09:00:00,32215.5,30133.50486477085,nov_2025
2025-11-28 10:00:00,30840.5,29703.306942923333,nov_2025
2025-11-28 11:00:00,30186.0,29491.51803837216,nov_2025
2025-11-28 12:00:00,30779.0,29643.093366727877,nov_2025
2025-11-28 13:00:00,31216.5,29861.86024292652,nov_2025
2025-11-28 14:00:00,32004.5,30506.815912660437,nov_2025
2025-11-28 15:00:00,33259.0,31596.29024371624,nov_2025
2025-11-28 16:00:00,35854.5,33523.499105187,nov_2025
2025-11-28 17:00:00,36641.5,34420.64164110492,nov_2025
2025-11-28 18:00:00,35878.0,33695.9365097784,nov_2025
2025-11-28 19:00:00,34920.5,32355.7501142445,nov_2025
2025-11-28 20:00:00,32460.5,30319.633624116857,nov_2025
2025-11-28 21:00:00,30216.5,27729.116293125593,nov_2025
2025-11-28 22:00:00,27585.5,24966.584298330872,nov_2025
2025-11-28 23:00:00,25554.5,22423.309350807318,nov_2025
2025-11-29 00:00:00,25513.0,25590.377600429063,nov_2025
2025-11-29 01:00:00,25423.0,25165.487040709435,nov_2025
2025-11-29 02:00:00,24208.5,24156.247323538246,nov_2025
2025-11-29 03:00:00,23100.5,23152.4450679592,nov_2025
2025-11-29 04:00:00,22436.5,22467.566457393455,nov_2025
2025-11-29 05:00:00,22313.0,23054.65385333252,nov_2025
2025-11-29 06:00:00,24001.5,26532.53815497772,nov_2025
2025-11-29 07:00:00,26781.0,30542.993040906476,nov_2025
2025-11-29 08:00:00,29517.0,32707.60525638614,nov_2025
2025-11-29 09:00:00,31781.0,33412.959969568976,nov_2025
2025-11-29 10:00:00,32070.5,32995.05622616377,nov_2025
2025-11-29 11:00:00,32460.5,32871.17951951741,nov_2025
2025-11-29 12:00:00,32319.0,33207.81793854031,nov_2025
2025-11-29 13:00:00,31925.0,33583.61975501865,nov_2025
2025-11-29 14:00:00,31888.0,34106.16481057612,nov_2025
2025-11-29 15:00:00,32968.0,35334.502920601095,nov_2025
2025-11-29 16:00:00,34999.0,37759.46153473436,nov_2025
2025-11-29 17:00:00,36957.0,38916.570002900844,nov_2025
2025-11-29 18:00:00,35958.5,38139.94265429505,nov_2025
2025-11-29 19:00:00,33465.0,36775.24062164854,nov_2025
2025-11-29 20:00:00,32193.5,34501.451017170155,nov_2025
2025-11-29 21:00:00,29458.0,31702.383205021633,nov_2025
2025-11-29 22:00:00,26986.0,28599.764517765725,nov_2025
2025-11-29 23:00:00,24264.0,25885.32488780646,nov_2025
2025-11-30 00:00:00,24658.5,23824.854280715066,nov_2025
2025-11-30 01:00:00,24482.0,23347.14001067086,nov_2025
2025-11-30 02:00:00,23867.0,22471.38844683955,nov_2025
2025-11-30 03:00:00,22772.5,21647.337906227196,nov_2025
2025-11-30 04:00:00,21935.5,21100.5139591171,nov_2025
2025-11-30 05:00:00,21459.0,21597.227028511737,nov_2025
2025-11-30 06:00:00,22715.0,24661.03109887337,nov_2025
2025-11-30 07:00:00,24611.0,28320.545573968106,nov_2025
2025-11-30 08:00:00,27493.0,30417.71280903734,nov_2025
2025-11-30 09:00:00,29048.5,31321.919721794446,nov_2025
2025-11-30 10:00:00,29257.5,30940.174746318105,nov_2025
2025-11-30 11:00:00,29013.0,30717.3745117377,nov_2025
2025-11-30 12:00:00,29522.5,30902.266845455044,nov_2025
2025-11-30 13:00:00,30849.0,31084.499110047942,nov_2025
2025-11-30 14:00:00,32223.0,31505.653421458046,nov_2025
2025-11-30 15:00:00,35378.0,32684.55178646509,nov_2025
2025-11-30 16:00:00,38642.0,35002.93847856498,nov_2025
2025-11-30 17:00:00,40099.5,36324.83583188299,nov_2025
2025-11-30 18:00:00,38902.0,35737.40158164412,nov_2025
2025-11-30 19:00:00,36436.5,34331.53661988686,nov_2025
2025-11-30 20:00:00,33942.5,32297.893949425623,nov_2025
2025-11-30 21:00:00,30758.0,29583.86139100079,nov_2025
2025-11-30 22:00:00,27699.0,26661.905658531206,nov_2025
2025-11-30 23:00:00,24792.0,24101.601726605022,nov_2025
2026-02-01 00:00:00,26845.0,26649.013174297866,feb_2026
2026-02-01 01:00:00,26302.0,26180.522091481005,feb_2026
2026-02-01 02:00:00,25471.5,25075.05919459374,feb_2026
2026-02-01 03:00:00,24439.5,24120.377757473307,feb_2026
2026-02-01 04:00:00,23709.0,23552.64507092326,feb_2026
2026-02-01 05:00:00,23152.5,24001.3986592698,feb_2026
2026-02-01 06:00:00,23854.5,27165.25017415098,feb_2026
2026-02-01 07:00:00,25599.0,31059.981900559418,feb_2026
2026-02-01 08:00:00,28337.0,33566.17544545281,feb_2026
2026-02-01 09:00:00,30898.0,35061.49429500093,feb_2026
2026-02-01 10:00:00,32537.5,35141.94754228425,feb_2026
2026-02-01 11:00:00,33358.5,34899.45407413372,feb_2026
2026-02-01 12:00:00,34134.0,35052.05045422251,feb_2026
2026-02-01 13:00:00,34703.0,35160.74433889853,feb_2026
2026-02-01 14:00:00,34487.5,35170.17982232013,feb_2026
2026-02-01 15:00:00,35579.5,36014.490595116884,feb_2026
2026-02-01 16:00:00,37363.5,38003.736541882376,feb_2026
2026-02-01 17:00:00,39675.5,39923.070770792765,feb_2026
2026-02-01 18:00:00,39045.0,39514.64914153415,feb_2026
2026-02-01 19:00:00,37101.5,37985.873514002975,feb_2026
2026-02-01 20:00:00,34796.0,35937.034071428934,feb_2026
2026-02-01 21:00:00,32326.0,33096.67500421955,feb_2026
2026-02-01 22:00:00,29487.5,29958.549167516492,feb_2026
2026-02-01 23:00:00,26350.5,27430.1135415046,feb_2026
2026-02-02 00:00:00,26519.0,26134.697384026684,feb_2026
2026-02-02 01:00:00,26375.5,25456.09700565683,feb_2026
2026-02-02 02:00:00,25470.0,24581.0398092051,feb_2026
2026-02-02 03:00:00,24343.5,23736.223762886835,feb_2026
2026-02-02 04:00:00,23804.0,23268.517827407806,feb_2026
2026-02-02 05:00:00,24443.5,23645.37829277059,feb_2026
2026-02-02 06:00:00,28593.0,26511.29798547296,feb_2026
2026-02-02 07:00:00,33884.0,30048.028404986348,feb_2026
2026-02-02 08:00:00,36538.5,32569.88071570632,feb_2026
2026-02-02 09:00:00,37818.0,34214.54620657368,feb_2026
2026-02-02 10:00:00,37829.0,34438.80399527079,feb_2026
2026-02-02 11:00:00,37602.0,34313.2119862925,feb_2026
2026-02-02 12:00:00,37800.0,34612.31354820334,feb_2026
2026-02-02 13:00:00,37495.5,34840.9849964722,feb_2026
2026-02-02 14:00:00,37855.5,34885.79447706424,feb_2026
2026-02-02 15:00:00,37902.0,35863.58534780108,feb_2026
2026-02-02 16:00:00,39518.5,37885.23789325997,feb_2026
2026-02-02 17:00:00,41572.5,39803.86241578572,feb_2026
2026-02-02 18:00:00,40810.0,39286.17519204183,feb_2026
2026-02-02 19:00:00,38124.5,37749.40147250107,feb_2026
2026-02-02 20:00:00,35809.0,35653.59306209646,feb_2026
2026-02-02 21:00:00,31984.0,32844.65757150553,feb_2026
2026-02-02 22:00:00,28675.5,29762.242977679634,feb_2026
2026-02-02 23:00:00,25445.5,27115.078343546887,feb_2026
2026-02-03 00:00:00,25505.0,25280.07620088381,feb_2026
2026-02-03 01:00:00,25589.5,24957.703621739925,feb_2026
2026-02-03 02:00:00,24294.5,24150.240190844186,feb_2026
2026-02-03 03:00:00,23707.5,23315.614390009458,feb_2026
2026-02-03 04:00:00,22919.0,22838.125673172468,feb_2026
2026-02-03 05:00:00,23098.5,23215.03894033258,feb_2026
2026-02-03 06:00:00,27538.5,26165.89826973161,feb_2026
2026-02-03 07:00:00,33263.5,29935.07809410842,feb_2026
2026-02-03 08:00:00,36786.5,32497.4369248093,feb_2026
2026-02-03 09:00:00,38593.0,34106.58632844594,feb_2026
2026-02-03 10:00:00,39271.0,34466.373083319595,feb_2026
2026-02-03 11:00:00,39972.0,34521.981189921156,feb_2026
2026-02-03 12:00:00,40452.5,34977.198581067336,feb_2026
2026-02-03 13:00:00,40621.5,35250.99794469876,feb_2026
2026-02-03 14:00:00,40883.5,35426.119385819475,feb_2026
2026-02-03 15:00:00,41523.5,36286.1997639477,feb_2026
2026-02-03 16:00:00,42508.0,38173.022449374024,feb_2026
2026-02-03 17:00:00,43573.0,40022.50861928608,feb_2026
2026-02-03 18:00:00,43371.5,39352.541387094665,feb_2026
2026-02-03 19:00:00,41825.0,37635.66253571398,feb_2026
2026-02-03 20:00:00,39348.0,35477.267122916484,feb_2026
2026-02-03 21:00:00,35954.5,32550.75004669878,feb_2026
2026-02-03 22:00:00,32274.5,29408.581846207268,feb_2026
2026-02-03 23:00:00,29216.0,26669.37361412252,feb_2026
2026-02-04 00:00:00,29072.0,29381.235570033907,feb_2026
2026-02-04 01:00:00,28783.5,29146.58860203577,feb_2026
2026-02-04 02:00:00,27904.0,28029.398212685246,feb_2026
2026-02-04 03:00:00,26974.0,26962.429308570183,feb_2026
2026-02-04 04:00:00,25915.5,26247.57378347297,feb_2026
2026-02-04 05:00:00,26249.5,26564.477307064953,feb_2026
2026-02-04 06:00:00,30139.5,30043.0054677082,feb_2026
2026-02-04 07:00:00,35478.0,34451.17153892601,feb_2026
2026-02-04 08:00:00,37453.5,37351.43649806729,feb_2026
2026-02-04 09:00:00,38388.0,39062.62444875858,feb_2026
2026-02-04 10:00:00,37555.5,39247.63105474271,feb_2026
2026-02-04 11:00:00,36672.0,39127.71670003714,feb_2026
2026-02-04 12:00:00,36363.5,39344.17662771556,feb_2026
2026-02-04 13:00:00,35178.0,39295.44983548753,feb_2026
2026-02-04 14:00:00,34745.5,39284.84529902304,feb_2026
2026-02-04 15:00:00,35240.0,40038.628921904325,feb_2026
2026-02-04 16:00:00,38320.5,41905.73382185423,feb_2026
2026-02-04 17:00:00,41695.0,43749.94550811909,feb_2026
2026-02-04 18:00:00,41275.0,43096.64328205063,feb_2026
2026-02-04 19:00:00,39352.0,41155.916760716165,feb_2026
2026-02-04 20:00:00,36813.0,38675.88718550482,feb_2026
2026-02-04 21:00:00,32918.5,35385.23930331791,feb_2026
2026-02-04 22:00:00,28696.5,31894.13702079615,feb_2026
2026-02-04 23:00:00,25713.5,28842.769206264515,feb_2026
2026-02-05 00:00:00,25471.0,25805.65761567725,feb_2026
2026-02-05 01:00:00,25005.0,25559.56754758599,feb_2026
2026-02-05 02:00:00,24136.0,24651.101592192335,feb_2026
2026-02-05 03:00:00,23246.5,23734.007218653427,feb_2026
2026-02-05 04:00:00,22647.0,23036.205973266045,feb_2026
2026-02-05 05:00:00,23238.0,23287.361077928672,feb_2026
2026-02-05 06:00:00,26927.0,26353.792844300835,feb_2026
2026-02-05 07:00:00,32373.0,30231.142090861686,feb_2026
2026-02-05 08:00:00,34939.0,32627.323951268478,feb_2026
2026-02-05 09:00:00,37099.5,33984.10157229184,feb_2026
2026-02-05 10:00:00,37563.5,34100.54905171177,feb_2026
2026-02-05 11:00:00,37646.0,34002.84495965088,feb_2026
2026-02-05 12:00:00,37553.0,34242.99708856624,feb_2026
2026-02-05 13:00:00,37664.0,34198.49949170526,feb_2026
2026-02-05 14:00:00,37609.0,34145.78011091959,feb_2026
2026-02-05 15:00:00,38446.5,34753.35342070381,feb_2026
2026-02-05 16:00:00,39545.5,36445.6846184485,feb_2026
2026-02-05 17:00:00,40807.5,38135.56622705316,feb_2026
2026-02-05 18:00:00,40012.0,37468.22088847942,feb_2026
2026-02-05 19:00:00,38937.5,35677.86971316988,feb_2026
2026-02-05 20:00:00,35969.5,33434.47189012699,feb_2026
2026-02-05 21:00:00,32536.0,30452.550317601184,feb_2026
2026-02-05 22:00:00,28982.5,27282.584244073274,feb_2026
2026-02-05 23:00:00,26122.0,24641.235005623796,feb_2026
2026-02-06 00:00:00,26337.0,26093.606336145753,feb_2026
2026-02-06 01:00:00,25956.0,25800.137590327042,feb_2026
2026-02-06 02:00:00,25239.0,24794.497922259274,feb_2026
2026-02-06 03:00:00,24429.0,23822.034744708013,feb_2026
2026-02-06 04:00:00,23695.5,23117.29248660729,feb_2026
2026-02-06 05:00:00,24667.0,23378.15930948265,feb_2026
2026-02-06 06:00:00,28531.5,26461.236420600115,feb_2026
2026-02-06 07:00:00,33575.0,30501.495802380632,feb_2026
2026-02-06 08:00:00,36060.0,32857.443969470325,feb_2026
2026-02-06 09:00:00,37508.0,34266.95884264443,feb_2026
2026-02-06 10:00:00,37796.0,34338.851224146114,feb_2026
2026-02-06 11:00:00,37759.0,34172.488795260644,feb_2026
2026-02-06 12:00:00,37410.5,34289.06851360787,feb_2026
2026-02-06 13:00:00,37318.0,34163.0577237182,feb_2026
2026-02-06 14:00:00,36960.0,34100.88257532953,feb_2026
2026-02-06 15:00:00,36704.5,34742.98665618809,feb_2026
2026-02-06 16:00:00,38393.0,36286.08389397112,feb_2026
2026-02-06 17:00:00,40070.0,37905.45314804365,feb_2026
2026-02-06 18:00:00,40313.5,37263.00803983516,feb_2026
2026-02-06 19:00:00,38705.0,35568.786834801635,feb_2026
2026-02-06 20:00:00,35893.5,33332.834705428664,feb_2026
2026-02-06 21:00:00,32894.0,30375.96418485441,feb_2026
2026-02-06 22:00:00,29612.0,27249.2257523658,feb_2026
2026-02-06 23:00:00,27429.0,24620.54832002403,feb_2026
2026-02-07 00:00:00,27654.5,27869.37903077847,feb_2026
2026-02-07 01:00:00,27010.0,27621.76612319284,feb_2026
2026-02-07 02:00:00,25483.0,26550.040441212986,feb_2026
2026-02-07 03:00:00,24607.0,25466.334444692544,feb_2026
2026-02-07 04:00:00,23979.0,24676.056535163996,feb_2026
2026-02-07 05:00:00,23624.5,25037.026895945706,feb_2026
2026-02-07 06:00:00,24929.5,28434.569646461077,feb_2026
2026-02-07 07:00:00,27418.0,32852.72898609998,feb_2026
2026-02-07 08:00:00,30122.0,35445.61247408424,feb_2026
2026-02-07 09:00:00,32514.5,36946.54451442925,feb_2026
2026-02-07 10:00:00,33298.0,37069.3175064154,feb_2026
2026-02-07 11:00:00,34024.5,36929.72255630537,feb_2026
2026-02-07 12:00:00,34255.5,37006.38377265702,feb_2026
2026-02-07 13:00:00,33864.5,36917.00008949677,feb_2026
2026-02-07 14:00:00,33264.0,36767.103275064175,feb_2026
2026-02-07 15:00:00,33303.0,37314.38736135683,feb_2026
2026-02-07 16:00:00,34362.5,39082.78687227768,feb_2026
2026-02-07 17:00:00,36563.5,40868.725242307955,feb_2026
2026-02-07 18:00:00,36731.0,40376.489582440314,feb_2026
2026-02-07 19:00:00,35114.0,38625.10046411927,feb_2026
2026-02-07 20:00:00,33023.0,36210.227254216225,feb_2026
2026-02-07 21:00:00,30703.0,33134.56332342692,feb_2026
2026-02-07 22:00:00,27867.5,29799.436615559312,feb_2026
2026-02-07 23:00:00,25854.5,27053.412965029715,feb_2026
2026-02-08 00:00:00,26492.5,26259.182025281887,feb_2026
2026-02-08 01:00:00,25883.0,25950.605119559787,feb_2026
2026-02-08 02:00:00,24505.5,24929.45406049762,feb_2026
2026-02-08 03:00:00,23047.5,24035.71966759083,feb_2026
2026-02-08 04:00:00,22329.0,23401.404638807322,feb_2026
2026-02-08 05:00:00,21976.0,23753.435056877282,feb_2026
2026-02-08 06:00:00,22898.5,26838.213298055078,feb_2026
2026-02-08 07:00:00,24719.5,30866.44671869133,feb_2026
2026-02-08 08:00:00,26921.0,33471.43187472768,feb_2026
2026-02-08 09:00:00,29130.5,35175.46876118837,feb_2026
2026-02-08 10:00:00,30392.0,35385.43977702332,feb_2026
2026-02-08 11:00:00,31098.5,35349.93164851423,feb_2026
2026-02-08 12:00:00,32124.5,35415.23592517343,feb_2026
2026-02-08 13:00:00,32484.0,35297.57087369753,feb_2026
2026-02-08 14:00:00,32731.5,35192.11383483271,feb_2026
2026-02-08 15:00:00,33943.5,35864.83384693416,feb_2026
2026-02-08 16:00:00,35666.5,37697.245923575145,feb_2026
2026-02-08 17:00:00,37836.5,39625.06350512765,feb_2026
2026-02-08 18:00:00,37456.5,39394.45113160583,feb_2026
2026-02-08 19:00:00,36232.0,37875.59251693676,feb_2026
2026-02-08 20:00:00,33762.0,35642.39694682055,feb_2026
2026-02-08 21:00:00,30900.5,32748.58276382838,feb_2026
2026-02-08 22:00:00,28023.5,29581.540230872928,feb_2026
2026-02-08 23:00:00,25287.0,27007.81409497103,feb_2026
2026-02-09 00:00:00,25899.5,25320.229946421565,feb_2026
2026-02-09 01:00:00,25728.0,24913.085174022133,feb_2026
2026-02-09 02:00:00,25038.0,23982.771423751237,feb_2026
2026-02-09 03:00:00,24135.5,23146.847642533834,feb_2026
2026-02-09 04:00:00,23815.0,22595.515309988157,feb_2026
2026-02-09 05:00:00,24245.5,22898.66266603819,feb_2026
2026-02-09 06:00:00,28750.5,25677.610678758232,feb_2026
2026-02-09 07:00:00,33613.0,29345.470170894787,feb_2026
2026-02-09 08:00:00,36009.5,31831.999452858676,feb_2026
2026-02-09 09:00:00,36811.0,33593.2193322382,feb_2026
2026-02-09 10:00:00,36149.5,33985.330692183656,feb_2026
2026-02-09 11:00:00,35477.5,34116.70182092945,feb_2026
2026-02-09 12:00:00,34994.0,34382.24286144208,feb_2026
2026-02-09 13:00:00,35285.0,34404.26529886798,feb_2026
2026-02-09 14:00:00,35497.5,34359.058215972014,feb_2026
2026-02-09 15:00:00,35713.5,34967.58544210458,feb_2026
2026-02-09 16:00:00,37866.5,36670.15144463917,feb_2026
2026-02-09 17:00:00,40220.0,38695.787568190724,feb_2026
2026-02-09 18:00:00,40121.5,38518.585803203,feb_2026
2026-02-09 19:00:00,38081.0,37134.6090427242,feb_2026
2026-02-09 20:00:00,35498.0,34966.41307029712,feb_2026
2026-02-09 21:00:00,32548.5,32101.656599818063,feb_2026
2026-02-09 22:00:00,29117.0,28995.812578036795,feb_2026
2026-02-09 23:00:00,26518.0,26466.78493938091,feb_2026
2026-02-10 00:00:00,26663.0,26815.98832549993,feb_2026
2026-02-10 01:00:00,27004.0,26564.722761898527,feb_2026
2026-02-10 02:00:00,26100.0,25610.03099742858,feb_2026
2026-02-10 03:00:00,24942.0,24707.461626657023,feb_2026
2026-02-10 04:00:00,23947.0,24142.274870999685,feb_2026
2026-02-10 05:00:00,24798.5,24447.777222626835,feb_2026
2026-02-10 06:00:00,29017.0,27547.230516446867,feb_2026
2026-02-10 07:00:00,33476.0,31586.835820704207,feb_2026
2026-02-10 08:00:00,35648.0,34215.77685859138,feb_2026
2026-02-10 09:00:00,36810.0,35924.25379639024,feb_2026
2026-02-10 10:00:00,36804.5,36268.288125249965,feb_2026
2026-02-10 11:00:00,36669.5,36397.922549372175,feb_2026
2026-02-10 12:00:00,37130.5,36676.14337075107,feb_2026
2026-02-10 13:00:00,37187.0,36653.34426173697,feb_2026
2026-02-10 14:00:00,36744.5,36732.03543648976,feb_2026
2026-02-10 15:00:00,37226.0,37462.41283650148,feb_2026
2026-02-10 16:00:00,38720.0,39332.666076213216,feb_2026
2026-02-10 17:00:00,40901.0,41357.15343337049,feb_2026
2026-02-10 18:00:00,40701.5,40963.39477816966,feb_2026
2026-02-10 19:00:00,39186.5,39239.86341613302,feb_2026
2026-02-10 20:00:00,36632.5,36818.27627929361,feb_2026
2026-02-10 21:00:00,33417.5,33795.34780750215,feb_2026
2026-02-10 22:00:00,29725.5,30484.98587223416,feb_2026
2026-02-10 23:00:00,27188.0,27759.675770560523,feb_2026
2026-02-11 00:00:00,27201.5,27575.584228385116,feb_2026
2026-02-11 01:00:00,26672.0,27422.877645052664,feb_2026
2026-02-11 02:00:00,25469.5,26417.055948150493,feb_2026
2026-02-11 03:00:00,24517.0,25417.458200517838,feb_2026
2026-02-11 04:00:00,23684.5,24696.174367592852,feb_2026
2026-02-11 05:00:00,24475.0,25046.074047087062,feb_2026
2026-02-11 06:00:00,28551.0,28267.722093232594,feb_2026
2026-02-11 07:00:00,32841.0,32364.118075948685,feb_2026
2026-02-11 08:00:00,34852.0,34894.17960858703,feb_2026
2026-02-11 09:00:00,35362.0,36536.600627640604,feb_2026
2026-02-11 10:00:00,35156.0,36796.33641586467,feb_2026
2026-02-11 11:00:00,34424.5,36821.98758644213,feb_2026
2026-02-11 12:00:00,34004.0,37045.56690507301,feb_2026
2026-02-11 13:00:00,34158.0,37056.10012505534,feb_2026
2026-02-11 14:00:00,34075.0,36953.762618525354,feb_2026
2026-02-11 15:00:00,35373.0,37569.681378690104,feb_2026
2026-02-11 16:00:00,37352.5,39264.16914498462,feb_2026
2026-02-11 17:00:00,39798.0,41264.288644531436,feb_2026
2026-02-11 18:00:00,39927.5,40940.543895140705,feb_2026
2026-02-11 19:00:00,38653.5,39279.81947375709,feb_2026
2026-02-11 20:00:00,36398.0,36736.254156065166,feb_2026
2026-02-11 21:00:00,32888.5,33608.09954185052,feb_2026
2026-02-11 22:00:00,29723.5,30252.548224903025,feb_2026
2026-02-11 23:00:00,26808.5,27567.211934988343,feb_2026
2026-02-12 00:00:00,26963.0,26793.167112235886,feb_2026
2026-02-12 01:00:00,26942.5,26378.499814373023,feb_2026
2026-02-12 02:00:00,25706.0,25363.38702316262,feb_2026
2026-02-12 03:00:00,24791.5,24374.50062253879,feb_2026
2026-02-12 04:00:00,24079.0,23710.434121195194,feb_2026
2026-02-12 05:00:00,24695.0,24071.627148944808,feb_2026
2026-02-12 06:00:00,28374.5,27232.195771260718,feb_2026
2026-02-12 07:00:00,33225.5,31101.02216349312,feb_2026
2026-02-12 08:00:00,35407.0,33394.68423040051,feb_2026
2026-02-12 09:00:00,36133.0,34739.44938500299,feb_2026
2026-02-12 10:00:00,35434.0,34824.20695015992,feb_2026
2026-02-12 11:00:00,35136.5,34665.83984517779,feb_2026
2026-02-12 12:00:00,35249.0,34748.80242442437,feb_2026
2026-02-12 13:00:00,35748.5,34759.6327706677,feb_2026
2026-02-12 14:00:00,35715.5,34622.83799656094,feb_2026
2026-02-12 15:00:00,36791.5,35155.34303719824,feb_2026
2026-02-12 16:00:00,38339.5,36810.09067566594,feb_2026
2026-02-12 17:00:00,40528.5,38699.087182065465,feb_2026
2026-02-12 18:00:00,41124.5,38392.8278146417,feb_2026
2026-02-12 19:00:00,39939.5,36832.057242150564,feb_2026
2026-02-12 20:00:00,37434.0,34444.525085256384,feb_2026
2026-02-12 21:00:00,34664.0,31465.4147036251,feb_2026
2026-02-12 22:00:00,31018.0,28279.216712409896,feb_2026
2026-02-12 23:00:00,28237.5,25637.130442690188,feb_2026
2026-02-13 00:00:00,28414.0,28435.546098212366,feb_2026
2026-02-13 01:00:00,27768.0,28174.57200709131,feb_2026
2026-02-13 02:00:00,26108.5,26981.56533553106,feb_2026
2026-02-13 03:00:00,25376.0,25868.63441502978,feb_2026
2026-02-13 04:00:00,25067.5,25078.069622010735,feb_2026
2026-02-13 05:00:00,25678.0,25491.244120096377,feb_2026
2026-02-13 06:00:00,29886.5,28851.28194231369,feb_2026
2026-02-13 07:00:00,34829.0,33098.242225182184,feb_2026
2026-02-13 08:00:00,37144.0,35496.91659226782,feb_2026
2026-02-13 09:00:00,38120.0,36859.56015511905,feb_2026
2026-02-13 10:00:00,37585.5,36797.50923009873,feb_2026
2026-02-13 11:00:00,37161.5,36575.5633854625,feb_2026
2026-02-13 12:00:00,36938.5,36573.20274416027,feb_2026
2026-02-13 13:00:00,36252.0,36496.70215653235,feb_2026
2026-02-13 14:00:00,35973.5,36326.82994055657,feb_2026
2026-02-13 15:00:00,36071.0,36931.194266241284,feb_2026
2026-02-13 16:00:00,37876.0,38591.832124032655,feb_2026
2026-02-13 17:00:00,39848.5,40597.773874390776,feb_2026
2026-02-13 18:00:00,39767.0,40387.500927463516,feb_2026
2026-02-13 19:00:00,38678.0,38874.484503049076,feb_2026
2026-02-13 20:00:00,36490.0,36379.16383842783,feb_2026
2026-02-13 21:00:00,33599.5,33297.09513726598,feb_2026
2026-02-13 22:00:00,30820.0,29898.217755031023,feb_2026
2026-02-13 23:00:00,28512.5,27164.144369416677,feb_2026
2026-02-14 00:00:00,28779.0,28836.72578411279,feb_2026
2026-02-14 01:00:00,28273.5,28530.13739958964,feb_2026
2026-02-14 02:00:00,27215.5,27241.42354551607,feb_2026
2026-02-14 03:00:00,26513.5,26173.55872236016,feb_2026
2026-02-14 04:00:00,25989.0,25450.956344533206,feb_2026
2026-02-14 05:00:00,25726.0,25859.704734192,feb_2026
2026-02-14 06:00:00,27834.5,29420.089261385638,feb_2026
2026-02-14 07:00:00,29908.0,33879.62992108397,feb_2026
2026-02-14 08:00:00,31774.0,36438.397393535415,feb_2026
2026-02-14 09:00:00,30618.0,37839.16091546433,feb_2026
2026-02-14 10:00:00,28627.5,37671.13160060553,feb_2026
2026-02-14 11:00:00,27453.5,37198.9314805083,feb_2026
2026-02-14 12:00:00,27337.0,36988.26950514937,feb_2026
2026-02-14 13:00:00,28000.0,36775.452230447234,feb_2026
2026-02-14 14:00:00,29488.0,36539.817552002954,feb_2026
2026-02-14 15:00:00,32045.5,37102.42316962347,feb_2026
2026-02-14 16:00:00,35194.5,38842.19245885267,feb_2026
2026-02-14 17:00:00,38350.0,40955.21253564902,feb_2026
2026-02-14 18:00:00,38703.0,40850.476049670186,feb_2026
2026-02-14 19:00:00,37075.0,39335.17842061834,feb_2026
2026-02-14 20:00:00,34552.5,36914.12508295357,feb_2026
2026-02-14 21:00:00,31713.0,33768.4427393363,feb_2026
2026-02-14 22:00:00,28642.0,30408.078716396136,feb_2026
2026-02-14 23:00:00,25579.5,27752.086932058402,feb_2026
2026-02-15 00:00:00,25512.0,25431.221566231456,feb_2026
2026-02-15 01:00:00,24837.5,25005.764546751903,feb_2026
2026-02-15 02:00:00,23889.0,24001.61330233548,feb_2026
2026-02-15 03:00:00,22744.0,23134.01383026058,feb_2026
2026-02-15 04:00:00,22316.5,22562.598484875907,feb_2026
2026-02-15 05:00:00,21826.5,22895.36153783843,feb_2026
2026-02-15 06:00:00,23008.0,25895.47140827129,feb_2026
2026-02-15 07:00:00,25283.5,29599.84327137527,feb_2026
2026-02-15 08:00:00,28507.0,31698.938629617234,feb_2026
2026-02-15 09:00:00,31990.5,32657.059993601775,feb_2026
2026-02-15 10:00:00,34140.5,32482.62495956415,feb_2026
2026-02-15 11:00:00,35724.0,32269.172692065615,feb_2026
2026-02-15 12:00:00,36383.0,32365.191155275315,feb_2026
2026-02-15 13:00:00,36089.5,32567.086922346676,feb_2026
2026-02-15 14:00:00,35241.0,32698.04586543123,feb_2026
2026-02-15 15:00:00,35213.5,33576.94835061382,feb_2026
2026-02-15 16:00:00,36283.0,35402.49858339837,feb_2026
2026-02-15 17:00:00,38294.5,37382.84320455525,feb_2026
2026-02-15 18:00:00,38403.0,37314.94960870396,feb_2026
2026-02-15 19:00:00,36331.0,35988.85375362805,feb_2026
2026-02-15 20:00:00,34026.5,33841.998156454596,feb_2026
2026-02-15 21:00:00,31291.5,31095.149167304542,feb_2026
2026-02-15 22:00:00,28122.0,28142.755347272705,feb_2026
2026-02-15 23:00:00,25147.5,25677.468926340818,feb_2026
2026-02-16 00:00:00,25716.5,25059.632794720277,feb_2026
2026-02-16 01:00:00,25831.0,24651.768392754162,feb_2026
2026-02-16 02:00:00,24878.0,23737.7898607374,feb_2026
2026-02-16 03:00:00,24014.5,22952.68776764767,feb_2026
2026-02-16 04:00:00,23406.5,22503.042990062793,feb_2026
2026-02-16 05:00:00,23897.0,22808.90179307014,feb_2026
2026-02-16 06:00:00,27978.0,25676.559526728994,feb_2026
2026-02-16 07:00:00,32577.5,29212.986834334875,feb_2026
2026-02-16 08:00:00,35160.0,31593.576857998618,feb_2026
2026-02-16 09:00:00,34108.5,32915.516031861334,feb_2026
2026-02-16 10:00:00,33486.5,32997.19159306318,feb_2026
2026-02-16 11:00:00,33631.5,32951.17761509712,feb_2026
2026-02-16 12:00:00,34010.5,33086.94887914701,feb_2026
2026-02-16 13:00:00,33483.0,33180.85091433007,feb_2026
2026-02-16 14:00:00,33285.0,33196.7876273085,feb_2026
2026-02-16 15:00:00,34294.0,34060.99845752835,feb_2026
2026-02-16 16:00:00,36496.0,35843.82768978671,feb_2026
2026-02-16 17:00:00,39275.5,38064.44205956504,feb_2026
2026-02-16 18:00:00,40107.0,38141.67564710694,feb_2026
2026-02-16 19:00:00,38527.0,36823.86586853479,feb_2026
2026-02-16 20:00:00,35845.0,34661.22167805026,feb_2026
2026-02-16 21:00:00,32806.0,31901.040892475492,feb_2026
2026-02-16 22:00:00,29165.5,28892.69752478283,feb_2026
2026-02-16 23:00:00,26153.0,26361.426844191214,feb_2026
2026-02-17 00:00:00,26203.0,26238.440338231194,feb_2026
2026-02-17 01:00:00,26364.5,25984.61300071986,feb_2026
2026-02-17 02:00:00,25500.5,25125.54275357728,feb_2026
2026-02-17 03:00:00,24668.5,24403.38130465484,feb_2026
2026-02-17 04:00:00,24246.5,23917.40950352495,feb_2026
2026-02-17 05:00:00,25288.0,24265.48227480032,feb_2026
2026-02-17 06:00:00,29817.0,27441.67408452165,feb_2026
2026-02-17 07:00:00,33749.5,31341.23134594817,feb_2026
2026-02-17 08:00:00,35550.5,33985.596674620836,feb_2026
2026-02-17 09:00:00,35346.0,35149.750966959866,feb_2026
2026-02-17 10:00:00,33997.0,35068.65173156629,feb_2026
2026-02-17 11:00:00,33577.0,34906.018415715145,feb_2026
2026-02-17 12:00:00,33850.0,35004.34067696222,feb_2026
2026-02-17 13:00:00,35042.0,34964.915806561825,feb_2026
2026-02-17 14:00:00,36488.5,35041.87054499481,feb_2026
2026-02-17 15:00:00,38353.0,35925.936279123154,feb_2026
2026-02-17 16:00:00,40204.5,37839.810636044385,feb_2026
2026-02-17 17:00:00,42365.5,40144.44102137303,feb_2026
2026-02-17 18:00:00,41985.5,40366.66027712334,feb_2026
2026-02-17 19:00:00,40610.0,38921.448082086594,feb_2026
2026-02-17 20:00:00,38807.5,36643.31979119108,feb_2026
2026-02-17 21:00:00,35286.0,33680.19051176472,feb_2026
2026-02-17 22:00:00,31746.0,30366.923548979008,feb_2026
2026-02-17 23:00:00,28525.5,27572.498626261444,feb_2026
2026-02-18 00:00:00,28374.5,28574.527421380495,feb_2026
2026-02-18 01:00:00,27828.0,28260.354001369906,feb_2026
2026-02-18 02:00:00,26622.5,27174.854565195783,feb_2026
2026-02-18 03:00:00,25452.0,26213.716335871035,feb_2026
2026-02-18 04:00:00,24861.0,25599.633803557645,feb_2026
2026-02-18 05:00:00,25757.0,25960.100532447217,feb_2026
2026-02-18 06:00:00,29052.5,29326.803124911647,feb_2026
2026-02-18 07:00:00,32905.0,33367.24508150274,feb_2026
2026-02-18 08:00:00,35775.5,35809.900692005656,feb_2026
2026-02-18 09:00:00,36854.5,36730.05480062866,feb_2026
2026-02-18 10:00:00,36568.5,36492.202476579776,feb_2026
2026-02-18 11:00:00,36069.0,36442.39328893855,feb_2026
2026-02-18 12:00:00,36921.5,36549.65088831047,feb_2026
2026-02-18 13:00:00,37485.5,36535.99854192584,feb_2026
2026-02-18 14:00:00,37833.5,36757.205723568884,feb_2026
2026-02-18 15:00:00,38045.5,37682.278681943986,feb_2026
2026-02-18 16:00:00,39043.5,39679.72026236491,feb_2026
2026-02-18 17:00:00,40605.5,42012.05338734667,feb_2026
2026-02-18 18:00:00,40447.5,41871.93806461483,feb_2026
2026-02-18 19:00:00,39213.5,40206.80372323925,feb_2026
2026-02-18 20:00:00,36617.0,37791.68892816054,feb_2026
2026-02-18 21:00:00,33390.5,34592.77271770334,feb_2026
2026-02-18 22:00:00,29779.5,31075.69101670512,feb_2026
2026-02-18 23:00:00,27357.0,28119.688829209405,feb_2026
2026-02-19 00:00:00,27583.0,27754.824435937746,feb_2026
2026-02-19 01:00:00,27843.5,27587.264007812762,feb_2026
2026-02-19 02:00:00,26722.0,26456.895486340276,feb_2026
2026-02-19 03:00:00,26267.0,25399.01574883071,feb_2026
2026-02-19 04:00:00,25461.0,24725.290500176492,feb_2026
2026-02-19 05:00:00,25919.0,25095.995390224616,feb_2026
2026-02-19 06:00:00,29830.0,28347.26738671577,feb_2026
2026-02-19 07:00:00,33955.5,32211.407492725557,feb_2026
2026-02-19 08:00:00,37428.0,34581.24954867553,feb_2026
2026-02-19 09:00:00,38963.5,35448.25987349862,feb_2026
2026-02-19 10:00:00,39194.0,35218.39252865816,feb_2026
2026-02-19 11:00:00,39372.0,34997.843381733546,feb_2026
2026-02-19 12:00:00,39539.0,35134.58080555841,feb_2026
2026-02-19 13:00:00,40489.0,35273.50112588003,feb_2026
2026-02-19 14:00:00,40330.0,35295.59700155477,feb_2026
2026-02-19 15:00:00,40524.5,35968.316586095534,feb_2026
2026-02-19 16:00:00,41494.5,37574.573536639495,feb_2026
2026-02-19 17:00:00,42814.5,39536.61148856189,feb_2026
2026-02-19 18:00:00,42725.0,39356.552732586286,feb_2026
2026-02-19 19:00:00,41080.5,37791.66950235767,feb_2026
2026-02-19 20:00:00,38230.5,35409.29191506644,feb_2026
2026-02-19 21:00:00,35357.0,32318.753835888325,feb_2026
2026-02-19 22:00:00,31880.5,28973.051705966092,feb_2026
2026-02-19 23:00:00,28853.5,26268.3329327719,feb_2026
2026-02-20 00:00:00,28671.0,28827.12423784839,feb_2026
2026-02-20 01:00:00,27725.0,28461.913280046272,feb_2026
2026-02-20 02:00:00,26472.0,27192.49859559803,feb_2026
2026-02-20 03:00:00,25530.5,26163.44827913227,feb_2026
2026-02-20 04:00:00,25411.0,25414.623434058056,feb_2026
2026-02-20 05:00:00,25502.5,25768.406683542788,feb_2026
2026-02-20 06:00:00,28179.0,29091.17999948466,feb_2026
2026-02-20 07:00:00,31308.5,32922.01154588345,feb_2026
2026-02-20 08:00:00,34123.5,35407.01904448807,feb_2026
2026-02-20 09:00:00,34214.5,36204.80774561161,feb_2026
2026-02-20 10:00:00,34512.5,35918.32210380599,feb_2026
2026-02-20 11:00:00,34871.0,35633.4922766183,feb_2026
2026-02-20 12:00:00,34641.5,35787.00253522478,feb_2026
2026-02-20 13:00:00,34155.5,35823.099786747836,feb_2026
2026-02-20 14:00:00,33435.5,35824.85479108744,feb_2026
2026-02-20 15:00:00,33354.0,36552.03846706049,feb_2026
2026-02-20 16:00:00,34658.0,38105.05637921571,feb_2026
2026-02-20 17:00:00,36802.5,39944.94872933699,feb_2026
2026-02-20 18:00:00,37234.5,39767.209372353725,feb_2026
2026-02-20 19:00:00,35569.0,38140.89271842209,feb_2026
2026-02-20 20:00:00,33191.5,35699.353509925866,feb_2026
2026-02-20 21:00:00,30590.5,32659.391457498088,feb_2026
2026-02-20 22:00:00,27654.0,29345.340881339664,feb_2026
2026-02-20 23:00:00,25042.0,26570.379439894226,feb_2026
2026-02-21 00:00:00,25289.5,25057.680526699372,feb_2026
2026-02-21 01:00:00,25085.0,24694.562243657707,feb_2026
2026-02-21 02:00:00,24138.5,23629.88050772081,feb_2026
2026-02-21 03:00:00,22743.5,22758.86353223225,feb_2026
2026-02-21 04:00:00,22270.0,22223.508167685737,feb_2026
2026-02-21 05:00:00,21903.0,22544.390958281212,feb_2026
2026-02-21 06:00:00,23245.0,25420.02029803276,feb_2026
2026-02-21 07:00:00,25695.5,28849.935860476828,feb_2026
2026-02-21 08:00:00,28169.5,31140.790720352572,feb_2026
2026-02-21 09:00:00,29424.0,31903.475925931958,feb_2026
2026-02-21 10:00:00,29233.0,31815.07058576245,feb_2026
2026-02-21 11:00:00,28489.0,31748.092184101686,feb_2026
2026-02-21 12:00:00,28885.5,31931.469716250755,feb_2026
2026-02-21 13:00:00,29540.0,32024.5660767506,feb_2026
2026-02-21 14:00:00,29811.0,31955.935011846515,feb_2026
2026-02-21 15:00:00,30743.0,32585.361980863614,feb_2026
2026-02-21 16:00:00,31872.0,34052.28321995594,feb_2026
2026-02-21 17:00:00,34198.0,35914.80769316665,feb_2026
2026-02-21 18:00:00,34413.0,35861.10779923077,feb_2026
2026-02-21 19:00:00,32675.5,34350.49959852828,feb_2026
2026-02-21 20:00:00,29908.5,32125.380209774205,feb_2026
2026-02-21 21:00:00,27286.0,29470.063629488533,feb_2026
2026-02-21 22:00:00,24295.0,26525.187365454036,feb_2026
2026-02-21 23:00:00,22399.0,24032.50832474186,feb_2026
2026-02-22 00:00:00,22924.5,22817.569532339006,feb_2026
2026-02-22 01:00:00,22977.0,22754.740363112724,feb_2026
2026-02-22 02:00:00,21567.5,21869.017505403714,feb_2026
2026-02-22 03:00:00,20330.0,21016.344110390088,feb_2026
2026-02-22 04:00:00,19896.5,20540.872312263386,feb_2026
2026-02-22 05:00:00,19852.5,20800.109869425018,feb_2026
2026-02-22 06:00:00,20631.5,23361.77264706304,feb_2026
2026-02-22 07:00:00,21821.5,26426.24196470485,feb_2026
2026-02-22 08:00:00,23192.0,28666.765952595506,feb_2026
2026-02-22 09:00:00,23579.0,29526.762953700203,feb_2026
2026-02-22 10:00:00,24107.5,29488.974933025947,feb_2026
2026-02-22 11:00:00,24487.5,29449.685316529,feb_2026
2026-02-22 12:00:00,24672.0,29670.12892807283,feb_2026
2026-02-22 13:00:00,24509.5,29924.855701952234,feb_2026
2026-02-22 14:00:00,24018.0,30038.343946591416,feb_2026
2026-02-22 15:00:00,25437.5,30687.481462850348,feb_2026
2026-02-22 16:00:00,29739.0,32037.197946719978,feb_2026
2026-02-22 17:00:00,33381.0,33971.16027789871,feb_2026
2026-02-22 18:00:00,34078.0,34144.83572115955,feb_2026
2026-02-22 19:00:00,32151.5,32860.24633984177,feb_2026
2026-02-22 20:00:00,30163.0,30893.117778812055,feb_2026
2026-02-22 21:00:00,27588.5,28442.5145850843,feb_2026
2026-02-22 22:00:00,24452.0,25667.245598670528,feb_2026
2026-02-22 23:00:00,21912.0,23409.51071247601,feb_2026
2026-02-23 00:00:00,22556.0,21941.63637569929,feb_2026
2026-02-23 01:00:00,22245.5,21768.495495930347,feb_2026
2026-02-23 02:00:00,21108.5,20964.904466840486,feb_2026
2026-02-23 03:00:00,20189.0,20218.26121385028,feb_2026
2026-02-23 04:00:00,19779.5,19864.4318249606,feb_2026
2026-02-23 05:00:00,20828.0,20103.706207968637,feb_2026
2026-02-23 06:00:00,24797.5,22378.404095903024,feb_2026
2026-02-23 07:00:00,29655.0,25128.805766843154,feb_2026
2026-02-23 08:00:00,31447.5,27159.370350284196,feb_2026
2026-02-23 09:00:00,31153.5,27931.698868184423,feb_2026
2026-02-23 10:00:00,30068.0,27967.50823965097,feb_2026
2026-02-23 11:00:00,29904.0,27984.36435940686,feb_2026
2026-02-23 12:00:00,30551.0,28246.389477012595,feb_2026
2026-02-23 13:00:00,31644.0,28449.504665939963,feb_2026
2026-02-23 14:00:00,32797.5,28535.312004260508,feb_2026
2026-02-23 15:00:00,34423.0,29344.711327055356,feb_2026
2026-02-23 16:00:00,35996.5,31174.44799422322,feb_2026
2026-02-23 17:00:00,38561.5,33211.41511980282,feb_2026
2026-02-23 18:00:00,38825.0,33407.28367791494,feb_2026
2026-02-23 19:00:00,36898.0,32163.400245879457,feb_2026
2026-02-23 20:00:00,34174.5,30169.075348090802,feb_2026
2026-02-23 21:00:00,31935.0,27707.68184420526,feb_2026
2026-02-23 22:00:00,28598.0,24941.392618402264,feb_2026
2026-02-23 23:00:00,25474.5,22700.185994378953,feb_2026
2026-02-24 00:00:00,25329.0,25435.081009085156,feb_2026
2026-02-24 01:00:00,25096.5,25159.901383249868,feb_2026
2026-02-24 02:00:00,23943.5,24088.82197291686,feb_2026
2026-02-24 03:00:00,22397.0,23199.338554509995,feb_2026
2026-02-24 04:00:00,21988.5,22733.507438915214,feb_2026
2026-02-24 05:00:00,22379.0,23184.57424716651,feb_2026
2026-02-24 06:00:00,26377.5,26022.348909189524,feb_2026
2026-02-24 07:00:00,30010.5,29368.010560515995,feb_2026
2026-02-24 08:00:00,31232.5,31680.50045093568,feb_2026
2026-02-24 09:00:00,30479.0,32454.44308340885,feb_2026
2026-02-24 10:00:00,29613.5,32337.11328243945,feb_2026
2026-02-24 11:00:00,28835.0,32345.415610980675,feb_2026
2026-02-24 12:00:00,27099.5,32678.916354539608,feb_2026
2026-02-24 13:00:00,26108.0,32973.394415758,feb_2026
2026-02-24 14:00:00,25608.0,33080.061181220815,feb_2026
2026-02-24 15:00:00,26657.0,33960.48242311093,feb_2026
2026-02-24 16:00:00,30999.0,35931.080128481895,feb_2026
2026-02-24 17:00:00,34994.0,38334.0532257761,feb_2026
2026-02-24 18:00:00,36243.0,38595.639717662416,feb_2026
2026-02-24 19:00:00,35503.0,37162.99304429782,feb_2026
2026-02-24 20:00:00,33276.0,34815.58888585237,feb_2026
2026-02-24 21:00:00,29957.0,32101.452948093254,feb_2026
2026-02-24 22:00:00,27084.0,28910.935680243456,feb_2026
2026-02-24 23:00:00,24570.0,26251.053085488475,feb_2026
2026-02-25 00:00:00,24691.5,24807.55405434233,feb_2026
2026-02-25 01:00:00,24044.5,24649.857610731935,feb_2026
2026-02-25 02:00:00,23110.5,23633.715482030766,feb_2026
2026-02-25 03:00:00,22445.5,22685.4078159799,feb_2026
2026-02-25 04:00:00,22069.0,22219.60845656133,feb_2026
2026-02-25 05:00:00,22987.5,22576.239804359964,feb_2026
2026-02-25 06:00:00,26987.5,25442.8822165468,feb_2026
2026-02-25 07:00:00,30909.5,28665.340677810535,feb_2026
2026-02-25 08:00:00,31542.0,30766.177480589275,feb_2026
2026-02-25 09:00:00,31433.5,31215.876831900838,feb_2026
2026-02-25 10:00:00,29447.5,30896.264479942132,feb_2026
2026-02-25 11:00:00,27789.0,30668.02364992603,feb_2026
2026-02-25 12:00:00,27162.5,30620.93309500214,feb_2026
2026-02-25 13:00:00,27112.0,30679.04028327575,feb_2026
2026-02-25 14:00:00,27687.5,30639.652648023377,feb_2026
2026-02-25 15:00:00,28768.5,31445.94454150008,feb_2026
2026-02-25 16:00:00,31611.0,33502.551204019845,feb_2026
2026-02-25 17:00:00,34916.0,35823.01798642991,feb_2026
2026-02-25 18:00:00,35963.0,36030.5595805847,feb_2026
2026-02-25 19:00:00,35012.0,34602.68670502761,feb_2026
2026-02-25 20:00:00,32991.0,32339.530959934476,feb_2026
2026-02-25 21:00:00,29590.0,29683.90465653832,feb_2026
2026-02-25 22:00:00,26238.5,26697.82479628508,feb_2026
2026-02-25 23:00:00,23744.0,24214.450102819028,feb_2026
2026-02-26 00:00:00,23993.0,23972.160977421914,feb_2026
2026-02-26 01:00:00,23519.5,23738.892369741247,feb_2026
2026-02-26 02:00:00,21944.5,22739.93503013028,feb_2026
2026-02-26 03:00:00,20724.0,21832.401710285798,feb_2026
2026-02-26 04:00:00,20154.0,21347.72760853757,feb_2026
2026-02-26 05:00:00,21093.0,21702.460682707722,feb_2026
2026-02-26 06:00:00,25275.5,24490.48347573246,feb_2026
2026-02-26 07:00:00,29106.5,27624.109552146638,feb_2026
2026-02-26 08:00:00,31225.5,29365.868799886954,feb_2026
2026-02-26 09:00:00,32001.5,29677.4418793651,feb_2026
2026-02-26 10:00:00,31591.5,29260.230687933545,feb_2026
2026-02-26 11:00:00,31216.0,28951.526460328947,feb_2026
2026-02-26 12:00:00,30894.0,28907.765270769905,feb_2026
2026-02-26 13:00:00,30867.0,28886.752840739337,feb_2026
2026-02-26 14:00:00,30738.0,29016.842809299334,feb_2026
2026-02-26 15:00:00,31783.0,29838.846540631137,feb_2026
2026-02-26 16:00:00,33288.0,31866.202042829504,feb_2026
2026-02-26 17:00:00,35944.0,34140.572372953226,feb_2026
2026-02-26 18:00:00,36356.0,34305.1919975865,feb_2026
2026-02-26 19:00:00,35811.5,32829.86953682288,feb_2026
2026-02-26 20:00:00,33516.0,30636.46894948512,feb_2026
2026-02-26 21:00:00,30447.0,27989.152962970526,feb_2026
2026-02-26 22:00:00,27669.5,25098.490548813323,feb_2026
2026-02-26 23:00:00,25315.0,22691.282203322608,feb_2026
2026-02-27 00:00:00,25688.5,25585.403606198288,feb_2026
2026-02-27 01:00:00,24920.5,25219.797873228454,feb_2026
2026-02-27 02:00:00,23826.5,23996.62694967754,feb_2026
2026-02-27 03:00:00,22343.5,22897.037509528243,feb_2026
2026-02-27 04:00:00,22112.5,22352.401204464288,feb_2026
2026-02-27 05:00:00,23326.5,22796.257771946846,feb_2026
2026-02-27 06:00:00,27485.5,25938.117626769756,feb_2026
2026-02-27 07:00:00,32534.5,29367.681908870487,feb_2026
2026-02-27 08:00:00,34340.5,31290.151454117484,feb_2026
2026-02-27 09:00:00,34311.0,31681.22646983127,feb_2026
2026-02-27 10:00:00,33499.0,31166.375408043485,feb_2026
2026-02-27 11:00:00,33042.5,30751.253884939637,feb_2026
2026-02-27 12:00:00,32642.5,30576.555651862785,feb_2026
2026-02-27 13:00:00,32506.0,30622.745030970582,feb_2026
2026-02-27 14:00:00,32004.5,30629.97651124072,feb_2026
2026-02-27 15:00:00,32451.5,31539.371570866275,feb_2026
2026-02-27 16:00:00,33658.0,33577.660869757,feb_2026
2026-02-27 17:00:00,35695.5,36003.99185011812,feb_2026
2026-02-27 18:00:00,36885.5,36382.8234113395,feb_2026
2026-02-27 19:00:00,35273.0,35097.07379022625,feb_2026
2026-02-27 20:00:00,33510.5,32832.07208152405,feb_2026
2026-02-27 21:00:00,30787.0,30016.74752572604,feb_2026
2026-02-27 22:00:00,27930.0,27021.338663115337,feb_2026
2026-02-27 23:00:00,25541.0,24527.577469364693,feb_2026
2026-02-28 00:00:00,25374.0,25796.391146415117,feb_2026
2026-02-28 01:00:00,25045.0,25374.981366634627,feb_2026
2026-02-28 02:00:00,24151.0,24195.430664544423,feb_2026
2026-02-28 03:00:00,23191.5,23067.274029843986,feb_2026
2026-02-28 04:00:00,22801.0,22562.27210145953,feb_2026
2026-02-28 05:00:00,22130.5,23106.08269811303,feb_2026
2026-02-28 06:00:00,23383.5,26388.145187330312,feb_2026
2026-02-28 07:00:00,25440.0,30038.694294035835,feb_2026
2026-02-28 08:00:00,27342.0,32019.534582797223,feb_2026
2026-02-28 09:00:00,28611.5,32391.920387756567,feb_2026
2026-02-28 10:00:00,27771.5,31843.714965359442,feb_2026
2026-02-28 11:00:00,27133.5,31388.92726325737,feb_2026
2026-02-28 12:00:00,26422.0,31153.967155935556,feb_2026
2026-02-28 13:00:00,26354.0,31229.07295199851,feb_2026
2026-02-28 14:00:00,26773.0,31192.523745885872,feb_2026
2026-02-28 15:00:00,28151.0,32060.630865141608,feb_2026
2026-02-28 16:00:00,30623.5,34113.427960771594,feb_2026
2026-02-28 17:00:00,34212.0,36558.29809189039,feb_2026
2026-02-28 18:00:00,35465.0,37075.70359448672,feb_2026
2026-02-28 19:00:00,34401.0,35843.407671612404,feb_2026
2026-02-28 20:00:00,32534.0,33680.42684459349,feb_2026
2026-02-28 21:00:00,29970.0,30874.522096132026,feb_2026
2026-02-28 22:00:00,27119.5,27764.66636310666,feb_2026
2026-02-28 23:00:00,24760.0,25149.584838615385,feb_2026
2026-05-01 00:00:00,22620.0,22186.15481122644,may_2026
2026-05-01 01:00:00,22322.0,22001.1882384873,may_2026
2026-05-01 02:00:00,21653.0,21422.582224747603,may_2026
2026-05-01 03:00:00,20852.0,20510.952427981683,may_2026
2026-05-01 04:00:00,20504.5,20025.3370638449,may_2026
2026-05-01 05:00:00,21056.5,20328.54858797868,may_2026
2026-05-01 06:00:00,23459.0,22707.38190644697,may_2026
2026-05-01 07:00:00,25797.0,24867.89758545788,may_2026
2026-05-01 08:00:00,25469.0,24586.65953691203,may_2026
2026-05-01 09:00:00,24019.5,22837.200620749514,may_2026
2026-05-01 10:00:00,22265.5,20751.757036650783,may_2026
2026-05-01 11:00:00,21465.0,19520.98237248256,may_2026
2026-05-01 12:00:00,20706.0,19190.921993678494,may_2026
2026-05-01 13:00:00,20067.0,18820.351567072154,may_2026
2026-05-01 14:00:00,19748.5,18682.724020117654,may_2026
2026-05-01 15:00:00,20712.5,18833.99748916153,may_2026
2026-05-01 16:00:00,22491.5,20639.844509044004,may_2026
2026-05-01 17:00:00,25327.5,23665.44954699906,may_2026
2026-05-01 18:00:00,26905.0,25889.265226214397,may_2026
2026-05-01 19:00:00,27776.5,27403.680402977916,may_2026
2026-05-01 20:00:00,27628.0,27931.942146178102,may_2026
2026-05-01 21:00:00,27441.5,26909.403040784204,may_2026
2026-05-01 22:00:00,25527.0,24325.123141278913,may_2026
2026-05-01 23:00:00,23484.5,22060.546541562817,may_2026
2026-05-02 00:00:00,22583.5,22736.49185610169,may_2026
2026-05-02 01:00:00,21770.0,22393.53005110321,may_2026
2026-05-02 02:00:00,21053.5,21745.256096733618,may_2026
2026-05-02 03:00:00,20165.5,20803.59379071305,may_2026
2026-05-02 04:00:00,19472.0,20306.89361041899,may_2026
2026-05-02 05:00:00,19218.0,20624.67156871179,may_2026
2026-05-02 06:00:00,19762.0,23025.89871421936,may_2026
2026-05-02 07:00:00,20613.5,25396.433855843858,may_2026
2026-05-02 08:00:00,20900.0,25187.38272894989,may_2026
2026-05-02 09:00:00,20281.5,23510.825214344422,may_2026
2026-05-02 10:00:00,18499.0,21452.91468556674,may_2026
2026-05-02 11:00:00,17621.49,20271.779486771073,may_2026
2026-05-02 12:00:00,17621.49,19880.616397306632,may_2026
2026-05-02 13:00:00,17621.49,19650.099138016478,may_2026
2026-05-02 14:00:00,17735.0,19583.904177115775,may_2026
2026-05-02 15:00:00,19912.5,19824.348389168612,may_2026
2026-05-02 16:00:00,23093.0,21696.982501050956,may_2026
2026-05-02 17:00:00,26297.5,24850.66879743568,may_2026
2026-05-02 18:00:00,27265.5,27208.289967200963,may_2026
2026-05-02 19:00:00,26455.0,28760.431286318417,may_2026
2026-05-02 20:00:00,26720.0,29187.204943123746,may_2026
2026-05-02 21:00:00,26484.0,28226.81979612038,may_2026
2026-05-02 22:00:00,24784.0,25602.83051462136,may_2026
2026-05-02 23:00:00,22752.0,23288.278395560665,may_2026
2026-05-03 00:00:00,21905.5,21975.418958837065,may_2026
2026-05-03 01:00:00,21250.0,21448.330418686688,may_2026
2026-05-03 02:00:00,20525.0,20799.85332341379,may_2026
2026-05-03 03:00:00,19058.0,19907.028982774907,may_2026
2026-05-03 04:00:00,18433.5,19411.06696566464,may_2026
2026-05-03 05:00:00,18014.5,19656.81776115042,may_2026
2026-05-03 06:00:00,18483.0,21751.688200248533,may_2026
2026-05-03 07:00:00,19776.0,23939.0081733045,may_2026
2026-05-03 08:00:00,21082.0,23957.30339295585,may_2026
2026-05-03 09:00:00,22038.0,22697.268538563792,may_2026
2026-05-03 10:00:00,22194.0,20913.235017080577,may_2026
2026-05-03 11:00:00,22240.5,19952.732731589276,may_2026
2026-05-03 12:00:00,22301.5,19724.3451865893,may_2026
2026-05-03 13:00:00,22132.5,19572.539666329492,may_2026
2026-05-03 14:00:00,22037.0,19463.396325465386,may_2026
2026-05-03 15:00:00,22704.0,19982.164385090226,may_2026
2026-05-03 16:00:00,24256.5,22013.788549179746,may_2026
2026-05-03 17:00:00,26069.5,25305.556719061446,may_2026
2026-05-03 18:00:00,26893.5,27449.38464654821,may_2026
2026-05-03 19:00:00,27338.0,28659.167183935606,may_2026
2026-05-03 20:00:00,27219.0,29078.19711294319,may_2026
2026-05-03 21:00:00,26564.0,28245.994001372877,may_2026
2026-05-03 22:00:00,24579.5,25777.55865467298,may_2026
2026-05-03 23:00:00,22458.0,23477.8559918801,may_2026
2026-05-04 00:00:00,21650.5,21578.233121379086,may_2026
2026-05-04 01:00:00,21534.5,21103.492642172518,may_2026
2026-05-04 02:00:00,20782.5,20502.568528116873,may_2026
2026-05-04 03:00:00,19838.5,19614.95423693955,may_2026
2026-05-04 04:00:00,19251.5,19162.423042217964,may_2026
2026-05-04 05:00:00,19034.5,19379.56538188035,may_2026
2026-05-04 06:00:00,20058.0,21269.22080308657,may_2026
2026-05-04 07:00:00,21615.0,23315.46806742531,may_2026
2026-05-04 08:00:00,23309.0,23507.84374987892,may_2026
2026-05-04 09:00:00,24322.0,22453.119740284437,may_2026
2026-05-04 10:00:00,24199.0,20865.710833772566,may_2026
2026-05-04 11:00:00,23768.0,20028.69342643858,may_2026
2026-05-04 12:00:00,23304.5,19858.232565552342,may_2026
2026-05-04 13:00:00,22703.5,19726.7477084339,may_2026
2026-05-04 14:00:00,22383.5,19605.00892804901,may_2026
2026-05-04 15:00:00,22729.5,20113.146756066253,may_2026
2026-05-04 16:00:00,24353.0,22093.507289545185,may_2026
2026-05-04 17:00:00,26601.0,25087.174467400848,may_2026
2026-05-04 18:00:00,27334.5,27145.32244572416,may_2026
2026-05-04 19:00:00,28020.5,28270.899952353975,may_2026
2026-05-04 20:00:00,27779.5,28689.327110543993,may_2026
2026-05-04 21:00:00,27565.0,27992.55535789866,may_2026
2026-05-04 22:00:00,25124.0,25605.798957281757,may_2026
2026-05-04 23:00:00,22769.0,23358.60367500605,may_2026
2026-05-05 00:00:00,21976.5,22057.6167781098,may_2026
2026-05-05 01:00:00,21706.0,21704.942982078563,may_2026
2026-05-05 02:00:00,20931.0,21143.595339863074,may_2026
2026-05-05 03:00:00,20293.0,20290.245645780582,may_2026
2026-05-05 04:00:00,19740.5,19849.994975892598,may_2026
2026-05-05 05:00:00,20236.0,20056.90149143309,may_2026
2026-05-05 06:00:00,23169.5,21936.3438275396,may_2026
2026-05-05 07:00:00,25731.0,23979.631050154392,may_2026
2026-05-05 08:00:00,26597.0,24319.12995939631,may_2026
2026-05-05 09:00:00,24902.5,23419.66121699779,may_2026
2026-05-05 10:00:00,23544.0,21910.660252673104,may_2026
2026-05-05 11:00:00,23108.5,21050.16813799858,may_2026
2026-05-05 12:00:00,23266.5,20771.33011702768,may_2026
2026-05-05 13:00:00,23555.5,20576.132507458515,may_2026
2026-05-05 14:00:00,23394.5,20485.45105514833,may_2026
2026-05-05 15:00:00,24141.0,21050.366639672993,may_2026
2026-05-05 16:00:00,25334.5,23084.576566710748,may_2026
2026-05-05 17:00:00,27508.0,26164.746515838324,may_2026
2026-05-05 18:00:00,29053.5,28166.740062807097,may_2026
2026-05-05 19:00:00,29438.5,29219.71359139879,may_2026
2026-05-05 20:00:00,30176.0,29535.666784737212,may_2026
2026-05-05 21:00:00,29196.5,28773.153511082997,may_2026
2026-05-05 22:00:00,26189.5,26263.50827355686,may_2026
2026-05-05 23:00:00,23590.0,23896.14828432547,may_2026
2026-05-06 00:00:00,22959.0,22729.84037227777,may_2026
2026-05-06 01:00:00,22660.5,22427.95798885293,may_2026
2026-05-06 02:00:00,22063.0,21827.503363862932,may_2026
2026-05-06 03:00:00,21260.5,20933.472515587826,may_2026
2026-05-06 04:00:00,20888.0,20414.59644840167,may_2026
2026-05-06 05:00:00,21050.5,20584.981702230907,may_2026
2026-05-06 06:00:00,23765.0,22592.121577960104,may_2026
2026-05-06 07:00:00,27205.5,24761.454253333395,may_2026
2026-05-06 08:00:00,27609.0,25195.100450285336,may_2026
2026-05-06 09:00:00,26252.5,24211.735856933545,may_2026
2026-05-06 10:00:00,24616.0,22593.80177490951,may_2026
2026-05-06 11:00:00,23746.5,21682.023074720528,may_2026
2026-05-06 12:00:00,23452.0,21435.538882462806,may_2026
2026-05-06 13:00:00,23467.0,21178.920463522718,may_2026
2026-05-06 14:00:00,23907.0,21064.869267198977,may_2026
2026-05-06 15:00:00,25289.5,21566.949164828136,may_2026
2026-05-06 16:00:00,27250.0,23415.791937828246,may_2026
2026-05-06 17:00:00,29432.0,26296.400704047453,may_2026
2026-05-06 18:00:00,30308.0,28125.37707976663,may_2026
2026-05-06 19:00:00,31123.0,28974.63815091856,may_2026
2026-05-06 20:00:00,30471.5,29323.269133419013,may_2026
2026-05-06 21:00:00,29954.5,28547.3716400751,may_2026
2026-05-06 22:00:00,27130.0,26001.147569663524,may_2026
2026-05-06 23:00:00,24562.0,23617.075942988704,may_2026
2026-05-07 00:00:00,23298.5,23647.206968724015,may_2026
2026-05-07 01:00:00,22939.5,23288.426459123046,may_2026
2026-05-07 02:00:00,22399.5,22596.510150585265,may_2026
2026-05-07 03:00:00,21620.0,21613.573281884805,may_2026
2026-05-07 04:00:00,21078.0,21023.670480797104,may_2026
2026-05-07 05:00:00,21006.5,21125.49483841749,may_2026
2026-05-07 06:00:00,23586.0,23176.88817679774,may_2026
2026-05-07 07:00:00,27034.0,25438.857736468788,may_2026
2026-05-07 08:00:00,27577.5,25729.821516921656,may_2026
2026-05-07 09:00:00,26496.0,24601.231022000422,may_2026
2026-05-07 10:00:00,25057.0,22970.5863891946,may_2026
2026-05-07 11:00:00,24678.0,21959.236413510134,may_2026
2026-05-07 12:00:00,24752.0,21649.923672416793,may_2026
2026-05-07 13:00:00,24377.0,21371.81458753803,may_2026
2026-05-07 14:00:00,24118.0,21202.91545673681,may_2026
2026-05-07 15:00:00,24941.5,21700.558898014926,may_2026
2026-05-07 16:00:00,26280.5,23520.42186413513,may_2026
2026-05-07 17:00:00,28051.5,26244.39111899485,may_2026
2026-05-07 18:00:00,29069.5,27928.950711976875,may_2026
2026-05-07 19:00:00,29954.5,28871.3830825351,may_2026
2026-05-07 20:00:00,29864.0,29092.061806662972,may_2026
2026-05-07 21:00:00,29108.0,28270.85083116803,may_2026
2026-05-07 22:00:00,26407.5,25642.036398478387,may_2026
2026-05-07 23:00:00,23824.5,23224.581345155275,may_2026
2026-05-08 00:00:00,22982.5,22871.91235378674,may_2026
2026-05-08 01:00:00,22730.0,22378.109081332037,may_2026
2026-05-08 02:00:00,21916.5,21709.494203621256,may_2026
2026-05-08 03:00:00,21036.0,20781.2581433989,may_2026
2026-05-08 04:00:00,20865.5,20210.620892025396,may_2026
2026-05-08 05:00:00,21092.0,20313.63889588497,may_2026
2026-05-08 06:00:00,23696.0,22316.292119915775,may_2026
2026-05-08 07:00:00,26877.5,24533.27055893978,may_2026
2026-05-08 08:00:00,27458.5,24836.23839997858,may_2026
2026-05-08 09:00:00,26286.5,23786.83101654454,may_2026
2026-05-08 10:00:00,24134.5,22168.502887967705,may_2026
2026-05-08 11:00:00,23037.0,21275.73429599865,may_2026
2026-05-08 12:00:00,22393.0,21027.017736544494,may_2026
2026-05-08 13:00:00,21402.0,20647.34478232001,may_2026
2026-05-08 14:00:00,20895.5,20573.430205297926,may_2026
2026-05-08 15:00:00,21706.5,21082.99918832352,may_2026
2026-05-08 16:00:00,23724.0,22780.432571381218,may_2026
2026-05-08 17:00:00,26573.0,25328.285999354117,may_2026
2026-05-08 18:00:00,28060.5,26950.429247520256,may_2026
2026-05-08 19:00:00,28543.0,27725.549481107748,may_2026
2026-05-08 20:00:00,28867.0,27960.130682584135,may_2026
2026-05-08 21:00:00,27469.5,27228.101401901575,may_2026
2026-05-08 22:00:00,25674.5,24781.798926735515,may_2026
2026-05-08 23:00:00,24047.0,22477.88304789247,may_2026
2026-05-09 00:00:00,23017.0,23547.11353613783,may_2026
2026-05-09 01:00:00,22519.5,23303.828845651962,may_2026
2026-05-09 02:00:00,21481.5,22608.055196565423,may_2026
2026-05-09 03:00:00,20493.0,21604.746078036398,may_2026
2026-05-09 04:00:00,19876.5,21030.54711250824,may_2026
2026-05-09 05:00:00,19535.5,21145.821824867755,may_2026
2026-05-09 06:00:00,20196.5,23311.915898327832,may_2026
2026-05-09 07:00:00,20813.0,25697.656387703188,may_2026
2026-05-09 08:00:00,20620.0,25996.94479720003,may_2026
2026-05-09 09:00:00,19960.5,24872.187911137426,may_2026
2026-05-09 10:00:00,18807.5,23220.625958004046,may_2026
2026-05-09 11:00:00,17682.0,22293.19070678996,may_2026
2026-05-09 12:00:00,17621.49,21997.54257292643,may_2026
2026-05-09 13:00:00,17621.49,21643.699979868026,may_2026
2026-05-09 14:00:00,17621.49,21516.13426664417,may_2026
2026-05-09 15:00:00,17621.49,22138.9581699802,may_2026
2026-05-09 16:00:00,19898.5,24046.47279622049,may_2026
2026-05-09 17:00:00,22812.0,26835.705729921192,may_2026
2026-05-09 18:00:00,24841.0,28543.455305726053,may_2026
2026-05-09 19:00:00,25117.5,29489.648937861803,may_2026
2026-05-09 20:00:00,25015.5,29801.951573042945,may_2026
2026-05-09 21:00:00,24819.5,29000.793508750012,may_2026
2026-05-09 22:00:00,23249.0,26520.788531925264,may_2026
2026-05-09 23:00:00,21270.0,24172.71069666167,may_2026
2026-05-10 00:00:00,20568.0,20434.87365389977,may_2026
2026-05-10 01:00:00,19898.0,20113.245193883136,may_2026
2026-05-10 02:00:00,19264.0,19485.4839337808,may_2026
2026-05-10 03:00:00,18450.0,18693.83506684103,may_2026
2026-05-10 04:00:00,17807.0,18292.211036046687,may_2026
2026-05-10 05:00:00,17621.49,18413.432698323006,may_2026
2026-05-10 06:00:00,17621.49,20213.53726460257,may_2026
2026-05-10 07:00:00,18096.5,22180.005704662155,may_2026
2026-05-10 08:00:00,18699.0,22443.79189157894,may_2026
2026-05-10 09:00:00,19144.0,21523.419030956004,may_2026
2026-05-10 10:00:00,18844.0,20142.295840858664,may_2026
2026-05-10 11:00:00,18644.0,19339.531292228447,may_2026
2026-05-10 12:00:00,18969.5,19116.46550025898,may_2026
2026-05-10 13:00:00,18782.5,18992.547604056035,may_2026
2026-05-10 14:00:00,18805.0,18928.880842770574,may_2026
2026-05-10 15:00:00,19033.5,19467.290587077394,may_2026
2026-05-10 16:00:00,20768.0,21215.77932445376,may_2026
2026-05-10 17:00:00,22976.5,23724.019375512937,may_2026
2026-05-10 18:00:00,24633.5,25301.614969599865,may_2026
2026-05-10 19:00:00,26007.5,26072.96596089766,may_2026
2026-05-10 20:00:00,26461.5,26283.034264853948,may_2026
2026-05-10 21:00:00,26200.5,25606.952205225894,may_2026
2026-05-10 22:00:00,23921.5,23535.54880325482,may_2026
2026-05-10 23:00:00,21059.5,21533.136913912185,may_2026
2026-05-11 00:00:00,20948.5,19883.865884802537,may_2026
2026-05-11 01:00:00,20588.5,19471.401147751512,may_2026
2026-05-11 02:00:00,20461.0,18988.615602283917,may_2026
2026-05-11 03:00:00,19441.0,18299.13265759926,may_2026
2026-05-11 04:00:00,18656.0,17916.791391665505,may_2026
2026-05-11 05:00:00,19595.0,18054.368290453236,may_2026
2026-05-11 06:00:00,22232.5,19628.92529107759,may_2026
2026-05-11 07:00:00,25019.0,21407.367542661497,may_2026
2026-05-11 08:00:00,25906.5,21772.87839864053,may_2026
2026-05-11 09:00:00,26120.5,21117.761652417546,may_2026
2026-05-11 10:00:00,25970.0,19958.96741695004,may_2026
2026-05-11 11:00:00,25698.5,19334.45226867221,may_2026
2026-05-11 12:00:00,25114.0,19251.934098209862,may_2026
2026-05-11 13:00:00,24326.0,19088.62233822508,may_2026
2026-05-11 14:00:00,23860.5,19004.18099225445,may_2026
2026-05-11 15:00:00,23726.5,19521.196252383725,may_2026
2026-05-11 16:00:00,25049.5,21242.10384386673,may_2026
2026-05-11 17:00:00,27157.0,23715.330734357576,may_2026
2026-05-11 18:00:00,28809.0,25295.67957581661,may_2026
2026-05-11 19:00:00,29783.5,26169.832178730387,may_2026
2026-05-11 20:00:00,29943.0,26359.393242565904,may_2026
2026-05-11 21:00:00,29424.0,25806.667255709523,may_2026
2026-05-11 22:00:00,27017.5,23722.122895059274,may_2026
2026-05-11 23:00:00,24262.5,21635.150026673702,may_2026
2026-05-12 00:00:00,23404.0,23325.78455381326,may_2026
2026-05-12 01:00:00,23341.5,22943.241337342643,may_2026
2026-05-12 02:00:00,22304.5,22368.882081411084,may_2026
2026-05-12 03:00:00,21737.5,21481.08147661724,may_2026
2026-05-12 04:00:00,20978.0,20944.25016150834,may_2026
2026-05-12 05:00:00,20542.5,21108.295200501972,may_2026
2026-05-12 06:00:00,23168.0,22977.876324821053,may_2026
2026-05-12 07:00:00,25827.0,25142.831448522276,may_2026
2026-05-12 08:00:00,25666.0,25532.600186631214,may_2026
2026-05-12 09:00:00,24015.0,24788.314224424306,may_2026
2026-05-12 10:00:00,22354.5,23463.172333023696,may_2026
2026-05-12 11:00:00,21660.5,22711.090389927696,may_2026
2026-05-12 12:00:00,21800.5,22627.340808687015,may_2026
2026-05-12 13:00:00,21745.0,22232.845339647858,may_2026
2026-05-12 14:00:00,21319.5,22117.935536346962,may_2026
2026-05-12 15:00:00,20937.0,22647.957377744464,may_2026
2026-05-12 16:00:00,22116.5,24629.787187340127,may_2026
2026-05-12 17:00:00,23730.5,27485.23173075893,may_2026
2026-05-12 18:00:00,25381.0,29365.56023428837,may_2026
2026-05-12 19:00:00,27430.0,30338.77931200165,may_2026
2026-05-12 20:00:00,27858.0,30660.7396104084,may_2026
2026-05-12 21:00:00,28156.5,30001.018374204403,may_2026
2026-05-12 22:00:00,26521.5,27549.06331382568,may_2026
2026-05-12 23:00:00,23382.5,25026.728455206347,may_2026
2026-05-13 00:00:00,22535.5,22017.935641675907,may_2026
2026-05-13 01:00:00,21943.5,21375.038791002673,may_2026
2026-05-13 02:00:00,21391.5,20677.24268428558,may_2026
2026-05-13 03:00:00,20385.5,19902.01377041244,may_2026
2026-05-13 04:00:00,19371.0,19414.43011004715,may_2026
2026-05-13 05:00:00,19459.0,19551.430251178455,may_2026
2026-05-13 06:00:00,22400.0,21442.111045572445,may_2026
2026-05-13 07:00:00,24814.0,23529.080648264167,may_2026
2026-05-13 08:00:00,25527.0,23905.34669897389,may_2026
2026-05-13 09:00:00,25227.5,23148.723242670014,may_2026
2026-05-13 10:00:00,24277.5,21912.305815872543,may_2026
2026-05-13 11:00:00,23042.0,21232.225345521703,may_2026
2026-05-13 12:00:00,23000.0,21192.80359930511,may_2026
2026-05-13 13:00:00,22994.0,20799.390852562254,may_2026
2026-05-13 14:00:00,22249.0,20661.77228885719,may_2026
2026-05-13 15:00:00,22634.0,21039.347512718727,may_2026
2026-05-13 16:00:00,24501.5,22857.361092171755,may_2026
2026-05-13 17:00:00,27084.0,25362.250997528874,may_2026
2026-05-13 18:00:00,28701.5,27010.402528638682,may_2026
2026-05-13 19:00:00,29012.5,27984.131645237805,may_2026
2026-05-13 20:00:00,29542.0,28188.536727784005,may_2026
2026-05-13 21:00:00,29525.0,27578.106835109742,may_2026
2026-05-13 22:00:00,26687.5,25329.872857072427,may_2026
2026-05-13 23:00:00,23725.5,22866.250017038707,may_2026
2026-05-14 00:00:00,23159.5,22720.651298078268,may_2026
2026-05-14 01:00:00,22380.0,22236.097610593657,may_2026
2026-05-14 02:00:00,21470.0,21529.003066919242,may_2026
2026-05-14 03:00:00,20786.5,20624.388870142066,may_2026
2026-05-14 04:00:00,20524.0,19995.549439914525,may_2026
2026-05-14 05:00:00,21080.5,20073.39271418228,may_2026
2026-05-14 06:00:00,24008.5,22022.48785796372,may_2026
2026-05-14 07:00:00,26433.0,23993.312412832638,may_2026
2026-05-14 08:00:00,26271.5,24310.228516769446,may_2026
2026-05-14 09:00:00,25859.0,23503.495433678105,may_2026
2026-05-14 10:00:00,24597.5,22240.5690955659,may_2026
2026-05-14 11:00:00,23724.0,21387.069840543318,may_2026
2026-05-14 12:00:00,23404.0,21126.61981315649,may_2026
2026-05-14 13:00:00,22757.5,21122.76456556893,may_2026
2026-05-14 14:00:00,22730.5,20751.644492268977,may_2026
2026-05-14 15:00:00,22743.0,21190.937145681935,may_2026
2026-05-14 16:00:00,24418.0,22901.468283685783,may_2026
2026-05-14 17:00:00,26418.5,25239.689837376787,may_2026
2026-05-14 18:00:00,28715.0,26896.941004962948,may_2026
2026-05-14 19:00:00,29664.5,27612.0829354833,may_2026
2026-05-14 20:00:00,29126.5,27826.09718018642,may_2026
2026-05-14 21:00:00,28821.5,27240.56828449308,may_2026
2026-05-14 22:00:00,26409.5,24917.97879388476,may_2026
2026-05-14 23:00:00,23692.5,22445.325080139304,may_2026
2026-05-15 00:00:00,22900.0,22782.306602466488,may_2026
2026-05-15 01:00:00,22359.5,22279.956894213574,may_2026
2026-05-15 02:00:00,21577.0,21515.193462080275,may_2026
2026-05-15 03:00:00,20576.5,20627.83181836817,may_2026
2026-05-15 04:00:00,20200.5,20021.620360780562,may_2026
2026-05-15 05:00:00,20239.0,20125.423673926583,may_2026
2026-05-15 06:00:00,23192.5,22138.878885948634,may_2026
2026-05-15 07:00:00,26042.5,24099.558387711935,may_2026
2026-05-15 08:00:00,25536.0,24289.231885701694,may_2026
2026-05-15 09:00:00,24028.0,23486.369962693963,may_2026
2026-05-15 10:00:00,23443.0,22173.83688634411,may_2026
2026-05-15 11:00:00,23120.0,21334.38311922415,may_2026
2026-05-15 12:00:00,22950.5,21136.23676817505,may_2026
2026-05-15 13:00:00,22167.5,20850.91194494502,may_2026
2026-05-15 14:00:00,21517.0,20600.561762869707,may_2026
2026-05-15 15:00:00,22119.0,20858.124437394432,may_2026
2026-05-15 16:00:00,23679.0,22499.914822493338,may_2026
2026-05-15 17:00:00,26177.0,24825.66478411207,may_2026
2026-05-15 18:00:00,28096.5,26392.736324604994,may_2026
2026-05-15 19:00:00,29673.0,27212.398147695094,may_2026
2026-05-15 20:00:00,29416.0,27271.746802617516,may_2026
2026-05-15 21:00:00,28855.0,26782.784337960078,may_2026
2026-05-15 22:00:00,26829.5,24590.23177391497,may_2026
2026-05-15 23:00:00,23950.5,22195.764212092054,may_2026
2026-05-16 00:00:00,22977.5,22975.457193367154,may_2026
2026-05-16 01:00:00,22591.5,22434.32710074009,may_2026
2026-05-16 02:00:00,22011.5,21680.401869903653,may_2026
2026-05-16 03:00:00,21324.0,20788.608118890443,may_2026
2026-05-16 04:00:00,20695.5,20255.476711662526,may_2026
2026-05-16 05:00:00,19893.0,20405.982525672734,may_2026
2026-05-16 06:00:00,21105.0,22570.92035937355,may_2026
2026-05-16 07:00:00,21578.0,24659.45336996176,may_2026
2026-05-16 08:00:00,21374.5,24773.387459593814,may_2026
2026-05-16 09:00:00,20953.5,23882.73720847151,may_2026
2026-05-16 10:00:00,21232.0,22687.791882956695,may_2026
2026-05-16 11:00:00,21921.5,22038.033938203713,may_2026
2026-05-16 12:00:00,22306.5,21949.234498283295,may_2026
2026-05-16 13:00:00,22382.5,21500.773787084083,may_2026
2026-05-16 14:00:00,22379.5,21269.648463017766,may_2026
2026-05-16 15:00:00,23151.5,21638.63115236477,may_2026
2026-05-16 16:00:00,24676.0,23369.973431027207,may_2026
2026-05-16 17:00:00,26557.0,25853.336798958495,may_2026
2026-05-16 18:00:00,27864.0,27558.08366247453,may_2026
2026-05-16 19:00:00,27709.5,28506.40012119613,may_2026
2026-05-16 20:00:00,27021.5,28597.06346272739,may_2026
2026-05-16 21:00:00,26584.5,28014.940172287388,may_2026
2026-05-16 22:00:00,24318.5,25673.550192488106,may_2026
2026-05-16 23:00:00,22226.5,23112.709314901756,may_2026
2026-05-17 00:00:00,21311.0,21681.884369746775,may_2026
2026-05-17 01:00:00,20896.5,21350.000866415205,may_2026
2026-05-17 02:00:00,20180.5,20695.524237998725,may_2026
2026-05-17 03:00:00,18957.0,19838.24176921964,may_2026
2026-05-17 04:00:00,18392.5,19298.00670010189,may_2026
2026-05-17 05:00:00,17621.49,19349.468802913747,may_2026
2026-05-17 06:00:00,17728.5,21350.368670227344,may_2026
2026-05-17 07:00:00,17762.0,23299.611447203,may_2026
2026-05-17 08:00:00,17953.0,23495.43603148561,may_2026
2026-05-17 09:00:00,18252.5,22800.37743500938,may_2026
2026-05-17 10:00:00,18648.0,21845.949837428387,may_2026
2026-05-17 11:00:00,18438.5,21335.150360048145,may_2026
2026-05-17 12:00:00,18607.0,21187.4949248273,may_2026
2026-05-17 13:00:00,18160.0,20855.213934515225,may_2026
2026-05-17 14:00:00,17943.5,20698.49177819378,may_2026
2026-05-17 15:00:00,19058.0,21078.488912456938,may_2026
2026-05-17 16:00:00,21519.5,22719.811918620842,may_2026
2026-05-17 17:00:00,24580.0,25269.9309036895,may_2026
2026-05-17 18:00:00,26834.5,27040.30462235505,may_2026
2026-05-17 19:00:00,27341.0,28005.42788932194,may_2026
2026-05-17 20:00:00,27382.0,28127.971571378563,may_2026
2026-05-17 21:00:00,26572.0,27730.786961904505,may_2026
2026-05-17 22:00:00,24842.0,25553.12033555784,may_2026
2026-05-17 23:00:00,22400.0,23118.92408490697,may_2026
2026-05-18 00:00:00,21540.0,21568.244336625226,may_2026
2026-05-18 01:00:00,21534.0,21186.327903867674,may_2026
2026-05-18 02:00:00,21158.0,20541.321386982825,may_2026
2026-05-18 03:00:00,20696.5,19721.929338204016,may_2026
2026-05-18 04:00:00,19900.0,19220.56340168832,may_2026
2026-05-18 05:00:00,20317.0,19187.383286110613,may_2026
2026-05-18 06:00:00,22839.5,20979.585575780835,may_2026
2026-05-18 07:00:00,26416.0,22757.851643451253,may_2026
2026-05-18 08:00:00,26545.0,23028.35977304044,may_2026
2026-05-18 09:00:00,26113.5,22499.765256130184,may_2026
2026-05-18 10:00:00,26405.5,21698.343505633704,may_2026
2026-05-18 11:00:00,26132.5,21251.719512525313,may_2026
2026-05-18 12:00:00,25815.5,21249.854312719817,may_2026
2026-05-18 13:00:00,25184.5,20898.13337844224,may_2026
2026-05-18 14:00:00,24220.0,20748.461125784306,may_2026
2026-05-18 15:00:00,24692.0,21264.095084821904,may_2026
2026-05-18 16:00:00,26620.5,23074.86940894122,may_2026
2026-05-18 17:00:00,28483.5,25572.324139493743,may_2026
2026-05-18 18:00:00,29154.5,27313.187628435688,may_2026
2026-05-18 19:00:00,30109.0,28208.390892980147,may_2026
2026-05-18 20:00:00,29109.0,28271.981549880566,may_2026
2026-05-18 21:00:00,27739.0,27777.68626944067,may_2026
2026-05-18 22:00:00,24845.5,25598.86185298601,may_2026
2026-05-18 23:00:00,22180.0,23116.42403411036,may_2026
2026-05-19 00:00:00,20987.5,21403.2780727686,may_2026
2026-05-19 01:00:00,20390.5,21102.30871485094,may_2026
2026-05-19 02:00:00,19595.5,20565.43286840859,may_2026
2026-05-19 03:00:00,18439.5,19795.07492155276,may_2026
2026-05-19 04:00:00,18482.0,19223.109182825487,may_2026
2026-05-19 05:00:00,18458.5,19185.764762732742,may_2026
2026-05-19 06:00:00,21168.5,21036.98730479805,may_2026
2026-05-19 07:00:00,25056.0,23037.012754801064,may_2026
2026-05-19 08:00:00,26679.0,23401.245398073217,may_2026
2026-05-19 09:00:00,26863.0,22924.294513953268,may_2026
2026-05-19 10:00:00,26064.0,22319.838601937678,may_2026
2026-05-19 11:00:00,25321.5,21858.36510742137,may_2026
2026-05-19 12:00:00,24905.5,21689.15781507826,may_2026
2026-05-19 13:00:00,24277.5,21356.446978658776,may_2026
2026-05-19 14:00:00,23704.0,21083.545434360574,may_2026
2026-05-19 15:00:00,23914.0,21683.471676369485,may_2026
2026-05-19 16:00:00,25020.0,23543.827540674167,may_2026
2026-05-19 17:00:00,27440.5,25953.926978656196,may_2026
2026-05-19 18:00:00,28411.0,27648.161043235123,may_2026
2026-05-19 19:00:00,28646.5,28474.381461635006,may_2026
2026-05-19 20:00:00,28010.5,28463.531010828196,may_2026
2026-05-19 21:00:00,27398.0,27821.27841453173,may_2026
2026-05-19 22:00:00,24762.0,25535.19796208046,may_2026
2026-05-19 23:00:00,22159.0,23026.485627478476,may_2026
2026-05-20 00:00:00,21270.5,21311.350473429597,may_2026
2026-05-20 01:00:00,21183.5,20948.955487684154,may_2026
2026-05-20 02:00:00,20887.0,20342.14275239724,may_2026
2026-05-20 03:00:00,19918.0,19495.321709172687,may_2026
2026-05-20 04:00:00,19128.0,19010.57800432897,may_2026
2026-05-20 05:00:00,19425.0,18988.477512059282,may_2026
2026-05-20 06:00:00,22086.5,20875.86592414034,may_2026
2026-05-20 07:00:00,25043.0,22973.991557021785,may_2026
2026-05-20 08:00:00,25738.5,23342.2288705734,may_2026
2026-05-20 09:00:00,25455.0,22864.426838170344,may_2026
2026-05-20 10:00:00,23996.5,22143.844349499424,may_2026
2026-05-20 11:00:00,23883.5,21632.546011712646,may_2026
2026-05-20 12:00:00,24471.0,21537.797231524513,may_2026
2026-05-20 13:00:00,23623.5,21245.42263335098,may_2026
2026-05-20 14:00:00,22711.0,20935.132503213023,may_2026
2026-05-20 15:00:00,22676.5,21411.35298938456,may_2026
2026-05-20 16:00:00,23746.5,23017.695731796786,may_2026
2026-05-20 17:00:00,25631.0,25239.666704661322,may_2026
2026-05-20 18:00:00,26745.5,26730.315262527532,may_2026
2026-05-20 19:00:00,28049.0,27456.699142036323,may_2026
2026-05-20 20:00:00,27648.5,27299.53587430396,may_2026
2026-05-20 21:00:00,27078.0,26703.904979754447,may_2026
2026-05-20 22:00:00,24676.5,24485.454821228286,may_2026
2026-05-20 23:00:00,22919.5,22052.404330177615,may_2026
2026-05-21 00:00:00,22132.0,22523.9057618356,may_2026
2026-05-21 01:00:00,21913.5,22271.27586483758,may_2026
2026-05-21 02:00:00,21086.0,21563.756308192056,may_2026
2026-05-21 03:00:00,19834.0,20508.663382258514,may_2026
2026-05-21 04:00:00,19314.5,19834.267273847512,may_2026
2026-05-21 05:00:00,19295.0,19712.596915298247,may_2026
2026-05-21 06:00:00,22089.5,21712.763162061994,may_2026
2026-05-21 07:00:00,26055.5,23939.246595382683,may_2026
2026-05-21 08:00:00,26366.0,24320.22249830689,may_2026
2026-05-21 09:00:00,26100.0,23846.649130656522,may_2026
2026-05-21 10:00:00,24748.5,23036.661975984203,may_2026
2026-05-21 11:00:00,23012.5,22476.15857594944,may_2026
2026-05-21 12:00:00,21645.5,22259.05725613805,may_2026
2026-05-21 13:00:00,20602.5,21677.742119552757,may_2026
2026-05-21 14:00:00,20227.0,21223.43876935637,may_2026
2026-05-21 15:00:00,20735.5,21453.252824136292,may_2026
2026-05-21 16:00:00,22874.5,22959.43286227474,may_2026
2026-05-21 17:00:00,25008.5,25163.86984519007,may_2026
2026-05-21 18:00:00,27132.5,26579.238694036776,may_2026
2026-05-21 19:00:00,28133.0,27290.62726584156,may_2026
2026-05-21 20:00:00,27983.5,27118.337515471827,may_2026
2026-05-21 21:00:00,27526.0,26535.705991945964,may_2026
2026-05-21 22:00:00,25570.0,24247.549195960928,may_2026
2026-05-21 23:00:00,23137.0,21871.531707991115,may_2026
2026-05-22 00:00:00,21771.0,22213.15564750977,may_2026
2026-05-22 01:00:00,21246.0,21783.14956109278,may_2026
2026-05-22 02:00:00,20957.5,21026.368129014434,may_2026
2026-05-22 03:00:00,20208.0,20052.61728144946,may_2026
2026-05-22 04:00:00,19351.5,19488.982562383168,may_2026
2026-05-22 05:00:00,19543.0,19481.47664623319,may_2026
2026-05-22 06:00:00,22040.5,21482.77646229426,may_2026
2026-05-22 07:00:00,23813.0,23667.742237328606,may_2026
2026-05-22 08:00:00,23610.5,23881.98416280524,may_2026
2026-05-22 09:00:00,21663.0,23292.234840172954,may_2026
2026-05-22 10:00:00,19759.0,22363.216956794266,may_2026
2026-05-22 11:00:00,18415.0,21643.760054912076,may_2026
2026-05-22 12:00:00,17902.0,21355.08806812765,may_2026
2026-05-22 13:00:00,17621.49,20765.320887901267,may_2026
2026-05-22 14:00:00,17621.49,20277.602476117467,may_2026
2026-05-22 15:00:00,17837.5,20636.062376023565,may_2026
2026-05-22 16:00:00,20010.0,22209.894146948016,may_2026
2026-05-22 17:00:00,22776.5,24391.351040594967,may_2026
2026-05-22 18:00:00,25186.0,25871.842250473168,may_2026
2026-05-22 19:00:00,26271.5,26742.387073799666,may_2026
2026-05-22 20:00:00,26252.0,26653.85760956069,may_2026
2026-05-22 21:00:00,26124.5,26177.398795863886,may_2026
2026-05-22 22:00:00,25497.0,24031.51499102719,may_2026
2026-05-22 23:00:00,22657.5,21715.65854405011,may_2026
2026-05-23 00:00:00,21877.5,21246.89301694002,may_2026
2026-05-23 01:00:00,21100.0,20504.174265311784,may_2026
2026-05-23 02:00:00,20314.5,19830.530259593605,may_2026
2026-05-23 03:00:00,19445.5,18979.07019314819,may_2026
2026-05-23 04:00:00,18623.5,18532.738479868593,may_2026
2026-05-23 05:00:00,18627.0,18665.311942403696,may_2026
2026-05-23 06:00:00,18850.0,20727.41312702285,may_2026
2026-05-23 07:00:00,19110.0,22885.499719047486,may_2026
2026-05-23 08:00:00,19090.0,23147.938583679406,may_2026
2026-05-23 09:00:00,18238.0,22490.35856983418,may_2026
2026-05-23 10:00:00,17621.49,21503.421715769924,may_2026
2026-05-23 11:00:00,17621.49,20741.474781666006,may_2026
2026-05-23 12:00:00,17621.49,20460.911278794232,may_2026
2026-05-23 13:00:00,17621.49,19957.935207120056,may_2026
2026-05-23 14:00:00,17621.49,19605.521958658956,may_2026
2026-05-23 15:00:00,17621.49,19921.891040750375,may_2026
2026-05-23 16:00:00,17621.49,21575.06582126754,may_2026
2026-05-23 17:00:00,20719.0,23843.918050730255,may_2026
2026-05-23 18:00:00,23431.0,25450.345062086377,may_2026
2026-05-23 19:00:00,24675.5,26286.597251119765,may_2026
2026-05-23 20:00:00,24633.0,26176.568650183573,may_2026
2026-05-23 21:00:00,24878.5,25695.8370891119,may_2026
2026-05-23 22:00:00,23845.5,23776.418473054135,may_2026
2026-05-23 23:00:00,22106.5,21543.850899245488,may_2026
2026-05-24 00:00:00,21209.5,21474.55460871392,may_2026
2026-05-24 01:00:00,20515.0,21136.62460048192,may_2026
2026-05-24 02:00:00,19606.0,20483.559984780477,may_2026
2026-05-24 03:00:00,18613.5,19560.010926298026,may_2026
2026-05-24 04:00:00,18143.5,18965.42888085659,may_2026
2026-05-24 05:00:00,17621.49,19014.56830021248,may_2026
2026-05-24 06:00:00,17621.49,20875.3912931131,may_2026
2026-05-24 07:00:00,17621.49,22846.84534337167,may_2026
2026-05-24 08:00:00,17621.49,23031.616448104705,may_2026
2026-05-24 09:00:00,17621.49,22304.961129294294,may_2026
2026-05-24 10:00:00,17621.49,21305.8770319538,may_2026
2026-05-24 11:00:00,17621.49,20615.07029558681,may_2026
2026-05-24 12:00:00,17621.49,20354.894731852695,may_2026
2026-05-24 13:00:00,17621.49,19970.028468380115,may_2026
2026-05-24 14:00:00,17621.49,19755.554954636504,may_2026
2026-05-24 15:00:00,17621.49,20119.78809864757,may_2026
2026-05-24 16:00:00,17621.49,21605.210978771,may_2026
2026-05-24 17:00:00,20040.0,23936.623752748554,may_2026
2026-05-24 18:00:00,23203.0,25619.89516176393,may_2026
2026-05-24 19:00:00,24807.0,26478.0243674218,may_2026
2026-05-24 20:00:00,25519.5,26359.48100697072,may_2026
2026-05-24 21:00:00,25570.0,26107.388641850885,may_2026
2026-05-24 22:00:00,24787.5,24315.1196630306,may_2026
2026-05-24 23:00:00,23162.5,22129.130088492177,may_2026
2026-05-25 00:00:00,21899.5,22472.605268705247,may_2026
2026-05-25 01:00:00,20907.0,22132.408028300422,may_2026
2026-05-25 02:00:00,20241.5,21432.134810948966,may_2026
2026-05-25 03:00:00,19723.5,20478.44248494378,may_2026
2026-05-25 04:00:00,18823.5,19905.518693776696,may_2026
2026-05-25 05:00:00,18479.5,19926.51493383186,may_2026
2026-05-25 06:00:00,18938.5,21678.961119707983,may_2026
2026-05-25 07:00:00,19082.5,23468.06470257193,may_2026
2026-05-25 08:00:00,18801.5,23614.508985535405,may_2026
2026-05-25 09:00:00,17802.5,22969.59943518969,may_2026
2026-05-25 10:00:00,17621.49,22120.64133330349,may_2026
2026-05-25 11:00:00,17621.49,21740.365009912657,may_2026
2026-05-25 12:00:00,17621.49,21714.95386857482,may_2026
2026-05-25 13:00:00,17621.49,21504.10553585907,may_2026
2026-05-25 14:00:00,17621.49,21328.920111192034,may_2026
2026-05-25 15:00:00,17621.49,21697.158077928867,may_2026
2026-05-25 16:00:00,19071.0,23139.604583854485,may_2026
2026-05-25 17:00:00,22827.0,25728.09945470689,may_2026
2026-05-25 18:00:00,25529.5,27807.947833809947,may_2026
2026-05-25 19:00:00,27101.0,28910.2858141007,may_2026
2026-05-25 20:00:00,27169.0,28798.825658389844,may_2026
2026-05-25 21:00:00,27527.0,28224.917439301815,may_2026
2026-05-25 22:00:00,26443.5,26285.48795585114,may_2026
2026-05-25 23:00:00,23997.5,24019.5254601998,may_2026
2026-05-26 00:00:00,22887.0,23009.15388930283,may_2026
2026-05-26 01:00:00,22765.5,22513.278594673717,may_2026
2026-05-26 02:00:00,21674.0,21872.288927752314,may_2026
2026-05-26 03:00:00,21527.5,21048.349881062048,may_2026
2026-05-26 04:00:00,21006.5,20510.163621947773,may_2026
2026-05-26 05:00:00,20403.0,20567.681404214825,may_2026
2026-05-26 06:00:00,22587.0,22238.245880584913,may_2026
2026-05-26 07:00:00,24423.0,23883.4373106514,may_2026
2026-05-26 08:00:00,24058.0,24035.020062364918,may_2026
2026-05-26 09:00:00,22991.5,23375.794900226865,may_2026
2026-05-26 10:00:00,21829.0,22758.87206128933,may_2026
2026-05-26 11:00:00,21398.0,22401.293848542642,may_2026
2026-05-26 12:00:00,21428.0,22334.48005665355,may_2026
2026-05-26 13:00:00,21558.0,22154.37703631424,may_2026
2026-05-26 14:00:00,21967.5,21978.392222400285,may_2026
2026-05-26 15:00:00,22525.0,22293.047823445548,may_2026
2026-05-26 16:00:00,24444.0,23769.003873209753,may_2026
2026-05-26 17:00:00,26821.5,26615.71448573323,may_2026
2026-05-26 18:00:00,28519.5,28806.453029476776,may_2026
2026-05-26 19:00:00,29675.5,29875.581187711774,may_2026
2026-05-26 20:00:00,29320.0,29959.226251069125,may_2026
2026-05-26 21:00:00,28943.0,29743.55793490616,may_2026
2026-05-26 22:00:00,27125.5,27974.242925929422,may_2026
2026-05-26 23:00:00,24675.0,25545.76853702534,may_2026
2026-05-27 00:00:00,24012.0,23739.481578616203,may_2026
2026-05-27 01:00:00,22634.0,23333.084946952913,may_2026
2026-05-27 02:00:00,21998.5,22635.618505118542,may_2026
2026-05-27 03:00:00,21189.5,21848.056519340502,may_2026
2026-05-27 04:00:00,20327.0,21225.4396547117,may_2026
2026-05-27 05:00:00,19724.5,21134.658927514098,may_2026
2026-05-27 06:00:00,21510.5,22950.1471010325,may_2026
2026-05-27 07:00:00,23222.0,24846.640948117307,may_2026
2026-05-27 08:00:00,23277.0,25017.89940511624,may_2026
2026-05-27 09:00:00,21689.0,24272.74572120729,may_2026
2026-05-27 10:00:00,19636.0,23339.510468136337,may_2026
2026-05-27 11:00:00,18670.0,22720.256932702632,may_2026
2026-05-27 12:00:00,18528.0,22432.44428681237,may_2026
2026-05-27 13:00:00,18091.0,22066.784544687704,may_2026
2026-05-27 14:00:00,17775.5,21831.77046942015,may_2026
2026-05-27 15:00:00,18432.0,22112.570869193856,may_2026
2026-05-27 16:00:00,20301.5,23684.884001814808,may_2026
2026-05-27 17:00:00,23278.0,26504.53402718821,may_2026
2026-05-27 18:00:00,25418.5,28703.71481756764,may_2026
2026-05-27 19:00:00,26871.0,29909.17853564742,may_2026
2026-05-27 20:00:00,26983.0,30019.62647417864,may_2026
2026-05-27 21:00:00,26813.0,29729.193674955288,may_2026
2026-05-27 22:00:00,25366.5,27862.168696946155,may_2026
2026-05-27 23:00:00,23202.0,25320.06647368613,may_2026
2026-05-28 00:00:00,22222.0,22338.516067411576,may_2026
2026-05-28 01:00:00,21435.5,21823.390445141675,may_2026
2026-05-28 02:00:00,20441.5,21110.809058446517,may_2026
2026-05-28 03:00:00,19449.0,20287.215486895228,may_2026
2026-05-28 04:00:00,18668.5,19608.34901171525,may_2026
2026-05-28 05:00:00,18447.0,19411.541352634653,may_2026
2026-05-28 06:00:00,20169.0,20974.04601167546,may_2026
2026-05-28 07:00:00,21519.0,22576.523192968998,may_2026
2026-05-28 08:00:00,22331.0,22609.967245204363,may_2026
2026-05-28 09:00:00,21088.0,21726.486333262696,may_2026
2026-05-28 10:00:00,19731.5,20662.056339226216,may_2026
2026-05-28 11:00:00,19459.5,19886.268571600416,may_2026
2026-05-28 12:00:00,19711.5,19536.48310689815,may_2026
2026-05-28 13:00:00,19757.0,19237.117445188676,may_2026
2026-05-28 14:00:00,20208.0,19050.195547267078,may_2026
2026-05-28 15:00:00,21698.5,19319.384640811924,may_2026
2026-05-28 16:00:00,23484.5,20617.716536347027,may_2026
2026-05-28 17:00:00,25752.5,23006.816344629096,may_2026
2026-05-28 18:00:00,27198.0,24795.55506756853,may_2026
2026-05-28 19:00:00,28599.5,25797.5288161005,may_2026
2026-05-28 20:00:00,28369.5,25722.25430597162,may_2026
2026-05-28 21:00:00,28163.0,25478.976783045444,may_2026
2026-05-28 22:00:00,25813.0,23974.075889676133,may_2026
2026-05-28 23:00:00,23648.5,21880.935694856453,may_2026
2026-05-29 00:00:00,22246.5,22853.493344938302,may_2026
2026-05-29 01:00:00,21455.0,22305.190136760055,may_2026
2026-05-29 02:00:00,20584.5,21526.160016668982,may_2026
2026-05-29 03:00:00,19892.5,20660.657173613974,may_2026
2026-05-29 04:00:00,19675.5,19929.911427721338,may_2026
2026-05-29 05:00:00,19230.5,19707.904479917204,may_2026
2026-05-29 06:00:00,21182.5,21334.866541866642,may_2026
2026-05-29 07:00:00,22833.0,22966.291320742952,may_2026
2026-05-29 08:00:00,23500.5,23198.392581952616,may_2026
2026-05-29 09:00:00,23171.0,22372.83383298785,may_2026
2026-05-29 10:00:00,22056.5,21409.594992966744,may_2026
2026-05-29 11:00:00,21461.5,20902.886985697565,may_2026
2026-05-29 12:00:00,20188.5,20823.665842404676,may_2026
2026-05-29 13:00:00,19282.0,20541.58500878334,may_2026
2026-05-29 14:00:00,17920.0,20283.39069839892,may_2026
2026-05-29 15:00:00,17658.5,20635.09428653114,may_2026
2026-05-29 16:00:00,18696.5,22105.804907117257,may_2026
2026-05-29 17:00:00,21150.5,24714.254636778634,may_2026
2026-05-29 18:00:00,23467.5,26693.530751764738,may_2026
2026-05-29 19:00:00,25527.5,27788.705173240756,may_2026
2026-05-29 20:00:00,25636.0,27647.604295765144,may_2026
2026-05-29 21:00:00,25873.5,27300.758245936908,may_2026
2026-05-29 22:00:00,24792.5,25468.67770463791,may_2026
2026-05-29 23:00:00,22995.5,23148.214675886284,may_2026
2026-05-30 00:00:00,22228.0,22164.141241177214,may_2026
2026-05-30 01:00:00,21604.0,21599.393632707975,may_2026
2026-05-30 02:00:00,20320.5,20785.655700254327,may_2026
2026-05-30 03:00:00,19582.5,19920.121573427772,may_2026
2026-05-30 04:00:00,19154.0,19288.158552683028,may_2026
2026-05-30 05:00:00,18649.5,19042.155440962117,may_2026
2026-05-30 06:00:00,18647.5,20649.86050397329,may_2026
2026-05-30 07:00:00,18688.5,22130.347408483995,may_2026
2026-05-30 08:00:00,18510.5,22183.352893262974,may_2026
2026-05-30 09:00:00,17621.49,21383.985148602358,may_2026
2026-05-30 10:00:00,17621.49,20374.712169951785,may_2026
2026-05-30 11:00:00,17621.49,19780.2451535148,may_2026
2026-05-30 12:00:00,17621.49,19544.74925575912,may_2026
2026-05-30 13:00:00,17621.49,19191.012582383362,may_2026
2026-05-30 14:00:00,17621.49,18936.00236850601,may_2026
2026-05-30 15:00:00,17621.49,19293.778894944986,may_2026
2026-05-30 16:00:00,18301.0,20707.13976758058,may_2026
2026-05-30 17:00:00,22323.5,23274.822980469107,may_2026
2026-05-30 18:00:00,24170.0,25233.59004829538,may_2026
2026-05-30 19:00:00,24662.0,26550.62214087269,may_2026
2026-05-30 20:00:00,24936.5,26532.175425753434,may_2026
2026-05-30 21:00:00,24700.5,26306.97939589645,may_2026
2026-05-30 22:00:00,23831.5,24655.83704433051,may_2026
2026-05-30 23:00:00,22319.5,22460.312249928145,may_2026
2026-05-31 00:00:00,21270.5,21662.40392542409,may_2026
2026-05-31 01:00:00,20224.5,21059.753061617168,may_2026
2026-05-31 02:00:00,19343.5,20204.130390796272,may_2026
2026-05-31 03:00:00,18484.5,19362.05125060065,may_2026
2026-05-31 04:00:00,17728.5,18761.20341404204,may_2026
2026-05-31 05:00:00,17621.49,18525.388723355845,may_2026
2026-05-31 06:00:00,17621.49,19990.60045261131,may_2026
2026-05-31 07:00:00,17621.49,21432.21299700776,may_2026
2026-05-31 08:00:00,17621.49,21727.31014552925,may_2026
2026-05-31 09:00:00,17621.49,21054.08629097843,may_2026
2026-05-31 10:00:00,17621.49,20260.942239423926,may_2026
2026-05-31 11:00:00,17621.49,19836.35550187378,may_2026
2026-05-31 12:00:00,17621.49,19661.89170494543,may_2026
2026-05-31 13:00:00,17621.49,19447.537062316493,may_2026
2026-05-31 14:00:00,17621.49,19290.06994220169,may_2026
2026-05-31 15:00:00,17621.49,19649.969483643625,may_2026
2026-05-31 16:00:00,18306.0,21051.371911948292,may_2026
2026-05-31 17:00:00,20910.5,23794.70080885375,may_2026
2026-05-31 18:00:00,22963.5,25818.714352580642,may_2026
2026-05-31 19:00:00,24258.0,27076.24387767246,may_2026
2026-05-31 20:00:00,24591.5,27100.79021825432,may_2026
2026-05-31 21:00:00,24354.5,26878.089737442406,may_2026
2026-05-31 22:00:00,23584.0,25313.616366322476,may_2026
2026-05-31 23:00:00,21637.0,23189.784216409927,may_2026
