Timestamp,Year,Month,DayOfWeek,IsWeekend,Hour,HolidayFlag,Power_Load_kW,Temperature_C,Humidity_%,WindSpeed_mps,Precipitation_mm,Precipitation_mm_log,Daily_PostDispatch_Load,Weekly_PreDispatch_Projection,Load_previous_hour,Load_previous_day
2018-01-01 01:00:00,2018,1,1,0,1,0,493.09,20.47,66.9,10.35,0.51,0.41,508.96,518.78,,
2018-01-01 04:00:00,2018,1,1,0,4,0,488.29,27.66,58.72,7.86,0.02,0.02,522.95,518.78,,
2018-01-01 07:00:00,2018,1,1,0,7,0,538.37,15.35,36.77,4.67,0.05,0.05,526.93,518.78,,
2018-01-01 13:00:00,2018,1,1,0,13,0,404.34,22.89,83.71,11.05,0.22,0.2,506.71,516.85,,
2018-01-02 14:00:00,2018,1,2,0,14,0,433.59,20.38,43.12,0.51,0.18,0.17,481.05,500.17,,
2018-01-02 16:00:00,2018,1,2,0,16,0,536.92,23.2,30.63,8.09,0.05,0.05,486.28,500.17,,
2018-01-03 01:00:00,2018,1,3,0,1,0,411.85,15.0,39.98,0.28,0.1,0.1,484.8,500.17,,
2018-01-03 13:00:00,2018,1,3,0,13,0,490.72,19.23,69.9,1.16,0.05,0.05,495.15,501.82,,
2018-01-03 14:00:00,2018,1,3,0,14,0,444.68,23.9,41.42,5.62,0.32,0.28,495.61,501.05,490.72,433.59
2018-01-03 22:00:00,2018,1,3,0,22,0,518.07,21.15,54.7,5.03,0.25,0.22,503.84,503.49,,
2018-01-03 23:00:00,2018,1,3,0,23,0,576.9,16.23,60.92,0.64,0.0,0.0,504.84,504.67,518.07,
2018-01-04 03:00:00,2018,1,4,0,3,0,541.1,28.21,80.2,12.02,0.03,0.03,507.37,504.77,,
2018-01-04 14:00:00,2018,1,4,0,14,0,545.77,18.06,79.77,3.57,0.22,0.2,503.84,504.6,,444.68
2018-01-05 00:00:00,2018,1,5,0,0,0,514.81,22.44,61.03,14.45,0.68,0.52,494.06,504.52,,
2018-01-05 02:00:00,2018,1,5,0,2,0,500.26,15.0,60.18,3.22,0.82,0.6,496.82,504.77,,
2018-01-05 07:00:00,2018,1,5,0,7,0,459.89,22.19,72.42,7.64,0.08,0.08,492.79,503.45,,
2018-01-05 12:00:00,2018,1,5,0,12,0,512.88,19.82,45.68,3.15,0.08,0.08,497.53,504.94,,
2018-01-05 13:00:00,2018,1,5,0,13,0,496.28,25.85,74.98,11.79,0.01,0.01,498.42,504.96,512.88,
2018-01-05 14:00:00,2018,1,5,0,14,0,404.06,18.6,81.29,5.48,0.04,0.04,492.51,504.12,496.28,545.77
2018-01-05 20:00:00,2018,1,5,0,20,0,498.26,16.69,79.74,11.21,0.2,0.18,496.46,505.54,,
2018-01-06 08:00:00,2018,1,6,1,8,1,504.98,28.78,48.79,14.59,0.25,0.22,510.89,506.72,,
2018-01-07 00:00:00,2018,1,7,1,0,1,512.99,29.45,73.47,0.51,0.22,0.2,494.41,505.99,,
2018-01-07 03:00:00,2018,1,7,1,3,1,433.98,15.0,84.25,10.58,0.11,0.1,492.6,505.46,,
2018-01-07 06:00:00,2018,1,7,1,6,1,512.52,35.16,32.26,12.45,0.35,0.3,491.11,505.91,,
2018-01-07 13:00:00,2018,1,7,1,13,1,523.69,17.2,58.7,14.66,0.01,0.01,501.23,506.68,,
2018-01-07 23:00:00,2018,1,7,1,23,1,594.84,24.02,85.78,9.02,0.12,0.11,510.59,508.01,,
2018-01-08 03:00:00,2018,1,1,0,3,0,459.21,15.0,42.63,13.81,0.05,0.05,508.11,506.42,,433.98
2018-01-08 05:00:00,2018,1,1,0,5,0,517.06,31.94,34.76,2.3,0.96,0.67,506.95,506.64,,
2018-01-08 08:00:00,2018,1,1,0,8,0,500.65,15.0,52.34,1.19,0.03,0.03,509.45,506.41,,
2018-01-08 12:00:00,2018,1,1,0,12,0,531.28,23.23,61.62,8.44,0.15,0.14,515.41,507.83,,
2018-01-08 14:00:00,2018,1,1,0,14,0,446.46,15.0,34.93,1.76,0.03,0.03,512.89,508.35,,
2018-01-08 18:00:00,2018,1,1,0,18,0,523.66,36.36,35.24,0.43,0.23,0.21,512.51,509.45,,
2018-01-09 02:00:00,2018,1,2,0,2,0,508.66,26.04,68.11,6.85,0.23,0.21,503.61,509.52,,
2018-01-09 03:00:00,2018,1,2,0,3,0,519.27,24.88,83.62,8.38,0.11,0.1,506.12,509.52,508.66,459.21
2018-01-09 06:00:00,2018,1,2,0,6,0,502.91,15.0,53.37,2.2,0.05,0.05,503.59,509.77,,
2018-01-09 08:00:00,2018,1,2,0,8,0,517.89,24.07,65.02,5.56,0.23,0.21,500.2,508.97,,500.65
2018-01-09 12:00:00,2018,1,2,0,12,0,431.12,34.08,46.51,2.49,0.4,0.34,493.51,509.75,,531.28
2018-01-09 18:00:00,2018,1,2,0,18,0,528.54,28.91,33.51,13.5,0.5,0.41,504.99,511.97,,523.66
2018-01-09 22:00:00,2018,1,2,0,22,0,484.24,19.46,31.67,7.81,0.1,0.1,516.04,513.61,,
2018-01-10 00:00:00,2018,1,3,0,0,0,461.36,36.77,44.1,10.22,0.58,0.46,513.79,513.18,,
2018-01-10 01:00:00,2018,1,3,0,1,0,488.16,27.78,52.73,10.66,0.21,0.19,515.89,513.64,461.36,
2018-01-10 03:00:00,2018,1,3,0,3,0,504.09,16.68,51.05,14.4,0.15,0.14,513.88,513.54,,519.27
2018-01-10 10:00:00,2018,1,3,0,10,0,503.21,22.39,41.73,4.84,0.39,0.33,513.92,513.27,,
2018-01-10 15:00:00,2018,1,3,0,15,0,510.82,26.83,52.86,4.07,0.15,0.14,511.01,513.38,,
2018-01-10 17:00:00,2018,1,3,0,17,0,467.42,33.02,67.57,0.83,0.08,0.08,500.65,512.54,,
2018-01-11 10:00:00,2018,1,4,0,10,0,436.96,15.0,86.21,10.85,0.21,0.19,495.01,511.95,,503.21
2018-01-11 12:00:00,2018,1,4,0,12,0,606.11,24.3,55.66,5.29,0.08,0.08,505.08,513.28,,
2018-01-11 21:00:00,2018,1,4,0,21,0,497.02,15.48,37.77,12.27,0.04,0.04,503.67,512.99,,
2018-01-11 22:00:00,2018,1,4,0,22,0,383.28,33.22,66.04,2.95,0.06,0.06,498.29,512.13,497.02,
2018-01-12 03:00:00,2018,1,5,0,3,0,428.49,29.09,46.66,5.11,0.13,0.12,490.71,511.77,,
2018-01-12 09:00:00,2018,1,5,0,9,0,500.51,26.41,68.47,3.06,0.27,0.24,493.55,512.86,,
2018-01-12 13:00:00,2018,1,5,0,13,0,469.99,15.0,50.93,10.16,0.5,0.41,485.78,511.9,,
2018-01-12 15:00:00,2018,1,5,0,15,0,480.73,25.6,83.92,14.92,0.3,0.26,489.29,512.39,,
2018-01-12 16:00:00,2018,1,5,0,16,0,505.68,22.38,65.95,8.22,0.07,0.07,486.89,512.41,480.73,
2018-01-12 19:00:00,2018,1,5,0,19,0,438.11,28.63,35.72,8.85,0.6,0.47,487.93,511.94,,
2018-01-13 01:00:00,2018,1,6,1,1,1,468.87,27.06,56.35,4.37,0.23,0.21,502.57,511.85,,
2018-01-13 04:00:00,2018,1,6,1,4,1,470.53,33.27,67.58,11.06,0.15,0.14,500.38,511.28,,
2018-01-13 09:00:00,2018,1,6,1,9,1,515.36,23.71,82.37,6.52,0.16,0.15,501.24,511.73,,500.51
2018-01-13 16:00:00,2018,1,6,1,16,1,498.95,23.43,33.18,12.01,0.36,0.31,506.47,512.83,,505.68
2018-01-13 20:00:00,2018,1,6,1,20,1,527.35,24.85,78.96,9.18,0.63,0.49,502.74,513.39,,
2018-01-13 23:00:00,2018,1,6,1,23,1,554.94,23.49,81.16,5.11,0.05,0.05,507.31,513.63,,
2018-01-14 02:00:00,2018,1,7,1,2,1,565.27,30.44,51.59,11.03,0.03,0.03,514.59,514.59,,
2018-01-14 04:00:00,2018,1,7,1,4,1,534.1,20.96,34.25,5.55,0.17,0.16,518.31,515.04,,470.53
2018-01-14 05:00:00,2018,1,7,1,5,1,484.49,23.76,74.31,11.04,0.2,0.18,515.89,514.86,534.1,
2018-01-14 10:00:00,2018,1,7,1,10,1,459.09,27.44,46.46,1.48,0.47,0.39,512.52,514.74,,
2018-01-14 11:00:00,2018,1,7,1,11,1,604.62,24.49,75.76,8.35,0.16,0.15,515.57,515.6,459.09,
2018-01-14 12:00:00,2018,1,7,1,12,1,449.7,22.06,62.26,1.48,0.28,0.25,515.2,514.72,604.62,
2018-01-14 18:00:00,2018,1,7,1,18,1,499.39,26.42,79.4,10.79,0.03,0.03,514.8,515.05,,
2018-01-14 20:00:00,2018,1,7,1,20,1,503.79,18.88,83.26,3.19,0.37,0.31,513.18,514.75,,527.35
2018-01-15 05:00:00,2018,1,1,0,5,0,512.18,31.37,54.75,0.58,0.07,0.07,501.22,514.02,,484.49
2018-01-15 07:00:00,2018,1,1,0,7,0,474.65,33.71,30.48,9.77,0.34,0.29,500.27,513.61,,
2018-01-15 15:00:00,2018,1,1,0,15,0,573.77,21.85,70.56,2.67,0.03,0.03,492.07,511.98,,
2018-01-15 18:00:00,2018,1,1,0,18,0,499.05,21.69,30.88,1.41,0.02,0.02,490.9,511.9,,499.39
2018-01-16 09:00:00,2018,1,2,0,9,0,461.35,24.43,49.77,9.09,0.32,0.28,498.04,513.04,,
2018-01-16 23:00:00,2018,1,2,0,23,0,473.71,20.33,68.26,12.19,0.11,0.1,510.13,511.13,,
2018-01-17 01:00:00,2018,1,3,0,1,0,507.52,26.52,56.3,1.04,0.26,0.23,504.59,511.25,,
2018-01-17 15:00:00,2018,1,3,0,15,0,561.89,15.0,51.02,4.45,0.0,0.0,503.98,513.07,,
2018-01-17 23:00:00,2018,1,3,0,23,0,492.88,38.32,54.57,3.94,0.3,0.26,500.8,511.95,,473.71
2018-01-18 01:00:00,2018,1,4,0,1,0,525.72,19.36,30.96,11.43,0.07,0.07,503.39,512.42,,507.52
2018-01-18 08:00:00,2018,1,4,0,8,0,577.56,23.04,84.96,5.45,0.04,0.04,502.56,512.41,,
2018-01-18 11:00:00,2018,1,4,0,11,0,503.38,33.87,77.17,0.14,0.1,0.1,500.1,512.81,,
2018-01-18 15:00:00,2018,1,4,0,15,0,548.58,20.13,43.25,5.56,0.15,0.14,507.96,513.84,,561.89
2018-01-18 20:00:00,2018,1,4,0,20,0,552.92,20.51,45.04,1.32,0.05,0.05,519.18,514.43,,
2018-01-18 21:00:00,2018,1,4,0,21,0,412.06,15.0,73.13,6.97,0.1,0.1,514.22,513.91,552.92,
2018-01-18 22:00:00,2018,1,4,0,22,0,440.84,15.0,64.26,10.91,2.16,1.15,513.98,514.54,412.06,
2018-01-19 04:00:00,2018,1,5,0,4,0,581.43,18.53,52.58,8.24,0.04,0.04,520.37,515.86,,
2018-01-19 06:00:00,2018,1,5,0,6,0,414.83,19.77,55.37,1.22,0.16,0.15,510.6,514.45,,
2018-01-19 09:00:00,2018,1,5,0,9,0,498.37,32.77,51.86,9.2,0.03,0.03,509.3,514.62,,
2018-01-19 15:00:00,2018,1,5,0,15,0,453.01,22.93,39.7,13.08,0.25,0.22,490.24,513.97,,548.58
2018-01-19 22:00:00,2018,1,5,0,22,0,473.49,15.0,62.02,1.11,0.14,0.13,487.02,513.11,,440.84
2018-01-20 01:00:00,2018,1,6,1,1,1,448.24,28.52,59.13,6.21,0.09,0.09,486.3,512.45,,
2018-01-20 08:00:00,2018,1,6,1,8,1,494.38,30.25,60.51,14.14,0.15,0.14,484.64,512.3,,
2018-01-20 09:00:00,2018,1,6,1,9,1,488.95,19.84,82.11,11.46,0.05,0.05,484.24,512.14,494.38,498.37
2018-01-20 13:00:00,2018,1,6,1,13,1,471.21,28.48,83.46,14.05,0.02,0.02,490.61,512.21,,
2018-01-20 14:00:00,2018,1,6,1,14,1,486.25,19.25,72.18,3.47,0.23,0.21,489.28,511.9,471.21,
2018-01-20 15:00:00,2018,1,6,1,15,1,384.9,23.83,64.47,3.28,0.14,0.13,486.44,511.01,486.25,453.01
2018-01-20 19:00:00,2018,1,6,1,19,1,487.55,30.88,87.48,12.83,0.26,0.23,490.45,511.16,,
2018-01-20 20:00:00,2018,1,6,1,20,1,528.83,16.8,37.43,0.11,0.0,0.0,493.71,511.16,487.55,
2018-01-21 00:00:00,2018,1,7,1,0,1,493.6,28.58,58.19,2.35,0.1,0.1,504.77,512.04,,
2018-01-21 02:00:00,2018,1,7,1,2,1,419.68,32.57,52.18,0.72,0.76,0.57,502.74,510.62,,
2018-01-21 04:00:00,2018,1,7,1,4,1,462.18,30.81,54.55,9.92,0.03,0.03,499.99,510.24,,
2018-01-21 11:00:00,2018,1,7,1,11,1,574.0,27.35,63.48,12.31,0.36,0.31,500.62,509.94,,
2018-01-21 18:00:00,2018,1,7,1,18,1,456.22,26.8,81.0,3.63,0.09,0.09,503.46,509.4,,
2018-01-21 19:00:00,2018,1,7,1,19,1,430.86,27.13,64.43,2.76,0.02,0.02,501.1,509.25,456.22,487.55
2018-01-21 21:00:00,2018,1,7,1,21,1,595.47,24.66,34.01,2.85,0.13,0.12,505.15,510.3,,
2018-01-22 01:00:00,2018,1,1,0,1,0,475.64,15.0,64.15,12.81,0.1,0.1,494.55,509.79,,
2018-01-22 08:00:00,2018,1,1,0,8,0,488.05,21.72,44.64,14.76,0.55,0.44,497.4,509.55,,
2018-01-22 12:00:00,2018,1,1,0,12,0,525.05,23.69,65.68,12.86,0.65,0.5,491.86,510.5,,
2018-01-22 17:00:00,2018,1,1,0,17,0,527.17,24.58,62.07,8.36,0.04,0.04,489.3,509.43,,
2018-01-22 19:00:00,2018,1,1,0,19,0,528.53,36.02,34.74,0.89,0.06,0.06,493.82,509.71,,430.86
2018-01-23 04:00:00,2018,1,2,0,4,0,496.7,24.21,84.62,11.22,0.32,0.28,482.7,507.25,,
2018-01-23 08:00:00,2018,1,2,0,8,0,456.98,25.65,31.01,13.82,0.5,0.41,478.9,506.46,,488.05
2018-01-23 22:00:00,2018,1,2,0,22,0,504.33,20.69,67.75,12.81,0.06,0.06,488.17,505.32,,
2018-01-24 12:00:00,2018,1,3,0,12,0,560.06,34.12,56.3,1.73,0.32,0.28,504.5,506.48,,
2018-01-25 02:00:00,2018,1,4,0,2,0,426.07,15.0,30.94,12.53,0.05,0.05,493.8,504.54,,
2018-01-25 03:00:00,2018,1,4,0,3,0,557.19,27.53,83.06,14.22,0.88,0.63,497.04,505.23,426.07,
2018-01-25 05:00:00,2018,1,4,0,5,0,479.24,17.69,63.23,10.04,0.32,0.28,498.8,505.28,,
2018-01-25 08:00:00,2018,1,4,0,8,0,509.09,15.0,62.58,1.0,0.14,0.13,504.68,505.88,,
2018-01-25 09:00:00,2018,1,4,0,9,0,512.41,22.75,88.58,2.09,0.14,0.13,500.87,505.92,509.09,
2018-01-25 12:00:00,2018,1,4,0,12,0,541.52,25.12,61.47,10.2,0.73,0.55,496.24,504.77,,560.06
2018-01-25 17:00:00,2018,1,4,0,17,0,516.68,33.85,51.33,5.12,0.07,0.07,507.13,503.27,,
2018-01-25 20:00:00,2018,1,4,0,20,0,486.51,30.88,38.52,10.51,0.09,0.09,503.45,503.11,,
2018-01-26 00:00:00,2018,1,5,0,0,0,537.85,20.76,71.9,7.22,0.09,0.09,505.69,504.61,,
2018-01-26 08:00:00,2018,1,5,0,8,0,411.06,17.68,36.02,6.4,0.0,0.0,498.09,504.2,,509.09
2018-01-26 09:00:00,2018,1,5,0,9,0,574.8,24.38,46.09,3.12,0.02,0.02,500.69,504.66,411.06,512.41
2018-01-26 21:00:00,2018,1,5,0,21,0,523.57,29.83,56.15,13.73,0.01,0.01,511.52,507.11,,
2018-01-27 00:00:00,2018,1,6,1,0,1,579.66,32.42,35.03,13.01,0.04,0.04,520.13,509.01,,537.85
2018-01-27 01:00:00,2018,1,6,1,1,1,474.44,19.05,65.95,9.26,0.06,0.06,520.99,509.17,579.66,
2018-01-27 04:00:00,2018,1,6,1,4,1,502.79,26.56,81.41,12.22,0.0,0.0,513.28,508.78,,
2018-01-27 06:00:00,2018,1,6,1,6,1,415.38,15.0,40.01,12.77,0.11,0.1,509.74,508.8,,
2018-01-27 07:00:00,2018,1,6,1,7,1,576.48,26.05,70.21,10.53,0.16,0.15,515.52,509.2,415.38,
2018-01-27 16:00:00,2018,1,6,1,16,1,483.21,32.1,33.67,9.91,0.04,0.04,500.03,508.87,,
2018-01-27 22:00:00,2018,1,6,1,22,1,383.28,25.7,65.93,9.38,0.18,0.17,486.9,505.82,,
2018-01-27 23:00:00,2018,1,6,1,23,1,497.29,23.21,54.02,3.62,0.17,0.16,483.99,505.46,365.16,
2018-01-28 00:00:00,2018,1,7,1,0,1,488.45,31.63,66.73,10.62,0.25,0.22,480.19,505.43,497.29,579.66
2018-01-28 03:00:00,2018,1,7,1,3,1,556.33,18.94,84.63,4.26,0.2,0.18,491.23,507.26,,
2018-01-28 07:00:00,2018,1,7,1,7,1,502.96,23.95,72.93,0.98,0.01,0.01,491.79,508.83,,576.48
2018-01-28 09:00:00,2018,1,7,1,9,1,498.79,15.0,81.21,10.69,0.02,0.02,492.99,508.05,,
2018-01-28 16:00:00,2018,1,7,1,16,1,464.36,35.4,61.38,3.51,0.25,0.22,497.85,506.81,,483.21
2018-01-29 00:00:00,2018,1,1,0,0,0,482.87,26.42,30.71,1.86,0.46,0.38,502.48,506.73,,488.45
2018-01-29 01:00:00,2018,1,1,0,1,0,481.43,30.27,74.43,14.01,0.1,0.1,500.25,506.76,482.87,
2018-01-29 04:00:00,2018,1,1,0,4,0,444.47,15.0,65.83,0.41,0.11,0.1,487.75,506.19,,
2018-01-29 09:00:00,2018,1,1,0,9,0,443.55,15.0,30.86,5.07,0.15,0.14,491.99,507.8,,498.79
2018-01-29 10:00:00,2018,1,1,0,10,0,473.77,23.74,88.29,7.44,0.41,0.34,490.48,507.82,443.55,
2018-01-29 14:00:00,2018,1,1,0,14,0,487.98,20.38,34.06,4.78,0.04,0.04,492.65,507.62,,
2018-01-30 06:00:00,2018,1,2,0,6,0,464.78,18.68,44.53,1.45,0.31,0.27,502.32,510.43,,
2018-01-30 12:00:00,2018,1,2,0,12,0,395.9,32.04,45.76,4.09,0.49,0.4,494.87,509.2,,
2018-01-31 04:00:00,2018,1,3,0,4,0,508.54,27.13,80.75,9.76,0.17,0.16,493.99,509.88,,
2018-01-31 05:00:00,2018,1,3,0,5,0,490.8,18.42,81.37,9.75,0.01,0.01,491.42,509.96,508.54,
2018-01-31 09:00:00,2018,1,3,0,9,0,461.08,19.77,67.23,13.85,0.84,0.61,495.82,508.96,,
2018-01-31 14:00:00,2018,1,3,0,14,0,551.46,26.8,69.99,0.69,0.54,0.43,493.01,508.85,,
2018-01-31 16:00:00,2018,1,3,0,16,0,512.8,19.8,31.27,8.86,0.23,0.21,495.87,509.95,,
2018-01-31 20:00:00,2018,1,3,0,20,0,407.96,24.16,34.17,11.91,0.15,0.14,496.37,509.99,,
2018-02-01 01:00:00,2018,2,4,0,1,0,463.71,27.84,35.73,12.79,0.28,0.25,495.51,509.54,,
2018-02-01 03:00:00,2018,2,4,0,3,0,462.23,15.58,46.93,5.28,0.21,0.19,495.59,509.47,,
2018-02-01 04:00:00,2018,2,4,0,4,0,469.42,15.0,72.17,12.96,0.02,0.02,493.96,509.18,462.23,508.54
2018-02-01 06:00:00,2018,2,4,0,6,0,453.84,19.06,45.62,4.1,0.31,0.27,489.45,508.41,,
2018-02-01 12:00:00,2018,2,4,0,12,0,524.67,23.58,39.8,4.77,0.01,0.01,494.13,508.01,,
2018-02-01 14:00:00,2018,2,4,0,14,0,457.08,26.51,53.0,0.19,0.05,0.05,494.13,508.04,,551.46
2018-02-02 02:00:00,2018,2,5,0,2,0,535.39,19.43,50.14,4.66,0.48,0.39,506.91,510.03,,
2018-02-02 04:00:00,2018,2,5,0,4,0,531.62,28.81,59.9,10.5,0.13,0.12,509.91,509.51,,469.42
2018-02-02 05:00:00,2018,2,5,0,5,0,548.63,22.65,42.01,10.74,0.09,0.09,514.86,509.23,531.62,
2018-02-02 08:00:00,2018,2,5,0,8,0,463.64,40.0,48.81,12.27,0.09,0.09,518.14,509.88,,
2018-02-02 23:00:00,2018,2,5,0,23,0,510.38,15.0,69.84,3.37,0.41,0.34,506.73,507.97,,
2018-02-03 08:00:00,2018,2,6,1,8,1,546.91,36.37,54.4,2.53,0.15,0.14,505.37,507.91,,463.64
2018-02-03 10:00:00,2018,2,6,1,10,1,504.81,19.28,50.56,10.24,0.2,0.18,505.16,508.22,,
2018-02-03 19:00:00,2018,2,6,1,19,1,478.01,29.3,62.62,5.33,0.06,0.06,494.51,508.84,,
2018-02-04 00:00:00,2018,2,7,1,0,1,513.35,21.75,49.24,1.94,0.21,0.19,499.26,510.34,,
2018-02-04 05:00:00,2018,2,7,1,5,1,570.47,20.85,35.77,10.22,0.2,0.18,506.74,510.54,,
2018-02-04 23:00:00,2018,2,7,1,23,1,489.3,17.23,83.28,10.62,0.27,0.24,508.3,511.01,,
2018-02-05 02:00:00,2018,2,1,0,2,0,443.86,15.0,60.06,10.85,0.06,0.06,504.68,511.5,,
2018-02-05 03:00:00,2018,2,1,0,3,0,519.12,32.45,45.02,0.43,0.92,0.65,503.26,511.85,443.86,
2018-02-05 07:00:00,2018,2,1,0,7,0,615.08,35.78,48.51,14.53,0.21,0.19,504.45,512.02,,
2018-02-05 08:00:00,2018,2,1,0,8,0,468.11,27.5,60.82,11.27,0.01,0.01,504.05,511.61,622.77,
2018-02-05 10:00:00,2018,2,1,0,10,0,468.84,21.35,35.92,11.16,0.08,0.08,495.33,511.76,,
2018-02-05 13:00:00,2018,2,1,0,13,0,559.45,24.34,45.53,13.91,0.22,0.2,497.87,511.76,,
2018-02-05 17:00:00,2018,2,1,0,17,0,523.57,26.5,75.18,0.15,0.24,0.22,507.3,511.75,,
2018-02-05 21:00:00,2018,2,1,0,21,0,424.21,32.61,38.4,3.18,0.04,0.04,503.17,511.27,,
2018-02-06 02:00:00,2018,2,2,0,2,0,514.29,20.29,62.82,9.33,0.06,0.06,508.07,511.99,,443.86
2018-02-06 09:00:00,2018,2,2,0,9,0,463.45,28.93,67.73,8.25,0.02,0.02,502.45,512.79,,
2018-02-06 15:00:00,2018,2,2,0,15,0,559.42,25.57,41.59,10.7,0.79,0.58,507.49,513.53,,
2018-02-06 20:00:00,2018,2,2,0,20,0,534.09,15.0,59.77,4.78,0.12,0.11,514.38,514.19,,
2018-02-07 02:00:00,2018,2,3,0,2,0,541.02,24.96,82.69,9.41,0.94,0.66,521.63,516.5,,514.29
2018-02-07 04:00:00,2018,2,3,0,4,0,553.33,31.8,57.03,11.31,0.04,0.04,522.84,516.7,,
2018-02-07 08:00:00,2018,2,3,0,8,0,491.64,40.0,32.94,13.32,0.51,0.41,526.93,517.73,,
2018-02-07 10:00:00,2018,2,3,0,10,0,560.33,20.12,43.6,1.94,0.1,0.1,526.93,518.32,,
2018-02-07 14:00:00,2018,2,3,0,14,0,501.44,19.06,68.94,4.16,0.44,0.36,526.93,518.45,,
2018-02-07 16:00:00,2018,2,3,0,16,0,509.55,22.48,50.63,8.97,0.09,0.09,524.82,518.68,,
2018-02-07 23:00:00,2018,2,3,0,23,0,510.96,36.32,72.43,13.97,0.38,0.32,523.52,518.78,,
2018-02-08 01:00:00,2018,2,4,0,1,0,578.87,15.0,44.75,14.18,0.08,0.08,523.79,518.78,,
2018-02-08 02:00:00,2018,2,4,0,2,0,495.24,24.07,70.68,12.95,0.11,0.1,521.88,518.78,578.87,541.02
2018-02-08 11:00:00,2018,2,4,0,11,0,464.99,19.43,74.09,13.97,0.01,0.01,511.79,518.78,,
2018-02-08 14:00:00,2018,2,4,0,14,0,472.05,22.25,40.62,4.92,0.32,0.28,509.93,518.78,,501.44
2018-02-08 16:00:00,2018,2,4,0,16,0,578.28,27.51,84.34,1.04,0.28,0.25,510.92,518.78,,509.55
2018-02-08 20:00:00,2018,2,4,0,20,0,427.6,27.94,37.16,8.02,0.17,0.16,510.36,518.78,,
2018-02-09 00:00:00,2018,2,5,0,0,0,448.94,25.57,34.72,13.97,0.19,0.17,498.69,518.78,,
2018-02-09 02:00:00,2018,2,5,0,2,0,512.19,15.0,61.65,1.96,0.04,0.04,497.58,518.52,,495.24
2018-02-09 04:00:00,2018,2,5,0,4,0,435.98,23.81,65.03,5.91,0.03,0.03,491.89,517.94,,
2018-02-09 07:00:00,2018,2,5,0,7,0,495.04,30.76,46.46,8.48,0.05,0.05,494.99,518.36,,
2018-02-09 13:00:00,2018,2,5,0,13,0,512.17,23.72,59.69,9.6,0.21,0.19,494.17,518.47,,
2018-02-09 14:00:00,2018,2,5,0,14,0,487.94,18.72,37.16,12.95,0.03,0.03,494.83,518.28,512.17,472.05
2018-02-09 17:00:00,2018,2,5,0,17,0,572.19,19.54,39.17,14.84,0.11,0.1,492.06,517.76,,
2018-02-09 21:00:00,2018,2,5,0,21,0,522.84,19.64,40.39,7.54,0.08,0.08,500.71,518.45,,
2018-02-10 01:00:00,2018,2,6,1,1,1,566.46,15.0,55.4,2.24,0.06,0.06,507.72,518.78,,
2018-02-10 02:00:00,2018,2,6,1,2,1,509.83,19.99,33.7,1.86,0.16,0.15,507.62,518.78,566.46,512.19
2018-02-10 07:00:00,2018,2,6,1,7,1,590.05,19.0,36.86,10.02,0.41,0.34,515.13,518.78,,495.04
2018-02-10 11:00:00,2018,2,6,1,11,1,465.95,40.0,32.33,12.44,0.15,0.14,513.92,518.78,,
2018-02-10 19:00:00,2018,2,6,1,19,1,538.02,27.75,44.37,12.2,0.02,0.02,498.54,518.27,,
2018-02-11 01:00:00,2018,2,7,1,1,1,442.08,36.06,65.32,7.59,0.27,0.24,488.63,517.27,,566.46
2018-02-11 16:00:00,2018,2,7,1,16,1,569.97,29.31,38.09,10.94,0.23,0.21,495.35,517.24,,
2018-02-11 19:00:00,2018,2,7,1,19,1,467.65,21.82,54.12,3.51,0.0,0.0,502.82,517.51,,538.02
2018-02-11 21:00:00,2018,2,7,1,21,1,519.67,15.0,39.54,11.16,0.14,0.13,502.57,517.68,,
2018-02-12 00:00:00,2018,2,1,0,0,0,552.48,22.06,77.41,12.75,0.09,0.09,510.07,518.24,,
2018-02-12 04:00:00,2018,2,1,0,4,0,603.76,21.66,35.44,14.71,0.59,0.46,514.34,518.78,,
2018-02-12 15:00:00,2018,2,1,0,15,0,607.11,20.49,62.05,14.21,0.26,0.23,522.38,518.78,,
2018-02-12 22:00:00,2018,2,1,0,22,0,487.13,27.74,54.27,1.46,0.25,0.22,518.07,518.78,,
2018-02-13 00:00:00,2018,2,2,0,0,0,519.96,29.22,52.8,8.89,0.2,0.18,511.92,518.78,,552.48
2018-02-13 01:00:00,2018,2,2,0,1,0,532.36,30.59,55.3,0.39,0.25,0.22,514.38,518.78,519.96,
2018-02-13 02:00:00,2018,2,2,0,2,0,475.84,31.84,71.33,0.63,0.31,0.27,510.63,518.78,532.36,
2018-02-13 11:00:00,2018,2,2,0,11,0,498.07,20.44,31.85,10.82,0.1,0.1,510.49,518.78,,
2018-02-13 13:00:00,2018,2,2,0,13,0,544.18,15.0,48.47,12.28,0.26,0.23,512.08,518.78,,
2018-02-13 16:00:00,2018,2,2,0,16,0,573.83,21.87,40.87,1.72,0.46,0.38,505.22,518.56,,
2018-02-13 20:00:00,2018,2,2,0,20,0,524.7,25.89,73.49,11.34,0.12,0.11,506.13,518.78,,
2018-02-13 21:00:00,2018,2,2,0,21,0,513.03,25.89,75.09,4.94,0.06,0.06,508.81,518.37,524.7,
2018-02-14 12:00:00,2018,2,3,0,12,0,476.61,18.33,66.61,8.64,0.03,0.03,497.27,514.45,,
2018-02-14 16:00:00,2018,2,3,0,16,0,503.84,19.96,74.13,10.15,0.81,0.59,496.05,514.37,,573.83
2018-02-14 21:00:00,2018,2,3,0,21,0,478.59,24.23,42.07,2.76,0.08,0.08,486.32,512.85,,513.03
2018-02-14 22:00:00,2018,2,3,0,22,0,575.04,39.92,44.91,1.96,0.02,0.02,490.6,513.4,478.59,
2018-02-15 20:00:00,2018,2,4,0,20,0,549.9,30.77,75.41,0.6,0.08,0.08,513.06,514.03,,
2018-02-16 02:00:00,2018,2,5,0,2,0,530.64,20.86,52.65,7.77,0.32,0.28,510.62,514.66,,
2018-02-16 03:00:00,2018,2,5,0,3,0,447.33,23.53,89.36,10.14,0.54,0.43,504.1,514.51,530.64,
2018-02-16 10:00:00,2018,2,5,0,10,0,507.52,26.83,31.04,8.21,0.48,0.39,506.77,515.55,,
2018-02-16 17:00:00,2018,2,5,0,17,0,559.35,38.44,88.25,0.67,0.02,0.02,520.89,517.51,,
2018-02-16 18:00:00,2018,2,5,0,18,0,531.94,26.2,71.7,4.99,0.35,0.3,520.32,517.73,559.35,
2018-02-16 20:00:00,2018,2,5,0,20,0,581.67,35.81,37.83,0.12,0.03,0.03,518.54,517.43,,549.9
2018-02-16 22:00:00,2018,2,5,0,22,0,515.13,21.85,50.85,3.94,0.19,0.17,518.46,516.86,,
2018-02-16 23:00:00,2018,2,5,0,23,0,462.29,37.15,74.55,2.38,0.16,0.15,517.18,516.5,515.13,
2018-02-17 03:00:00,2018,2,6,1,3,1,521.1,32.5,65.09,13.27,0.05,0.05,520.06,515.93,,447.33
2018-02-17 10:00:00,2018,2,6,1,10,1,529.87,15.0,39.27,6.47,0.3,0.26,521.13,516.6,,507.52
2018-02-17 11:00:00,2018,2,6,1,11,1,535.06,32.43,69.2,9.82,0.05,0.05,521.83,517.02,529.87,
2018-02-17 15:00:00,2018,2,6,1,15,1,506.28,30.4,65.69,12.09,0.21,0.19,516.53,518.0,,
2018-02-18 05:00:00,2018,2,7,1,5,1,612.62,22.26,55.75,14.77,0.09,0.09,500.41,517.89,,
2018-02-18 10:00:00,2018,2,7,1,10,1,430.52,26.44,63.08,7.87,0.05,0.05,495.78,518.74,,529.87
2018-02-18 11:00:00,2018,2,7,1,11,1,417.73,29.06,48.88,5.6,0.56,0.44,490.9,518.33,430.52,535.06
2018-02-18 12:00:00,2018,2,7,1,12,1,551.13,15.0,31.91,0.91,0.09,0.09,493.65,518.09,417.73,
2018-02-18 13:00:00,2018,2,7,1,13,1,615.08,22.7,42.67,1.89,0.18,0.17,495.86,518.64,551.13,
2018-02-18 14:00:00,2018,2,7,1,14,1,569.21,22.43,45.44,4.82,0.02,0.02,499.06,518.78,621.99,
2018-02-18 22:00:00,2018,2,7,1,22,1,462.3,37.25,59.95,12.58,0.13,0.12,509.79,518.64,,
2018-02-18 23:00:00,2018,2,7,1,23,1,485.97,27.11,71.52,3.48,0.12,0.11,513.69,518.36,462.3,
2018-02-19 04:00:00,2018,2,1,0,4,0,508.99,29.77,57.73,1.23,0.09,0.09,505.98,515.99,,
2018-02-19 07:00:00,2018,2,1,0,7,0,421.47,21.82,68.36,5.49,0.6,0.47,501.46,515.84,,
2018-02-19 09:00:00,2018,2,1,0,9,0,547.04,17.62,87.41,1.5,0.12,0.11,501.79,516.17,,
2018-02-19 12:00:00,2018,2,1,0,12,0,527.5,29.14,75.85,9.72,1.08,0.73,504.61,515.78,,551.13
2018-02-19 14:00:00,2018,2,1,0,14,0,505.27,26.86,41.72,0.01,0.02,0.02,494.85,515.7,,569.21
2018-02-20 13:00:00,2018,2,2,0,13,0,544.75,35.45,52.75,2.16,0.06,0.06,494.02,513.03,,
2018-02-20 19:00:00,2018,2,2,0,19,0,607.26,37.54,73.88,0.92,0.19,0.17,503.46,513.08,,
2018-02-21 02:00:00,2018,2,3,0,2,0,502.19,33.23,30.78,1.77,0.05,0.05,499.21,512.68,,
2018-02-21 03:00:00,2018,2,3,0,3,0,492.65,15.17,43.02,12.42,0.28,0.25,497.77,512.74,502.19,
2018-02-21 07:00:00,2018,2,3,0,7,0,431.51,28.98,38.13,3.28,0.03,0.03,503.03,513.93,,
2018-02-21 08:00:00,2018,2,3,0,8,0,495.59,19.7,81.35,10.54,0.02,0.02,505.77,514.02,431.51,
2018-02-21 16:00:00,2018,2,3,0,16,0,481.04,25.9,69.8,1.66,0.39,0.33,518.45,516.21,,
2018-02-21 19:00:00,2018,2,3,0,19,0,449.26,18.77,49.16,10.23,0.16,0.15,511.39,515.9,,607.26
2018-02-21 22:00:00,2018,2,3,0,22,0,501.7,15.0,64.06,5.38,0.23,0.21,508.07,515.49,,
2018-02-22 05:00:00,2018,2,4,0,5,0,518.7,20.57,38.83,0.0,0.35,0.3,496.16,513.89,,
2018-02-22 22:00:00,2018,2,4,0,22,0,554.57,21.06,65.84,10.01,0.8,0.59,496.64,513.67,,501.7
2018-02-22 23:00:00,2018,2,4,0,23,0,530.46,39.21,48.79,10.86,0.12,0.11,499.51,513.89,554.57,
2018-02-23 04:00:00,2018,2,5,0,4,0,615.08,34.32,70.87,12.33,0.09,0.09,508.71,514.88,,
2018-02-23 06:00:00,2018,2,5,0,6,0,509.6,23.49,52.49,5.23,0.34,0.29,506.6,514.54,,
2018-02-23 09:00:00,2018,2,5,0,9,0,492.38,15.0,70.4,13.22,0.12,0.11,504.07,513.96,,
2018-02-23 10:00:00,2018,2,5,0,10,0,535.41,15.0,46.52,1.13,0.1,0.1,507.02,514.13,492.38,
2018-02-23 12:00:00,2018,2,5,0,12,0,460.7,18.07,42.05,11.15,0.02,0.02,506.33,513.34,,
2018-02-23 13:00:00,2018,2,5,0,13,0,433.44,39.86,50.87,5.26,0.07,0.07,503.4,512.95,460.7,
2018-02-23 17:00:00,2018,2,5,0,17,0,392.36,15.0,74.04,4.05,0.16,0.15,497.23,510.48,,
2018-02-23 19:00:00,2018,2,5,0,19,0,462.21,22.24,45.4,1.25,0.44,0.36,505.35,511.51,,
2018-02-23 23:00:00,2018,2,5,0,23,0,495.06,27.04,46.92,1.24,0.25,0.22,502.46,511.75,,530.46
2018-02-24 07:00:00,2018,2,6,1,7,1,462.21,38.65,33.68,2.15,0.04,0.04,498.44,510.78,,
2018-02-24 23:00:00,2018,2,6,1,23,1,490.65,25.47,34.77,5.05,0.12,0.11,502.29,511.77,,495.06
2018-02-25 03:00:00,2018,2,7,1,3,1,524.33,28.16,79.89,7.61,0.29,0.25,501.85,511.87,,
2018-02-25 11:00:00,2018,2,7,1,11,1,560.94,29.47,65.86,14.77,0.27,0.24,502.04,511.92,,
2018-02-25 19:00:00,2018,2,7,1,19,1,508.52,24.78,35.64,13.09,0.15,0.14,495.7,509.51,,
2018-02-26 00:00:00,2018,2,1,0,0,0,547.48,20.16,70.94,5.87,0.08,0.08,505.81,511.16,,
2018-02-27 02:00:00,2018,2,2,0,2,0,491.35,27.53,67.04,0.69,0.02,0.02,481.96,508.41,,
2018-02-27 09:00:00,2018,2,2,0,9,0,552.0,21.85,72.7,13.9,0.35,0.3,487.56,508.64,,
2018-02-27 20:00:00,2018,2,2,0,20,0,501.6,38.74,38.57,8.88,0.52,0.42,509.66,511.06,,
2018-02-28 00:00:00,2018,2,3,0,0,0,600.67,36.25,71.87,10.71,0.1,0.1,515.09,511.02,,
2018-02-28 03:00:00,2018,2,3,0,3,0,509.23,28.83,81.59,12.12,0.26,0.23,513.63,511.08,,
2018-02-28 04:00:00,2018,2,3,0,4,0,432.64,27.66,71.19,2.69,0.01,0.01,513.68,510.38,509.23,
2018-02-28 05:00:00,2018,2,3,0,5,0,451.42,21.79,61.04,10.85,0.05,0.05,515.02,509.41,432.64,
2018-02-28 06:00:00,2018,2,3,0,6,0,560.02,30.39,82.95,12.77,0.0,0.0,514.46,509.95,451.42,
2018-02-28 08:00:00,2018,2,3,0,8,0,447.65,16.01,58.19,0.78,0.51,0.41,512.74,509.87,,
2018-02-28 10:00:00,2018,2,3,0,10,0,559.29,38.21,82.99,7.56,0.01,0.01,515.42,509.86,,
2018-02-28 14:00:00,2018,2,3,0,14,0,428.91,31.29,40.22,0.13,0.07,0.07,505.76,508.7,,
2018-02-28 21:00:00,2018,2,3,0,21,0,608.25,30.74,83.8,7.21,0.01,0.01,511.71,511.09,,
2018-02-28 22:00:00,2018,2,3,0,22,0,467.82,25.18,84.21,9.42,0.05,0.05,509.41,510.88,608.25,
2018-03-01 01:00:00,2018,3,4,0,1,0,513.43,31.22,61.71,7.87,0.28,0.25,508.96,511.9,,
2018-03-01 02:00:00,2018,3,4,0,2,0,576.42,21.3,34.09,2.53,0.23,0.21,512.9,512.26,513.43,
2018-03-01 06:00:00,2018,3,4,0,6,0,481.75,25.92,57.37,12.16,0.24,0.22,518.5,512.66,,560.02
2018-03-01 07:00:00,2018,3,4,0,7,0,458.04,35.95,81.67,10.84,0.32,0.28,518.12,512.77,481.75,
2018-03-01 10:00:00,2018,3,4,0,10,0,602.81,35.23,41.98,7.37,0.17,0.16,514.72,512.06,,559.29
2018-03-01 14:00:00,2018,3,4,0,14,0,515.37,32.95,54.69,5.6,0.24,0.22,512.99,511.33,,428.91
2018-03-02 02:00:00,2018,3,5,0,2,0,509.05,24.82,75.22,4.24,0.46,0.38,509.33,513.45,,576.42
2018-03-02 04:00:00,2018,3,5,0,4,0,519.98,20.66,86.06,11.46,0.21,0.19,505.28,512.43,,
2018-03-02 08:00:00,2018,3,5,0,8,0,561.91,15.0,68.84,9.83,0.04,0.04,509.07,512.5,,
2018-03-02 11:00:00,2018,3,5,0,11,0,585.11,15.41,43.74,12.48,0.29,0.25,515.42,512.66,,
2018-03-02 13:00:00,2018,3,5,0,13,0,615.08,28.04,83.55,7.65,0.03,0.03,522.38,514.17,,
2018-03-02 17:00:00,2018,3,5,0,17,0,519.06,22.21,50.48,9.12,0.02,0.02,519.33,515.54,,
2018-03-02 18:00:00,2018,3,5,0,18,0,564.49,22.34,49.38,2.06,0.0,0.0,522.37,515.81,519.06,
2018-03-03 00:00:00,2018,3,6,1,0,1,470.97,30.44,56.92,11.99,0.03,0.03,510.16,513.82,,
2018-03-03 03:00:00,2018,3,6,1,3,1,519.73,28.65,76.9,12.42,0.3,0.26,515.57,514.54,,
2018-03-03 06:00:00,2018,3,6,1,6,1,559.83,27.79,65.37,11.2,0.04,0.04,518.12,514.63,,
2018-03-03 14:00:00,2018,3,6,1,14,1,455.63,19.34,30.17,12.92,0.11,0.1,499.95,514.05,,
2018-03-03 16:00:00,2018,3,6,1,16,1,536.12,30.91,61.48,7.57,0.4,0.34,502.65,513.47,,
2018-03-03 19:00:00,2018,3,6,1,19,1,480.02,27.14,77.27,9.84,0.11,0.1,499.75,513.98,,
2018-03-03 20:00:00,2018,3,6,1,20,1,511.23,24.38,61.93,13.31,0.09,0.09,500.51,514.38,480.02,
2018-03-03 23:00:00,2018,3,6,1,23,1,411.96,36.17,48.12,8.97,0.16,0.15,500.59,514.03,,
2018-03-04 01:00:00,2018,3,7,1,1,1,563.13,30.61,54.08,8.67,0.31,0.27,500.02,513.77,,
2018-03-04 02:00:00,2018,3,7,1,2,1,472.41,36.01,54.09,8.96,0.0,0.0,495.39,513.62,563.13,
2018-03-04 03:00:00,2018,3,7,1,3,1,615.08,28.44,68.56,14.3,0.01,0.01,499.9,514.25,472.41,519.73
2018-03-04 09:00:00,2018,3,7,1,9,1,560.42,27.04,76.12,9.78,0.14,0.13,513.9,517.3,,
2018-03-04 10:00:00,2018,3,7,1,10,1,551.2,23.15,44.62,2.2,0.1,0.1,517.67,517.15,560.42,
2018-03-04 15:00:00,2018,3,7,1,15,1,499.83,34.61,50.31,10.95,0.5,0.41,518.46,516.45,,
2018-03-04 19:00:00,2018,3,7,1,19,1,547.77,32.49,80.03,9.07,0.62,0.48,517.1,517.1,,480.02
2018-03-04 20:00:00,2018,3,7,1,20,1,504.42,23.37,39.66,2.97,0.04,0.04,516.82,517.08,547.77,511.23
2018-03-05 09:00:00,2018,3,1,0,9,0,529.1,15.0,68.93,4.35,0.05,0.05,508.9,518.78,,560.42
2018-03-05 22:00:00,2018,3,1,0,22,0,476.7,33.32,36.95,5.47,0.28,0.25,502.56,518.78,,
2018-03-06 00:00:00,2018,3,2,0,0,0,525.68,15.0,74.38,4.68,0.18,0.17,502.2,518.78,,
2018-03-06 08:00:00,2018,3,2,0,8,0,469.89,23.68,39.73,6.09,0.31,0.27,493.13,518.78,,
2018-03-06 18:00:00,2018,3,2,0,18,0,488.68,28.2,36.81,8.22,0.1,0.1,487.84,517.76,,
2018-03-06 21:00:00,2018,3,2,0,21,0,459.84,24.79,59.02,12.38,0.04,0.04,492.15,517.65,,
2018-03-07 02:00:00,2018,3,3,0,2,0,383.28,26.96,53.47,8.91,0.13,0.12,494.81,516.58,,
2018-03-07 05:00:00,2018,3,3,0,5,0,485.93,29.5,85.68,2.06,0.17,0.16,499.95,517.63,,
2018-03-07 06:00:00,2018,3,3,0,6,0,503.35,22.98,87.24,3.49,0.16,0.15,496.63,517.29,485.93,
2018-03-07 10:00:00,2018,3,3,0,10,0,539.71,25.48,50.21,7.49,0.25,0.22,498.32,517.04,,
2018-03-07 12:00:00,2018,3,3,0,12,0,514.68,22.55,39.71,2.32,0.04,0.04,494.09,516.23,,
2018-03-07 16:00:00,2018,3,3,0,16,0,419.24,31.69,45.5,11.77,0.05,0.05,488.7,515.76,,
2018-03-07 23:00:00,2018,3,3,0,23,0,503.08,31.76,36.63,7.28,0.02,0.02,487.39,514.39,,
2018-03-08 00:00:00,2018,3,4,0,0,0,521.44,25.82,57.35,6.56,0.55,0.44,488.32,514.5,503.08,
2018-03-08 06:00:00,2018,3,4,0,6,0,446.39,35.93,74.8,13.91,0.15,0.14,489.27,513.03,,503.35
2018-03-08 10:00:00,2018,3,4,0,10,0,383.28,34.35,80.53,12.24,0.34,0.29,482.68,512.37,,539.71
2018-03-08 15:00:00,2018,3,4,0,15,0,463.6,32.87,30.04,12.14,0.13,0.12,488.61,512.81,,
2018-03-08 19:00:00,2018,3,4,0,19,0,460.04,20.35,76.24,9.27,0.14,0.13,492.24,512.62,,
2018-03-09 00:00:00,2018,3,5,0,0,0,516.15,27.48,62.31,4.87,0.26,0.23,491.85,511.82,,521.44
2018-03-09 08:00:00,2018,3,5,0,8,0,514.94,25.77,41.68,4.43,0.0,0.0,503.94,512.1,,
2018-03-09 10:00:00,2018,3,5,0,10,0,478.68,15.0,81.37,7.22,0.17,0.16,504.53,511.64,,381.85
2018-03-09 13:00:00,2018,3,5,0,13,0,428.09,15.0,47.71,14.98,0.43,0.36,500.68,510.21,,
2018-03-09 15:00:00,2018,3,5,0,15,0,466.59,18.74,70.18,8.57,0.25,0.22,502.68,510.65,,463.6
2018-03-09 23:00:00,2018,3,5,0,23,0,457.68,27.66,89.15,0.74,0.25,0.22,511.61,511.76,,
2018-03-10 03:00:00,2018,3,6,1,3,1,479.82,21.65,66.25,10.47,0.13,0.12,514.6,511.02,,
2018-03-10 08:00:00,2018,3,6,1,8,1,501.21,26.25,62.6,3.15,0.47,0.39,507.04,511.26,,514.94
2018-03-10 12:00:00,2018,3,6,1,12,1,446.88,23.4,51.44,2.06,0.38,0.32,508.37,511.56,,
2018-03-10 15:00:00,2018,3,6,1,15,1,549.29,21.82,89.95,14.45,0.3,0.26,513.4,512.2,,466.59
2018-03-10 23:00:00,2018,3,6,1,23,1,485.23,19.6,40.85,6.89,0.19,0.17,513.86,513.69,,457.68
2018-03-11 00:00:00,2018,3,7,1,0,1,508.42,25.06,58.06,3.03,0.11,0.1,515.55,514.21,485.23,
2018-03-11 05:00:00,2018,3,7,1,5,1,494.1,32.66,88.4,2.74,0.1,0.1,521.57,514.14,,
2018-03-11 12:00:00,2018,3,7,1,12,1,542.03,20.3,50.95,3.89,0.56,0.44,513.53,510.7,,446.88
2018-03-11 14:00:00,2018,3,7,1,14,1,488.05,21.56,70.38,0.52,0.23,0.21,513.67,511.2,,
2018-03-11 15:00:00,2018,3,7,1,15,1,481.66,29.48,39.4,3.87,0.02,0.02,510.85,511.09,488.05,549.29
2018-03-11 17:00:00,2018,3,7,1,17,1,453.88,28.85,44.48,6.65,0.57,0.45,500.24,510.88,,
2018-03-11 19:00:00,2018,3,7,1,19,1,483.88,33.9,59.17,8.89,0.19,0.17,501.05,510.78,,
2018-03-12 00:00:00,2018,3,1,0,0,0,520.19,22.86,85.31,1.59,0.09,0.09,508.67,512.05,,508.42
2018-03-12 01:00:00,2018,3,1,0,1,0,498.79,35.97,77.75,8.06,0.19,0.17,505.87,512.61,520.19,
2018-03-12 02:00:00,2018,3,1,0,2,0,454.81,30.12,38.86,9.53,0.17,0.16,506.08,512.36,498.79,
2018-03-12 04:00:00,2018,3,1,0,4,0,441.05,24.06,74.83,0.53,0.13,0.12,499.19,511.68,,
2018-03-12 07:00:00,2018,3,1,0,7,0,510.06,35.1,65.8,0.42,0.09,0.09,507.04,511.51,,
2018-03-12 16:00:00,2018,3,1,0,16,0,449.98,37.04,84.9,10.4,0.03,0.03,508.22,510.44,,
2018-03-12 17:00:00,2018,3,1,0,17,0,466.11,28.76,31.53,13.37,0.06,0.06,508.73,510.57,449.98,453.88
2018-03-12 18:00:00,2018,3,1,0,18,0,525.7,19.68,58.57,4.2,0.69,0.52,506.44,510.69,466.11,
2018-03-12 19:00:00,2018,3,1,0,19,0,508.98,31.23,64.02,2.3,0.29,0.25,507.48,511.28,525.7,483.88
2018-03-12 23:00:00,2018,3,1,0,23,0,555.48,25.73,72.43,13.24,0.33,0.29,505.98,512.63,,
2018-03-13 00:00:00,2018,3,2,0,0,0,520.49,24.5,43.12,6.1,0.1,0.1,506.0,512.6,555.48,520.19
2018-03-13 03:00:00,2018,3,2,0,3,0,594.99,24.04,40.21,8.24,0.14,0.13,512.11,514.7,,
2018-03-13 06:00:00,2018,3,2,0,6,0,555.35,28.58,35.87,12.9,0.21,0.19,513.06,513.66,,
2018-03-14 03:00:00,2018,3,3,0,3,0,482.53,28.43,54.58,10.16,0.22,0.2,504.97,515.04,,594.99
2018-03-14 08:00:00,2018,3,3,0,8,0,447.32,34.64,38.47,5.09,0.06,0.06,505.18,514.53,,
2018-03-14 10:00:00,2018,3,3,0,10,0,547.52,23.88,32.82,2.75,0.1,0.1,504.29,514.42,,
2018-03-14 13:00:00,2018,3,3,0,13,0,491.56,24.98,77.06,14.82,0.36,0.31,506.38,515.56,,
2018-03-14 20:00:00,2018,3,3,0,20,0,509.48,22.67,54.4,0.53,0.08,0.08,509.01,516.64,,
2018-03-15 11:00:00,2018,3,4,0,11,0,419.9,25.7,64.18,12.89,0.17,0.16,510.23,518.78,,
2018-03-15 19:00:00,2018,3,4,0,19,0,584.75,35.17,84.54,1.15,0.11,0.1,513.51,518.78,,
2018-03-16 08:00:00,2018,3,5,0,8,0,504.12,26.54,71.83,5.46,0.34,0.29,491.92,516.99,,
2018-03-16 10:00:00,2018,3,5,0,10,0,484.54,31.36,43.39,5.49,0.07,0.07,486.54,516.81,,
2018-03-16 12:00:00,2018,3,5,0,12,0,515.96,23.84,31.64,8.22,0.02,0.02,489.48,516.3,,
2018-03-16 15:00:00,2018,3,5,0,15,0,505.75,29.18,69.52,10.78,1.16,0.77,486.21,516.53,,
2018-03-16 16:00:00,2018,3,5,0,16,0,491.99,17.4,75.58,8.28,0.14,0.13,485.62,515.92,505.75,
2018-03-16 20:00:00,2018,3,5,0,20,0,484.05,27.8,30.32,12.39,0.08,0.08,481.76,515.26,,
2018-03-17 00:00:00,2018,3,6,1,0,1,595.06,34.93,44.22,5.68,0.73,0.55,491.51,515.97,,
2018-03-17 07:00:00,2018,3,6,1,7,1,525.44,16.92,63.83,2.33,0.13,0.12,488.38,514.26,,
2018-03-17 08:00:00,2018,3,6,1,8,1,420.94,26.86,80.15,1.44,0.46,0.38,484.92,513.77,525.44,504.12
2018-03-17 11:00:00,2018,3,6,1,11,1,507.34,15.0,69.18,0.01,0.03,0.03,491.33,513.4,,
2018-03-17 12:00:00,2018,3,6,1,12,1,580.61,25.29,30.05,0.12,0.23,0.21,494.02,514.21,507.34,515.96
2018-03-17 18:00:00,2018,3,6,1,18,1,489.44,28.08,44.2,9.3,1.25,0.81,486.42,511.5,,
2018-03-17 19:00:00,2018,3,6,1,19,1,450.64,24.87,49.28,7.71,0.44,0.36,485.93,511.1,489.44,
2018-03-17 22:00:00,2018,3,6,1,22,1,488.76,26.38,72.41,3.16,0.12,0.11,485.43,510.96,,
2018-03-18 00:00:00,2018,3,7,1,0,1,508.43,22.6,32.75,1.15,0.07,0.07,480.42,510.85,,595.06
2018-03-18 02:00:00,2018,3,7,1,2,1,445.48,15.0,64.71,0.08,0.18,0.17,480.67,510.56,,
2018-03-18 05:00:00,2018,3,7,1,5,1,500.94,28.5,40.1,2.35,0.09,0.09,493.66,510.26,,
2018-03-18 17:00:00,2018,3,7,1,17,1,405.91,28.69,88.22,13.06,0.05,0.05,494.52,510.91,,
2018-03-18 22:00:00,2018,3,7,1,22,1,563.29,19.11,45.94,6.19,0.17,0.16,497.47,509.36,,488.76
2018-03-19 02:00:00,2018,3,1,0,2,0,467.69,34.31,43.09,9.76,0.05,0.05,499.59,509.62,,445.48
2018-03-19 03:00:00,2018,3,1,0,3,0,588.77,23.34,41.84,12.46,0.05,0.05,500.35,510.06,467.69,
2018-03-19 11:00:00,2018,3,1,0,11,0,513.02,19.67,57.09,8.1,0.05,0.05,500.13,510.62,,
2018-03-19 15:00:00,2018,3,1,0,15,0,412.57,24.3,34.06,9.42,0.07,0.07,502.21,510.05,,
2018-03-19 16:00:00,2018,3,1,0,16,0,565.22,33.04,66.15,8.55,0.08,0.08,505.19,510.75,412.57,
2018-03-19 18:00:00,2018,3,1,0,18,0,551.63,23.93,48.13,10.48,0.1,0.1,508.94,510.61,,
2018-03-20 04:00:00,2018,3,2,0,4,0,471.89,22.64,55.65,6.55,0.61,0.48,508.87,509.26,,
2018-03-20 05:00:00,2018,3,2,0,5,0,489.54,18.1,89.28,1.93,0.17,0.16,506.52,509.49,471.89,
2018-03-20 12:00:00,2018,3,2,0,12,0,498.68,19.68,30.63,13.02,1.05,0.72,498.91,509.15,,
2018-03-20 23:00:00,2018,3,2,0,23,0,481.5,21.76,59.43,14.01,0.02,0.02,499.16,508.08,,
2018-03-21 04:00:00,2018,3,3,0,4,0,534.85,16.46,77.51,7.59,0.13,0.12,498.51,508.29,,471.89
2018-03-21 05:00:00,2018,3,3,0,5,0,483.31,32.93,75.11,7.14,0.42,0.35,498.25,508.28,534.85,489.54
2018-03-21 09:00:00,2018,3,3,0,9,0,522.39,16.58,39.89,13.3,0.19,0.17,501.99,509.74,,
2018-03-21 15:00:00,2018,3,3,0,15,0,611.57,19.54,64.67,3.39,0.65,0.5,506.51,508.71,,
2018-03-21 16:00:00,2018,3,3,0,16,0,531.9,40.0,65.31,0.88,0.48,0.39,508.83,509.18,611.57,
2018-03-22 08:00:00,2018,3,4,0,8,0,555.05,15.0,84.88,2.72,0.48,0.39,489.13,505.48,,
2018-03-22 10:00:00,2018,3,4,0,10,0,438.52,19.22,80.55,7.19,0.48,0.39,492.99,505.46,,
2018-03-22 21:00:00,2018,3,4,0,21,0,480.42,27.53,75.7,4.12,0.06,0.06,500.73,505.94,,
2018-03-23 08:00:00,2018,3,5,0,8,0,454.71,21.42,30.24,0.99,0.09,0.09,507.92,507.81,,555.05
2018-03-23 12:00:00,2018,3,5,0,12,0,393.22,23.76,42.68,12.98,0.03,0.03,502.15,507.87,,
2018-03-23 18:00:00,2018,3,5,0,18,0,526.06,22.47,69.66,6.43,0.07,0.07,506.99,509.35,,
2018-03-24 00:00:00,2018,3,6,1,0,1,490.25,32.28,61.51,11.96,0.1,0.1,507.38,509.23,,
2018-03-24 06:00:00,2018,3,6,1,6,1,499.06,35.53,52.51,6.44,0.05,0.05,508.08,510.76,,
2018-03-24 07:00:00,2018,3,6,1,7,1,480.57,29.71,66.55,10.74,0.06,0.06,504.65,510.48,499.06,
2018-03-24 08:00:00,2018,3,6,1,8,1,556.21,23.13,55.44,11.15,0.17,0.16,508.87,511.31,480.57,454.71
2018-03-24 09:00:00,2018,3,6,1,9,1,547.38,23.75,81.05,0.04,0.03,0.03,512.21,511.32,556.21,
2018-03-24 16:00:00,2018,3,6,1,16,1,547.66,17.87,52.52,13.31,0.11,0.1,502.77,511.2,,
2018-03-24 17:00:00,2018,3,6,1,17,1,525.65,28.53,38.69,14.84,0.2,0.18,503.24,511.58,547.66,
2018-03-25 00:00:00,2018,3,7,1,0,1,559.45,15.0,62.21,8.41,0.36,0.31,508.46,513.32,,490.25
2018-03-25 01:00:00,2018,3,7,1,1,1,535.42,33.3,39.47,4.01,0.16,0.15,507.58,513.4,559.45,
2018-03-25 08:00:00,2018,3,7,1,8,1,466.24,19.49,39.25,8.64,0.01,0.01,506.97,512.43,,556.21
2018-03-25 12:00:00,2018,3,7,1,12,1,405.32,21.77,51.99,2.6,0.08,0.08,501.24,511.81,,
2018-03-25 15:00:00,2018,3,7,1,15,1,459.15,20.4,51.22,1.92,0.01,0.01,502.37,511.67,,
2018-03-25 20:00:00,2018,3,7,1,20,1,461.54,22.67,89.27,11.61,0.1,0.1,494.85,511.9,,
2018-03-26 04:00:00,2018,3,1,0,4,0,503.0,36.12,60.35,9.28,0.61,0.48,477.36,510.74,,
2018-03-26 13:00:00,2018,3,1,0,13,0,475.42,27.22,84.59,5.93,0.08,0.08,489.12,509.72,,
2018-03-27 15:00:00,2018,3,2,0,15,0,459.04,28.21,47.84,13.66,0.0,0.0,496.59,509.61,,
2018-03-27 19:00:00,2018,3,2,0,19,0,509.68,23.33,86.32,2.12,1.08,0.73,488.37,509.85,,
2018-03-28 05:00:00,2018,3,3,0,5,0,546.31,29.47,50.28,11.58,0.03,0.03,495.76,509.69,,
2018-03-28 17:00:00,2018,3,3,0,17,0,530.06,30.81,38.49,3.37,0.15,0.14,508.96,509.74,,
2018-03-28 20:00:00,2018,3,3,0,20,0,472.47,27.27,51.1,13.17,0.19,0.17,497.3,509.39,,
2018-03-29 00:00:00,2018,3,4,0,0,0,477.34,21.24,71.37,12.52,0.02,0.02,491.58,509.66,,
2018-03-29 06:00:00,2018,3,4,0,6,0,551.96,31.83,55.37,12.72,0.04,0.04,496.67,510.9,,
2018-03-29 07:00:00,2018,3,4,0,7,0,496.21,20.89,34.67,5.35,0.13,0.12,493.94,510.96,551.96,
2018-03-29 09:00:00,2018,3,4,0,9,0,446.41,21.53,50.6,2.65,0.12,0.11,492.51,509.91,,
2018-03-29 10:00:00,2018,3,4,0,10,0,422.31,23.65,47.78,13.59,0.12,0.11,490.56,509.81,446.41,
2018-03-29 16:00:00,2018,3,4,0,16,0,440.53,23.88,86.71,12.31,0.11,0.1,487.31,509.21,,
2018-03-29 22:00:00,2018,3,4,0,22,0,472.79,20.11,69.37,5.63,0.04,0.04,500.92,508.99,,
2018-03-29 23:00:00,2018,3,4,0,23,0,491.86,28.72,82.17,1.7,0.34,0.29,500.88,509.05,472.79,
2018-03-30 04:00:00,2018,3,5,0,4,0,488.57,33.85,45.98,3.8,0.29,0.25,494.2,508.23,,
2018-03-30 20:00:00,2018,3,5,0,20,0,533.64,19.59,85.08,5.47,0.01,0.01,502.44,508.03,,
2018-03-30 23:00:00,2018,3,5,0,23,0,471.32,25.9,34.22,3.73,0.02,0.02,501.95,508.01,,491.86
2018-03-31 05:00:00,2018,3,6,1,5,1,502.54,38.5,82.98,1.88,0.01,0.01,504.28,507.92,,
2018-03-31 09:00:00,2018,3,6,1,9,1,574.49,32.13,39.39,4.05,0.03,0.03,506.86,507.93,,
2018-03-31 10:00:00,2018,3,6,1,10,1,419.95,17.56,77.99,7.26,0.21,0.19,503.57,507.68,574.49,
2018-03-31 13:00:00,2018,3,6,1,13,1,417.84,29.61,63.99,7.49,0.03,0.03,497.56,507.49,,
2018-03-31 14:00:00,2018,3,6,1,14,1,491.21,19.83,79.4,0.89,0.46,0.38,499.66,507.62,417.84,
2018-03-31 22:00:00,2018,3,6,1,22,1,564.08,18.45,83.69,10.81,0.01,0.01,492.8,506.55,,
2018-04-01 06:00:00,2018,4,7,1,6,1,459.46,26.52,37.39,9.87,0.11,0.1,497.65,505.97,,
2018-04-01 14:00:00,2018,4,7,1,14,1,458.24,31.85,83.9,1.89,0.03,0.03,501.24,506.95,,491.21
2018-04-01 21:00:00,2018,4,7,1,21,1,482.13,30.63,58.09,9.63,0.02,0.02,507.08,508.6,,
2018-04-01 22:00:00,2018,4,7,1,22,1,490.98,26.38,62.33,9.56,0.13,0.12,504.04,508.3,482.13,564.08
2018-04-02 01:00:00,2018,4,1,0,1,0,576.67,36.41,35.67,5.92,0.06,0.06,506.12,509.26,,
2018-04-02 02:00:00,2018,4,1,0,2,0,428.8,38.09,51.21,7.01,0.07,0.07,502.12,508.63,576.67,
2018-04-02 05:00:00,2018,4,1,0,5,0,529.43,17.44,59.57,0.47,0.09,0.09,498.34,508.87,,
2018-04-02 07:00:00,2018,4,1,0,7,0,523.11,15.0,51.14,5.71,0.03,0.03,500.29,508.51,,
2018-04-02 10:00:00,2018,4,1,0,10,0,509.49,21.79,32.19,8.5,0.07,0.07,499.52,509.08,,
2018-04-03 02:00:00,2018,4,2,0,2,0,437.48,29.3,72.95,13.32,1.16,0.77,500.14,508.6,,428.8
2018-04-03 03:00:00,2018,4,2,0,3,0,530.23,30.29,40.09,6.43,0.17,0.16,501.96,508.74,437.48,
2018-04-03 05:00:00,2018,4,2,0,5,0,477.4,20.97,48.84,10.43,0.02,0.02,502.52,508.78,,529.43
2018-04-03 23:00:00,2018,4,2,0,23,0,539.53,39.32,78.62,8.73,0.1,0.1,501.9,509.67,,
2018-04-04 05:00:00,2018,4,3,0,5,0,452.3,20.89,72.56,14.34,0.42,0.35,497.8,509.07,,477.4
2018-04-04 08:00:00,2018,4,3,0,8,0,505.29,29.78,80.23,9.61,0.36,0.31,499.94,508.5,,
2018-04-04 13:00:00,2018,4,3,0,13,0,505.22,31.86,45.09,8.62,0.08,0.08,503.97,508.99,,
2018-04-04 15:00:00,2018,4,3,0,15,0,433.48,27.62,72.78,13.94,0.06,0.06,498.16,508.5,,
2018-04-04 23:00:00,2018,4,3,0,23,0,518.18,37.88,85.58,3.55,0.25,0.22,496.13,510.11,,539.53
2018-04-05 03:00:00,2018,4,4,0,3,0,509.95,24.8,44.46,3.79,0.03,0.03,495.33,509.03,,
2018-04-05 09:00:00,2018,4,4,0,9,0,559.63,25.89,56.81,1.22,0.1,0.1,501.27,509.89,,
2018-04-05 13:00:00,2018,4,4,0,13,0,495.92,36.46,30.91,14.32,0.46,0.38,492.56,509.65,,505.22
2018-04-05 20:00:00,2018,4,4,0,20,0,533.97,26.43,32.21,0.96,0.34,0.29,491.08,508.93,,
2018-04-05 21:00:00,2018,4,4,0,21,0,442.56,19.85,62.19,11.72,0.01,0.01,488.71,508.39,533.97,
2018-04-05 23:00:00,2018,4,4,0,23,0,523.13,24.67,82.66,13.48,0.21,0.19,492.92,508.95,,518.18
2018-04-06 04:00:00,2018,4,5,0,4,0,476.78,22.7,56.55,13.87,0.47,0.39,490.52,508.44,,
2018-04-06 06:00:00,2018,4,5,0,6,0,539.17,27.34,68.8,1.2,0.53,0.43,489.69,509.9,,
2018-04-06 09:00:00,2018,4,5,0,9,0,571.12,20.23,73.82,11.46,0.07,0.07,489.22,509.16,,559.63
2018-04-06 10:00:00,2018,4,5,0,10,0,586.94,20.89,83.1,9.79,0.05,0.05,496.55,509.69,571.12,
2018-04-06 14:00:00,2018,4,5,0,14,0,458.48,29.15,76.22,9.69,0.09,0.09,495.18,509.78,,
2018-04-06 16:00:00,2018,4,5,0,16,0,520.92,21.63,43.19,6.49,0.18,0.17,499.56,509.51,,
2018-04-06 18:00:00,2018,4,5,0,18,0,532.52,15.0,70.91,3.12,0.01,0.01,506.03,509.78,,
2018-04-06 19:00:00,2018,4,5,0,19,0,424.85,18.4,67.93,3.18,0.01,0.01,505.16,509.32,532.52,
2018-04-06 20:00:00,2018,4,5,0,20,0,552.6,18.31,79.7,0.12,0.23,0.21,505.94,509.44,424.85,533.97
2018-04-07 00:00:00,2018,4,6,1,0,1,599.78,31.94,62.72,0.44,0.02,0.02,511.37,509.77,,
2018-04-07 01:00:00,2018,4,6,1,1,1,615.08,20.02,30.61,12.45,0.14,0.13,519.27,510.24,599.78,
2018-04-07 18:00:00,2018,4,6,1,18,1,522.89,26.41,59.84,11.66,0.21,0.19,518.54,513.24,,532.52
2018-04-07 19:00:00,2018,4,6,1,19,1,583.72,30.95,63.26,9.34,0.14,0.13,525.16,513.94,522.89,424.85
2018-04-07 21:00:00,2018,4,6,1,21,1,533.44,26.67,55.38,14.29,0.33,0.29,526.43,514.35,,
2018-04-08 00:00:00,2018,4,7,1,0,1,534.78,34.31,52.03,6.25,0.17,0.16,520.92,513.89,,599.78
2018-04-08 03:00:00,2018,4,7,1,3,1,496.42,22.52,60.37,6.2,0.05,0.05,514.56,513.47,,
2018-04-08 10:00:00,2018,4,7,1,10,1,500.35,20.1,59.91,7.13,0.24,0.22,505.93,513.6,,
2018-04-08 14:00:00,2018,4,7,1,14,1,524.6,22.27,52.37,2.08,0.11,0.1,507.74,514.21,,
2018-04-08 20:00:00,2018,4,7,1,20,1,534.67,22.97,31.43,9.8,0.02,0.02,498.41,512.78,,
2018-04-08 23:00:00,2018,4,7,1,23,1,530.85,25.83,82.26,8.01,0.06,0.06,502.78,512.91,,
2018-04-09 05:00:00,2018,4,1,0,5,0,507.17,16.5,66.4,4.42,0.1,0.1,505.4,513.75,,
2018-04-09 08:00:00,2018,4,1,0,8,0,448.53,32.46,40.99,3.53,0.31,0.27,496.31,512.76,,
2018-04-09 10:00:00,2018,4,1,0,10,0,423.88,32.44,88.37,7.02,0.01,0.01,490.21,512.24,,500.35
2018-04-09 20:00:00,2018,4,1,0,20,0,508.0,15.0,78.05,13.15,0.04,0.04,491.51,512.13,,534.67
2018-04-09 22:00:00,2018,4,1,0,22,0,555.87,23.53,48.28,10.32,0.0,0.0,493.5,512.03,,
2018-04-10 09:00:00,2018,4,2,0,9,0,462.08,32.7,69.21,14.64,0.0,0.0,493.13,511.46,,
2018-04-10 12:00:00,2018,4,2,0,12,0,544.51,35.97,30.31,2.93,0.01,0.01,494.75,510.93,,
2018-04-10 23:00:00,2018,4,2,0,23,0,503.47,33.53,61.37,0.42,0.12,0.11,475.99,508.58,,
2018-04-11 04:00:00,2018,4,3,0,4,0,583.67,27.08,34.39,0.14,0.08,0.08,482.48,509.15,,
2018-04-11 17:00:00,2018,4,3,0,17,0,517.03,27.0,73.69,1.27,0.01,0.01,500.33,509.87,,
2018-04-12 08:00:00,2018,4,4,0,8,0,498.82,25.97,61.3,11.93,0.36,0.31,504.51,510.49,,
2018-04-12 17:00:00,2018,4,4,0,17,0,569.07,26.69,79.17,0.45,0.54,0.43,504.74,511.43,,517.03
2018-04-12 18:00:00,2018,4,4,0,18,0,435.39,28.66,68.86,1.61,0.61,0.48,501.24,511.36,569.07,
2018-04-12 21:00:00,2018,4,4,0,21,0,513.17,23.54,79.91,11.85,0.11,0.1,500.32,511.97,,
2018-04-13 05:00:00,2018,4,5,0,5,0,464.21,33.63,52.68,13.81,0.07,0.07,492.08,511.1,,
2018-04-13 09:00:00,2018,4,5,0,9,0,511.97,15.0,38.53,13.57,0.02,0.02,497.25,511.24,,
2018-04-13 15:00:00,2018,4,5,0,15,0,438.12,32.33,85.7,6.72,0.47,0.39,502.51,511.04,,
2018-04-13 16:00:00,2018,4,5,0,16,0,543.46,29.58,68.86,1.83,0.05,0.05,500.68,511.18,438.12,
2018-04-14 04:00:00,2018,4,6,1,4,1,488.46,20.88,31.9,6.53,0.06,0.06,511.91,510.02,,
2018-04-14 17:00:00,2018,4,6,1,17,1,404.02,19.98,53.11,2.8,0.21,0.19,506.13,509.16,,
2018-04-14 21:00:00,2018,4,6,1,21,1,572.18,21.19,39.16,2.16,0.15,0.14,507.17,508.39,,
2018-04-14 22:00:00,2018,4,6,1,22,1,437.17,15.42,52.9,7.2,0.28,0.25,502.32,508.34,572.18,
2018-04-14 23:00:00,2018,4,6,1,23,1,540.66,27.85,48.5,1.07,0.09,0.09,499.09,508.7,437.17,
2018-04-15 11:00:00,2018,4,7,1,11,1,562.23,26.24,72.26,7.03,0.2,0.18,502.58,509.54,,
2018-04-15 18:00:00,2018,4,7,1,18,1,493.73,23.35,30.5,6.74,0.22,0.2,503.73,509.23,,
2018-04-15 19:00:00,2018,4,7,1,19,1,516.39,15.0,53.14,4.56,0.01,0.01,505.85,509.59,493.73,
2018-04-15 21:00:00,2018,4,7,1,21,1,389.03,16.27,86.96,6.18,0.08,0.08,499.43,508.86,,572.18
2018-04-16 07:00:00,2018,4,1,0,7,0,530.34,21.02,55.99,14.75,0.02,0.02,507.43,509.98,,
2018-04-16 08:00:00,2018,4,1,0,8,0,602.83,23.12,56.39,13.3,0.13,0.12,513.98,510.91,530.34,
2018-04-16 10:00:00,2018,4,1,0,10,0,523.68,23.3,89.24,10.07,0.17,0.16,508.18,511.59,,
2018-04-16 11:00:00,2018,4,1,0,11,0,453.68,15.0,38.64,8.51,0.02,0.02,503.66,510.97,523.68,562.23
2018-04-16 21:00:00,2018,4,1,0,21,0,437.07,16.7,87.66,14.25,0.57,0.45,505.62,510.64,,389.03
2018-04-17 00:00:00,2018,4,2,0,0,0,456.59,35.26,86.5,14.6,0.2,0.18,511.47,510.55,,
2018-04-17 05:00:00,2018,4,2,0,5,0,604.42,32.86,65.36,13.34,0.25,0.22,505.54,512.06,,
2018-04-17 10:00:00,2018,4,2,0,10,0,456.59,21.19,66.7,2.32,0.29,0.25,496.17,511.64,,523.68
2018-04-17 14:00:00,2018,4,2,0,14,0,516.39,15.0,86.67,11.51,0.48,0.39,496.04,511.36,,
2018-04-17 17:00:00,2018,4,2,0,17,0,504.28,28.65,44.93,13.47,0.17,0.16,492.7,512.29,,
2018-04-18 03:00:00,2018,4,3,0,3,0,427.57,15.0,65.94,12.87,0.02,0.02,492.0,512.73,,
2018-04-18 06:00:00,2018,4,3,0,6,0,615.08,23.25,62.87,4.4,0.24,0.22,493.55,512.89,,
2018-04-18 11:00:00,2018,4,3,0,11,0,587.93,26.8,47.01,8.66,0.24,0.22,500.51,513.06,,
2018-04-18 14:00:00,2018,4,3,0,14,0,497.34,19.6,81.98,2.48,0.04,0.04,506.79,513.58,,516.39
2018-04-18 17:00:00,2018,4,3,0,17,0,468.72,29.59,44.26,9.0,0.0,0.0,510.33,513.74,,504.28
2018-04-19 01:00:00,2018,4,4,0,1,0,502.9,35.8,55.83,9.23,0.0,0.0,510.54,513.26,,
2018-04-19 03:00:00,2018,4,4,0,3,0,387.66,16.06,50.66,12.16,0.15,0.14,510.57,512.68,,427.57
2018-04-19 09:00:00,2018,4,4,0,9,0,530.99,16.74,81.09,6.95,0.09,0.09,501.06,512.36,,
2018-04-19 16:00:00,2018,4,4,0,16,0,544.85,29.41,74.73,3.4,0.28,0.25,481.03,510.9,,
2018-04-20 00:00:00,2018,4,5,0,0,0,463.29,27.96,42.55,13.95,0.07,0.07,488.09,511.29,,
2018-04-20 08:00:00,2018,4,5,0,8,0,520.49,18.14,42.63,10.95,0.19,0.17,505.37,513.42,,
2018-04-20 09:00:00,2018,4,5,0,9,0,456.95,19.99,68.45,8.64,0.43,0.36,502.29,513.09,520.49,530.99
2018-04-20 11:00:00,2018,4,5,0,11,0,534.9,36.14,45.84,13.57,0.02,0.02,510.47,513.43,,
2018-04-20 19:00:00,2018,4,5,0,19,0,553.58,21.05,52.49,8.97,0.03,0.03,520.99,514.05,,
2018-04-21 04:00:00,2018,4,6,1,4,1,445.52,26.0,76.35,11.76,0.07,0.07,513.65,513.12,,
2018-04-21 05:00:00,2018,4,6,1,5,1,460.76,19.09,57.42,5.36,0.27,0.24,510.37,512.45,445.52,
2018-04-21 09:00:00,2018,4,6,1,9,1,545.11,15.0,58.63,0.38,0.19,0.17,506.41,512.04,,456.95
2018-04-21 12:00:00,2018,4,6,1,12,1,525.54,30.23,33.72,3.21,0.45,0.37,505.29,512.18,,
2018-04-21 18:00:00,2018,4,6,1,18,1,508.59,27.63,88.71,0.1,0.37,0.31,502.6,512.99,,
2018-04-21 22:00:00,2018,4,6,1,22,1,529.86,27.76,52.89,11.07,0.66,0.51,498.24,513.01,,
2018-04-22 00:00:00,2018,4,7,1,0,1,523.16,27.7,35.24,1.44,0.35,0.3,492.63,512.71,,
2018-04-22 02:00:00,2018,4,7,1,2,1,542.41,30.84,65.6,13.81,0.02,0.02,493.77,512.39,,
2018-04-22 08:00:00,2018,4,7,1,8,1,513.02,28.16,60.09,5.44,0.23,0.21,502.89,512.47,,
2018-04-22 14:00:00,2018,4,7,1,14,1,504.77,30.74,46.61,9.29,0.51,0.41,488.25,510.7,,
2018-04-22 16:00:00,2018,4,7,1,16,1,533.96,15.0,61.34,5.32,0.03,0.03,489.61,510.5,,
2018-04-23 04:00:00,2018,4,1,0,4,0,498.03,26.63,72.28,12.96,0.34,0.29,492.32,510.16,,
2018-04-23 17:00:00,2018,4,1,0,17,0,552.25,26.14,40.2,9.16,0.01,0.01,519.2,512.09,,
2018-04-23 22:00:00,2018,4,1,0,22,0,459.08,21.12,61.95,13.48,0.05,0.05,517.2,513.28,,
2018-04-24 03:00:00,2018,4,2,0,3,0,395.0,29.43,62.32,10.23,0.12,0.11,517.88,512.77,,
2018-04-24 06:00:00,2018,4,2,0,6,0,470.38,20.75,37.92,0.14,0.42,0.35,519.46,512.58,,
2018-04-24 14:00:00,2018,4,2,0,14,0,550.57,16.84,34.77,13.04,0.19,0.17,515.98,514.78,,
2018-04-24 17:00:00,2018,4,2,0,17,0,475.73,29.08,30.4,10.22,0.04,0.04,511.39,514.81,,552.25
2018-04-24 18:00:00,2018,4,2,0,18,0,561.54,28.13,65.22,12.88,0.19,0.17,513.65,515.47,475.73,
2018-04-24 23:00:00,2018,4,2,0,23,0,473.45,27.5,76.53,1.68,0.08,0.08,515.47,516.75,,
2018-04-25 04:00:00,2018,4,3,0,4,0,520.74,19.13,68.73,10.85,0.19,0.17,525.55,517.94,,
2018-04-25 05:00:00,2018,4,3,0,5,0,523.16,19.06,35.12,11.75,0.06,0.06,524.67,518.09,520.74,
2018-04-25 06:00:00,2018,4,3,0,6,0,502.18,22.22,51.95,14.72,0.08,0.08,526.0,517.31,523.16,470.38
2018-04-25 07:00:00,2018,4,3,0,7,0,527.91,21.92,32.3,2.49,0.43,0.36,526.9,517.82,502.18,
2018-04-25 08:00:00,2018,4,3,0,8,0,383.28,20.76,89.09,11.73,0.26,0.23,517.56,516.6,527.91,
2018-04-25 10:00:00,2018,4,3,0,10,0,512.07,25.64,51.18,5.89,0.07,0.07,520.71,516.2,,
2018-04-25 18:00:00,2018,4,3,0,18,0,496.3,20.98,36.17,10.38,0.03,0.03,512.09,515.84,,561.54
2018-04-25 21:00:00,2018,4,3,0,21,0,462.09,40.0,63.42,2.75,0.38,0.32,507.13,515.86,,
2018-04-26 00:00:00,2018,4,4,0,0,0,531.48,23.55,71.68,11.95,0.08,0.08,505.04,515.67,,
2018-04-26 01:00:00,2018,4,4,0,1,0,459.78,25.54,61.39,7.84,0.03,0.03,502.65,515.41,531.48,
2018-04-26 02:00:00,2018,4,4,0,2,0,544.77,34.4,37.28,0.53,0.04,0.04,501.28,515.42,459.78,
2018-04-26 07:00:00,2018,4,4,0,7,0,522.74,31.91,39.03,11.22,0.11,0.1,498.22,516.27,,527.91
2018-04-26 12:00:00,2018,4,4,0,12,0,491.16,28.18,82.87,8.07,0.03,0.03,501.36,516.84,,
2018-04-27 05:00:00,2018,4,5,0,5,0,509.07,27.39,56.3,10.56,0.25,0.22,481.2,513.77,,
2018-04-27 07:00:00,2018,4,5,0,7,0,472.13,27.1,57.51,5.62,0.49,0.4,480.4,513.33,,522.74
2018-04-27 15:00:00,2018,4,5,0,15,0,515.06,33.75,80.43,3.18,0.19,0.17,481.8,511.82,,
2018-04-28 05:00:00,2018,4,6,1,5,1,483.94,15.0,85.57,5.37,0.09,0.09,493.78,511.35,,509.07
2018-04-28 06:00:00,2018,4,6,1,6,1,591.63,29.01,69.15,5.75,0.21,0.19,496.36,512.02,483.94,
2018-04-28 09:00:00,2018,4,6,1,9,1,518.44,19.18,84.85,12.59,0.21,0.19,503.78,512.68,,
2018-04-28 12:00:00,2018,4,6,1,12,1,486.06,17.72,70.04,4.69,0.0,0.0,500.64,511.78,,
2018-04-28 18:00:00,2018,4,6,1,18,1,562.34,33.48,60.69,8.32,0.0,0.0,502.53,512.12,,
2018-04-28 21:00:00,2018,4,6,1,21,1,481.67,15.0,39.2,8.42,0.13,0.12,509.61,512.74,,
2018-04-28 22:00:00,2018,4,6,1,22,1,414.81,38.8,58.42,3.16,0.07,0.07,506.23,512.04,481.67,
2018-04-29 13:00:00,2018,4,7,1,13,1,445.13,28.57,57.33,1.73,0.51,0.41,508.09,514.85,,
2018-04-29 16:00:00,2018,4,7,1,16,1,469.61,30.48,48.12,0.12,0.01,0.01,506.99,514.07,,
2018-04-29 19:00:00,2018,4,7,1,19,1,541.67,18.46,31.12,0.08,0.04,0.04,500.44,513.97,,
2018-04-30 05:00:00,2018,4,1,0,5,0,524.19,19.08,74.94,9.48,0.67,0.51,496.2,514.17,,
2018-04-30 07:00:00,2018,4,1,0,7,0,534.07,25.6,83.01,10.49,0.15,0.14,491.04,513.51,,
2018-04-30 08:00:00,2018,4,1,0,8,0,520.43,35.12,35.7,9.79,0.01,0.01,491.27,513.31,534.07,
2018-04-30 09:00:00,2018,4,1,0,9,0,484.61,20.88,59.16,7.15,0.23,0.21,493.79,513.61,520.43,
2018-04-30 12:00:00,2018,4,1,0,12,0,526.74,15.0,47.41,1.77,0.11,0.1,490.21,512.54,,
2018-04-30 18:00:00,2018,4,1,0,18,0,498.45,18.74,53.39,4.65,0.19,0.17,495.56,510.35,,
2018-04-30 19:00:00,2018,4,1,0,19,0,454.52,20.57,59.86,8.09,0.08,0.08,491.93,510.06,498.45,541.67
2018-04-30 21:00:00,2018,4,1,0,21,0,466.61,25.46,84.63,6.24,0.03,0.03,490.43,509.21,,
2018-05-01 05:00:00,2018,5,2,0,5,0,475.01,19.4,37.86,9.54,0.16,0.15,473.17,507.01,,524.19
2018-05-01 08:00:00,2018,5,2,0,8,0,480.75,20.85,84.57,10.26,0.2,0.18,473.25,506.7,,520.43
2018-05-01 11:00:00,2018,5,2,0,11,0,393.47,28.68,56.3,10.04,0.38,0.32,474.14,506.24,,
2018-05-01 13:00:00,2018,5,2,0,13,0,510.77,29.84,68.23,6.54,0.07,0.07,473.17,505.94,,
2018-05-01 21:00:00,2018,5,2,0,21,0,478.79,26.66,61.66,11.03,0.97,0.68,491.27,505.91,,466.61
2018-05-02 03:00:00,2018,5,3,0,3,0,443.5,32.0,87.01,4.2,0.25,0.22,495.12,503.96,,
2018-05-02 04:00:00,2018,5,3,0,4,0,477.5,31.47,62.42,7.79,0.03,0.03,499.91,503.69,443.5,
2018-05-02 11:00:00,2018,5,3,0,11,0,592.43,19.25,61.17,6.63,0.08,0.08,510.89,505.61,,393.47
2018-05-02 12:00:00,2018,5,3,0,12,0,491.22,17.88,83.01,7.16,0.13,0.12,508.92,505.44,592.43,
2018-05-02 19:00:00,2018,5,3,0,19,0,496.79,25.59,49.14,11.45,0.02,0.02,503.8,505.39,,
2018-05-02 23:00:00,2018,5,3,0,23,0,510.74,17.51,41.75,11.68,0.06,0.06,506.2,505.85,,
2018-05-03 14:00:00,2018,5,4,0,14,0,532.02,19.13,41.75,4.91,0.07,0.07,510.84,507.67,,
2018-05-03 15:00:00,2018,5,4,0,15,0,490.47,30.22,34.67,9.47,0.01,0.01,507.74,507.7,532.02,
2018-05-03 21:00:00,2018,5,4,0,21,0,418.48,17.93,38.31,7.57,0.61,0.48,495.95,505.97,,
2018-05-04 00:00:00,2018,5,5,0,0,0,523.33,27.76,87.2,0.03,0.12,0.11,497.57,507.55,,
2018-05-04 02:00:00,2018,5,5,0,2,0,452.55,15.45,52.75,0.91,0.05,0.05,494.89,508.06,,
2018-05-04 13:00:00,2018,5,5,0,13,0,487.06,27.52,88.49,14.39,0.28,0.25,496.55,509.7,,
2018-05-04 17:00:00,2018,5,5,0,17,0,513.5,16.31,84.78,10.84,0.0,0.0,493.64,508.3,,
2018-05-04 23:00:00,2018,5,5,0,23,0,505.29,28.16,89.1,6.87,0.21,0.19,498.63,509.24,,
2018-05-05 04:00:00,2018,5,6,1,4,1,513.2,21.13,76.08,4.66,0.05,0.05,493.85,509.27,,
2018-05-05 06:00:00,2018,5,6,1,6,1,536.62,33.06,67.06,7.64,0.17,0.16,496.16,509.41,,
2018-05-05 08:00:00,2018,5,6,1,8,1,417.26,38.42,61.66,9.95,0.33,0.29,497.33,508.61,,
2018-05-05 13:00:00,2018,5,6,1,13,1,615.08,15.89,81.6,2.05,0.49,0.4,500.5,508.88,,487.06
2018-05-05 14:00:00,2018,5,6,1,14,1,575.82,15.0,40.18,2.87,0.01,0.01,502.93,509.35,620.58,
2018-05-05 16:00:00,2018,5,6,1,16,1,503.6,21.93,49.3,6.58,0.05,0.05,509.32,510.0,,
2018-05-05 20:00:00,2018,5,6,1,20,1,512.89,22.0,49.18,6.71,0.02,0.02,514.0,508.58,,
2018-05-06 00:00:00,2018,5,7,1,0,1,404.61,29.48,63.54,6.5,0.47,0.39,498.92,508.11,,
2018-05-06 01:00:00,2018,5,7,1,1,1,456.98,23.99,37.05,6.32,0.65,0.5,498.89,507.94,404.61,
2018-05-06 02:00:00,2018,5,7,1,2,1,479.32,15.0,30.28,4.86,0.04,0.04,496.9,507.89,456.98,
2018-05-06 03:00:00,2018,5,7,1,3,1,594.38,17.52,35.17,12.37,0.05,0.05,500.42,508.55,479.32,
2018-05-06 16:00:00,2018,5,7,1,16,1,424.03,34.34,44.69,4.55,0.07,0.07,485.56,506.88,,503.6
2018-05-06 18:00:00,2018,5,7,1,18,1,477.44,19.62,67.75,4.01,0.39,0.33,481.15,506.21,,
2018-05-06 21:00:00,2018,5,7,1,21,1,476.84,18.52,43.86,3.81,0.09,0.09,485.72,506.62,,
2018-05-06 22:00:00,2018,5,7,1,22,1,479.43,33.12,80.6,5.23,0.08,0.08,484.17,506.12,476.84,
2018-05-07 01:00:00,2018,5,1,0,1,0,480.57,20.07,45.32,6.58,0.21,0.19,487.96,506.23,,456.98
2018-05-07 04:00:00,2018,5,1,0,4,0,474.51,21.17,54.78,13.73,0.02,0.02,484.0,506.01,,
2018-05-07 05:00:00,2018,5,1,0,5,0,501.72,22.92,77.6,1.52,0.03,0.03,486.85,505.88,474.51,
2018-05-07 06:00:00,2018,5,1,0,6,0,383.28,25.98,53.73,6.67,0.0,0.0,480.65,505.46,501.72,
2018-05-07 07:00:00,2018,5,1,0,7,0,467.09,40.0,77.15,3.3,0.02,0.02,482.5,505.05,375.58,
2018-05-07 11:00:00,2018,5,1,0,11,0,522.34,17.24,56.49,11.29,0.23,0.21,478.62,505.54,,
2018-05-07 12:00:00,2018,5,1,0,12,0,482.87,27.79,74.09,7.02,0.16,0.15,480.58,505.27,522.34,
2018-05-08 01:00:00,2018,5,2,0,1,0,559.86,21.03,59.75,7.39,0.08,0.08,494.1,507.98,,480.57
2018-05-08 05:00:00,2018,5,2,0,5,0,460.81,20.55,58.61,0.97,0.46,0.38,487.19,508.06,,501.72
2018-05-08 08:00:00,2018,5,2,0,8,0,472.22,38.79,88.58,8.39,0.15,0.14,493.47,508.01,,
2018-05-08 16:00:00,2018,5,2,0,16,0,424.28,16.83,63.72,5.41,0.14,0.13,488.6,506.41,,
2018-05-08 20:00:00,2018,5,2,0,20,0,511.26,15.0,50.03,6.99,0.4,0.34,492.37,506.6,,
2018-05-09 02:00:00,2018,5,3,0,2,0,463.35,25.21,35.32,1.03,0.1,0.1,499.05,507.84,,
2018-05-09 03:00:00,2018,5,3,0,3,0,590.9,21.66,85.92,13.5,0.03,0.03,504.31,508.74,463.35,
2018-05-09 04:00:00,2018,5,3,0,4,0,538.76,24.31,89.98,7.92,0.09,0.09,506.53,509.11,590.9,
2018-05-09 05:00:00,2018,5,3,0,5,0,527.65,24.67,44.13,8.27,0.05,0.05,509.31,508.89,538.76,460.81
2018-05-09 13:00:00,2018,5,3,0,13,0,515.5,15.0,69.3,4.92,0.84,0.61,508.17,507.52,,
2018-05-09 23:00:00,2018,5,3,0,23,0,563.97,23.52,84.21,11.28,0.4,0.34,503.44,506.75,,
2018-05-10 08:00:00,2018,5,4,0,8,0,463.52,17.34,51.3,6.16,0.8,0.59,500.9,506.57,,
2018-05-10 09:00:00,2018,5,4,0,9,0,518.07,25.35,49.37,7.64,0.08,0.08,501.36,506.75,463.52,
2018-05-10 14:00:00,2018,5,4,0,14,0,441.91,24.65,66.36,7.7,0.24,0.22,500.77,506.01,,
2018-05-10 17:00:00,2018,5,4,0,17,0,439.53,27.8,68.58,14.81,0.08,0.08,498.26,505.77,,
2018-05-10 19:00:00,2018,5,4,0,19,0,512.57,18.0,67.42,5.28,0.04,0.04,501.8,506.85,,
2018-05-10 22:00:00,2018,5,4,0,22,0,552.44,36.03,49.64,9.97,0.47,0.39,503.12,507.07,,
2018-05-11 05:00:00,2018,5,5,0,5,0,536.98,18.98,70.77,8.65,0.35,0.3,498.52,506.17,,
2018-05-11 06:00:00,2018,5,5,0,6,0,404.53,30.41,59.21,4.71,0.09,0.09,491.1,505.24,536.98,
2018-05-11 16:00:00,2018,5,5,0,16,0,547.58,25.18,66.91,6.01,0.27,0.24,502.01,507.44,,
2018-05-11 21:00:00,2018,5,5,0,21,0,393.64,25.86,34.21,4.53,0.08,0.08,500.81,507.14,,
2018-05-12 06:00:00,2018,5,6,1,6,1,542.1,29.25,30.44,4.91,0.01,0.01,497.02,505.37,,404.53
2018-05-12 10:00:00,2018,5,6,1,10,1,448.07,20.69,43.82,7.04,0.29,0.25,485.4,504.69,,
2018-05-12 17:00:00,2018,5,6,1,17,1,522.8,20.87,40.93,13.23,0.17,0.16,482.46,503.28,,
2018-05-13 00:00:00,2018,5,7,1,0,1,495.17,18.09,82.33,1.02,0.12,0.11,476.12,503.04,,
2018-05-13 01:00:00,2018,5,7,1,1,1,479.2,23.25,88.99,0.28,0.14,0.13,474.28,503.18,495.17,
2018-05-13 12:00:00,2018,5,7,1,12,1,548.92,15.62,69.71,9.81,0.02,0.02,488.88,502.47,,
2018-05-13 16:00:00,2018,5,7,1,16,1,460.99,20.44,74.27,10.89,0.61,0.48,482.97,502.7,,
2018-05-13 21:00:00,2018,5,7,1,21,1,591.48,24.94,35.6,5.16,0.13,0.12,498.29,504.45,,
2018-05-14 05:00:00,2018,5,1,0,5,0,405.84,17.89,57.46,13.1,0.23,0.21,496.22,504.06,,
2018-05-14 08:00:00,2018,5,1,0,8,0,509.26,15.0,77.02,5.11,0.05,0.05,503.45,504.96,,
2018-05-14 19:00:00,2018,5,1,0,19,0,441.1,15.0,51.28,0.71,0.15,0.14,504.3,505.91,,
2018-05-14 22:00:00,2018,5,1,0,22,0,536.78,34.13,53.95,11.37,0.1,0.1,507.66,507.15,,
2018-05-15 04:00:00,2018,5,2,0,4,0,447.49,24.68,57.12,9.85,0.28,0.25,505.3,507.04,,
2018-05-15 05:00:00,2018,5,2,0,5,0,537.87,27.45,37.13,10.52,0.1,0.1,510.8,507.5,447.49,405.84
2018-05-15 06:00:00,2018,5,2,0,6,0,568.53,29.21,57.63,6.5,0.78,0.58,514.43,507.39,537.87,
2018-05-15 11:00:00,2018,5,2,0,11,0,562.48,38.65,71.14,4.48,0.12,0.11,509.94,508.36,,
2018-05-15 13:00:00,2018,5,2,0,13,0,498.05,24.38,49.87,10.15,0.09,0.09,514.87,508.59,,
2018-05-15 14:00:00,2018,5,2,0,14,0,479.1,24.44,46.0,14.67,0.07,0.07,515.61,508.5,498.05,
2018-05-15 15:00:00,2018,5,2,0,15,0,398.71,15.89,54.62,8.41,0.27,0.24,509.66,508.04,479.1,
2018-05-16 02:00:00,2018,5,3,0,2,0,416.57,18.51,51.5,10.66,0.02,0.02,504.85,507.68,,
2018-05-16 03:00:00,2018,5,3,0,3,0,552.94,24.0,47.64,1.05,0.04,0.04,505.55,507.45,416.57,
2018-05-16 08:00:00,2018,5,3,0,8,0,511.45,19.59,54.42,11.62,0.09,0.09,502.38,506.85,,
2018-05-16 13:00:00,2018,5,3,0,13,0,552.91,30.49,52.12,10.07,0.07,0.07,503.6,507.93,,498.05
2018-05-16 17:00:00,2018,5,3,0,17,0,464.39,15.0,79.24,5.17,0.08,0.08,504.7,507.8,,
2018-05-16 23:00:00,2018,5,3,0,23,0,558.64,15.0,71.83,11.41,0.44,0.36,510.77,508.71,,
2018-05-17 01:00:00,2018,5,4,0,1,0,597.06,26.66,69.95,1.56,0.25,0.22,510.2,509.01,,
2018-05-17 05:00:00,2018,5,4,0,5,0,532.32,35.76,77.6,9.46,0.35,0.3,509.43,508.71,,
2018-05-17 06:00:00,2018,5,4,0,6,0,489.22,33.37,35.13,1.75,0.56,0.44,508.06,508.15,532.32,
2018-05-17 08:00:00,2018,5,4,0,8,0,544.07,26.66,50.62,3.55,0.01,0.01,509.13,508.05,,511.45
2018-05-17 13:00:00,2018,5,4,0,13,0,506.71,21.1,72.94,13.1,0.27,0.24,512.72,509.33,,552.91
2018-05-17 15:00:00,2018,5,4,0,15,0,527.7,22.47,54.5,12.14,0.24,0.22,512.97,509.97,,
2018-05-17 17:00:00,2018,5,4,0,17,0,501.5,21.75,56.11,11.24,0.07,0.07,514.56,510.17,,464.39
2018-05-17 18:00:00,2018,5,4,0,18,0,392.38,26.7,65.46,14.21,0.11,0.1,507.6,509.4,501.5,
2018-05-17 23:00:00,2018,5,4,0,23,0,489.42,24.54,34.92,3.78,0.26,0.23,505.03,508.87,,558.64
2018-05-18 00:00:00,2018,5,5,0,0,0,468.61,15.0,63.48,3.84,0.04,0.04,502.33,508.83,489.42,
2018-05-18 01:00:00,2018,5,5,0,1,0,485.6,15.95,37.12,5.65,0.43,0.36,497.69,508.93,468.61,597.06
2018-05-18 02:00:00,2018,5,5,0,2,0,570.93,23.98,77.26,7.94,0.09,0.09,502.47,509.21,485.6,
2018-05-18 10:00:00,2018,5,5,0,10,0,442.33,29.58,88.6,8.68,0.19,0.17,494.82,508.36,,
2018-05-18 15:00:00,2018,5,5,0,15,0,448.71,24.7,70.73,11.78,0.04,0.04,487.39,508.21,,527.7
2018-05-18 20:00:00,2018,5,5,0,20,0,588.06,19.06,56.73,9.71,0.05,0.05,505.07,509.38,,
2018-05-18 21:00:00,2018,5,5,0,21,0,499.98,26.06,80.64,13.12,0.27,0.24,501.94,510.02,588.06,
2018-05-19 04:00:00,2018,5,6,1,4,1,497.3,27.32,40.97,2.13,0.25,0.22,505.25,510.53,,
2018-05-19 06:00:00,2018,5,6,1,6,1,556.09,25.63,53.48,9.11,0.09,0.09,507.35,510.59,,
2018-05-20 14:00:00,2018,5,7,1,14,1,474.03,21.8,44.52,10.42,0.45,0.37,508.72,516.53,,
2018-05-20 20:00:00,2018,5,7,1,20,1,503.93,28.78,81.24,9.52,0.43,0.36,507.41,516.13,,
2018-05-21 06:00:00,2018,5,1,0,6,0,473.71,27.85,37.53,8.77,0.04,0.04,489.13,514.07,,
2018-05-21 15:00:00,2018,5,1,0,15,0,448.8,19.68,89.62,0.38,0.12,0.11,483.11,513.77,,
2018-05-21 17:00:00,2018,5,1,0,17,0,451.77,17.21,56.85,11.88,0.2,0.18,479.46,512.98,,
2018-05-21 18:00:00,2018,5,1,0,18,0,525.3,18.31,71.56,9.49,0.05,0.05,481.75,512.78,451.77,
2018-05-21 22:00:00,2018,5,1,0,22,0,510.63,24.2,31.11,10.48,0.22,0.2,491.33,512.81,,
2018-05-22 07:00:00,2018,5,2,0,7,0,459.86,17.53,43.69,8.48,0.37,0.31,502.84,512.23,,
2018-05-22 10:00:00,2018,5,2,0,10,0,598.63,33.36,64.09,5.22,1.07,0.73,505.69,513.25,,
2018-05-22 12:00:00,2018,5,2,0,12,0,525.28,32.58,73.02,12.84,0.18,0.17,503.33,512.37,,
2018-05-22 17:00:00,2018,5,2,0,17,0,528.49,25.81,60.93,6.19,0.05,0.05,516.99,514.21,,451.77
2018-05-22 18:00:00,2018,5,2,0,18,0,509.77,15.0,68.44,11.54,0.21,0.19,516.35,514.66,528.49,525.3
2018-05-23 08:00:00,2018,5,3,0,8,0,542.04,22.99,88.87,0.23,0.08,0.08,513.11,513.68,,
2018-05-23 10:00:00,2018,5,3,0,10,0,435.37,40.0,32.11,3.26,0.03,0.03,506.9,513.73,,598.63
2018-05-23 11:00:00,2018,5,3,0,11,0,473.39,24.23,34.44,13.99,0.08,0.08,508.68,513.48,435.37,
2018-05-23 17:00:00,2018,5,3,0,17,0,553.2,22.93,54.71,13.31,0.16,0.15,497.27,513.13,,528.49
2018-05-23 18:00:00,2018,5,3,0,18,0,512.63,28.93,87.16,14.55,0.19,0.17,497.39,512.84,553.2,509.77
2018-05-23 23:00:00,2018,5,3,0,23,0,567.31,30.08,56.76,7.24,0.41,0.34,510.16,513.82,,
2018-05-24 02:00:00,2018,5,4,0,2,0,613.62,30.17,49.25,12.18,0.67,0.51,513.38,514.12,,
2018-05-24 10:00:00,2018,5,4,0,10,0,507.05,20.31,31.78,5.2,0.09,0.09,511.4,513.74,,435.37
2018-05-24 12:00:00,2018,5,4,0,12,0,534.77,35.29,67.87,9.73,0.13,0.12,518.53,513.67,,
2018-05-24 13:00:00,2018,5,4,0,13,0,442.95,37.92,64.76,2.31,0.26,0.23,516.31,513.28,534.77,
2018-05-24 20:00:00,2018,5,4,0,20,0,493.62,22.33,32.48,1.89,0.28,0.25,504.25,513.12,,
2018-05-24 23:00:00,2018,5,4,0,23,0,602.65,24.14,52.0,12.22,0.09,0.09,495.18,512.39,,567.31
2018-05-25 04:00:00,2018,5,5,0,4,0,584.79,24.0,49.32,0.98,0.1,0.1,489.13,512.98,,
2018-05-25 05:00:00,2018,5,5,0,5,0,594.86,37.97,77.35,12.14,0.41,0.34,495.74,513.46,584.79,
2018-05-25 06:00:00,2018,5,5,0,6,0,507.83,25.56,64.13,6.45,0.04,0.04,498.75,513.87,594.86,
2018-05-25 11:00:00,2018,5,5,0,11,0,506.6,26.32,62.0,9.63,0.09,0.09,494.65,513.85,,
2018-05-26 02:00:00,2018,5,6,1,2,1,481.93,20.49,35.18,12.96,0.42,0.35,492.6,511.09,,
2018-05-26 08:00:00,2018,5,6,1,8,1,453.77,20.95,35.09,11.34,0.08,0.08,484.07,510.08,,
2018-05-26 14:00:00,2018,5,6,1,14,1,525.57,27.09,59.86,10.61,0.07,0.07,485.56,509.76,,
2018-05-26 22:00:00,2018,5,6,1,22,1,502.26,16.19,45.76,4.62,0.12,0.11,497.7,509.97,,
2018-05-26 23:00:00,2018,5,6,1,23,1,502.56,24.01,71.51,3.3,0.24,0.22,494.92,510.39,502.26,
2018-05-27 00:00:00,2018,5,7,1,0,1,474.91,28.19,34.21,8.09,0.32,0.28,494.5,510.65,502.56,
2018-05-27 03:00:00,2018,5,7,1,3,1,496.95,29.72,77.8,2.4,0.4,0.34,498.5,509.66,,
2018-05-27 06:00:00,2018,5,7,1,6,1,561.04,20.43,67.75,2.94,0.17,0.16,500.96,510.19,,
2018-05-27 15:00:00,2018,5,7,1,15,1,389.16,26.93,77.03,5.62,0.25,0.22,498.21,508.92,,
2018-05-27 20:00:00,2018,5,7,1,20,1,470.91,27.41,62.51,10.36,0.5,0.41,491.3,508.4,,
2018-05-28 01:00:00,2018,5,1,0,1,0,447.43,25.43,33.1,8.78,0.44,0.36,491.76,509.4,,
2018-05-28 11:00:00,2018,5,1,0,11,0,491.98,15.0,44.67,0.03,0.14,0.13,499.91,511.93,,
2018-05-28 13:00:00,2018,5,1,0,13,0,572.55,26.86,54.24,2.15,0.27,0.24,504.39,511.49,,
2018-05-28 19:00:00,2018,5,1,0,19,0,573.33,18.12,83.76,4.8,0.19,0.17,516.71,513.86,,
2018-05-28 20:00:00,2018,5,1,0,20,0,444.42,18.02,58.31,13.03,0.16,0.15,515.6,512.87,573.33,470.91
2018-05-29 03:00:00,2018,5,2,0,3,0,498.39,15.0,80.57,4.29,0.28,0.25,510.77,511.84,,
2018-05-29 11:00:00,2018,5,2,0,11,0,559.73,28.96,75.41,12.85,0.36,0.31,502.08,511.47,,491.98
2018-05-29 12:00:00,2018,5,2,0,12,0,547.92,24.42,60.32,1.98,0.02,0.02,503.39,511.6,559.73,
2018-05-29 16:00:00,2018,5,2,0,16,0,511.22,16.65,75.73,1.41,0.61,0.48,501.2,510.92,,
2018-05-29 18:00:00,2018,5,2,0,18,0,485.13,28.29,72.96,9.03,0.04,0.04,500.38,510.87,,
2018-05-30 02:00:00,2018,5,3,0,2,0,459.23,33.37,76.55,13.39,0.11,0.1,498.96,510.5,,
2018-05-30 03:00:00,2018,5,3,0,3,0,446.69,17.43,86.36,11.94,0.28,0.25,496.81,510.3,459.23,498.39
2018-05-30 05:00:00,2018,5,3,0,5,0,566.57,23.47,70.99,14.07,0.03,0.03,502.42,511.0,,
2018-05-30 17:00:00,2018,5,3,0,17,0,426.03,26.62,33.98,12.65,0.49,0.4,503.86,511.98,,
2018-05-30 18:00:00,2018,5,3,0,18,0,562.96,21.77,53.1,12.39,0.11,0.1,507.1,512.28,426.03,485.13
2018-05-31 01:00:00,2018,5,4,0,1,0,464.04,29.46,75.19,5.13,1.46,0.9,507.88,510.64,,
2018-05-31 04:00:00,2018,5,4,0,4,0,539.11,15.0,77.33,12.92,0.24,0.22,513.27,510.36,,
2018-05-31 07:00:00,2018,5,4,0,7,0,554.1,40.0,39.56,14.26,0.26,0.23,508.03,510.9,,
2018-05-31 09:00:00,2018,5,4,0,9,0,479.24,24.47,58.96,6.39,0.15,0.14,506.9,510.51,,
2018-05-31 10:00:00,2018,5,4,0,10,0,501.7,35.54,39.12,14.46,0.05,0.05,508.42,510.48,479.24,
2018-05-31 11:00:00,2018,5,4,0,11,0,505.57,22.44,66.0,5.81,0.3,0.26,510.56,510.03,501.7,
2018-05-31 17:00:00,2018,5,4,0,17,0,485.79,18.76,52.09,0.23,0.3,0.26,504.38,510.8,,426.03
2018-05-31 18:00:00,2018,5,4,0,18,0,559.74,26.38,50.95,5.18,1.04,0.71,504.25,511.31,485.79,562.96
2018-05-31 19:00:00,2018,5,4,0,19,0,544.73,40.0,56.05,3.5,0.22,0.2,503.72,511.96,559.74,
2018-05-31 22:00:00,2018,5,4,0,22,0,401.09,19.64,78.98,6.47,0.52,0.42,496.7,512.15,,
2018-06-01 04:00:00,2018,6,5,0,4,0,422.86,24.97,41.57,2.49,0.04,0.04,493.21,510.96,,539.11
2018-06-01 09:00:00,2018,6,5,0,9,0,537.21,22.7,78.32,11.83,0.1,0.1,497.56,510.33,,479.24
2018-06-01 16:00:00,2018,6,5,0,16,0,475.15,25.04,59.43,2.19,0.23,0.21,497.05,510.82,,
2018-06-01 19:00:00,2018,6,5,0,19,0,498.25,15.0,47.45,0.46,0.61,0.48,490.77,511.38,,544.73
2018-06-02 05:00:00,2018,6,6,1,5,1,458.72,33.07,63.77,5.78,0.03,0.03,498.53,512.27,,
2018-06-02 13:00:00,2018,6,6,1,13,1,463.6,35.91,67.41,9.75,0.42,0.35,495.47,512.46,,
2018-06-03 01:00:00,2018,6,7,1,1,1,541.01,32.0,42.09,3.06,0.08,0.08,508.36,513.15,,
2018-06-03 02:00:00,2018,6,7,1,2,1,496.77,25.29,42.24,12.72,0.22,0.2,507.38,513.03,541.01,
2018-06-03 21:00:00,2018,6,7,1,21,1,552.87,30.45,39.58,10.51,0.05,0.05,520.39,516.53,,
2018-06-04 01:00:00,2018,6,1,0,1,0,516.63,26.77,35.11,12.88,0.13,0.12,517.76,516.94,,541.01
2018-06-04 02:00:00,2018,6,1,0,2,0,546.66,31.68,86.41,11.66,0.11,0.1,519.84,516.77,516.63,496.77
2018-06-04 04:00:00,2018,6,1,0,4,0,553.26,26.87,36.54,13.29,0.18,0.17,521.29,516.49,,
2018-06-04 06:00:00,2018,6,1,0,6,0,454.18,32.62,53.75,1.77,0.13,0.12,520.24,516.39,,
2018-06-04 08:00:00,2018,6,1,0,8,0,492.98,27.86,50.75,12.93,0.1,0.1,520.71,515.41,,
2018-06-04 09:00:00,2018,6,1,0,9,0,515.38,18.82,74.09,9.9,0.73,0.55,522.17,515.75,492.98,
2018-06-04 11:00:00,2018,6,1,0,11,0,567.61,28.08,56.74,8.32,0.79,0.58,520.96,516.06,,
2018-06-04 18:00:00,2018,6,1,0,18,0,550.63,20.26,57.57,7.47,0.27,0.24,505.78,513.91,,
2018-06-04 19:00:00,2018,6,1,0,19,0,492.09,23.36,82.55,2.48,0.24,0.22,503.7,513.42,550.63,
2018-06-04 23:00:00,2018,6,1,0,23,0,494.68,22.46,55.94,13.52,0.38,0.32,508.77,516.0,,
2018-06-05 03:00:00,2018,6,2,0,3,0,410.68,19.92,76.93,3.72,0.32,0.28,506.27,515.48,,
2018-06-05 12:00:00,2018,6,2,0,12,0,399.08,27.09,86.05,12.25,0.05,0.05,493.44,514.64,,
2018-06-05 14:00:00,2018,6,2,0,14,0,539.66,32.65,74.57,14.29,0.32,0.28,498.3,514.84,,
2018-06-05 17:00:00,2018,6,2,0,17,0,492.03,36.08,85.82,12.93,0.17,0.16,503.36,513.95,,
2018-06-06 07:00:00,2018,6,3,0,7,0,516.46,28.14,44.2,6.63,0.22,0.2,478.74,512.05,,
2018-06-06 09:00:00,2018,6,3,0,9,0,477.59,24.99,46.16,14.32,0.64,0.49,487.74,512.66,,
2018-06-06 14:00:00,2018,6,3,0,14,0,513.87,31.74,44.93,2.71,0.17,0.16,489.43,512.5,,539.66
2018-06-06 22:00:00,2018,6,3,0,22,0,451.23,22.74,34.6,11.95,0.18,0.17,493.38,511.09,,
2018-06-06 23:00:00,2018,6,3,0,23,0,565.18,19.51,69.94,12.74,0.09,0.09,495.75,511.56,451.23,
2018-06-07 04:00:00,2018,6,4,0,4,0,460.9,31.01,84.65,0.3,0.06,0.06,499.04,511.12,,
2018-06-07 08:00:00,2018,6,4,0,8,0,408.44,28.08,88.62,3.35,0.01,0.01,491.93,510.49,,
2018-06-07 12:00:00,2018,6,4,0,12,0,492.48,30.86,44.77,4.95,0.05,0.05,490.82,509.56,,
2018-06-07 17:00:00,2018,6,4,0,17,0,472.47,16.41,30.42,4.16,0.42,0.35,479.91,508.59,,
2018-06-07 21:00:00,2018,6,4,0,21,0,565.16,22.69,34.23,1.47,0.24,0.22,481.29,508.54,,
2018-06-08 00:00:00,2018,6,5,0,0,0,512.86,34.67,34.05,3.34,0.02,0.02,480.12,508.68,,
2018-06-08 06:00:00,2018,6,5,0,6,0,450.33,15.0,42.01,0.78,0.06,0.06,483.99,509.02,,
2018-06-08 07:00:00,2018,6,5,0,7,0,449.21,17.14,48.33,7.06,0.17,0.16,480.89,508.9,450.33,
2018-06-08 12:00:00,2018,6,5,0,12,0,455.36,18.86,34.2,10.49,0.26,0.23,481.79,507.14,,492.48
2018-06-09 02:00:00,2018,6,6,1,2,1,480.12,15.27,69.35,14.23,0.27,0.24,474.01,506.06,,
2018-06-09 13:00:00,2018,6,6,1,13,1,524.05,23.55,84.09,9.63,0.02,0.02,488.62,506.19,,
2018-06-09 15:00:00,2018,6,6,1,15,1,473.59,17.57,32.35,10.76,0.14,0.13,491.12,505.76,,
2018-06-09 17:00:00,2018,6,6,1,17,1,428.85,17.3,66.95,8.52,0.32,0.28,487.26,505.66,,
2018-06-09 19:00:00,2018,6,6,1,19,1,480.12,29.69,41.26,14.78,0.9,0.64,485.61,504.84,,
2018-06-09 20:00:00,2018,6,6,1,20,1,561.88,31.04,64.68,11.02,0.15,0.14,489.97,505.26,480.12,
2018-06-10 00:00:00,2018,6,7,1,0,1,469.28,27.31,74.32,2.43,0.11,0.1,493.78,504.47,,
2018-06-10 03:00:00,2018,6,7,1,3,1,431.41,21.63,30.53,4.65,0.31,0.27,495.04,503.88,,
2018-06-10 15:00:00,2018,6,7,1,15,1,492.44,36.96,33.2,11.7,0.01,0.01,495.81,503.18,,473.59
2018-06-10 18:00:00,2018,6,7,1,18,1,463.8,32.01,79.96,13.17,0.02,0.02,495.46,502.22,,
2018-06-10 21:00:00,2018,6,7,1,21,1,460.53,19.39,50.65,10.12,0.04,0.04,489.92,500.83,,
2018-06-10 22:00:00,2018,6,7,1,22,1,499.65,34.3,62.1,12.66,0.42,0.35,491.92,500.57,460.53,
2018-06-10 23:00:00,2018,6,7,1,23,1,489.22,23.75,89.89,3.46,0.07,0.07,492.12,500.6,499.65,
2018-06-11 11:00:00,2018,6,1,0,11,0,559.59,17.54,53.72,3.93,0.01,0.01,489.87,500.17,,
2018-06-11 12:00:00,2018,6,1,0,12,0,547.5,30.23,77.34,12.51,0.05,0.05,489.15,500.17,559.59,
2018-06-11 21:00:00,2018,6,1,0,21,0,526.81,25.27,42.35,9.65,0.29,0.25,491.9,500.17,,460.53
2018-06-12 05:00:00,2018,6,2,0,5,0,404.6,24.0,67.05,6.88,0.08,0.08,482.35,500.17,,
2018-06-12 11:00:00,2018,6,2,0,11,0,518.98,20.58,47.27,5.64,0.62,0.48,496.67,500.17,,559.59
2018-06-12 17:00:00,2018,6,2,0,17,0,483.9,21.98,41.87,2.79,0.06,0.06,499.57,500.2,,
2018-06-12 22:00:00,2018,6,2,0,22,0,429.24,26.24,81.07,13.87,0.44,0.36,505.43,500.18,,
2018-06-13 04:00:00,2018,6,3,0,4,0,495.63,28.2,34.13,13.59,0.12,0.11,500.01,500.27,,
2018-06-13 06:00:00,2018,6,3,0,6,0,547.48,28.11,37.47,14.35,0.17,0.16,507.92,501.35,,
2018-06-13 07:00:00,2018,6,3,0,7,0,497.03,32.45,43.2,11.2,0.05,0.05,505.71,501.23,547.48,
2018-06-13 10:00:00,2018,6,3,0,10,0,482.68,16.14,56.3,12.08,0.0,0.0,504.05,501.72,,
2018-06-13 11:00:00,2018,6,3,0,11,0,419.42,26.72,55.03,5.64,0.24,0.22,499.9,501.83,482.68,518.98
2018-06-13 16:00:00,2018,6,3,0,16,0,441.03,27.98,70.1,8.94,0.01,0.01,495.71,500.9,,
2018-06-13 17:00:00,2018,6,3,0,17,0,508.61,28.89,76.42,0.36,0.14,0.13,496.74,500.95,441.03,483.9
2018-06-13 19:00:00,2018,6,3,0,19,0,576.4,23.27,75.65,11.82,0.04,0.04,501.49,501.62,,
2018-06-13 21:00:00,2018,6,3,0,21,0,538.04,26.04,79.63,8.11,0.02,0.02,505.24,502.04,,
2018-06-13 23:00:00,2018,6,3,0,23,0,519.42,15.0,32.71,8.34,0.22,0.2,508.67,502.08,,
2018-06-14 03:00:00,2018,6,4,0,3,0,461.37,16.49,39.95,3.4,0.54,0.43,509.13,501.53,,
2018-06-14 04:00:00,2018,6,4,0,4,0,518.96,22.88,45.03,11.82,0.09,0.09,510.1,501.88,461.37,495.63
2018-06-14 06:00:00,2018,6,4,0,6,0,470.15,20.35,83.63,3.23,0.23,0.21,508.3,502.84,,547.48
2018-06-14 08:00:00,2018,6,4,0,8,0,479.39,30.1,76.56,3.97,0.08,0.08,498.72,502.4,,
2018-06-14 09:00:00,2018,6,4,0,9,0,545.67,40.0,89.32,12.98,0.34,0.29,500.15,503.05,479.39,
2018-06-14 10:00:00,2018,6,4,0,10,0,526.88,28.78,75.01,9.93,0.27,0.24,501.99,503.84,545.67,482.68
2018-06-14 17:00:00,2018,6,4,0,17,0,528.53,21.79,36.7,5.18,0.17,0.16,508.45,505.11,,508.61
2018-06-15 19:00:00,2018,6,5,0,19,0,447.52,34.22,43.55,0.18,0.09,0.09,511.22,508.4,,
2018-06-16 02:00:00,2018,6,6,1,2,1,527.66,18.29,58.09,12.29,0.21,0.19,514.48,510.97,,
2018-06-16 10:00:00,2018,6,6,1,10,1,396.75,23.24,81.77,10.31,0.37,0.31,500.52,510.06,,
2018-06-17 01:00:00,2018,6,7,1,1,1,531.67,29.19,55.45,5.36,0.02,0.02,481.19,509.02,,
2018-06-17 04:00:00,2018,6,7,1,4,1,450.75,34.8,36.49,11.7,0.09,0.09,473.17,507.93,,
2018-06-17 08:00:00,2018,6,7,1,8,1,475.96,21.17,67.68,5.12,0.61,0.48,480.51,507.25,,
2018-06-17 20:00:00,2018,6,7,1,20,1,579.93,26.49,33.78,4.11,0.03,0.03,486.3,508.25,,
2018-06-17 21:00:00,2018,6,7,1,21,1,540.11,19.31,56.65,2.6,0.23,0.21,486.74,508.74,579.93,
2018-06-18 02:00:00,2018,6,1,0,2,0,459.53,21.01,50.68,8.64,0.11,0.1,482.18,507.42,,
2018-06-18 03:00:00,2018,6,1,0,3,0,547.84,36.94,49.77,8.77,0.5,0.41,487.1,507.2,459.53,
2018-06-18 07:00:00,2018,6,1,0,7,0,465.56,17.74,82.94,14.54,0.03,0.03,489.25,507.11,,
2018-06-18 15:00:00,2018,6,1,0,15,0,615.08,18.49,33.93,0.03,0.05,0.05,498.41,509.03,,
2018-06-19 00:00:00,2018,6,2,0,0,0,573.11,32.94,64.43,7.22,0.51,0.41,503.37,510.56,,
2018-06-19 01:00:00,2018,6,2,0,1,0,522.43,30.7,63.51,10.52,0.13,0.12,510.22,510.44,573.11,
2018-06-19 06:00:00,2018,6,2,0,6,0,452.45,28.98,47.4,11.47,0.21,0.19,511.01,511.24,,
2018-06-19 08:00:00,2018,6,2,0,8,0,450.42,26.03,70.56,5.11,0.13,0.12,510.62,510.31,,
2018-06-19 14:00:00,2018,6,2,0,14,0,528.6,25.91,83.02,13.13,0.16,0.15,509.83,509.64,,
2018-06-19 15:00:00,2018,6,2,0,15,0,464.76,26.21,87.2,3.64,0.17,0.16,502.5,509.71,528.6,640.73
2018-06-20 02:00:00,2018,6,3,0,2,0,583.93,34.55,86.99,11.19,0.22,0.2,490.18,509.1,,
2018-06-20 06:00:00,2018,6,3,0,6,0,542.98,27.65,47.54,0.67,0.02,0.02,490.59,508.71,,452.45
2018-06-20 11:00:00,2018,6,3,0,11,0,571.03,28.0,72.23,9.41,0.03,0.03,494.7,509.04,,
2018-06-20 13:00:00,2018,6,3,0,13,0,511.08,25.82,44.05,0.22,0.01,0.01,495.2,509.26,,
2018-06-20 15:00:00,2018,6,3,0,15,0,448.4,19.22,48.31,12.58,0.12,0.11,495.9,508.89,,464.76
2018-06-21 00:00:00,2018,6,4,0,0,0,496.87,34.58,59.02,6.42,0.2,0.18,504.84,507.46,,
2018-06-21 03:00:00,2018,6,4,0,3,0,567.83,20.07,43.81,9.4,0.18,0.17,509.5,508.6,,
2018-06-21 04:00:00,2018,6,4,0,4,0,489.98,34.79,36.33,7.89,0.15,0.14,506.35,508.43,567.83,
2018-06-21 15:00:00,2018,6,4,0,15,0,448.01,15.0,51.47,7.84,0.23,0.21,498.34,508.56,,448.4
2018-06-21 16:00:00,2018,6,4,0,16,0,469.62,28.14,43.66,2.51,0.07,0.07,495.84,507.71,448.01,
2018-06-22 00:00:00,2018,6,5,0,0,0,463.24,25.23,50.98,7.81,0.01,0.01,498.29,507.95,,496.87
2018-06-22 16:00:00,2018,6,5,0,16,0,424.05,30.33,64.51,14.56,0.03,0.03,513.11,508.47,,469.62
2018-06-22 18:00:00,2018,6,5,0,18,0,519.42,25.27,74.58,13.67,0.2,0.18,506.72,507.17,,
2018-06-22 21:00:00,2018,6,5,0,21,0,512.18,37.31,58.71,1.4,0.12,0.11,507.17,506.47,,
2018-06-23 00:00:00,2018,6,6,1,0,1,504.31,23.29,39.69,6.79,0.21,0.19,509.19,506.13,,463.24
2018-06-23 03:00:00,2018,6,6,1,3,1,489.14,17.28,50.14,6.59,0.31,0.27,506.3,506.77,,
2018-06-23 04:00:00,2018,6,6,1,4,1,526.33,27.98,35.49,11.76,0.39,0.33,505.17,506.34,489.14,
2018-06-23 05:00:00,2018,6,6,1,5,1,476.13,22.2,54.91,12.01,0.18,0.17,501.52,506.44,526.33,
2018-06-23 07:00:00,2018,6,6,1,7,1,504.21,34.42,80.32,2.35,0.0,0.0,501.38,506.92,,
2018-06-23 08:00:00,2018,6,6,1,8,1,500.64,18.25,55.25,5.46,0.18,0.17,501.53,507.52,504.21,
2018-06-23 10:00:00,2018,6,6,1,10,1,486.57,15.0,64.79,0.66,0.11,0.1,499.4,507.99,,
2018-06-23 13:00:00,2018,6,6,1,13,1,539.69,30.02,80.29,8.26,0.17,0.16,491.62,508.26,,
2018-06-23 16:00:00,2018,6,6,1,16,1,549.32,22.98,44.93,8.71,0.02,0.02,494.26,508.05,,424.05
2018-06-24 02:00:00,2018,6,7,1,2,1,590.67,20.88,75.12,3.0,0.84,0.61,493.79,508.67,,
2018-06-24 04:00:00,2018,6,7,1,4,1,513.92,24.49,53.72,5.59,0.24,0.22,493.01,509.37,,526.33
2018-06-24 05:00:00,2018,6,7,1,5,1,474.54,34.93,44.08,1.25,0.16,0.15,492.94,509.16,513.92,476.13
2018-06-24 17:00:00,2018,6,7,1,17,1,383.28,20.53,33.33,3.83,0.1,0.1,495.46,509.61,,
2018-06-24 23:00:00,2018,6,7,1,23,1,528.56,16.9,59.05,12.62,0.53,0.43,489.31,507.61,,
2018-06-25 01:00:00,2018,6,1,0,1,0,445.49,26.61,79.05,10.82,0.26,0.23,486.93,508.56,,
2018-06-25 03:00:00,2018,6,1,0,3,0,451.51,32.31,33.88,6.27,0.02,0.02,479.79,507.92,,
2018-06-25 04:00:00,2018,6,1,0,4,0,505.53,20.85,65.53,7.99,0.17,0.16,479.44,507.8,451.51,513.92
2018-06-25 07:00:00,2018,6,1,0,7,0,383.28,15.0,32.23,11.39,0.01,0.01,477.26,507.18,,
2018-06-25 15:00:00,2018,6,1,0,15,0,527.92,31.11,89.56,3.06,0.09,0.09,473.17,505.07,,
2018-06-25 17:00:00,2018,6,1,0,17,0,475.91,33.11,42.17,9.46,0.17,0.16,473.17,505.4,,378.68
2018-06-25 19:00:00,2018,6,1,0,19,0,409.81,27.07,71.29,9.75,0.07,0.07,475.16,505.12,,
2018-06-25 22:00:00,2018,6,1,0,22,0,499.72,15.0,43.39,0.41,0.09,0.09,479.17,504.76,,
2018-06-26 05:00:00,2018,6,2,0,5,0,500.43,17.86,57.18,13.14,0.02,0.02,490.93,504.47,,
2018-06-26 06:00:00,2018,6,2,0,6,0,421.46,29.69,67.08,12.48,0.06,0.06,486.63,504.28,500.43,
2018-06-26 09:00:00,2018,6,2,0,9,0,525.22,34.76,80.31,14.78,0.37,0.31,499.31,505.06,,
2018-06-26 13:00:00,2018,6,2,0,13,0,482.63,15.0,30.98,4.09,0.0,0.0,499.73,504.45,,
2018-06-26 17:00:00,2018,6,2,0,17,0,544.6,19.59,61.51,6.85,0.02,0.02,496.49,505.13,,475.91
2018-06-26 19:00:00,2018,6,2,0,19,0,534.93,19.8,56.64,13.97,0.59,0.46,499.8,505.26,,409.81
2018-06-26 20:00:00,2018,6,2,0,20,0,501.26,33.43,70.55,4.78,0.34,0.29,504.83,505.38,534.93,
2018-06-26 22:00:00,2018,6,2,0,22,0,508.21,15.0,45.55,7.16,0.2,0.18,500.21,505.69,,499.72
2018-06-27 00:00:00,2018,6,3,0,0,0,524.65,15.0,54.64,2.6,0.28,0.25,506.22,506.4,,
2018-06-27 03:00:00,2018,6,3,0,3,0,510.53,18.39,51.36,7.27,0.81,0.59,502.93,507.06,,
2018-06-27 04:00:00,2018,6,3,0,4,0,510.48,26.83,47.45,4.79,0.2,0.18,502.79,506.73,510.53,
2018-06-27 05:00:00,2018,6,3,0,5,0,445.42,25.22,84.0,10.54,0.27,0.24,500.5,506.46,510.48,500.43
2018-06-27 08:00:00,2018,6,3,0,8,0,458.2,27.09,55.94,11.29,0.07,0.07,503.12,505.96,,
2018-06-27 16:00:00,2018,6,3,0,16,0,497.01,21.66,38.25,9.65,0.37,0.31,509.75,506.18,,
2018-06-27 17:00:00,2018,6,3,0,17,0,524.68,28.2,56.23,10.18,0.09,0.09,508.92,506.51,497.01,544.6
2018-06-28 00:00:00,2018,6,4,0,0,0,432.07,17.27,82.71,3.52,0.05,0.05,497.76,505.37,,524.65
2018-06-28 01:00:00,2018,6,4,0,1,0,446.01,15.17,67.48,11.26,0.16,0.15,495.63,504.97,432.07,
2018-06-28 05:00:00,2018,6,4,0,5,0,451.67,29.5,88.57,13.93,0.01,0.01,487.11,503.52,,445.42
2018-06-28 08:00:00,2018,6,4,0,8,0,604.66,30.44,87.82,6.75,0.45,0.37,491.18,503.66,,458.2
2018-06-28 11:00:00,2018,6,4,0,11,0,548.66,32.51,54.43,3.15,0.02,0.02,491.55,503.93,,
2018-06-28 13:00:00,2018,6,4,0,13,0,510.16,26.37,74.9,6.1,0.27,0.24,488.87,504.4,,
2018-06-28 17:00:00,2018,6,4,0,17,0,530.28,27.47,87.06,2.33,0.18,0.17,490.83,505.64,,524.68
2018-06-28 19:00:00,2018,6,4,0,19,0,478.48,25.65,75.49,3.37,0.19,0.17,494.54,505.31,,
2018-06-29 00:00:00,2018,6,5,0,0,0,447.25,20.77,78.3,7.4,0.7,0.53,492.75,504.57,,432.07
2018-06-29 07:00:00,2018,6,5,0,7,0,535.17,29.61,80.14,2.7,0.07,0.07,494.33,502.45,,
2018-06-29 09:00:00,2018,6,5,0,9,0,420.11,20.19,38.43,5.36,0.08,0.08,487.07,501.48,,
2018-06-30 05:00:00,2018,6,6,1,5,1,551.82,22.14,31.62,13.06,0.49,0.4,491.97,500.99,,
2018-06-30 06:00:00,2018,6,6,1,6,1,470.22,35.73,47.07,8.6,0.15,0.14,492.76,501.01,551.82,
2018-06-30 16:00:00,2018,6,6,1,16,1,416.95,31.03,35.04,3.26,0.03,0.03,502.79,501.48,,
2018-06-30 17:00:00,2018,6,6,1,17,1,525.16,38.82,51.57,13.03,0.5,0.41,503.04,501.85,416.95,
2018-07-01 02:00:00,2018,7,7,1,2,1,497.63,23.53,89.09,1.13,0.24,0.22,502.09,502.39,,
2018-07-01 03:00:00,2018,7,7,1,3,1,420.89,21.03,86.92,4.43,0.08,0.08,501.04,502.02,497.63,
2018-07-01 04:00:00,2018,7,7,1,4,1,452.98,19.74,71.19,11.55,0.19,0.17,500.67,501.65,420.89,
2018-07-01 07:00:00,2018,7,7,1,7,1,502.37,39.27,75.59,9.0,0.29,0.25,492.56,501.46,,
2018-07-01 18:00:00,2018,7,7,1,18,1,513.83,22.96,75.45,7.18,0.29,0.25,496.2,502.06,,
2018-07-01 20:00:00,2018,7,7,1,20,1,470.17,20.36,58.26,9.41,0.22,0.2,496.15,502.06,,
2018-07-02 09:00:00,2018,7,1,0,9,0,602.1,19.35,52.33,0.69,0.27,0.24,503.9,505.36,,
2018-07-02 16:00:00,2018,7,1,0,16,0,469.63,23.89,61.67,14.06,0.01,0.01,495.93,504.81,,
2018-07-03 01:00:00,2018,7,2,0,1,0,473.36,25.73,36.61,11.05,0.26,0.23,492.03,505.57,,
2018-07-03 08:00:00,2018,7,2,0,8,0,524.37,34.28,53.59,8.59,0.0,0.0,500.58,505.08,,
2018-07-03 09:00:00,2018,7,2,0,9,0,553.6,19.58,76.28,2.02,0.02,0.02,498.56,505.25,524.37,602.1
2018-07-03 10:00:00,2018,7,2,0,10,0,456.04,25.62,89.91,14.33,0.07,0.07,496.11,505.46,553.6,
2018-07-03 16:00:00,2018,7,2,0,16,0,527.05,19.76,42.23,10.19,0.03,0.03,501.59,505.97,,469.63
2018-07-03 21:00:00,2018,7,2,0,21,0,383.28,16.35,53.96,10.81,0.44,0.36,498.22,505.09,,
2018-07-04 03:00:00,2018,7,3,0,3,0,389.08,23.03,68.25,9.76,0.17,0.16,489.77,502.8,,
2018-07-04 05:00:00,2018,7,3,0,5,0,445.7,22.9,66.17,0.15,0.17,0.16,494.25,503.16,,
2018-07-04 06:00:00,2018,7,3,0,6,0,562.77,19.34,75.17,1.97,0.01,0.01,494.62,503.47,445.7,
2018-07-05 08:00:00,2018,7,4,0,8,0,524.04,22.82,77.46,5.24,0.04,0.04,483.23,502.26,,
2018-07-05 09:00:00,2018,7,4,0,9,0,574.84,34.66,32.83,0.38,0.28,0.25,488.71,503.18,524.04,
2018-07-05 15:00:00,2018,7,4,0,15,0,514.44,25.23,31.7,13.09,0.11,0.1,503.08,503.4,,
2018-07-05 19:00:00,2018,7,4,0,19,0,533.1,15.0,84.54,6.8,0.21,0.19,496.44,501.7,,
2018-07-06 02:00:00,2018,7,5,0,2,0,542.5,20.04,72.55,0.63,0.19,0.17,504.1,504.16,,
2018-07-06 11:00:00,2018,7,5,0,11,0,525.7,33.18,72.46,6.46,0.02,0.02,519.79,507.61,,
2018-07-07 08:00:00,2018,7,6,1,8,1,459.74,15.0,84.47,13.74,0.11,0.1,499.74,506.62,,
2018-07-07 12:00:00,2018,7,6,1,12,1,452.06,15.0,59.49,12.8,1.27,0.82,489.97,505.67,,
2018-07-07 15:00:00,2018,7,6,1,15,1,520.65,19.55,32.63,10.35,0.0,0.0,483.85,504.9,,
2018-07-07 16:00:00,2018,7,6,1,16,1,489.3,31.01,78.71,0.51,0.42,0.35,485.89,505.34,520.65,
2018-07-07 18:00:00,2018,7,6,1,18,1,534.52,21.23,51.33,14.78,0.16,0.15,489.28,506.14,,
2018-07-08 01:00:00,2018,7,7,1,1,1,453.22,21.88,60.92,6.3,0.27,0.24,488.35,504.93,,
2018-07-08 06:00:00,2018,7,7,1,6,1,517.42,29.17,64.26,12.26,0.05,0.05,488.22,506.26,,
2018-07-08 07:00:00,2018,7,7,1,7,1,455.11,27.89,41.51,6.6,0.19,0.17,482.85,505.97,517.42,
2018-07-08 08:00:00,2018,7,7,1,8,1,475.61,29.08,61.15,9.57,0.25,0.22,483.51,505.9,455.11,459.74
2018-07-08 12:00:00,2018,7,7,1,12,1,559.01,19.26,76.46,13.01,0.03,0.03,500.33,507.46,,452.06
2018-07-08 18:00:00,2018,7,7,1,18,1,508.4,27.6,89.6,10.98,0.01,0.01,503.98,507.27,,534.52
2018-07-09 01:00:00,2018,7,1,0,1,0,484.83,22.13,68.89,9.01,0.07,0.07,506.86,506.92,,453.22
2018-07-09 02:00:00,2018,7,1,0,2,0,489.06,27.68,88.33,10.81,0.44,0.36,506.78,507.38,484.83,
2018-07-09 07:00:00,2018,7,1,0,7,0,470.12,23.55,48.25,3.28,0.09,0.09,508.42,507.11,,455.11
2018-07-09 10:00:00,2018,7,1,0,10,0,494.98,20.87,88.53,11.13,0.04,0.04,507.94,507.38,,
2018-07-09 12:00:00,2018,7,1,0,12,0,520.53,19.86,82.4,8.11,0.02,0.02,501.9,507.67,,559.01
2018-07-09 14:00:00,2018,7,1,0,14,0,569.66,23.72,76.17,10.47,0.44,0.36,504.83,508.18,,
2018-07-09 20:00:00,2018,7,1,0,20,0,449.72,24.45,48.29,4.83,0.22,0.2,499.8,508.83,,
2018-07-09 23:00:00,2018,7,1,0,23,0,532.77,15.0,78.74,0.52,0.0,0.0,502.41,508.39,,
2018-07-10 03:00:00,2018,7,2,0,3,0,510.97,17.58,39.31,14.47,0.81,0.59,501.39,508.6,,
2018-07-10 04:00:00,2018,7,2,0,4,0,539.59,32.12,56.76,5.95,0.29,0.25,505.2,509.12,510.97,
2018-07-10 09:00:00,2018,7,2,0,9,0,500.71,22.71,31.17,14.64,0.28,0.25,505.28,508.48,,
2018-07-10 19:00:00,2018,7,2,0,19,0,541.58,23.04,79.71,14.58,0.26,0.23,500.05,508.14,,
2018-07-10 20:00:00,2018,7,2,0,20,0,510.47,26.97,64.2,4.95,0.02,0.02,502.58,508.53,541.58,449.72
2018-07-11 09:00:00,2018,7,3,0,9,0,391.42,21.81,51.5,12.64,0.06,0.06,497.15,509.94,,500.71
2018-07-12 05:00:00,2018,7,4,0,5,0,474.38,15.0,80.04,4.0,0.28,0.25,504.47,513.22,,
2018-07-12 06:00:00,2018,7,4,0,6,0,502.79,15.0,42.85,6.54,0.05,0.05,505.86,513.5,474.38,
2018-07-12 07:00:00,2018,7,4,0,7,0,484.52,34.88,57.58,11.47,0.37,0.31,504.81,513.38,502.79,
2018-07-12 11:00:00,2018,7,4,0,11,0,494.71,27.41,59.84,3.56,0.03,0.03,504.1,512.53,,
2018-07-12 14:00:00,2018,7,4,0,14,0,455.63,15.0,31.6,2.02,0.01,0.01,501.92,511.82,,
2018-07-12 22:00:00,2018,7,4,0,22,0,422.75,33.3,64.4,10.66,0.06,0.06,497.08,511.87,,
2018-07-13 13:00:00,2018,7,5,0,13,0,580.82,40.0,62.86,3.99,0.02,0.02,491.63,508.72,,
2018-07-13 15:00:00,2018,7,5,0,15,0,498.27,15.0,44.66,11.75,0.0,0.0,488.9,508.39,,
2018-07-14 01:00:00,2018,7,6,1,1,1,452.95,32.02,78.88,4.9,0.07,0.07,488.74,509.27,,
2018-07-14 04:00:00,2018,7,6,1,4,1,574.1,16.9,36.05,7.81,0.12,0.11,497.06,509.9,,
2018-07-14 09:00:00,2018,7,6,1,9,1,492.11,19.52,48.51,7.77,0.05,0.05,506.16,508.96,,
2018-07-14 13:00:00,2018,7,6,1,13,1,501.78,20.05,41.14,3.07,0.24,0.22,499.47,510.75,,580.82
2018-07-14 16:00:00,2018,7,6,1,16,1,524.01,33.13,38.04,9.63,0.97,0.68,504.77,511.01,,
2018-07-14 22:00:00,2018,7,6,1,22,1,543.07,32.53,62.39,0.5,0.0,0.0,504.65,511.24,,
2018-07-14 23:00:00,2018,7,6,1,23,1,512.57,24.1,42.01,1.44,0.13,0.12,500.69,510.99,543.07,
2018-07-15 09:00:00,2018,7,7,1,9,1,475.85,35.35,69.39,14.37,0.35,0.3,494.46,510.56,,492.11
2018-07-15 22:00:00,2018,7,7,1,22,1,533.31,26.42,44.39,3.94,0.09,0.09,493.93,509.27,,543.07
2018-07-16 00:00:00,2018,7,1,0,0,0,528.87,39.8,32.09,2.06,0.09,0.09,496.3,509.75,,
2018-07-16 03:00:00,2018,7,1,0,3,0,475.79,37.21,38.29,14.74,0.06,0.06,497.55,509.92,,
2018-07-16 22:00:00,2018,7,1,0,22,0,510.53,32.52,42.0,11.99,0.17,0.16,513.07,511.22,,533.31
2018-07-17 01:00:00,2018,7,2,0,1,0,500.97,21.84,61.13,0.29,0.22,0.2,513.27,511.17,,
2018-07-17 02:00:00,2018,7,2,0,2,0,440.55,26.99,86.02,12.68,0.09,0.09,507.87,511.08,500.97,
2018-07-17 09:00:00,2018,7,2,0,9,0,501.7,38.54,78.91,8.48,0.23,0.21,505.13,510.57,,
2018-07-17 12:00:00,2018,7,2,0,12,0,525.94,33.56,45.9,13.54,0.17,0.16,499.76,510.55,,
2018-07-17 13:00:00,2018,7,2,0,13,0,524.79,21.76,75.97,12.47,0.24,0.22,498.33,510.88,525.94,
2018-07-17 17:00:00,2018,7,2,0,17,0,485.75,32.36,78.02,4.63,0.0,0.0,497.03,511.51,,
2018-07-17 22:00:00,2018,7,2,0,22,0,555.2,28.77,55.08,7.84,0.06,0.06,502.66,511.48,,510.53
2018-07-18 12:00:00,2018,7,3,0,12,0,450.28,20.19,68.45,13.03,0.02,0.02,499.54,510.92,,525.94
2018-07-18 20:00:00,2018,7,3,0,20,0,532.28,20.15,81.23,13.42,0.06,0.06,499.35,509.31,,
2018-07-18 23:00:00,2018,7,3,0,23,0,539.13,33.65,75.61,13.9,0.0,0.0,494.22,508.89,,
2018-07-19 09:00:00,2018,7,4,0,9,0,484.72,38.94,89.53,0.15,0.04,0.04,491.93,509.0,,
2018-07-19 12:00:00,2018,7,4,0,12,0,395.48,26.5,57.02,7.42,0.04,0.04,487.61,508.57,,450.28
2018-07-20 11:00:00,2018,7,5,0,11,0,404.3,23.84,41.98,11.48,0.07,0.07,477.68,507.33,,
2018-07-20 13:00:00,2018,7,5,0,13,0,459.8,15.0,78.06,3.87,0.02,0.02,482.09,506.6,,
2018-07-20 16:00:00,2018,7,5,0,16,0,566.02,28.66,52.47,9.65,0.51,0.41,486.59,507.94,,
2018-07-20 17:00:00,2018,7,5,0,17,0,456.28,38.49,69.12,8.58,0.22,0.2,484.22,507.75,566.02,
2018-07-20 22:00:00,2018,7,5,0,22,0,457.72,31.32,74.77,10.33,0.24,0.22,492.73,506.96,,
2018-07-21 02:00:00,2018,7,6,1,2,1,504.23,30.31,57.28,12.17,0.94,0.66,493.68,506.69,,
2018-07-21 07:00:00,2018,7,6,1,7,1,440.68,31.8,55.15,13.93,0.25,0.22,499.95,506.99,,
2018-07-21 08:00:00,2018,7,6,1,8,1,529.39,34.4,37.6,13.93,0.28,0.25,498.2,506.95,440.68,
2018-07-21 20:00:00,2018,7,6,1,20,1,558.32,32.05,56.49,13.21,0.17,0.16,498.77,507.01,,
2018-07-21 21:00:00,2018,7,6,1,21,1,526.55,15.0,87.37,5.44,0.18,0.17,500.26,506.84,558.32,
2018-07-22 02:00:00,2018,7,7,1,2,1,558.32,32.72,47.82,3.42,0.16,0.15,490.23,504.66,,504.23
2018-07-22 03:00:00,2018,7,7,1,3,1,615.08,26.7,89.04,3.11,0.15,0.14,493.87,505.64,368.76,
2018-07-22 07:00:00,2018,7,7,1,7,1,615.08,20.82,80.03,7.45,0.49,0.4,503.56,507.56,,440.68
2018-07-22 11:00:00,2018,7,7,1,11,1,492.92,33.45,59.76,14.8,0.04,0.04,508.6,508.65,,
2018-07-22 17:00:00,2018,7,7,1,17,1,415.77,40.0,35.86,14.92,0.03,0.03,500.6,506.23,,
2018-07-22 19:00:00,2018,7,7,1,19,1,498.18,23.04,66.23,9.34,0.22,0.2,499.79,506.38,,
2018-07-23 05:00:00,2018,7,1,0,5,0,521.61,33.19,83.77,10.8,0.17,0.16,501.89,506.2,,
2018-07-23 06:00:00,2018,7,1,0,6,0,465.93,18.89,41.3,7.99,0.22,0.2,498.01,506.18,521.61,
2018-07-23 11:00:00,2018,7,1,0,11,0,523.77,28.94,52.27,14.65,0.26,0.23,495.52,506.65,,492.92
2018-07-23 12:00:00,2018,7,1,0,12,0,531.62,24.99,45.91,7.58,0.02,0.02,497.83,506.12,523.77,
2018-07-23 20:00:00,2018,7,1,0,20,0,471.53,29.46,43.58,5.46,0.13,0.12,503.96,504.73,,
2018-07-23 22:00:00,2018,7,1,0,22,0,446.79,25.55,47.04,0.81,0.01,0.01,496.16,505.27,,
2018-07-24 00:00:00,2018,7,2,0,0,0,415.57,26.57,52.55,4.63,0.27,0.24,492.38,504.42,,
2018-07-24 07:00:00,2018,7,2,0,7,0,481.34,26.24,77.35,9.77,0.07,0.07,491.04,503.78,,
2018-07-24 17:00:00,2018,7,2,0,17,0,507.9,15.61,60.42,5.75,0.26,0.23,485.43,503.73,,
2018-07-24 23:00:00,2018,7,2,0,23,0,564.64,26.36,30.39,0.13,0.38,0.32,498.09,504.68,,
2018-07-25 12:00:00,2018,7,3,0,12,0,576.72,30.91,34.29,0.83,0.08,0.08,512.4,505.98,,
2018-07-26 05:00:00,2018,7,4,0,5,0,521.73,27.9,89.5,14.61,0.28,0.25,502.74,507.88,,
2018-07-26 18:00:00,2018,7,4,0,18,0,493.83,31.57,40.9,1.79,0.29,0.25,502.36,509.43,,
2018-07-27 01:00:00,2018,7,5,0,1,0,572.64,23.18,41.24,2.62,0.04,0.04,501.59,510.74,,
2018-07-27 08:00:00,2018,7,5,0,8,0,568.92,38.5,74.9,12.59,0.02,0.02,494.57,510.6,,
2018-07-27 14:00:00,2018,7,5,0,14,0,514.34,21.72,79.1,10.4,0.06,0.06,489.45,510.5,,
2018-07-27 20:00:00,2018,7,5,0,20,0,509.63,40.0,68.43,8.51,0.07,0.07,496.55,511.01,,
2018-07-28 03:00:00,2018,7,6,1,3,1,497.55,22.07,41.7,13.57,0.21,0.19,492.74,511.23,,
2018-07-28 09:00:00,2018,7,6,1,9,1,477.33,16.49,78.0,12.26,0.17,0.16,508.06,511.88,,
2018-07-28 11:00:00,2018,7,6,1,11,1,483.5,27.05,40.67,1.3,0.01,0.01,507.44,511.79,,
2018-07-28 18:00:00,2018,7,6,1,18,1,579.92,17.36,80.59,1.6,0.08,0.08,507.25,512.48,,
2018-07-28 19:00:00,2018,7,6,1,19,1,536.68,20.7,73.94,13.85,0.11,0.1,508.64,512.75,579.92,
2018-07-28 22:00:00,2018,7,6,1,22,1,503.83,24.47,37.01,12.19,0.26,0.23,507.31,512.85,,
2018-07-29 04:00:00,2018,7,7,1,4,1,497.1,18.58,60.71,4.93,0.07,0.07,504.77,512.87,,
2018-07-29 15:00:00,2018,7,7,1,15,1,562.72,25.23,32.77,10.79,0.36,0.31,499.16,511.73,,
2018-07-29 18:00:00,2018,7,7,1,18,1,535.79,18.48,61.31,13.33,0.05,0.05,501.79,512.81,,579.92
2018-07-29 19:00:00,2018,7,7,1,19,1,615.08,15.0,82.56,13.59,0.13,0.12,505.25,513.54,535.79,536.68
2018-07-29 22:00:00,2018,7,7,1,22,1,581.19,22.5,45.12,10.01,0.04,0.04,512.07,513.67,,503.83
2018-07-30 00:00:00,2018,7,1,0,0,0,524.95,15.0,81.95,5.37,0.02,0.02,519.36,513.9,,
2018-07-30 02:00:00,2018,7,1,0,2,0,491.48,25.99,38.9,1.15,0.56,0.44,510.9,513.45,,
2018-07-30 05:00:00,2018,7,1,0,5,0,553.55,40.0,33.2,13.09,0.29,0.25,513.99,514.37,,
2018-07-30 06:00:00,2018,7,1,0,6,0,396.28,30.22,70.74,12.45,0.46,0.38,510.05,513.94,553.55,
2018-07-30 13:00:00,2018,7,1,0,13,0,486.43,39.97,64.7,4.22,0.03,0.03,515.86,513.62,,
2018-07-30 15:00:00,2018,7,1,0,15,0,443.92,22.63,72.85,0.54,0.09,0.09,510.96,512.66,,562.72
2018-07-31 06:00:00,2018,7,2,0,6,0,441.05,22.79,39.36,2.85,0.04,0.04,500.47,514.91,,396.28
2018-07-31 07:00:00,2018,7,2,0,7,0,489.02,36.14,69.46,0.03,0.23,0.21,500.06,514.96,441.05,
2018-07-31 09:00:00,2018,7,2,0,9,0,422.23,37.44,67.04,8.08,0.07,0.07,496.14,514.19,,
2018-07-31 16:00:00,2018,7,2,0,16,0,450.32,22.49,47.8,12.54,0.31,0.27,501.72,515.03,,
2018-07-31 18:00:00,2018,7,2,0,18,0,504.22,36.62,77.78,11.8,0.99,0.69,502.42,515.44,,
2018-07-31 22:00:00,2018,7,2,0,22,0,499.15,37.83,52.56,6.99,0.24,0.22,507.03,515.42,,
2018-08-01 01:00:00,2018,8,3,0,1,0,464.32,20.24,43.47,0.12,0.06,0.06,508.44,514.39,,
2018-08-01 12:00:00,2018,8,3,0,12,0,551.44,20.58,81.17,13.41,0.06,0.06,503.27,513.38,,
2018-08-01 14:00:00,2018,8,3,0,14,0,512.42,29.86,35.28,9.54,0.2,0.18,501.97,513.41,,
2018-08-02 02:00:00,2018,8,4,0,2,0,493.29,15.0,37.27,9.57,0.06,0.06,498.28,512.21,,
2018-08-02 03:00:00,2018,8,4,0,3,0,525.97,30.79,79.16,3.09,0.01,0.01,500.84,512.77,493.29,
2018-08-02 04:00:00,2018,8,4,0,4,0,583.67,27.4,53.85,13.75,0.2,0.18,507.22,513.4,525.97,
2018-08-02 09:00:00,2018,8,4,0,9,0,478.19,27.71,31.49,11.11,0.04,0.04,498.51,511.31,,
2018-08-02 16:00:00,2018,8,4,0,16,0,507.48,37.35,31.74,9.6,0.06,0.06,494.3,511.2,,
2018-08-03 03:00:00,2018,8,5,0,3,0,467.05,17.05,47.44,13.23,0.18,0.17,497.06,511.04,,525.97
2018-08-03 08:00:00,2018,8,5,0,8,0,545.4,15.0,61.93,4.27,0.18,0.17,502.39,512.88,,
2018-08-03 09:00:00,2018,8,5,0,9,0,506.17,35.3,60.65,12.95,0.19,0.17,503.56,512.88,545.4,478.19
2018-08-03 10:00:00,2018,8,5,0,10,0,493.79,29.7,44.64,3.19,0.19,0.17,503.84,512.73,506.17,
2018-08-03 16:00:00,2018,8,5,0,16,0,525.91,33.07,88.17,2.76,1.23,0.8,510.1,514.13,,507.48
2018-08-03 22:00:00,2018,8,5,0,22,0,490.79,29.9,32.24,11.56,0.08,0.08,511.81,513.98,,
2018-08-03 23:00:00,2018,8,5,0,23,0,443.49,25.63,34.95,5.05,0.2,0.18,509.35,513.43,490.79,
2018-08-04 05:00:00,2018,8,6,1,5,1,548.68,33.02,79.76,6.08,0.1,0.1,509.5,512.31,,
2018-08-04 09:00:00,2018,8,6,1,9,1,443.6,15.0,43.38,13.72,0.04,0.04,500.73,511.82,,506.17
2018-08-04 10:00:00,2018,8,6,1,10,1,515.49,25.91,52.03,1.12,0.0,0.0,501.64,512.46,443.6,493.79
2018-08-04 15:00:00,2018,8,6,1,15,1,590.07,22.64,56.67,7.97,0.04,0.04,496.19,512.15,,
2018-08-04 21:00:00,2018,8,6,1,21,1,477.68,25.68,46.72,9.17,0.02,0.02,484.4,510.72,,
2018-08-05 02:00:00,2018,8,7,1,2,1,481.55,20.14,78.07,12.72,0.05,0.05,488.76,510.49,,
2018-08-05 11:00:00,2018,8,7,1,11,1,478.57,31.36,44.49,2.31,0.18,0.17,488.28,510.68,,
2018-08-05 15:00:00,2018,8,7,1,15,1,546.28,26.59,38.06,4.82,0.02,0.02,487.92,510.52,,590.07
2018-08-05 17:00:00,2018,8,7,1,17,1,474.49,15.0,67.71,14.09,0.25,0.22,492.74,509.88,,
2018-08-05 21:00:00,2018,8,7,1,21,1,541.36,27.41,47.99,11.83,0.04,0.04,502.05,509.73,,477.68
2018-08-06 03:00:00,2018,8,1,0,3,0,446.07,27.64,49.94,12.1,0.14,0.13,501.26,509.39,,
2018-08-06 07:00:00,2018,8,1,0,7,0,525.21,25.49,32.98,4.76,0.05,0.05,503.24,509.78,,
2018-08-06 08:00:00,2018,8,1,0,8,0,514.55,27.66,43.24,12.62,0.05,0.05,502.69,509.53,525.21,
2018-08-06 15:00:00,2018,8,1,0,15,0,453.56,33.0,53.44,7.5,0.12,0.11,503.77,509.47,,546.28
2018-08-06 17:00:00,2018,8,1,0,17,0,446.33,34.22,86.48,1.89,0.02,0.02,509.41,509.81,,474.49
2018-08-06 19:00:00,2018,8,1,0,19,0,520.79,25.73,78.45,4.8,0.29,0.25,507.46,509.98,,
2018-08-06 20:00:00,2018,8,1,0,20,0,530.01,15.0,63.25,12.29,0.28,0.25,503.75,510.26,520.79,
2018-08-07 03:00:00,2018,8,2,0,3,0,603.41,30.1,53.22,10.37,0.05,0.05,513.73,511.1,,446.07
2018-08-07 04:00:00,2018,8,2,0,4,0,430.11,30.36,86.94,11.97,0.47,0.39,511.18,510.68,603.41,
2018-08-07 13:00:00,2018,8,2,0,13,0,499.33,16.43,74.5,10.96,0.2,0.18,516.4,511.99,,
2018-08-07 21:00:00,2018,8,2,0,21,0,425.85,27.36,83.47,5.22,0.19,0.17,502.6,509.68,,
2018-08-08 04:00:00,2018,8,3,0,4,0,562.63,28.93,66.22,1.62,0.1,0.1,495.45,510.47,,430.11
2018-08-08 06:00:00,2018,8,3,0,6,0,513.62,26.86,55.5,5.29,0.21,0.19,491.51,509.83,,
2018-08-08 08:00:00,2018,8,3,0,8,0,559.55,24.95,67.54,1.02,0.21,0.19,493.33,510.16,,
2018-08-08 09:00:00,2018,8,3,0,9,0,459.07,24.29,48.96,5.57,0.02,0.02,493.38,510.25,559.55,
2018-08-08 10:00:00,2018,8,3,0,10,0,554.61,20.38,51.04,12.62,0.83,0.6,494.09,510.81,459.07,
2018-08-08 14:00:00,2018,8,3,0,14,0,564.54,27.12,87.27,3.76,0.27,0.24,492.25,510.29,,
2018-08-08 17:00:00,2018,8,3,0,17,0,534.95,15.0,84.57,14.28,0.19,0.17,497.26,510.72,,
2018-08-08 19:00:00,2018,8,3,0,19,0,539.17,20.17,38.01,13.31,0.0,0.0,501.17,511.13,,
2018-08-09 06:00:00,2018,8,4,0,6,0,439.16,23.43,55.86,8.22,0.14,0.13,507.3,510.99,,513.62
2018-08-09 17:00:00,2018,8,4,0,17,0,537.94,28.45,37.81,5.52,0.18,0.17,505.59,512.4,,534.95
2018-08-10 00:00:00,2018,8,5,0,0,0,487.13,24.47,54.39,3.27,0.05,0.05,516.64,512.56,,
2018-08-10 04:00:00,2018,8,5,0,4,0,462.05,24.14,54.49,3.77,0.17,0.16,507.14,512.72,,
2018-08-10 19:00:00,2018,8,5,0,19,0,510.52,26.97,36.09,4.74,0.34,0.29,494.5,510.88,,
2018-08-10 21:00:00,2018,8,5,0,21,0,499.54,20.15,30.3,2.64,0.04,0.04,495.98,510.01,,
2018-08-10 22:00:00,2018,8,5,0,22,0,474.11,31.14,51.57,0.62,0.12,0.11,493.11,509.91,499.54,
2018-08-11 01:00:00,2018,8,6,1,1,1,412.66,28.86,46.38,12.45,0.27,0.24,488.05,510.48,,
2018-08-11 14:00:00,2018,8,6,1,14,1,414.9,36.45,33.85,14.05,0.13,0.12,490.93,510.13,,
2018-08-11 15:00:00,2018,8,6,1,15,1,471.93,19.95,55.78,6.71,0.09,0.09,488.63,509.41,414.9,
2018-08-11 17:00:00,2018,8,6,1,17,1,583.74,27.46,57.93,0.91,0.18,0.17,493.47,510.77,,
2018-08-11 20:00:00,2018,8,6,1,20,1,400.06,25.24,58.86,3.67,0.05,0.05,481.03,509.38,,
2018-08-12 00:00:00,2018,8,7,1,0,1,508.38,21.33,53.68,0.94,0.04,0.04,483.17,509.51,,
2018-08-12 02:00:00,2018,8,7,1,2,1,473.02,19.14,69.57,6.98,0.07,0.07,489.23,510.41,,
2018-08-12 04:00:00,2018,8,7,1,4,1,418.4,22.62,68.38,14.7,0.05,0.05,487.69,510.4,,
2018-08-12 08:00:00,2018,8,7,1,8,1,497.69,29.61,71.61,5.49,0.36,0.31,482.6,508.99,,
2018-08-12 15:00:00,2018,8,7,1,15,1,484.82,28.42,57.78,9.97,0.04,0.04,486.53,509.21,,471.93
2018-08-12 17:00:00,2018,8,7,1,17,1,579.45,17.84,34.09,7.05,0.08,0.08,486.02,509.79,,583.74
2018-08-12 18:00:00,2018,8,7,1,18,1,437.89,39.18,51.21,5.63,0.23,0.21,484.0,509.37,579.45,
2018-08-12 21:00:00,2018,8,7,1,21,1,496.61,33.33,75.7,0.17,0.1,0.1,487.91,507.47,,
2018-08-13 01:00:00,2018,8,1,0,1,0,387.53,29.09,33.08,14.05,0.17,0.16,486.19,508.02,,
2018-08-13 06:00:00,2018,8,1,0,6,0,454.56,18.76,70.38,10.47,0.14,0.13,490.2,507.51,,
2018-08-13 10:00:00,2018,8,1,0,10,0,567.55,36.94,50.64,13.76,0.51,0.41,498.63,508.76,,
2018-08-13 19:00:00,2018,8,1,0,19,0,540.16,23.85,52.47,0.23,0.05,0.05,492.19,506.57,,
2018-08-13 20:00:00,2018,8,1,0,20,0,511.98,23.45,61.48,13.21,0.11,0.1,494.98,506.46,540.16,
2018-08-14 01:00:00,2018,8,2,0,1,0,480.13,40.0,76.77,9.73,0.19,0.17,486.94,505.13,,387.53
2018-08-14 07:00:00,2018,8,2,0,7,0,557.51,18.12,66.8,5.01,0.2,0.18,486.47,503.98,,
2018-08-14 11:00:00,2018,8,2,0,11,0,473.82,15.0,40.85,14.91,0.35,0.3,484.72,503.79,,
2018-08-15 02:00:00,2018,8,3,0,2,0,548.2,23.08,72.54,6.42,0.01,0.01,491.22,505.37,,
2018-08-15 10:00:00,2018,8,3,0,10,0,534.4,20.09,78.92,13.35,0.02,0.02,485.66,502.92,,
2018-08-15 14:00:00,2018,8,3,0,14,0,517.09,19.29,58.46,6.75,0.14,0.13,489.78,503.14,,
2018-08-16 07:00:00,2018,8,4,0,7,0,569.97,33.84,83.55,1.19,0.39,0.33,502.34,502.22,,
2018-08-16 09:00:00,2018,8,4,0,9,0,486.12,33.24,43.77,4.24,0.97,0.68,500.95,501.85,,
2018-08-16 12:00:00,2018,8,4,0,12,0,498.17,33.94,82.76,4.11,0.04,0.04,498.26,501.3,,
2018-08-16 18:00:00,2018,8,4,0,18,0,514.68,17.6,64.57,5.54,0.2,0.18,498.1,500.56,,
2018-08-17 06:00:00,2018,8,5,0,6,0,475.88,33.3,58.72,11.1,0.31,0.27,500.78,501.42,,
2018-08-17 16:00:00,2018,8,5,0,16,0,464.43,25.94,42.69,3.29,0.21,0.19,508.26,502.42,,
2018-08-17 19:00:00,2018,8,5,0,19,0,551.08,25.57,32.11,6.7,0.68,0.52,507.65,502.46,,
2018-08-18 05:00:00,2018,8,6,1,5,1,526.66,15.0,77.72,1.17,0.29,0.25,504.8,502.9,,
2018-08-18 07:00:00,2018,8,6,1,7,1,430.9,40.0,47.63,12.63,0.02,0.02,500.98,502.92,,
2018-08-18 08:00:00,2018,8,6,1,8,1,475.82,30.76,51.74,4.27,0.16,0.15,495.89,502.93,430.9,
2018-08-18 21:00:00,2018,8,6,1,21,1,531.33,22.94,77.55,8.88,0.01,0.01,493.28,504.69,,
2018-08-19 02:00:00,2018,8,7,1,2,1,537.67,25.5,50.07,10.42,0.05,0.05,494.16,503.12,,
2018-08-19 05:00:00,2018,8,7,1,5,1,469.42,17.81,34.64,6.62,0.07,0.07,483.91,502.99,,526.66
2018-08-19 08:00:00,2018,8,7,1,8,1,491.04,27.62,60.81,1.38,0.05,0.05,489.44,503.92,,475.82
2018-08-19 13:00:00,2018,8,7,1,13,1,510.52,34.01,71.98,6.06,0.17,0.16,500.0,505.26,,
2018-08-19 17:00:00,2018,8,7,1,17,1,482.32,29.16,76.32,8.42,0.0,0.0,498.27,504.89,,
2018-08-19 20:00:00,2018,8,7,1,20,1,584.46,24.98,74.39,3.82,0.23,0.21,500.83,506.37,,
2018-08-19 21:00:00,2018,8,7,1,21,1,583.5,18.55,79.58,1.49,0.18,0.17,503.01,506.89,584.46,531.33
2018-08-20 01:00:00,2018,8,1,0,1,0,566.4,15.0,70.59,11.0,0.68,0.52,509.55,506.13,,
2018-08-20 04:00:00,2018,8,1,0,4,0,475.4,15.0,58.19,1.4,0.3,0.26,515.23,506.91,,
2018-08-20 05:00:00,2018,8,1,0,5,0,566.4,26.19,80.18,10.63,0.23,0.21,519.28,507.5,475.4,469.42
2018-08-20 09:00:00,2018,8,1,0,9,0,531.93,18.99,49.54,6.31,0.14,0.13,517.31,506.97,,
2018-08-20 19:00:00,2018,8,1,0,19,0,537.35,21.61,34.34,1.12,0.04,0.04,510.41,508.17,,
2018-08-20 20:00:00,2018,8,1,0,20,0,501.57,23.89,77.54,12.12,0.12,0.11,506.96,508.11,537.35,584.46
2018-08-20 23:00:00,2018,8,1,0,23,0,534.58,15.0,83.53,4.45,0.0,0.0,506.48,509.12,,
2018-08-21 00:00:00,2018,8,2,0,0,0,513.66,19.85,59.36,6.2,0.05,0.05,507.81,509.56,534.58,
2018-08-21 04:00:00,2018,8,2,0,4,0,482.8,21.38,64.68,11.51,0.27,0.24,503.19,509.18,,475.4
2018-08-21 08:00:00,2018,8,2,0,8,0,466.59,19.76,81.89,8.85,0.09,0.09,493.67,508.15,,
2018-08-21 11:00:00,2018,8,2,0,11,0,500.78,29.62,88.54,12.06,0.04,0.04,493.12,507.78,,
2018-08-21 14:00:00,2018,8,2,0,14,0,582.18,16.18,86.76,0.23,0.05,0.05,500.35,509.35,,
2018-08-22 03:00:00,2018,8,3,0,3,0,412.86,18.27,65.92,5.93,0.11,0.1,494.76,509.58,,
2018-08-22 06:00:00,2018,8,3,0,6,0,505.67,15.0,41.36,10.13,0.12,0.11,498.81,510.63,,
2018-08-22 12:00:00,2018,8,3,0,12,0,520.94,23.98,30.99,12.22,0.14,0.13,505.49,511.29,,
2018-08-22 18:00:00,2018,8,3,0,18,0,532.98,32.27,59.18,5.15,0.03,0.03,499.89,511.53,,
2018-08-23 09:00:00,2018,8,4,0,9,0,495.12,27.22,43.68,10.24,0.36,0.31,499.94,510.8,,
2018-08-23 11:00:00,2018,8,4,0,11,0,547.62,15.36,35.55,5.63,0.16,0.15,501.04,511.56,,
2018-08-23 17:00:00,2018,8,4,0,17,0,514.92,24.62,36.34,4.61,0.03,0.03,501.46,511.91,,
2018-08-24 05:00:00,2018,8,5,0,5,0,412.85,24.51,46.82,0.34,0.14,0.13,502.56,510.71,,
2018-08-24 13:00:00,2018,8,5,0,13,0,556.41,34.11,89.49,10.11,0.08,0.08,507.27,511.54,,
2018-08-24 17:00:00,2018,8,5,0,17,0,497.78,20.61,38.99,7.57,0.51,0.41,504.58,511.48,,514.92
2018-08-24 21:00:00,2018,8,5,0,21,0,453.88,25.36,72.86,13.96,0.04,0.04,501.93,510.7,,
2018-08-24 22:00:00,2018,8,5,0,22,0,500.37,22.37,48.14,6.99,0.25,0.22,502.66,510.57,453.88,
2018-08-25 01:00:00,2018,8,6,1,1,1,428.19,26.68,31.53,4.05,0.26,0.23,494.61,510.16,,
2018-08-25 08:00:00,2018,8,6,1,8,1,467.94,40.0,35.85,12.83,0.07,0.07,500.79,511.37,,
2018-08-25 12:00:00,2018,8,6,1,12,1,508.98,16.8,66.12,5.66,0.06,0.06,502.85,512.79,,
2018-08-25 13:00:00,2018,8,6,1,13,1,567.26,15.0,30.68,1.86,0.11,0.1,503.3,513.24,508.98,556.41
2018-08-25 19:00:00,2018,8,6,1,19,1,502.39,36.46,66.71,3.6,0.4,0.34,498.34,512.08,,
2018-08-25 20:00:00,2018,8,6,1,20,1,471.79,15.0,70.48,14.74,0.37,0.31,497.28,511.75,502.39,
2018-08-25 23:00:00,2018,8,6,1,23,1,475.12,20.62,52.35,1.91,0.36,0.31,500.73,512.17,,
2018-08-26 00:00:00,2018,8,7,1,0,1,436.59,27.63,41.37,9.96,0.04,0.04,499.11,512.01,475.12,
2018-08-26 04:00:00,2018,8,7,1,4,1,516.58,25.25,33.02,4.53,0.09,0.09,499.61,511.97,,
2018-08-26 09:00:00,2018,8,7,1,9,1,462.74,29.24,65.42,14.69,0.29,0.25,487.07,511.91,,
2018-08-26 19:00:00,2018,8,7,1,19,1,514.94,27.64,65.91,2.64,0.2,0.18,488.59,510.65,,502.39
2018-08-26 23:00:00,2018,8,7,1,23,1,448.19,18.84,74.54,8.13,0.04,0.04,491.67,509.38,,475.12
2018-08-27 00:00:00,2018,8,1,0,0,0,542.84,27.58,84.22,1.18,0.22,0.2,496.09,509.75,448.19,436.59
2018-08-27 03:00:00,2018,8,1,0,3,0,478.71,26.73,78.38,12.7,0.02,0.02,500.7,509.6,,
2018-08-27 06:00:00,2018,8,1,0,6,0,527.8,26.82,39.55,6.91,0.47,0.39,500.18,509.87,,
2018-08-27 14:00:00,2018,8,1,0,14,0,389.59,15.0,52.7,10.03,0.54,0.43,488.59,507.96,,
2018-08-27 17:00:00,2018,8,1,0,17,0,497.37,25.08,39.92,9.79,0.31,0.27,494.61,508.0,,
2018-08-27 21:00:00,2018,8,1,0,21,0,490.48,35.58,73.22,10.59,0.3,0.26,491.13,507.97,,
2018-08-27 22:00:00,2018,8,1,0,22,0,471.3,16.99,33.68,13.44,0.1,0.1,489.76,507.46,490.48,
2018-08-28 03:00:00,2018,8,2,0,3,0,504.95,15.0,48.0,3.17,0.05,0.05,491.83,507.99,,478.71
2018-08-28 06:00:00,2018,8,2,0,6,0,501.02,20.42,40.63,3.78,0.53,0.43,488.95,508.32,,527.8
2018-08-28 10:00:00,2018,8,2,0,10,0,480.81,30.79,79.13,11.15,0.15,0.14,485.06,508.48,,
2018-08-28 11:00:00,2018,8,2,0,11,0,510.11,16.41,81.65,8.6,0.33,0.29,486.74,508.53,480.81,
2018-08-28 13:00:00,2018,8,2,0,13,0,451.18,15.0,32.8,13.82,0.2,0.18,488.13,507.34,,
2018-08-28 15:00:00,2018,8,2,0,15,0,438.34,19.45,66.27,10.64,0.24,0.22,490.55,506.34,,
2018-08-28 18:00:00,2018,8,2,0,18,0,490.21,30.74,57.47,0.17,0.13,0.12,490.34,506.35,,
2018-08-28 20:00:00,2018,8,2,0,20,0,528.52,24.46,57.8,0.54,0.02,0.02,487.14,506.68,,
2018-08-28 21:00:00,2018,8,2,0,21,0,483.43,31.94,47.14,0.73,0.01,0.01,486.85,506.11,528.52,490.48
2018-08-29 02:00:00,2018,8,3,0,2,0,450.93,21.31,80.73,12.83,0.29,0.25,485.58,506.1,,
2018-08-29 03:00:00,2018,8,3,0,3,0,429.76,20.05,33.42,6.25,0.03,0.03,482.45,506.2,450.93,504.95
2018-08-29 06:00:00,2018,8,3,0,6,0,531.32,25.41,36.73,1.85,0.03,0.03,484.63,506.25,,501.02
2018-08-29 10:00:00,2018,8,3,0,10,0,594.42,25.41,45.94,1.2,0.06,0.06,492.22,506.38,,480.81
2018-08-29 11:00:00,2018,8,3,0,11,0,491.79,25.44,54.33,14.15,0.82,0.6,491.46,506.04,594.42,510.11
2018-08-30 00:00:00,2018,8,4,0,0,0,493.1,30.96,82.67,9.89,0.11,0.1,497.84,506.02,,
2018-08-30 03:00:00,2018,8,4,0,3,0,597.11,31.26,54.75,2.13,0.19,0.17,506.79,506.78,,429.76
2018-08-30 10:00:00,2018,8,4,0,10,0,485.76,26.06,68.22,9.67,0.17,0.16,493.37,505.26,,594.42
2018-08-30 19:00:00,2018,8,4,0,19,0,590.94,20.82,44.19,10.45,0.11,0.1,502.82,506.19,,
2018-08-31 01:00:00,2018,8,5,0,1,0,488.47,23.51,89.12,8.85,0.11,0.1,502.88,506.17,,
2018-08-31 14:00:00,2018,8,5,0,14,0,444.26,32.02,36.53,13.45,0.21,0.19,498.21,505.04,,
2018-08-31 15:00:00,2018,8,5,0,15,0,559.85,15.0,42.53,7.69,0.14,0.13,502.06,505.65,444.26,
2018-09-01 04:00:00,2018,9,6,1,4,1,404.77,19.04,88.1,10.94,0.26,0.23,483.41,505.47,,
2018-09-01 09:00:00,2018,9,6,1,9,1,440.17,39.54,50.41,8.37,0.28,0.25,487.61,503.26,,
2018-09-01 11:00:00,2018,9,6,1,11,1,393.8,19.48,33.19,10.31,0.11,0.1,483.23,502.56,,
2018-09-01 15:00:00,2018,9,6,1,15,1,450.28,34.96,70.85,3.81,0.04,0.04,486.83,502.78,,559.85
2018-09-01 21:00:00,2018,9,6,1,21,1,451.07,18.87,50.57,10.07,0.11,0.1,484.21,503.45,,
2018-09-01 22:00:00,2018,9,6,1,22,1,430.92,18.74,61.25,1.73,0.31,0.27,481.82,502.65,451.07,
2018-09-02 01:00:00,2018,9,7,1,1,1,474.1,20.62,78.27,4.57,0.08,0.08,473.2,501.86,,
2018-09-02 08:00:00,2018,9,7,1,8,1,471.66,36.74,63.78,14.19,0.14,0.13,475.28,501.68,,
2018-09-02 09:00:00,2018,9,7,1,9,1,470.01,17.69,82.44,11.47,0.03,0.03,476.53,501.72,471.66,440.17
2018-09-02 16:00:00,2018,9,7,1,16,1,518.02,23.34,68.17,14.05,0.22,0.2,476.46,501.17,,
2018-09-02 18:00:00,2018,9,7,1,18,1,563.55,17.08,37.99,9.21,0.0,0.0,477.88,501.61,,
2018-09-02 19:00:00,2018,9,7,1,19,1,451.0,30.54,62.33,13.14,0.2,0.18,476.82,501.23,563.55,
2018-09-02 20:00:00,2018,9,7,1,20,1,419.11,22.47,48.95,6.96,0.37,0.31,473.17,500.97,451.0,
2018-09-02 23:00:00,2018,9,7,1,23,1,516.06,17.67,66.04,11.55,0.13,0.12,480.6,500.65,,
2018-09-03 01:00:00,2018,9,1,0,1,0,569.62,15.0,80.34,13.61,0.14,0.13,484.2,500.17,,474.1
2018-09-03 13:00:00,2018,9,1,0,13,0,423.99,15.0,61.97,2.43,0.11,0.1,477.74,500.17,,
2018-09-04 00:00:00,2018,9,2,0,0,0,455.31,20.51,86.0,10.42,0.19,0.17,486.79,500.17,,
2018-09-04 03:00:00,2018,9,2,0,3,0,383.28,27.06,69.13,1.61,0.24,0.22,478.39,500.17,,
2018-09-04 04:00:00,2018,9,2,0,4,0,583.57,15.0,45.4,14.43,0.15,0.14,484.96,500.17,355.02,
2018-09-04 16:00:00,2018,9,2,0,16,0,562.61,22.88,44.52,4.31,0.46,0.38,495.04,500.17,,
2018-09-04 17:00:00,2018,9,2,0,17,0,508.06,35.68,46.82,7.96,0.25,0.22,493.12,500.17,562.61,
2018-09-04 19:00:00,2018,9,2,0,19,0,504.1,22.7,86.17,5.37,0.36,0.31,492.28,500.64,,
2018-09-04 21:00:00,2018,9,2,0,21,0,456.96,27.21,88.48,9.01,0.0,0.0,492.24,500.17,,
2018-09-05 01:00:00,2018,9,3,0,1,0,520.16,23.01,81.05,13.87,0.88,0.63,498.06,500.24,,
2018-09-05 03:00:00,2018,9,3,0,3,0,460.2,30.66,75.2,1.08,0.13,0.12,500.8,500.43,,355.02
2018-09-05 07:00:00,2018,9,3,0,7,0,522.09,28.06,55.32,1.19,0.27,0.24,498.12,500.3,,
2018-09-05 08:00:00,2018,9,3,0,8,0,561.35,21.31,50.92,7.82,0.26,0.23,498.06,500.61,522.09,
2018-09-05 12:00:00,2018,9,3,0,12,0,433.96,25.8,62.42,1.43,0.09,0.09,499.1,500.54,,
2018-09-05 18:00:00,2018,9,3,0,18,0,469.94,30.51,88.36,13.33,0.11,0.1,499.56,501.05,,
2018-09-06 02:00:00,2018,9,4,0,2,0,526.54,40.0,66.69,3.67,0.24,0.22,499.28,500.17,,
2018-09-06 07:00:00,2018,9,4,0,7,0,602.69,30.04,88.23,14.99,0.18,0.17,507.27,502.23,,522.09
2018-09-06 14:00:00,2018,9,4,0,14,0,542.56,22.42,43.67,4.44,0.54,0.43,506.7,501.9,,
2018-09-06 23:00:00,2018,9,4,0,23,0,468.07,15.0,51.34,8.21,0.19,0.17,512.82,502.15,,
2018-09-07 01:00:00,2018,9,5,0,1,0,531.15,25.78,51.7,6.9,0.21,0.19,517.37,502.09,,
2018-09-07 11:00:00,2018,9,5,0,11,0,502.05,21.52,37.44,12.04,0.12,0.11,518.56,503.9,,
2018-09-07 14:00:00,2018,9,5,0,14,0,526.89,16.38,65.04,7.98,0.19,0.17,514.88,504.33,,542.56
2018-09-07 15:00:00,2018,9,5,0,15,0,515.32,32.25,82.57,1.42,0.05,0.05,512.97,504.06,526.89,
2018-09-07 18:00:00,2018,9,5,0,18,0,543.18,22.73,62.69,9.29,0.03,0.03,512.26,504.89,,
2018-09-08 06:00:00,2018,9,6,1,6,1,483.94,19.17,55.89,2.05,0.05,0.05,496.66,504.13,,
2018-09-08 13:00:00,2018,9,6,1,13,1,554.71,26.3,84.93,3.03,0.12,0.11,496.04,505.73,,
2018-09-08 14:00:00,2018,9,6,1,14,1,523.95,19.86,58.0,7.74,0.06,0.06,495.92,504.98,554.71,526.89
2018-09-08 16:00:00,2018,9,6,1,16,1,608.93,21.34,86.93,13.17,0.2,0.18,500.1,505.97,,
2018-09-08 17:00:00,2018,9,6,1,17,1,509.72,19.67,57.47,5.43,0.11,0.1,499.43,506.2,608.93,
2018-09-08 20:00:00,2018,9,6,1,20,1,512.47,32.37,41.88,14.21,0.32,0.28,497.09,506.4,,
2018-09-09 05:00:00,2018,9,7,1,5,1,470.64,29.63,52.46,6.99,0.16,0.15,505.34,507.86,,
2018-09-09 10:00:00,2018,9,7,1,10,1,428.66,16.99,59.44,0.05,0.3,0.26,500.73,507.88,,
2018-09-09 12:00:00,2018,9,7,1,12,1,543.13,15.0,51.22,3.47,0.02,0.02,501.33,508.57,,
2018-09-09 22:00:00,2018,9,7,1,22,1,500.1,15.28,80.7,3.63,0.06,0.06,494.27,510.63,,
2018-09-10 01:00:00,2018,9,1,0,1,0,456.95,18.61,36.72,11.29,0.12,0.11,493.86,510.64,,
2018-09-10 08:00:00,2018,9,1,0,8,0,503.73,22.19,62.46,5.25,0.26,0.23,513.34,513.45,,
2018-09-10 11:00:00,2018,9,1,0,11,0,529.9,19.82,78.3,6.9,0.56,0.44,526.91,514.71,,
2018-09-10 17:00:00,2018,9,1,0,17,0,486.35,31.67,88.22,2.39,0.12,0.11,526.33,516.12,,
2018-09-10 19:00:00,2018,9,1,0,19,0,554.86,19.36,86.41,6.81,0.07,0.07,523.03,515.86,,
2018-09-11 00:00:00,2018,9,2,0,0,0,509.25,21.09,67.14,6.81,0.04,0.04,522.49,516.53,,
2018-09-11 03:00:00,2018,9,2,0,3,0,461.46,26.23,61.81,12.84,0.14,0.13,522.18,518.0,,
2018-09-11 10:00:00,2018,9,2,0,10,0,561.06,20.71,68.22,10.63,0.1,0.1,511.44,517.48,,
2018-09-12 04:00:00,2018,9,3,0,4,0,470.61,18.73,38.19,1.82,0.37,0.31,497.4,517.08,,
2018-09-12 12:00:00,2018,9,3,0,12,0,526.71,31.05,42.92,14.71,0.02,0.02,496.14,517.09,,
2018-09-12 14:00:00,2018,9,3,0,14,0,552.05,20.55,66.36,4.71,0.12,0.11,498.13,516.95,,
2018-09-12 15:00:00,2018,9,3,0,15,0,436.74,16.52,59.78,7.47,0.29,0.25,498.72,517.04,552.05,
2018-09-12 17:00:00,2018,9,3,0,17,0,456.35,25.31,78.15,0.34,0.11,0.1,497.44,516.52,,
2018-09-12 22:00:00,2018,9,3,0,22,0,527.6,18.03,58.74,0.43,0.15,0.14,496.23,517.05,,
2018-09-12 23:00:00,2018,9,3,0,23,0,482.8,19.92,46.1,11.07,0.05,0.05,493.98,516.94,527.6,
2018-09-13 08:00:00,2018,9,4,0,8,0,459.19,23.83,79.95,2.98,0.09,0.09,505.78,516.73,,
2018-09-13 09:00:00,2018,9,4,0,9,0,427.25,20.23,41.68,10.93,0.12,0.11,500.53,515.65,459.19,
2018-09-13 12:00:00,2018,9,4,0,12,0,593.43,23.97,64.69,12.52,1.07,0.73,499.72,516.14,,526.71
2018-09-13 13:00:00,2018,9,4,0,13,0,501.74,20.25,56.78,6.83,0.07,0.07,501.31,516.11,593.43,
2018-09-14 12:00:00,2018,9,5,0,12,0,492.07,21.59,55.78,6.17,0.23,0.21,497.84,513.4,,593.43
2018-09-14 17:00:00,2018,9,5,0,17,0,543.58,26.12,83.11,7.3,0.13,0.12,497.88,512.99,,
2018-09-15 10:00:00,2018,9,6,1,10,1,579.57,17.8,59.82,6.16,0.09,0.09,492.09,513.39,,
2018-09-15 13:00:00,2018,9,6,1,13,1,484.73,15.0,49.59,7.33,0.02,0.02,496.59,513.32,,
2018-09-15 16:00:00,2018,9,6,1,16,1,496.95,39.38,78.33,0.76,0.02,0.02,499.7,512.83,,
2018-09-15 20:00:00,2018,9,6,1,20,1,498.85,35.29,39.22,8.41,0.46,0.38,502.09,512.69,,
2018-09-16 01:00:00,2018,9,7,1,1,1,547.88,28.08,56.24,2.18,0.1,0.1,504.01,512.43,,
2018-09-16 02:00:00,2018,9,7,1,2,1,383.28,17.12,82.27,6.78,0.15,0.14,500.2,511.29,547.88,
2018-09-16 04:00:00,2018,9,7,1,4,1,428.46,27.15,57.59,12.77,0.09,0.09,497.43,511.86,,
2018-09-16 10:00:00,2018,9,7,1,10,1,441.9,15.0,38.81,0.66,0.09,0.09,498.53,513.07,,579.57
2018-09-16 12:00:00,2018,9,7,1,12,1,441.9,29.38,52.83,3.8,0.01,0.01,496.17,513.0,,
2018-09-16 14:00:00,2018,9,7,1,14,1,480.03,23.64,43.35,11.72,0.12,0.11,502.87,513.62,,
2018-09-16 19:00:00,2018,9,7,1,19,1,506.29,18.32,58.36,3.55,0.02,0.02,498.26,512.31,,
2018-09-16 23:00:00,2018,9,7,1,23,1,417.93,20.52,72.31,2.24,0.61,0.48,486.64,510.63,,
2018-09-17 01:00:00,2018,9,1,0,1,0,440.17,28.99,73.43,13.56,0.08,0.08,483.58,510.94,,547.88
2018-09-17 06:00:00,2018,9,1,0,6,0,495.65,18.93,49.57,4.84,0.36,0.31,498.69,510.62,,
2018-09-17 08:00:00,2018,9,1,0,8,0,526.04,30.67,82.17,14.61,0.05,0.05,505.59,510.87,,
2018-09-17 14:00:00,2018,9,1,0,14,0,514.56,28.21,38.56,10.97,0.01,0.01,497.35,509.19,,480.03
2018-09-17 15:00:00,2018,9,1,0,15,0,481.82,27.93,60.63,0.77,0.02,0.02,496.33,508.35,514.56,
2018-09-17 16:00:00,2018,9,1,0,16,0,490.8,28.91,84.16,10.69,0.28,0.25,496.07,508.24,481.82,
2018-09-17 17:00:00,2018,9,1,0,17,0,383.28,30.72,52.18,3.53,0.52,0.42,492.27,507.57,490.8,
2018-09-17 18:00:00,2018,9,1,0,18,0,488.91,25.87,68.55,2.59,0.22,0.2,489.75,507.76,375.61,
2018-09-17 21:00:00,2018,9,1,0,21,0,502.63,34.7,32.5,2.22,0.07,0.07,494.02,507.43,,
2018-09-18 04:00:00,2018,9,2,0,4,0,469.75,37.1,88.61,0.21,0.23,0.21,497.18,507.65,,
2018-09-18 05:00:00,2018,9,2,0,5,0,524.89,22.62,63.8,7.04,0.34,0.29,498.29,508.08,469.75,
2018-09-18 13:00:00,2018,9,2,0,13,0,515.09,21.37,63.84,2.45,0.02,0.02,501.11,507.99,,
2018-09-18 22:00:00,2018,9,2,0,22,0,492.11,27.86,89.14,9.56,0.35,0.3,504.19,507.96,,
2018-09-19 02:00:00,2018,9,3,0,2,0,503.67,37.03,40.5,8.7,0.13,0.12,502.91,507.96,,
2018-09-19 03:00:00,2018,9,3,0,3,0,548.44,19.57,36.0,6.11,0.03,0.03,502.99,508.47,503.67,
2018-09-19 04:00:00,2018,9,3,0,4,0,548.36,40.0,82.75,10.66,0.1,0.1,506.27,508.95,548.44,469.75
2018-09-19 18:00:00,2018,9,3,0,18,0,545.99,18.13,61.17,1.77,0.05,0.05,507.77,508.98,,
2018-09-20 05:00:00,2018,9,4,0,5,0,521.81,34.08,33.51,10.26,0.05,0.05,505.1,510.0,,
2018-09-20 13:00:00,2018,9,4,0,13,0,427.95,22.76,33.38,5.09,0.12,0.11,495.13,507.81,,
2018-09-20 20:00:00,2018,9,4,0,20,0,496.58,40.0,48.8,10.64,0.44,0.36,496.39,508.42,,
2018-09-21 00:00:00,2018,9,5,0,0,0,438.02,23.23,40.27,4.6,0.06,0.06,494.99,507.99,,
2018-09-21 02:00:00,2018,9,5,0,2,0,555.07,23.81,74.47,6.75,0.35,0.3,499.71,508.56,,
2018-09-21 04:00:00,2018,9,5,0,4,0,615.08,15.0,54.91,6.34,0.04,0.04,501.93,510.04,,
2018-09-21 07:00:00,2018,9,5,0,7,0,494.7,21.52,67.55,4.77,0.12,0.11,502.76,509.76,,
2018-09-21 10:00:00,2018,9,5,0,10,0,480.61,24.49,65.26,2.17,0.34,0.29,509.53,510.29,,
2018-09-21 17:00:00,2018,9,5,0,17,0,505.56,27.71,89.61,1.97,0.03,0.03,513.98,510.93,,
2018-09-22 04:00:00,2018,9,6,1,4,1,453.71,23.1,49.48,4.95,0.08,0.08,501.62,511.02,,616.23
2018-09-22 06:00:00,2018,9,6,1,6,1,492.82,40.0,75.65,11.0,0.2,0.18,500.19,511.24,,
2018-09-22 11:00:00,2018,9,6,1,11,1,563.64,27.6,87.06,6.34,0.16,0.15,497.58,511.22,,
2018-09-22 14:00:00,2018,9,6,1,14,1,615.08,20.91,71.06,5.29,0.04,0.04,504.48,511.82,,
2018-09-22 18:00:00,2018,9,6,1,18,1,556.24,23.84,67.91,3.78,0.18,0.17,489.53,510.21,,
2018-09-22 19:00:00,2018,9,6,1,19,1,488.24,25.03,44.92,13.7,0.05,0.05,491.87,509.78,396.14,
2018-09-23 01:00:00,2018,9,7,1,1,1,556.24,28.08,72.78,8.01,0.5,0.41,491.16,509.05,,
2018-09-23 05:00:00,2018,9,7,1,5,1,589.37,32.8,71.46,2.02,0.01,0.01,500.1,511.52,,
2018-09-23 06:00:00,2018,9,7,1,6,1,487.68,15.0,62.48,5.44,0.26,0.23,499.89,511.53,589.37,492.82
2018-09-23 07:00:00,2018,9,7,1,7,1,384.93,15.78,51.71,5.43,0.01,0.01,495.44,510.94,487.68,
2018-09-23 13:00:00,2018,9,7,1,13,1,563.72,27.12,56.59,12.24,0.28,0.25,498.86,510.27,,
2018-09-23 21:00:00,2018,9,7,1,21,1,428.08,23.12,30.86,13.55,0.01,0.01,506.23,511.67,,
2018-09-23 23:00:00,2018,9,7,1,23,1,493.67,22.31,35.36,8.75,0.12,0.11,512.14,512.24,,
2018-09-24 06:00:00,2018,9,1,0,6,0,402.91,26.78,40.55,0.42,0.12,0.11,501.29,511.91,,487.68
2018-09-24 08:00:00,2018,9,1,0,8,0,420.49,31.83,45.45,0.71,0.88,0.63,504.47,510.7,,
2018-09-24 10:00:00,2018,9,1,0,10,0,454.86,24.34,37.2,3.79,0.25,0.22,502.64,510.76,,
2018-09-24 16:00:00,2018,9,1,0,16,0,516.51,15.74,69.01,9.68,0.14,0.13,494.15,510.48,,
2018-09-24 17:00:00,2018,9,1,0,17,0,459.3,31.02,33.58,0.93,0.3,0.26,492.32,510.99,516.51,
2018-09-24 20:00:00,2018,9,1,0,20,0,526.07,22.8,87.61,11.71,0.15,0.14,487.37,511.15,,
2018-09-24 23:00:00,2018,9,1,0,23,0,515.32,27.08,66.04,12.74,0.52,0.42,494.96,511.73,,493.67
2018-09-25 05:00:00,2018,9,2,0,5,0,516.57,22.34,57.87,8.22,0.02,0.02,488.2,511.0,,
2018-09-25 07:00:00,2018,9,2,0,7,0,465.99,23.87,76.53,6.52,0.02,0.02,491.59,510.55,,
2018-09-25 10:00:00,2018,9,2,0,10,0,524.57,16.19,35.04,9.88,0.32,0.28,499.59,511.14,,454.86
2018-09-25 12:00:00,2018,9,2,0,12,0,443.15,25.68,47.68,6.67,0.02,0.02,494.82,510.03,,
2018-09-25 16:00:00,2018,9,2,0,16,0,472.47,24.35,42.33,5.43,0.02,0.02,498.1,510.33,,516.51
2018-09-25 17:00:00,2018,9,2,0,17,0,525.48,26.01,73.65,7.46,0.28,0.25,500.86,510.89,472.47,459.3
2018-09-25 19:00:00,2018,9,2,0,19,0,575.04,15.0,66.02,0.25,0.37,0.31,502.0,511.5,,
2018-09-25 20:00:00,2018,9,2,0,20,0,567.64,15.0,82.4,7.07,0.69,0.52,503.73,511.48,575.04,526.07
2018-09-25 21:00:00,2018,9,2,0,21,0,476.67,33.69,66.76,2.47,0.05,0.05,499.98,511.11,567.64,
2018-09-25 23:00:00,2018,9,2,0,23,0,383.28,30.49,74.14,5.41,0.16,0.15,492.75,510.08,,515.32
2018-09-26 00:00:00,2018,9,3,0,0,0,425.92,23.19,44.23,6.15,0.02,0.02,490.57,509.81,369.09,
2018-09-26 01:00:00,2018,9,3,0,1,0,433.03,15.0,66.92,1.83,0.03,0.03,487.4,509.36,425.92,
2018-09-26 02:00:00,2018,9,3,0,2,0,506.76,31.06,32.26,12.28,0.04,0.04,486.77,509.38,433.03,
2018-09-27 07:00:00,2018,9,4,0,7,0,529.96,18.61,56.8,11.18,0.23,0.21,476.5,504.35,,
2018-09-27 11:00:00,2018,9,4,0,11,0,475.85,28.47,48.47,4.13,0.99,0.69,478.13,504.73,,
2018-09-27 22:00:00,2018,9,4,0,22,0,487.8,15.31,35.22,12.54,1.82,1.04,481.86,503.74,,
2018-09-28 03:00:00,2018,9,5,0,3,0,483.37,21.78,69.76,8.6,0.25,0.22,480.83,502.33,,
2018-09-28 04:00:00,2018,9,5,0,4,0,535.16,22.09,45.64,2.41,0.07,0.07,483.09,501.84,483.37,
2018-09-28 11:00:00,2018,9,5,0,11,0,454.67,26.21,38.46,4.12,0.06,0.06,492.17,501.63,,475.85
2018-09-28 13:00:00,2018,9,5,0,13,0,533.18,26.15,66.38,3.75,0.01,0.01,495.82,502.7,,
2018-09-28 16:00:00,2018,9,5,0,16,0,549.86,29.46,89.76,2.58,0.19,0.17,496.87,502.35,,
2018-09-29 11:00:00,2018,9,6,1,11,1,464.81,24.4,42.77,10.22,0.11,0.1,511.24,503.62,,454.67
2018-09-29 17:00:00,2018,9,6,1,17,1,496.25,37.75,51.53,9.71,0.15,0.14,502.68,503.56,,
2018-09-29 18:00:00,2018,9,6,1,18,1,481.57,15.0,54.23,12.02,0.05,0.05,502.05,504.08,496.25,
2018-09-29 20:00:00,2018,9,6,1,20,1,555.98,17.15,46.23,9.09,0.19,0.17,504.26,504.09,,
2018-09-29 22:00:00,2018,9,6,1,22,1,483.03,32.99,43.96,7.63,0.62,0.48,505.75,505.14,,
2018-09-30 01:00:00,2018,9,7,1,1,1,459.88,18.83,31.15,5.39,0.18,0.17,505.2,504.73,,
2018-09-30 08:00:00,2018,9,7,1,8,1,452.45,15.0,46.73,3.31,0.11,0.1,503.92,505.65,,
2018-09-30 13:00:00,2018,9,7,1,13,1,383.28,20.95,40.01,6.24,0.37,0.31,495.15,504.21,,
2018-09-30 14:00:00,2018,9,7,1,14,1,412.45,39.22,80.65,8.4,0.44,0.36,497.13,503.73,366.27,
2018-09-30 15:00:00,2018,9,7,1,15,1,491.13,22.31,36.2,5.34,0.04,0.04,496.05,503.34,412.45,
2018-09-30 23:00:00,2018,9,7,1,23,1,557.84,15.0,62.85,7.87,0.24,0.22,492.7,502.75,,
2018-10-01 00:00:00,2018,10,1,0,0,0,519.87,37.39,43.48,6.85,0.35,0.3,493.49,502.74,557.84,
2018-10-01 04:00:00,2018,10,1,0,4,0,494.59,22.3,65.78,1.7,0.1,0.1,484.5,501.77,,
2018-10-01 09:00:00,2018,10,1,0,9,0,567.3,29.99,68.19,9.35,0.03,0.03,490.97,504.1,,
2018-10-01 15:00:00,2018,10,1,0,15,0,490.33,22.43,82.15,0.88,0.23,0.21,509.95,505.64,,491.13
2018-10-01 21:00:00,2018,10,1,0,21,0,476.51,26.84,33.23,5.68,0.08,0.08,517.11,505.7,,
2018-10-02 00:00:00,2018,10,2,0,0,0,469.58,16.6,30.16,2.58,0.12,0.11,515.38,505.98,,519.87
2018-10-02 07:00:00,2018,10,2,0,7,0,422.83,30.18,36.64,14.75,0.5,0.41,504.83,505.03,,
2018-10-02 09:00:00,2018,10,2,0,9,0,505.18,30.93,53.33,7.06,0.01,0.01,506.19,505.49,,567.3
2018-10-02 16:00:00,2018,10,2,0,16,0,573.49,23.94,83.51,2.22,0.24,0.22,500.3,505.92,,
2018-10-03 00:00:00,2018,10,3,0,0,0,435.53,32.6,36.25,1.83,0.08,0.08,488.27,505.65,,469.58
2018-10-03 05:00:00,2018,10,3,0,5,0,414.92,28.99,60.32,13.14,0.21,0.19,492.9,506.49,,
2018-10-03 23:00:00,2018,10,3,0,23,0,498.04,26.13,83.11,13.55,0.31,0.27,500.93,509.64,,
2018-10-04 07:00:00,2018,10,4,0,7,0,522.86,33.58,31.11,9.62,0.28,0.25,501.23,509.59,,
2018-10-05 00:00:00,2018,10,5,0,0,0,555.31,17.56,59.32,8.71,0.34,0.29,490.74,510.13,,
2018-10-05 01:00:00,2018,10,5,0,1,0,510.03,22.29,54.45,2.84,0.31,0.27,495.43,510.81,555.31,
2018-10-05 02:00:00,2018,10,5,0,2,0,512.86,27.21,87.24,14.65,0.04,0.04,495.19,511.16,510.03,
2018-10-05 03:00:00,2018,10,5,0,3,0,482.78,32.25,41.57,4.16,0.61,0.48,491.44,511.15,512.86,
2018-10-05 08:00:00,2018,10,5,0,8,0,436.54,40.0,37.47,8.84,0.12,0.11,494.04,510.43,,
2018-10-05 10:00:00,2018,10,5,0,10,0,494.43,16.55,62.48,1.22,0.2,0.18,500.18,510.43,,
2018-10-05 12:00:00,2018,10,5,0,12,0,541.66,29.95,85.07,10.0,0.01,0.01,502.56,510.76,,
2018-10-05 15:00:00,2018,10,5,0,15,0,383.28,15.0,85.82,5.14,0.5,0.41,501.05,510.0,,
2018-10-06 03:00:00,2018,10,6,1,3,1,538.85,22.06,65.3,8.43,0.01,0.01,498.82,508.89,,482.78
2018-10-06 04:00:00,2018,10,6,1,4,1,501.52,26.52,56.53,5.71,0.15,0.14,500.44,509.27,538.85,
2018-10-06 10:00:00,2018,10,6,1,10,1,535.76,23.88,77.11,5.74,0.03,0.03,493.78,507.95,,494.43
2018-10-06 15:00:00,2018,10,6,1,15,1,453.73,15.0,56.05,5.74,0.43,0.36,493.8,507.92,,364.62
2018-10-06 17:00:00,2018,10,6,1,17,1,465.24,31.08,68.01,9.74,0.67,0.51,492.12,507.3,,
2018-10-06 18:00:00,2018,10,6,1,18,1,523.66,19.7,89.88,14.2,0.63,0.49,495.71,507.56,465.24,
2018-10-07 03:00:00,2018,10,7,1,3,1,458.81,30.75,65.41,9.08,0.12,0.11,488.39,506.66,,538.85
2018-10-07 07:00:00,2018,10,7,1,7,1,430.02,22.31,47.2,10.69,0.59,0.46,487.33,504.99,,
2018-10-07 09:00:00,2018,10,7,1,9,1,441.85,40.0,49.64,11.82,0.35,0.3,484.49,504.64,,
2018-10-07 12:00:00,2018,10,7,1,12,1,573.11,20.39,55.22,6.44,0.01,0.01,485.32,505.35,,
2018-10-07 19:00:00,2018,10,7,1,19,1,523.04,34.8,63.98,12.8,0.07,0.07,498.67,508.3,,
2018-10-08 00:00:00,2018,10,1,0,0,0,528.41,35.23,52.73,11.01,0.26,0.23,505.91,508.79,,
2018-10-08 04:00:00,2018,10,1,0,4,0,475.04,18.66,59.95,0.33,0.59,0.46,501.87,509.09,,
2018-10-08 10:00:00,2018,10,1,0,10,0,584.07,33.22,45.56,6.49,0.19,0.17,518.91,508.64,,
2018-10-08 15:00:00,2018,10,1,0,15,0,525.48,15.61,62.53,12.08,0.11,0.1,510.58,507.51,,
2018-10-08 16:00:00,2018,10,1,0,16,0,540.59,15.0,88.72,0.68,0.09,0.09,509.28,507.69,525.48,
2018-10-08 19:00:00,2018,10,1,0,19,0,448.6,31.99,87.05,10.21,0.1,0.1,516.49,508.42,,523.04
2018-10-08 20:00:00,2018,10,1,0,20,0,414.47,18.08,78.13,5.45,0.64,0.49,510.74,507.25,448.6,
2018-10-09 03:00:00,2018,10,2,0,3,0,525.91,16.77,42.1,1.89,0.05,0.05,494.42,506.19,,
2018-10-09 04:00:00,2018,10,2,0,4,0,474.69,27.47,40.65,9.77,0.21,0.19,494.41,506.12,525.91,475.04
2018-10-09 06:00:00,2018,10,2,0,6,0,544.71,15.0,65.17,5.04,0.15,0.14,495.08,506.34,,
2018-10-09 08:00:00,2018,10,2,0,8,0,486.77,32.33,54.42,12.6,0.04,0.04,495.58,506.02,,
2018-10-09 09:00:00,2018,10,2,0,9,0,518.29,24.97,72.35,0.86,0.22,0.2,492.62,506.1,486.77,
2018-10-09 12:00:00,2018,10,2,0,12,0,517.31,28.14,33.89,11.36,0.14,0.13,482.36,504.8,,
2018-10-09 13:00:00,2018,10,2,0,13,0,524.6,21.78,33.9,12.33,0.03,0.03,484.81,504.87,517.31,
2018-10-09 14:00:00,2018,10,2,0,14,0,603.21,35.93,74.09,5.32,0.13,0.12,487.83,505.56,524.6,
2018-10-09 15:00:00,2018,10,2,0,15,0,507.9,29.4,30.94,6.9,0.0,0.0,487.09,505.96,603.21,525.48
2018-10-10 01:00:00,2018,10,3,0,1,0,468.54,33.64,46.35,9.24,0.08,0.08,504.5,507.89,,
2018-10-10 20:00:00,2018,10,3,0,20,0,445.05,26.64,53.7,2.18,0.01,0.01,504.29,507.0,,
2018-10-11 01:00:00,2018,10,4,0,1,0,469.64,15.0,61.63,10.17,0.13,0.12,497.16,507.79,,468.54
2018-10-11 10:00:00,2018,10,4,0,10,0,383.28,34.03,81.04,6.56,0.54,0.43,502.77,508.52,,
2018-10-11 11:00:00,2018,10,4,0,11,0,583.64,15.0,53.85,14.71,0.13,0.12,506.59,509.15,382.48,
2018-10-11 12:00:00,2018,10,4,0,12,0,456.8,15.0,41.81,2.02,0.94,0.66,502.29,508.77,583.64,
2018-10-11 15:00:00,2018,10,4,0,15,0,534.76,37.02,68.84,7.99,0.21,0.19,501.99,509.2,,
2018-10-11 16:00:00,2018,10,4,0,16,0,481.22,32.3,49.53,11.48,0.76,0.57,499.78,509.41,534.76,
2018-10-11 17:00:00,2018,10,4,0,17,0,434.76,29.12,30.72,10.67,0.07,0.07,497.94,508.47,481.22,
2018-10-11 18:00:00,2018,10,4,0,18,0,522.08,21.59,34.98,10.97,0.29,0.25,496.83,508.87,434.76,
2018-10-12 05:00:00,2018,10,5,0,5,0,442.4,16.11,48.39,0.79,0.39,0.33,479.54,506.93,,
2018-10-12 16:00:00,2018,10,5,0,16,0,442.4,28.5,50.46,8.82,0.25,0.22,478.36,505.99,,481.22
2018-10-12 19:00:00,2018,10,5,0,19,0,441.17,15.0,87.97,13.17,0.21,0.19,481.72,506.51,,
2018-10-12 23:00:00,2018,10,5,0,23,0,487.1,23.14,57.94,11.36,0.04,0.04,486.95,505.8,,
2018-10-13 07:00:00,2018,10,6,1,7,1,523.81,29.99,69.29,10.16,0.29,0.25,494.75,506.75,,
2018-10-13 08:00:00,2018,10,6,1,8,1,615.08,15.0,65.04,4.87,0.13,0.12,498.46,507.61,523.81,
2018-10-13 10:00:00,2018,10,6,1,10,1,443.98,25.99,85.86,1.57,0.4,0.34,498.42,506.67,,
2018-10-13 11:00:00,2018,10,6,1,11,1,462.26,28.03,33.35,0.64,0.25,0.22,496.87,506.46,443.98,
2018-10-14 01:00:00,2018,10,7,1,1,1,551.53,31.5,84.48,10.68,0.1,0.1,517.75,508.45,,
2018-10-14 04:00:00,2018,10,7,1,4,1,473.67,16.45,46.38,6.86,0.01,0.01,510.04,508.61,,
2018-10-14 08:00:00,2018,10,7,1,8,1,432.5,21.12,36.36,5.02,0.18,0.17,499.35,509.35,,626.5
2018-10-14 18:00:00,2018,10,7,1,18,1,463.55,15.0,75.38,7.79,0.04,0.04,495.62,507.14,,
2018-10-14 21:00:00,2018,10,7,1,21,1,459.26,21.1,37.25,3.84,0.1,0.1,489.9,506.45,,
2018-10-14 23:00:00,2018,10,7,1,23,1,590.28,20.55,83.34,14.4,0.02,0.02,486.03,505.76,,
2018-10-15 00:00:00,2018,10,1,0,0,0,468.34,27.03,46.47,11.29,0.36,0.31,484.73,505.4,590.28,
2018-10-15 02:00:00,2018,10,1,0,2,0,550.54,16.53,73.05,4.39,0.25,0.22,482.21,505.24,,
2018-10-15 04:00:00,2018,10,1,0,4,0,437.78,31.19,82.33,3.48,0.0,0.0,489.74,506.84,,473.67
2018-10-15 14:00:00,2018,10,1,0,14,0,521.12,25.79,62.48,9.39,0.58,0.46,494.01,505.47,,
2018-10-15 16:00:00,2018,10,1,0,16,0,481.64,24.22,44.58,4.76,0.78,0.58,495.27,504.82,,
2018-10-16 00:00:00,2018,10,2,0,0,0,465.67,23.1,72.48,8.67,0.18,0.17,489.98,504.66,,468.34
2018-10-16 03:00:00,2018,10,2,0,3,0,435.7,38.6,60.14,12.02,0.24,0.22,482.69,505.36,,
2018-10-16 04:00:00,2018,10,2,0,4,0,445.58,30.9,56.93,5.27,0.11,0.1,483.02,505.18,435.7,437.78
2018-10-16 08:00:00,2018,10,2,0,8,0,512.87,33.58,34.0,8.62,0.08,0.08,495.63,506.66,,
2018-10-16 09:00:00,2018,10,2,0,9,0,468.46,31.35,42.12,1.93,0.44,0.36,496.66,506.36,512.87,
2018-10-16 11:00:00,2018,10,2,0,11,0,464.14,24.69,39.09,4.15,0.08,0.08,499.23,507.58,,
2018-10-16 13:00:00,2018,10,2,0,13,0,433.92,23.38,32.34,12.46,0.43,0.36,490.15,506.31,,
2018-10-16 14:00:00,2018,10,2,0,14,0,501.05,30.1,60.42,1.95,0.34,0.29,489.32,505.69,433.92,521.12
2018-10-16 23:00:00,2018,10,2,0,23,0,524.03,17.74,36.86,1.73,0.08,0.08,497.62,504.46,,
2018-10-17 00:00:00,2018,10,3,0,0,0,572.33,28.48,87.48,5.09,0.03,0.03,502.06,504.4,524.03,465.67
2018-10-17 03:00:00,2018,10,3,0,3,0,434.94,18.19,54.81,4.63,0.22,0.2,495.52,503.92,,435.7
2018-10-17 06:00:00,2018,10,3,0,6,0,565.0,27.97,89.73,6.8,0.12,0.11,492.63,505.84,,
2018-10-17 07:00:00,2018,10,3,0,7,0,548.02,32.98,82.11,7.73,0.0,0.0,494.7,505.88,565.0,
2018-10-17 10:00:00,2018,10,3,0,10,0,408.07,17.29,56.15,0.46,0.16,0.15,489.27,504.49,,
2018-10-17 12:00:00,2018,10,3,0,12,0,481.61,35.58,52.29,9.63,0.01,0.01,496.1,504.34,,
2018-10-17 18:00:00,2018,10,3,0,18,0,450.1,21.46,42.01,6.96,0.02,0.02,499.78,503.24,,
2018-10-17 21:00:00,2018,10,3,0,21,0,590.3,18.25,64.15,9.63,0.06,0.06,497.81,503.75,,
2018-10-18 05:00:00,2018,10,4,0,5,0,526.87,28.06,68.4,8.54,0.02,0.02,505.83,504.04,,
2018-10-18 09:00:00,2018,10,4,0,9,0,541.32,15.0,79.2,3.97,0.15,0.14,502.84,504.35,,
2018-10-18 14:00:00,2018,10,4,0,14,0,567.46,26.92,51.54,4.12,0.2,0.18,513.77,506.14,,
2018-10-18 15:00:00,2018,10,4,0,15,0,501.22,15.0,67.13,3.8,0.17,0.16,511.38,505.93,567.46,
2018-10-18 16:00:00,2018,10,4,0,16,0,516.05,24.66,38.92,8.17,0.13,0.12,515.1,506.14,501.22,
2018-10-18 18:00:00,2018,10,4,0,18,0,578.01,15.0,87.33,10.27,0.24,0.22,523.91,507.18,,450.1
2018-10-18 21:00:00,2018,10,4,0,21,0,565.47,22.04,68.31,5.99,0.01,0.01,519.53,507.92,,590.3
2018-10-19 01:00:00,2018,10,5,0,1,0,472.25,23.25,52.08,5.34,0.26,0.23,505.21,508.51,,
2018-10-19 04:00:00,2018,10,5,0,4,0,498.88,39.29,42.75,7.66,0.3,0.26,505.87,508.27,,
2018-10-19 10:00:00,2018,10,5,0,10,0,468.46,16.93,83.88,2.3,0.25,0.22,512.74,509.09,,
2018-10-19 19:00:00,2018,10,5,0,19,0,488.31,15.62,44.74,14.86,0.05,0.05,501.27,509.87,,
2018-10-20 12:00:00,2018,10,6,1,12,1,602.44,21.35,57.82,6.49,0.3,0.26,523.17,513.06,,
2018-10-20 16:00:00,2018,10,6,1,16,1,556.87,31.95,33.04,7.03,0.3,0.26,519.7,512.71,,
2018-10-20 19:00:00,2018,10,6,1,19,1,443.64,15.0,80.21,9.87,0.04,0.04,521.53,512.58,,488.31
2018-10-20 20:00:00,2018,10,6,1,20,1,442.15,28.26,35.19,0.17,0.01,0.01,517.65,512.48,443.64,
2018-10-20 21:00:00,2018,10,6,1,21,1,516.13,20.39,85.73,5.26,0.04,0.04,516.7,512.02,442.15,
2018-10-21 01:00:00,2018,10,7,1,1,1,450.88,15.0,79.76,0.06,0.05,0.05,499.77,510.33,,
2018-10-21 08:00:00,2018,10,7,1,8,1,538.32,27.55,53.28,9.42,0.06,0.06,491.51,510.28,,
2018-10-21 17:00:00,2018,10,7,1,17,1,442.35,22.09,75.07,6.88,0.59,0.46,479.7,510.57,,
2018-10-21 23:00:00,2018,10,7,1,23,1,413.7,25.7,35.29,9.29,0.2,0.18,489.51,511.29,,
2018-10-22 06:00:00,2018,10,1,0,6,0,464.43,28.68,61.13,14.23,0.06,0.06,502.44,511.73,,
2018-10-22 08:00:00,2018,10,1,0,8,0,511.81,36.9,47.93,2.13,0.03,0.03,503.21,512.22,,538.32
2018-10-22 14:00:00,2018,10,1,0,14,0,560.29,27.27,62.24,14.51,0.01,0.01,504.08,512.35,,
2018-10-23 00:00:00,2018,10,2,0,0,0,517.15,18.19,55.92,2.31,0.46,0.38,516.78,515.3,,
2018-10-23 10:00:00,2018,10,2,0,10,0,476.16,18.45,41.92,1.58,0.02,0.02,502.25,512.84,,
2018-10-23 14:00:00,2018,10,2,0,14,0,533.76,21.36,72.82,3.78,0.65,0.5,505.5,514.7,,560.29
2018-10-23 16:00:00,2018,10,2,0,16,0,615.08,15.71,56.69,4.05,0.47,0.39,512.38,515.37,,
2018-10-23 20:00:00,2018,10,2,0,20,0,489.0,23.34,34.98,14.5,0.37,0.31,498.76,514.82,,
2018-10-24 00:00:00,2018,10,3,0,0,0,531.66,17.46,52.36,11.54,0.08,0.08,493.57,514.07,,517.15
2018-10-24 08:00:00,2018,10,3,0,8,0,565.7,27.49,36.09,9.86,0.16,0.15,494.21,513.22,,
2018-10-24 18:00:00,2018,10,3,0,18,0,476.11,22.59,78.18,11.45,0.32,0.28,487.2,513.82,,
2018-10-24 22:00:00,2018,10,3,0,22,0,501.15,25.0,57.99,11.3,0.1,0.1,489.36,512.78,,
2018-10-25 00:00:00,2018,10,4,0,0,0,509.67,22.92,88.18,13.72,0.08,0.08,490.37,512.66,,531.66
2018-10-25 04:00:00,2018,10,4,0,4,0,529.62,32.55,52.38,9.26,0.03,0.03,503.87,512.98,,
2018-10-25 05:00:00,2018,10,4,0,5,0,504.97,27.63,38.94,7.89,0.11,0.1,503.34,512.84,529.62,
2018-10-25 06:00:00,2018,10,4,0,6,0,480.48,20.43,73.69,1.75,0.08,0.08,504.57,512.9,504.97,
2018-10-25 14:00:00,2018,10,4,0,14,0,501.71,16.65,53.37,6.92,0.02,0.02,495.37,510.86,,
2018-10-25 16:00:00,2018,10,4,0,16,0,515.49,18.16,41.84,11.16,0.16,0.15,491.99,510.34,,
2018-10-25 21:00:00,2018,10,4,0,21,0,463.11,29.61,86.14,7.31,0.85,0.62,494.06,509.87,,
2018-10-26 03:00:00,2018,10,5,0,3,0,396.43,25.19,89.24,11.68,0.1,0.1,487.53,510.12,,
2018-10-26 09:00:00,2018,10,5,0,9,0,497.14,27.32,72.1,3.02,0.26,0.23,487.1,508.86,,
2018-10-26 16:00:00,2018,10,5,0,16,0,554.26,21.41,54.11,1.91,0.06,0.06,496.6,509.08,,515.49
2018-10-26 21:00:00,2018,10,5,0,21,0,530.18,35.34,51.92,1.14,0.07,0.07,498.06,508.95,,463.11
2018-10-26 23:00:00,2018,10,5,0,23,0,517.98,31.72,63.8,9.71,0.29,0.25,498.7,508.57,,
2018-10-27 04:00:00,2018,10,6,1,4,1,515.72,19.88,65.69,13.41,0.09,0.09,500.58,507.18,,
2018-10-27 06:00:00,2018,10,6,1,6,1,536.49,34.11,61.84,14.11,0.01,0.01,504.75,507.17,,
2018-10-27 15:00:00,2018,10,6,1,15,1,501.67,21.47,72.29,7.44,0.53,0.43,500.15,506.25,,
2018-10-27 17:00:00,2018,10,6,1,17,1,549.56,26.76,47.68,6.65,0.25,0.22,499.7,506.06,,
2018-10-27 19:00:00,2018,10,6,1,19,1,514.89,34.27,89.49,12.68,0.21,0.19,503.4,506.62,,
2018-10-28 00:00:00,2018,10,7,1,0,1,506.98,27.43,85.02,1.64,0.2,0.18,498.03,507.54,,
2018-10-28 01:00:00,2018,10,7,1,1,1,503.25,24.54,80.86,5.69,0.05,0.05,500.18,507.86,506.98,
2018-10-28 05:00:00,2018,10,7,1,5,1,507.84,15.0,72.32,9.62,0.31,0.27,499.28,507.27,,
2018-10-28 12:00:00,2018,10,7,1,12,1,435.45,32.86,67.89,3.72,0.03,0.03,503.55,508.88,,
2018-10-28 17:00:00,2018,10,7,1,17,1,577.76,23.97,71.81,1.45,0.12,0.11,507.84,510.16,,549.56
2018-10-28 20:00:00,2018,10,7,1,20,1,555.34,18.76,70.5,11.39,0.53,0.43,501.08,508.89,,
2018-10-29 01:00:00,2018,10,1,0,1,0,443.96,19.56,65.98,4.6,0.51,0.41,499.23,509.22,,503.25
2018-10-29 05:00:00,2018,10,1,0,5,0,533.11,32.86,37.66,9.24,0.09,0.09,504.09,507.98,,507.84
2018-10-29 10:00:00,2018,10,1,0,10,0,468.59,24.22,54.1,9.66,0.18,0.17,497.77,508.8,,
2018-10-29 13:00:00,2018,10,1,0,13,0,513.88,30.3,53.57,1.83,1.42,0.88,504.82,509.4,,
2018-10-29 14:00:00,2018,10,1,0,14,0,453.34,24.43,72.49,14.44,0.28,0.25,502.85,508.75,513.88,
2018-10-29 23:00:00,2018,10,1,0,23,0,500.75,27.34,38.44,0.39,0.23,0.21,497.22,506.81,,
2018-10-30 03:00:00,2018,10,2,0,3,0,463.15,17.87,45.48,10.64,0.11,0.1,491.91,505.61,,
2018-10-30 10:00:00,2018,10,2,0,10,0,470.78,15.0,84.8,14.04,0.06,0.06,497.6,508.12,,468.59
2018-10-30 14:00:00,2018,10,2,0,14,0,519.33,22.74,39.3,2.85,0.28,0.25,506.89,508.95,,453.34
2018-10-30 16:00:00,2018,10,2,0,16,0,492.64,30.09,61.18,3.51,0.2,0.18,510.06,509.02,,
2018-10-30 18:00:00,2018,10,2,0,18,0,543.7,30.74,43.62,8.4,0.23,0.21,513.21,509.37,,
2018-10-30 19:00:00,2018,10,2,0,19,0,503.92,31.51,37.78,9.17,0.32,0.28,514.72,509.82,543.7,
2018-10-30 22:00:00,2018,10,2,0,22,0,414.12,24.16,64.82,6.12,0.26,0.23,509.88,509.18,,
2018-10-31 03:00:00,2018,10,3,0,3,0,464.8,28.33,37.19,8.35,0.39,0.33,521.18,510.33,,463.15
2018-10-31 12:00:00,2018,10,3,0,12,0,562.49,15.0,31.34,4.53,0.18,0.17,509.42,511.36,,
2018-10-31 17:00:00,2018,10,3,0,17,0,499.22,15.8,54.09,0.22,0.02,0.02,511.42,512.49,,
2018-10-31 22:00:00,2018,10,3,0,22,0,506.11,28.66,62.96,8.84,0.07,0.07,503.79,511.28,,414.12
2018-11-01 02:00:00,2018,11,4,0,2,0,464.22,25.2,76.25,14.8,0.37,0.31,492.6,509.74,,
2018-11-01 09:00:00,2018,11,4,0,9,0,383.28,34.07,81.73,9.0,1.52,0.92,487.99,509.09,,
2018-11-01 10:00:00,2018,11,4,0,10,0,551.08,26.37,45.82,11.57,0.13,0.12,486.02,509.56,347.77,
2018-11-01 12:00:00,2018,11,4,0,12,0,447.49,16.04,36.71,7.57,0.01,0.01,484.3,510.25,,562.49
2018-11-02 01:00:00,2018,11,5,0,1,0,494.12,25.6,34.05,14.6,0.18,0.17,487.15,509.21,,
2018-11-02 04:00:00,2018,11,5,0,4,0,523.73,36.38,36.13,5.26,0.01,0.01,488.23,509.68,,
2018-11-02 07:00:00,2018,11,5,0,7,0,520.41,25.13,35.57,9.16,0.19,0.17,494.33,511.0,,
2018-11-02 10:00:00,2018,11,5,0,10,0,615.08,23.57,65.31,0.52,0.11,0.1,499.87,511.1,,551.08
2018-11-02 16:00:00,2018,11,5,0,16,0,498.17,22.89,36.68,14.91,0.27,0.24,513.54,512.41,,
2018-11-02 17:00:00,2018,11,5,0,17,0,413.11,18.39,50.59,8.98,0.91,0.65,513.98,511.87,498.17,
2018-11-02 19:00:00,2018,11,5,0,19,0,560.53,15.0,65.39,6.66,0.13,0.12,515.66,512.47,,
2018-11-02 20:00:00,2018,11,5,0,20,0,470.02,15.65,56.86,13.27,0.12,0.11,516.35,512.33,560.53,
2018-11-02 22:00:00,2018,11,5,0,22,0,542.58,20.48,79.05,11.99,0.02,0.02,515.65,512.12,,
2018-11-03 12:00:00,2018,11,6,1,12,1,515.31,33.45,88.46,8.54,0.06,0.06,500.95,511.72,,
2018-11-03 16:00:00,2018,11,6,1,16,1,462.02,15.0,73.82,0.1,0.06,0.06,496.49,512.23,,498.17
2018-11-03 17:00:00,2018,11,6,1,17,1,533.18,25.59,62.49,5.74,0.06,0.06,501.49,512.13,462.02,413.11
2018-11-03 20:00:00,2018,11,6,1,20,1,551.9,28.34,43.52,5.82,0.17,0.16,503.39,512.15,,470.02
2018-11-03 21:00:00,2018,11,6,1,21,1,538.21,19.32,35.3,1.07,0.01,0.01,504.13,512.41,551.9,
2018-11-04 06:00:00,2018,11,7,1,6,1,523.52,26.79,65.83,1.95,0.04,0.04,508.16,512.03,,
2018-11-04 11:00:00,2018,11,7,1,11,1,519.85,21.54,59.33,10.86,0.03,0.03,510.32,512.22,,
2018-11-04 17:00:00,2018,11,7,1,17,1,515.71,15.0,80.49,6.78,0.88,0.63,509.39,512.36,,533.18
2018-11-04 22:00:00,2018,11,7,1,22,1,564.14,32.08,83.56,1.24,0.06,0.06,506.3,514.42,,
2018-11-05 05:00:00,2018,11,1,0,5,0,507.12,29.72,52.88,11.28,0.02,0.02,511.43,513.04,,
2018-11-05 09:00:00,2018,11,1,0,9,0,528.7,19.9,74.14,4.49,0.09,0.09,507.63,513.06,,
2018-11-05 10:00:00,2018,11,1,0,10,0,494.51,26.01,36.98,9.61,0.0,0.0,506.21,513.22,528.7,
2018-11-05 14:00:00,2018,11,1,0,14,0,481.22,24.3,59.18,3.31,0.09,0.09,503.96,513.21,,
2018-11-05 19:00:00,2018,11,1,0,19,0,504.87,26.36,51.45,7.73,0.71,0.54,507.89,514.24,,
2018-11-05 22:00:00,2018,11,1,0,22,0,614.44,32.22,67.78,3.15,0.05,0.05,507.7,515.0,,564.14
2018-11-06 00:00:00,2018,11,2,0,0,0,539.1,26.48,50.37,4.84,0.42,0.35,508.22,515.28,,
2018-11-06 11:00:00,2018,11,2,0,11,0,441.45,31.86,60.6,13.11,0.01,0.01,497.25,512.37,,
2018-11-06 15:00:00,2018,11,2,0,15,0,428.86,21.86,34.41,1.28,0.2,0.18,489.01,510.4,,
2018-11-06 23:00:00,2018,11,2,0,23,0,531.54,25.71,30.5,1.89,0.13,0.12,481.74,510.29,,
2018-11-07 01:00:00,2018,11,3,0,1,0,615.08,27.87,42.42,3.61,0.57,0.45,491.5,511.47,,
2018-11-07 02:00:00,2018,11,3,0,2,0,504.56,22.64,43.63,0.09,0.07,0.07,491.74,511.06,639.61,
2018-11-07 09:00:00,2018,11,3,0,9,0,487.28,22.4,30.01,0.15,0.3,0.26,499.72,511.77,,
2018-11-07 11:00:00,2018,11,3,0,11,0,523.77,30.42,73.64,5.49,0.07,0.07,502.87,511.19,,441.45
2018-11-07 16:00:00,2018,11,3,0,16,0,454.52,37.63,44.46,13.48,0.13,0.12,501.25,509.3,,
2018-11-07 20:00:00,2018,11,3,0,20,0,469.72,33.46,37.73,14.11,0.16,0.15,501.34,510.03,,
2018-11-07 22:00:00,2018,11,3,0,22,0,440.95,29.43,79.31,9.67,0.49,0.4,502.08,509.92,,
2018-11-08 04:00:00,2018,11,4,0,4,0,478.93,23.52,43.15,4.95,0.08,0.08,491.04,510.39,,
2018-11-08 10:00:00,2018,11,4,0,10,0,495.23,27.12,55.97,7.61,0.04,0.04,488.72,511.43,,
2018-11-08 14:00:00,2018,11,4,0,14,0,595.93,21.16,58.03,5.99,0.08,0.08,493.35,512.23,,
2018-11-08 15:00:00,2018,11,4,0,15,0,482.34,31.44,43.54,5.0,0.68,0.52,494.8,512.35,595.93,
2018-11-08 17:00:00,2018,11,4,0,17,0,514.78,22.87,87.55,11.85,0.17,0.16,495.26,512.89,,
2018-11-08 23:00:00,2018,11,4,0,23,0,523.05,35.61,64.03,10.11,0.07,0.07,505.24,513.07,,
2018-11-09 09:00:00,2018,11,5,0,9,0,606.23,36.79,81.82,6.7,0.12,0.11,501.13,512.53,,
2018-11-09 11:00:00,2018,11,5,0,11,0,491.02,23.67,87.51,0.34,0.22,0.2,491.57,510.52,,
2018-11-09 15:00:00,2018,11,5,0,15,0,504.99,25.5,65.38,5.63,0.02,0.02,498.21,510.04,,482.34
2018-11-10 03:00:00,2018,11,6,1,3,1,523.43,36.51,64.5,6.33,0.01,0.01,495.02,510.88,,
2018-11-10 04:00:00,2018,11,6,1,4,1,589.15,29.5,69.0,0.87,0.08,0.08,499.99,511.7,523.43,
2018-11-10 07:00:00,2018,11,6,1,7,1,533.5,23.88,69.67,7.99,0.85,0.62,499.16,510.91,,
2018-11-10 12:00:00,2018,11,6,1,12,1,496.34,18.19,48.22,9.38,0.02,0.02,498.27,509.94,,
2018-11-10 13:00:00,2018,11,6,1,13,1,460.46,31.69,65.82,13.28,0.42,0.35,496.37,509.77,496.34,
2018-11-11 02:00:00,2018,11,7,1,2,1,463.2,22.24,56.83,11.49,0.01,0.01,485.77,507.06,,
2018-11-11 04:00:00,2018,11,7,1,4,1,530.49,30.61,34.31,3.94,0.14,0.13,481.7,507.25,,589.15
2018-11-11 08:00:00,2018,11,7,1,8,1,552.91,27.41,35.47,8.43,0.28,0.25,490.31,507.91,,
2018-11-11 21:00:00,2018,11,7,1,21,1,499.23,26.96,37.64,5.9,0.12,0.11,505.18,508.15,,
2018-11-12 00:00:00,2018,11,1,0,0,0,423.37,15.0,36.83,4.69,0.03,0.03,503.98,507.34,,
2018-11-12 03:00:00,2018,11,1,0,3,0,543.64,15.02,33.23,13.96,0.12,0.11,512.07,508.2,,
2018-11-12 05:00:00,2018,11,1,0,5,0,413.95,31.87,86.88,6.71,0.34,0.29,508.05,507.33,,
2018-11-12 08:00:00,2018,11,1,0,8,0,558.83,35.33,58.46,3.85,0.6,0.47,500.53,506.86,,552.91
2018-11-12 16:00:00,2018,11,1,0,16,0,392.35,26.45,88.24,7.12,0.65,0.5,484.41,505.43,,
2018-11-13 02:00:00,2018,11,2,0,2,0,448.04,21.13,87.7,13.12,0.45,0.37,487.49,504.55,,
2018-11-13 08:00:00,2018,11,2,0,8,0,462.23,23.06,60.23,6.42,0.13,0.12,490.16,505.46,,558.83
2018-11-13 15:00:00,2018,11,2,0,15,0,512.74,19.61,60.86,10.69,0.04,0.04,494.83,506.37,,
2018-11-13 16:00:00,2018,11,2,0,16,0,493.56,25.71,85.54,4.61,0.26,0.23,499.04,506.19,512.74,392.35
2018-11-14 01:00:00,2018,11,3,0,1,0,497.56,23.93,78.69,11.25,0.09,0.09,490.15,504.66,,
2018-11-14 03:00:00,2018,11,3,0,3,0,383.28,32.61,58.15,9.05,0.03,0.03,483.42,503.35,,
2018-11-14 05:00:00,2018,11,3,0,5,0,480.42,19.14,57.94,13.78,0.28,0.25,479.74,503.07,,
2018-11-14 07:00:00,2018,11,3,0,7,0,446.0,17.83,51.01,6.37,0.14,0.13,481.12,503.11,,
2018-11-14 08:00:00,2018,11,3,0,8,0,508.14,21.69,80.8,14.29,0.01,0.01,483.03,502.78,446.0,462.23
2018-11-14 16:00:00,2018,11,3,0,16,0,615.08,31.57,61.4,4.59,0.23,0.21,485.7,503.92,,493.56
2018-11-14 17:00:00,2018,11,3,0,17,0,542.22,31.31,66.61,1.71,0.02,0.02,488.52,503.95,636.1,
2018-11-15 03:00:00,2018,11,4,0,3,0,479.11,22.87,89.43,4.44,0.09,0.09,509.16,506.4,,315.58
2018-11-15 06:00:00,2018,11,4,0,6,0,571.78,35.25,51.32,3.05,0.29,0.25,508.47,506.05,,
2018-11-15 14:00:00,2018,11,4,0,14,0,406.35,24.03,84.29,13.52,0.05,0.05,501.65,503.93,,
2018-11-15 16:00:00,2018,11,4,0,16,0,450.14,20.15,89.83,6.05,0.1,0.1,499.69,504.43,,636.1
2018-11-15 18:00:00,2018,11,4,0,18,0,555.19,22.16,31.9,3.19,0.02,0.02,495.73,504.52,,
2018-11-15 20:00:00,2018,11,4,0,20,0,496.83,33.75,85.86,14.44,0.06,0.06,497.12,504.58,,
2018-11-16 00:00:00,2018,11,5,0,0,0,576.0,35.25,67.45,9.49,0.45,0.37,499.56,505.02,,
2018-11-16 11:00:00,2018,11,5,0,11,0,475.8,22.26,42.05,3.33,0.72,0.54,502.56,505.94,,
2018-11-16 15:00:00,2018,11,5,0,15,0,399.25,29.78,46.22,10.02,0.02,0.02,498.65,504.73,,
2018-11-16 16:00:00,2018,11,5,0,16,0,516.72,21.7,72.11,12.92,0.11,0.1,501.42,505.03,399.25,450.14
2018-11-16 17:00:00,2018,11,5,0,17,0,485.5,29.07,41.4,10.04,0.32,0.28,503.03,505.62,516.72,
2018-11-16 21:00:00,2018,11,5,0,21,0,383.28,25.56,47.55,7.78,0.28,0.25,489.41,504.55,,
2018-11-16 22:00:00,2018,11,5,0,22,0,464.94,19.32,41.76,3.93,0.22,0.2,485.69,503.81,319.95,
2018-11-16 23:00:00,2018,11,5,0,23,0,456.21,26.22,67.14,11.08,0.54,0.43,484.56,502.81,464.94,
2018-11-17 00:00:00,2018,11,6,1,0,1,526.64,25.41,50.61,2.47,0.16,0.15,482.51,502.91,456.21,576.0
2018-11-17 02:00:00,2018,11,6,1,2,1,489.24,21.22,65.43,13.23,0.53,0.43,483.25,503.1,,
2018-11-17 06:00:00,2018,11,6,1,6,1,475.01,29.33,38.28,1.71,0.07,0.07,489.37,504.1,,
2018-11-17 07:00:00,2018,11,6,1,7,1,527.15,37.29,62.65,10.37,0.02,0.02,489.12,504.06,475.01,
2018-11-18 01:00:00,2018,11,7,1,1,1,485.02,29.78,71.22,12.99,0.11,0.1,512.56,506.84,,
2018-11-18 03:00:00,2018,11,7,1,3,1,497.61,28.73,50.16,7.78,0.14,0.13,512.98,507.62,,
2018-11-18 04:00:00,2018,11,7,1,4,1,463.66,15.0,58.71,12.51,0.38,0.32,509.39,507.22,497.61,
2018-11-18 14:00:00,2018,11,7,1,14,1,485.02,16.32,79.21,3.55,0.03,0.03,505.35,505.67,,
2018-11-18 21:00:00,2018,11,7,1,21,1,428.43,27.73,70.44,7.63,0.03,0.03,501.73,505.3,,
2018-11-19 04:00:00,2018,11,1,0,4,0,479.79,26.4,89.8,1.92,0.22,0.2,499.53,505.47,,463.66
2018-11-19 10:00:00,2018,11,1,0,10,0,510.5,25.02,30.32,7.69,0.23,0.21,504.49,507.19,,
2018-11-19 15:00:00,2018,11,1,0,15,0,529.97,29.58,57.8,9.06,0.13,0.12,507.73,507.92,,
2018-11-19 17:00:00,2018,11,1,0,17,0,459.51,19.22,80.24,2.78,0.38,0.32,504.21,508.46,,
2018-11-19 19:00:00,2018,11,1,0,19,0,514.67,25.24,50.62,2.13,0.3,0.26,507.4,509.58,,
2018-11-19 23:00:00,2018,11,1,0,23,0,515.85,32.08,61.42,7.5,0.05,0.05,518.15,509.36,,
2018-11-20 10:00:00,2018,11,2,0,10,0,448.7,16.01,60.28,2.35,0.06,0.06,510.05,509.17,,510.5
2018-11-21 00:00:00,2018,11,3,0,0,0,552.0,31.65,38.23,12.04,0.12,0.11,514.98,513.26,,
2018-11-21 03:00:00,2018,11,3,0,3,0,453.0,26.01,87.25,12.5,0.46,0.38,511.56,513.66,,
2018-11-21 04:00:00,2018,11,3,0,4,0,480.69,25.77,48.03,6.48,0.05,0.05,512.75,513.79,453.0,
2018-11-21 05:00:00,2018,11,3,0,5,0,550.76,15.24,73.14,2.43,0.05,0.05,510.04,514.21,480.69,
2018-11-21 09:00:00,2018,11,3,0,9,0,502.98,27.91,72.53,2.82,0.3,0.26,517.63,514.48,,
2018-11-21 10:00:00,2018,11,3,0,10,0,505.31,21.77,49.29,5.07,0.08,0.08,519.99,514.91,502.98,448.7
2018-11-21 13:00:00,2018,11,3,0,13,0,556.39,32.91,48.0,10.03,0.26,0.23,516.63,515.32,,
2018-11-22 00:00:00,2018,11,4,0,0,0,458.32,27.75,83.52,0.76,0.04,0.04,493.7,512.72,,552.0
2018-11-22 01:00:00,2018,11,4,0,1,0,466.01,17.84,72.6,9.65,0.52,0.42,494.41,512.3,458.32,
2018-11-22 11:00:00,2018,11,4,0,11,0,491.1,26.34,83.9,4.41,0.32,0.28,492.43,513.45,,
2018-11-22 15:00:00,2018,11,4,0,15,0,507.57,17.96,78.22,6.98,0.32,0.28,491.67,513.28,,
2018-11-22 17:00:00,2018,11,4,0,17,0,455.18,19.73,74.91,6.51,0.14,0.13,491.46,513.46,,
2018-11-22 21:00:00,2018,11,4,0,21,0,542.67,34.53,36.35,9.66,0.03,0.03,494.86,513.49,,
2018-11-22 22:00:00,2018,11,4,0,22,0,475.29,25.11,57.65,5.31,0.06,0.06,493.53,513.01,542.67,
2018-11-23 03:00:00,2018,11,5,0,3,0,488.95,31.68,63.62,7.4,0.03,0.03,506.2,513.97,,
2018-11-23 07:00:00,2018,11,5,0,7,0,537.23,31.07,75.6,14.15,0.07,0.07,502.36,513.39,,
2018-11-23 12:00:00,2018,11,5,0,12,0,535.17,26.85,44.24,10.03,0.49,0.4,502.77,513.53,,
2018-11-23 20:00:00,2018,11,5,0,20,0,579.65,27.03,80.02,5.12,0.16,0.15,506.63,514.65,,
2018-11-24 04:00:00,2018,11,6,1,4,1,518.01,16.49,72.71,0.29,0.39,0.33,504.63,516.12,,
2018-11-24 13:00:00,2018,11,6,1,13,1,507.39,19.76,49.24,12.45,0.1,0.1,497.75,514.55,,
2018-11-24 22:00:00,2018,11,6,1,22,1,576.34,18.14,80.29,11.84,0.7,0.53,493.48,513.67,,
2018-11-25 07:00:00,2018,11,7,1,7,1,519.95,26.49,48.99,2.2,0.1,0.1,506.09,515.81,,
2018-11-25 14:00:00,2018,11,7,1,14,1,558.53,24.97,86.69,12.56,0.02,0.02,516.65,515.58,,
2018-11-25 18:00:00,2018,11,7,1,18,1,508.33,30.56,56.07,3.68,0.59,0.46,516.83,515.16,,
2018-11-25 19:00:00,2018,11,7,1,19,1,553.0,18.14,74.99,0.37,0.26,0.23,517.35,515.48,508.33,
2018-11-25 20:00:00,2018,11,7,1,20,1,440.29,15.0,73.17,6.2,0.2,0.18,517.27,514.62,553.0,
2018-11-25 21:00:00,2018,11,7,1,21,1,449.37,28.71,52.83,8.67,0.18,0.17,513.65,514.75,440.29,
2018-11-26 05:00:00,2018,11,1,0,5,0,443.74,15.0,60.21,14.28,0.15,0.14,485.92,513.31,,
2018-11-26 09:00:00,2018,11,1,0,9,0,496.44,23.5,59.24,3.74,0.11,0.1,490.08,512.88,,
2018-11-26 15:00:00,2018,11,1,0,15,0,528.24,19.72,32.09,0.77,0.03,0.03,491.96,513.15,,
2018-11-26 19:00:00,2018,11,1,0,19,0,500.11,21.65,89.62,14.3,0.06,0.06,488.74,512.76,,553.0
2018-11-26 20:00:00,2018,11,1,0,20,0,486.27,40.0,52.79,4.53,0.04,0.04,490.65,512.46,500.11,440.29
2018-11-26 22:00:00,2018,11,1,0,22,0,465.54,20.43,83.7,14.51,0.29,0.25,494.41,511.68,,
2018-11-27 00:00:00,2018,11,2,0,0,0,565.53,21.88,63.44,2.38,0.37,0.31,496.48,511.88,,
2018-11-27 12:00:00,2018,11,2,0,12,0,491.27,23.54,85.21,3.44,0.08,0.08,507.01,511.92,,
2018-11-27 16:00:00,2018,11,2,0,16,0,389.07,30.07,34.37,14.93,0.06,0.06,503.53,511.39,,
2018-11-28 01:00:00,2018,11,3,0,1,0,452.93,22.34,72.15,5.66,0.65,0.5,500.79,510.47,,
2018-11-28 03:00:00,2018,11,3,0,3,0,540.28,24.15,88.15,5.69,0.48,0.39,504.73,511.41,,
2018-11-28 05:00:00,2018,11,3,0,5,0,500.44,16.83,73.79,5.81,0.22,0.2,506.2,511.52,,
2018-11-28 06:00:00,2018,11,3,0,6,0,429.22,24.83,45.47,12.57,0.02,0.02,505.13,511.06,500.44,
2018-11-28 11:00:00,2018,11,3,0,11,0,604.97,38.15,74.11,11.81,0.04,0.04,508.98,511.19,,
2018-11-28 12:00:00,2018,11,3,0,12,0,497.94,33.81,69.98,12.97,0.12,0.11,509.25,511.2,604.97,491.27
2018-11-29 01:00:00,2018,11,4,0,1,0,556.64,17.24,71.7,3.89,0.03,0.03,515.45,513.54,,452.93
2018-11-29 06:00:00,2018,11,4,0,6,0,504.0,19.03,31.84,3.34,0.04,0.04,514.74,514.16,,429.22
2018-11-29 08:00:00,2018,11,4,0,8,0,450.61,40.0,64.67,5.13,0.05,0.05,511.88,512.94,,
2018-11-29 13:00:00,2018,11,4,0,13,0,474.79,19.31,75.65,5.85,0.17,0.16,498.29,512.76,,
2018-11-29 14:00:00,2018,11,4,0,14,0,496.36,30.1,85.68,10.69,0.67,0.51,497.95,512.7,474.79,
2018-11-29 16:00:00,2018,11,4,0,16,0,511.91,15.0,85.77,3.01,0.13,0.12,504.49,513.48,,
2018-11-29 21:00:00,2018,11,4,0,21,0,529.03,32.48,67.59,0.19,0.42,0.35,503.16,513.36,,
2018-11-29 22:00:00,2018,11,4,0,22,0,560.46,20.37,48.75,13.35,0.29,0.25,503.53,513.87,529.03,
2018-12-01 04:00:00,2018,12,6,1,4,1,383.28,16.76,88.26,5.2,0.27,0.24,515.1,516.02,,
2018-12-01 07:00:00,2018,12,6,1,7,1,452.47,26.29,38.16,5.55,0.24,0.22,502.14,515.4,,
2018-12-01 18:00:00,2018,12,6,1,18,1,483.67,15.0,56.49,7.29,0.09,0.09,487.91,515.99,,
2018-12-01 21:00:00,2018,12,6,1,21,1,429.82,21.31,33.77,8.52,0.57,0.45,485.35,515.58,,
2018-12-02 00:00:00,2018,12,7,1,0,1,489.88,15.0,58.79,10.45,0.06,0.06,488.96,514.27,,
2018-12-02 02:00:00,2018,12,7,1,2,1,427.9,38.94,75.21,8.06,0.26,0.23,482.7,513.19,,
2018-12-02 05:00:00,2018,12,7,1,5,1,539.45,20.69,72.14,14.38,0.01,0.01,492.41,514.19,,
2018-12-02 13:00:00,2018,12,7,1,13,1,475.54,16.03,52.05,13.97,0.03,0.03,498.54,512.43,,
2018-12-02 17:00:00,2018,12,7,1,17,1,485.59,20.94,85.09,4.84,0.01,0.01,491.12,512.39,,
2018-12-02 19:00:00,2018,12,7,1,19,1,450.42,17.47,38.26,3.4,0.09,0.09,485.98,511.77,,
2018-12-03 21:00:00,2018,12,1,0,21,0,511.76,17.78,76.27,2.6,0.27,0.24,502.01,514.01,,
2018-12-04 02:00:00,2018,12,2,0,2,0,447.48,28.98,41.24,13.26,0.29,0.25,495.25,512.68,,
2018-12-04 03:00:00,2018,12,2,0,3,0,542.31,15.0,44.0,5.57,0.45,0.37,495.08,512.54,447.48,
2018-12-04 18:00:00,2018,12,2,0,18,0,498.08,28.92,46.6,1.16,0.77,0.57,486.28,510.28,,
2018-12-05 01:00:00,2018,12,3,0,1,0,436.55,15.0,47.57,0.6,0.36,0.31,484.61,510.26,,
2018-12-05 10:00:00,2018,12,3,0,10,0,520.94,15.0,53.81,4.56,0.22,0.2,473.17,509.12,,
2018-12-05 22:00:00,2018,12,3,0,22,0,423.49,18.9,79.48,11.84,0.62,0.48,489.46,508.08,,
2018-12-06 04:00:00,2018,12,4,0,4,0,468.5,30.55,46.22,5.07,0.77,0.57,499.24,506.79,,
2018-12-06 09:00:00,2018,12,4,0,9,0,498.74,25.42,86.25,6.6,0.02,0.02,495.77,506.42,,
2018-12-06 11:00:00,2018,12,4,0,11,0,583.23,24.99,57.04,9.21,0.5,0.41,499.7,507.61,,
2018-12-06 17:00:00,2018,12,4,0,17,0,424.01,19.73,58.97,7.22,0.5,0.41,493.49,506.95,,
2018-12-06 20:00:00,2018,12,4,0,20,0,509.1,21.7,70.22,14.32,0.04,0.04,493.76,507.11,,
2018-12-07 01:00:00,2018,12,5,0,1,0,543.89,17.12,75.99,13.71,0.03,0.03,492.72,505.61,,
2018-12-07 11:00:00,2018,12,5,0,11,0,563.19,29.21,54.42,10.69,0.08,0.08,504.2,505.48,,583.23
2018-12-07 18:00:00,2018,12,5,0,18,0,537.85,17.71,59.61,0.42,0.34,0.29,515.63,505.53,,
2018-12-08 04:00:00,2018,12,6,1,4,1,534.12,21.13,43.83,0.75,0.37,0.31,514.31,504.64,,
2018-12-08 09:00:00,2018,12,6,1,9,1,504.56,19.64,77.17,0.55,0.36,0.31,507.16,506.99,,
2018-12-08 10:00:00,2018,12,6,1,10,1,505.38,25.88,38.35,5.08,1.0,0.69,508.52,507.37,504.56,
2018-12-08 16:00:00,2018,12,6,1,16,1,383.28,40.0,87.95,4.06,0.06,0.06,506.8,507.72,,
2018-12-08 18:00:00,2018,12,6,1,18,1,472.98,22.31,49.82,5.12,0.54,0.43,503.49,507.8,,537.85
2018-12-08 22:00:00,2018,12,6,1,22,1,530.61,23.48,59.34,7.17,0.09,0.09,508.0,507.8,,
2018-12-09 12:00:00,2018,12,7,1,12,1,417.39,24.48,68.84,10.92,0.03,0.03,486.17,506.37,,
2018-12-09 16:00:00,2018,12,7,1,16,1,546.05,27.16,69.05,13.47,0.07,0.07,491.07,507.39,,308.17
2018-12-09 17:00:00,2018,12,7,1,17,1,476.01,31.77,69.08,13.66,0.94,0.66,487.5,507.33,546.05,
2018-12-09 22:00:00,2018,12,7,1,22,1,500.32,24.67,58.78,13.27,0.31,0.27,495.46,508.64,,530.61
2018-12-10 06:00:00,2018,12,1,0,6,0,580.79,37.7,46.08,5.01,0.48,0.39,500.08,507.42,,
2018-12-10 07:00:00,2018,12,1,0,7,0,451.76,24.8,37.93,14.29,0.1,0.1,497.57,506.93,580.79,
2018-12-10 09:00:00,2018,12,1,0,9,0,499.48,19.27,66.83,8.18,0.26,0.23,499.16,507.42,,
2018-12-10 14:00:00,2018,12,1,0,14,0,501.0,30.88,84.69,5.71,0.29,0.25,500.88,507.31,,
2018-12-10 15:00:00,2018,12,1,0,15,0,480.01,24.96,74.0,1.28,0.03,0.03,499.11,506.78,501.0,
2018-12-10 16:00:00,2018,12,1,0,16,0,615.08,18.56,86.17,4.67,0.06,0.06,504.23,508.02,480.01,546.05
2018-12-10 17:00:00,2018,12,1,0,17,0,533.83,20.87,44.96,10.73,0.05,0.05,506.64,507.88,668.87,476.01
2018-12-11 00:00:00,2018,12,2,0,0,0,556.08,17.54,67.2,14.42,0.02,0.02,506.51,508.21,,
2018-12-11 18:00:00,2018,12,2,0,18,0,443.81,38.49,84.72,7.14,0.11,0.1,489.04,508.32,,
2018-12-11 20:00:00,2018,12,2,0,20,0,615.08,22.27,57.39,11.75,0.21,0.19,501.07,508.59,,
2018-12-11 22:00:00,2018,12,2,0,22,0,456.79,28.4,71.04,7.86,0.24,0.22,502.79,508.73,,
2018-12-11 23:00:00,2018,12,2,0,23,0,556.78,15.0,57.71,0.56,0.19,0.17,502.18,509.67,456.79,
2018-12-12 08:00:00,2018,12,3,0,8,0,468.32,34.57,81.92,2.4,0.23,0.21,496.66,510.03,,
2018-12-12 13:00:00,2018,12,3,0,13,0,609.52,25.7,65.33,12.1,0.5,0.41,504.16,511.07,,
2018-12-12 17:00:00,2018,12,3,0,17,0,518.86,38.99,40.22,13.78,0.19,0.17,515.82,512.35,,
2018-12-13 00:00:00,2018,12,4,0,0,0,541.57,22.13,60.43,2.15,0.45,0.37,515.03,513.02,,
2018-12-13 01:00:00,2018,12,4,0,1,0,539.9,18.54,36.69,3.12,0.25,0.22,513.83,513.08,541.57,
2018-12-13 13:00:00,2018,12,4,0,13,0,542.03,20.2,36.79,12.59,0.07,0.07,521.21,514.46,,609.52
2018-12-13 14:00:00,2018,12,4,0,14,0,458.74,16.96,56.71,6.14,0.01,0.01,517.65,514.07,542.03,
2018-12-13 17:00:00,2018,12,4,0,17,0,433.8,22.73,31.69,5.61,0.2,0.18,502.64,513.69,,518.86
2018-12-13 18:00:00,2018,12,4,0,18,0,590.38,28.98,75.79,0.66,0.39,0.33,506.8,513.95,433.8,
2018-12-13 22:00:00,2018,12,4,0,22,0,492.0,21.42,63.04,2.62,0.52,0.42,510.81,515.17,,
2018-12-14 09:00:00,2018,12,5,0,9,0,432.36,31.16,67.59,9.07,0.2,0.18,506.72,514.26,,
2018-12-14 11:00:00,2018,12,5,0,11,0,491.44,32.43,54.75,14.25,0.5,0.41,503.27,514.04,,
2018-12-14 16:00:00,2018,12,5,0,16,0,400.5,35.5,30.17,10.0,0.03,0.03,507.46,513.31,,
2018-12-14 22:00:00,2018,12,5,0,22,0,424.64,21.16,42.84,11.34,0.17,0.16,501.08,513.78,,492.0
2018-12-15 06:00:00,2018,12,6,1,6,1,471.79,28.28,31.78,6.5,0.03,0.03,500.6,513.78,,
2018-12-15 16:00:00,2018,12,6,1,16,1,581.32,24.66,89.84,14.85,0.01,0.01,511.0,513.92,,400.5
2018-12-15 18:00:00,2018,12,6,1,18,1,480.7,15.0,39.33,1.6,0.07,0.07,510.78,513.67,,
2018-12-15 22:00:00,2018,12,6,1,22,1,490.79,24.46,45.05,7.48,0.53,0.43,502.51,512.98,,424.64
2018-12-15 23:00:00,2018,12,6,1,23,1,489.71,29.48,59.71,3.97,0.04,0.04,503.24,513.39,490.79,
2018-12-16 03:00:00,2018,12,7,1,3,1,511.54,15.0,54.0,12.45,0.08,0.08,491.58,512.85,,
2018-12-16 07:00:00,2018,12,7,1,7,1,562.14,34.37,52.3,13.89,0.05,0.05,499.59,514.0,,
2018-12-16 09:00:00,2018,12,7,1,9,1,427.09,22.74,60.13,6.0,0.04,0.04,494.91,513.76,,
2018-12-16 17:00:00,2018,12,7,1,17,1,482.7,18.27,39.13,7.96,0.35,0.3,493.62,514.51,,
2018-12-16 18:00:00,2018,12,7,1,18,1,458.13,25.33,88.56,4.83,0.4,0.34,492.68,514.39,482.7,480.7
2018-12-17 02:00:00,2018,12,1,0,2,0,531.27,28.87,30.46,13.45,0.16,0.15,512.75,516.02,,
2018-12-17 04:00:00,2018,12,1,0,4,0,567.62,27.44,60.45,4.9,0.1,0.1,514.52,515.87,,
2018-12-17 06:00:00,2018,12,1,0,6,0,602.6,19.13,84.43,13.9,0.07,0.07,513.04,515.58,,
2018-12-17 07:00:00,2018,12,1,0,7,0,414.7,19.01,30.03,14.03,0.56,0.44,506.89,515.36,602.6,562.14
2018-12-17 09:00:00,2018,12,1,0,9,0,497.95,19.0,83.38,4.65,0.04,0.04,508.28,515.09,,427.09
2018-12-17 10:00:00,2018,12,1,0,10,0,492.68,23.05,71.55,9.72,0.14,0.13,504.58,515.1,497.95,
2018-12-17 13:00:00,2018,12,1,0,13,0,513.04,35.77,88.57,14.88,0.23,0.21,508.09,515.38,,
2018-12-17 20:00:00,2018,12,1,0,20,0,514.36,26.65,41.11,2.64,0.37,0.31,500.76,514.97,,
2018-12-18 11:00:00,2018,12,2,0,11,0,507.52,22.34,40.27,2.02,0.24,0.22,489.51,513.97,,
2018-12-18 16:00:00,2018,12,2,0,16,0,460.22,25.09,67.27,11.19,0.01,0.01,491.99,514.25,,
2018-12-18 18:00:00,2018,12,2,0,18,0,488.17,15.0,53.72,13.27,0.11,0.1,495.36,515.07,,
2018-12-18 21:00:00,2018,12,2,0,21,0,457.44,21.99,31.49,10.73,0.19,0.17,489.75,513.37,,
2018-12-19 06:00:00,2018,12,3,0,6,0,444.94,15.97,87.13,11.18,0.22,0.2,495.06,513.13,,
2018-12-19 18:00:00,2018,12,3,0,18,0,530.19,40.0,79.99,11.13,0.07,0.07,493.07,511.47,,488.17
2018-12-19 20:00:00,2018,12,3,0,20,0,439.56,22.27,43.47,2.72,0.03,0.03,495.81,510.77,,
2018-12-19 22:00:00,2018,12,3,0,22,0,496.22,15.0,88.27,13.38,0.77,0.57,494.86,510.94,,
2018-12-20 01:00:00,2018,12,4,0,1,0,470.27,21.04,67.62,9.76,1.11,0.75,491.8,510.49,,
2018-12-20 02:00:00,2018,12,4,0,2,0,523.91,25.85,85.73,3.31,0.25,0.22,496.45,511.07,470.27,
2018-12-20 05:00:00,2018,12,4,0,5,0,422.42,28.39,40.83,5.71,0.13,0.12,494.53,510.16,,
2018-12-20 06:00:00,2018,12,4,0,6,0,610.72,25.61,87.62,14.45,0.16,0.15,501.44,511.11,422.42,444.94
2018-12-20 08:00:00,2018,12,4,0,8,0,483.91,27.7,74.62,1.33,0.0,0.0,494.34,509.71,,
2018-12-20 17:00:00,2018,12,4,0,17,0,463.83,37.24,87.56,9.86,0.27,0.24,504.3,511.47,,
2018-12-20 20:00:00,2018,12,4,0,20,0,494.34,24.26,74.19,5.31,0.04,0.04,503.02,510.46,,439.56
2018-12-20 22:00:00,2018,12,4,0,22,0,450.62,35.73,54.69,5.45,0.04,0.04,501.14,509.53,,496.22
2018-12-21 05:00:00,2018,12,5,0,5,0,477.42,15.0,53.51,3.41,0.41,0.34,511.63,510.24,,422.42
2018-12-21 08:00:00,2018,12,5,0,8,0,431.38,17.88,80.4,3.88,0.08,0.08,511.04,510.19,,483.91
2018-12-21 14:00:00,2018,12,5,0,14,0,500.15,26.72,49.93,3.75,0.32,0.28,503.1,509.77,,
2018-12-21 21:00:00,2018,12,5,0,21,0,564.42,23.65,49.08,6.47,0.02,0.02,509.29,510.57,,
2018-12-22 05:00:00,2018,12,6,1,5,1,447.23,33.96,77.45,11.03,0.48,0.39,495.36,509.0,,477.42
2018-12-22 08:00:00,2018,12,6,1,8,1,550.52,33.27,45.77,14.66,0.21,0.19,496.69,509.42,,431.38
2018-12-22 10:00:00,2018,12,6,1,10,1,455.9,21.31,48.12,0.5,0.11,0.1,492.38,509.34,,
2018-12-22 18:00:00,2018,12,6,1,18,1,516.6,19.54,77.41,6.25,0.08,0.08,502.88,509.9,,
2018-12-22 21:00:00,2018,12,6,1,21,1,431.9,21.99,30.1,2.39,0.01,0.01,499.48,510.53,,564.42
2018-12-22 23:00:00,2018,12,6,1,23,1,499.54,28.21,63.05,6.37,0.26,0.23,497.01,510.44,,
2018-12-23 02:00:00,2018,12,7,1,2,1,504.06,27.94,75.72,3.38,0.02,0.02,502.41,511.52,,
2018-12-23 13:00:00,2018,12,7,1,13,1,607.41,16.95,73.56,10.48,0.39,0.33,514.16,511.82,,
2018-12-23 21:00:00,2018,12,7,1,21,1,500.91,28.8,43.09,10.68,0.47,0.39,507.02,511.07,,431.9
2018-12-24 00:00:00,2018,12,1,0,0,0,522.29,27.02,54.3,3.5,0.16,0.15,512.93,511.48,,
2018-12-24 01:00:00,2018,12,1,0,1,0,413.89,23.97,59.4,11.46,0.05,0.05,505.32,510.6,522.29,
2018-12-24 02:00:00,2018,12,1,0,2,0,463.98,20.38,35.43,0.79,0.16,0.15,503.65,510.19,413.89,504.06
2018-12-24 10:00:00,2018,12,1,0,10,0,387.21,20.75,84.66,2.76,0.27,0.24,502.06,510.41,,
2018-12-24 14:00:00,2018,12,1,0,14,0,419.04,39.52,62.6,5.99,0.04,0.04,494.73,510.03,,
2018-12-25 00:00:00,2018,12,2,0,0,0,596.79,23.11,82.06,1.89,0.02,0.02,492.68,510.59,,522.29
2018-12-25 04:00:00,2018,12,2,0,4,0,478.19,22.13,64.53,7.51,0.13,0.12,494.81,510.98,,
2018-12-25 23:00:00,2018,12,2,0,23,0,451.1,35.33,72.07,6.78,0.03,0.03,503.15,510.82,,
2018-12-26 01:00:00,2018,12,3,0,1,0,536.33,24.16,37.1,6.27,0.24,0.22,497.23,510.72,,
2018-12-26 04:00:00,2018,12,3,0,4,0,460.5,26.92,33.41,3.63,0.05,0.05,501.85,511.84,,478.19
2018-12-26 12:00:00,2018,12,3,0,12,0,532.35,19.24,36.9,3.76,0.0,0.0,504.57,513.08,,
2018-12-26 23:00:00,2018,12,3,0,23,0,469.2,25.05,38.57,6.53,0.14,0.13,506.11,512.66,,451.1
2018-12-27 07:00:00,2018,12,4,0,7,0,488.97,26.12,47.15,10.37,0.0,0.0,497.18,512.64,,
2018-12-27 08:00:00,2018,12,4,0,8,0,512.35,35.98,46.59,10.02,0.18,0.17,495.57,512.81,488.97,
2018-12-27 18:00:00,2018,12,4,0,18,0,503.42,19.04,35.8,2.51,0.28,0.25,493.51,511.57,,
2018-12-27 19:00:00,2018,12,4,0,19,0,506.32,31.44,68.9,6.48,0.09,0.09,496.2,511.9,503.42,
2018-12-27 21:00:00,2018,12,4,0,21,0,430.03,21.86,37.23,6.01,0.08,0.08,497.8,512.38,,
2018-12-27 23:00:00,2018,12,4,0,23,0,583.2,18.16,79.9,5.51,0.12,0.11,503.15,513.2,,469.2
2018-12-28 01:00:00,2018,12,5,0,1,0,542.98,25.2,38.09,2.31,0.2,0.18,502.5,512.83,,
2018-12-28 04:00:00,2018,12,5,0,4,0,519.25,36.4,54.84,5.7,0.07,0.07,496.53,511.9,,
2018-12-28 08:00:00,2018,12,5,0,8,0,496.63,23.02,70.44,11.45,0.18,0.17,512.3,513.0,,512.35
2018-12-28 11:00:00,2018,12,5,0,11,0,545.1,28.54,77.23,5.0,0.42,0.35,519.4,513.56,,
2018-12-28 13:00:00,2018,12,5,0,13,0,522.28,17.19,81.64,0.6,0.14,0.13,519.87,513.76,,
2018-12-28 20:00:00,2018,12,5,0,20,0,543.58,35.38,60.37,10.89,0.44,0.36,508.24,513.04,,
2018-12-29 02:00:00,2018,12,6,1,2,1,525.53,29.8,40.2,4.71,0.06,0.06,513.79,513.65,,
2018-12-29 04:00:00,2018,12,6,1,4,1,526.52,21.92,34.24,6.97,0.16,0.15,515.95,514.71,,519.25
2018-12-29 06:00:00,2018,12,6,1,6,1,498.27,33.8,33.0,2.01,0.09,0.09,511.63,515.09,,
2018-12-30 06:00:00,2018,12,7,1,6,1,526.17,27.2,70.46,9.69,0.13,0.12,510.95,515.35,,498.27
2018-12-30 09:00:00,2018,12,7,1,9,1,509.6,40.0,82.51,9.07,0.69,0.52,505.18,515.13,,
2018-12-30 14:00:00,2018,12,7,1,14,1,615.08,21.64,49.38,13.61,0.11,0.1,515.52,515.26,,
2018-12-31 03:00:00,2018,12,1,0,3,0,425.88,15.04,75.55,9.08,0.09,0.09,500.65,514.11,,
2018-12-31 09:00:00,2018,12,1,0,9,0,465.31,25.59,33.12,0.73,0.26,0.23,506.37,514.79,,509.6
2018-12-31 19:00:00,2018,12,1,0,19,0,563.46,19.29,71.96,6.97,0.34,0.29,497.82,515.66,,
2019-01-01 00:00:00,2019,1,2,0,0,0,548.57,31.41,47.48,1.07,0.03,0.03,510.28,516.13,,
2019-01-01 01:00:00,2019,1,2,0,1,0,435.24,32.9,56.11,14.5,0.47,0.39,508.08,515.7,548.57,
2019-01-01 03:00:00,2019,1,2,0,3,0,528.95,15.0,54.63,8.19,0.21,0.19,506.82,515.6,,425.88
2019-01-01 05:00:00,2019,1,2,0,5,0,477.24,16.61,80.09,6.37,0.06,0.06,504.14,515.26,,
2019-01-01 17:00:00,2019,1,2,0,17,0,557.11,25.25,89.3,5.8,0.01,0.01,509.45,516.48,,
2019-01-01 20:00:00,2019,1,2,0,20,0,463.27,20.93,34.33,7.09,0.43,0.36,509.73,516.45,,
2019-01-01 21:00:00,2019,1,2,0,21,0,547.8,26.9,87.97,11.16,0.42,0.35,511.11,516.79,463.27,
2019-01-02 00:00:00,2019,1,3,0,0,0,439.8,34.51,88.99,5.18,0.03,0.03,503.23,517.19,,548.57
2019-01-02 02:00:00,2019,1,3,0,2,0,531.47,26.34,85.56,14.52,0.06,0.06,510.19,517.01,,
2019-01-02 06:00:00,2019,1,3,0,6,0,394.27,32.99,66.07,5.25,0.44,0.36,502.85,515.91,,
2019-01-02 23:00:00,2019,1,3,0,23,0,498.52,23.11,43.61,1.02,0.09,0.09,485.57,514.11,,
2019-01-03 04:00:00,2019,1,4,0,4,0,504.24,15.0,35.92,14.21,0.19,0.17,489.29,513.92,,
2019-01-03 14:00:00,2019,1,4,0,14,0,513.26,16.57,30.89,9.04,0.04,0.04,506.82,516.41,,
2019-01-04 10:00:00,2019,1,5,0,10,0,496.49,19.92,31.23,13.95,0.04,0.04,499.72,513.5,,
2019-01-04 12:00:00,2019,1,5,0,12,0,521.76,22.35,79.17,12.69,0.25,0.22,498.68,513.21,,
2019-01-04 18:00:00,2019,1,5,0,18,0,593.45,28.08,83.9,14.67,0.2,0.18,502.18,514.58,,
2019-01-05 02:00:00,2019,1,6,1,2,1,419.84,21.19,89.25,6.55,0.01,0.01,489.1,511.09,,
2019-01-05 13:00:00,2019,1,6,1,13,1,431.69,27.82,37.72,11.93,0.45,0.37,482.72,509.34,,
2019-01-05 14:00:00,2019,1,6,1,14,1,552.9,31.7,35.23,8.71,0.12,0.11,485.64,510.1,431.69,
2019-01-05 15:00:00,2019,1,6,1,15,1,504.09,34.13,38.78,2.8,0.22,0.2,485.56,509.93,552.9,
2019-01-05 19:00:00,2019,1,6,1,19,1,483.35,29.22,76.6,11.82,0.0,0.0,478.84,508.43,,
2019-01-05 21:00:00,2019,1,6,1,21,1,438.78,20.53,68.31,5.02,0.14,0.13,483.35,507.81,,
2019-01-05 23:00:00,2019,1,6,1,23,1,467.58,21.25,74.85,13.01,0.1,0.1,484.88,507.96,,
2019-01-06 00:00:00,2019,1,7,1,0,1,392.18,40.0,89.22,3.63,0.85,0.62,479.95,507.66,467.58,
2019-01-06 11:00:00,2019,1,7,1,11,1,526.54,18.48,33.23,8.56,0.13,0.12,493.0,507.7,,
2019-01-06 13:00:00,2019,1,7,1,13,1,446.21,20.85,43.55,11.3,0.22,0.2,491.56,507.25,,431.69
2019-01-06 15:00:00,2019,1,7,1,15,1,602.28,30.48,89.88,10.83,0.18,0.17,491.11,506.3,,504.09
2019-01-06 17:00:00,2019,1,7,1,17,1,515.22,23.87,40.99,1.49,0.07,0.07,497.15,506.49,,
2019-01-06 19:00:00,2019,1,7,1,19,1,531.17,15.0,83.5,12.27,0.34,0.29,495.98,506.54,,483.35
2019-01-06 21:00:00,2019,1,7,1,21,1,510.71,25.97,74.39,1.36,0.01,0.01,499.31,507.05,,438.78
2019-01-07 00:00:00,2019,1,1,0,0,0,478.81,18.11,57.68,13.45,0.33,0.29,501.39,507.28,,392.18
2019-01-07 04:00:00,2019,1,1,0,4,0,528.24,31.0,82.85,0.71,0.17,0.16,495.21,507.28,,
2019-01-07 05:00:00,2019,1,1,0,5,0,534.22,31.68,84.09,1.72,0.14,0.13,495.74,507.02,528.24,
2019-01-07 09:00:00,2019,1,1,0,9,0,514.1,23.29,39.58,3.77,0.02,0.02,492.58,505.81,,
2019-01-07 15:00:00,2019,1,1,0,15,0,541.3,16.55,47.35,13.77,0.07,0.07,495.72,506.37,,602.28
2019-01-07 16:00:00,2019,1,1,0,16,0,584.17,21.56,67.71,9.19,0.36,0.31,498.12,506.69,541.3,
2019-01-08 01:00:00,2019,1,2,0,1,0,506.34,25.79,78.53,9.05,0.46,0.38,494.4,505.13,,
2019-01-08 03:00:00,2019,1,2,0,3,0,508.84,24.43,39.08,4.7,0.06,0.06,495.68,505.26,,
2019-01-08 04:00:00,2019,1,2,0,4,0,501.12,25.61,34.91,2.81,0.28,0.25,494.55,505.28,508.84,528.24
2019-01-08 11:00:00,2019,1,2,0,11,0,492.34,28.95,87.6,10.28,0.36,0.31,498.39,504.79,,
2019-01-08 12:00:00,2019,1,2,0,12,0,570.76,33.63,47.34,5.35,0.74,0.55,497.66,505.46,492.34,
2019-01-08 15:00:00,2019,1,2,0,15,0,517.37,27.23,45.58,11.53,0.02,0.02,504.83,505.87,,541.3
2019-01-09 00:00:00,2019,1,3,0,0,0,453.08,24.73,52.99,11.81,0.01,0.01,505.04,504.96,,
2019-01-09 05:00:00,2019,1,3,0,5,0,482.13,30.12,82.86,11.21,0.04,0.04,504.47,504.41,,
2019-01-09 08:00:00,2019,1,3,0,8,0,523.02,24.13,75.52,3.13,0.09,0.09,507.65,505.5,,
2019-01-09 09:00:00,2019,1,3,0,9,0,493.02,33.8,82.75,9.23,0.05,0.05,502.69,505.54,523.02,
2019-01-09 10:00:00,2019,1,3,0,10,0,512.84,27.41,34.92,5.65,0.11,0.1,502.23,505.97,493.02,
2019-01-09 19:00:00,2019,1,3,0,19,0,573.97,29.78,43.62,8.98,0.01,0.01,501.78,506.5,,
2019-01-10 00:00:00,2019,1,4,0,0,0,515.35,22.75,43.29,10.48,0.68,0.52,505.74,507.38,,453.08
2019-01-10 18:00:00,2019,1,4,0,18,0,499.03,15.0,64.85,14.45,0.29,0.25,512.99,507.73,,
2019-01-11 06:00:00,2019,1,5,0,6,0,489.87,17.85,74.03,6.83,0.05,0.05,509.2,508.51,,
2019-01-11 08:00:00,2019,1,5,0,8,0,515.26,25.1,39.99,6.06,0.11,0.1,510.62,508.94,,
2019-01-11 11:00:00,2019,1,5,0,11,0,435.08,27.92,81.97,14.3,0.23,0.21,510.24,508.88,,
2019-01-11 20:00:00,2019,1,5,0,20,0,509.43,24.89,50.95,2.43,0.57,0.45,493.18,507.54,,
2019-01-12 00:00:00,2019,1,6,1,0,1,502.36,21.56,61.3,13.63,0.17,0.16,491.16,508.79,,
2019-01-12 01:00:00,2019,1,6,1,1,1,534.73,28.03,87.45,10.8,0.12,0.11,490.37,508.96,502.36,
2019-01-12 02:00:00,2019,1,6,1,2,1,478.17,28.13,75.42,2.08,0.18,0.17,488.42,509.31,534.73,
2019-01-12 12:00:00,2019,1,6,1,12,1,501.65,19.37,85.88,6.75,0.04,0.04,498.1,510.04,,
2019-01-12 14:00:00,2019,1,6,1,14,1,538.7,23.35,50.46,12.93,0.16,0.15,502.65,510.78,,
2019-01-12 16:00:00,2019,1,6,1,16,1,510.83,22.34,50.02,9.88,0.26,0.23,508.66,511.35,,
2019-01-13 07:00:00,2019,1,7,1,7,1,465.49,25.59,80.98,14.6,0.09,0.09,494.79,510.37,,
2019-01-13 09:00:00,2019,1,7,1,9,1,494.25,29.41,54.7,1.76,0.78,0.58,495.61,510.38,,
2019-01-13 10:00:00,2019,1,7,1,10,1,425.89,26.18,33.71,6.73,0.05,0.05,492.58,510.02,494.25,
2019-01-13 12:00:00,2019,1,7,1,12,1,494.89,22.72,54.98,5.98,0.41,0.34,493.88,510.46,,501.65
2019-01-13 13:00:00,2019,1,7,1,13,1,501.88,17.06,49.61,0.27,0.24,0.22,491.15,510.8,494.89,
2019-01-13 14:00:00,2019,1,7,1,14,1,520.03,15.0,78.35,6.42,0.1,0.1,490.37,511.26,501.88,538.7
2019-01-13 16:00:00,2019,1,7,1,16,1,522.82,33.2,76.87,0.68,0.21,0.19,489.24,510.38,,510.83
2019-01-13 20:00:00,2019,1,7,1,20,1,574.58,15.0,39.83,8.21,0.88,0.63,493.89,510.7,,
2019-01-14 01:00:00,2019,1,1,0,1,0,574.51,29.01,88.74,8.86,0.61,0.48,495.1,511.55,,
2019-01-14 12:00:00,2019,1,1,0,12,0,568.78,22.98,47.75,3.43,0.33,0.29,509.0,512.02,,494.89
2019-01-14 14:00:00,2019,1,1,0,14,0,601.78,15.0,71.72,6.53,0.03,0.03,511.49,513.19,,520.03
2019-01-15 04:00:00,2019,1,2,0,4,0,482.95,15.0,34.31,4.71,0.04,0.04,501.39,513.61,,
2019-01-15 09:00:00,2019,1,2,0,9,0,482.84,17.62,54.18,13.44,0.04,0.04,510.15,513.9,,
2019-01-15 17:00:00,2019,1,2,0,17,0,483.82,31.6,34.47,11.23,0.28,0.25,513.97,515.01,,
2019-01-15 22:00:00,2019,1,2,0,22,0,495.84,28.89,59.07,0.74,0.06,0.06,517.08,515.64,,
2019-01-16 03:00:00,2019,1,3,0,3,0,500.71,22.68,81.53,13.16,0.11,0.1,519.56,515.75,,
2019-01-16 06:00:00,2019,1,3,0,6,0,528.55,30.72,42.52,11.95,0.69,0.52,519.2,516.3,,
2019-01-16 08:00:00,2019,1,3,0,8,0,528.52,27.01,82.91,9.14,0.09,0.09,517.88,516.18,,
2019-01-16 14:00:00,2019,1,3,0,14,0,423.84,22.78,76.6,3.09,0.48,0.39,514.88,517.57,,
2019-01-16 17:00:00,2019,1,3,0,17,0,552.52,33.38,78.05,12.87,0.04,0.04,512.89,516.96,,483.82
2019-01-16 21:00:00,2019,1,3,0,21,0,491.14,29.85,45.74,11.43,0.27,0.24,506.1,516.43,,
2019-01-17 02:00:00,2019,1,4,0,2,0,487.6,28.29,74.61,3.98,0.12,0.11,504.26,515.42,,
2019-01-17 15:00:00,2019,1,4,0,15,0,559.56,22.87,89.77,14.24,0.16,0.15,506.13,515.22,,
2019-01-17 19:00:00,2019,1,4,0,19,0,553.4,16.06,32.13,7.23,0.26,0.23,506.24,516.12,,
2019-01-17 21:00:00,2019,1,4,0,21,0,496.81,23.35,86.68,8.98,0.0,0.0,508.43,515.55,,491.14
2019-01-17 23:00:00,2019,1,4,0,23,0,450.05,18.18,32.76,6.83,0.3,0.26,504.03,514.83,,
2019-01-18 02:00:00,2019,1,5,0,2,0,445.07,31.14,36.64,8.92,0.09,0.09,507.99,513.97,,487.6
2019-01-18 04:00:00,2019,1,5,0,4,0,531.56,18.84,71.89,13.22,0.81,0.59,511.47,514.82,,
2019-01-18 15:00:00,2019,1,5,0,15,0,516.7,15.0,59.97,6.22,0.34,0.29,496.58,515.39,,559.56
2019-01-18 18:00:00,2019,1,5,0,18,0,414.54,15.44,80.24,11.14,0.43,0.36,492.47,515.6,,
2019-01-18 21:00:00,2019,1,5,0,21,0,580.51,25.83,77.5,9.23,0.03,0.03,492.41,515.43,,496.81
2019-01-19 00:00:00,2019,1,6,1,0,1,530.9,21.82,47.04,3.75,0.07,0.07,492.1,514.82,,
2019-01-19 02:00:00,2019,1,6,1,2,1,449.58,26.47,56.77,7.91,0.19,0.17,492.29,514.54,,445.07
2019-01-19 03:00:00,2019,1,6,1,3,1,423.51,25.35,40.62,10.02,0.01,0.01,489.01,513.75,449.58,
2019-01-19 13:00:00,2019,1,6,1,13,1,414.76,21.33,37.62,8.3,0.67,0.51,486.16,512.89,,
2019-01-19 14:00:00,2019,1,6,1,14,1,552.63,29.7,63.8,9.97,0.27,0.24,488.8,512.98,414.76,
2019-01-19 15:00:00,2019,1,6,1,15,1,407.85,16.07,67.49,9.57,0.34,0.29,484.27,512.42,552.63,516.7
2019-01-20 08:00:00,2019,1,7,1,8,1,425.29,21.45,38.5,9.6,0.01,0.01,488.33,513.56,,
2019-01-20 09:00:00,2019,1,7,1,9,1,509.04,22.45,56.58,8.55,0.01,0.01,489.7,513.65,425.29,
2019-01-20 16:00:00,2019,1,7,1,16,1,503.45,19.96,52.49,3.48,0.09,0.09,493.75,513.09,,
2019-01-20 17:00:00,2019,1,7,1,17,1,493.37,23.36,63.78,5.93,0.01,0.01,491.63,513.16,503.45,
2019-01-20 18:00:00,2019,1,7,1,18,1,558.85,33.84,75.78,1.15,0.08,0.08,497.1,513.79,493.37,
2019-01-20 19:00:00,2019,1,7,1,19,1,434.38,19.58,34.04,6.95,0.29,0.25,496.29,513.21,558.85,
2019-01-20 21:00:00,2019,1,7,1,21,1,416.44,30.23,39.81,9.87,0.03,0.03,490.29,512.2,,
2019-01-21 00:00:00,2019,1,1,0,0,0,539.1,17.83,34.63,2.67,0.03,0.03,483.92,512.17,,
2019-01-21 02:00:00,2019,1,1,0,2,0,499.32,16.22,67.06,5.82,0.15,0.14,485.07,511.07,,
2019-01-21 06:00:00,2019,1,1,0,6,0,519.17,23.59,58.62,4.37,0.12,0.11,480.05,510.84,,
2019-01-21 13:00:00,2019,1,1,0,13,0,434.26,26.23,43.9,8.61,0.03,0.03,487.33,509.88,,
2019-01-21 14:00:00,2019,1,1,0,14,0,510.95,23.38,61.01,2.54,0.17,0.16,487.89,509.33,434.26,
2019-01-22 02:00:00,2019,1,2,0,2,0,487.65,27.67,47.55,6.44,0.19,0.17,490.07,508.8,,499.32
2019-01-22 03:00:00,2019,1,2,0,3,0,403.7,38.82,76.02,12.62,0.05,0.05,488.36,508.37,487.65,
2019-01-22 06:00:00,2019,1,2,0,6,0,574.78,22.33,77.17,11.05,0.09,0.09,495.71,508.81,,519.17
2019-01-22 09:00:00,2019,1,2,0,9,0,551.66,15.0,59.61,3.47,0.06,0.06,501.23,509.19,,
2019-01-22 18:00:00,2019,1,2,0,18,0,457.84,31.71,30.91,5.15,0.22,0.2,495.79,506.39,,
2019-01-22 20:00:00,2019,1,2,0,20,0,509.88,25.7,31.79,13.24,0.77,0.57,502.2,505.9,,
2019-01-23 00:00:00,2019,1,3,0,0,0,501.01,25.1,85.0,7.54,0.35,0.3,497.85,505.44,,
2019-01-23 01:00:00,2019,1,3,0,1,0,544.59,22.35,38.17,12.39,0.05,0.05,498.31,506.14,501.01,
2019-01-23 05:00:00,2019,1,3,0,5,0,520.35,23.99,33.2,14.22,0.02,0.02,496.9,505.28,,
2019-01-23 13:00:00,2019,1,3,0,13,0,542.34,29.25,36.33,12.34,0.18,0.17,495.99,503.68,,
2019-01-23 15:00:00,2019,1,3,0,15,0,411.58,20.31,59.96,0.86,0.2,0.18,495.02,503.93,,
2019-01-23 23:00:00,2019,1,3,0,23,0,452.35,27.16,64.31,5.46,0.71,0.54,507.01,505.34,,
2019-01-24 00:00:00,2019,1,4,0,0,0,553.91,26.93,35.12,2.77,0.03,0.03,509.21,505.8,452.35,501.01
2019-01-24 01:00:00,2019,1,4,0,1,0,495.69,28.85,77.46,1.12,0.38,0.32,507.18,506.29,553.91,544.59
2019-01-24 02:00:00,2019,1,4,0,2,0,493.52,19.79,30.14,5.02,0.09,0.09,508.31,506.32,495.69,
2019-01-24 05:00:00,2019,1,4,0,5,0,450.14,28.87,46.25,3.99,0.04,0.04,504.15,505.64,,520.35
2019-01-24 12:00:00,2019,1,4,0,12,0,427.72,28.33,82.92,0.01,0.93,0.66,495.07,503.4,,
2019-01-24 19:00:00,2019,1,4,0,19,0,484.51,15.77,70.56,3.05,0.17,0.16,494.7,502.89,,
2019-01-25 13:00:00,2019,1,5,0,13,0,483.41,15.0,43.21,1.55,0.15,0.14,513.07,504.99,,
2019-01-25 15:00:00,2019,1,5,0,15,0,524.0,16.42,74.01,9.9,0.05,0.05,514.17,505.19,,
2019-01-25 17:00:00,2019,1,5,0,17,0,508.41,27.4,61.21,4.28,0.07,0.07,510.69,505.01,,
2019-01-25 18:00:00,2019,1,5,0,18,0,391.93,15.0,63.71,13.99,0.1,0.1,503.25,504.87,508.41,
2019-01-26 06:00:00,2019,1,6,1,6,1,483.85,19.94,79.89,0.22,0.08,0.08,507.33,506.69,,
2019-01-26 07:00:00,2019,1,6,1,7,1,566.78,24.23,61.86,1.2,0.29,0.25,509.18,507.24,483.85,
2019-01-26 16:00:00,2019,1,6,1,16,1,396.76,17.17,84.47,10.72,0.02,0.02,497.94,506.81,,
2019-01-27 00:00:00,2019,1,7,1,0,1,463.84,22.55,75.71,7.44,0.07,0.07,488.95,505.25,,
2019-01-27 05:00:00,2019,1,7,1,5,1,540.42,20.88,30.63,5.64,0.4,0.34,493.16,506.49,,
2019-01-27 07:00:00,2019,1,7,1,7,1,575.71,36.39,45.07,14.67,0.02,0.02,493.96,507.1,,566.78
2019-01-27 08:00:00,2019,1,7,1,8,1,489.1,15.83,37.41,12.18,0.43,0.36,491.47,507.48,575.71,
2019-01-27 14:00:00,2019,1,7,1,14,1,473.35,17.24,64.9,12.99,0.08,0.08,497.15,508.46,,
2019-01-27 16:00:00,2019,1,7,1,16,1,535.76,15.0,75.71,12.99,0.05,0.05,506.41,508.65,,396.76
2019-01-27 17:00:00,2019,1,7,1,17,1,480.33,17.45,71.31,8.84,0.0,0.0,503.04,508.57,535.76,
2019-01-27 19:00:00,2019,1,7,1,19,1,489.63,27.24,72.29,7.74,0.4,0.34,499.81,508.07,,
2019-01-27 21:00:00,2019,1,7,1,21,1,590.27,18.25,77.49,8.37,0.33,0.29,507.1,509.15,,
2019-01-28 05:00:00,2019,1,1,0,5,0,479.77,36.35,63.54,5.03,0.07,0.07,503.74,509.78,,540.42
2019-01-28 12:00:00,2019,1,1,0,12,0,514.61,32.47,54.43,0.87,0.5,0.41,498.53,509.98,,
2019-01-28 18:00:00,2019,1,1,0,18,0,451.1,18.9,39.07,10.91,0.53,0.43,503.18,510.39,,
2019-01-28 19:00:00,2019,1,1,0,19,0,469.38,19.92,85.57,9.43,0.38,0.32,502.34,510.28,451.1,489.63
2019-01-29 01:00:00,2019,1,2,0,1,0,468.16,23.75,89.08,3.16,0.01,0.01,496.9,510.28,,
2019-01-29 09:00:00,2019,1,2,0,9,0,487.44,15.0,33.59,9.91,0.17,0.16,496.13,509.33,,
2019-01-29 12:00:00,2019,1,2,0,12,0,571.71,30.69,89.22,14.56,0.13,0.12,496.95,510.38,,514.61
2019-01-29 15:00:00,2019,1,2,0,15,0,472.37,18.59,69.87,2.91,0.06,0.06,489.07,509.56,,
2019-01-29 19:00:00,2019,1,2,0,19,0,520.79,27.63,56.08,4.98,0.19,0.17,491.78,509.4,,469.38
2019-01-29 20:00:00,2019,1,2,0,20,0,468.71,21.38,73.2,10.2,0.16,0.15,494.6,509.15,520.79,
2019-01-30 03:00:00,2019,1,3,0,3,0,489.93,34.02,45.26,0.83,0.01,0.01,496.04,510.09,,
2019-01-30 12:00:00,2019,1,3,0,12,0,465.76,18.24,82.01,7.31,0.1,0.1,494.82,510.35,,571.71
2019-01-30 22:00:00,2019,1,3,0,22,0,506.03,29.54,38.76,1.49,0.05,0.05,498.0,508.37,,
2019-01-31 00:00:00,2019,1,4,0,0,0,529.19,23.8,43.89,14.56,0.0,0.0,501.29,508.83,,
2019-01-31 21:00:00,2019,1,4,0,21,0,566.14,26.57,53.74,4.23,0.6,0.47,507.39,511.06,,
2019-02-01 02:00:00,2019,2,5,0,2,0,493.95,19.47,83.45,9.06,0.46,0.38,511.49,511.16,,
2019-02-01 16:00:00,2019,2,5,0,16,0,551.48,30.34,78.56,0.1,0.16,0.15,512.87,510.79,,
2019-02-01 19:00:00,2019,2,5,0,19,0,608.59,32.64,80.61,3.96,0.33,0.29,518.39,512.8,,
2019-02-02 03:00:00,2019,2,6,1,3,1,561.62,24.62,47.32,12.87,0.59,0.46,509.9,511.37,,
2019-02-02 04:00:00,2019,2,6,1,4,1,423.72,26.08,76.9,2.28,0.23,0.21,507.56,510.57,561.62,
2019-02-02 08:00:00,2019,2,6,1,8,1,460.09,19.4,58.43,5.68,0.32,0.28,508.73,510.11,,
2019-02-02 10:00:00,2019,2,6,1,10,1,435.52,21.52,89.41,10.8,0.12,0.11,508.25,510.37,,
2019-02-02 17:00:00,2019,2,6,1,17,1,493.71,31.55,52.56,10.85,0.02,0.02,501.69,511.56,,
2019-02-02 21:00:00,2019,2,6,1,21,1,397.33,22.03,34.89,13.12,0.5,0.41,496.18,511.58,,
2019-02-03 01:00:00,2019,2,7,1,1,1,488.67,19.8,47.31,6.55,0.1,0.1,499.27,512.61,,
2019-02-03 03:00:00,2019,2,7,1,3,1,600.42,21.17,77.66,12.96,0.43,0.36,498.31,512.8,,561.62
2019-02-03 09:00:00,2019,2,7,1,9,1,459.83,31.3,53.02,14.84,0.17,0.16,495.77,511.05,,
2019-02-03 10:00:00,2019,2,7,1,10,1,528.56,40.0,54.51,6.91,0.3,0.26,499.64,511.17,459.83,435.52
2019-02-03 13:00:00,2019,2,7,1,13,1,505.17,22.88,62.98,8.0,0.16,0.15,504.87,511.51,,
2019-02-03 19:00:00,2019,2,7,1,19,1,471.95,29.15,32.37,8.31,0.45,0.37,499.57,512.03,,
2019-02-03 20:00:00,2019,2,7,1,20,1,475.53,23.88,37.04,2.05,0.66,0.51,499.86,511.7,471.95,
2019-02-04 04:00:00,2019,2,1,0,4,0,573.32,30.69,51.57,2.99,0.53,0.43,494.0,510.25,,
2019-02-04 08:00:00,2019,2,1,0,8,0,557.47,22.65,71.17,0.94,0.09,0.09,491.86,510.03,,
2019-02-04 14:00:00,2019,2,1,0,14,0,543.83,19.22,86.08,7.34,0.23,0.21,488.28,509.4,,
2019-02-04 19:00:00,2019,2,1,0,19,0,477.43,25.04,38.84,7.96,0.38,0.32,489.06,510.1,,471.95
2019-02-05 04:00:00,2019,2,2,0,4,0,542.86,25.82,73.51,2.32,0.03,0.03,496.27,509.97,,573.32
2019-02-05 06:00:00,2019,2,2,0,6,0,383.28,16.67,55.71,3.16,0.05,0.05,499.74,509.36,,
2019-02-05 18:00:00,2019,2,2,0,18,0,551.35,15.53,54.27,0.15,0.0,0.0,491.61,510.34,,
2019-02-05 20:00:00,2019,2,2,0,20,0,518.12,34.91,53.5,11.69,0.26,0.23,493.98,510.31,,
2019-02-05 21:00:00,2019,2,2,0,21,0,474.51,22.99,39.65,3.95,0.15,0.14,492.99,510.09,518.12,
2019-02-06 01:00:00,2019,2,3,0,1,0,466.0,29.27,76.73,13.25,0.2,0.18,492.68,509.57,,
2019-02-06 09:00:00,2019,2,3,0,9,0,465.4,32.27,70.24,4.18,0.11,0.1,504.73,510.8,,
2019-02-06 10:00:00,2019,2,3,0,10,0,496.59,23.98,57.59,12.09,0.78,0.58,504.32,510.34,465.4,
2019-02-06 21:00:00,2019,2,3,0,21,0,485.36,18.4,76.55,9.9,0.56,0.44,502.99,510.62,,474.51
2019-02-06 23:00:00,2019,2,3,0,23,0,498.56,28.68,74.15,7.37,0.06,0.06,501.73,510.41,,
2019-02-07 06:00:00,2019,2,4,0,6,0,521.01,30.23,76.88,10.25,0.17,0.16,502.99,512.17,,
2019-02-07 13:00:00,2019,2,4,0,13,0,514.07,35.86,81.63,7.69,0.13,0.12,508.99,512.36,,
2019-02-07 18:00:00,2019,2,4,0,18,0,494.32,25.27,32.44,8.68,0.01,0.01,513.92,512.53,,
2019-02-07 19:00:00,2019,2,4,0,19,0,480.87,27.2,67.31,11.69,0.04,0.04,512.99,511.91,494.32,
2019-02-08 00:00:00,2019,2,5,0,0,0,448.64,25.12,82.57,14.28,0.04,0.04,510.1,510.95,,
2019-02-08 07:00:00,2019,2,5,0,7,0,499.65,22.5,40.52,4.29,0.32,0.28,501.55,511.78,,
2019-02-08 11:00:00,2019,2,5,0,11,0,461.22,30.73,84.48,7.16,0.35,0.3,497.85,511.42,,
2019-02-08 13:00:00,2019,2,5,0,13,0,549.6,21.57,68.2,14.5,0.01,0.01,497.82,510.57,,514.07
2019-02-08 15:00:00,2019,2,5,0,15,0,423.82,33.98,54.05,2.68,0.52,0.42,490.96,509.72,,
2019-02-08 21:00:00,2019,2,5,0,21,0,488.61,29.21,54.22,3.81,0.12,0.11,497.69,509.22,,
2019-02-08 22:00:00,2019,2,5,0,22,0,488.46,32.68,59.07,9.73,0.02,0.02,496.82,509.51,488.61,
2019-02-09 05:00:00,2019,2,6,1,5,1,522.34,33.69,60.09,7.07,0.24,0.22,495.62,509.35,,
2019-02-09 13:00:00,2019,2,6,1,13,1,446.24,22.97,31.75,11.22,0.23,0.21,498.83,509.87,,549.6
2019-02-09 16:00:00,2019,2,6,1,16,1,435.76,28.7,71.21,9.96,0.44,0.36,502.52,508.88,,
2019-02-10 02:00:00,2019,2,7,1,2,1,505.15,23.06,57.85,5.35,0.11,0.1,493.26,508.97,,
2019-02-10 04:00:00,2019,2,7,1,4,1,462.47,15.92,43.82,4.45,0.16,0.15,495.36,508.59,,
2019-02-10 05:00:00,2019,2,7,1,5,1,485.02,33.31,31.09,6.93,0.42,0.35,493.8,508.27,462.47,522.34
2019-02-10 08:00:00,2019,2,7,1,8,1,476.87,29.04,34.65,3.1,0.09,0.09,487.61,508.09,,
2019-02-10 11:00:00,2019,2,7,1,11,1,557.83,25.5,62.68,14.05,0.44,0.36,484.54,507.82,,
2019-02-10 13:00:00,2019,2,7,1,13,1,437.74,34.05,34.74,4.84,0.05,0.05,489.63,507.65,,446.24
2019-02-10 16:00:00,2019,2,7,1,16,1,520.93,22.26,56.51,13.88,0.16,0.15,496.48,507.64,,435.76
2019-02-10 17:00:00,2019,2,7,1,17,1,475.17,20.74,71.38,1.17,0.26,0.23,496.14,507.6,520.93,
2019-02-10 18:00:00,2019,2,7,1,18,1,546.15,32.94,88.77,12.59,0.01,0.01,497.11,507.99,475.17,
2019-02-10 23:00:00,2019,2,7,1,23,1,509.4,35.3,65.85,9.85,0.15,0.14,493.04,508.42,,
2019-02-11 00:00:00,2019,2,1,0,0,0,528.62,33.1,52.1,5.89,0.13,0.12,494.91,509.08,509.4,
2019-02-11 14:00:00,2019,2,1,0,14,0,493.67,22.47,48.11,12.35,0.26,0.23,495.7,509.44,,
2019-02-11 19:00:00,2019,2,1,0,19,0,516.26,21.42,51.73,6.87,0.1,0.1,488.59,508.22,,
2019-02-11 23:00:00,2019,2,1,0,23,0,503.18,16.59,63.92,3.94,0.3,0.26,497.12,508.71,,509.4
2019-02-12 01:00:00,2019,2,2,0,1,0,411.31,17.26,35.24,14.65,0.17,0.16,492.34,508.66,,
2019-02-12 22:00:00,2019,2,2,0,22,0,541.13,33.37,89.29,7.03,0.18,0.17,491.22,508.45,,
2019-02-13 00:00:00,2019,2,3,0,0,0,509.02,21.6,32.61,10.59,0.3,0.26,490.69,508.71,,
2019-02-13 01:00:00,2019,2,3,0,1,0,452.19,25.35,87.68,2.84,0.74,0.55,492.4,508.62,509.02,411.31
2019-02-13 06:00:00,2019,2,3,0,6,0,494.24,22.33,86.58,12.46,0.12,0.11,505.81,507.13,,
2019-02-13 09:00:00,2019,2,3,0,9,0,525.16,27.73,51.52,4.24,0.06,0.06,501.86,507.54,,
2019-02-13 11:00:00,2019,2,3,0,11,0,449.22,21.0,78.62,4.31,0.73,0.55,502.03,508.38,,
2019-02-13 12:00:00,2019,2,3,0,12,0,541.13,24.9,54.53,5.85,0.31,0.27,504.7,508.65,449.22,
2019-02-13 14:00:00,2019,2,3,0,14,0,507.87,35.78,77.9,3.16,0.11,0.1,502.38,508.03,,
2019-02-13 15:00:00,2019,2,3,0,15,0,548.83,18.29,84.95,13.41,0.17,0.16,503.74,508.4,507.87,
2019-02-14 10:00:00,2019,2,4,0,10,0,415.6,18.13,87.21,7.44,0.06,0.06,487.14,505.18,,
2019-02-14 12:00:00,2019,2,4,0,12,0,526.13,26.44,82.09,11.25,0.46,0.38,487.38,505.14,,541.13
2019-02-14 13:00:00,2019,2,4,0,13,0,467.34,23.72,31.85,5.83,0.17,0.16,488.75,504.85,526.13,
2019-02-14 14:00:00,2019,2,4,0,14,0,449.06,17.8,87.96,8.63,0.17,0.16,486.3,504.65,467.34,507.87
2019-02-15 05:00:00,2019,2,5,0,5,0,488.07,15.0,43.14,10.66,0.0,0.0,485.24,504.33,,
2019-02-15 16:00:00,2019,2,5,0,16,0,457.11,34.56,42.25,5.67,0.17,0.16,498.73,505.33,,
2019-02-15 21:00:00,2019,2,5,0,21,0,523.63,25.04,87.7,5.83,0.0,0.0,495.07,505.49,,
2019-02-16 13:00:00,2019,2,6,1,13,1,431.96,29.09,88.68,6.41,0.1,0.1,506.78,505.7,,
2019-02-16 23:00:00,2019,2,6,1,23,1,483.22,33.28,49.47,9.25,0.2,0.18,499.91,506.02,,
2019-02-17 01:00:00,2019,2,7,1,1,1,444.04,20.82,62.05,9.54,0.14,0.13,497.93,505.78,,
2019-02-17 20:00:00,2019,2,7,1,20,1,553.09,38.02,53.67,9.21,0.29,0.25,508.26,507.97,,
2019-02-17 23:00:00,2019,2,7,1,23,1,548.4,40.0,55.98,10.4,0.36,0.31,516.95,509.5,,483.22
2019-02-18 08:00:00,2019,2,1,0,8,0,448.52,21.82,61.06,4.03,0.47,0.39,519.68,510.01,,
2019-02-18 13:00:00,2019,2,1,0,13,0,473.96,24.9,36.85,10.33,0.28,0.25,510.28,509.37,,
2019-02-18 16:00:00,2019,2,1,0,16,0,534.41,18.14,88.1,6.9,0.01,0.01,509.88,509.89,,
2019-02-18 19:00:00,2019,2,1,0,19,0,457.7,36.17,76.66,12.13,0.35,0.3,504.24,509.69,,
2019-02-18 20:00:00,2019,2,1,0,20,0,532.84,18.0,59.57,9.06,0.75,0.56,503.4,509.84,457.7,553.09
2019-02-18 23:00:00,2019,2,1,0,23,0,506.19,21.82,44.81,4.54,0.25,0.22,496.86,509.47,,548.4
2019-02-19 15:00:00,2019,2,2,0,15,0,511.37,26.57,67.69,12.55,0.31,0.27,500.32,510.62,,
2019-02-19 19:00:00,2019,2,2,0,19,0,534.85,24.68,84.88,7.42,0.01,0.01,499.1,510.19,,457.7
2019-02-19 21:00:00,2019,2,2,0,21,0,448.27,17.4,40.73,8.42,0.06,0.06,497.9,510.65,,
2019-02-20 01:00:00,2019,2,3,0,1,0,460.78,30.42,44.87,11.13,0.11,0.1,493.45,510.3,,
2019-02-20 16:00:00,2019,2,3,0,16,0,583.71,19.14,71.31,9.41,0.19,0.17,507.99,511.6,,
2019-02-20 21:00:00,2019,2,3,0,21,0,474.81,18.36,61.93,10.03,0.15,0.14,499.72,510.19,,448.27
2019-02-21 01:00:00,2019,2,4,0,1,0,480.36,23.84,83.67,13.0,0.14,0.13,499.64,509.88,,460.78
2019-02-21 02:00:00,2019,2,4,0,2,0,481.43,24.24,70.38,0.69,0.1,0.1,497.44,510.1,480.36,
2019-02-21 03:00:00,2019,2,4,0,3,0,411.2,30.23,80.11,11.97,0.01,0.01,494.22,509.23,481.43,
2019-02-21 04:00:00,2019,2,4,0,4,0,450.95,33.21,42.85,8.19,0.08,0.08,488.87,508.84,411.2,
2019-02-21 10:00:00,2019,2,4,0,10,0,559.71,23.09,49.44,12.39,0.46,0.38,494.67,510.5,,
2019-02-21 14:00:00,2019,2,4,0,14,0,524.79,34.2,69.76,4.98,0.05,0.05,485.15,510.76,,
2019-02-21 23:00:00,2019,2,4,0,23,0,460.92,28.63,42.45,2.83,0.14,0.13,490.44,510.23,,
2019-02-22 01:00:00,2019,2,5,0,1,0,540.93,34.08,37.07,5.63,0.08,0.08,493.68,510.15,,480.36
2019-02-22 04:00:00,2019,2,5,0,4,0,434.21,30.15,63.44,12.25,0.0,0.0,501.15,510.97,,450.95
2019-02-22 08:00:00,2019,2,5,0,8,0,446.32,25.67,43.15,7.13,0.01,0.01,496.59,510.93,,
2019-02-22 12:00:00,2019,2,5,0,12,0,577.24,22.49,73.34,3.8,0.05,0.05,505.09,511.69,,
2019-02-22 18:00:00,2019,2,5,0,18,0,512.27,15.9,77.44,13.93,0.12,0.11,516.9,513.46,,
2019-02-23 03:00:00,2019,2,6,1,3,1,475.24,28.29,60.42,1.47,0.54,0.43,505.89,511.67,,
2019-02-23 04:00:00,2019,2,6,1,4,1,484.78,21.5,36.94,10.83,0.05,0.05,508.0,511.46,475.24,434.21
2019-02-23 18:00:00,2019,2,6,1,18,1,411.41,16.75,48.53,7.84,0.19,0.17,495.93,511.91,,512.27
2019-02-23 22:00:00,2019,2,6,1,22,1,444.78,26.06,68.06,4.27,0.05,0.05,493.82,511.31,,
2019-02-24 03:00:00,2019,2,7,1,3,1,428.02,25.69,44.78,14.98,0.28,0.25,492.01,510.28,,475.24
2019-02-24 08:00:00,2019,2,7,1,8,1,431.77,15.0,67.41,6.84,0.35,0.3,491.11,511.38,,
2019-02-24 13:00:00,2019,2,7,1,13,1,482.37,24.67,68.29,13.98,0.41,0.34,493.25,510.27,,
2019-02-24 16:00:00,2019,2,7,1,16,1,549.39,24.17,47.61,4.82,0.25,0.22,489.74,510.16,,
2019-02-24 18:00:00,2019,2,7,1,18,1,545.89,19.12,51.05,6.83,0.13,0.12,495.39,510.77,,411.41
2019-02-24 19:00:00,2019,2,7,1,19,1,484.48,27.23,80.31,0.77,0.05,0.05,493.42,509.97,545.89,
2019-02-24 21:00:00,2019,2,7,1,21,1,446.08,21.51,64.21,3.81,0.41,0.34,493.49,508.69,,
2019-02-24 23:00:00,2019,2,7,1,23,1,448.01,21.35,85.41,13.32,0.03,0.03,493.47,508.12,,
2019-02-25 09:00:00,2019,2,1,0,9,0,575.31,22.7,62.6,5.29,0.12,0.11,502.47,508.78,,
2019-02-25 12:00:00,2019,2,1,0,12,0,383.28,26.89,59.02,7.78,0.22,0.2,493.28,507.75,,
2019-02-25 18:00:00,2019,2,1,0,18,0,479.99,22.19,48.45,14.43,0.24,0.22,494.59,508.4,,545.89
2019-02-25 19:00:00,2019,2,1,0,19,0,470.84,31.95,51.72,12.99,0.27,0.24,494.02,508.48,479.99,484.48
2019-02-26 09:00:00,2019,2,2,0,9,0,504.46,28.31,58.76,7.78,0.12,0.11,492.01,508.01,,575.31
2019-02-26 11:00:00,2019,2,2,0,11,0,506.17,34.06,48.6,6.79,0.05,0.05,494.97,508.86,,
2019-02-26 19:00:00,2019,2,2,0,19,0,419.62,36.48,76.0,2.07,0.09,0.09,499.29,508.5,,470.84
2019-02-26 22:00:00,2019,2,2,0,22,0,523.64,25.58,66.11,12.51,0.02,0.02,500.46,508.52,,
2019-02-27 04:00:00,2019,2,3,0,4,0,457.23,23.94,44.58,14.15,0.11,0.1,493.01,506.73,,
2019-02-27 18:00:00,2019,2,3,0,18,0,441.53,25.92,82.52,13.49,0.09,0.09,473.72,504.58,,
2019-02-27 23:00:00,2019,2,3,0,23,0,457.27,25.5,50.92,2.72,0.09,0.09,476.16,504.23,,
2019-02-28 01:00:00,2019,2,4,0,1,0,429.59,24.35,31.64,13.15,0.05,0.05,474.32,504.14,,
2019-02-28 05:00:00,2019,2,4,0,5,0,468.87,28.03,54.79,14.67,0.02,0.02,476.93,505.15,,
2019-02-28 11:00:00,2019,2,4,0,11,0,494.9,15.0,36.48,10.35,0.09,0.09,487.49,504.22,,
2019-02-28 14:00:00,2019,2,4,0,14,0,575.97,16.8,47.03,11.71,0.16,0.15,486.62,504.75,,
2019-02-28 19:00:00,2019,2,4,0,19,0,545.5,22.73,76.24,12.33,0.33,0.29,490.9,505.38,,
2019-02-28 20:00:00,2019,2,4,0,20,0,532.0,24.51,45.04,11.96,0.03,0.03,495.84,505.21,545.5,
2019-02-28 23:00:00,2019,2,4,0,23,0,489.97,20.41,63.3,9.9,0.03,0.03,497.32,505.23,,457.27
2019-03-01 13:00:00,2019,3,5,0,13,0,605.84,20.91,66.67,3.23,0.09,0.09,517.58,505.86,,
2019-03-01 16:00:00,2019,3,5,0,16,0,553.86,15.0,76.06,13.62,0.09,0.09,516.27,505.19,,
2019-03-02 02:00:00,2019,3,6,1,2,1,524.46,35.92,89.23,6.2,0.2,0.18,515.91,506.61,,
2019-03-02 10:00:00,2019,3,6,1,10,1,484.45,15.0,49.56,8.24,0.0,0.0,511.71,506.35,,
2019-03-02 14:00:00,2019,3,6,1,14,1,404.33,29.72,62.08,12.63,0.35,0.3,508.83,506.1,,
2019-03-03 05:00:00,2019,3,7,1,5,1,459.04,28.62,87.1,11.7,0.02,0.02,493.17,507.2,,
2019-03-03 13:00:00,2019,3,7,1,13,1,490.76,27.55,86.75,0.96,0.17,0.16,487.79,506.02,,
2019-03-03 16:00:00,2019,3,7,1,16,1,584.29,25.5,55.97,3.91,0.67,0.51,494.04,506.5,,
2019-03-03 17:00:00,2019,3,7,1,17,1,467.69,31.65,74.28,0.42,0.21,0.19,498.4,506.16,584.29,
2019-03-03 19:00:00,2019,3,7,1,19,1,525.78,24.09,81.71,11.13,0.09,0.09,494.92,505.99,,
2019-03-04 04:00:00,2019,3,1,0,4,0,526.4,32.26,38.16,10.89,0.22,0.2,498.24,506.48,,
2019-03-04 06:00:00,2019,3,1,0,6,0,502.45,18.85,41.08,8.94,1.19,0.78,496.46,506.5,,
2019-03-04 11:00:00,2019,3,1,0,11,0,498.36,29.95,83.14,11.84,0.48,0.39,503.0,506.29,,
2019-03-04 15:00:00,2019,3,1,0,15,0,492.18,21.17,35.52,5.99,0.11,0.1,505.21,507.29,,
2019-03-04 20:00:00,2019,3,1,0,20,0,492.59,24.79,86.94,4.51,0.58,0.46,500.56,507.01,,
2019-03-05 04:00:00,2019,3,2,0,4,0,505.92,15.0,30.11,11.81,0.16,0.15,504.8,508.89,,526.4
2019-03-05 05:00:00,2019,3,2,0,5,0,519.58,29.9,38.48,1.42,0.09,0.09,507.22,508.61,505.92,
2019-03-05 07:00:00,2019,3,2,0,7,0,559.48,22.16,65.29,10.66,0.22,0.2,512.69,508.66,,
2019-03-05 12:00:00,2019,3,2,0,12,0,506.07,22.46,35.17,4.43,0.11,0.1,516.21,509.26,,
2019-03-05 17:00:00,2019,3,2,0,17,0,462.44,21.26,49.76,4.75,0.3,0.26,508.7,508.74,,
2019-03-06 12:00:00,2019,3,3,0,12,0,492.27,20.59,63.64,3.26,0.03,0.03,493.95,511.66,,506.07
2019-03-06 15:00:00,2019,3,3,0,15,0,473.88,34.65,55.45,4.85,1.17,0.77,494.07,511.96,,
2019-03-07 04:00:00,2019,3,4,0,4,0,509.11,22.24,44.86,8.89,0.04,0.04,509.36,514.93,,
2019-03-07 09:00:00,2019,3,4,0,9,0,553.27,36.31,37.44,13.68,0.02,0.02,513.52,515.38,,
2019-03-07 17:00:00,2019,3,4,0,17,0,581.18,35.13,30.32,14.6,0.67,0.51,514.75,516.31,,
2019-03-07 19:00:00,2019,3,4,0,19,0,443.64,20.51,40.06,9.82,0.38,0.32,510.76,515.0,,
2019-03-07 23:00:00,2019,3,4,0,23,0,451.59,23.76,33.37,2.11,0.29,0.25,496.55,513.72,,
2019-03-08 03:00:00,2019,3,5,0,3,0,569.92,18.13,51.7,7.52,0.05,0.05,497.84,513.46,,
2019-03-08 21:00:00,2019,3,5,0,21,0,532.29,20.65,83.75,5.91,0.3,0.26,496.66,511.59,,
2019-03-09 01:00:00,2019,3,6,1,1,1,588.24,25.57,87.4,3.81,0.01,0.01,499.98,510.93,,
2019-03-09 10:00:00,2019,3,6,1,10,1,491.41,28.27,82.69,14.94,0.39,0.33,499.77,511.02,,
2019-03-09 17:00:00,2019,3,6,1,17,1,493.23,17.98,46.67,12.35,0.4,0.34,503.23,512.73,,
2019-03-09 20:00:00,2019,3,6,1,20,1,590.58,23.97,46.99,12.28,0.05,0.05,507.63,511.86,,
2019-03-09 21:00:00,2019,3,6,1,21,1,528.95,22.26,88.09,12.68,0.29,0.25,507.49,512.1,590.58,532.29
2019-03-09 22:00:00,2019,3,6,1,22,1,383.28,33.15,72.53,10.73,0.46,0.38,504.41,511.97,528.95,
2019-03-10 01:00:00,2019,3,7,1,1,1,482.04,25.17,55.41,12.52,0.15,0.14,506.52,511.76,,588.24
2019-03-10 06:00:00,2019,3,7,1,6,1,486.41,23.58,56.29,6.25,0.08,0.08,510.07,512.24,,
2019-03-10 14:00:00,2019,3,7,1,14,1,506.04,23.38,67.25,9.26,0.17,0.16,500.82,513.76,,
2019-03-10 15:00:00,2019,3,7,1,15,1,462.5,15.0,38.15,0.99,0.56,0.44,499.05,513.28,506.04,
2019-03-10 21:00:00,2019,3,7,1,21,1,473.62,22.89,57.04,6.93,0.06,0.06,498.33,512.6,,528.95
2019-03-11 05:00:00,2019,3,1,0,5,0,519.88,25.89,44.21,1.9,0.08,0.08,505.15,513.61,,
2019-03-11 07:00:00,2019,3,1,0,7,0,499.34,16.65,76.66,2.64,0.16,0.15,509.61,514.0,,
2019-03-11 08:00:00,2019,3,1,0,8,0,452.28,28.41,37.05,5.93,0.23,0.21,507.75,513.5,499.34,
2019-03-11 11:00:00,2019,3,1,0,11,0,474.9,29.65,83.18,9.21,0.06,0.06,505.32,513.71,,
2019-03-11 14:00:00,2019,3,1,0,14,0,478.88,18.02,83.14,8.65,0.01,0.01,502.59,513.08,,506.04
2019-03-11 20:00:00,2019,3,1,0,20,0,424.17,29.06,86.77,9.3,0.13,0.12,503.63,513.05,,
2019-03-11 23:00:00,2019,3,1,0,23,0,467.03,27.9,71.99,8.71,0.32,0.28,506.39,513.31,,
2019-03-12 04:00:00,2019,3,2,0,4,0,524.34,22.7,89.48,1.65,0.07,0.07,497.12,512.13,,
2019-03-12 05:00:00,2019,3,2,0,5,0,509.87,40.0,33.18,5.14,0.21,0.19,496.7,512.07,524.34,519.88
2019-03-12 13:00:00,2019,3,2,0,13,0,559.32,29.62,54.06,10.0,0.05,0.05,500.98,511.34,,
2019-03-12 20:00:00,2019,3,2,0,20,0,436.67,16.35,47.19,14.68,0.26,0.23,502.68,512.95,,424.17
2019-03-12 23:00:00,2019,3,2,0,23,0,457.72,19.6,85.1,7.84,0.25,0.22,496.16,512.29,,467.03
2019-03-13 01:00:00,2019,3,3,0,1,0,464.56,30.81,68.84,14.51,0.18,0.17,495.91,512.23,,
2019-03-13 10:00:00,2019,3,3,0,10,0,518.15,27.56,87.81,0.57,0.09,0.09,500.95,512.13,,
2019-03-13 12:00:00,2019,3,3,0,12,0,450.3,32.82,61.31,11.59,0.28,0.25,496.17,511.4,,
2019-03-13 13:00:00,2019,3,3,0,13,0,557.65,26.82,32.65,9.31,0.05,0.05,496.1,511.54,450.3,559.32
2019-03-14 02:00:00,2019,3,4,0,2,0,449.59,21.03,61.76,1.48,0.15,0.14,505.98,510.42,,
2019-03-14 03:00:00,2019,3,4,0,3,0,504.25,30.44,42.83,4.56,0.52,0.42,503.74,510.52,449.59,
2019-03-14 11:00:00,2019,3,4,0,11,0,506.77,22.77,55.55,8.22,0.16,0.15,496.9,509.76,,
2019-03-14 12:00:00,2019,3,4,0,12,0,577.07,30.44,61.76,2.38,0.42,0.35,502.18,509.65,506.77,450.3
2019-03-14 16:00:00,2019,3,4,0,16,0,501.13,24.05,32.82,2.72,0.04,0.04,497.29,510.57,,
2019-03-14 18:00:00,2019,3,4,0,18,0,480.42,34.74,49.74,4.62,0.06,0.06,501.37,510.35,,
2019-03-14 20:00:00,2019,3,4,0,20,0,524.6,24.66,68.89,14.93,0.02,0.02,496.01,510.41,,
2019-03-15 08:00:00,2019,3,5,0,8,0,479.44,28.87,76.77,8.5,0.28,0.25,504.22,510.46,,
2019-03-15 15:00:00,2019,3,5,0,15,0,452.67,34.02,88.53,14.63,0.3,0.26,486.77,509.29,,
2019-03-15 18:00:00,2019,3,5,0,18,0,577.04,17.09,76.78,5.37,1.01,0.7,491.58,510.23,,480.42
2019-03-15 21:00:00,2019,3,5,0,21,0,540.78,15.17,32.99,1.79,0.14,0.13,496.53,510.66,,
2019-03-16 00:00:00,2019,3,6,1,0,1,554.87,26.59,81.91,0.57,0.22,0.2,495.11,510.69,,
2019-03-16 02:00:00,2019,3,6,1,2,1,409.05,33.62,47.04,10.19,0.01,0.01,491.47,509.48,,
2019-03-16 08:00:00,2019,3,6,1,8,1,486.63,23.71,53.06,6.14,0.26,0.23,483.96,508.4,,479.44
2019-03-16 16:00:00,2019,3,6,1,16,1,435.11,35.2,41.79,5.51,0.01,0.01,485.37,507.19,,
2019-03-16 21:00:00,2019,3,6,1,21,1,486.7,15.0,48.2,0.82,0.23,0.21,478.32,506.41,,540.78
2019-03-17 05:00:00,2019,3,7,1,5,1,427.93,21.71,73.37,4.06,0.19,0.17,491.34,506.96,,
2019-03-17 15:00:00,2019,3,7,1,15,1,521.65,30.94,46.55,13.53,0.05,0.05,496.19,507.06,,
2019-03-17 23:00:00,2019,3,7,1,23,1,389.12,23.76,50.11,12.66,0.07,0.07,497.14,506.67,,
2019-03-18 02:00:00,2019,3,1,0,2,0,541.31,34.62,78.67,2.01,0.83,0.6,494.03,505.57,,
2019-03-18 03:00:00,2019,3,1,0,3,0,516.08,18.63,35.75,8.95,0.02,0.02,495.02,505.67,541.31,
2019-03-18 07:00:00,2019,3,1,0,7,0,481.45,22.69,56.3,4.64,0.01,0.01,487.88,505.04,,
2019-03-18 08:00:00,2019,3,1,0,8,0,495.94,22.71,30.73,7.9,0.03,0.03,488.71,505.3,481.45,
2019-03-18 09:00:00,2019,3,1,0,9,0,541.77,23.51,43.03,12.25,0.18,0.17,487.06,505.4,495.94,
2019-03-18 11:00:00,2019,3,1,0,11,0,525.01,36.29,80.18,3.6,0.17,0.16,493.74,505.82,,
2019-03-18 14:00:00,2019,3,1,0,14,0,514.41,17.05,64.93,6.36,0.04,0.04,501.2,506.5,,
2019-03-18 16:00:00,2019,3,1,0,16,0,559.44,24.36,63.32,7.63,0.01,0.01,503.91,506.56,,
2019-03-18 20:00:00,2019,3,1,0,20,0,509.15,30.46,65.04,11.82,0.01,0.01,501.67,506.14,,
2019-03-19 00:00:00,2019,3,2,0,0,0,556.73,15.62,46.64,10.16,0.31,0.27,502.46,505.94,,
2019-03-19 02:00:00,2019,3,2,0,2,0,489.83,22.78,39.71,11.08,0.42,0.35,501.55,505.87,,541.31
2019-03-19 04:00:00,2019,3,2,0,4,0,569.16,15.0,78.11,7.44,0.07,0.07,505.27,506.66,,
2019-03-19 05:00:00,2019,3,2,0,5,0,465.99,23.97,34.9,4.75,0.17,0.16,504.62,506.39,569.16,
2019-03-19 21:00:00,2019,3,2,0,21,0,590.53,21.43,72.35,2.56,0.17,0.16,517.69,508.07,,
2019-03-19 22:00:00,2019,3,2,0,22,0,560.75,15.08,59.82,12.55,0.04,0.04,519.26,508.64,590.53,
2019-03-20 00:00:00,2019,3,3,0,0,0,483.41,26.83,42.96,10.72,0.01,0.01,516.66,508.91,,556.73
2019-03-20 04:00:00,2019,3,3,0,4,0,460.34,26.93,61.85,14.82,0.3,0.26,506.75,507.7,,569.16
2019-03-20 07:00:00,2019,3,3,0,7,0,498.6,31.76,52.01,6.21,0.31,0.27,503.67,506.72,,
2019-03-20 12:00:00,2019,3,3,0,12,0,460.61,28.78,79.67,13.43,0.47,0.39,505.06,507.63,,
2019-03-20 14:00:00,2019,3,3,0,14,0,598.18,27.89,37.29,5.68,0.13,0.12,507.73,507.37,,
2019-03-20 16:00:00,2019,3,3,0,16,0,481.86,24.38,70.28,5.34,0.21,0.19,502.36,506.9,,
2019-03-21 00:00:00,2019,3,4,0,0,0,571.7,27.72,73.13,0.76,0.13,0.12,490.78,506.62,,483.41
2019-03-21 01:00:00,2019,3,4,0,1,0,455.67,21.99,88.43,8.95,0.13,0.12,492.12,506.59,571.7,
2019-03-21 04:00:00,2019,3,4,0,4,0,570.22,28.06,34.62,13.8,0.16,0.15,497.32,507.47,,460.34
2019-03-21 09:00:00,2019,3,4,0,9,0,499.62,16.94,42.2,6.55,0.11,0.1,501.81,508.44,,
2019-03-21 19:00:00,2019,3,4,0,19,0,474.49,27.42,31.98,13.53,0.01,0.01,496.49,506.79,,
2019-03-21 20:00:00,2019,3,4,0,20,0,555.13,15.41,43.5,9.94,0.08,0.08,499.6,506.97,474.49,
2019-03-22 08:00:00,2019,3,5,0,8,0,560.57,33.43,45.83,0.95,0.02,0.02,492.64,506.78,,
2019-03-22 09:00:00,2019,3,5,0,9,0,474.73,30.52,54.77,13.35,0.04,0.04,491.6,506.59,560.57,499.62
2019-03-22 20:00:00,2019,3,5,0,20,0,472.09,29.91,87.84,7.68,0.19,0.17,498.02,507.78,,555.13
2019-03-23 04:00:00,2019,3,6,1,4,1,490.87,15.0,89.94,8.75,0.11,0.1,501.28,508.92,,
2019-03-23 05:00:00,2019,3,6,1,5,1,472.27,37.44,56.01,12.23,0.08,0.08,501.89,508.69,490.87,
2019-03-23 19:00:00,2019,3,6,1,19,1,503.56,24.6,39.42,14.47,0.12,0.11,495.37,510.19,,
2019-03-24 06:00:00,2019,3,7,1,6,1,450.78,38.37,40.8,3.81,0.0,0.0,476.58,506.51,,
2019-03-24 07:00:00,2019,3,7,1,7,1,383.28,22.29,52.8,8.16,0.15,0.14,473.17,505.33,450.78,
2019-03-24 13:00:00,2019,3,7,1,13,1,507.17,25.62,41.9,6.18,0.37,0.31,473.93,505.86,,
2019-03-24 14:00:00,2019,3,7,1,14,1,458.68,28.55,72.87,12.57,0.15,0.14,473.17,505.95,507.17,
2019-03-24 15:00:00,2019,3,7,1,15,1,480.39,15.0,77.15,2.73,0.54,0.43,473.17,505.7,458.68,
2019-03-24 18:00:00,2019,3,7,1,18,1,490.91,25.39,58.8,13.65,0.04,0.04,475.3,506.22,,
2019-03-25 03:00:00,2019,3,1,0,3,0,499.83,20.08,34.84,3.91,0.52,0.42,477.41,505.21,,
2019-03-25 06:00:00,2019,3,1,0,6,0,520.4,17.98,70.92,12.5,0.13,0.12,481.96,505.33,,450.78
2019-03-25 09:00:00,2019,3,1,0,9,0,521.67,26.16,46.03,14.79,0.92,0.65,488.6,505.36,,
2019-03-25 20:00:00,2019,3,1,0,20,0,543.93,35.56,83.33,12.37,0.11,0.1,514.04,507.57,,
2019-03-26 05:00:00,2019,3,2,0,5,0,418.45,29.27,88.47,1.42,0.04,0.04,518.68,507.17,,
2019-03-26 07:00:00,2019,3,2,0,7,0,540.39,30.1,32.2,11.23,0.07,0.07,519.85,507.05,,
2019-03-26 15:00:00,2019,3,2,0,15,0,475.15,15.22,72.01,7.05,0.08,0.08,513.23,506.8,,
2019-03-26 22:00:00,2019,3,2,0,22,0,502.19,20.47,37.5,9.39,0.15,0.14,490.08,504.76,,
2019-03-27 01:00:00,2019,3,3,0,1,0,525.63,27.16,76.82,11.99,0.54,0.43,495.98,505.64,,
2019-03-27 02:00:00,2019,3,3,0,2,0,514.5,19.0,62.89,3.33,0.04,0.04,495.77,505.64,525.63,
2019-03-27 03:00:00,2019,3,3,0,3,0,502.2,22.57,32.2,8.62,0.06,0.06,495.71,505.99,514.5,
2019-03-27 14:00:00,2019,3,3,0,14,0,477.01,20.93,70.6,5.48,0.05,0.05,496.77,505.76,,
2019-03-27 20:00:00,2019,3,3,0,20,0,450.46,15.0,71.46,3.06,0.06,0.06,500.94,506.55,,
2019-03-27 21:00:00,2019,3,3,0,21,0,496.79,25.39,41.06,3.24,0.03,0.03,501.81,507.04,450.46,
2019-03-27 22:00:00,2019,3,3,0,22,0,421.32,15.0,36.14,6.91,0.11,0.1,498.44,506.82,496.79,502.19
2019-03-27 23:00:00,2019,3,3,0,23,0,518.6,27.23,71.66,4.95,0.13,0.12,496.67,506.49,421.32,
2019-03-28 05:00:00,2019,3,4,0,5,0,470.23,24.74,83.54,10.21,0.39,0.33,490.04,505.18,,
2019-03-28 11:00:00,2019,3,4,0,11,0,488.24,27.19,41.49,0.53,0.05,0.05,497.38,505.37,,
2019-03-28 18:00:00,2019,3,4,0,18,0,458.53,21.53,55.94,6.7,0.03,0.03,486.22,504.56,,
2019-03-29 01:00:00,2019,3,5,0,1,0,468.46,27.55,89.29,11.57,0.3,0.26,493.72,504.97,,
2019-03-29 04:00:00,2019,3,5,0,4,0,489.76,30.93,86.45,0.55,0.03,0.03,494.27,505.16,,
2019-03-29 05:00:00,2019,3,5,0,5,0,480.68,33.33,58.77,14.57,0.75,0.56,494.71,505.3,489.76,470.23
2019-03-29 07:00:00,2019,3,5,0,7,0,461.52,15.0,53.58,8.71,0.03,0.03,487.83,505.39,,
2019-03-29 11:00:00,2019,3,5,0,11,0,473.31,25.46,30.49,10.85,0.38,0.32,485.47,504.91,,488.24
2019-03-29 21:00:00,2019,3,5,0,21,0,529.76,17.18,87.11,8.85,0.03,0.03,495.07,503.77,,
2019-03-30 01:00:00,2019,3,6,1,1,1,530.49,29.51,60.42,8.94,0.02,0.02,497.62,504.42,,468.46
2019-03-30 08:00:00,2019,3,6,1,8,1,457.46,29.3,33.79,1.37,0.36,0.31,497.77,503.75,,
2019-03-30 09:00:00,2019,3,6,1,9,1,463.56,22.12,32.98,1.25,0.02,0.02,499.0,504.11,457.46,
2019-03-30 22:00:00,2019,3,6,1,22,1,483.2,19.27,56.07,8.29,0.31,0.27,503.33,505.49,,
2019-03-31 08:00:00,2019,3,7,1,8,1,495.87,20.89,52.45,0.49,0.88,0.63,492.68,506.83,,457.46
2019-03-31 11:00:00,2019,3,7,1,11,1,516.83,23.78,67.0,14.37,0.23,0.21,490.1,507.03,,
2019-03-31 19:00:00,2019,3,7,1,19,1,499.1,27.3,58.82,13.64,0.23,0.21,478.73,506.1,,
2019-04-01 06:00:00,2019,4,1,0,6,0,461.44,26.69,58.19,4.04,0.06,0.06,486.64,506.84,,
2019-04-01 07:00:00,2019,4,1,0,7,0,474.85,15.92,77.21,11.17,0.13,0.12,484.45,506.96,461.44,
2019-04-01 10:00:00,2019,4,1,0,10,0,479.65,27.0,86.1,11.04,0.37,0.31,486.46,506.14,,
2019-04-01 16:00:00,2019,4,1,0,16,0,534.34,32.48,71.16,14.61,0.24,0.22,492.13,505.29,,
2019-04-02 00:00:00,2019,4,2,0,0,0,545.89,32.38,51.37,14.76,0.31,0.27,486.66,502.01,,
2019-04-02 01:00:00,2019,4,2,0,1,0,560.51,40.0,31.14,11.43,0.03,0.03,492.02,502.47,545.89,
2019-04-02 05:00:00,2019,4,2,0,5,0,611.66,18.79,41.95,2.16,0.39,0.33,494.61,503.69,,
2019-04-02 07:00:00,2019,4,2,0,7,0,551.3,40.0,32.11,9.48,0.17,0.16,497.96,503.78,,474.85
2019-04-02 18:00:00,2019,4,2,0,18,0,462.6,16.11,54.86,12.21,0.37,0.31,493.39,501.36,,
2019-04-02 20:00:00,2019,4,2,0,20,0,514.47,16.91,71.67,8.81,0.34,0.29,495.55,502.2,,
2019-04-03 13:00:00,2019,4,3,0,13,0,514.98,33.67,86.88,8.91,0.12,0.11,495.82,502.7,,
2019-04-03 18:00:00,2019,4,3,0,18,0,583.26,21.59,47.52,0.64,0.5,0.41,511.32,503.75,,462.6
2019-04-03 21:00:00,2019,4,3,0,21,0,540.25,29.25,47.67,13.8,0.43,0.36,513.07,503.93,,
2019-04-04 00:00:00,2019,4,4,0,0,0,470.27,27.18,60.01,8.77,0.15,0.14,512.79,504.66,,
2019-04-04 01:00:00,2019,4,4,0,1,0,478.87,25.26,39.79,6.54,0.22,0.2,510.92,504.62,470.27,
2019-04-04 02:00:00,2019,4,4,0,2,0,434.38,16.31,85.44,8.52,0.22,0.2,507.4,504.33,478.87,
2019-04-04 04:00:00,2019,4,4,0,4,0,516.26,36.78,74.03,2.68,0.47,0.39,505.15,504.59,,
2019-04-04 18:00:00,2019,4,4,0,18,0,510.33,35.46,88.29,4.06,0.35,0.3,505.66,506.58,,583.26
2019-04-04 22:00:00,2019,4,4,0,22,0,547.08,25.85,62.52,9.13,0.15,0.14,503.05,506.17,,
2019-04-04 23:00:00,2019,4,4,0,23,0,503.83,37.26,67.2,14.99,0.1,0.1,501.59,505.8,547.08,
2019-04-05 08:00:00,2019,4,5,0,8,0,506.22,36.2,33.99,0.53,0.05,0.05,503.78,506.63,,
2019-04-05 10:00:00,2019,4,5,0,10,0,510.84,28.98,43.87,4.33,0.07,0.07,504.34,507.27,,
2019-04-05 12:00:00,2019,4,5,0,12,0,518.26,26.51,65.59,14.96,0.0,0.0,498.32,507.16,,
2019-04-05 13:00:00,2019,4,5,0,13,0,512.24,25.53,39.98,13.3,0.1,0.1,499.27,507.64,518.26,
2019-04-05 15:00:00,2019,4,5,0,15,0,528.68,16.13,86.41,3.67,0.25,0.22,501.72,507.74,,
2019-04-05 16:00:00,2019,4,5,0,16,0,416.62,15.0,89.79,10.88,0.14,0.13,498.36,507.25,528.68,
2019-04-05 19:00:00,2019,4,5,0,19,0,450.75,26.3,61.17,4.35,0.15,0.14,496.54,506.72,,
2019-04-06 02:00:00,2019,4,6,1,2,1,488.77,26.42,47.75,7.78,0.11,0.1,496.59,504.81,,
2019-04-06 22:00:00,2019,4,6,1,22,1,410.55,25.94,42.71,11.0,0.02,0.02,494.9,505.28,,
2019-04-07 05:00:00,2019,4,7,1,5,1,520.43,28.27,60.0,14.47,0.11,0.1,504.62,507.84,,
2019-04-07 06:00:00,2019,4,7,1,6,1,465.12,29.46,82.97,0.79,0.39,0.33,500.13,508.09,520.43,
2019-04-07 08:00:00,2019,4,7,1,8,1,444.24,25.26,34.34,11.91,0.0,0.0,496.05,507.12,,
2019-04-07 12:00:00,2019,4,7,1,12,1,472.35,15.0,43.48,4.76,0.09,0.09,489.24,507.66,,
2019-04-07 13:00:00,2019,4,7,1,13,1,447.09,27.16,52.07,4.65,0.03,0.03,487.03,507.56,472.35,
2019-04-07 17:00:00,2019,4,7,1,17,1,586.53,26.31,30.71,14.4,0.18,0.17,496.28,508.65,,
2019-04-08 02:00:00,2019,4,1,0,2,0,524.55,34.93,85.1,10.61,0.41,0.34,501.33,509.1,,
2019-04-08 08:00:00,2019,4,1,0,8,0,434.65,28.31,49.28,4.8,0.01,0.01,501.83,509.94,,444.24
2019-04-08 09:00:00,2019,4,1,0,9,0,509.3,18.55,36.38,12.9,0.36,0.31,502.06,510.06,434.65,
2019-04-08 10:00:00,2019,4,1,0,10,0,528.08,21.35,32.46,7.49,0.38,0.32,504.6,510.35,509.3,
2019-04-08 11:00:00,2019,4,1,0,11,0,490.07,22.34,43.92,8.29,0.11,0.1,503.78,509.73,528.08,
2019-04-08 12:00:00,2019,4,1,0,12,0,518.54,19.16,65.02,11.26,0.2,0.18,505.7,510.2,490.07,472.35
2019-04-08 19:00:00,2019,4,1,0,19,0,472.84,26.83,67.14,8.38,0.07,0.07,495.3,509.99,,
2019-04-09 06:00:00,2019,4,2,0,6,0,554.65,20.88,86.44,14.88,0.02,0.02,494.49,509.64,,
2019-04-09 07:00:00,2019,4,2,0,7,0,548.52,25.53,46.49,0.33,0.28,0.25,495.23,509.62,554.65,
2019-04-09 09:00:00,2019,4,2,0,9,0,502.73,23.33,87.31,6.11,0.29,0.25,498.54,509.41,,509.3
2019-04-09 12:00:00,2019,4,2,0,12,0,553.04,40.0,31.46,9.53,0.27,0.24,501.24,510.93,,518.54
2019-04-09 15:00:00,2019,4,2,0,15,0,445.7,18.72,87.56,14.24,0.26,0.23,502.32,510.35,,
2019-04-10 10:00:00,2019,4,3,0,10,0,465.31,32.22,40.57,4.08,0.02,0.02,496.83,510.09,,
2019-04-10 17:00:00,2019,4,3,0,17,0,383.28,22.86,86.06,3.91,0.04,0.04,487.14,508.93,,
2019-04-11 03:00:00,2019,4,4,0,3,0,615.08,15.0,30.37,13.79,0.26,0.23,500.5,509.3,,
2019-04-11 08:00:00,2019,4,4,0,8,0,494.6,37.58,33.65,2.49,0.08,0.08,501.61,509.67,,
2019-04-11 18:00:00,2019,4,4,0,18,0,481.91,20.5,80.86,3.19,0.07,0.07,515.47,509.54,,
2019-04-12 08:00:00,2019,4,5,0,8,0,485.97,15.76,38.88,0.49,0.07,0.07,493.25,508.13,,494.6
2019-04-12 12:00:00,2019,4,5,0,12,0,404.36,24.4,50.55,8.92,0.03,0.03,489.18,507.29,,
2019-04-12 22:00:00,2019,4,5,0,22,0,522.5,30.05,81.68,0.38,0.39,0.33,497.22,508.65,,
2019-04-13 01:00:00,2019,4,6,1,1,1,583.86,23.52,49.48,7.51,0.19,0.17,504.45,509.85,,
2019-04-13 02:00:00,2019,4,6,1,2,1,549.78,28.1,76.6,10.69,0.05,0.05,504.43,510.23,583.86,
2019-04-13 04:00:00,2019,4,6,1,4,1,533.77,21.3,78.73,2.98,0.28,0.25,502.81,510.08,,
2019-04-13 12:00:00,2019,4,6,1,12,1,453.85,23.19,46.72,4.79,0.1,0.1,517.35,509.67,,404.36
2019-04-13 16:00:00,2019,4,6,1,16,1,543.02,29.29,43.12,2.63,0.02,0.02,508.45,509.55,,
2019-04-13 17:00:00,2019,4,6,1,17,1,383.28,24.4,86.73,9.59,0.38,0.32,505.71,508.91,543.02,
2019-04-14 03:00:00,2019,4,7,1,3,1,509.07,30.26,45.03,5.31,0.27,0.24,506.43,510.45,,
2019-04-14 15:00:00,2019,4,7,1,15,1,495.18,26.15,77.39,14.84,0.06,0.06,506.37,511.76,,
2019-04-14 18:00:00,2019,4,7,1,18,1,564.17,37.36,87.63,1.9,0.34,0.29,509.4,511.49,,
2019-04-15 06:00:00,2019,4,1,0,6,0,497.6,37.18,84.84,3.23,0.16,0.15,498.2,509.84,,
2019-04-15 08:00:00,2019,4,1,0,8,0,515.81,34.81,56.49,4.54,0.39,0.33,496.19,509.73,,
2019-04-15 09:00:00,2019,4,1,0,9,0,568.31,15.74,88.23,10.45,0.26,0.23,496.66,510.09,515.81,
2019-04-15 13:00:00,2019,4,1,0,13,0,561.82,28.29,81.97,12.37,0.13,0.12,501.52,511.21,,
2019-04-15 16:00:00,2019,4,1,0,16,0,464.08,16.21,46.36,0.33,0.61,0.48,500.05,511.42,,
2019-04-15 19:00:00,2019,4,1,0,19,0,538.78,20.27,41.08,5.3,0.06,0.06,502.85,512.69,,
2019-04-16 16:00:00,2019,4,2,0,16,0,459.81,30.13,50.9,7.46,0.21,0.19,507.34,512.57,,464.08
2019-04-16 20:00:00,2019,4,2,0,20,0,510.97,17.64,80.28,14.26,0.03,0.03,496.61,512.22,,
2019-04-17 02:00:00,2019,4,3,0,2,0,487.65,24.25,83.68,12.34,0.03,0.03,484.94,511.62,,
2019-04-17 17:00:00,2019,4,3,0,17,0,534.54,28.35,33.42,13.24,0.17,0.16,477.52,510.73,,
2019-04-17 23:00:00,2019,4,3,0,23,0,533.78,27.17,54.94,8.44,0.01,0.01,492.77,511.33,,
2019-04-18 03:00:00,2019,4,4,0,3,0,517.1,21.52,76.71,9.09,0.01,0.01,497.67,510.93,,
2019-04-18 07:00:00,2019,4,4,0,7,0,451.28,35.63,33.93,10.42,0.0,0.0,501.9,510.03,,
2019-04-18 09:00:00,2019,4,4,0,9,0,463.78,15.0,40.23,2.93,0.13,0.12,505.37,509.95,,
2019-04-18 14:00:00,2019,4,4,0,14,0,475.99,32.95,35.89,14.7,0.09,0.09,510.78,510.69,,
2019-04-18 19:00:00,2019,4,4,0,19,0,567.21,25.21,33.74,0.85,0.02,0.02,508.14,510.46,,
2019-04-19 07:00:00,2019,4,5,0,7,0,514.61,24.4,38.53,14.62,0.16,0.15,519.35,513.78,,451.28
2019-04-19 12:00:00,2019,4,5,0,12,0,488.67,15.55,59.16,2.78,1.03,0.71,511.91,514.41,,
2019-04-20 04:00:00,2019,4,6,1,4,1,523.94,21.86,47.69,12.46,1.0,0.69,497.06,512.21,,
2019-04-20 22:00:00,2019,4,6,1,22,1,498.09,26.17,59.64,14.44,0.46,0.38,487.54,509.41,,
2019-04-21 01:00:00,2019,4,7,1,1,1,464.18,34.98,60.53,5.84,0.03,0.03,486.76,509.24,,
2019-04-21 02:00:00,2019,4,7,1,2,1,468.05,23.64,65.22,14.29,0.11,0.1,484.21,509.07,464.18,
2019-04-21 16:00:00,2019,4,7,1,16,1,498.27,26.07,42.39,7.18,0.08,0.08,485.03,508.05,,
2019-04-22 02:00:00,2019,4,1,0,2,0,383.28,22.59,44.34,4.71,0.42,0.35,488.71,507.3,,468.05
2019-04-22 03:00:00,2019,4,1,0,3,0,470.49,25.91,76.61,9.64,0.01,0.01,489.73,507.44,333.94,
2019-04-22 05:00:00,2019,4,1,0,5,0,528.18,28.03,73.65,13.98,0.03,0.03,488.75,507.93,,
2019-04-22 09:00:00,2019,4,1,0,9,0,497.16,23.47,39.58,11.51,0.39,0.33,480.16,507.19,,
2019-04-22 12:00:00,2019,4,1,0,12,0,490.64,15.0,81.05,12.62,0.17,0.16,478.48,505.59,,
2019-04-22 14:00:00,2019,4,1,0,14,0,518.56,34.0,69.54,7.53,0.34,0.29,481.32,505.15,,
2019-04-22 20:00:00,2019,4,1,0,20,0,430.73,19.5,47.92,8.73,0.58,0.46,477.67,503.59,,
2019-04-23 01:00:00,2019,4,2,0,1,0,416.35,19.2,42.16,4.52,0.02,0.02,481.43,503.3,,
2019-04-23 02:00:00,2019,4,2,0,2,0,470.92,40.0,38.75,8.56,0.23,0.21,487.14,503.22,416.35,333.94
2019-04-23 09:00:00,2019,4,2,0,9,0,541.45,27.73,78.65,12.14,0.03,0.03,496.23,504.6,,497.16
2019-04-23 10:00:00,2019,4,2,0,10,0,462.91,18.74,71.46,2.63,0.2,0.18,498.18,504.15,541.45,
2019-04-23 13:00:00,2019,4,2,0,13,0,521.88,25.02,75.15,6.98,0.74,0.55,499.77,503.15,,
2019-04-24 03:00:00,2019,4,3,0,3,0,571.19,24.19,81.4,2.75,0.34,0.29,509.12,506.83,,
2019-04-24 04:00:00,2019,4,3,0,4,0,558.56,27.46,84.65,11.06,0.01,0.01,515.34,507.33,571.19,
2019-04-24 05:00:00,2019,4,3,0,5,0,505.38,20.9,31.63,10.54,0.13,0.12,517.71,507.71,558.56,
2019-04-24 06:00:00,2019,4,3,0,6,0,436.06,29.11,65.79,5.85,0.15,0.14,509.96,507.36,505.38,
2019-04-24 11:00:00,2019,4,3,0,11,0,475.99,21.58,46.53,12.41,0.01,0.01,501.71,508.12,,
2019-04-24 15:00:00,2019,4,3,0,15,0,444.93,25.53,78.32,3.67,0.27,0.24,495.38,506.74,,
2019-04-24 17:00:00,2019,4,3,0,17,0,560.38,25.07,82.53,12.53,0.05,0.05,490.03,506.59,,
2019-04-25 01:00:00,2019,4,4,0,1,0,466.81,27.73,66.59,1.19,0.0,0.0,493.06,506.07,,
2019-04-25 03:00:00,2019,4,4,0,3,0,478.3,17.65,31.07,6.07,0.2,0.18,489.65,505.66,,571.19
2019-04-25 15:00:00,2019,4,4,0,15,0,504.7,25.65,39.79,0.26,0.02,0.02,520.36,507.89,,444.93
2019-04-26 07:00:00,2019,4,5,0,7,0,519.7,21.87,77.74,14.27,0.03,0.03,506.29,504.85,,
2019-04-26 18:00:00,2019,4,5,0,18,0,531.3,31.32,34.23,14.3,0.28,0.25,500.83,505.0,,
2019-04-26 21:00:00,2019,4,5,0,21,0,555.53,32.56,50.23,9.23,0.0,0.0,500.48,506.11,,
2019-04-27 02:00:00,2019,4,6,1,2,1,511.18,27.31,73.31,3.13,0.23,0.21,511.21,507.37,,
2019-04-27 03:00:00,2019,4,6,1,3,1,425.8,20.77,65.42,5.72,0.02,0.02,510.02,506.9,511.18,
2019-04-27 06:00:00,2019,4,6,1,6,1,562.65,22.34,79.66,11.01,0.23,0.21,514.09,507.73,,
2019-04-28 00:00:00,2019,4,7,1,0,1,528.49,40.0,71.87,13.36,0.07,0.07,507.05,509.82,,
2019-04-28 06:00:00,2019,4,7,1,6,1,470.44,28.92,72.43,1.08,0.21,0.19,501.39,510.22,,562.65
2019-04-28 07:00:00,2019,4,7,1,7,1,516.43,29.68,74.84,14.15,0.04,0.04,502.26,509.86,470.44,
2019-04-28 15:00:00,2019,4,7,1,15,1,523.22,32.57,36.06,3.72,0.32,0.28,502.52,510.53,,
2019-04-28 23:00:00,2019,4,7,1,23,1,441.91,15.0,71.05,13.4,0.29,0.25,497.87,509.92,,
2019-04-29 00:00:00,2019,4,1,0,0,0,615.08,16.75,52.21,14.82,0.05,0.05,501.54,510.98,441.91,528.49
2019-04-29 02:00:00,2019,4,1,0,2,0,500.63,21.42,33.75,4.39,0.13,0.12,503.61,512.5,,
2019-04-29 05:00:00,2019,4,1,0,5,0,615.08,33.83,88.91,14.7,0.24,0.22,508.62,513.07,,
2019-04-29 13:00:00,2019,4,1,0,13,0,446.11,27.1,70.18,13.79,0.01,0.01,497.78,512.84,,
2019-04-29 15:00:00,2019,4,1,0,15,0,511.29,32.11,85.1,2.47,0.11,0.1,496.51,512.54,,523.22
2019-04-30 01:00:00,2019,4,2,0,1,0,545.15,33.51,73.9,6.13,0.0,0.0,494.78,513.43,,
2019-04-30 03:00:00,2019,4,2,0,3,0,545.39,19.44,63.31,14.78,0.39,0.33,495.29,514.21,,
2019-04-30 09:00:00,2019,4,2,0,9,0,408.75,21.14,47.91,10.92,0.16,0.15,498.25,513.38,,
2019-04-30 16:00:00,2019,4,2,0,16,0,615.08,24.9,36.13,7.1,0.41,0.34,521.22,515.03,,
2019-04-30 18:00:00,2019,4,2,0,18,0,548.86,20.87,56.94,1.54,0.05,0.05,524.2,515.58,,
2019-04-30 20:00:00,2019,4,2,0,20,0,497.53,26.76,66.28,4.61,0.12,0.11,518.06,515.66,,
2019-05-01 01:00:00,2019,5,3,0,1,0,498.43,21.2,88.6,3.16,0.3,0.26,520.52,515.82,,545.15
2019-05-01 05:00:00,2019,5,3,0,5,0,535.89,22.69,69.52,12.96,0.16,0.15,515.59,515.07,,
2019-05-01 20:00:00,2019,5,3,0,20,0,455.91,33.51,33.22,13.46,0.06,0.06,509.59,518.5,,497.53
2019-05-01 21:00:00,2019,5,3,0,21,0,470.44,30.02,34.24,10.48,0.23,0.21,508.88,517.92,455.91,
2019-05-02 01:00:00,2019,5,4,0,1,0,462.31,28.32,81.71,10.67,0.18,0.17,507.91,517.98,,498.43
2019-05-02 02:00:00,2019,5,4,0,2,0,542.14,29.99,88.12,15.0,0.17,0.16,506.52,518.31,462.31,
2019-05-02 03:00:00,2019,5,4,0,3,0,473.06,17.45,50.46,8.38,0.92,0.65,511.58,518.28,542.14,
2019-05-02 04:00:00,2019,5,4,0,4,0,495.12,23.06,67.73,4.26,0.05,0.05,510.31,518.08,473.06,
2019-05-02 07:00:00,2019,5,4,0,7,0,500.38,27.17,35.74,13.83,0.03,0.03,499.71,516.4,,
2019-05-02 16:00:00,2019,5,4,0,16,0,450.47,21.96,33.34,9.58,0.18,0.17,482.07,513.09,,
2019-05-03 02:00:00,2019,5,5,0,2,0,471.41,26.28,74.15,5.11,0.01,0.01,484.94,514.26,,542.14
2019-05-04 01:00:00,2019,5,6,1,1,1,514.65,30.59,31.42,10.99,0.09,0.09,509.49,514.25,,
2019-05-04 03:00:00,2019,5,6,1,3,1,416.43,22.25,46.6,13.38,0.06,0.06,504.75,514.3,,
2019-05-04 17:00:00,2019,5,6,1,17,1,526.6,22.13,55.35,13.82,0.17,0.16,507.5,513.99,,
2019-05-04 18:00:00,2019,5,6,1,18,1,448.5,18.43,67.59,1.44,0.09,0.09,506.93,514.03,526.6,
2019-05-04 20:00:00,2019,5,6,1,20,1,546.82,22.33,45.56,4.61,0.1,0.1,510.33,514.25,,
2019-05-04 22:00:00,2019,5,6,1,22,1,461.36,22.91,52.16,8.96,0.72,0.54,504.36,513.9,,
2019-05-05 06:00:00,2019,5,7,1,6,1,494.57,26.43,89.07,0.7,0.23,0.21,506.4,514.13,,
2019-05-05 08:00:00,2019,5,7,1,8,1,543.65,34.01,69.99,10.41,0.14,0.13,504.79,514.43,,
2019-05-05 13:00:00,2019,5,7,1,13,1,417.22,27.76,79.72,12.4,0.42,0.35,501.8,513.01,,
2019-05-05 15:00:00,2019,5,7,1,15,1,573.72,25.17,54.51,6.43,0.01,0.01,502.29,513.65,,
2019-05-05 17:00:00,2019,5,7,1,17,1,486.91,30.95,85.34,2.94,0.16,0.15,499.75,512.79,,526.6
2019-05-05 20:00:00,2019,5,7,1,20,1,504.75,23.63,68.52,14.22,0.08,0.08,496.37,513.58,,546.82
2019-05-05 21:00:00,2019,5,7,1,21,1,586.42,34.76,83.06,12.43,0.11,0.1,500.37,514.39,504.75,
2019-05-06 18:00:00,2019,5,1,0,18,0,482.62,32.54,61.95,12.92,0.18,0.17,499.87,514.01,,
2019-05-07 05:00:00,2019,5,2,0,5,0,533.97,27.65,46.31,5.94,0.02,0.02,488.25,512.04,,
2019-05-07 13:00:00,2019,5,2,0,13,0,461.99,32.46,71.98,4.22,0.14,0.13,492.72,511.29,,
2019-05-07 15:00:00,2019,5,2,0,15,0,425.45,23.59,52.77,5.28,0.45,0.37,491.89,511.01,,
2019-05-07 22:00:00,2019,5,2,0,22,0,428.9,29.13,67.13,3.62,0.2,0.18,496.85,509.1,,
2019-05-07 23:00:00,2019,5,2,0,23,0,510.75,31.08,31.24,2.47,0.29,0.25,498.22,508.98,428.9,
2019-05-08 02:00:00,2019,5,3,0,2,0,459.51,15.0,74.92,6.93,0.04,0.04,503.83,508.77,,
2019-05-08 05:00:00,2019,5,3,0,5,0,578.39,40.0,34.26,0.33,0.35,0.3,496.83,509.3,,533.97
2019-05-08 13:00:00,2019,5,3,0,13,0,429.28,26.92,45.74,1.27,0.01,0.01,500.56,508.11,,461.99
2019-05-08 15:00:00,2019,5,3,0,15,0,561.89,22.15,85.55,8.43,0.12,0.11,504.14,509.56,,425.45
2019-05-08 19:00:00,2019,5,3,0,19,0,499.89,20.09,70.97,6.17,0.33,0.29,508.95,509.18,,
2019-05-09 00:00:00,2019,5,4,0,0,0,521.66,25.55,68.65,5.32,0.04,0.04,507.27,508.88,,
2019-05-09 02:00:00,2019,5,4,0,2,0,427.8,27.39,79.12,5.35,0.13,0.12,500.79,507.93,,459.51
2019-05-09 04:00:00,2019,5,4,0,4,0,498.88,23.7,62.73,11.88,0.04,0.04,503.99,508.13,,
2019-05-09 06:00:00,2019,5,4,0,6,0,593.76,27.93,72.27,6.91,0.2,0.18,504.0,509.8,,
2019-05-09 11:00:00,2019,5,4,0,11,0,473.68,15.0,66.18,9.46,0.17,0.16,498.1,510.42,,
2019-05-09 14:00:00,2019,5,4,0,14,0,551.65,21.8,63.93,0.51,0.26,0.23,502.76,511.16,,
2019-05-09 15:00:00,2019,5,4,0,15,0,434.5,21.56,69.14,0.09,0.59,0.46,497.45,511.06,551.65,561.89
2019-05-09 20:00:00,2019,5,4,0,20,0,561.61,36.58,64.87,8.52,0.7,0.53,494.93,510.27,,
2019-05-10 12:00:00,2019,5,5,0,12,0,516.85,16.29,88.64,14.65,0.03,0.03,490.32,509.71,,
2019-05-10 16:00:00,2019,5,5,0,16,0,520.42,30.85,48.16,0.04,0.73,0.55,500.77,510.11,,
2019-05-10 17:00:00,2019,5,5,0,17,0,456.94,34.4,84.97,13.79,0.09,0.09,499.42,509.62,520.42,
2019-05-10 19:00:00,2019,5,5,0,19,0,423.74,31.4,33.59,14.59,0.27,0.24,494.2,509.09,,
2019-05-10 23:00:00,2019,5,5,0,23,0,468.82,15.0,53.21,11.86,0.03,0.03,495.03,507.91,,
2019-05-11 06:00:00,2019,5,6,1,6,1,493.97,29.38,65.06,3.48,0.04,0.04,494.45,508.23,,
2019-05-11 10:00:00,2019,5,6,1,10,1,482.0,20.56,75.6,14.79,0.04,0.04,490.55,507.69,,
2019-05-11 17:00:00,2019,5,6,1,17,1,513.96,17.5,57.35,11.36,0.5,0.41,491.71,507.32,,456.94
2019-05-11 20:00:00,2019,5,6,1,20,1,531.63,28.42,61.64,13.13,0.11,0.1,495.95,506.6,,
2019-05-11 22:00:00,2019,5,6,1,22,1,386.55,19.14,86.36,3.73,0.12,0.11,488.65,505.82,,
2019-05-12 00:00:00,2019,5,7,1,0,1,487.87,24.63,49.49,6.03,0.0,0.0,487.23,505.59,,
2019-05-12 01:00:00,2019,5,7,1,1,1,615.08,20.1,43.03,4.8,0.11,0.1,493.3,505.78,487.87,
2019-05-12 07:00:00,2019,5,7,1,7,1,434.26,19.99,78.24,13.16,0.33,0.29,486.75,505.29,,
2019-05-12 08:00:00,2019,5,7,1,8,1,493.25,16.97,65.38,13.08,0.14,0.13,486.84,504.98,434.26,
2019-05-12 11:00:00,2019,5,7,1,11,1,512.98,18.85,71.21,12.27,0.2,0.18,481.59,505.12,,
2019-05-12 17:00:00,2019,5,7,1,17,1,515.45,16.61,56.98,1.1,0.89,0.64,491.16,506.07,,513.96
2019-05-13 05:00:00,2019,5,1,0,5,0,545.34,21.87,54.37,9.36,0.16,0.15,505.31,505.95,,
2019-05-13 19:00:00,2019,5,1,0,19,0,427.45,17.11,76.93,10.68,0.07,0.07,517.5,508.93,,
2019-05-14 08:00:00,2019,5,2,0,8,0,500.89,22.8,69.6,10.54,0.04,0.04,497.22,507.0,,
2019-05-14 11:00:00,2019,5,2,0,11,0,450.5,33.58,51.4,7.23,0.08,0.08,491.8,506.1,,
2019-05-14 20:00:00,2019,5,2,0,20,0,451.7,30.25,77.96,13.44,0.15,0.14,477.18,505.98,,
2019-05-15 04:00:00,2019,5,3,0,4,0,433.53,27.85,68.42,12.82,0.09,0.09,483.47,505.79,,
2019-05-15 10:00:00,2019,5,3,0,10,0,503.87,25.63,79.16,13.02,0.46,0.38,481.07,503.97,,
2019-05-15 11:00:00,2019,5,3,0,11,0,544.46,17.52,58.61,14.94,0.3,0.26,484.99,504.04,503.87,450.5
2019-05-15 17:00:00,2019,5,3,0,17,0,452.65,30.2,68.68,11.5,0.03,0.03,490.01,504.41,,
2019-05-16 00:00:00,2019,5,4,0,0,0,558.74,26.08,58.55,12.09,0.43,0.36,500.35,504.38,,
2019-05-16 04:00:00,2019,5,4,0,4,0,500.8,21.98,60.25,11.33,0.2,0.18,496.01,504.63,,433.53
2019-05-16 06:00:00,2019,5,4,0,6,0,530.52,15.09,37.64,13.9,0.35,0.3,503.5,504.2,,
2019-05-16 07:00:00,2019,5,4,0,7,0,498.23,24.09,42.55,2.99,0.15,0.14,504.06,504.15,530.52,
2019-05-16 09:00:00,2019,5,4,0,9,0,479.62,26.07,51.98,13.5,0.11,0.1,499.6,504.03,,
2019-05-16 10:00:00,2019,5,4,0,10,0,469.42,21.07,70.86,13.29,0.36,0.31,498.17,503.61,479.62,503.87
2019-05-17 00:00:00,2019,5,5,0,0,0,548.31,28.64,79.91,11.7,0.16,0.15,502.01,506.04,,558.74
2019-05-17 03:00:00,2019,5,5,0,3,0,615.08,21.16,81.96,6.29,0.02,0.02,510.47,506.39,,
2019-05-17 06:00:00,2019,5,5,0,6,0,521.56,33.14,47.56,0.6,0.04,0.04,508.74,506.38,,530.52
2019-05-17 09:00:00,2019,5,5,0,9,0,496.06,22.85,87.75,9.69,0.02,0.02,507.56,505.86,,479.62
2019-05-17 13:00:00,2019,5,5,0,13,0,383.28,21.2,59.36,7.82,0.8,0.59,502.6,505.7,,
2019-05-17 20:00:00,2019,5,5,0,20,0,583.56,15.0,49.38,11.55,0.05,0.05,510.16,507.02,,
2019-05-18 00:00:00,2019,5,6,1,0,1,550.88,27.58,62.92,6.32,0.05,0.05,508.19,507.87,,548.31
2019-05-18 03:00:00,2019,5,6,1,3,1,555.52,40.0,84.64,5.31,0.09,0.09,508.01,508.57,,622.43
2019-05-18 04:00:00,2019,5,6,1,4,1,554.13,26.35,43.11,2.64,0.09,0.09,513.19,508.88,555.52,
2019-05-18 05:00:00,2019,5,6,1,5,1,466.99,40.0,44.9,10.54,0.6,0.47,509.83,508.45,554.13,
2019-05-18 17:00:00,2019,5,6,1,17,1,508.09,24.43,86.24,3.37,0.22,0.2,512.28,508.66,,
2019-05-19 09:00:00,2019,5,7,1,9,1,504.73,31.98,72.99,11.77,0.1,0.1,509.81,512.3,,
2019-05-19 11:00:00,2019,5,7,1,11,1,497.11,40.0,70.96,13.87,0.35,0.3,507.44,512.3,,
2019-05-19 16:00:00,2019,5,7,1,16,1,561.8,25.13,85.48,13.99,0.06,0.06,517.68,512.57,,
2019-05-19 20:00:00,2019,5,7,1,20,1,499.64,26.1,47.6,4.84,0.81,0.59,510.56,511.93,,
2019-05-20 00:00:00,2019,5,1,0,0,0,567.26,25.89,77.47,6.45,0.06,0.06,507.71,511.85,,
2019-05-20 07:00:00,2019,5,1,0,7,0,555.61,26.39,61.39,0.42,0.3,0.26,503.42,511.07,,
2019-05-20 08:00:00,2019,5,1,0,8,0,523.19,30.31,68.9,7.44,0.11,0.1,501.76,510.97,555.61,
2019-05-20 18:00:00,2019,5,1,0,18,0,483.56,22.53,36.26,6.71,0.1,0.1,502.53,509.56,,
2019-05-21 03:00:00,2019,5,2,0,3,0,484.68,31.22,35.1,13.56,0.03,0.03,502.03,512.63,,
2019-05-21 04:00:00,2019,5,2,0,4,0,544.94,40.0,83.13,12.82,0.01,0.01,507.31,512.48,484.68,
2019-05-21 16:00:00,2019,5,2,0,16,0,497.86,22.68,74.45,5.13,0.02,0.02,508.35,513.27,,
2019-05-21 20:00:00,2019,5,2,0,20,0,442.19,20.01,34.27,3.67,0.03,0.03,504.04,514.44,,
2019-05-21 21:00:00,2019,5,2,0,21,0,444.56,40.0,40.37,0.08,0.01,0.01,500.73,514.35,442.19,
2019-05-22 00:00:00,2019,5,3,0,0,0,482.37,29.69,84.5,10.39,0.42,0.35,505.42,515.39,,
2019-05-22 02:00:00,2019,5,3,0,2,0,553.67,28.1,55.12,0.14,0.05,0.05,508.69,516.25,,
2019-05-22 03:00:00,2019,5,3,0,3,0,540.73,27.02,75.26,9.49,0.13,0.12,511.03,515.82,553.67,484.68
2019-05-22 07:00:00,2019,5,3,0,7,0,486.86,25.82,38.53,9.2,0.03,0.03,501.0,515.99,,
2019-05-22 09:00:00,2019,5,3,0,9,0,443.79,36.49,55.01,11.86,0.07,0.07,499.76,515.6,,
2019-05-22 10:00:00,2019,5,3,0,10,0,535.01,23.78,43.45,3.09,0.09,0.09,497.13,515.78,443.79,
2019-05-22 13:00:00,2019,5,3,0,13,0,535.39,25.76,78.2,4.36,0.14,0.13,497.6,514.18,,
2019-05-22 19:00:00,2019,5,3,0,19,0,502.83,28.82,47.73,0.17,0.05,0.05,497.46,515.44,,
2019-05-23 11:00:00,2019,5,4,0,11,0,519.21,33.98,64.85,12.0,0.5,0.41,492.53,514.44,,
2019-05-23 13:00:00,2019,5,4,0,13,0,515.15,17.84,56.88,11.98,0.31,0.27,491.47,514.47,,535.39
2019-05-23 19:00:00,2019,5,4,0,19,0,478.7,28.72,70.72,14.37,0.35,0.3,493.19,514.67,,502.83
2019-05-24 08:00:00,2019,5,5,0,8,0,516.54,19.46,85.38,1.3,0.13,0.12,499.37,513.88,,
2019-05-24 11:00:00,2019,5,5,0,11,0,524.08,29.43,71.7,8.56,0.01,0.01,505.32,513.98,,519.21
2019-05-24 16:00:00,2019,5,5,0,16,0,564.92,29.46,41.02,2.77,0.24,0.22,517.07,515.98,,
2019-05-24 20:00:00,2019,5,5,0,20,0,391.94,28.14,37.96,0.94,0.19,0.17,506.41,513.87,,
2019-05-24 22:00:00,2019,5,5,0,22,0,561.04,26.73,53.6,7.0,0.01,0.01,512.47,514.34,,
2019-05-25 00:00:00,2019,5,6,1,0,1,481.46,40.0,51.47,9.83,0.11,0.1,508.01,513.69,,
2019-05-25 07:00:00,2019,5,6,1,7,1,522.3,29.0,62.41,1.19,0.17,0.16,510.48,513.59,,
2019-05-25 14:00:00,2019,5,6,1,14,1,515.48,19.58,71.49,0.67,0.1,0.1,501.26,514.15,,
2019-05-25 15:00:00,2019,5,6,1,15,1,527.17,31.75,79.8,1.24,0.07,0.07,501.17,514.25,515.48,
2019-05-25 19:00:00,2019,5,6,1,19,1,472.41,20.82,86.62,9.4,0.58,0.46,500.21,513.49,,
2019-05-26 00:00:00,2019,5,7,1,0,1,445.67,18.24,82.58,14.26,0.02,0.02,503.5,512.67,,481.46
2019-05-26 08:00:00,2019,5,7,1,8,1,522.64,26.45,41.8,13.47,0.35,0.3,513.8,513.95,,
2019-05-26 17:00:00,2019,5,7,1,17,1,558.82,23.51,75.82,5.52,0.18,0.17,518.26,514.46,,
2019-05-26 21:00:00,2019,5,7,1,21,1,495.53,19.56,34.84,11.57,0.19,0.17,511.12,513.98,,
2019-05-27 02:00:00,2019,5,1,0,2,0,469.76,29.98,39.94,12.25,0.1,0.1,507.61,512.85,,
2019-05-27 19:00:00,2019,5,1,0,19,0,538.46,17.67,80.56,5.59,0.25,0.22,491.01,512.21,,
2019-05-27 21:00:00,2019,5,1,0,21,0,530.34,15.0,87.46,7.5,0.44,0.36,496.22,512.16,,495.53
2019-05-27 23:00:00,2019,5,1,0,23,0,429.12,28.39,54.26,7.07,0.12,0.11,492.61,512.28,,
2019-05-28 02:00:00,2019,5,2,0,2,0,476.91,21.96,82.16,9.22,0.43,0.36,493.78,511.5,,469.76
2019-05-28 04:00:00,2019,5,2,0,4,0,556.32,30.09,42.25,0.14,0.19,0.17,493.94,511.27,,
2019-05-28 08:00:00,2019,5,2,0,8,0,482.77,38.62,51.22,5.99,0.05,0.05,507.05,511.96,,
2019-05-28 13:00:00,2019,5,2,0,13,0,496.14,22.91,39.58,5.54,0.16,0.15,505.58,511.45,,
2019-05-29 01:00:00,2019,5,3,0,1,0,434.5,40.0,76.95,3.13,0.14,0.13,513.6,512.68,,
2019-05-29 10:00:00,2019,5,3,0,10,0,401.02,28.61,81.68,7.18,0.29,0.25,516.82,513.97,,
2019-05-29 12:00:00,2019,5,3,0,12,0,547.49,18.88,41.65,10.4,0.12,0.11,516.12,514.39,,
2019-05-29 23:00:00,2019,5,3,0,23,0,434.29,20.31,83.03,11.63,0.47,0.39,488.26,511.57,,
2019-05-30 05:00:00,2019,5,4,0,5,0,483.62,27.72,56.47,4.15,0.4,0.34,488.38,511.63,,
2019-05-30 11:00:00,2019,5,4,0,11,0,497.75,21.37,56.03,1.12,0.41,0.34,488.7,513.57,,
2019-05-30 14:00:00,2019,5,4,0,14,0,467.62,20.81,38.01,13.21,0.25,0.22,483.1,512.7,,
2019-05-30 18:00:00,2019,5,4,0,18,0,546.22,28.85,36.29,14.39,0.11,0.1,486.81,511.67,,
2019-05-30 22:00:00,2019,5,4,0,22,0,472.19,20.8,84.59,0.01,0.1,0.1,488.05,512.23,,
2019-05-31 02:00:00,2019,5,5,0,2,0,526.04,33.5,32.99,13.1,0.35,0.3,495.84,512.34,,
2019-05-31 04:00:00,2019,5,5,0,4,0,537.5,16.09,58.26,1.98,0.52,0.42,496.19,512.46,,
2019-05-31 05:00:00,2019,5,5,0,5,0,415.66,29.01,51.62,2.91,0.14,0.13,493.36,511.9,537.5,483.62
2019-05-31 11:00:00,2019,5,5,0,11,0,490.21,15.0,76.36,2.44,0.58,0.46,496.91,512.35,,497.75
2019-05-31 12:00:00,2019,5,5,0,12,0,526.9,25.77,47.3,14.11,0.22,0.2,499.4,512.06,490.21,
2019-05-31 16:00:00,2019,5,5,0,16,0,508.66,33.8,67.58,7.86,0.18,0.17,505.94,510.53,,
2019-05-31 17:00:00,2019,5,5,0,17,0,408.72,33.34,51.31,2.29,0.17,0.16,502.55,510.31,508.66,
2019-06-01 11:00:00,2019,6,6,1,11,1,492.03,36.84,74.22,5.34,0.39,0.33,499.82,511.37,,490.21
2019-06-01 19:00:00,2019,6,6,1,19,1,534.17,27.75,51.49,8.61,0.51,0.41,506.79,512.06,,
2019-06-01 23:00:00,2019,6,6,1,23,1,458.36,23.74,78.49,14.91,0.34,0.29,499.72,510.76,,
2019-06-02 06:00:00,2019,6,7,1,6,1,575.6,32.1,52.1,3.6,0.01,0.01,504.19,509.29,,
2019-06-02 17:00:00,2019,6,7,1,17,1,469.62,26.32,48.38,10.99,1.15,0.77,491.0,507.73,,
2019-06-02 18:00:00,2019,6,7,1,18,1,464.2,28.44,54.14,12.13,0.01,0.01,489.92,507.9,469.62,
2019-06-02 20:00:00,2019,6,7,1,20,1,488.03,16.72,34.04,13.22,0.48,0.39,492.91,508.22,,
2019-06-02 21:00:00,2019,6,7,1,21,1,486.34,15.0,64.47,0.29,0.13,0.12,492.13,508.17,488.03,
2019-06-02 23:00:00,2019,6,7,1,23,1,576.9,30.54,67.45,10.73,0.09,0.09,498.08,508.87,,458.36
2019-06-03 03:00:00,2019,6,1,0,3,0,487.59,28.31,55.48,4.31,0.02,0.02,497.1,508.58,,
2019-06-03 08:00:00,2019,6,1,0,8,0,514.73,25.59,54.31,2.7,0.15,0.14,496.33,510.09,,
2019-06-03 09:00:00,2019,6,1,0,9,0,467.66,19.31,70.66,12.3,0.34,0.29,494.62,510.25,514.73,
2019-06-03 15:00:00,2019,6,1,0,15,0,440.33,19.43,68.37,9.86,0.76,0.57,492.1,509.25,,
2019-06-04 01:00:00,2019,6,2,0,1,0,484.59,26.91,53.27,8.16,0.23,0.21,495.33,509.17,,
2019-06-04 09:00:00,2019,6,2,0,9,0,485.57,20.62,53.78,5.42,0.09,0.09,491.22,507.78,,467.66
2019-06-04 13:00:00,2019,6,2,0,13,0,538.38,40.0,82.02,2.41,0.05,0.05,498.27,508.51,,
2019-06-04 16:00:00,2019,6,2,0,16,0,515.87,18.4,70.88,7.37,0.19,0.17,503.3,508.47,,
2019-06-04 18:00:00,2019,6,2,0,18,0,517.55,24.37,55.03,12.7,0.03,0.03,504.99,508.63,,
2019-06-04 21:00:00,2019,6,2,0,21,0,479.72,19.43,73.2,10.9,0.32,0.28,503.58,507.8,,
2019-06-05 01:00:00,2019,6,3,0,1,0,493.29,27.0,40.81,3.67,0.01,0.01,500.97,507.33,,484.59
2019-06-05 03:00:00,2019,6,3,0,3,0,552.85,19.69,64.4,11.99,0.02,0.02,505.09,507.26,,
2019-06-05 06:00:00,2019,6,3,0,6,0,514.66,27.76,52.43,7.5,0.03,0.03,503.87,505.95,,
2019-06-05 12:00:00,2019,6,3,0,12,0,445.52,17.99,53.77,13.21,0.02,0.02,505.01,506.63,,
2019-06-05 16:00:00,2019,6,3,0,16,0,545.96,29.5,50.71,6.82,0.37,0.31,499.86,507.47,,515.87
2019-06-05 18:00:00,2019,6,3,0,18,0,490.77,22.47,67.15,12.03,0.05,0.05,499.98,507.93,,517.55
2019-06-06 01:00:00,2019,6,4,0,1,0,558.51,23.33,86.89,12.06,0.08,0.08,496.84,507.84,,493.29
2019-06-06 10:00:00,2019,6,4,0,10,0,492.14,16.54,34.78,2.94,0.11,0.1,488.57,507.18,,
2019-06-06 11:00:00,2019,6,4,0,11,0,497.05,36.03,46.55,4.17,0.32,0.28,488.19,507.18,492.14,
2019-06-06 20:00:00,2019,6,4,0,20,0,461.39,31.4,69.62,5.35,0.58,0.46,493.86,508.74,,
2019-06-06 21:00:00,2019,6,4,0,21,0,532.67,26.9,32.6,1.87,0.25,0.22,497.35,508.93,461.39,
2019-06-07 00:00:00,2019,6,5,0,0,0,537.6,22.82,85.18,4.13,0.35,0.3,503.37,508.89,,
2019-06-07 04:00:00,2019,6,5,0,4,0,513.5,15.0,80.71,4.14,0.14,0.13,504.49,508.28,,
2019-06-07 08:00:00,2019,6,5,0,8,0,535.16,17.01,82.7,1.79,0.03,0.03,504.53,508.33,,
2019-06-07 11:00:00,2019,6,5,0,11,0,463.33,15.3,48.05,1.29,0.18,0.17,500.05,507.63,,497.05
2019-06-07 19:00:00,2019,6,5,0,19,0,508.38,23.66,59.45,3.25,0.3,0.26,489.61,507.02,,
2019-06-07 23:00:00,2019,6,5,0,23,0,420.46,15.0,63.58,0.54,0.17,0.16,488.81,506.57,,
2019-06-08 03:00:00,2019,6,6,1,3,1,425.24,17.62,88.48,7.59,0.45,0.37,486.69,506.99,,
2019-06-08 04:00:00,2019,6,6,1,4,1,500.4,16.55,85.11,4.6,0.39,0.33,486.14,507.16,425.24,513.5
2019-06-08 21:00:00,2019,6,6,1,21,1,417.06,23.21,37.81,2.41,0.06,0.06,477.25,503.63,,
2019-06-09 05:00:00,2019,6,7,1,5,1,480.44,18.8,38.65,14.85,0.5,0.41,478.52,503.53,,
2019-06-09 10:00:00,2019,6,7,1,10,1,570.99,22.82,38.77,6.76,0.0,0.0,490.2,503.54,,
2019-06-09 17:00:00,2019,6,7,1,17,1,615.08,33.79,85.02,8.08,0.53,0.43,500.91,505.21,,
2019-06-09 18:00:00,2019,6,7,1,18,1,573.37,27.18,57.98,1.02,0.14,0.13,506.2,505.88,648.48,
2019-06-09 21:00:00,2019,6,7,1,21,1,537.68,21.55,30.43,9.74,0.01,0.01,508.39,506.0,,417.06
2019-06-10 04:00:00,2019,6,1,0,4,0,542.92,15.0,33.44,2.49,0.24,0.22,515.44,506.49,,
2019-06-10 08:00:00,2019,6,1,0,8,0,397.45,29.8,71.81,3.15,0.28,0.25,513.3,506.01,,
2019-06-10 09:00:00,2019,6,1,0,9,0,515.5,19.97,85.65,3.28,0.19,0.17,513.82,506.3,397.45,
2019-06-10 13:00:00,2019,6,1,0,13,0,577.86,27.65,42.03,12.26,0.07,0.07,516.59,507.17,,
2019-06-10 16:00:00,2019,6,1,0,16,0,583.8,30.29,57.77,0.14,0.09,0.09,522.46,508.36,,
2019-06-10 19:00:00,2019,6,1,0,19,0,512.11,22.57,32.22,10.82,0.1,0.1,517.38,508.39,,
2019-06-10 23:00:00,2019,6,1,0,23,0,497.77,23.53,74.62,8.79,0.48,0.39,510.57,508.28,,
2019-06-11 03:00:00,2019,6,2,0,3,0,483.19,22.05,41.25,6.15,0.04,0.04,504.77,507.95,,
2019-06-11 06:00:00,2019,6,2,0,6,0,596.46,40.0,88.43,0.69,0.58,0.46,503.11,508.26,,
2019-06-11 11:00:00,2019,6,2,0,11,0,569.35,24.19,33.99,13.51,0.06,0.06,501.56,508.34,,
2019-06-11 15:00:00,2019,6,2,0,15,0,482.07,34.09,56.43,5.55,0.13,0.12,504.65,508.14,,
2019-06-11 16:00:00,2019,6,2,0,16,0,427.49,28.59,51.25,1.68,0.19,0.17,498.14,507.6,482.07,583.8
2019-06-12 02:00:00,2019,6,3,0,2,0,567.97,34.05,83.33,11.59,0.25,0.22,511.31,509.28,,
2019-06-12 11:00:00,2019,6,3,0,11,0,530.82,26.06,70.88,5.3,0.04,0.04,521.33,509.92,,569.35
2019-06-12 14:00:00,2019,6,3,0,14,0,454.88,18.1,78.37,2.27,0.11,0.1,513.43,510.24,,
2019-06-13 06:00:00,2019,6,4,0,6,0,551.94,24.05,70.3,14.35,0.07,0.07,502.47,510.69,,
2019-06-13 08:00:00,2019,6,4,0,8,0,523.93,22.17,41.11,3.34,0.19,0.17,497.72,510.97,,
2019-06-13 09:00:00,2019,6,4,0,9,0,507.8,24.56,51.57,2.65,0.19,0.17,496.69,510.76,523.93,
2019-06-13 15:00:00,2019,6,4,0,15,0,492.99,29.87,64.55,10.7,0.19,0.17,492.12,508.95,,
2019-06-13 17:00:00,2019,6,4,0,17,0,495.34,20.06,32.27,13.89,0.21,0.19,496.45,509.44,,
2019-06-14 05:00:00,2019,6,5,0,5,0,525.28,31.09,87.59,2.08,0.0,0.0,499.34,509.23,,
2019-06-14 06:00:00,2019,6,5,0,6,0,449.6,33.3,79.23,1.16,0.55,0.44,495.08,509.14,525.28,551.94
2019-06-14 12:00:00,2019,6,5,0,12,0,615.08,16.05,52.72,4.88,0.08,0.08,501.24,510.72,,
2019-06-14 15:00:00,2019,6,5,0,15,0,543.45,24.57,58.0,0.05,0.45,0.37,506.24,511.54,,492.99
2019-06-14 16:00:00,2019,6,5,0,16,0,493.78,31.23,41.77,6.15,0.02,0.02,503.54,511.7,543.45,
2019-06-15 05:00:00,2019,6,6,1,5,1,549.77,24.21,61.12,11.08,0.37,0.31,503.99,512.16,,525.28
2019-06-15 12:00:00,2019,6,6,1,12,1,427.14,28.65,86.31,8.93,0.34,0.29,498.4,513.02,,664.21
2019-06-15 13:00:00,2019,6,6,1,13,1,602.02,20.75,50.2,0.96,0.39,0.33,501.02,513.77,427.14,
2019-06-15 16:00:00,2019,6,6,1,16,1,461.51,23.82,31.49,0.55,0.21,0.19,497.2,513.81,,493.78
2019-06-15 19:00:00,2019,6,6,1,19,1,547.02,28.93,89.87,8.31,0.09,0.09,500.25,514.98,,
2019-06-16 06:00:00,2019,6,7,1,6,1,428.35,38.36,86.89,7.76,0.08,0.08,502.9,515.99,,
2019-06-16 09:00:00,2019,6,7,1,9,1,511.01,26.58,50.43,2.14,0.42,0.35,505.15,516.07,,
2019-06-16 13:00:00,2019,6,7,1,13,1,458.76,20.89,68.86,11.99,0.75,0.56,501.11,515.12,,602.02
2019-06-16 14:00:00,2019,6,7,1,14,1,529.34,32.19,80.39,5.91,0.1,0.1,503.18,515.65,458.76,
2019-06-16 15:00:00,2019,6,7,1,15,1,486.55,24.19,46.04,12.64,0.14,0.13,503.0,515.14,529.34,
2019-06-17 05:00:00,2019,6,1,0,5,0,536.15,15.6,71.73,8.84,0.18,0.17,507.98,515.08,,
2019-06-17 13:00:00,2019,6,1,0,13,0,431.81,15.5,54.42,4.33,0.09,0.09,507.98,513.87,,458.76
2019-06-17 15:00:00,2019,6,1,0,15,0,465.96,23.27,52.63,4.36,0.08,0.08,506.74,513.61,,486.55
2019-06-17 20:00:00,2019,6,1,0,20,0,451.18,15.0,37.58,11.76,0.23,0.21,497.51,512.2,,
2019-06-17 22:00:00,2019,6,1,0,22,0,522.45,32.47,33.55,6.42,0.16,0.15,499.15,512.86,,
2019-06-17 23:00:00,2019,6,1,0,23,0,587.41,17.02,67.0,6.74,0.61,0.48,502.4,513.41,522.45,
2019-06-18 00:00:00,2019,6,2,0,0,0,584.13,30.8,66.82,2.88,0.15,0.14,506.41,514.62,587.41,
2019-06-18 01:00:00,2019,6,2,0,1,0,482.89,26.57,41.98,11.38,0.45,0.37,505.46,514.39,584.13,
2019-06-18 10:00:00,2019,6,2,0,10,0,488.61,31.68,39.0,13.0,0.11,0.1,504.83,514.87,,
2019-06-18 23:00:00,2019,6,2,0,23,0,469.28,15.0,40.9,12.16,0.03,0.03,501.29,512.85,,587.41
2019-06-19 08:00:00,2019,6,3,0,8,0,472.72,27.15,33.2,8.97,0.13,0.12,498.29,511.99,,
2019-06-19 13:00:00,2019,6,3,0,13,0,444.99,31.41,56.14,9.37,0.22,0.2,503.29,511.16,,
2019-06-19 14:00:00,2019,6,3,0,14,0,546.96,18.4,57.47,1.03,0.14,0.13,505.69,511.72,444.99,
2019-06-19 15:00:00,2019,6,3,0,15,0,466.44,15.0,89.54,6.6,0.02,0.02,504.96,511.62,546.96,
2019-06-20 03:00:00,2019,6,4,0,3,0,490.91,28.49,69.88,4.15,0.13,0.12,495.12,512.18,,
2019-06-20 05:00:00,2019,6,4,0,5,0,501.83,16.91,84.63,5.38,0.03,0.03,498.22,512.5,,
2019-06-20 08:00:00,2019,6,4,0,8,0,421.34,26.16,57.08,1.53,0.2,0.18,495.68,511.7,,472.72
2019-06-20 14:00:00,2019,6,4,0,14,0,441.55,25.52,39.78,10.0,0.15,0.14,495.55,512.28,,546.96
2019-06-20 18:00:00,2019,6,4,0,18,0,500.52,23.15,53.61,4.11,0.0,0.0,491.6,511.85,,
2019-06-21 04:00:00,2019,6,5,0,4,0,524.73,16.69,83.3,10.58,0.2,0.18,494.9,511.99,,
2019-06-21 19:00:00,2019,6,5,0,19,0,508.52,30.65,47.33,11.05,0.35,0.3,491.2,509.14,,
2019-06-21 23:00:00,2019,6,5,0,23,0,500.58,17.82,88.09,14.4,0.14,0.13,491.37,509.4,,
2019-06-22 04:00:00,2019,6,6,1,4,1,433.47,18.66,66.76,3.82,0.84,0.61,486.42,509.58,,524.73
2019-06-22 06:00:00,2019,6,6,1,6,1,482.58,16.42,70.19,10.97,0.57,0.45,486.03,508.69,,
2019-06-22 08:00:00,2019,6,6,1,8,1,497.89,21.17,74.5,13.33,0.14,0.13,487.29,509.06,,
2019-06-22 15:00:00,2019,6,6,1,15,1,525.44,23.93,42.81,13.62,0.35,0.3,493.19,509.48,,
2019-06-22 21:00:00,2019,6,6,1,21,1,502.11,23.17,59.55,6.49,0.06,0.06,490.66,507.73,,
2019-06-23 05:00:00,2019,6,7,1,5,1,487.02,35.28,75.01,1.34,0.25,0.22,502.42,508.3,,
2019-06-23 06:00:00,2019,6,7,1,6,1,458.4,23.64,63.55,14.1,0.09,0.09,501.41,508.48,487.02,482.58
2019-06-23 11:00:00,2019,6,7,1,11,1,383.28,26.87,59.83,0.91,0.3,0.26,490.55,507.26,,
2019-06-23 21:00:00,2019,6,7,1,21,1,499.56,19.8,88.55,11.41,0.07,0.07,492.12,505.83,,502.11
2019-06-24 00:00:00,2019,6,1,0,0,0,548.26,34.87,86.97,13.97,0.35,0.3,491.23,506.08,,
2019-06-24 11:00:00,2019,6,1,0,11,0,451.29,18.22,88.18,5.15,0.12,0.11,498.32,505.91,,371.09
2019-06-24 14:00:00,2019,6,1,0,14,0,532.69,29.44,39.81,5.88,0.12,0.11,500.65,506.73,,
2019-06-24 19:00:00,2019,6,1,0,19,0,450.26,18.95,74.8,12.87,0.22,0.2,509.14,507.13,,
2019-06-24 21:00:00,2019,6,1,0,21,0,539.44,31.44,78.87,10.69,0.03,0.03,507.55,507.18,,499.56
2019-06-24 23:00:00,2019,6,1,0,23,0,436.44,15.0,82.36,11.3,0.13,0.12,507.44,506.44,,
2019-06-25 07:00:00,2019,6,2,0,7,0,457.32,25.79,60.69,2.96,0.13,0.12,504.22,506.05,,
2019-06-25 08:00:00,2019,6,2,0,8,0,513.19,35.09,78.34,8.95,0.15,0.14,507.24,505.65,457.32,
2019-06-25 09:00:00,2019,6,2,0,9,0,512.05,31.25,76.17,7.88,0.13,0.12,506.0,506.03,513.19,
2019-06-25 11:00:00,2019,6,2,0,11,0,541.62,40.0,43.97,12.03,0.2,0.18,507.67,506.27,,451.29
2019-06-25 20:00:00,2019,6,2,0,20,0,435.93,21.45,31.86,2.82,0.24,0.22,504.12,506.89,,
2019-06-25 21:00:00,2019,6,2,0,21,0,496.41,29.39,45.8,4.2,0.09,0.09,502.33,506.65,435.93,539.44
2019-06-26 02:00:00,2019,6,3,0,2,0,458.58,33.4,72.36,8.78,0.25,0.22,496.11,506.2,,
2019-06-26 04:00:00,2019,6,3,0,4,0,476.87,22.86,87.6,0.4,0.07,0.07,491.81,504.8,,
2019-06-26 06:00:00,2019,6,3,0,6,0,487.89,22.69,73.91,6.37,0.06,0.06,492.56,505.02,,
2019-06-26 09:00:00,2019,6,3,0,9,0,384.76,33.48,73.59,5.16,0.25,0.22,489.96,504.36,,512.05
2019-06-26 16:00:00,2019,6,3,0,16,0,500.59,26.35,84.51,3.01,0.02,0.02,483.79,505.05,,
2019-06-26 20:00:00,2019,6,3,0,20,0,492.59,29.15,40.25,9.55,0.17,0.16,485.11,504.46,,435.93
2019-06-26 21:00:00,2019,6,3,0,21,0,455.67,40.0,77.65,11.86,0.29,0.25,483.41,504.37,492.59,496.41
2019-06-27 05:00:00,2019,6,4,0,5,0,596.32,18.94,68.46,11.53,0.29,0.25,490.48,504.03,,
2019-06-27 11:00:00,2019,6,4,0,11,0,487.31,22.32,70.79,11.67,0.05,0.05,486.14,502.77,,
2019-06-28 00:00:00,2019,6,5,0,0,0,508.32,40.0,33.27,2.87,0.0,0.0,504.19,505.65,,
2019-06-28 01:00:00,2019,6,5,0,1,0,561.81,23.85,60.83,6.13,0.54,0.43,507.48,505.94,508.32,
2019-06-28 03:00:00,2019,6,5,0,3,0,542.72,28.07,64.65,12.61,0.07,0.07,513.41,506.68,,
2019-06-28 07:00:00,2019,6,5,0,7,0,566.93,24.7,56.7,10.59,0.16,0.15,522.92,507.77,,
2019-06-28 08:00:00,2019,6,5,0,8,0,455.18,17.32,36.36,11.55,0.27,0.24,524.69,507.43,566.93,
2019-06-28 09:00:00,2019,6,5,0,9,0,475.72,25.56,69.62,14.88,0.09,0.09,521.44,507.26,455.18,
2019-06-29 06:00:00,2019,6,6,1,6,1,523.22,22.4,30.98,14.54,0.08,0.08,515.35,511.67,,
2019-06-29 10:00:00,2019,6,6,1,10,1,615.08,17.93,79.37,3.69,0.13,0.12,522.84,513.43,,
2019-06-29 13:00:00,2019,6,6,1,13,1,472.56,30.3,89.8,3.82,0.28,0.25,522.38,513.11,,
2019-06-29 19:00:00,2019,6,6,1,19,1,468.19,15.0,56.3,12.39,0.56,0.44,518.76,514.31,,
2019-06-29 21:00:00,2019,6,6,1,21,1,592.75,37.6,75.77,5.47,0.16,0.15,518.45,514.78,,
2019-06-30 02:00:00,2019,6,7,1,2,1,474.59,15.0,85.64,6.14,0.1,0.1,526.93,514.16,,
2019-06-30 18:00:00,2019,6,7,1,18,1,504.96,29.31,32.14,12.96,0.29,0.25,512.02,517.29,,
2019-07-01 00:00:00,2019,7,1,0,0,0,517.92,27.88,45.41,8.77,0.03,0.03,498.87,516.32,,
2019-07-01 04:00:00,2019,7,1,0,4,0,472.66,28.91,46.68,0.23,0.13,0.12,494.79,515.16,,
2019-07-01 10:00:00,2019,7,1,0,10,0,615.08,15.0,60.67,5.55,0.03,0.03,501.04,515.98,,
2019-07-01 14:00:00,2019,7,1,0,14,0,417.27,25.15,31.36,10.8,0.15,0.14,498.37,515.23,,
2019-07-01 16:00:00,2019,7,1,0,16,0,515.74,30.67,40.1,5.93,0.1,0.1,495.46,515.3,,
2019-07-01 20:00:00,2019,7,1,0,20,0,517.49,20.02,79.8,5.39,0.72,0.54,492.6,515.35,,
2019-07-02 01:00:00,2019,7,2,0,1,0,547.05,22.46,79.7,0.56,0.09,0.09,497.26,513.83,,
2019-07-02 02:00:00,2019,7,2,0,2,0,498.82,31.16,83.49,14.09,0.21,0.19,501.07,514.11,547.05,
2019-07-02 03:00:00,2019,7,2,0,3,0,560.81,30.89,48.17,6.33,0.92,0.65,501.9,513.99,498.82,
2019-07-02 11:00:00,2019,7,2,0,11,0,492.78,19.18,75.43,7.53,0.06,0.06,495.9,514.38,,
2019-07-02 22:00:00,2019,7,2,0,22,0,539.61,23.9,84.08,13.0,0.43,0.36,504.45,515.26,,
2019-07-03 00:00:00,2019,7,3,0,0,0,454.69,33.22,41.54,8.12,0.29,0.25,506.89,514.57,,
2019-07-03 02:00:00,2019,7,3,0,2,0,415.08,23.13,76.73,9.67,0.1,0.1,504.16,515.28,,498.82
2019-07-03 08:00:00,2019,7,3,0,8,0,495.92,32.41,88.78,14.26,0.29,0.25,502.83,515.87,,
2019-07-03 15:00:00,2019,7,3,0,15,0,414.63,28.55,67.2,4.73,0.07,0.07,496.66,515.74,,
2019-07-03 16:00:00,2019,7,3,0,16,0,470.79,30.9,70.51,13.32,0.05,0.05,496.69,515.56,414.63,
2019-07-03 20:00:00,2019,7,3,0,20,0,470.7,16.61,58.05,11.16,0.08,0.08,499.88,517.01,,
2019-07-03 22:00:00,2019,7,3,0,22,0,532.72,29.29,30.23,13.96,0.04,0.04,501.61,517.88,,539.61
2019-07-04 01:00:00,2019,7,4,0,1,0,599.44,18.16,86.81,1.11,0.0,0.0,506.33,518.78,,
2019-07-04 03:00:00,2019,7,4,0,3,0,511.71,29.12,70.77,14.54,0.04,0.04,507.49,518.65,,
2019-07-04 16:00:00,2019,7,4,0,16,0,474.1,18.47,82.22,10.82,0.17,0.16,513.33,518.48,,470.79
2019-07-04 20:00:00,2019,7,4,0,20,0,567.29,24.6,85.44,3.63,0.2,0.18,501.75,517.22,,470.7
2019-07-05 05:00:00,2019,7,5,0,5,0,433.94,17.65,76.35,4.82,0.1,0.1,501.11,516.22,,
2019-07-05 14:00:00,2019,7,5,0,14,0,472.18,28.69,89.57,10.06,0.3,0.26,503.91,516.44,,
2019-07-06 02:00:00,2019,7,6,1,2,1,505.76,28.65,87.81,8.0,0.2,0.18,524.1,518.51,,
2019-07-06 12:00:00,2019,7,6,1,12,1,391.87,25.18,62.41,2.89,0.02,0.02,511.77,515.72,,
2019-07-06 14:00:00,2019,7,6,1,14,1,535.28,21.93,62.11,1.69,0.0,0.0,519.45,516.29,,472.18
2019-07-06 16:00:00,2019,7,6,1,16,1,413.49,21.21,75.18,0.59,0.26,0.23,514.38,515.5,,
2019-07-06 23:00:00,2019,7,6,1,23,1,491.56,24.13,34.08,2.12,0.06,0.06,503.45,513.69,,
2019-07-07 01:00:00,2019,7,7,1,1,1,421.55,21.93,47.27,11.23,0.02,0.02,493.56,513.41,,
2019-07-07 05:00:00,2019,7,7,1,5,1,478.89,19.11,89.57,0.52,0.16,0.15,492.3,513.42,,
2019-07-07 06:00:00,2019,7,7,1,6,1,489.1,23.6,42.26,11.01,0.44,0.36,495.19,512.99,478.89,
2019-07-07 08:00:00,2019,7,7,1,8,1,592.76,27.87,61.71,4.7,0.37,0.31,497.42,513.87,,
2019-07-07 11:00:00,2019,7,7,1,11,1,526.98,28.08,57.12,0.16,0.06,0.06,492.6,513.79,,
2019-07-07 15:00:00,2019,7,7,1,15,1,508.34,24.05,59.55,3.83,0.55,0.44,493.97,513.55,,
2019-07-07 19:00:00,2019,7,7,1,19,1,538.39,31.97,35.69,7.95,0.01,0.01,511.67,514.09,,
2019-07-07 20:00:00,2019,7,7,1,20,1,490.27,26.26,77.62,13.18,0.08,0.08,511.28,513.95,538.39,
2019-07-08 10:00:00,2019,7,1,0,10,0,506.08,25.13,42.89,11.91,0.2,0.18,503.01,513.96,,
2019-07-08 18:00:00,2019,7,1,0,18,0,585.38,20.19,48.38,6.62,0.07,0.07,500.2,514.98,,
2019-07-08 21:00:00,2019,7,1,0,21,0,536.28,15.0,80.15,2.56,0.13,0.12,503.5,516.3,,
2019-07-08 22:00:00,2019,7,1,0,22,0,572.0,28.36,65.66,9.9,0.58,0.46,507.48,516.42,536.28,
2019-07-08 23:00:00,2019,7,1,0,23,0,553.78,19.74,56.26,13.76,0.32,0.28,510.1,516.89,572.0,
2019-07-09 01:00:00,2019,7,2,0,1,0,553.43,21.32,31.09,6.09,0.58,0.46,510.52,517.51,,
2019-07-09 03:00:00,2019,7,2,0,3,0,424.89,24.72,34.09,3.1,0.3,0.26,507.87,516.36,,
2019-07-09 05:00:00,2019,7,2,0,5,0,503.43,30.68,84.23,12.03,0.3,0.26,509.49,516.3,,
2019-07-09 11:00:00,2019,7,2,0,11,0,418.18,34.55,43.78,13.45,0.07,0.07,504.81,515.15,,
2019-07-09 14:00:00,2019,7,2,0,14,0,470.58,15.0,65.23,0.07,0.3,0.26,502.07,514.71,,
2019-07-09 16:00:00,2019,7,2,0,16,0,532.3,18.38,80.87,11.69,0.13,0.12,506.15,515.36,,
2019-07-09 18:00:00,2019,7,2,0,18,0,534.12,22.98,47.87,6.34,0.08,0.08,500.88,514.99,,585.38
2019-07-09 19:00:00,2019,7,2,0,19,0,514.49,31.23,87.14,9.44,0.14,0.13,499.57,514.81,534.12,
2019-07-10 01:00:00,2019,7,3,0,1,0,458.71,15.0,57.54,1.95,0.26,0.23,488.62,514.74,,553.43
2019-07-10 05:00:00,2019,7,3,0,5,0,575.71,30.9,57.91,13.37,0.17,0.16,500.76,515.88,,503.43
2019-07-10 06:00:00,2019,7,3,0,6,0,383.28,18.23,86.53,8.38,0.16,0.15,496.98,515.63,575.71,
2019-07-10 08:00:00,2019,7,3,0,8,0,502.77,17.42,37.05,4.03,0.07,0.07,501.92,515.71,,
2019-07-11 01:00:00,2019,7,4,0,1,0,518.12,21.21,51.32,4.6,0.41,0.34,502.83,514.23,,458.71
2019-07-11 12:00:00,2019,7,4,0,12,0,473.9,29.42,42.15,1.08,0.31,0.27,495.59,513.15,,
2019-07-11 19:00:00,2019,7,4,0,19,0,456.65,24.72,33.91,6.02,1.36,0.86,481.07,513.78,,
2019-07-11 21:00:00,2019,7,4,0,21,0,553.37,29.02,57.09,0.86,0.04,0.04,489.17,513.52,,
2019-07-12 03:00:00,2019,7,5,0,3,0,468.63,24.58,79.8,12.42,0.19,0.17,483.0,511.61,,
2019-07-12 05:00:00,2019,7,5,0,5,0,503.31,39.6,78.33,11.88,0.09,0.09,488.88,511.87,,
2019-07-12 09:00:00,2019,7,5,0,9,0,475.67,21.53,62.07,9.8,0.14,0.13,484.98,510.33,,
2019-07-12 21:00:00,2019,7,5,0,21,0,468.48,17.49,47.75,13.5,0.05,0.05,503.79,511.45,,553.37
2019-07-13 06:00:00,2019,7,6,1,6,1,470.75,33.85,68.5,2.97,0.41,0.34,509.25,510.43,,
2019-07-13 07:00:00,2019,7,6,1,7,1,558.69,28.82,76.43,10.07,0.07,0.07,510.84,510.73,470.75,
2019-07-14 08:00:00,2019,7,7,1,8,1,551.24,31.91,88.77,4.21,0.39,0.33,492.44,509.57,,
2019-07-15 12:00:00,2019,7,1,0,12,0,443.77,16.12,34.19,4.07,0.22,0.2,509.64,510.21,,
2019-07-15 21:00:00,2019,7,1,0,21,0,510.16,26.27,37.96,0.29,0.02,0.02,509.71,508.37,,
2019-07-15 22:00:00,2019,7,1,0,22,0,534.86,23.81,82.07,0.51,0.33,0.29,509.22,508.14,510.16,
2019-07-16 02:00:00,2019,7,2,0,2,0,528.68,15.51,49.5,5.41,0.03,0.03,509.65,507.96,,
2019-07-16 04:00:00,2019,7,2,0,4,0,531.99,25.65,60.58,9.32,0.13,0.12,503.75,508.58,,
2019-07-16 07:00:00,2019,7,2,0,7,0,398.8,17.94,33.39,2.12,0.04,0.04,499.69,508.23,,
2019-07-16 09:00:00,2019,7,2,0,9,0,550.24,19.11,59.83,6.74,0.02,0.02,499.94,508.79,,
2019-07-16 11:00:00,2019,7,2,0,11,0,520.08,37.43,80.56,11.55,0.1,0.1,495.64,509.1,,
2019-07-16 13:00:00,2019,7,2,0,13,0,450.19,32.16,55.35,6.05,0.41,0.34,495.0,508.65,,
2019-07-16 14:00:00,2019,7,2,0,14,0,517.48,16.28,42.23,0.01,0.12,0.11,497.5,508.93,450.19,
2019-07-16 16:00:00,2019,7,2,0,16,0,605.52,19.48,60.01,3.9,0.07,0.07,503.79,509.16,,
2019-07-16 20:00:00,2019,7,2,0,20,0,466.95,27.71,48.98,1.63,0.01,0.01,504.15,508.65,,
2019-07-17 08:00:00,2019,7,3,0,8,0,428.53,31.96,42.18,8.58,0.06,0.06,503.2,508.51,,
2019-07-17 09:00:00,2019,7,3,0,9,0,564.31,22.46,37.38,8.83,0.36,0.31,503.79,508.77,428.53,550.24
2019-07-17 17:00:00,2019,7,3,0,17,0,567.55,28.65,34.78,8.72,0.76,0.57,512.9,509.13,,
2019-07-17 23:00:00,2019,7,3,0,23,0,476.34,33.29,82.99,5.57,0.12,0.11,508.79,510.75,,
2019-07-18 05:00:00,2019,7,4,0,5,0,475.09,28.67,70.71,7.18,0.19,0.17,504.4,510.7,,
2019-07-18 07:00:00,2019,7,4,0,7,0,471.53,24.06,80.78,11.47,0.14,0.13,507.68,511.5,,
2019-07-18 12:00:00,2019,7,4,0,12,0,463.75,18.53,89.6,13.86,0.06,0.06,504.89,510.56,,
2019-07-18 17:00:00,2019,7,4,0,17,0,528.33,15.53,66.14,4.5,0.01,0.01,502.16,512.07,,567.55
2019-07-18 22:00:00,2019,7,4,0,22,0,521.98,31.73,69.48,13.99,0.11,0.1,510.16,513.83,,
2019-07-19 02:00:00,2019,7,5,0,2,0,449.72,29.01,81.19,5.2,0.23,0.21,513.31,514.63,,
2019-07-19 06:00:00,2019,7,5,0,6,0,467.81,15.0,47.12,1.79,0.2,0.18,503.26,513.62,,
2019-07-19 16:00:00,2019,7,5,0,16,0,473.77,31.44,37.96,4.52,0.66,0.51,515.45,514.38,,
2019-07-19 20:00:00,2019,7,5,0,20,0,411.45,32.15,81.16,0.99,0.22,0.2,501.45,512.7,,
2019-07-19 22:00:00,2019,7,5,0,22,0,532.1,30.0,51.17,8.79,0.06,0.06,497.89,512.76,,521.98
2019-07-20 01:00:00,2019,7,6,1,1,1,508.52,20.36,56.27,6.72,0.42,0.35,497.75,513.1,,
2019-07-20 13:00:00,2019,7,6,1,13,1,452.44,24.43,68.16,2.36,0.05,0.05,477.84,511.44,,
2019-07-20 16:00:00,2019,7,6,1,16,1,583.6,29.59,84.23,13.24,0.02,0.02,480.33,512.08,,473.77
2019-07-21 01:00:00,2019,7,7,1,1,1,526.05,18.85,74.69,3.22,0.18,0.17,477.01,511.07,,508.52
2019-07-21 02:00:00,2019,7,7,1,2,1,469.63,23.33,74.55,13.83,0.29,0.25,479.68,510.84,526.05,
2019-07-21 04:00:00,2019,7,7,1,4,1,464.78,30.4,70.53,4.27,0.12,0.11,481.3,510.93,,
2019-07-21 11:00:00,2019,7,7,1,11,1,475.53,21.94,77.28,4.41,0.13,0.12,491.73,511.17,,
2019-07-21 13:00:00,2019,7,7,1,13,1,536.67,35.38,76.44,7.19,0.07,0.07,495.42,511.57,,452.44
2019-07-21 16:00:00,2019,7,7,1,16,1,455.47,34.55,47.88,1.05,0.45,0.37,493.66,511.59,,583.6
2019-07-21 18:00:00,2019,7,7,1,18,1,590.84,25.18,80.16,11.1,0.12,0.11,500.36,512.42,,
2019-07-21 20:00:00,2019,7,7,1,20,1,545.44,15.0,54.42,13.47,0.07,0.07,507.58,513.61,,
2019-07-21 22:00:00,2019,7,7,1,22,1,534.97,15.0,68.51,11.3,0.16,0.15,518.82,513.52,,
2019-07-22 01:00:00,2019,7,1,0,1,0,432.25,37.49,58.9,4.47,0.13,0.12,512.06,513.09,,526.05
2019-07-22 02:00:00,2019,7,1,0,2,0,503.45,18.32,77.44,8.39,0.22,0.2,513.47,513.09,432.25,469.63
2019-07-22 06:00:00,2019,7,1,0,6,0,615.08,24.97,66.01,7.19,0.02,0.02,515.31,511.37,,
2019-07-22 12:00:00,2019,7,1,0,12,0,571.91,16.85,32.15,6.76,0.88,0.63,509.39,511.31,,
2019-07-22 15:00:00,2019,7,1,0,15,0,536.93,36.78,36.78,12.58,0.57,0.45,507.84,512.0,,
2019-07-22 16:00:00,2019,7,1,0,16,0,470.43,15.0,78.71,13.6,0.43,0.36,508.47,512.08,536.93,455.47
2019-07-22 17:00:00,2019,7,1,0,17,0,569.4,29.03,82.54,13.63,0.1,0.1,511.24,512.49,470.43,
2019-07-22 23:00:00,2019,7,1,0,23,0,410.75,23.95,83.46,14.39,0.17,0.16,490.76,511.52,,
2019-07-23 05:00:00,2019,7,2,0,5,0,425.81,20.73,46.94,8.62,0.18,0.17,494.09,509.69,,
2019-07-23 10:00:00,2019,7,2,0,10,0,424.34,37.41,63.48,12.41,0.21,0.19,493.39,510.57,,
2019-07-23 11:00:00,2019,7,2,0,11,0,434.77,30.38,74.51,0.32,0.32,0.28,492.37,510.05,424.34,
2019-07-23 17:00:00,2019,7,2,0,17,0,530.49,26.6,51.5,10.52,0.41,0.34,480.24,509.26,,569.4
2019-07-23 18:00:00,2019,7,2,0,18,0,518.89,33.53,64.04,1.54,0.26,0.23,482.34,508.94,530.49,
2019-07-23 19:00:00,2019,7,2,0,19,0,587.67,26.29,89.22,4.19,0.07,0.07,483.07,509.36,518.89,
2019-07-24 00:00:00,2019,7,3,0,0,0,602.74,23.91,41.72,8.08,0.09,0.09,495.65,510.07,,
2019-07-24 01:00:00,2019,7,3,0,1,0,557.45,35.2,37.87,10.34,0.59,0.46,498.09,510.6,602.74,
2019-07-24 02:00:00,2019,7,3,0,2,0,508.48,22.79,76.81,5.06,0.09,0.09,503.09,510.9,557.45,
2019-07-24 03:00:00,2019,7,3,0,3,0,510.02,28.97,44.43,14.85,0.14,0.13,502.72,510.73,508.48,
2019-07-24 04:00:00,2019,7,3,0,4,0,572.24,20.05,30.55,5.61,0.19,0.17,506.85,511.24,510.02,
2019-07-24 05:00:00,2019,7,3,0,5,0,528.98,15.0,47.93,10.7,0.04,0.04,511.15,511.44,572.24,425.81
2019-07-24 08:00:00,2019,7,3,0,8,0,523.06,40.0,35.61,13.62,0.01,0.01,507.68,511.65,,
2019-07-24 14:00:00,2019,7,3,0,14,0,589.16,19.12,77.39,14.17,0.34,0.29,525.44,512.71,,
2019-07-24 15:00:00,2019,7,3,0,15,0,503.72,15.0,33.08,5.74,0.1,0.1,526.93,512.57,589.16,
2019-07-24 18:00:00,2019,7,3,0,18,0,489.27,26.96,60.46,12.79,0.27,0.24,526.93,512.35,,518.89
2019-07-24 20:00:00,2019,7,3,0,20,0,482.31,30.27,70.6,3.11,0.13,0.12,526.93,512.9,,
2019-07-25 03:00:00,2019,7,4,0,3,0,543.26,32.64,85.38,11.95,0.08,0.08,523.24,513.55,,510.02
2019-07-25 05:00:00,2019,7,4,0,5,0,573.57,28.89,87.7,14.72,0.03,0.03,523.54,514.23,,528.98
2019-07-25 15:00:00,2019,7,4,0,15,0,514.81,23.71,41.49,6.59,0.2,0.18,519.52,515.19,,503.72
2019-07-25 20:00:00,2019,7,4,0,20,0,465.72,34.43,69.82,12.18,0.4,0.34,514.68,513.62,,482.31
2019-07-25 22:00:00,2019,7,4,0,22,0,453.56,33.83,60.96,8.47,0.01,0.01,506.53,512.39,,
2019-07-26 01:00:00,2019,7,5,0,1,0,557.61,25.56,63.81,3.49,0.13,0.12,511.17,512.43,,
2019-07-26 05:00:00,2019,7,5,0,5,0,531.45,26.24,64.08,13.38,0.1,0.1,502.83,513.15,,573.57
2019-07-26 17:00:00,2019,7,5,0,17,0,466.69,17.7,77.35,7.21,0.14,0.13,484.2,510.35,,
2019-07-27 04:00:00,2019,7,6,1,4,1,575.56,28.8,57.84,11.94,0.03,0.03,505.54,513.76,,
2019-07-27 06:00:00,2019,7,6,1,6,1,551.07,21.83,48.96,10.39,0.03,0.03,504.92,513.69,,
2019-07-27 17:00:00,2019,7,6,1,17,1,470.17,34.37,54.63,9.91,0.11,0.1,503.15,513.76,,466.69
2019-07-27 20:00:00,2019,7,6,1,20,1,611.02,19.94,61.91,14.72,0.14,0.13,501.88,514.85,,
2019-07-28 00:00:00,2019,7,7,1,0,1,478.95,28.62,43.56,14.12,0.21,0.19,497.61,515.38,,
2019-07-28 05:00:00,2019,7,7,1,5,1,425.64,25.67,65.83,10.63,0.44,0.36,494.72,515.25,,
2019-07-28 07:00:00,2019,7,7,1,7,1,494.94,34.89,64.72,12.72,0.34,0.29,492.16,515.26,,
2019-07-28 22:00:00,2019,7,7,1,22,1,491.85,29.43,59.25,5.5,0.04,0.04,490.17,511.98,,
2019-07-29 15:00:00,2019,7,1,0,15,0,522.04,40.0,72.66,13.06,0.07,0.07,488.65,511.3,,
2019-07-29 17:00:00,2019,7,1,0,17,0,510.53,24.55,55.22,8.17,0.23,0.21,492.71,511.4,,
2019-07-30 00:00:00,2019,7,2,0,0,0,505.55,20.59,30.05,3.34,0.01,0.01,495.72,511.68,,
2019-07-30 02:00:00,2019,7,2,0,2,0,615.08,30.46,57.97,13.93,0.12,0.11,499.65,512.58,,
2019-07-30 10:00:00,2019,7,2,0,10,0,597.18,21.34,67.67,7.38,0.17,0.16,507.14,514.12,,
2019-07-30 14:00:00,2019,7,2,0,14,0,485.65,30.71,33.87,14.75,0.21,0.19,508.42,514.2,,
2019-07-30 19:00:00,2019,7,2,0,19,0,508.5,23.1,58.71,9.3,0.19,0.17,503.53,514.04,,
2019-07-30 22:00:00,2019,7,2,0,22,0,498.11,32.71,76.78,4.54,0.01,0.01,503.74,514.15,,
2019-07-31 02:00:00,2019,7,3,0,2,0,557.66,15.01,82.59,1.22,0.08,0.08,518.44,514.82,,622.09
2019-07-31 08:00:00,2019,7,3,0,8,0,501.17,35.99,36.4,1.41,0.06,0.06,516.97,514.01,,
2019-07-31 11:00:00,2019,7,3,0,11,0,581.74,19.61,77.74,14.05,0.27,0.24,513.85,513.61,,
2019-07-31 17:00:00,2019,7,3,0,17,0,505.08,18.66,82.21,3.36,0.12,0.11,523.85,512.67,,
2019-07-31 18:00:00,2019,7,3,0,18,0,507.2,28.52,61.09,14.03,0.05,0.05,523.23,512.78,505.08,
2019-08-01 09:00:00,2019,8,4,0,9,0,479.31,27.18,48.5,0.89,0.01,0.01,512.29,511.99,,
2019-08-01 10:00:00,2019,8,4,0,10,0,505.63,15.0,43.81,14.79,0.02,0.02,515.04,511.42,479.31,
2019-08-01 14:00:00,2019,8,4,0,14,0,457.2,22.35,67.95,6.17,0.29,0.25,514.41,512.12,,
2019-08-01 19:00:00,2019,8,4,0,19,0,514.55,23.94,86.05,1.25,0.22,0.2,516.59,512.7,,
2019-08-01 23:00:00,2019,8,4,0,23,0,509.64,29.68,85.15,10.73,0.13,0.12,511.92,514.06,,
2019-08-03 09:00:00,2019,8,6,1,9,1,395.28,36.06,56.92,1.4,0.03,0.03,497.04,511.26,,
2019-08-03 13:00:00,2019,8,6,1,13,1,566.13,25.58,39.22,9.31,0.06,0.06,491.43,512.21,,
2019-08-03 16:00:00,2019,8,6,1,16,1,581.19,34.88,56.95,7.62,0.42,0.35,496.79,513.61,,
2019-08-03 18:00:00,2019,8,6,1,18,1,504.62,34.97,76.35,14.48,0.06,0.06,492.41,513.95,,
2019-08-04 00:00:00,2019,8,7,1,0,1,545.13,26.2,84.27,1.17,0.16,0.15,483.98,512.77,,
2019-08-04 02:00:00,2019,8,7,1,2,1,498.93,29.42,75.01,1.03,0.17,0.16,487.24,512.84,,
2019-08-04 06:00:00,2019,8,7,1,6,1,400.0,28.96,40.37,9.89,0.02,0.02,492.73,513.2,,
2019-08-04 07:00:00,2019,8,7,1,7,1,395.09,17.87,66.27,12.4,0.13,0.12,490.03,512.59,400.0,
2019-08-04 13:00:00,2019,8,7,1,13,1,485.23,33.91,89.6,14.78,0.12,0.11,494.44,512.01,,566.13
2019-08-04 21:00:00,2019,8,7,1,21,1,455.06,27.84,75.18,13.92,0.03,0.03,501.91,513.16,,
2019-08-04 23:00:00,2019,8,7,1,23,1,473.84,15.0,85.15,10.1,0.25,0.22,488.85,512.35,,
2019-08-05 02:00:00,2019,8,1,0,2,0,615.08,28.67,65.84,13.68,0.08,0.08,492.1,513.67,,498.93
2019-08-05 05:00:00,2019,8,1,0,5,0,528.44,38.56,33.69,9.02,1.22,0.8,493.68,514.36,,
2019-08-05 12:00:00,2019,8,1,0,12,0,428.54,26.07,65.01,3.43,0.27,0.24,507.76,515.46,,
2019-08-05 14:00:00,2019,8,1,0,14,0,577.67,27.81,68.88,0.77,0.01,0.01,512.9,516.52,,
2019-08-05 19:00:00,2019,8,1,0,19,0,504.06,28.13,51.99,14.98,0.16,0.15,514.98,516.22,,
2019-08-05 20:00:00,2019,8,1,0,20,0,508.94,28.05,66.4,12.97,0.6,0.47,514.08,516.39,504.06,
2019-08-06 01:00:00,2019,8,2,0,1,0,449.47,35.32,53.17,9.82,0.0,0.0,523.36,516.87,,
2019-08-06 02:00:00,2019,8,2,0,2,0,487.28,26.88,78.16,1.54,0.14,0.13,515.99,516.05,449.47,664.29
2019-08-06 04:00:00,2019,8,2,0,4,0,507.4,29.95,74.42,11.31,0.08,0.08,510.68,516.24,,
2019-08-06 08:00:00,2019,8,2,0,8,0,544.02,21.0,73.34,6.17,0.26,0.23,506.73,516.34,,
2019-08-06 12:00:00,2019,8,2,0,12,0,565.75,15.0,48.23,8.98,0.41,0.34,509.82,515.83,,428.54
2019-08-06 15:00:00,2019,8,2,0,15,0,496.48,21.51,65.08,7.31,0.15,0.14,504.29,516.24,,
2019-08-06 21:00:00,2019,8,2,0,21,0,433.53,29.47,79.1,1.43,0.28,0.25,501.23,515.29,,
2019-08-07 01:00:00,2019,8,3,0,1,0,429.71,29.19,46.33,14.31,0.18,0.17,494.95,513.06,,449.47
2019-08-07 03:00:00,2019,8,3,0,3,0,530.91,22.61,84.44,4.34,0.0,0.0,494.61,512.9,,
2019-08-07 04:00:00,2019,8,3,0,4,0,520.83,31.7,59.15,8.41,0.38,0.32,495.17,512.95,530.91,507.4
2019-08-07 05:00:00,2019,8,3,0,5,0,480.72,23.11,30.43,10.34,0.1,0.1,495.71,513.24,520.83,
2019-08-07 07:00:00,2019,8,3,0,7,0,505.36,34.24,36.03,4.4,0.21,0.19,496.48,513.09,,
2019-08-07 09:00:00,2019,8,3,0,9,0,489.46,32.79,52.9,11.93,0.28,0.25,493.04,512.64,,
2019-08-07 13:00:00,2019,8,3,0,13,0,475.15,15.0,71.42,1.51,0.02,0.02,502.14,513.79,,
2019-08-07 14:00:00,2019,8,3,0,14,0,495.75,21.23,89.4,7.24,0.01,0.01,501.12,513.81,475.15,
2019-08-07 17:00:00,2019,8,3,0,17,0,595.1,32.55,67.02,7.22,0.01,0.01,501.24,513.09,,
2019-08-07 21:00:00,2019,8,3,0,21,0,447.33,15.0,73.58,1.91,0.2,0.18,501.55,512.34,,433.53
2019-08-08 03:00:00,2019,8,4,0,3,0,493.33,33.61,55.43,7.96,0.1,0.1,508.58,511.98,,530.91
2019-08-08 07:00:00,2019,8,4,0,7,0,551.39,33.13,63.87,0.26,0.25,0.22,505.61,511.37,,505.36
2019-08-08 13:00:00,2019,8,4,0,13,0,574.26,25.71,52.78,9.06,0.28,0.25,497.92,511.17,,475.15
2019-08-08 20:00:00,2019,8,4,0,20,0,561.23,16.95,51.65,12.88,0.13,0.12,499.9,510.46,,
2019-08-09 04:00:00,2019,8,5,0,4,0,506.24,15.0,65.23,11.3,0.29,0.25,502.29,510.89,,
2019-08-09 05:00:00,2019,8,5,0,5,0,460.87,22.82,52.55,6.15,0.02,0.02,502.56,510.65,506.24,
2019-08-09 09:00:00,2019,8,5,0,9,0,451.98,35.95,64.57,6.47,0.22,0.2,498.33,510.69,,
2019-08-09 14:00:00,2019,8,5,0,14,0,496.1,18.62,56.78,1.92,0.21,0.19,488.72,508.86,,
2019-08-09 21:00:00,2019,8,5,0,21,0,463.92,38.7,77.15,3.73,0.26,0.23,496.95,509.91,,
2019-08-10 03:00:00,2019,8,6,1,3,1,452.8,25.98,89.51,6.71,0.03,0.03,493.17,509.54,,
2019-08-10 04:00:00,2019,8,6,1,4,1,450.52,26.16,59.25,7.56,0.17,0.16,490.85,509.25,452.8,506.24
2019-08-10 10:00:00,2019,8,6,1,10,1,613.13,17.94,79.82,13.75,0.04,0.04,496.98,510.81,,
2019-08-10 19:00:00,2019,8,6,1,19,1,469.0,15.0,88.35,12.16,0.24,0.22,497.76,510.94,,
2019-08-10 21:00:00,2019,8,6,1,21,1,474.31,26.1,71.42,11.46,0.06,0.06,494.71,511.93,,463.92
2019-08-11 02:00:00,2019,8,7,1,2,1,499.22,31.95,85.99,9.69,0.07,0.07,493.2,510.37,,
2019-08-11 07:00:00,2019,8,7,1,7,1,468.6,17.94,73.8,4.13,0.43,0.36,493.79,509.75,,
2019-08-11 21:00:00,2019,8,7,1,21,1,388.7,36.87,60.37,4.11,0.32,0.28,496.81,511.18,,474.31
2019-08-11 23:00:00,2019,8,7,1,23,1,476.5,37.31,80.55,4.34,0.12,0.11,493.97,511.86,,
2019-08-12 03:00:00,2019,8,1,0,3,0,519.3,24.14,42.34,7.86,0.07,0.07,491.11,509.93,,
2019-08-12 13:00:00,2019,8,1,0,13,0,487.17,29.88,49.21,8.55,0.16,0.15,497.63,508.1,,
2019-08-12 17:00:00,2019,8,1,0,17,0,401.03,28.23,39.39,5.18,0.4,0.34,487.15,506.83,,
2019-08-13 09:00:00,2019,8,2,0,9,0,403.43,28.32,77.49,13.24,0.01,0.01,491.73,505.43,,
2019-08-13 12:00:00,2019,8,2,0,12,0,536.14,25.79,42.27,13.54,0.19,0.17,490.8,505.66,,
2019-08-13 22:00:00,2019,8,2,0,22,0,562.28,27.48,80.42,0.77,0.28,0.25,502.97,507.9,,
2019-08-13 23:00:00,2019,8,2,0,23,0,470.78,29.54,49.59,3.04,0.11,0.1,500.58,508.08,562.28,
2019-08-14 04:00:00,2019,8,3,0,4,0,447.86,17.67,54.13,9.33,0.1,0.1,509.05,508.54,,
2019-08-14 05:00:00,2019,8,3,0,5,0,510.16,28.56,76.66,13.01,0.26,0.23,510.66,508.72,447.86,
2019-08-14 09:00:00,2019,8,3,0,9,0,604.31,18.46,30.41,3.27,0.03,0.03,521.33,509.55,,403.43
2019-08-14 10:00:00,2019,8,3,0,10,0,435.25,23.1,45.98,12.72,0.01,0.01,520.99,508.48,604.31,
2019-08-14 13:00:00,2019,8,3,0,13,0,595.04,40.0,81.57,3.63,0.41,0.34,523.63,509.02,,
2019-08-14 14:00:00,2019,8,3,0,14,0,420.59,19.65,87.36,13.14,0.9,0.64,520.7,508.56,595.04,
2019-08-14 20:00:00,2019,8,3,0,20,0,509.6,29.71,77.63,6.01,0.11,0.1,508.71,507.63,,
2019-08-14 23:00:00,2019,8,3,0,23,0,469.59,23.02,65.56,3.5,0.16,0.15,507.45,508.32,,470.78
2019-08-15 04:00:00,2019,8,4,0,4,0,402.25,21.78,41.62,6.96,0.04,0.04,502.54,507.89,,447.86
2019-08-15 05:00:00,2019,8,4,0,5,0,454.12,23.18,89.01,7.8,0.39,0.33,500.21,507.89,402.25,510.16
2019-08-15 08:00:00,2019,8,4,0,8,0,483.87,15.0,49.59,9.47,0.05,0.05,501.83,508.79,,
2019-08-15 10:00:00,2019,8,4,0,10,0,443.49,24.05,48.67,3.32,0.32,0.28,500.15,508.4,,435.25
2019-08-15 22:00:00,2019,8,4,0,22,0,441.43,30.79,43.44,4.07,0.12,0.11,491.17,506.65,,
2019-08-16 08:00:00,2019,8,5,0,8,0,501.7,26.51,59.93,3.84,0.3,0.26,498.91,508.09,,483.87
2019-08-16 14:00:00,2019,8,5,0,14,0,546.15,34.72,63.32,13.43,0.25,0.22,509.16,510.47,,
2019-08-16 16:00:00,2019,8,5,0,16,0,443.04,30.97,36.09,0.22,0.35,0.3,511.24,509.55,,
2019-08-16 21:00:00,2019,8,5,0,21,0,530.62,18.6,63.61,1.29,0.12,0.11,518.33,510.38,,
2019-08-17 01:00:00,2019,8,6,1,1,1,515.29,34.03,67.06,6.54,0.09,0.09,520.29,510.52,,
2019-08-17 08:00:00,2019,8,6,1,8,1,476.75,16.49,37.27,8.61,0.05,0.05,518.25,512.16,,501.7
2019-08-17 18:00:00,2019,8,6,1,18,1,615.08,24.34,46.91,5.01,0.27,0.24,510.76,512.19,,
2019-08-18 05:00:00,2019,8,7,1,5,1,495.94,36.22,79.46,4.54,0.02,0.02,517.33,514.91,,
2019-08-18 13:00:00,2019,8,7,1,13,1,458.19,33.74,56.87,7.9,0.07,0.07,523.09,516.07,,
2019-08-18 17:00:00,2019,8,7,1,17,1,395.34,24.77,48.82,0.16,0.1,0.1,512.16,514.6,,
2019-08-18 20:00:00,2019,8,7,1,20,1,530.34,21.2,62.21,1.73,0.01,0.01,514.62,514.36,,
2019-08-18 21:00:00,2019,8,7,1,21,1,446.16,15.0,82.72,6.89,0.32,0.28,510.62,514.71,530.34,
2019-08-18 22:00:00,2019,8,7,1,22,1,536.88,25.8,73.06,13.69,0.24,0.22,508.26,515.17,446.16,
2019-08-19 05:00:00,2019,8,1,0,5,0,399.24,32.94,47.96,12.79,0.06,0.06,498.63,514.78,,495.94
2019-08-19 13:00:00,2019,8,1,0,13,0,486.06,33.16,67.91,11.14,0.08,0.08,491.44,515.17,,458.19
2019-08-19 22:00:00,2019,8,1,0,22,0,573.77,15.34,74.84,14.99,0.16,0.15,501.14,516.75,,536.88
2019-08-20 07:00:00,2019,8,2,0,7,0,468.93,31.26,46.48,7.87,0.35,0.3,493.43,515.7,,
2019-08-20 09:00:00,2019,8,2,0,9,0,488.46,29.16,55.62,9.05,0.19,0.17,489.91,516.51,,
2019-08-20 16:00:00,2019,8,2,0,16,0,444.03,19.19,53.17,13.58,0.08,0.08,502.15,516.51,,
2019-08-20 17:00:00,2019,8,2,0,17,0,476.34,30.95,83.64,12.25,0.01,0.01,502.99,516.51,444.03,
2019-08-21 11:00:00,2019,8,3,0,11,0,559.81,24.78,33.03,10.18,0.2,0.18,491.44,512.3,,
2019-08-21 20:00:00,2019,8,3,0,20,0,552.85,25.85,65.41,3.22,0.03,0.03,491.54,512.95,,
2019-08-21 22:00:00,2019,8,3,0,22,0,559.8,35.95,67.03,8.64,0.06,0.06,492.72,512.68,,
2019-08-22 02:00:00,2019,8,4,0,2,0,469.23,35.6,66.19,13.07,0.43,0.36,499.19,512.93,,
2019-08-22 13:00:00,2019,8,4,0,13,0,559.81,25.73,49.93,4.39,0.35,0.3,497.54,513.33,,
2019-08-23 05:00:00,2019,8,5,0,5,0,486.6,26.04,87.89,4.94,0.43,0.36,504.07,514.99,,
2019-08-23 08:00:00,2019,8,5,0,8,0,572.57,15.42,63.64,11.95,0.21,0.19,513.98,515.99,,
2019-08-23 23:00:00,2019,8,5,0,23,0,512.31,23.58,31.07,7.13,0.33,0.29,508.97,513.19,,
2019-08-24 00:00:00,2019,8,6,1,0,1,497.29,33.73,34.48,11.02,0.2,0.18,510.07,513.56,512.31,
2019-08-24 03:00:00,2019,8,6,1,3,1,537.18,22.03,51.3,1.16,0.05,0.05,504.33,513.17,,
2019-08-24 17:00:00,2019,8,6,1,17,1,557.0,36.94,82.5,5.86,0.98,0.68,493.13,511.28,,
2019-08-25 03:00:00,2019,8,7,1,3,1,459.59,23.67,31.91,8.66,0.25,0.22,488.63,508.73,,537.18
2019-08-25 17:00:00,2019,8,7,1,17,1,528.73,15.0,39.18,5.3,0.02,0.02,501.01,509.65,,557.0
2019-08-25 19:00:00,2019,8,7,1,19,1,560.65,24.41,60.55,13.94,0.2,0.18,506.51,509.75,,
2019-08-25 22:00:00,2019,8,7,1,22,1,497.41,27.51,88.69,12.19,0.05,0.05,505.71,509.24,,
2019-08-26 05:00:00,2019,8,1,0,5,0,540.14,32.95,37.58,11.72,0.54,0.43,507.49,510.34,,
2019-08-26 06:00:00,2019,8,1,0,6,0,466.61,40.0,41.14,13.85,0.07,0.07,509.54,509.96,540.14,
2019-08-26 11:00:00,2019,8,1,0,11,0,467.99,18.54,67.49,6.73,0.16,0.15,500.82,509.87,,
2019-08-26 15:00:00,2019,8,1,0,15,0,493.71,18.01,70.67,6.05,0.26,0.23,503.43,509.87,,
2019-08-26 19:00:00,2019,8,1,0,19,0,501.59,25.55,66.5,10.2,0.05,0.05,500.34,509.81,,560.65
2019-08-26 22:00:00,2019,8,1,0,22,0,547.97,34.58,64.07,5.79,0.12,0.11,501.08,509.23,,497.41
2019-08-26 23:00:00,2019,8,1,0,23,0,481.75,26.7,43.4,0.97,0.06,0.06,502.14,509.56,547.97,
2019-08-27 01:00:00,2019,8,2,0,1,0,491.77,22.45,78.9,12.29,0.06,0.06,496.02,509.38,,
2019-08-27 02:00:00,2019,8,2,0,2,0,457.14,18.5,81.49,7.39,0.09,0.09,494.58,509.47,491.77,
2019-08-27 03:00:00,2019,8,2,0,3,0,524.59,18.17,68.28,4.94,0.02,0.02,495.3,509.7,457.14,
2019-08-27 06:00:00,2019,8,2,0,6,0,464.71,15.0,71.01,0.81,0.15,0.14,493.15,509.65,,466.61
2019-08-27 14:00:00,2019,8,2,0,14,0,500.25,15.0,84.49,4.07,0.04,0.04,491.17,508.5,,
2019-08-27 15:00:00,2019,8,2,0,15,0,576.36,26.0,61.34,12.23,0.04,0.04,494.61,508.54,500.25,493.71
2019-08-27 21:00:00,2019,8,2,0,21,0,532.6,15.0,38.11,11.38,0.08,0.08,487.73,508.68,,
2019-08-27 22:00:00,2019,8,2,0,22,0,541.96,25.54,62.52,3.27,0.05,0.05,487.48,508.9,532.6,547.97
2019-08-27 23:00:00,2019,8,2,0,23,0,389.59,24.66,33.9,4.54,0.09,0.09,483.64,509.02,541.96,481.75
2019-08-28 03:00:00,2019,8,3,0,3,0,533.81,18.16,88.14,13.59,0.58,0.46,493.9,509.69,,524.59
2019-08-28 04:00:00,2019,8,3,0,4,0,558.64,29.94,64.67,0.43,0.12,0.11,494.74,510.43,533.81,
2019-08-28 05:00:00,2019,8,3,0,5,0,500.85,27.72,47.65,5.99,0.07,0.07,496.97,510.76,558.64,
2019-08-28 08:00:00,2019,8,3,0,8,0,526.95,34.36,81.78,4.72,0.22,0.2,502.93,511.39,,
2019-08-28 09:00:00,2019,8,3,0,9,0,483.9,26.49,61.28,0.6,0.09,0.09,504.52,511.45,526.95,
2019-08-28 17:00:00,2019,8,3,0,17,0,474.75,27.22,31.05,13.8,0.27,0.24,501.4,509.53,,
2019-08-28 22:00:00,2019,8,3,0,22,0,566.76,25.98,41.12,8.95,0.11,0.1,503.34,510.44,,541.96
2019-08-29 06:00:00,2019,8,4,0,6,0,502.07,35.58,76.59,8.97,0.29,0.25,509.59,511.27,,
2019-08-29 08:00:00,2019,8,4,0,8,0,567.18,18.33,89.89,1.13,0.09,0.09,510.93,511.98,,526.95
2019-08-29 19:00:00,2019,8,4,0,19,0,436.81,28.87,53.94,5.57,0.0,0.0,510.72,511.96,,
2019-08-29 23:00:00,2019,8,4,0,23,0,510.57,21.03,53.66,3.86,0.84,0.61,509.01,510.98,,
2019-08-30 14:00:00,2019,8,5,0,14,0,452.25,15.0,76.92,5.42,0.08,0.08,491.45,509.75,,
2019-08-30 19:00:00,2019,8,5,0,19,0,487.32,18.06,55.93,0.72,0.14,0.13,503.02,509.78,,436.81
2019-08-30 21:00:00,2019,8,5,0,21,0,487.63,15.0,55.24,11.24,0.13,0.12,496.6,509.26,,
2019-08-31 04:00:00,2019,8,6,1,4,1,510.22,25.13,78.4,14.45,0.08,0.08,485.81,507.95,,
2019-08-31 05:00:00,2019,8,6,1,5,1,440.64,16.35,48.58,13.41,0.0,0.0,484.35,507.38,510.22,
2019-08-31 09:00:00,2019,8,6,1,9,1,512.52,15.0,89.41,13.58,0.14,0.13,479.97,507.48,,
2019-08-31 11:00:00,2019,8,6,1,11,1,442.1,24.82,68.82,4.73,0.52,0.42,482.83,507.42,,
2019-08-31 12:00:00,2019,8,6,1,12,1,496.78,28.73,59.54,10.8,0.07,0.07,486.2,507.66,442.1,
2019-08-31 16:00:00,2019,8,6,1,16,1,450.83,31.55,46.54,2.92,0.34,0.29,474.27,507.41,,
2019-08-31 17:00:00,2019,8,6,1,17,1,515.79,24.42,89.71,10.31,0.06,0.06,478.29,507.16,450.83,
2019-08-31 21:00:00,2019,8,6,1,21,1,508.25,25.34,53.71,7.95,0.14,0.13,478.45,507.46,,487.63
2019-09-01 03:00:00,2019,9,7,1,3,1,410.15,32.35,58.75,2.21,0.03,0.03,478.51,506.21,,
2019-09-01 05:00:00,2019,9,7,1,5,1,543.12,29.6,51.82,4.71,0.11,0.1,482.69,506.44,,440.64
2019-09-01 06:00:00,2019,9,7,1,6,1,419.12,29.11,48.3,6.02,0.72,0.54,480.34,506.45,543.12,
2019-09-01 11:00:00,2019,9,7,1,11,1,525.34,29.15,75.99,6.02,0.03,0.03,490.26,506.83,,442.1
2019-09-01 19:00:00,2019,9,7,1,19,1,506.27,36.48,40.97,13.92,0.14,0.13,501.65,506.75,,
2019-09-02 07:00:00,2019,9,1,0,7,0,459.56,27.59,68.88,14.79,0.01,0.01,526.93,509.95,,
2019-09-02 09:00:00,2019,9,1,0,9,0,612.23,25.88,54.14,10.04,0.6,0.47,522.19,509.63,,
2019-09-03 04:00:00,2019,9,2,0,4,0,504.84,24.73,72.05,12.78,0.3,0.26,499.97,509.37,,
2019-09-03 11:00:00,2019,9,2,0,11,0,442.25,26.75,50.35,1.65,0.01,0.01,504.36,511.86,,
2019-09-03 13:00:00,2019,9,2,0,13,0,429.58,19.36,46.9,9.74,0.24,0.22,494.77,510.82,,
2019-09-03 17:00:00,2019,9,2,0,17,0,453.77,22.3,84.02,6.49,0.03,0.03,496.4,510.68,,
2019-09-04 00:00:00,2019,9,3,0,0,0,541.39,22.14,85.44,10.78,0.32,0.28,497.34,511.85,,
2019-09-04 09:00:00,2019,9,3,0,9,0,458.35,31.76,76.19,11.06,0.31,0.27,495.24,510.23,,
2019-09-04 16:00:00,2019,9,3,0,16,0,465.35,24.41,79.04,13.38,0.25,0.22,504.31,511.23,,
2019-09-04 22:00:00,2019,9,3,0,22,0,476.69,17.26,44.47,8.34,0.14,0.13,506.1,511.4,,
2019-09-05 07:00:00,2019,9,4,0,7,0,400.69,40.0,49.49,3.07,0.28,0.25,500.93,509.18,,
2019-09-05 09:00:00,2019,9,4,0,9,0,461.35,30.76,58.8,7.59,0.56,0.44,500.6,508.81,,458.35
2019-09-05 12:00:00,2019,9,4,0,12,0,482.18,37.01,62.66,7.49,0.63,0.49,496.87,508.42,,
2019-09-05 13:00:00,2019,9,4,0,13,0,518.1,15.0,49.22,2.45,0.1,0.1,499.29,508.25,482.18,
2019-09-05 16:00:00,2019,9,4,0,16,0,424.08,22.87,47.01,7.87,0.24,0.22,499.02,508.49,,465.35
2019-09-06 00:00:00,2019,9,5,0,0,0,579.48,33.85,68.93,5.92,0.08,0.08,501.99,509.92,,
2019-09-06 08:00:00,2019,9,5,0,8,0,543.81,37.74,63.85,3.23,0.15,0.14,501.93,509.49,,
2019-09-07 01:00:00,2019,9,6,1,1,1,459.81,30.54,39.39,0.33,0.15,0.14,493.71,511.21,,
2019-09-07 04:00:00,2019,9,6,1,4,1,527.13,32.46,36.42,6.61,0.15,0.14,498.17,511.17,,
2019-09-07 05:00:00,2019,9,6,1,5,1,562.94,16.28,89.43,5.9,0.05,0.05,501.39,511.91,527.13,
2019-09-07 11:00:00,2019,9,6,1,11,1,383.28,23.78,74.32,8.58,0.09,0.09,499.68,512.13,,
2019-09-07 13:00:00,2019,9,6,1,13,1,447.75,24.66,70.33,7.98,0.09,0.09,493.64,512.88,,
2019-09-08 01:00:00,2019,9,7,1,1,1,521.74,27.31,33.93,5.78,0.06,0.06,497.72,513.37,,459.81
2019-09-08 04:00:00,2019,9,7,1,4,1,589.84,29.53,74.89,12.1,0.03,0.03,499.08,514.18,,527.13
2019-09-08 08:00:00,2019,9,7,1,8,1,383.28,20.26,30.78,9.58,0.04,0.04,493.69,513.95,,
2019-09-08 13:00:00,2019,9,7,1,13,1,456.7,25.79,33.82,6.27,0.19,0.17,498.28,513.03,,447.75
2019-09-08 14:00:00,2019,9,7,1,14,1,549.9,18.31,73.46,10.36,0.06,0.06,497.94,513.5,456.7,
2019-09-08 17:00:00,2019,9,7,1,17,1,448.37,15.0,63.63,1.82,0.46,0.38,500.85,513.34,,
2019-09-08 22:00:00,2019,9,7,1,22,1,497.88,17.49,67.25,2.78,0.08,0.08,499.31,512.59,,
2019-09-09 00:00:00,2019,9,1,0,0,0,527.26,30.95,60.11,14.39,0.18,0.17,502.49,512.65,,
2019-09-09 04:00:00,2019,9,1,0,4,0,482.52,24.53,77.08,9.19,0.1,0.1,504.04,511.15,,589.84
2019-09-09 07:00:00,2019,9,1,0,7,0,492.64,17.66,50.72,8.5,0.4,0.34,498.91,510.81,,
2019-09-09 08:00:00,2019,9,1,0,8,0,500.96,19.77,38.69,7.81,0.29,0.25,503.82,511.38,492.64,383.2
2019-09-09 10:00:00,2019,9,1,0,10,0,533.37,31.33,76.17,2.73,0.03,0.03,504.58,510.57,,
2019-09-09 18:00:00,2019,9,1,0,18,0,396.49,38.53,87.85,5.13,0.11,0.1,496.33,509.86,,
2019-09-09 19:00:00,2019,9,1,0,19,0,502.06,17.43,75.29,2.37,0.06,0.06,497.44,509.89,396.49,
2019-09-09 20:00:00,2019,9,1,0,20,0,525.68,23.58,73.68,14.62,0.04,0.04,496.31,509.86,502.06,
2019-09-10 07:00:00,2019,9,2,0,7,0,548.04,27.87,88.24,11.55,0.14,0.13,491.66,509.38,,492.64
2019-09-10 17:00:00,2019,9,2,0,17,0,522.61,24.59,32.97,11.67,1.91,1.07,495.67,510.57,,
2019-09-10 21:00:00,2019,9,2,0,21,0,457.92,25.42,35.07,9.02,0.32,0.28,504.92,510.5,,
2019-09-11 03:00:00,2019,9,3,0,3,0,493.91,27.34,48.85,0.36,0.3,0.26,507.34,509.5,,
2019-09-11 04:00:00,2019,9,3,0,4,0,513.26,22.35,84.19,4.98,0.4,0.34,509.43,509.72,493.91,
2019-09-11 13:00:00,2019,9,3,0,13,0,452.1,25.76,73.11,1.57,0.1,0.1,514.73,510.68,,
2019-09-11 19:00:00,2019,9,3,0,19,0,414.99,23.14,76.72,0.81,0.19,0.17,501.59,509.67,,
2019-09-11 22:00:00,2019,9,3,0,22,0,521.84,21.37,41.49,3.04,0.19,0.17,500.98,510.04,,
2019-09-12 01:00:00,2019,9,4,0,1,0,495.18,32.5,43.89,9.6,0.42,0.35,500.01,509.98,,
2019-09-12 16:00:00,2019,9,4,0,16,0,504.47,28.62,63.32,3.63,0.04,0.04,501.29,511.88,,
2019-09-12 19:00:00,2019,9,4,0,19,0,482.01,15.0,31.99,13.1,0.03,0.03,511.1,511.19,,414.99
2019-09-13 00:00:00,2019,9,5,0,0,0,508.3,17.47,75.95,12.05,0.36,0.31,511.15,511.18,,
2019-09-13 01:00:00,2019,9,5,0,1,0,549.82,30.06,40.46,10.65,0.41,0.34,513.42,511.06,508.3,495.18
2019-09-13 05:00:00,2019,9,5,0,5,0,563.58,40.0,74.48,7.1,0.22,0.2,523.74,513.2,,
2019-09-13 09:00:00,2019,9,5,0,9,0,473.51,22.14,87.94,11.14,0.13,0.12,522.21,512.4,,
2019-09-13 16:00:00,2019,9,5,0,16,0,536.1,28.06,65.71,14.76,0.03,0.03,505.1,510.97,,504.47
2019-09-14 09:00:00,2019,9,6,1,9,1,492.52,34.26,32.11,10.46,0.92,0.65,492.73,511.27,,473.51
2019-09-15 06:00:00,2019,9,7,1,6,1,555.21,18.74,64.84,7.37,1.06,0.72,509.16,513.12,,
2019-09-15 07:00:00,2019,9,7,1,7,1,474.33,15.0,58.27,5.98,0.06,0.06,512.04,512.36,555.21,
2019-09-15 08:00:00,2019,9,7,1,8,1,510.31,27.08,83.94,4.53,0.17,0.16,505.93,513.13,474.33,
2019-09-15 12:00:00,2019,9,7,1,12,1,486.0,15.0,44.26,12.35,0.21,0.19,502.28,512.64,,
2019-09-15 16:00:00,2019,9,7,1,16,1,497.94,22.55,34.89,11.97,0.05,0.05,496.86,511.76,,
2019-09-16 04:00:00,2019,9,1,0,4,0,497.17,37.15,83.77,11.99,0.66,0.51,508.9,513.09,,
2019-09-16 05:00:00,2019,9,1,0,5,0,474.91,29.15,76.96,0.51,0.07,0.07,503.81,512.93,497.17,
2019-09-16 14:00:00,2019,9,1,0,14,0,500.9,24.33,36.66,14.45,0.02,0.02,506.43,513.41,,
2019-09-16 16:00:00,2019,9,1,0,16,0,515.58,27.02,69.09,0.71,0.02,0.02,515.44,514.5,,497.94
2019-09-16 20:00:00,2019,9,1,0,20,0,564.7,16.57,34.79,10.25,0.0,0.0,515.22,515.37,,
2019-09-17 00:00:00,2019,9,2,0,0,0,452.0,28.17,89.88,4.27,0.05,0.05,509.11,515.8,,
2019-09-17 01:00:00,2019,9,2,0,1,0,518.27,33.34,39.07,12.56,0.34,0.29,511.44,516.04,452.0,
2019-09-17 17:00:00,2019,9,2,0,17,0,512.03,24.68,42.48,10.1,0.2,0.18,509.17,516.43,,
2019-09-17 22:00:00,2019,9,2,0,22,0,455.79,25.14,59.67,6.06,0.0,0.0,505.46,515.69,,
2019-09-18 04:00:00,2019,9,3,0,4,0,462.64,17.57,80.95,13.76,0.08,0.08,510.93,515.95,,
2019-09-18 17:00:00,2019,9,3,0,17,0,490.07,27.47,87.69,9.45,0.06,0.06,505.71,515.36,,512.03
2019-09-18 19:00:00,2019,9,3,0,19,0,489.48,20.63,88.43,3.88,0.21,0.19,505.74,516.06,,
2019-09-18 20:00:00,2019,9,3,0,20,0,534.21,18.49,34.86,0.9,0.06,0.06,504.59,516.05,489.48,
2019-09-18 22:00:00,2019,9,3,0,22,0,565.57,17.79,48.75,4.01,0.0,0.0,506.71,516.52,,455.79
2019-09-19 03:00:00,2019,9,4,0,3,0,537.02,34.09,70.35,13.73,0.09,0.09,503.09,516.52,,
2019-09-19 06:00:00,2019,9,4,0,6,0,452.01,23.64,58.93,9.08,0.08,0.08,502.54,516.72,,
2019-09-19 07:00:00,2019,9,4,0,7,0,416.82,23.87,34.04,14.49,0.2,0.18,500.03,516.28,452.01,
2019-09-19 09:00:00,2019,9,4,0,9,0,587.2,34.36,48.99,3.45,0.29,0.25,508.47,516.74,,
2019-09-19 11:00:00,2019,9,4,0,11,0,561.11,24.74,48.16,10.69,0.0,0.0,506.39,516.03,,
2019-09-19 17:00:00,2019,9,4,0,17,0,434.35,32.55,79.39,4.74,0.69,0.52,491.65,513.67,,490.07
2019-09-19 21:00:00,2019,9,4,0,21,0,499.68,29.13,55.43,9.69,0.19,0.17,487.54,512.58,,
2019-09-19 22:00:00,2019,9,4,0,22,0,474.94,17.44,79.27,14.27,0.36,0.31,483.76,512.46,499.68,565.57
2019-09-20 06:00:00,2019,9,5,0,6,0,489.95,25.59,89.26,12.21,0.81,0.59,489.46,511.67,,452.01
2019-09-20 09:00:00,2019,9,5,0,9,0,396.25,35.41,33.19,7.58,0.11,0.1,480.36,510.64,,587.2
2019-09-21 01:00:00,2019,9,6,1,1,1,580.8,29.63,58.32,14.56,0.24,0.22,503.0,514.21,,
2019-09-21 02:00:00,2019,9,6,1,2,1,515.26,32.93,49.83,9.65,0.36,0.31,503.89,514.14,580.8,
2019-09-21 03:00:00,2019,9,6,1,3,1,461.68,20.98,39.49,0.94,0.05,0.05,500.36,513.67,515.26,
2019-09-21 07:00:00,2019,9,6,1,7,1,482.97,15.0,80.13,9.06,0.15,0.14,500.01,513.37,,
2019-09-21 08:00:00,2019,9,6,1,8,1,488.78,17.95,74.1,4.08,0.03,0.03,500.41,512.34,482.97,
2019-09-21 11:00:00,2019,9,6,1,11,1,506.91,20.04,85.93,3.84,0.35,0.3,502.92,512.48,,
2019-09-22 05:00:00,2019,9,7,1,5,1,428.98,25.89,67.4,6.0,0.03,0.03,484.94,510.24,,
2019-09-22 06:00:00,2019,9,7,1,6,1,545.87,39.81,50.06,13.36,0.1,0.1,490.59,510.19,428.98,
2019-09-22 11:00:00,2019,9,7,1,11,1,487.18,22.44,54.79,1.28,0.05,0.05,492.54,510.68,,506.91
2019-09-22 22:00:00,2019,9,7,1,22,1,467.09,28.98,70.12,13.25,0.04,0.04,502.2,509.67,,
2019-09-23 04:00:00,2019,9,1,0,4,0,497.07,17.98,35.8,4.93,0.09,0.09,501.51,510.19,,
2019-09-23 05:00:00,2019,9,1,0,5,0,487.96,26.12,71.23,13.08,0.15,0.14,503.97,510.27,497.07,428.98
2019-09-23 09:00:00,2019,9,1,0,9,0,421.91,15.0,30.01,0.46,0.07,0.07,497.79,509.89,,
2019-09-23 10:00:00,2019,9,1,0,10,0,476.6,23.59,70.38,13.2,0.24,0.22,497.26,509.66,421.91,
2019-09-23 12:00:00,2019,9,1,0,12,0,466.64,33.13,73.9,7.35,0.57,0.45,492.75,509.09,,
2019-09-23 14:00:00,2019,9,1,0,14,0,517.94,33.06,82.94,10.94,0.16,0.15,490.46,509.26,,
2019-09-23 15:00:00,2019,9,1,0,15,0,589.02,26.81,66.41,5.61,0.26,0.23,493.77,508.99,517.94,
2019-09-24 01:00:00,2019,9,2,0,1,0,450.98,25.34,41.39,13.58,0.05,0.05,496.25,507.84,,
2019-09-24 02:00:00,2019,9,2,0,2,0,436.62,27.07,61.49,2.75,0.5,0.41,492.37,507.79,450.98,
2019-09-24 14:00:00,2019,9,2,0,14,0,447.09,31.15,85.15,7.39,0.18,0.17,497.11,506.81,,517.94
2019-09-24 15:00:00,2019,9,2,0,15,0,519.54,25.88,74.43,7.25,0.03,0.03,494.22,506.65,447.09,589.02
2019-09-24 21:00:00,2019,9,2,0,21,0,461.63,20.18,50.62,1.09,0.41,0.34,484.8,505.17,,
2019-09-25 08:00:00,2019,9,3,0,8,0,506.3,20.46,51.32,14.97,0.27,0.24,494.12,506.09,,
2019-09-25 09:00:00,2019,9,3,0,9,0,525.33,22.05,40.81,8.5,0.04,0.04,493.64,506.39,506.3,
2019-09-25 13:00:00,2019,9,3,0,13,0,402.04,16.98,68.77,14.93,0.47,0.39,491.69,504.94,,
2019-09-25 14:00:00,2019,9,3,0,14,0,480.43,31.08,49.17,8.62,0.02,0.02,493.08,504.57,402.04,447.09
2019-09-25 20:00:00,2019,9,3,0,20,0,513.16,17.97,53.33,10.16,0.09,0.09,498.5,504.91,,
2019-09-25 21:00:00,2019,9,3,0,21,0,499.85,26.02,51.29,0.55,0.27,0.24,500.09,504.87,513.16,461.63
2019-09-25 23:00:00,2019,9,3,0,23,0,390.94,28.19,45.76,6.37,0.27,0.24,496.72,503.83,,
2019-09-26 15:00:00,2019,9,4,0,15,0,522.64,16.34,51.23,2.37,0.83,0.6,510.32,506.46,,
2019-09-26 19:00:00,2019,9,4,0,19,0,476.45,22.82,74.06,0.29,0.28,0.25,513.94,508.69,,
2019-09-26 22:00:00,2019,9,4,0,22,0,518.22,37.61,68.11,5.17,0.36,0.31,519.97,509.43,,
2019-09-27 01:00:00,2019,9,5,0,1,0,475.64,27.74,79.3,9.48,0.21,0.19,523.24,509.02,,
2019-09-27 08:00:00,2019,9,5,0,8,0,515.41,16.11,87.19,1.3,0.39,0.33,517.93,510.02,,
2019-09-27 10:00:00,2019,9,5,0,10,0,527.14,22.95,78.91,9.96,0.07,0.07,520.01,510.21,,
2019-09-27 14:00:00,2019,9,5,0,14,0,501.44,27.83,51.49,0.61,0.05,0.05,514.69,509.71,,
2019-09-27 20:00:00,2019,9,5,0,20,0,612.84,31.44,45.81,9.98,0.12,0.11,510.65,510.0,,
2019-09-27 23:00:00,2019,9,5,0,23,0,615.08,34.92,88.88,2.35,0.08,0.08,509.21,511.16,,
2019-09-28 02:00:00,2019,9,6,1,2,1,529.61,19.91,88.3,4.04,0.12,0.11,515.78,510.85,,
2019-09-28 13:00:00,2019,9,6,1,13,1,514.36,15.0,59.5,0.87,0.0,0.0,513.25,512.6,,
2019-09-28 17:00:00,2019,9,6,1,17,1,553.39,33.24,56.66,4.31,0.24,0.22,517.42,514.21,,
2019-09-28 22:00:00,2019,9,6,1,22,1,560.74,28.07,34.91,0.46,0.1,0.1,508.96,513.76,,
2019-09-29 05:00:00,2019,9,7,1,5,1,454.49,20.97,35.71,10.63,0.34,0.29,505.67,514.32,,
2019-09-29 09:00:00,2019,9,7,1,9,1,545.82,15.0,76.32,0.17,0.12,0.11,511.34,514.02,,
2019-09-29 10:00:00,2019,9,7,1,10,1,520.43,28.46,88.34,8.76,0.57,0.45,511.45,514.21,545.82,
2019-09-29 19:00:00,2019,9,7,1,19,1,535.81,20.99,74.25,5.2,0.5,0.41,501.34,512.72,,
2019-09-29 22:00:00,2019,9,7,1,22,1,499.99,20.56,62.33,11.7,0.04,0.04,492.48,512.34,,560.74
2019-09-30 03:00:00,2019,9,1,0,3,0,544.34,19.83,40.76,1.11,0.13,0.12,494.89,512.88,,
2019-09-30 08:00:00,2019,9,1,0,8,0,468.51,26.1,75.42,7.74,0.3,0.26,486.7,511.65,,
2019-09-30 10:00:00,2019,9,1,0,10,0,385.03,24.38,77.23,8.4,0.13,0.12,479.35,511.6,,520.43
2019-09-30 19:00:00,2019,9,1,0,19,0,539.74,24.15,70.99,9.67,0.54,0.43,489.41,510.79,,535.81
2019-09-30 23:00:00,2019,9,1,0,23,0,490.19,16.71,80.22,0.36,0.16,0.15,483.51,510.21,,
2019-10-01 00:00:00,2019,10,2,0,0,0,572.86,16.62,55.57,5.55,0.37,0.31,483.01,510.81,490.19,
2019-10-01 19:00:00,2019,10,2,0,19,0,459.63,30.62,46.74,8.83,0.04,0.04,490.37,511.66,,539.74
2019-10-01 23:00:00,2019,10,2,0,23,0,442.35,15.0,80.9,3.97,0.23,0.21,491.68,511.27,,490.19
2019-10-02 05:00:00,2019,10,3,0,5,0,465.43,32.0,61.62,1.08,0.17,0.16,490.98,511.07,,
2019-10-02 17:00:00,2019,10,3,0,17,0,489.02,26.86,42.76,4.97,0.08,0.08,483.73,510.43,,
2019-10-02 20:00:00,2019,10,3,0,20,0,458.81,18.86,74.44,12.65,0.29,0.25,482.47,509.62,,
2019-10-03 01:00:00,2019,10,4,0,1,0,503.47,18.97,43.69,11.56,0.09,0.09,487.06,509.24,,
2019-10-03 04:00:00,2019,10,4,0,4,0,427.63,24.75,69.59,7.85,0.32,0.28,483.68,508.97,,
2019-10-03 08:00:00,2019,10,4,0,8,0,488.17,37.25,81.82,12.83,0.41,0.34,481.5,507.85,,
2019-10-03 21:00:00,2019,10,4,0,21,0,533.38,24.04,39.08,2.85,0.12,0.11,492.86,506.0,,
2019-10-04 00:00:00,2019,10,5,0,0,0,544.41,22.59,39.63,9.23,0.72,0.54,495.55,505.03,,
2019-10-04 03:00:00,2019,10,5,0,3,0,539.75,25.06,32.21,14.39,0.32,0.28,494.83,504.89,,
2019-10-04 09:00:00,2019,10,5,0,9,0,482.43,15.0,32.69,13.71,0.09,0.09,503.06,505.34,,
2019-10-04 10:00:00,2019,10,5,0,10,0,500.89,28.89,30.44,10.5,0.25,0.22,505.9,505.18,482.43,
2019-10-04 16:00:00,2019,10,5,0,16,0,506.34,24.98,83.6,11.08,0.2,0.18,501.11,505.27,,
2019-10-05 03:00:00,2019,10,6,1,3,1,538.35,15.0,58.02,0.26,0.08,0.08,509.08,503.99,,539.75
2019-10-05 15:00:00,2019,10,6,1,15,1,459.08,31.97,51.91,11.55,0.04,0.04,506.35,504.34,,
2019-10-05 23:00:00,2019,10,6,1,23,1,529.33,23.95,88.08,12.1,0.02,0.02,503.59,504.6,,
2019-10-06 11:00:00,2019,10,7,1,11,1,521.85,26.83,41.6,5.99,0.24,0.22,509.43,504.71,,
2019-10-06 20:00:00,2019,10,7,1,20,1,487.56,18.95,74.17,3.0,0.0,0.0,511.44,506.29,,
2019-10-07 02:00:00,2019,10,1,0,2,0,464.22,25.4,78.13,6.55,0.1,0.1,517.96,506.46,,
2019-10-07 03:00:00,2019,10,1,0,3,0,526.87,15.0,81.12,1.56,0.16,0.15,520.46,506.35,464.22,
2019-10-07 04:00:00,2019,10,1,0,4,0,422.59,35.62,58.23,10.58,0.06,0.06,517.41,506.02,526.87,
2019-10-07 07:00:00,2019,10,1,0,7,0,529.25,29.2,60.55,13.66,0.03,0.03,514.03,507.46,,
2019-10-07 08:00:00,2019,10,1,0,8,0,506.91,20.71,62.19,6.32,0.1,0.1,513.86,507.7,529.25,
2019-10-07 13:00:00,2019,10,1,0,13,0,456.02,31.57,55.8,11.14,0.25,0.22,511.59,508.82,,
2019-10-08 00:00:00,2019,10,2,0,0,0,484.09,24.73,33.97,8.76,0.36,0.31,504.01,509.73,,
2019-10-08 01:00:00,2019,10,2,0,1,0,486.7,15.0,75.94,14.46,0.1,0.1,503.8,509.99,484.09,
2019-10-08 02:00:00,2019,10,2,0,2,0,429.97,23.75,45.75,7.94,0.14,0.13,502.37,509.76,486.7,464.22
2019-10-08 03:00:00,2019,10,2,0,3,0,475.74,26.43,87.4,12.42,0.05,0.05,500.24,510.19,429.97,526.87
2019-10-08 04:00:00,2019,10,2,0,4,0,521.39,15.0,38.72,2.25,0.27,0.24,504.36,509.86,475.74,422.59
2019-10-08 17:00:00,2019,10,2,0,17,0,518.36,29.75,82.26,10.18,0.4,0.34,496.44,509.66,,
2019-10-08 21:00:00,2019,10,2,0,21,0,554.55,30.36,41.23,2.36,0.0,0.0,500.85,510.66,,
2019-10-09 01:00:00,2019,10,3,0,1,0,496.65,18.23,68.02,4.54,0.06,0.06,506.04,512.54,,486.7
2019-10-09 03:00:00,2019,10,3,0,3,0,487.02,35.38,58.01,1.46,0.16,0.15,510.01,512.72,,475.74
2019-10-09 05:00:00,2019,10,3,0,5,0,541.03,35.2,64.34,1.51,0.09,0.09,512.21,512.95,,
2019-10-09 12:00:00,2019,10,3,0,12,0,476.15,19.49,55.9,5.84,0.12,0.11,516.49,513.28,,
2019-10-09 13:00:00,2019,10,3,0,13,0,534.34,33.71,79.61,13.54,0.08,0.08,521.86,513.98,476.15,
2019-10-09 22:00:00,2019,10,3,0,22,0,494.84,28.48,73.17,3.47,0.18,0.17,504.21,514.24,,
2019-10-10 01:00:00,2019,10,4,0,1,0,532.84,20.64,80.69,10.97,0.1,0.1,502.29,514.76,,496.65
2019-10-10 09:00:00,2019,10,4,0,9,0,423.12,15.0,62.54,1.38,0.02,0.02,503.36,516.25,,
2019-10-10 10:00:00,2019,10,4,0,10,0,497.22,33.2,39.11,4.25,0.07,0.07,502.5,516.64,423.12,
2019-10-10 11:00:00,2019,10,4,0,11,0,518.15,32.79,80.63,5.06,0.04,0.04,499.33,516.28,497.22,
2019-10-10 13:00:00,2019,10,4,0,13,0,384.54,25.84,75.31,4.34,0.73,0.55,492.49,515.26,,534.34
2019-10-11 01:00:00,2019,10,5,0,1,0,485.53,30.08,72.33,14.86,0.12,0.11,483.96,512.83,,532.84
2019-10-11 03:00:00,2019,10,5,0,3,0,447.03,27.09,55.33,8.78,0.46,0.38,478.63,513.01,,
2019-10-11 06:00:00,2019,10,5,0,6,0,383.28,25.26,85.46,13.68,0.16,0.15,478.18,512.5,,
2019-10-11 09:00:00,2019,10,5,0,9,0,494.09,30.34,31.56,9.12,0.11,0.1,473.17,511.2,,423.12
2019-10-11 14:00:00,2019,10,5,0,14,0,457.55,21.26,64.72,9.91,0.07,0.07,473.17,510.87,,
2019-10-12 02:00:00,2019,10,6,1,2,1,505.38,32.92,73.69,10.07,0.18,0.17,486.45,510.27,,
2019-10-12 18:00:00,2019,10,6,1,18,1,508.98,17.81,35.76,13.26,0.48,0.39,499.1,508.91,,
2019-10-13 01:00:00,2019,10,7,1,1,1,461.27,25.18,45.87,8.17,0.07,0.07,488.32,508.47,,
2019-10-13 02:00:00,2019,10,7,1,2,1,607.14,26.82,42.45,1.63,0.02,0.02,492.56,509.49,461.27,505.38
2019-10-13 03:00:00,2019,10,7,1,3,1,571.98,31.34,84.68,13.1,0.1,0.1,496.83,510.12,607.14,
2019-10-13 06:00:00,2019,10,7,1,6,1,512.23,15.0,68.57,14.0,0.07,0.07,494.82,509.38,,
2019-10-13 07:00:00,2019,10,7,1,7,1,543.17,40.0,82.94,12.27,0.18,0.17,499.7,509.14,512.23,
2019-10-13 10:00:00,2019,10,7,1,10,1,464.12,32.51,83.72,11.12,0.53,0.43,497.32,508.2,,
2019-10-13 14:00:00,2019,10,7,1,14,1,461.33,15.0,83.07,0.36,0.05,0.05,505.04,508.48,,
2019-10-13 18:00:00,2019,10,7,1,18,1,464.12,35.72,55.67,14.22,0.41,0.34,511.49,509.02,,508.98
2019-10-13 21:00:00,2019,10,7,1,21,1,462.73,21.33,62.37,12.04,0.15,0.14,511.19,508.63,,
2019-10-14 01:00:00,2019,10,1,0,1,0,615.08,15.1,58.83,4.89,0.19,0.17,517.82,508.6,,461.27
2019-10-14 09:00:00,2019,10,1,0,9,0,498.07,15.75,70.69,10.17,0.04,0.04,505.37,507.07,,
2019-10-14 20:00:00,2019,10,1,0,20,0,523.27,27.95,66.79,5.48,0.77,0.57,500.03,507.68,,
2019-10-15 04:00:00,2019,10,2,0,4,0,525.22,26.66,65.39,9.26,0.28,0.25,494.6,507.2,,
2019-10-15 05:00:00,2019,10,2,0,5,0,519.29,31.93,61.57,0.68,0.06,0.06,494.5,507.4,525.22,
2019-10-15 14:00:00,2019,10,2,0,14,0,510.82,29.1,50.32,6.9,0.42,0.35,490.54,507.38,,
2019-10-15 16:00:00,2019,10,2,0,16,0,537.31,23.88,81.34,1.43,0.47,0.39,494.36,506.81,,
2019-10-15 18:00:00,2019,10,2,0,18,0,534.7,31.16,32.87,2.67,0.14,0.13,497.82,506.85,,
2019-10-15 23:00:00,2019,10,2,0,23,0,511.83,23.54,39.07,5.04,0.18,0.17,498.79,505.8,,
2019-10-16 01:00:00,2019,10,3,0,1,0,402.58,26.43,74.38,11.18,0.07,0.07,497.45,505.29,,
2019-10-16 14:00:00,2019,10,3,0,14,0,468.99,22.09,85.64,0.44,0.39,0.33,500.49,503.73,,510.82
2019-10-16 22:00:00,2019,10,3,0,22,0,485.62,26.86,38.5,6.24,0.46,0.38,494.08,504.65,,
2019-10-16 23:00:00,2019,10,3,0,23,0,489.66,23.35,84.65,2.1,0.32,0.28,493.16,504.75,485.62,511.83
2019-10-17 01:00:00,2019,10,4,0,1,0,458.22,29.88,55.75,4.85,0.13,0.12,497.05,504.52,,402.58
2019-10-17 03:00:00,2019,10,4,0,3,0,449.1,22.76,73.05,7.31,0.14,0.13,500.04,503.83,,
2019-10-17 15:00:00,2019,10,4,0,15,0,527.14,15.6,56.13,13.19,0.38,0.32,492.28,504.21,,
2019-10-17 16:00:00,2019,10,4,0,16,0,507.01,26.27,57.36,8.12,0.31,0.27,491.89,504.49,527.14,
2019-10-17 18:00:00,2019,10,4,0,18,0,545.38,33.52,56.09,13.6,0.03,0.03,491.85,504.72,,
2019-10-18 05:00:00,2019,10,5,0,5,0,457.54,24.89,70.26,0.69,0.16,0.15,492.17,505.46,,
2019-10-18 07:00:00,2019,10,5,0,7,0,383.28,22.94,50.25,14.97,0.36,0.31,491.84,506.2,,
2019-10-18 11:00:00,2019,10,5,0,11,0,430.19,31.22,55.4,13.68,0.31,0.27,483.06,506.19,,
2019-10-18 22:00:00,2019,10,5,0,22,0,530.8,23.51,54.34,7.59,0.11,0.1,489.01,506.38,,
2019-10-19 06:00:00,2019,10,6,1,6,1,553.8,22.92,60.44,10.09,0.79,0.58,494.97,507.45,,
2019-10-19 13:00:00,2019,10,6,1,13,1,549.34,29.38,49.21,3.82,0.06,0.06,512.09,508.96,,
2019-10-20 03:00:00,2019,10,7,1,3,1,489.12,31.74,83.48,10.7,0.47,0.39,507.6,508.66,,
2019-10-20 06:00:00,2019,10,7,1,6,1,565.31,15.0,31.52,4.57,0.07,0.07,506.73,509.18,,553.8
2019-10-20 12:00:00,2019,10,7,1,12,1,477.68,25.48,60.36,1.3,0.21,0.19,506.17,508.97,,
2019-10-20 17:00:00,2019,10,7,1,17,1,485.68,20.23,52.73,4.19,0.03,0.03,500.46,508.47,,
2019-10-20 21:00:00,2019,10,7,1,21,1,442.34,38.85,35.15,14.96,0.03,0.03,487.5,506.81,,
2019-10-21 04:00:00,2019,10,1,0,4,0,484.27,36.23,34.49,12.47,0.1,0.1,489.46,505.87,,
2019-10-21 06:00:00,2019,10,1,0,6,0,462.36,16.8,84.8,6.43,0.02,0.02,484.44,505.24,,565.31
2019-10-21 08:00:00,2019,10,1,0,8,0,426.19,21.37,42.96,4.06,0.42,0.35,483.42,506.16,,
2019-10-21 09:00:00,2019,10,1,0,9,0,522.24,19.36,49.8,13.42,0.04,0.04,484.62,506.31,426.19,
2019-10-21 13:00:00,2019,10,1,0,13,0,550.86,34.09,41.14,9.44,0.02,0.02,485.91,505.55,,
2019-10-21 14:00:00,2019,10,1,0,14,0,450.46,28.07,84.75,2.68,0.13,0.12,484.69,505.51,550.86,
2019-10-21 19:00:00,2019,10,1,0,19,0,587.35,21.96,55.66,3.23,0.13,0.12,487.88,505.67,,
2019-10-21 22:00:00,2019,10,1,0,22,0,512.79,40.0,77.72,8.72,0.11,0.1,488.9,505.58,,
2019-10-21 23:00:00,2019,10,1,0,23,0,531.25,21.04,85.6,5.35,0.13,0.12,492.69,505.92,512.79,
2019-10-22 05:00:00,2019,10,2,0,5,0,539.36,16.1,88.36,3.92,0.34,0.29,502.73,507.01,,
2019-10-22 08:00:00,2019,10,2,0,8,0,587.49,36.99,60.82,14.17,0.7,0.53,507.01,507.85,,426.19
2019-10-22 09:00:00,2019,10,2,0,9,0,422.06,27.11,72.58,8.1,0.25,0.22,502.84,507.56,587.49,522.24
2019-10-22 21:00:00,2019,10,2,0,21,0,596.53,17.47,39.95,4.51,0.18,0.17,513.0,507.65,,
2019-10-22 22:00:00,2019,10,2,0,22,0,536.9,23.76,51.77,0.59,0.08,0.08,514.01,508.02,596.53,512.79
2019-10-23 11:00:00,2019,10,3,0,11,0,426.05,24.61,81.37,14.9,0.55,0.44,526.93,511.55,,
2019-10-23 13:00:00,2019,10,3,0,13,0,449.81,23.11,41.49,2.28,0.28,0.25,520.89,510.49,,
2019-10-24 05:00:00,2019,10,4,0,5,0,526.18,34.02,33.56,3.04,0.09,0.09,512.41,512.06,,
2019-10-24 07:00:00,2019,10,4,0,7,0,520.57,25.94,44.0,14.53,0.04,0.04,508.76,512.08,,
2019-10-24 21:00:00,2019,10,4,0,21,0,523.0,20.59,49.0,2.17,0.34,0.29,490.23,512.33,,
2019-10-25 01:00:00,2019,10,5,0,1,0,583.57,24.44,37.91,8.82,0.14,0.13,506.91,513.28,,
2019-10-25 20:00:00,2019,10,5,0,20,0,559.38,26.51,67.18,11.36,0.17,0.16,513.13,516.12,,
2019-10-27 01:00:00,2019,10,7,1,1,1,520.05,15.0,60.64,9.03,0.04,0.04,498.01,512.33,,
2019-10-27 07:00:00,2019,10,7,1,7,1,578.27,29.59,32.72,6.22,0.33,0.29,502.21,512.78,,
2019-10-27 08:00:00,2019,10,7,1,8,1,527.44,32.2,87.48,10.32,0.0,0.0,503.07,512.43,578.27,
2019-10-27 10:00:00,2019,10,7,1,10,1,558.0,26.82,43.24,7.41,0.07,0.07,502.94,513.0,,
2019-10-27 17:00:00,2019,10,7,1,17,1,558.98,17.9,44.38,4.03,0.07,0.07,506.56,513.76,,
2019-10-28 01:00:00,2019,10,1,0,1,0,529.07,35.87,68.75,11.76,0.08,0.08,508.45,515.53,,520.05
2019-10-28 02:00:00,2019,10,1,0,2,0,421.33,26.71,45.71,5.96,1.04,0.71,506.68,515.15,529.07,
2019-10-28 08:00:00,2019,10,1,0,8,0,474.29,24.92,39.64,13.34,0.09,0.09,506.61,515.81,,527.44
2019-10-28 10:00:00,2019,10,1,0,10,0,446.6,26.21,67.8,8.13,0.0,0.0,511.39,516.41,,558.0
2019-10-28 11:00:00,2019,10,1,0,11,0,446.6,16.57,59.38,4.98,0.04,0.04,508.23,516.31,603.02,
2019-10-28 18:00:00,2019,10,1,0,18,0,414.64,30.01,72.05,12.05,0.06,0.06,508.74,517.76,,
2019-10-29 00:00:00,2019,10,2,0,0,0,465.32,19.54,31.74,6.4,0.06,0.06,506.84,516.31,,
2019-10-29 01:00:00,2019,10,2,0,1,0,543.96,22.72,42.9,11.56,0.27,0.24,507.46,517.08,465.32,529.07
2019-10-29 14:00:00,2019,10,2,0,14,0,532.73,28.83,45.59,0.05,0.15,0.14,496.23,516.2,,
2019-10-29 15:00:00,2019,10,2,0,15,0,528.26,21.55,71.48,9.63,0.1,0.1,497.28,515.94,532.73,
2019-10-29 18:00:00,2019,10,2,0,18,0,454.38,25.48,67.89,12.2,0.07,0.07,499.12,516.51,,414.64
2019-10-30 22:00:00,2019,10,3,0,22,0,531.65,40.0,66.7,1.97,0.56,0.44,514.76,514.09,,
2019-10-31 07:00:00,2019,10,4,0,7,0,495.29,24.71,53.38,14.97,0.08,0.08,509.01,514.84,,
2019-10-31 16:00:00,2019,10,4,0,16,0,533.7,38.71,51.26,8.54,0.11,0.1,503.27,514.98,,
2019-10-31 17:00:00,2019,10,4,0,17,0,424.1,21.8,52.03,9.25,0.24,0.22,502.13,514.69,533.7,
2019-10-31 19:00:00,2019,10,4,0,19,0,492.2,19.56,83.75,14.15,0.32,0.28,504.81,514.92,,
2019-10-31 22:00:00,2019,10,4,0,22,0,518.96,36.36,59.18,5.01,0.15,0.14,493.51,513.83,,531.65
2019-10-31 23:00:00,2019,10,4,0,23,0,473.36,26.74,83.27,13.8,0.17,0.16,494.86,513.69,518.96,
2019-11-01 07:00:00,2019,11,5,0,7,0,399.0,40.0,36.38,9.65,0.04,0.04,493.88,513.28,,495.29
2019-11-01 08:00:00,2019,11,5,0,8,0,554.55,28.05,47.37,7.63,0.23,0.21,495.76,512.93,399.0,
2019-11-01 16:00:00,2019,11,5,0,16,0,434.08,15.0,73.89,6.71,0.26,0.23,488.99,512.14,,533.7
2019-11-01 21:00:00,2019,11,5,0,21,0,478.95,31.3,83.06,6.78,0.08,0.08,497.71,512.25,,
2019-11-02 14:00:00,2019,11,6,1,14,1,536.75,37.69,65.89,12.0,0.06,0.06,497.4,513.08,,
2019-11-02 15:00:00,2019,11,6,1,15,1,454.58,16.87,61.25,8.4,0.01,0.01,498.4,512.78,536.75,
2019-11-02 20:00:00,2019,11,6,1,20,1,483.86,35.48,60.07,10.59,0.13,0.12,499.64,513.95,,
2019-11-03 03:00:00,2019,11,7,1,3,1,539.24,20.25,34.57,7.68,0.1,0.1,513.17,515.81,,
2019-11-03 05:00:00,2019,11,7,1,5,1,500.96,33.21,36.78,3.31,0.08,0.08,511.01,515.45,,
2019-11-03 07:00:00,2019,11,7,1,7,1,539.85,27.68,61.9,12.24,0.11,0.1,511.57,515.27,,
2019-11-03 08:00:00,2019,11,7,1,8,1,560.23,19.43,89.16,7.12,0.13,0.12,517.62,515.47,539.85,
2019-11-03 10:00:00,2019,11,7,1,10,1,576.68,19.43,39.54,11.45,0.34,0.29,524.05,515.67,,
2019-11-03 11:00:00,2019,11,7,1,11,1,576.5,28.46,46.97,13.88,0.01,0.01,525.59,516.0,576.68,
2019-11-03 20:00:00,2019,11,7,1,20,1,541.18,32.4,86.27,14.23,0.04,0.04,518.85,515.06,,483.86
2019-11-04 06:00:00,2019,11,1,0,6,0,445.82,24.14,70.31,7.07,0.11,0.1,508.69,515.35,,
2019-11-04 07:00:00,2019,11,1,0,7,0,503.44,31.64,51.76,9.71,0.05,0.05,507.17,515.03,445.82,539.85
2019-11-04 16:00:00,2019,11,1,0,16,0,567.14,23.81,38.48,9.35,0.12,0.11,495.57,512.91,,
2019-11-04 17:00:00,2019,11,1,0,17,0,486.47,27.26,72.96,5.15,0.61,0.48,497.53,512.81,567.14,
2019-11-05 00:00:00,2019,11,2,0,0,0,475.49,16.16,81.66,0.28,0.27,0.24,492.9,514.32,,
2019-11-05 04:00:00,2019,11,2,0,4,0,466.2,40.0,37.55,8.58,0.14,0.13,495.55,514.8,,
2019-11-05 10:00:00,2019,11,2,0,10,0,421.76,35.93,81.33,1.81,0.24,0.22,498.76,514.55,,
2019-11-05 14:00:00,2019,11,2,0,14,0,498.81,19.14,34.61,11.15,0.05,0.05,498.46,513.17,,
2019-11-05 17:00:00,2019,11,2,0,17,0,470.73,15.0,84.35,10.79,0.33,0.29,497.54,512.83,,486.47
2019-11-05 18:00:00,2019,11,2,0,18,0,445.12,36.99,69.72,0.83,0.02,0.02,491.57,512.77,470.73,
2019-11-05 19:00:00,2019,11,2,0,19,0,525.4,30.72,66.26,3.67,0.48,0.39,489.64,513.06,445.12,
2019-11-06 01:00:00,2019,11,3,0,1,0,586.3,18.14,55.49,9.95,0.24,0.22,486.46,511.86,,
2019-11-06 02:00:00,2019,11,3,0,2,0,528.97,30.68,55.49,14.94,0.1,0.1,485.15,511.58,586.3,
2019-11-06 03:00:00,2019,11,3,0,3,0,486.79,29.25,76.59,1.44,0.14,0.13,486.21,511.26,528.97,
2019-11-06 04:00:00,2019,11,3,0,4,0,499.83,35.07,45.99,5.16,0.15,0.14,487.61,511.64,486.79,466.2
2019-11-06 09:00:00,2019,11,3,0,9,0,474.66,29.28,63.86,10.15,0.12,0.11,489.33,512.16,,
2019-11-06 20:00:00,2019,11,3,0,20,0,489.59,25.58,61.66,4.61,0.02,0.02,497.03,510.41,,
2019-11-07 01:00:00,2019,11,4,0,1,0,522.8,15.0,62.73,5.1,0.02,0.02,501.17,510.24,,586.3
2019-11-07 14:00:00,2019,11,4,0,14,0,443.37,30.61,38.0,11.53,0.34,0.29,511.16,512.28,,
2019-11-08 00:00:00,2019,11,5,0,0,0,533.41,34.05,88.83,4.69,0.46,0.38,514.84,513.18,,
2019-11-08 03:00:00,2019,11,5,0,3,0,498.93,27.31,53.88,1.13,0.42,0.35,515.86,514.18,,
2019-11-08 04:00:00,2019,11,5,0,4,0,473.95,18.38,86.54,5.71,0.15,0.14,514.61,514.12,498.93,
2019-11-08 07:00:00,2019,11,5,0,7,0,466.06,15.45,79.3,13.68,0.19,0.17,511.33,513.42,,
2019-11-08 11:00:00,2019,11,5,0,11,0,425.51,26.45,36.8,8.11,0.23,0.21,502.48,512.35,,
2019-11-08 19:00:00,2019,11,5,0,19,0,383.28,31.44,41.61,13.5,0.13,0.12,504.67,513.85,,
2019-11-08 23:00:00,2019,11,5,0,23,0,458.49,27.76,61.19,9.13,0.03,0.03,505.78,514.29,,
2019-11-09 05:00:00,2019,11,6,1,5,1,538.07,24.23,42.89,1.08,0.16,0.15,498.68,514.14,,
2019-11-09 13:00:00,2019,11,6,1,13,1,542.87,17.93,60.5,6.64,0.01,0.01,500.78,514.07,,
2019-11-09 16:00:00,2019,11,6,1,16,1,528.31,28.69,78.73,13.18,0.07,0.07,494.28,514.15,,
2019-11-09 18:00:00,2019,11,6,1,18,1,516.13,16.33,80.1,14.04,0.57,0.45,497.47,514.17,,
2019-11-09 22:00:00,2019,11,6,1,22,1,496.76,30.16,42.27,10.45,0.18,0.17,498.19,513.43,,
2019-11-10 02:00:00,2019,11,7,1,2,1,522.37,28.91,53.36,12.97,0.06,0.06,492.83,511.94,,
2019-11-10 03:00:00,2019,11,7,1,3,1,479.68,25.1,66.02,5.59,0.02,0.02,496.74,511.58,522.37,
2019-11-10 04:00:00,2019,11,7,1,4,1,491.71,27.85,36.82,11.2,0.41,0.34,495.87,511.71,479.68,
2019-11-10 12:00:00,2019,11,7,1,12,1,497.93,30.85,81.66,2.04,0.13,0.12,503.39,510.62,,
2019-11-10 14:00:00,2019,11,7,1,14,1,465.87,22.04,30.28,0.37,0.22,0.2,498.55,510.41,,
2019-11-10 21:00:00,2019,11,7,1,21,1,551.59,30.53,64.99,5.61,0.2,0.18,496.65,510.81,,
2019-11-10 22:00:00,2019,11,7,1,22,1,427.66,29.2,89.11,5.78,0.09,0.09,493.78,509.96,551.59,496.76
2019-11-10 23:00:00,2019,11,7,1,23,1,572.68,25.83,36.23,1.52,0.6,0.47,496.38,510.06,427.66,
2019-11-11 00:00:00,2019,11,1,0,0,0,491.4,22.53,87.67,10.21,0.01,0.01,498.52,509.57,572.68,
2019-11-11 01:00:00,2019,11,1,0,1,0,463.28,21.33,68.31,13.48,0.03,0.03,499.78,508.91,491.4,
2019-11-11 02:00:00,2019,11,1,0,2,0,419.99,31.1,75.51,6.68,0.42,0.35,495.51,508.38,463.28,522.37
2019-11-11 11:00:00,2019,11,1,0,11,0,423.29,30.28,86.66,7.11,0.07,0.07,485.43,509.15,,
2019-11-11 15:00:00,2019,11,1,0,15,0,411.4,29.37,83.26,13.26,0.37,0.31,489.92,509.8,,
2019-11-11 20:00:00,2019,11,1,0,20,0,519.98,32.29,82.25,13.81,0.08,0.08,489.45,508.65,,
2019-11-12 09:00:00,2019,11,2,0,9,0,574.95,25.3,49.06,9.82,0.15,0.14,500.12,509.45,,
2019-11-12 12:00:00,2019,11,2,0,12,0,418.54,18.54,79.18,11.44,0.04,0.04,497.72,509.65,,
2019-11-12 21:00:00,2019,11,2,0,21,0,569.6,30.32,39.07,4.37,0.08,0.08,500.65,510.47,,
2019-11-13 00:00:00,2019,11,3,0,0,0,459.68,30.41,81.21,7.38,0.04,0.04,496.98,510.99,,
2019-11-13 01:00:00,2019,11,3,0,1,0,537.94,17.52,54.05,12.7,0.4,0.34,501.15,510.7,459.68,
2019-11-13 04:00:00,2019,11,3,0,4,0,500.36,29.69,30.25,1.75,0.03,0.03,502.25,510.71,,
2019-11-13 11:00:00,2019,11,3,0,11,0,497.28,28.58,79.77,3.38,0.38,0.32,483.09,508.86,,
2019-11-13 13:00:00,2019,11,3,0,13,0,465.42,32.8,47.24,5.51,0.01,0.01,482.6,508.17,,
2019-11-13 14:00:00,2019,11,3,0,14,0,513.58,27.66,70.92,1.41,0.01,0.01,481.72,508.11,465.42,
2019-11-13 15:00:00,2019,11,3,0,15,0,550.46,31.29,65.98,3.75,0.0,0.0,489.56,508.87,513.58,
2019-11-13 22:00:00,2019,11,3,0,22,0,550.83,15.0,64.62,10.39,0.11,0.1,485.19,508.71,,
2019-11-14 04:00:00,2019,11,4,0,4,0,514.47,31.49,64.2,9.33,0.12,0.11,480.8,507.22,,500.36
2019-11-14 09:00:00,2019,11,4,0,9,0,490.16,34.63,34.23,2.31,0.6,0.47,494.53,507.36,,
2019-11-14 11:00:00,2019,11,4,0,11,0,466.53,27.17,54.29,1.61,0.01,0.01,491.72,506.28,,497.28
2019-11-14 13:00:00,2019,11,4,0,13,0,517.86,24.57,37.53,3.44,0.0,0.0,493.67,505.14,,465.42
2019-11-14 14:00:00,2019,11,4,0,14,0,455.2,27.04,43.44,10.27,0.07,0.07,491.24,505.21,517.86,513.58
2019-11-14 23:00:00,2019,11,4,0,23,0,520.07,29.16,32.6,14.87,0.02,0.02,490.8,504.66,,
2019-11-15 00:00:00,2019,11,5,0,0,0,575.95,23.58,80.07,6.51,0.12,0.11,496.57,504.92,520.07,
2019-11-15 06:00:00,2019,11,5,0,6,0,545.42,16.56,49.27,12.27,0.05,0.05,493.96,504.5,,
2019-11-15 11:00:00,2019,11,5,0,11,0,581.01,15.0,46.76,7.71,0.11,0.1,503.05,506.36,,466.53
2019-11-15 12:00:00,2019,11,5,0,12,0,549.43,26.62,39.0,1.72,0.14,0.13,507.06,506.65,581.01,
2019-11-15 16:00:00,2019,11,5,0,16,0,512.83,34.22,79.87,4.24,0.0,0.0,507.42,505.06,,
2019-11-15 17:00:00,2019,11,5,0,17,0,535.45,28.99,59.24,8.25,0.05,0.05,513.32,505.31,512.83,
2019-11-16 02:00:00,2019,11,6,1,2,1,427.14,18.84,69.99,11.93,0.65,0.5,504.52,504.61,,
2019-11-16 03:00:00,2019,11,6,1,3,1,491.93,15.34,83.11,11.44,0.0,0.0,504.86,505.26,427.14,
2019-11-16 05:00:00,2019,11,6,1,5,1,555.93,32.56,76.19,6.19,0.05,0.05,508.46,505.3,,
2019-11-16 07:00:00,2019,11,6,1,7,1,545.42,15.0,33.96,6.5,0.13,0.12,503.84,505.48,,
2019-11-16 08:00:00,2019,11,6,1,8,1,504.9,28.82,68.14,12.57,0.18,0.17,504.42,505.86,545.42,
2019-11-16 09:00:00,2019,11,6,1,9,1,551.44,22.45,74.97,11.55,0.0,0.0,505.32,506.96,504.9,
2019-11-16 10:00:00,2019,11,6,1,10,1,478.41,23.9,80.61,3.16,0.11,0.1,502.56,506.51,551.44,
2019-11-16 13:00:00,2019,11,6,1,13,1,435.41,15.0,39.45,4.84,0.05,0.05,488.99,504.6,,
2019-11-16 15:00:00,2019,11,6,1,15,1,573.85,26.16,71.17,7.05,0.47,0.39,495.46,505.33,,
2019-11-16 16:00:00,2019,11,6,1,16,1,471.75,27.49,60.44,1.14,0.08,0.08,493.75,504.99,573.85,512.83
2019-11-16 21:00:00,2019,11,6,1,21,1,427.59,32.05,78.88,7.83,0.65,0.5,485.83,504.2,,
2019-11-17 01:00:00,2019,11,7,1,1,1,566.77,39.3,34.22,14.67,0.67,0.51,488.75,504.6,,
2019-11-17 14:00:00,2019,11,7,1,14,1,490.58,15.0,44.31,10.27,0.17,0.16,501.66,505.31,,
2019-11-18 03:00:00,2019,11,1,0,3,0,423.39,18.95,72.1,0.8,0.01,0.01,504.14,505.83,,
2019-11-18 04:00:00,2019,11,1,0,4,0,486.51,23.61,48.84,12.32,0.39,0.33,504.44,505.8,423.39,
2019-11-18 06:00:00,2019,11,1,0,6,0,589.23,23.95,65.0,11.98,0.31,0.27,511.16,506.64,,
2019-11-18 12:00:00,2019,11,1,0,12,0,615.08,25.66,34.03,2.99,0.37,0.31,510.36,507.81,,
2019-11-18 19:00:00,2019,11,1,0,19,0,516.5,34.71,41.27,2.62,0.3,0.26,511.62,509.25,,
2019-11-19 04:00:00,2019,11,2,0,4,0,449.78,30.51,43.96,11.86,0.48,0.39,518.01,509.7,,486.51
2019-11-19 07:00:00,2019,11,2,0,7,0,468.38,23.5,59.32,5.0,0.12,0.11,511.2,509.02,,
2019-11-19 13:00:00,2019,11,2,0,13,0,546.64,32.51,42.9,3.25,0.43,0.36,510.95,509.61,,
2019-11-19 15:00:00,2019,11,2,0,15,0,452.95,24.74,51.45,11.21,0.39,0.33,503.2,509.74,,
2019-11-19 16:00:00,2019,11,2,0,16,0,526.61,18.48,43.21,2.14,0.11,0.1,507.39,509.82,452.95,
2019-11-19 22:00:00,2019,11,2,0,22,0,443.7,17.24,41.38,6.93,0.1,0.1,512.82,510.37,,
2019-11-20 10:00:00,2019,11,3,0,10,0,517.6,15.7,58.01,0.19,0.16,0.15,510.92,512.94,,
2019-11-20 16:00:00,2019,11,3,0,16,0,519.74,24.05,62.9,7.64,0.09,0.09,502.62,512.1,,526.61
2019-11-20 18:00:00,2019,11,3,0,18,0,509.35,19.21,36.0,10.11,0.33,0.29,498.37,512.39,,
2019-11-21 03:00:00,2019,11,4,0,3,0,427.84,22.61,88.97,0.71,0.74,0.55,498.1,512.42,,
2019-11-21 04:00:00,2019,11,4,0,4,0,494.63,29.15,62.92,7.38,0.05,0.05,498.33,512.3,427.84,
2019-11-21 06:00:00,2019,11,4,0,6,0,511.29,27.49,71.29,1.42,0.18,0.17,501.16,512.72,,
2019-11-21 09:00:00,2019,11,4,0,9,0,583.65,33.83,63.85,8.25,0.0,0.0,490.49,512.08,,
2019-11-21 13:00:00,2019,11,4,0,13,0,550.55,35.36,40.59,13.06,0.21,0.19,497.01,513.13,,
2019-11-22 03:00:00,2019,11,5,0,3,0,469.5,29.29,74.28,10.73,0.4,0.34,499.61,513.14,,427.84
2019-11-22 10:00:00,2019,11,5,0,10,0,518.32,31.17,48.6,13.22,0.01,0.01,501.97,512.82,,
2019-11-22 12:00:00,2019,11,5,0,12,0,570.0,15.0,42.84,9.5,0.12,0.11,504.86,512.61,,
2019-11-22 17:00:00,2019,11,5,0,17,0,615.08,31.14,56.9,6.18,0.21,0.19,503.13,512.38,,
2019-11-22 20:00:00,2019,11,5,0,20,0,503.12,27.29,50.05,8.4,0.09,0.09,506.27,512.48,,
2019-11-22 21:00:00,2019,11,5,0,21,0,527.53,33.59,84.24,10.21,0.29,0.25,511.02,513.18,503.12,
2019-11-23 10:00:00,2019,11,6,1,10,1,480.49,18.48,61.65,8.86,0.18,0.17,503.88,513.01,,518.32
2019-11-23 12:00:00,2019,11,6,1,12,1,537.4,21.19,54.33,4.64,0.16,0.15,500.23,513.83,,570.0
2019-11-24 04:00:00,2019,11,7,1,4,1,481.11,18.12,78.04,10.17,0.28,0.25,498.88,513.96,,
2019-11-24 05:00:00,2019,11,7,1,5,1,507.99,33.86,87.95,10.04,0.04,0.04,495.43,514.53,481.11,
2019-11-24 06:00:00,2019,11,7,1,6,1,586.51,24.48,71.3,11.59,0.19,0.17,501.96,514.9,507.99,
2019-11-24 09:00:00,2019,11,7,1,9,1,604.36,16.93,39.7,13.09,0.33,0.29,501.98,514.79,,
2019-11-24 10:00:00,2019,11,7,1,10,1,506.44,33.8,47.92,6.25,0.2,0.18,503.06,514.6,604.36,480.49
2019-11-24 12:00:00,2019,11,7,1,12,1,469.08,15.96,50.11,13.86,0.01,0.01,498.85,513.41,,537.4
2019-11-24 13:00:00,2019,11,7,1,13,1,510.34,30.21,40.75,7.78,0.05,0.05,501.84,513.68,469.08,
2019-11-24 17:00:00,2019,11,7,1,17,1,428.23,32.07,46.35,12.92,0.06,0.06,503.74,513.86,,
2019-11-24 21:00:00,2019,11,7,1,21,1,503.44,29.63,39.61,14.48,0.36,0.31,501.05,513.03,,
2019-11-25 03:00:00,2019,11,1,0,3,0,458.46,15.0,73.84,7.68,0.02,0.02,503.26,513.82,,
2019-11-25 15:00:00,2019,11,1,0,15,0,473.58,18.06,53.24,6.49,0.35,0.3,507.56,512.75,,
2019-11-25 17:00:00,2019,11,1,0,17,0,509.87,23.74,84.96,2.3,0.01,0.01,510.1,513.29,,428.23
2019-11-25 23:00:00,2019,11,1,0,23,0,527.8,22.82,89.0,2.4,0.04,0.04,516.67,514.89,,
2019-11-26 01:00:00,2019,11,2,0,1,0,520.33,23.9,67.81,13.04,0.17,0.16,515.21,513.92,,
2019-11-26 02:00:00,2019,11,2,0,2,0,424.45,18.26,86.09,7.68,0.7,0.53,510.63,513.04,520.33,
2019-11-26 06:00:00,2019,11,2,0,6,0,512.22,32.95,36.6,11.35,0.11,0.1,510.91,513.02,,
2019-11-26 15:00:00,2019,11,2,0,15,0,461.58,15.0,43.63,2.41,0.48,0.39,502.02,512.58,,473.58
2019-11-26 19:00:00,2019,11,2,0,19,0,483.83,16.84,49.28,4.54,0.03,0.03,494.97,511.75,,
2019-11-27 00:00:00,2019,11,3,0,0,0,519.67,15.0,78.41,9.28,0.22,0.2,491.49,511.97,,
2019-11-27 08:00:00,2019,11,3,0,8,0,518.04,24.97,48.92,5.48,0.19,0.17,490.6,510.86,,
2019-11-27 14:00:00,2019,11,3,0,14,0,512.27,15.0,41.1,4.26,0.02,0.02,493.78,511.22,,
2019-11-27 16:00:00,2019,11,3,0,16,0,498.89,20.28,88.89,8.48,0.17,0.16,497.02,511.68,,
2019-11-27 21:00:00,2019,11,3,0,21,0,412.19,29.68,35.07,8.17,0.17,0.16,505.2,511.35,,
2019-11-27 23:00:00,2019,11,3,0,23,0,530.08,25.06,37.05,11.75,0.08,0.08,508.97,512.21,,
2019-11-28 07:00:00,2019,11,4,0,7,0,492.89,21.95,66.55,3.11,0.03,0.03,509.88,513.01,,
2019-11-28 10:00:00,2019,11,4,0,10,0,456.04,26.53,62.73,12.49,0.33,0.29,506.1,512.64,,
2019-11-28 17:00:00,2019,11,4,0,17,0,419.49,24.43,31.63,2.77,0.05,0.05,500.69,512.09,,
2019-11-28 19:00:00,2019,11,4,0,19,0,556.15,28.57,42.18,12.69,0.06,0.06,498.04,512.1,,
2019-11-28 22:00:00,2019,11,4,0,22,0,479.16,27.17,65.28,11.12,0.37,0.31,497.01,511.99,,
2019-11-29 00:00:00,2019,11,5,0,0,0,505.44,32.76,83.04,3.71,0.36,0.31,497.02,511.98,,
2019-11-29 01:00:00,2019,11,5,0,1,0,446.58,24.02,80.99,0.79,0.15,0.14,494.27,511.8,505.44,
2019-11-29 02:00:00,2019,11,5,0,2,0,482.59,30.82,43.71,14.05,0.04,0.04,491.35,511.94,446.58,
2019-11-29 06:00:00,2019,11,5,0,6,0,520.53,32.63,73.95,9.54,0.41,0.34,488.42,512.18,,
2019-11-29 11:00:00,2019,11,5,0,11,0,458.1,38.32,61.74,14.41,0.16,0.15,490.87,510.82,,
2019-11-29 14:00:00,2019,11,5,0,14,0,501.81,16.18,86.11,3.28,0.24,0.22,489.24,510.98,,
2019-11-29 21:00:00,2019,11,5,0,21,0,502.08,25.89,85.17,2.47,0.41,0.34,494.09,509.91,,
2019-11-29 22:00:00,2019,11,5,0,22,0,610.57,24.6,70.06,11.51,0.21,0.19,499.57,510.72,502.08,479.16
2019-11-29 23:00:00,2019,11,5,0,23,0,556.75,28.82,54.18,3.92,0.89,0.64,502.74,510.8,610.57,
2019-11-30 00:00:00,2019,11,6,1,0,1,469.14,36.02,52.75,1.67,0.07,0.07,501.23,510.98,556.75,505.44
2019-11-30 07:00:00,2019,11,6,1,7,1,487.16,27.55,59.38,9.77,0.02,0.02,510.42,511.77,,
2019-11-30 13:00:00,2019,11,6,1,13,1,509.65,32.52,40.37,2.35,0.09,0.09,512.51,512.49,,
2019-11-30 16:00:00,2019,11,6,1,16,1,469.1,15.0,67.87,11.21,0.2,0.18,509.73,511.91,,
2019-11-30 21:00:00,2019,11,6,1,21,1,426.48,24.71,84.12,14.83,0.31,0.27,492.87,510.13,,502.08
2019-12-01 05:00:00,2019,12,7,1,5,1,507.3,35.9,75.84,5.93,0.07,0.07,493.1,511.32,,
2019-12-01 09:00:00,2019,12,7,1,9,1,475.14,22.74,45.52,7.05,0.62,0.48,492.71,510.86,,
2019-12-01 18:00:00,2019,12,7,1,18,1,545.65,29.75,38.08,2.11,1.18,0.78,503.97,512.44,,
2019-12-01 20:00:00,2019,12,7,1,20,1,429.58,35.19,89.93,4.53,0.55,0.44,508.85,511.73,,
2019-12-01 21:00:00,2019,12,7,1,21,1,475.0,25.21,89.21,9.47,0.38,0.32,510.87,511.56,429.58,426.48
2019-12-02 01:00:00,2019,12,1,0,1,0,500.72,37.19,30.37,9.44,0.01,0.01,509.37,511.75,,
2019-12-02 08:00:00,2019,12,1,0,8,0,549.21,19.03,69.99,9.02,0.52,0.42,510.65,512.48,,
2019-12-02 10:00:00,2019,12,1,0,10,0,510.27,16.77,70.4,13.33,0.0,0.0,510.73,511.95,,
2019-12-02 11:00:00,2019,12,1,0,11,0,560.45,24.25,31.44,12.12,0.07,0.07,510.71,512.65,510.27,
2019-12-02 12:00:00,2019,12,1,0,12,0,529.66,32.24,50.05,9.79,0.11,0.1,512.79,512.34,560.45,
2019-12-02 14:00:00,2019,12,1,0,14,0,467.5,28.94,50.37,14.33,0.03,0.03,510.35,511.15,,
2019-12-02 22:00:00,2019,12,1,0,22,0,399.51,15.0,35.17,12.03,0.15,0.14,496.0,508.76,,
2019-12-03 02:00:00,2019,12,2,0,2,0,440.08,28.68,32.36,8.26,0.24,0.22,493.91,509.12,,
2019-12-03 06:00:00,2019,12,2,0,6,0,601.74,26.15,59.23,10.09,0.11,0.1,501.31,510.57,,
2019-12-03 07:00:00,2019,12,2,0,7,0,541.08,31.38,59.89,3.04,0.05,0.05,500.27,510.5,601.74,
2019-12-03 12:00:00,2019,12,2,0,12,0,525.99,21.43,87.54,3.03,0.01,0.01,499.53,510.65,,529.66
2019-12-03 16:00:00,2019,12,2,0,16,0,392.64,34.18,64.49,1.92,0.42,0.35,497.83,510.31,,
2019-12-03 17:00:00,2019,12,2,0,17,0,549.92,28.34,48.89,7.98,0.01,0.01,496.73,510.69,392.64,
2019-12-03 18:00:00,2019,12,2,0,18,0,424.88,26.59,72.49,0.53,0.04,0.04,497.6,510.28,549.92,
2019-12-04 01:00:00,2019,12,3,0,1,0,536.75,28.25,85.39,11.77,0.02,0.02,506.65,511.41,,
2019-12-04 04:00:00,2019,12,3,0,4,0,503.2,17.51,59.93,8.25,0.06,0.06,508.69,511.97,,
2019-12-04 06:00:00,2019,12,3,0,6,0,521.8,21.42,44.27,12.39,0.27,0.24,503.25,512.33,,601.74
2019-12-04 16:00:00,2019,12,3,0,16,0,469.4,21.18,51.7,13.97,0.25,0.22,509.78,512.17,,392.64
2019-12-04 21:00:00,2019,12,3,0,21,0,472.2,26.15,78.69,12.83,0.34,0.29,514.65,512.4,,
2019-12-04 22:00:00,2019,12,3,0,22,0,451.3,40.0,70.44,8.59,0.5,0.41,513.21,511.83,472.2,
2019-12-05 08:00:00,2019,12,4,0,8,0,451.73,26.84,32.94,12.51,0.09,0.09,494.75,510.02,,
2019-12-05 11:00:00,2019,12,4,0,11,0,497.82,23.41,89.72,5.36,0.13,0.12,489.91,510.15,,
2019-12-05 14:00:00,2019,12,4,0,14,0,404.18,19.04,39.68,1.69,0.31,0.27,486.21,510.02,,
2019-12-05 15:00:00,2019,12,4,0,15,0,498.26,27.91,60.57,9.92,0.26,0.23,488.3,509.81,404.18,
2019-12-06 02:00:00,2019,12,5,0,2,0,520.88,23.31,88.42,10.43,0.35,0.3,505.42,512.46,,
2019-12-06 03:00:00,2019,12,5,0,3,0,574.05,27.89,73.15,10.32,0.18,0.17,509.05,512.98,520.88,
2019-12-06 04:00:00,2019,12,5,0,4,0,518.88,25.12,38.98,5.88,0.14,0.13,512.29,513.5,574.05,
2019-12-06 08:00:00,2019,12,5,0,8,0,474.03,29.26,47.47,12.09,0.01,0.01,511.26,513.49,,451.73
2019-12-06 16:00:00,2019,12,5,0,16,0,430.97,16.99,77.77,2.82,0.11,0.1,518.82,514.5,,
2019-12-06 18:00:00,2019,12,5,0,18,0,512.28,15.0,43.9,6.81,0.24,0.22,516.14,514.14,,
2019-12-06 20:00:00,2019,12,5,0,20,0,473.01,20.89,57.54,2.64,0.07,0.07,512.1,513.34,,
2019-12-06 21:00:00,2019,12,5,0,21,0,507.12,32.08,75.66,7.55,0.24,0.22,514.33,513.37,473.01,
2019-12-07 01:00:00,2019,12,6,1,1,1,533.85,18.65,58.42,5.3,0.02,0.02,508.94,513.22,,
2019-12-07 07:00:00,2019,12,6,1,7,1,480.44,31.88,36.26,14.03,0.46,0.38,506.65,513.0,,
2019-12-07 15:00:00,2019,12,6,1,15,1,445.0,17.25,77.85,12.48,0.05,0.05,500.61,513.4,,
2019-12-08 02:00:00,2019,12,7,1,2,1,444.44,19.86,49.93,0.84,0.41,0.34,501.4,514.62,,
2019-12-08 04:00:00,2019,12,7,1,4,1,472.42,28.55,57.48,7.7,0.29,0.25,496.69,514.05,,
2019-12-08 07:00:00,2019,12,7,1,7,1,492.56,27.27,77.45,11.75,0.06,0.06,502.01,513.77,,480.44
2019-12-08 10:00:00,2019,12,7,1,10,1,543.81,25.91,76.87,14.52,0.07,0.07,506.2,515.11,,
2019-12-08 17:00:00,2019,12,7,1,17,1,522.6,18.42,68.21,9.51,0.46,0.38,504.62,514.59,,
2019-12-08 18:00:00,2019,12,7,1,18,1,414.31,22.77,48.1,6.93,0.11,0.1,501.86,513.8,522.6,
2019-12-08 19:00:00,2019,12,7,1,19,1,476.66,24.63,53.07,1.51,0.02,0.02,501.57,513.65,414.31,
2019-12-09 03:00:00,2019,12,1,0,3,0,490.53,24.22,77.03,0.3,0.4,0.34,500.05,513.36,,
2019-12-09 06:00:00,2019,12,1,0,6,0,434.41,25.21,40.15,7.61,0.24,0.22,494.18,512.3,,
2019-12-09 14:00:00,2019,12,1,0,14,0,383.28,21.33,79.39,2.49,0.35,0.3,484.91,511.61,,
2019-12-10 04:00:00,2019,12,2,0,4,0,552.67,29.38,48.53,6.65,0.07,0.07,493.96,512.58,,
2019-12-10 10:00:00,2019,12,2,0,10,0,567.99,33.88,79.45,9.37,0.27,0.24,505.65,512.86,,
2019-12-10 11:00:00,2019,12,2,0,11,0,497.76,35.15,75.12,8.16,0.09,0.09,505.23,512.78,567.99,
2019-12-10 16:00:00,2019,12,2,0,16,0,467.7,21.75,80.29,12.07,0.37,0.31,508.88,512.96,,
2019-12-10 19:00:00,2019,12,2,0,19,0,493.27,16.92,70.65,6.49,0.2,0.18,507.83,513.23,,
2019-12-10 20:00:00,2019,12,2,0,20,0,499.17,20.19,48.95,14.79,0.91,0.65,507.26,513.12,493.27,
2019-12-11 04:00:00,2019,12,3,0,4,0,543.59,16.07,76.13,5.04,0.11,0.1,508.28,512.52,,552.67
2019-12-11 08:00:00,2019,12,3,0,8,0,474.78,18.97,76.53,3.65,0.18,0.17,503.92,512.75,,
2019-12-11 10:00:00,2019,12,3,0,10,0,487.46,21.77,38.82,9.66,0.44,0.36,500.81,512.68,,567.99
2019-12-11 15:00:00,2019,12,3,0,15,0,519.73,32.28,60.03,1.03,0.06,0.06,505.56,512.36,,
2019-12-11 20:00:00,2019,12,3,0,20,0,512.13,34.44,55.49,9.23,0.11,0.1,503.29,511.2,,499.17
2019-12-11 21:00:00,2019,12,3,0,21,0,470.31,20.44,57.53,14.26,0.17,0.16,502.78,511.18,512.13,
2019-12-11 23:00:00,2019,12,3,0,23,0,531.23,30.1,51.84,7.77,0.25,0.22,498.7,511.51,,
2019-12-12 01:00:00,2019,12,4,0,1,0,508.56,23.74,34.73,0.75,0.81,0.59,499.85,511.7,,
2019-12-12 08:00:00,2019,12,4,0,8,0,508.2,25.3,44.15,1.48,1.13,0.76,492.33,512.39,,474.78
2019-12-12 10:00:00,2019,12,4,0,10,0,470.66,18.21,52.53,12.62,0.14,0.13,491.86,512.75,,487.46
2019-12-12 11:00:00,2019,12,4,0,11,0,439.81,27.84,36.67,10.23,0.1,0.1,489.63,512.4,470.66,
2019-12-12 12:00:00,2019,12,4,0,12,0,615.08,15.0,80.57,5.25,0.02,0.02,495.36,513.08,439.81,
2019-12-12 14:00:00,2019,12,4,0,14,0,531.17,25.1,33.11,10.53,0.13,0.12,494.41,513.12,,
2019-12-13 08:00:00,2019,12,5,0,8,0,545.36,28.17,58.5,9.65,0.02,0.02,504.56,511.42,,508.2
2019-12-13 11:00:00,2019,12,5,0,11,0,535.66,20.37,69.66,7.22,0.32,0.28,507.62,510.83,,439.81
2019-12-13 14:00:00,2019,12,5,0,14,0,485.24,26.88,71.86,3.5,0.0,0.0,504.94,510.53,,531.17
2019-12-13 15:00:00,2019,12,5,0,15,0,530.73,18.29,38.33,2.99,0.33,0.29,502.18,510.97,485.24,
2019-12-14 02:00:00,2019,12,6,1,2,1,400.79,26.64,57.93,4.49,0.29,0.25,495.99,509.77,,
2019-12-14 07:00:00,2019,12,6,1,7,1,383.28,23.11,67.0,14.95,0.09,0.09,494.12,509.16,,
2019-12-14 11:00:00,2019,12,6,1,11,1,501.04,30.47,55.97,3.01,0.07,0.07,493.98,509.06,,535.66
2019-12-14 16:00:00,2019,12,6,1,16,1,560.04,26.66,55.03,7.0,0.32,0.28,491.96,510.18,,
2019-12-15 00:00:00,2019,12,7,1,0,1,485.75,25.45,33.81,5.18,0.29,0.25,480.67,507.94,,
2019-12-15 01:00:00,2019,12,7,1,1,1,476.37,24.77,54.49,9.34,0.11,0.1,485.43,507.71,485.75,
2019-12-15 03:00:00,2019,12,7,1,3,1,469.76,23.57,43.7,7.62,0.28,0.25,487.37,507.99,,
2019-12-15 05:00:00,2019,12,7,1,5,1,530.98,33.94,41.19,4.09,0.07,0.07,487.32,508.1,,
2019-12-15 10:00:00,2019,12,7,1,10,1,494.06,31.23,68.65,10.73,0.18,0.17,490.68,507.0,,
2019-12-15 14:00:00,2019,12,7,1,14,1,515.46,36.8,38.85,7.5,0.1,0.1,491.55,506.39,,
2019-12-15 16:00:00,2019,12,7,1,16,1,492.53,34.25,59.81,6.46,0.28,0.25,484.29,506.6,,560.04
2019-12-15 20:00:00,2019,12,7,1,20,1,500.65,24.73,80.41,5.51,0.22,0.2,483.42,506.87,,
2019-12-16 00:00:00,2019,12,1,0,0,0,532.94,23.68,46.15,9.68,0.08,0.08,494.73,507.33,,485.75
2019-12-16 14:00:00,2019,12,1,0,14,0,464.49,36.15,50.58,1.53,0.09,0.09,511.97,510.34,,515.46
2019-12-17 00:00:00,2019,12,2,0,0,0,562.76,30.93,38.93,9.0,0.22,0.2,520.02,511.5,,532.94
2019-12-17 01:00:00,2019,12,2,0,1,0,598.43,31.44,38.09,4.96,0.37,0.31,524.6,511.99,562.76,
2019-12-17 02:00:00,2019,12,2,0,2,0,509.97,27.58,34.99,3.26,0.04,0.04,524.13,512.23,598.43,
2019-12-17 03:00:00,2019,12,2,0,3,0,457.72,19.57,34.53,3.4,0.1,0.1,518.87,511.94,509.97,
2019-12-17 23:00:00,2019,12,2,0,23,0,520.2,29.59,72.55,10.3,0.06,0.06,494.93,509.05,,
2019-12-18 06:00:00,2019,12,3,0,6,0,523.16,15.67,41.66,12.42,0.13,0.12,493.44,508.76,,
2019-12-18 08:00:00,2019,12,3,0,8,0,521.34,15.0,61.97,12.65,0.4,0.34,493.0,508.91,,
2019-12-18 09:00:00,2019,12,3,0,9,0,465.73,25.9,69.59,12.26,0.13,0.12,490.94,508.61,521.34,
2019-12-18 18:00:00,2019,12,3,0,18,0,448.7,35.97,47.42,8.57,0.03,0.03,500.95,509.59,,
2019-12-18 19:00:00,2019,12,3,0,19,0,501.23,24.83,31.65,5.89,0.15,0.14,501.64,509.58,448.7,
2019-12-19 00:00:00,2019,12,4,0,0,0,453.84,18.04,36.72,13.01,0.35,0.3,500.64,509.96,,
2019-12-19 02:00:00,2019,12,4,0,2,0,458.28,20.7,32.36,5.1,0.14,0.13,500.43,509.72,,
2019-12-19 04:00:00,2019,12,4,0,4,0,552.06,24.59,85.44,3.09,0.03,0.03,507.14,510.16,,
2019-12-19 12:00:00,2019,12,4,0,12,0,565.29,20.41,30.92,10.52,0.01,0.01,514.68,511.7,,
2019-12-19 19:00:00,2019,12,4,0,19,0,512.18,34.62,71.57,11.47,0.02,0.02,515.09,511.79,,501.23
2019-12-19 20:00:00,2019,12,4,0,20,0,491.62,30.73,85.48,14.15,0.26,0.23,517.53,511.47,512.18,
2019-12-20 01:00:00,2019,12,5,0,1,0,460.79,17.95,72.76,3.95,0.41,0.34,517.99,512.34,,
2019-12-20 03:00:00,2019,12,5,0,3,0,470.42,20.27,87.65,10.11,0.13,0.12,520.94,512.4,,
2019-12-20 12:00:00,2019,12,5,0,12,0,517.93,17.44,73.7,12.28,0.14,0.13,512.74,512.96,,565.29
2019-12-20 17:00:00,2019,12,5,0,17,0,551.44,29.77,47.61,11.89,0.05,0.05,503.67,511.94,,
2019-12-20 18:00:00,2019,12,5,0,18,0,409.58,28.53,47.48,0.82,0.07,0.07,502.95,511.55,551.44,
2019-12-20 23:00:00,2019,12,5,0,23,0,533.01,15.0,75.28,1.06,0.03,0.03,497.15,511.96,,
2019-12-21 02:00:00,2019,12,6,1,2,1,532.59,30.07,77.68,5.9,0.25,0.22,498.26,512.97,,
2019-12-21 15:00:00,2019,12,6,1,15,1,515.14,19.3,33.48,5.42,0.05,0.05,509.62,514.83,,
2019-12-21 22:00:00,2019,12,6,1,22,1,572.94,37.86,69.46,14.18,0.11,0.1,514.65,515.74,,
2019-12-22 11:00:00,2019,12,7,1,11,1,574.31,26.26,64.36,4.52,0.0,0.0,504.01,516.84,,
2019-12-22 13:00:00,2019,12,7,1,13,1,488.83,26.96,36.46,2.6,0.25,0.22,502.39,517.45,,
2019-12-22 15:00:00,2019,12,7,1,15,1,537.9,34.07,48.46,2.77,0.07,0.07,505.45,517.51,,515.14
2019-12-23 02:00:00,2019,12,1,0,2,0,471.26,15.0,66.77,4.74,0.08,0.08,498.14,517.16,,
2019-12-23 07:00:00,2019,12,1,0,7,0,612.98,28.89,80.23,8.81,0.08,0.08,510.83,516.66,,
2019-12-23 09:00:00,2019,12,1,0,9,0,512.82,20.28,57.91,7.76,0.21,0.19,516.27,517.09,,
2019-12-23 13:00:00,2019,12,1,0,13,0,504.01,16.32,75.49,14.17,0.24,0.22,511.69,517.1,,488.83
2019-12-23 14:00:00,2019,12,1,0,14,0,551.93,29.74,50.17,3.24,0.25,0.22,514.27,517.63,504.01,
2019-12-23 15:00:00,2019,12,1,0,15,0,400.39,17.46,41.61,5.37,0.05,0.05,508.54,516.52,551.93,537.9
2019-12-24 14:00:00,2019,12,2,0,14,0,465.48,32.86,81.51,13.57,0.09,0.09,512.61,518.78,,551.93
2019-12-24 20:00:00,2019,12,2,0,20,0,542.44,20.05,33.18,5.19,0.07,0.07,510.95,518.78,,
2019-12-25 01:00:00,2019,12,3,0,1,0,489.16,26.51,66.99,9.78,0.19,0.17,501.72,518.78,,
2019-12-25 18:00:00,2019,12,3,0,18,0,478.34,15.0,54.57,2.14,0.38,0.32,490.45,517.35,,
2019-12-26 18:00:00,2019,12,4,0,18,0,489.4,15.0,32.97,7.49,0.06,0.06,508.9,516.51,,478.34
2019-12-26 19:00:00,2019,12,4,0,19,0,464.51,31.17,35.74,13.63,0.18,0.17,505.48,516.22,489.4,
2019-12-26 20:00:00,2019,12,4,0,20,0,501.85,17.5,46.47,3.42,0.0,0.0,505.02,516.28,464.51,
2019-12-27 16:00:00,2019,12,5,0,16,0,533.21,21.38,44.74,11.83,0.13,0.12,480.71,513.29,,
2019-12-27 18:00:00,2019,12,5,0,18,0,404.95,20.8,74.94,8.54,0.08,0.08,479.02,513.02,,489.4
2019-12-28 12:00:00,2019,12,6,1,12,1,615.08,15.0,50.86,11.71,0.2,0.18,511.81,513.54,,
2019-12-28 23:00:00,2019,12,6,1,23,1,493.24,34.24,68.2,3.44,0.21,0.19,506.85,511.99,,
2019-12-29 08:00:00,2019,12,7,1,8,1,428.92,33.09,48.22,4.45,0.01,0.01,493.33,512.28,,
2019-12-29 09:00:00,2019,12,7,1,9,1,401.46,15.0,41.19,7.12,0.42,0.35,489.49,512.07,428.92,
2019-12-29 23:00:00,2019,12,7,1,23,1,509.42,27.53,65.0,2.84,0.3,0.26,486.64,510.31,,493.24
2019-12-30 04:00:00,2019,12,1,0,4,0,401.19,35.0,60.15,11.87,0.09,0.09,480.67,508.79,,
2019-12-30 11:00:00,2019,12,1,0,11,0,473.9,24.85,67.19,5.19,0.4,0.34,485.05,507.24,,
2019-12-30 12:00:00,2019,12,1,0,12,0,560.97,33.8,48.46,4.84,0.25,0.22,489.1,507.76,473.9,
2019-12-30 14:00:00,2019,12,1,0,14,0,482.41,25.78,67.07,2.39,0.15,0.14,489.74,507.11,,
2019-12-30 15:00:00,2019,12,1,0,15,0,547.28,34.64,51.61,14.33,0.27,0.24,493.52,508.0,482.41,
2019-12-31 00:00:00,2019,12,2,0,0,0,471.04,23.87,45.06,6.84,0.57,0.45,491.38,504.84,,
2019-12-31 02:00:00,2019,12,2,0,2,0,510.78,18.86,42.34,3.5,0.02,0.02,493.51,504.55,,
2019-12-31 07:00:00,2019,12,2,0,7,0,545.56,15.0,65.32,14.44,0.01,0.01,502.35,506.33,,
2019-12-31 14:00:00,2019,12,2,0,14,0,522.75,18.2,76.53,5.78,0.15,0.14,507.93,506.43,,482.41
2019-12-31 15:00:00,2019,12,2,0,15,0,591.12,34.84,50.23,8.36,0.65,0.5,509.76,506.85,522.75,547.28
2019-12-31 19:00:00,2019,12,2,0,19,0,491.01,18.65,74.42,2.91,0.49,0.4,518.66,507.13,,
2019-12-31 20:00:00,2019,12,2,0,20,0,503.58,25.0,45.17,13.89,0.54,0.43,518.01,506.89,491.01,
2019-12-31 22:00:00,2019,12,2,0,22,0,531.87,22.99,52.12,1.65,0.61,0.48,523.99,507.73,,
2020-01-01 01:00:00,2020,1,3,0,1,0,536.02,15.0,34.06,14.95,0.1,0.1,524.56,507.85,,
2020-01-01 03:00:00,2020,1,3,0,3,0,584.78,17.93,70.05,14.62,0.04,0.04,524.95,508.02,,
2020-01-01 14:00:00,2020,1,3,0,14,0,445.78,19.48,30.0,14.36,0.11,0.1,515.71,509.4,,522.75
2020-01-01 17:00:00,2020,1,3,0,17,0,549.75,24.05,70.17,4.72,0.09,0.09,512.36,510.77,,
2020-01-02 11:00:00,2020,1,4,0,11,0,529.35,17.52,33.86,3.72,0.05,0.05,502.94,510.45,,
2020-01-02 22:00:00,2020,1,4,0,22,0,571.59,26.14,31.27,8.6,0.03,0.03,510.69,512.52,,
2020-01-02 23:00:00,2020,1,4,0,23,0,477.05,35.76,73.7,10.16,0.12,0.11,509.91,512.24,571.59,
2020-01-03 14:00:00,2020,1,5,0,14,0,506.53,30.72,47.96,4.27,0.01,0.01,507.91,513.62,,
2020-01-03 20:00:00,2020,1,5,0,20,0,505.75,20.75,35.44,8.58,0.55,0.44,501.34,514.36,,
2020-01-04 03:00:00,2020,1,6,1,3,1,420.55,27.63,67.81,14.86,0.08,0.08,499.1,513.93,,
2020-01-04 07:00:00,2020,1,6,1,7,1,537.48,33.35,65.21,1.82,0.03,0.03,498.09,512.08,,
2020-01-04 13:00:00,2020,1,6,1,13,1,491.85,34.58,47.39,3.83,0.27,0.24,488.3,510.15,,
2020-01-04 16:00:00,2020,1,6,1,16,1,421.79,15.0,37.02,9.05,0.06,0.06,485.77,510.3,,
2020-01-04 17:00:00,2020,1,6,1,17,1,511.24,29.72,84.04,3.75,0.06,0.06,482.08,510.73,421.79,
2020-01-04 20:00:00,2020,1,6,1,20,1,535.9,32.54,88.56,2.9,0.25,0.22,480.73,510.82,,505.75
2020-01-05 04:00:00,2020,1,7,1,4,1,464.23,23.01,87.41,7.02,0.08,0.08,494.88,511.53,,
2020-01-05 07:00:00,2020,1,7,1,7,1,574.31,26.04,78.41,8.73,0.16,0.15,503.83,512.6,,537.48
2020-01-05 08:00:00,2020,1,7,1,8,1,402.5,24.43,62.25,12.6,0.25,0.22,499.76,512.44,574.31,
2020-01-05 15:00:00,2020,1,7,1,15,1,610.94,22.83,51.74,0.74,0.06,0.06,520.43,515.5,,
2020-01-05 20:00:00,2020,1,7,1,20,1,527.19,20.61,60.55,2.08,0.04,0.04,526.69,516.61,,535.9
2020-01-06 04:00:00,2020,1,1,0,4,0,510.99,20.32,79.78,7.59,0.09,0.09,515.47,516.61,,464.23
2020-01-06 09:00:00,2020,1,1,0,9,0,515.54,15.0,77.23,3.79,0.22,0.2,516.24,517.25,,
2020-01-06 22:00:00,2020,1,1,0,22,0,450.11,17.38,69.22,12.99,0.22,0.2,508.28,518.78,,
2020-01-06 23:00:00,2020,1,1,0,23,0,528.35,15.0,35.56,3.8,0.03,0.03,512.91,518.78,450.11,
2020-01-07 00:00:00,2020,1,2,0,0,0,452.73,25.64,61.06,10.81,0.04,0.04,508.77,518.78,528.35,
2020-01-07 02:00:00,2020,1,2,0,2,0,559.46,22.32,76.1,1.43,0.38,0.32,514.34,518.78,,
2020-01-07 08:00:00,2020,1,2,0,8,0,518.99,22.54,60.44,12.22,0.07,0.07,511.98,518.71,,
2020-01-07 16:00:00,2020,1,2,0,16,0,524.65,32.4,77.98,3.95,0.18,0.17,508.51,517.29,,
2020-01-07 17:00:00,2020,1,2,0,17,0,483.73,40.0,81.71,12.78,0.41,0.34,505.73,517.03,524.65,
2020-01-07 22:00:00,2020,1,2,0,22,0,471.56,22.04,65.06,6.64,0.14,0.13,512.97,517.28,,450.11
2020-01-07 23:00:00,2020,1,2,0,23,0,453.78,27.31,42.02,9.93,0.0,0.0,509.87,516.94,471.56,528.35
2020-01-08 00:00:00,2020,1,3,0,0,0,395.99,29.23,81.39,10.81,0.08,0.08,507.5,516.28,453.78,452.73
2020-01-08 02:00:00,2020,1,3,0,2,0,552.36,19.6,61.02,9.87,0.11,0.1,502.19,516.39,,559.46
2020-01-08 04:00:00,2020,1,3,0,4,0,558.15,32.15,74.13,4.18,0.35,0.3,501.46,516.84,,
2020-01-08 10:00:00,2020,1,3,0,10,0,466.75,29.45,41.61,11.56,0.01,0.01,490.91,515.0,,
2020-01-08 12:00:00,2020,1,3,0,12,0,490.88,28.74,39.9,13.7,0.03,0.03,488.84,514.33,,
2020-01-08 15:00:00,2020,1,3,0,15,0,546.84,30.23,49.02,12.33,0.13,0.12,495.32,515.05,,
2020-01-08 19:00:00,2020,1,3,0,19,0,438.55,18.77,36.67,13.54,0.07,0.07,497.57,514.79,,
2020-01-09 00:00:00,2020,1,4,0,0,0,562.02,35.18,32.34,13.26,0.42,0.35,509.9,515.94,,395.99
2020-01-09 01:00:00,2020,1,4,0,1,0,448.4,24.97,52.29,6.84,0.37,0.31,509.41,515.99,562.02,
2020-01-09 09:00:00,2020,1,4,0,9,0,580.37,15.0,46.0,12.66,0.01,0.01,513.06,516.27,,
2020-01-09 10:00:00,2020,1,4,0,10,0,456.04,25.9,84.45,4.95,0.0,0.0,512.61,516.34,580.37,466.75
2020-01-09 12:00:00,2020,1,4,0,12,0,500.5,18.37,63.16,1.49,0.05,0.05,512.23,515.47,,490.88
2020-01-09 18:00:00,2020,1,4,0,18,0,422.75,17.1,37.89,9.34,0.0,0.0,505.56,514.99,,
2020-01-09 23:00:00,2020,1,4,0,23,0,531.18,18.64,63.51,14.13,0.36,0.31,502.55,514.02,,
2020-01-10 00:00:00,2020,1,5,0,0,0,579.19,15.0,89.56,2.46,0.26,0.23,503.26,514.92,531.18,562.02
2020-01-10 01:00:00,2020,1,5,0,1,0,516.44,23.66,85.6,5.3,0.01,0.01,506.1,515.51,579.19,448.4
2020-01-10 10:00:00,2020,1,5,0,10,0,592.69,28.1,38.19,12.61,0.75,0.56,506.59,516.24,,456.04
2020-01-10 20:00:00,2020,1,5,0,20,0,508.86,26.71,59.64,0.55,0.02,0.02,510.43,515.07,,
2020-01-10 23:00:00,2020,1,5,0,23,0,497.23,29.43,81.96,0.61,0.01,0.01,502.39,513.96,,531.18
2020-01-11 17:00:00,2020,1,6,1,17,1,491.45,15.0,59.0,14.09,0.09,0.09,495.1,517.56,,
2020-01-11 19:00:00,2020,1,6,1,19,1,489.39,28.98,81.58,8.9,0.38,0.32,499.43,517.96,,
2020-01-11 20:00:00,2020,1,6,1,20,1,500.41,24.99,42.19,14.05,0.08,0.08,499.08,517.74,489.39,508.86
2020-01-12 00:00:00,2020,1,7,1,0,1,480.73,27.75,47.92,8.01,0.15,0.14,500.63,516.88,,
2020-01-12 08:00:00,2020,1,7,1,8,1,463.6,16.79,76.3,11.27,0.35,0.3,491.23,514.48,,
2020-01-12 23:00:00,2020,1,7,1,23,1,449.45,20.55,36.28,10.02,0.32,0.28,490.01,513.05,,
2020-01-13 00:00:00,2020,1,1,0,0,0,500.53,15.0,48.11,10.41,0.04,0.04,490.83,512.74,449.45,480.73
2020-01-13 09:00:00,2020,1,1,0,9,0,448.6,20.32,31.73,7.58,0.26,0.23,501.44,512.21,,
2020-01-13 15:00:00,2020,1,1,0,15,0,456.14,15.58,64.11,10.4,1.02,0.7,487.04,509.62,,
2020-01-13 17:00:00,2020,1,1,0,17,0,534.41,32.67,32.88,5.53,0.35,0.3,488.21,509.77,,
2020-01-13 19:00:00,2020,1,1,0,19,0,536.47,25.3,49.78,6.49,0.07,0.07,488.9,509.71,,
2020-01-13 23:00:00,2020,1,1,0,23,0,489.6,26.18,54.74,7.79,0.66,0.51,492.93,510.14,,449.45
2020-01-14 00:00:00,2020,1,2,0,0,0,495.11,18.21,75.7,3.27,0.03,0.03,492.71,510.4,489.6,500.53
2020-01-14 02:00:00,2020,1,2,0,2,0,518.35,32.32,64.49,0.18,0.0,0.0,488.39,509.28,,
2020-01-14 12:00:00,2020,1,2,0,12,0,397.81,17.85,77.68,3.51,0.07,0.07,490.48,508.27,,
2020-01-14 14:00:00,2020,1,2,0,14,0,468.97,34.27,34.23,12.11,0.33,0.29,499.12,508.53,,
2020-01-14 19:00:00,2020,1,2,0,19,0,457.54,16.86,52.3,2.93,0.14,0.13,489.28,507.49,,536.47
2020-01-14 21:00:00,2020,1,2,0,21,0,459.79,15.0,61.39,6.48,0.16,0.15,485.63,506.64,,
2020-01-15 00:00:00,2020,1,3,0,0,0,398.9,25.12,35.27,10.13,0.0,0.0,492.01,508.14,,495.11
2020-01-15 18:00:00,2020,1,3,0,18,0,383.28,27.72,71.26,14.63,0.17,0.16,489.71,506.23,,
2020-01-16 00:00:00,2020,1,4,0,0,0,506.52,33.1,87.39,3.29,0.18,0.17,484.13,504.38,,398.9
2020-01-16 07:00:00,2020,1,4,0,7,0,533.24,28.29,65.2,14.57,0.08,0.08,488.88,504.83,,
2020-01-16 16:00:00,2020,1,4,0,16,0,539.62,28.11,53.55,7.28,0.05,0.05,483.91,502.85,,
2020-01-16 20:00:00,2020,1,4,0,20,0,469.19,28.46,37.05,0.14,0.15,0.14,486.95,503.8,,
2020-01-17 00:00:00,2020,1,5,0,0,0,521.72,19.12,36.72,4.32,0.0,0.0,487.28,502.06,,506.52
2020-01-17 10:00:00,2020,1,5,0,10,0,466.5,15.15,58.82,5.53,0.25,0.22,486.53,501.15,,
2020-01-17 11:00:00,2020,1,5,0,11,0,545.6,25.37,89.45,2.63,0.06,0.06,490.68,502.26,466.5,
2020-01-17 21:00:00,2020,1,5,0,21,0,490.71,15.0,31.74,9.14,0.44,0.36,496.9,501.71,,
2020-01-18 02:00:00,2020,1,6,1,2,1,442.32,32.15,58.95,3.24,0.12,0.11,497.64,501.99,,
2020-01-18 08:00:00,2020,1,6,1,8,1,574.38,25.25,52.16,6.99,0.02,0.02,503.82,502.34,,
2020-01-18 09:00:00,2020,1,6,1,9,1,528.09,27.89,81.41,8.57,0.17,0.16,505.04,502.39,574.38,
2020-01-18 12:00:00,2020,1,6,1,12,1,541.24,27.75,33.24,7.38,0.43,0.36,505.07,502.98,,
2020-01-19 10:00:00,2020,1,7,1,10,1,439.12,33.03,33.1,7.92,0.39,0.33,501.63,503.8,,
2020-01-19 11:00:00,2020,1,7,1,11,1,534.76,20.21,58.96,6.94,0.28,0.25,502.32,504.57,439.12,
2020-01-19 17:00:00,2020,1,7,1,17,1,446.93,31.32,63.07,7.93,0.17,0.16,490.73,502.77,,
2020-01-19 20:00:00,2020,1,7,1,20,1,521.33,18.67,37.78,4.58,0.07,0.07,491.68,502.88,,
2020-01-20 07:00:00,2020,1,1,0,7,0,470.85,23.11,79.93,3.16,0.15,0.14,503.57,504.49,,
2020-01-20 13:00:00,2020,1,1,0,13,0,509.57,15.0,79.2,12.57,0.06,0.06,510.69,507.04,,
2020-01-20 14:00:00,2020,1,1,0,14,0,547.11,31.81,73.47,6.66,0.0,0.0,515.26,507.73,509.57,
2020-01-20 19:00:00,2020,1,1,0,19,0,549.25,39.21,36.43,2.89,0.42,0.35,523.37,507.58,,
2020-01-20 22:00:00,2020,1,1,0,22,0,442.53,19.24,75.15,13.97,0.34,0.29,517.29,507.43,,
2020-01-21 02:00:00,2020,1,2,0,2,0,534.57,26.09,34.37,13.99,0.9,0.64,515.44,508.17,,
2020-01-21 04:00:00,2020,1,2,0,4,0,537.48,30.02,76.3,4.06,0.15,0.14,511.76,508.0,,
2020-01-21 10:00:00,2020,1,2,0,10,0,545.06,40.0,50.67,5.05,0.03,0.03,500.38,507.63,,
2020-01-21 12:00:00,2020,1,2,0,12,0,582.68,32.77,74.22,11.05,0.01,0.01,508.61,508.84,,
2020-01-22 03:00:00,2020,1,3,0,3,0,481.88,29.79,56.49,8.59,0.12,0.11,501.72,508.55,,
2020-01-22 12:00:00,2020,1,3,0,12,0,438.41,18.34,53.71,5.8,0.14,0.13,489.15,509.52,,582.68
2020-01-22 18:00:00,2020,1,3,0,18,0,433.97,15.0,84.31,13.07,0.06,0.06,493.0,508.98,,
2020-01-22 21:00:00,2020,1,3,0,21,0,406.89,33.6,72.07,10.34,0.01,0.01,489.69,508.95,,
2020-01-22 22:00:00,2020,1,3,0,22,0,465.06,27.06,62.22,12.22,0.1,0.1,489.29,509.24,406.89,
2020-01-23 00:00:00,2020,1,4,0,0,0,491.7,19.81,55.18,1.01,0.13,0.12,484.73,509.16,,
2020-01-23 01:00:00,2020,1,4,0,1,0,481.46,33.03,74.94,6.78,0.25,0.22,483.37,509.02,491.7,
2020-01-23 15:00:00,2020,1,4,0,15,0,542.34,26.48,74.72,12.89,0.08,0.08,493.97,511.28,,
2020-01-23 19:00:00,2020,1,4,0,19,0,528.45,21.88,53.1,6.3,0.12,0.11,503.81,511.99,,
2020-01-23 20:00:00,2020,1,4,0,20,0,506.58,28.57,48.62,8.94,0.02,0.02,504.55,512.22,528.45,
2020-01-24 08:00:00,2020,1,5,0,8,0,506.63,18.03,72.75,13.13,0.16,0.15,502.68,512.37,,
2020-01-24 11:00:00,2020,1,5,0,11,0,512.78,40.0,63.24,5.82,0.04,0.04,498.36,511.7,,
2020-01-24 14:00:00,2020,1,5,0,14,0,533.84,28.3,60.11,4.49,0.28,0.25,502.55,511.29,,
2020-01-24 15:00:00,2020,1,5,0,15,0,494.53,37.23,51.01,11.86,0.02,0.02,500.56,510.99,533.84,542.34
2020-01-24 19:00:00,2020,1,5,0,19,0,466.21,15.09,89.28,6.68,0.52,0.42,495.11,511.61,,528.45
2020-01-25 06:00:00,2020,1,6,1,6,1,567.25,22.97,88.32,8.49,0.19,0.17,496.69,511.45,,
2020-01-25 08:00:00,2020,1,6,1,8,1,547.73,21.76,74.34,5.11,0.52,0.42,496.91,511.36,,506.63
2020-01-25 10:00:00,2020,1,6,1,10,1,463.33,40.0,83.42,11.57,0.07,0.07,502.69,511.03,,
2020-01-25 23:00:00,2020,1,6,1,23,1,383.28,19.97,82.59,11.08,0.16,0.15,495.22,509.61,,
2020-01-26 01:00:00,2020,1,7,1,1,1,492.03,24.96,57.94,12.41,0.24,0.22,497.49,509.72,,
2020-01-26 03:00:00,2020,1,7,1,3,1,540.06,25.06,84.47,13.82,0.05,0.05,497.86,509.69,,
2020-01-26 09:00:00,2020,1,7,1,9,1,543.66,40.0,72.11,8.32,0.1,0.1,499.69,510.6,,
2020-01-26 16:00:00,2020,1,7,1,16,1,464.64,21.46,31.01,5.82,0.14,0.13,509.93,512.43,,
2020-01-26 18:00:00,2020,1,7,1,18,1,449.94,22.47,49.37,1.18,0.1,0.1,503.39,512.43,,
2020-01-26 22:00:00,2020,1,7,1,22,1,589.2,21.3,72.15,12.76,0.1,0.1,510.83,513.48,,
2020-01-26 23:00:00,2020,1,7,1,23,1,499.79,27.05,71.65,7.2,0.16,0.15,517.1,513.44,589.2,349.47
2020-01-27 04:00:00,2020,1,1,0,4,0,563.88,30.4,38.98,14.89,0.55,0.44,525.01,514.06,,
2020-01-27 07:00:00,2020,1,1,0,7,0,525.71,28.27,60.38,13.06,0.12,0.11,526.93,514.03,,
2020-01-27 08:00:00,2020,1,1,0,8,0,459.19,26.05,40.97,4.66,0.08,0.08,525.97,513.45,525.71,
2020-01-27 15:00:00,2020,1,1,0,15,0,495.9,16.96,59.93,0.13,0.23,0.21,516.87,512.14,,
2020-01-28 04:00:00,2020,1,2,0,4,0,456.96,24.17,38.31,4.07,0.15,0.14,493.18,511.35,,563.88
2020-01-28 05:00:00,2020,1,2,0,5,0,567.71,20.47,58.88,12.36,0.16,0.15,494.94,511.85,456.96,
2020-01-28 12:00:00,2020,1,2,0,12,0,467.48,24.91,75.13,7.74,0.08,0.08,508.95,512.21,,
2020-01-28 14:00:00,2020,1,2,0,14,0,474.91,27.06,33.99,9.11,0.07,0.07,505.95,512.65,,
2020-01-28 16:00:00,2020,1,2,0,16,0,486.4,16.79,65.59,6.48,0.03,0.03,500.78,512.73,,
2020-01-28 20:00:00,2020,1,2,0,20,0,475.44,17.57,65.7,12.14,0.16,0.15,512.92,513.69,,
2020-01-29 05:00:00,2020,1,3,0,5,0,488.88,23.33,73.82,10.5,0.06,0.06,509.86,513.54,,567.71
2020-01-29 23:00:00,2020,1,3,0,23,0,564.19,26.32,40.39,0.89,0.06,0.06,497.62,514.72,,
2020-01-30 02:00:00,2020,1,4,0,2,0,491.47,15.92,89.35,8.86,0.11,0.1,492.19,514.31,,
2020-01-30 08:00:00,2020,1,4,0,8,0,520.8,25.96,49.98,11.37,0.08,0.08,501.16,514.45,,
2020-01-30 20:00:00,2020,1,4,0,20,0,423.93,27.75,37.8,0.09,0.17,0.16,501.99,513.77,,
2020-01-30 22:00:00,2020,1,4,0,22,0,481.93,24.95,41.01,9.47,0.23,0.21,510.9,513.88,,
2020-01-30 23:00:00,2020,1,4,0,23,0,481.03,35.79,51.25,6.71,0.12,0.11,507.44,513.88,481.93,564.19
2020-01-31 05:00:00,2020,1,5,0,5,0,524.34,38.5,89.89,14.63,0.03,0.03,503.77,513.82,,
2020-01-31 06:00:00,2020,1,5,0,6,0,454.92,22.51,87.86,0.06,0.09,0.09,500.19,513.96,524.34,
2020-01-31 07:00:00,2020,1,5,0,7,0,461.59,30.53,37.84,5.01,0.22,0.2,498.06,513.69,454.92,
2020-01-31 08:00:00,2020,1,5,0,8,0,431.36,36.29,89.07,7.1,0.15,0.14,494.34,513.24,461.59,520.8
2020-01-31 10:00:00,2020,1,5,0,10,0,565.58,28.46,68.18,5.82,0.01,0.01,499.86,514.17,,
2020-02-01 00:00:00,2020,2,6,1,0,1,477.92,35.72,41.02,12.86,0.32,0.28,500.24,514.77,,
2020-02-01 02:00:00,2020,2,6,1,2,1,413.66,22.34,47.04,14.1,0.12,0.11,496.9,514.58,,
2020-02-01 09:00:00,2020,2,6,1,9,1,454.94,22.47,30.64,5.19,0.18,0.17,501.62,513.39,,
2020-02-01 10:00:00,2020,2,6,1,10,1,493.2,23.68,69.45,5.97,0.12,0.11,498.61,513.57,454.94,565.58
2020-02-01 11:00:00,2020,2,6,1,11,1,490.12,19.68,65.13,1.47,0.28,0.25,499.96,513.78,493.2,
2020-02-01 14:00:00,2020,2,6,1,14,1,437.02,36.81,42.69,8.32,0.49,0.4,497.91,513.58,,
2020-02-02 03:00:00,2020,2,7,1,3,1,500.22,19.33,44.4,8.06,0.51,0.41,493.66,514.1,,
2020-02-02 06:00:00,2020,2,7,1,6,1,496.54,26.63,89.13,4.09,0.02,0.02,500.84,513.73,,
2020-02-02 07:00:00,2020,2,7,1,7,1,433.68,23.59,31.15,0.12,0.19,0.17,493.41,513.61,496.54,
2020-02-02 11:00:00,2020,2,7,1,11,1,545.12,22.54,64.19,7.83,0.09,0.09,502.16,513.85,,490.12
2020-02-02 15:00:00,2020,2,7,1,15,1,492.14,18.57,34.48,7.27,0.79,0.58,501.25,512.17,,
2020-02-02 16:00:00,2020,2,7,1,16,1,473.79,23.26,53.02,7.68,0.29,0.25,504.99,512.22,492.14,
2020-02-02 19:00:00,2020,2,7,1,19,1,469.23,27.62,50.84,9.42,0.01,0.01,502.1,511.71,,
2020-02-02 22:00:00,2020,2,7,1,22,1,464.86,19.28,72.36,10.59,0.3,0.26,497.28,511.06,,
2020-02-03 14:00:00,2020,2,1,0,14,0,479.65,29.9,31.39,13.75,0.02,0.02,503.56,510.25,,
2020-02-03 17:00:00,2020,2,1,0,17,0,512.01,25.28,68.02,13.8,0.11,0.1,508.48,510.53,,
2020-02-03 19:00:00,2020,2,1,0,19,0,541.47,32.15,48.22,8.25,0.45,0.37,512.92,512.02,,469.23
2020-02-03 23:00:00,2020,2,1,0,23,0,475.41,15.0,55.5,6.7,0.01,0.01,506.5,511.4,,
2020-02-04 02:00:00,2020,2,2,0,2,0,608.6,30.62,61.83,9.02,0.13,0.12,508.44,512.06,,
2020-02-05 02:00:00,2020,2,3,0,2,0,540.72,16.39,38.08,7.36,0.09,0.09,513.92,512.42,,608.6
2020-02-05 03:00:00,2020,2,3,0,3,0,615.08,21.35,54.55,2.98,0.59,0.46,520.9,513.44,540.72,
2020-02-05 07:00:00,2020,2,3,0,7,0,512.33,32.97,82.2,7.73,0.08,0.08,515.85,513.86,,
2020-02-05 10:00:00,2020,2,3,0,10,0,437.28,21.92,51.67,2.96,0.09,0.09,518.5,513.09,,
2020-02-05 16:00:00,2020,2,3,0,16,0,413.43,15.0,87.76,11.65,0.18,0.17,506.26,511.93,,
2020-02-05 18:00:00,2020,2,3,0,18,0,514.34,15.0,51.8,14.37,0.2,0.18,506.04,512.17,,
2020-02-05 19:00:00,2020,2,3,0,19,0,566.26,15.0,58.61,11.23,0.23,0.21,504.97,512.23,514.34,
2020-02-06 02:00:00,2020,2,4,0,2,0,504.13,23.6,83.67,5.34,0.05,0.05,493.13,512.55,,540.72
2020-02-06 04:00:00,2020,2,4,0,4,0,459.79,33.81,44.96,4.03,0.03,0.03,484.73,511.95,,
2020-02-06 05:00:00,2020,2,4,0,5,0,508.25,24.02,76.83,4.52,0.01,0.01,486.39,511.73,459.79,
2020-02-06 08:00:00,2020,2,4,0,8,0,419.72,20.49,41.09,12.37,0.07,0.07,486.04,511.2,,
2020-02-06 09:00:00,2020,2,4,0,9,0,496.2,34.39,36.12,12.85,0.32,0.28,484.96,511.51,419.72,
2020-02-06 13:00:00,2020,2,4,0,13,0,525.39,20.37,53.93,7.06,0.26,0.23,493.9,511.41,,
2020-02-06 14:00:00,2020,2,4,0,14,0,464.81,15.0,46.72,4.7,0.07,0.07,490.55,511.35,525.39,
2020-02-06 15:00:00,2020,2,4,0,15,0,544.27,21.64,46.4,5.95,0.14,0.13,496.58,511.34,464.81,
2020-02-06 16:00:00,2020,2,4,0,16,0,423.49,29.46,51.54,11.65,0.02,0.02,497.0,511.23,544.27,413.43
2020-02-07 13:00:00,2020,2,5,0,13,0,492.86,17.83,40.63,4.61,0.03,0.03,494.27,511.76,,525.39
2020-02-07 16:00:00,2020,2,5,0,16,0,506.22,25.23,46.04,1.7,0.18,0.17,499.44,511.59,,423.49
2020-02-07 19:00:00,2020,2,5,0,19,0,467.38,24.84,66.08,1.37,0.37,0.31,504.71,510.76,,
2020-02-08 00:00:00,2020,2,6,1,0,1,588.03,37.13,65.21,4.64,0.17,0.16,514.7,511.01,,
2020-02-08 02:00:00,2020,2,6,1,2,1,480.4,24.8,73.01,11.16,0.26,0.23,509.65,511.36,,
2020-02-08 03:00:00,2020,2,6,1,3,1,458.75,40.0,42.92,7.69,0.15,0.14,506.68,510.86,480.4,
2020-02-08 07:00:00,2020,2,6,1,7,1,555.18,26.26,79.48,7.26,0.1,0.1,512.09,511.26,,
2020-02-08 12:00:00,2020,2,6,1,12,1,455.18,19.91,46.99,3.64,0.24,0.22,497.63,511.46,,
2020-02-08 19:00:00,2020,2,6,1,19,1,537.62,21.33,53.14,12.72,0.01,0.01,502.59,513.22,,467.38
2020-02-09 01:00:00,2020,2,7,1,1,1,464.69,31.67,49.33,13.78,0.13,0.12,504.07,512.9,,
2020-02-09 05:00:00,2020,2,7,1,5,1,483.61,15.77,67.74,2.9,0.16,0.15,510.97,512.98,,
2020-02-09 10:00:00,2020,2,7,1,10,1,503.91,15.0,81.74,2.27,0.02,0.02,514.41,513.49,,
2020-02-09 15:00:00,2020,2,7,1,15,1,451.56,36.4,77.92,7.4,0.04,0.04,506.53,513.34,,
2020-02-09 23:00:00,2020,2,7,1,23,1,538.75,17.93,34.96,1.15,0.14,0.13,506.82,514.01,,
2020-02-10 01:00:00,2020,2,1,0,1,0,590.22,25.05,74.33,4.67,0.35,0.3,508.28,514.13,,464.69
2020-02-10 03:00:00,2020,2,1,0,3,0,567.15,22.03,76.55,12.19,0.04,0.04,508.53,514.56,,
2020-02-10 07:00:00,2020,2,1,0,7,0,546.46,18.63,44.57,9.86,0.0,0.0,509.89,514.3,,
2020-02-10 08:00:00,2020,2,1,0,8,0,493.62,23.3,64.6,4.4,0.22,0.2,506.61,514.21,546.46,
2020-02-10 10:00:00,2020,2,1,0,10,0,425.85,22.43,76.53,9.64,0.02,0.02,503.01,513.39,,503.91
2020-02-10 11:00:00,2020,2,1,0,11,0,499.72,17.51,42.95,9.26,0.41,0.34,503.89,513.71,425.85,
2020-02-10 12:00:00,2020,2,1,0,12,0,501.68,17.99,74.48,10.49,0.65,0.5,502.49,513.75,499.72,
2020-02-10 14:00:00,2020,2,1,0,14,0,426.34,15.27,59.83,8.09,0.3,0.26,498.47,512.85,,
2020-02-10 16:00:00,2020,2,1,0,16,0,543.59,30.96,53.43,2.6,0.01,0.01,507.49,512.72,,
2020-02-10 18:00:00,2020,2,1,0,18,0,557.54,24.81,56.82,4.29,0.05,0.05,510.36,513.07,,
2020-02-10 22:00:00,2020,2,1,0,22,0,421.99,16.78,74.29,8.32,0.1,0.1,499.83,512.65,,
2020-02-10 23:00:00,2020,2,1,0,23,0,592.73,26.93,32.46,6.65,0.09,0.09,502.07,513.36,421.99,538.75
2020-02-11 04:00:00,2020,2,2,0,4,0,486.3,23.11,72.46,10.97,0.29,0.25,492.31,512.33,,
2020-02-11 09:00:00,2020,2,2,0,9,0,493.97,30.49,30.41,3.19,0.26,0.23,496.45,512.37,,
2020-02-11 23:00:00,2020,2,2,0,23,0,503.15,33.48,48.49,0.65,0.7,0.53,498.03,510.59,,592.73
2020-02-12 00:00:00,2020,2,3,0,0,0,415.18,15.0,31.74,8.26,0.17,0.16,492.13,509.71,503.15,
2020-02-12 04:00:00,2020,2,3,0,4,0,564.27,25.2,70.68,7.32,0.37,0.31,496.61,508.78,,486.3
2020-02-12 05:00:00,2020,2,3,0,5,0,439.76,15.0,51.28,4.26,0.12,0.11,494.95,508.61,564.27,
2020-02-12 09:00:00,2020,2,3,0,9,0,551.59,22.35,36.26,9.99,0.55,0.44,492.22,508.56,,493.97
2020-02-13 00:00:00,2020,2,4,0,0,0,485.11,34.85,57.89,7.82,0.04,0.04,500.59,510.31,,415.18
2020-02-13 03:00:00,2020,2,4,0,3,0,515.03,19.98,66.04,0.69,0.02,0.02,508.22,511.57,,
2020-02-13 20:00:00,2020,2,4,0,20,0,458.14,34.14,63.98,5.57,0.75,0.56,504.9,512.2,,
2020-02-13 23:00:00,2020,2,4,0,23,0,496.14,15.0,55.11,12.24,0.28,0.25,505.06,512.99,,
2020-02-14 00:00:00,2020,2,5,0,0,0,490.58,15.0,40.29,3.98,0.25,0.22,505.28,513.41,496.14,485.11
2020-02-14 03:00:00,2020,2,5,0,3,0,491.51,22.38,45.71,9.26,0.09,0.09,498.7,512.79,,515.03
2020-02-14 07:00:00,2020,2,5,0,7,0,490.12,34.99,68.86,14.03,0.09,0.09,495.44,513.39,,
2020-02-14 09:00:00,2020,2,5,0,9,0,444.14,35.32,61.39,2.23,0.15,0.14,499.52,512.74,,
2020-02-14 10:00:00,2020,2,5,0,10,0,606.4,40.0,65.84,4.7,0.86,0.62,507.76,512.52,444.14,
2020-02-14 11:00:00,2020,2,5,0,11,0,462.76,26.61,51.53,5.96,0.0,0.0,505.45,512.44,606.4,
2020-02-14 14:00:00,2020,2,5,0,14,0,610.42,29.64,81.91,5.74,0.06,0.06,507.36,512.64,,
2020-02-14 15:00:00,2020,2,5,0,15,0,404.45,25.96,78.89,9.95,0.04,0.04,505.82,512.17,610.42,
2020-02-14 20:00:00,2020,2,5,0,20,0,464.1,34.94,49.38,6.42,0.47,0.39,503.94,512.34,,458.14
2020-02-14 21:00:00,2020,2,5,0,21,0,470.01,21.03,38.26,2.77,0.02,0.02,502.1,512.21,464.1,
2020-02-14 22:00:00,2020,2,5,0,22,0,492.58,18.75,73.66,14.95,0.0,0.0,500.03,512.17,470.01,
2020-02-15 00:00:00,2020,2,6,1,0,1,497.77,30.5,63.04,12.82,0.44,0.36,498.13,510.99,,490.58
2020-02-15 03:00:00,2020,2,6,1,3,1,516.03,29.58,46.75,4.3,0.25,0.22,497.51,511.45,,491.51
2020-02-15 06:00:00,2020,2,6,1,6,1,615.08,35.3,43.48,9.93,0.13,0.12,496.86,511.57,,
2020-02-15 12:00:00,2020,2,6,1,12,1,506.98,19.42,38.15,9.8,0.06,0.06,493.21,511.66,,
2020-02-15 14:00:00,2020,2,6,1,14,1,480.54,32.58,56.85,2.03,0.14,0.13,490.55,511.34,,610.42
2020-02-15 18:00:00,2020,2,6,1,18,1,421.39,19.67,39.82,10.59,0.02,0.02,493.13,511.25,,
2020-02-15 19:00:00,2020,2,6,1,19,1,504.94,18.57,51.27,2.24,0.22,0.2,492.54,511.05,421.39,
2020-02-15 22:00:00,2020,2,6,1,22,1,383.28,28.72,59.65,7.96,0.31,0.27,492.96,510.56,,492.58
2020-02-16 03:00:00,2020,2,7,1,3,1,548.76,23.38,85.93,8.51,0.31,0.27,491.64,508.93,,516.03
2020-02-16 09:00:00,2020,2,7,1,9,1,489.86,19.92,85.82,6.96,0.24,0.22,485.51,507.88,,
2020-02-16 17:00:00,2020,2,7,1,17,1,542.62,40.0,81.35,9.25,0.15,0.14,488.97,509.85,,
2020-02-16 20:00:00,2020,2,7,1,20,1,478.45,15.3,43.86,6.61,0.21,0.19,488.11,508.89,,
2020-02-16 23:00:00,2020,2,7,1,23,1,511.12,30.8,45.25,13.45,0.04,0.04,494.94,508.79,,
2020-02-17 01:00:00,2020,2,1,0,1,0,499.09,18.06,48.57,7.72,0.0,0.0,499.46,508.2,,
2020-02-17 04:00:00,2020,2,1,0,4,0,466.21,29.04,81.53,14.01,0.31,0.27,505.78,508.04,,
2020-02-17 13:00:00,2020,2,1,0,13,0,407.09,15.09,56.97,13.71,0.18,0.17,508.23,508.63,,
2020-02-17 14:00:00,2020,2,1,0,14,0,464.66,22.1,56.79,13.32,0.03,0.03,506.92,508.86,407.09,
2020-02-17 16:00:00,2020,2,1,0,16,0,441.39,16.72,30.16,12.16,0.12,0.11,498.57,508.04,,
2020-02-17 22:00:00,2020,2,1,0,22,0,536.66,26.68,85.85,8.4,0.11,0.1,496.41,508.46,,
2020-02-17 23:00:00,2020,2,1,0,23,0,531.83,27.59,52.89,7.92,0.26,0.23,497.27,508.09,536.66,511.12
2020-02-18 11:00:00,2020,2,2,0,11,0,519.78,15.0,34.16,3.8,0.12,0.11,489.97,506.96,,
2020-02-18 20:00:00,2020,2,2,0,20,0,538.79,23.9,48.98,12.83,0.24,0.22,495.24,506.64,,
2020-02-19 02:00:00,2020,2,3,0,2,0,470.45,21.2,43.94,4.51,0.63,0.49,494.42,507.96,,
2020-02-19 03:00:00,2020,2,3,0,3,0,447.44,23.77,39.95,6.58,0.13,0.12,492.08,507.71,470.45,
2020-02-19 04:00:00,2020,2,3,0,4,0,420.26,28.55,35.15,1.41,0.07,0.07,490.87,506.83,447.44,
2020-02-19 05:00:00,2020,2,3,0,5,0,565.64,30.95,69.64,11.85,0.07,0.07,495.11,507.6,420.26,
2020-02-19 20:00:00,2020,2,3,0,20,0,487.34,20.22,45.02,5.98,0.2,0.18,499.28,507.97,,538.79
2020-02-19 23:00:00,2020,2,3,0,23,0,466.98,21.87,80.34,0.03,0.05,0.05,499.51,507.59,,
2020-02-20 06:00:00,2020,2,4,0,6,0,454.2,18.91,77.48,2.36,0.05,0.05,501.73,505.78,,
2020-02-20 10:00:00,2020,2,4,0,10,0,560.98,15.0,44.92,11.72,0.01,0.01,492.48,506.47,,
2020-02-20 16:00:00,2020,2,4,0,16,0,517.7,28.21,88.17,0.19,0.46,0.38,488.59,505.64,,
2020-02-20 19:00:00,2020,2,4,0,19,0,502.18,17.0,53.6,9.45,0.0,0.0,485.19,504.92,,
2020-02-21 15:00:00,2020,2,5,0,15,0,562.2,18.7,74.52,14.57,0.05,0.05,501.25,504.91,,
2020-02-22 01:00:00,2020,2,6,1,1,1,513.46,20.29,76.98,1.8,0.0,0.0,498.93,505.14,,
2020-02-22 10:00:00,2020,2,6,1,10,1,488.77,38.03,74.56,2.9,0.65,0.5,492.0,504.73,,
2020-02-22 15:00:00,2020,2,6,1,15,1,481.55,24.52,47.57,12.58,0.1,0.1,491.33,504.47,,562.2
2020-02-22 18:00:00,2020,2,6,1,18,1,525.41,29.22,85.32,10.91,0.1,0.1,495.82,505.03,,
2020-02-23 03:00:00,2020,2,7,1,3,1,484.87,15.33,78.42,14.35,0.03,0.03,513.95,508.45,,
2020-02-23 13:00:00,2020,2,7,1,13,1,435.78,24.5,72.26,2.99,0.58,0.46,515.81,508.82,,
2020-02-23 18:00:00,2020,2,7,1,18,1,521.98,15.0,73.81,9.73,0.01,0.01,518.17,508.86,,525.41
2020-02-24 01:00:00,2020,2,1,0,1,0,523.91,28.99,86.42,6.98,0.75,0.56,515.24,510.33,,
2020-02-24 10:00:00,2020,2,1,0,10,0,544.65,23.35,61.9,11.9,0.1,0.1,522.09,510.61,,
2020-02-24 12:00:00,2020,2,1,0,12,0,392.35,27.79,88.43,2.69,0.04,0.04,515.88,509.76,,
2020-02-24 17:00:00,2020,2,1,0,17,0,475.08,20.69,49.52,9.63,0.02,0.02,507.95,510.83,,
2020-02-24 18:00:00,2020,2,1,0,18,0,498.29,15.58,53.07,8.85,0.11,0.1,506.96,510.92,475.08,521.98
2020-02-24 22:00:00,2020,2,1,0,22,0,450.83,34.49,40.48,2.79,0.02,0.02,502.02,509.83,,
2020-02-25 01:00:00,2020,2,2,0,1,0,494.58,30.06,33.55,10.56,0.28,0.25,489.31,508.95,,523.91
2020-02-25 06:00:00,2020,2,2,0,6,0,511.57,27.78,67.31,13.31,0.34,0.29,495.7,510.94,,
2020-02-25 18:00:00,2020,2,2,0,18,0,429.64,23.18,71.98,3.0,0.15,0.14,503.71,511.52,,498.29
2020-02-25 20:00:00,2020,2,2,0,20,0,498.28,18.35,41.37,1.05,0.63,0.49,507.06,511.44,,
2020-02-25 21:00:00,2020,2,2,0,21,0,553.48,25.05,33.42,12.03,0.07,0.07,506.12,512.1,498.28,
2020-02-25 22:00:00,2020,2,2,0,22,0,446.14,15.0,41.5,0.21,0.02,0.02,505.92,511.87,553.48,450.83
2020-02-26 01:00:00,2020,2,3,0,1,0,513.64,30.54,66.95,9.25,0.16,0.15,510.81,511.71,,494.58
2020-02-26 04:00:00,2020,2,3,0,4,0,540.53,22.15,77.36,1.83,0.01,0.01,507.04,512.84,,
2020-02-26 07:00:00,2020,2,3,0,7,0,516.73,21.33,79.89,5.37,0.13,0.12,507.13,512.82,,
2020-02-26 11:00:00,2020,2,3,0,11,0,563.05,28.42,75.81,12.18,0.16,0.15,503.72,512.95,,
2020-02-26 21:00:00,2020,2,3,0,21,0,443.23,22.1,55.04,3.65,0.28,0.25,485.2,510.08,,553.48
2020-02-27 04:00:00,2020,2,4,0,4,0,452.7,30.86,60.74,1.81,0.3,0.26,485.12,510.48,,540.53
2020-02-27 06:00:00,2020,2,4,0,6,0,472.94,29.43,34.94,9.32,0.31,0.27,487.4,510.85,,
2020-02-27 14:00:00,2020,2,4,0,14,0,527.65,15.85,53.03,7.16,0.09,0.09,488.8,512.46,,
2020-02-27 15:00:00,2020,2,4,0,15,0,467.84,25.08,69.84,11.47,0.11,0.1,490.48,512.48,527.65,
2020-02-27 18:00:00,2020,2,4,0,18,0,429.94,29.37,64.56,4.54,0.1,0.1,490.5,511.77,,
2020-02-27 23:00:00,2020,2,4,0,23,0,383.28,24.68,42.86,10.88,0.01,0.01,497.11,511.41,,
2020-02-28 04:00:00,2020,2,5,0,4,0,529.6,25.98,30.87,0.56,1.04,0.71,492.98,510.45,,452.7
2020-02-28 05:00:00,2020,2,5,0,5,0,499.04,26.32,44.49,6.98,0.06,0.06,488.43,510.1,529.6,
2020-02-28 11:00:00,2020,2,5,0,11,0,423.18,18.28,72.0,3.36,0.08,0.08,476.26,509.11,,
2020-02-28 12:00:00,2020,2,5,0,12,0,502.81,22.12,57.86,1.6,0.18,0.17,476.95,508.79,423.18,
2020-02-28 13:00:00,2020,2,5,0,13,0,429.82,24.52,30.57,8.92,0.17,0.16,473.25,508.71,502.81,
2020-02-29 01:00:00,2020,2,6,1,1,1,541.96,29.43,61.47,9.04,0.28,0.25,479.01,507.88,,
2020-02-29 05:00:00,2020,2,6,1,5,1,478.33,20.93,45.45,5.77,0.05,0.05,482.42,508.79,,499.04
2020-02-29 18:00:00,2020,2,6,1,18,1,495.16,23.65,64.54,11.67,0.14,0.13,498.84,507.75,,
2020-02-29 19:00:00,2020,2,6,1,19,1,478.58,22.49,38.94,5.16,0.09,0.09,497.92,507.12,495.16,
2020-02-29 21:00:00,2020,2,6,1,21,1,479.27,15.0,69.67,8.3,0.12,0.11,498.95,506.96,,
2020-03-01 05:00:00,2020,3,7,1,5,1,538.33,17.17,68.1,0.72,0.83,0.6,487.73,505.0,,478.33
2020-03-01 07:00:00,2020,3,7,1,7,1,501.44,32.04,41.57,8.21,0.14,0.13,492.06,505.34,,
2020-03-01 09:00:00,2020,3,7,1,9,1,459.98,24.24,33.59,6.49,0.0,0.0,487.09,504.52,,
2020-03-01 12:00:00,2020,3,7,1,12,1,506.13,32.61,79.25,10.72,0.59,0.46,496.53,505.66,,
2020-03-01 17:00:00,2020,3,7,1,17,1,567.6,22.19,53.02,7.11,0.1,0.1,502.77,505.67,,
2020-03-01 20:00:00,2020,3,7,1,20,1,526.03,26.11,65.16,12.84,0.27,0.24,504.39,505.87,,
2020-03-01 23:00:00,2020,3,7,1,23,1,463.78,30.13,71.02,1.46,0.77,0.57,501.27,504.06,,
2020-03-02 14:00:00,2020,3,1,0,14,0,514.06,18.54,86.17,6.21,0.32,0.28,502.81,504.18,,
2020-03-02 22:00:00,2020,3,1,0,22,0,527.76,32.13,62.03,5.21,0.72,0.54,507.75,505.93,,
2020-03-02 23:00:00,2020,3,1,0,23,0,566.27,33.05,61.14,13.6,0.43,0.36,512.02,506.62,527.76,463.78
2020-03-03 03:00:00,2020,3,2,0,3,0,486.89,27.07,69.03,8.56,0.26,0.23,511.34,505.99,,
2020-03-03 05:00:00,2020,3,2,0,5,0,443.35,22.79,85.55,4.68,0.18,0.17,509.14,505.28,,
2020-03-03 07:00:00,2020,3,2,0,7,0,524.64,20.76,34.27,5.98,0.34,0.29,500.8,504.82,,
2020-03-03 10:00:00,2020,3,2,0,10,0,462.71,32.49,77.1,9.84,0.0,0.0,499.48,504.65,,
2020-03-03 12:00:00,2020,3,2,0,12,0,456.12,26.88,66.91,9.81,0.67,0.51,499.6,503.9,,
2020-03-03 14:00:00,2020,3,2,0,14,0,490.51,34.37,37.43,13.68,0.17,0.16,498.93,503.94,,514.06
2020-03-03 17:00:00,2020,3,2,0,17,0,504.5,35.37,47.67,1.24,0.06,0.06,498.99,503.46,,
2020-03-03 18:00:00,2020,3,2,0,18,0,508.44,21.51,69.37,14.22,0.12,0.11,500.04,503.94,504.5,
2020-03-03 22:00:00,2020,3,2,0,22,0,609.59,31.44,88.17,8.36,0.2,0.18,498.97,504.91,,527.76
2020-03-03 23:00:00,2020,3,2,0,23,0,615.08,34.48,62.71,12.25,0.32,0.28,501.55,505.49,609.59,566.27
2020-03-04 02:00:00,2020,3,3,0,2,0,529.77,34.38,82.1,9.91,0.28,0.25,497.72,504.39,,
2020-03-04 03:00:00,2020,3,3,0,3,0,509.31,15.0,80.14,7.72,0.36,0.31,498.66,504.84,529.77,486.89
2020-03-04 06:00:00,2020,3,3,0,6,0,502.93,22.76,63.46,11.46,0.06,0.06,507.74,504.86,,
2020-03-04 10:00:00,2020,3,3,0,10,0,459.17,24.49,75.03,10.49,0.03,0.03,510.42,504.81,,462.71
2020-03-04 12:00:00,2020,3,3,0,12,0,504.92,28.37,85.01,12.79,0.07,0.07,509.82,504.59,,456.12
2020-03-04 20:00:00,2020,3,3,0,20,0,496.23,20.47,85.47,12.4,0.09,0.09,514.47,507.74,,
2020-03-05 02:00:00,2020,3,4,0,2,0,615.08,15.0,76.31,12.54,0.12,0.11,519.67,509.39,,529.77
2020-03-05 12:00:00,2020,3,4,0,12,0,508.98,15.0,36.96,5.84,0.06,0.06,514.29,508.71,,504.92
2020-03-06 00:00:00,2020,3,5,0,0,0,478.44,25.08,58.82,4.27,0.34,0.29,502.85,509.94,,
2020-03-06 05:00:00,2020,3,5,0,5,0,555.21,32.73,48.07,11.21,0.37,0.31,500.5,510.25,,
2020-03-06 12:00:00,2020,3,5,0,12,0,528.82,20.61,47.93,11.51,0.47,0.39,489.05,510.48,,508.98
2020-03-06 20:00:00,2020,3,5,0,20,0,540.88,35.52,33.68,0.3,0.36,0.31,490.82,512.78,,
2020-03-06 21:00:00,2020,3,5,0,21,0,488.31,29.47,87.66,0.37,0.22,0.2,487.99,512.69,540.88,
2020-03-07 01:00:00,2020,3,6,1,1,1,512.11,24.96,86.6,1.29,0.13,0.12,495.86,512.59,,
2020-03-07 06:00:00,2020,3,6,1,6,1,495.43,33.6,68.93,6.65,0.0,0.0,492.94,511.95,,
2020-03-07 09:00:00,2020,3,6,1,9,1,508.25,31.09,74.79,1.83,0.04,0.04,502.92,512.33,,
2020-03-07 10:00:00,2020,3,6,1,10,1,480.45,20.88,66.22,8.89,0.03,0.03,505.1,512.43,508.25,
2020-03-07 15:00:00,2020,3,6,1,15,1,496.7,20.34,68.2,10.61,0.19,0.17,502.53,512.45,,
2020-03-08 02:00:00,2020,3,7,1,2,1,423.34,24.42,55.37,5.01,0.02,0.02,490.46,511.77,,
2020-03-08 08:00:00,2020,3,7,1,8,1,475.69,20.09,41.79,13.13,0.12,0.11,473.17,509.94,,
2020-03-08 15:00:00,2020,3,7,1,15,1,615.08,23.67,71.38,11.63,0.18,0.17,486.39,510.6,,496.7
2020-03-08 17:00:00,2020,3,7,1,17,1,529.47,21.14,70.04,14.91,0.07,0.07,487.43,510.62,,
2020-03-08 20:00:00,2020,3,7,1,20,1,425.9,26.61,69.21,8.44,0.09,0.09,489.45,510.12,,
2020-03-08 22:00:00,2020,3,7,1,22,1,503.56,30.41,86.38,7.61,0.62,0.48,492.43,510.5,,
2020-03-09 13:00:00,2020,3,1,0,13,0,573.88,15.0,89.82,9.75,0.06,0.06,494.96,508.87,,
2020-03-09 23:00:00,2020,3,1,0,23,0,469.72,26.11,39.13,12.55,0.25,0.22,485.69,506.61,,
2020-03-10 00:00:00,2020,3,2,0,0,0,532.44,26.44,52.92,7.43,0.16,0.15,488.17,506.57,469.72,
2020-03-10 06:00:00,2020,3,2,0,6,0,570.25,25.98,42.21,5.13,0.13,0.12,495.95,508.97,,
2020-03-10 13:00:00,2020,3,2,0,13,0,598.93,25.17,76.18,8.38,0.09,0.09,510.82,510.46,,573.88
2020-03-10 17:00:00,2020,3,2,0,17,0,520.25,21.58,81.84,5.15,0.16,0.15,518.0,511.36,,
2020-03-11 05:00:00,2020,3,3,0,5,0,482.38,26.97,45.37,0.51,0.15,0.14,525.39,511.14,,
2020-03-11 19:00:00,2020,3,3,0,19,0,535.64,26.65,35.77,2.73,0.0,0.0,511.31,510.69,,
2020-03-11 20:00:00,2020,3,3,0,20,0,527.08,37.64,76.57,9.4,0.0,0.0,510.57,510.88,535.64,
2020-03-11 23:00:00,2020,3,3,0,23,0,543.41,20.38,57.12,8.4,0.04,0.04,506.38,510.47,,
2020-03-12 00:00:00,2020,3,4,0,0,0,463.71,24.08,51.26,7.72,0.04,0.04,505.85,510.39,543.41,
2020-03-12 03:00:00,2020,3,4,0,3,0,445.31,29.84,46.36,3.14,0.03,0.03,503.24,509.44,,
2020-03-12 08:00:00,2020,3,4,0,8,0,460.06,19.9,79.7,1.59,0.09,0.09,499.46,508.76,,
2020-03-12 17:00:00,2020,3,4,0,17,0,534.68,24.89,40.67,5.69,0.01,0.01,514.1,510.81,,
2020-03-12 18:00:00,2020,3,4,0,18,0,428.9,23.98,53.96,14.63,0.13,0.12,509.51,510.76,534.68,
2020-03-12 19:00:00,2020,3,4,0,19,0,529.29,32.19,79.46,8.05,0.07,0.07,509.24,510.96,428.9,535.64
2020-03-13 05:00:00,2020,3,5,0,5,0,486.09,15.13,73.65,11.01,0.13,0.12,506.18,510.56,,
2020-03-13 12:00:00,2020,3,5,0,12,0,443.05,26.81,79.23,13.15,0.03,0.03,507.54,511.96,,
2020-03-13 13:00:00,2020,3,5,0,13,0,490.24,30.81,43.54,9.01,0.56,0.44,505.31,512.61,443.05,
2020-03-13 17:00:00,2020,3,5,0,17,0,559.23,18.26,65.86,3.94,0.52,0.42,494.9,511.86,,534.68
2020-03-13 23:00:00,2020,3,5,0,23,0,581.3,22.76,35.76,11.52,0.17,0.16,493.66,510.55,,
2020-03-14 12:00:00,2020,3,6,1,12,1,483.62,28.33,72.85,7.11,0.04,0.04,502.77,511.8,,443.05
2020-03-14 15:00:00,2020,3,6,1,15,1,544.47,25.99,34.64,5.51,0.07,0.07,507.33,512.51,,
2020-03-14 20:00:00,2020,3,6,1,20,1,494.56,17.81,62.94,4.55,0.14,0.13,507.72,512.47,,
2020-03-15 07:00:00,2020,3,7,1,7,1,489.34,22.62,40.35,10.15,0.1,0.1,506.91,515.59,,
2020-03-15 08:00:00,2020,3,7,1,8,1,542.62,30.02,80.49,8.72,0.12,0.11,505.82,516.0,489.34,
2020-03-15 12:00:00,2020,3,7,1,12,1,571.33,20.13,67.34,9.42,0.76,0.57,509.53,515.72,,483.62
2020-03-15 17:00:00,2020,3,7,1,17,1,496.86,23.46,88.8,10.49,0.93,0.66,494.58,513.63,,
2020-03-15 20:00:00,2020,3,7,1,20,1,473.29,29.24,41.53,3.44,0.38,0.32,499.89,513.99,,494.56
2020-03-16 01:00:00,2020,3,1,0,1,0,493.84,27.63,62.55,6.32,0.12,0.11,509.16,514.7,,
2020-03-17 04:00:00,2020,3,2,0,4,0,483.73,32.38,35.84,6.84,0.28,0.25,499.32,516.81,,
2020-03-17 09:00:00,2020,3,2,0,9,0,395.93,25.25,34.88,9.33,0.03,0.03,493.48,515.37,,
2020-03-17 20:00:00,2020,3,2,0,20,0,491.93,29.96,61.37,11.98,0.5,0.41,497.19,513.89,,
2020-03-17 22:00:00,2020,3,2,0,22,0,561.32,26.39,81.91,1.45,0.26,0.23,502.49,513.37,,
2020-03-18 03:00:00,2020,3,3,0,3,0,508.97,34.65,53.79,13.03,0.06,0.06,499.08,513.49,,
2020-03-18 08:00:00,2020,3,3,0,8,0,445.65,29.41,85.35,13.95,0.02,0.02,503.09,513.88,,
2020-03-18 16:00:00,2020,3,3,0,16,0,549.94,31.36,39.89,6.68,0.08,0.08,515.17,514.67,,
2020-03-18 18:00:00,2020,3,3,0,18,0,532.15,23.11,43.0,4.17,0.29,0.25,509.26,514.44,,
2020-03-18 19:00:00,2020,3,3,0,19,0,501.4,35.77,59.01,2.38,0.02,0.02,511.41,514.23,532.15,
2020-03-19 01:00:00,2020,3,4,0,1,0,590.21,37.87,89.32,5.74,0.06,0.06,519.07,515.31,,
2020-03-19 05:00:00,2020,3,4,0,5,0,487.62,25.23,41.92,10.11,0.2,0.18,514.08,514.96,,
2020-03-19 06:00:00,2020,3,4,0,6,0,431.29,19.55,65.26,3.4,0.17,0.16,507.71,515.0,487.62,
2020-03-19 20:00:00,2020,3,4,0,20,0,472.85,31.8,59.23,14.6,0.32,0.28,496.14,511.83,,
2020-03-19 22:00:00,2020,3,4,0,22,0,456.7,15.3,36.6,6.51,0.26,0.23,488.44,512.0,,
2020-03-20 05:00:00,2020,3,5,0,5,0,512.41,25.39,84.67,8.87,0.04,0.04,480.22,511.18,,487.62
2020-03-20 08:00:00,2020,3,5,0,8,0,516.38,25.69,30.63,9.69,0.08,0.08,482.71,510.9,,
2020-03-20 13:00:00,2020,3,5,0,13,0,412.61,25.53,59.93,5.93,0.14,0.13,482.95,510.56,,
2020-03-20 15:00:00,2020,3,5,0,15,0,500.0,21.38,47.97,1.16,0.86,0.62,490.07,511.42,,
2020-03-20 16:00:00,2020,3,5,0,16,0,547.51,29.0,49.06,1.8,0.19,0.17,490.67,511.87,500.0,
2020-03-20 18:00:00,2020,3,5,0,18,0,497.1,17.36,72.9,0.81,0.11,0.1,490.98,511.48,,
2020-03-21 02:00:00,2020,3,6,1,2,1,537.21,24.03,52.01,13.57,0.02,0.02,500.9,511.85,,
2020-03-21 03:00:00,2020,3,6,1,3,1,542.8,19.8,62.6,11.09,0.05,0.05,505.05,512.74,537.21,
2020-03-21 13:00:00,2020,3,6,1,13,1,422.17,26.14,49.64,10.66,0.02,0.02,511.66,511.69,,412.61
2020-03-22 05:00:00,2020,3,7,1,5,1,526.71,27.73,87.19,14.0,0.05,0.05,512.96,513.7,,
2020-03-22 09:00:00,2020,3,7,1,9,1,520.75,28.09,48.56,7.64,0.14,0.13,509.18,512.57,,
2020-03-22 14:00:00,2020,3,7,1,14,1,487.39,25.92,53.08,13.23,0.16,0.15,510.97,512.53,,
2020-03-22 22:00:00,2020,3,7,1,22,1,470.26,28.2,74.29,0.83,0.39,0.33,497.12,511.49,,
2020-03-22 23:00:00,2020,3,7,1,23,1,502.04,20.01,82.6,5.62,0.09,0.09,495.91,511.4,470.26,
2020-03-23 02:00:00,2020,3,1,0,2,0,615.08,27.31,42.91,14.85,0.24,0.22,495.87,511.03,,
2020-03-23 07:00:00,2020,3,1,0,7,0,459.91,22.56,45.27,6.1,0.14,0.13,493.28,510.97,,
2020-03-23 10:00:00,2020,3,1,0,10,0,545.21,20.05,70.28,7.59,0.39,0.33,497.75,510.92,,
2020-03-24 00:00:00,2020,3,2,0,0,0,468.26,27.59,47.47,6.35,0.29,0.25,504.25,510.37,,
2020-03-24 04:00:00,2020,3,2,0,4,0,528.03,31.95,50.49,11.18,0.29,0.25,494.24,510.39,,
2020-03-24 20:00:00,2020,3,2,0,20,0,574.8,25.83,57.36,1.07,0.63,0.49,501.28,512.13,,
2020-03-24 22:00:00,2020,3,2,0,22,0,447.24,40.0,69.17,9.89,0.12,0.11,500.78,511.37,,
2020-03-25 01:00:00,2020,3,3,0,1,0,465.32,30.61,52.53,6.15,0.04,0.04,503.99,510.61,,
2020-03-25 07:00:00,2020,3,3,0,7,0,519.81,24.22,54.05,11.89,0.1,0.1,512.75,511.19,,
2020-03-25 09:00:00,2020,3,3,0,9,0,500.68,29.3,49.29,2.31,0.01,0.01,514.51,511.76,,
2020-03-25 14:00:00,2020,3,3,0,14,0,539.2,34.81,49.75,9.05,0.01,0.01,506.56,511.09,,
2020-03-25 21:00:00,2020,3,3,0,21,0,533.45,21.55,38.45,14.99,0.13,0.12,496.35,509.93,,
2020-03-25 23:00:00,2020,3,3,0,23,0,466.68,27.91,60.47,4.09,0.39,0.33,492.83,508.12,,
2020-03-26 08:00:00,2020,3,4,0,8,0,500.19,18.63,47.27,1.95,0.02,0.02,479.58,507.13,,
2020-03-27 06:00:00,2020,3,5,0,6,0,502.38,40.0,75.75,0.15,0.16,0.15,513.94,511.86,,
2020-03-27 07:00:00,2020,3,5,0,7,0,451.98,17.65,44.78,11.93,0.05,0.05,512.14,511.52,502.38,
2020-03-27 08:00:00,2020,3,5,0,8,0,578.26,36.51,88.55,8.92,0.16,0.15,515.4,511.89,451.98,500.19
2020-03-27 09:00:00,2020,3,5,0,9,0,525.02,15.32,84.69,14.64,0.09,0.09,515.93,512.03,578.26,
2020-03-27 19:00:00,2020,3,5,0,19,0,472.47,25.04,43.63,4.56,0.31,0.27,506.26,511.86,,
2020-03-28 00:00:00,2020,3,6,1,0,1,481.48,24.99,40.42,6.72,0.03,0.03,499.9,510.88,,
2020-03-28 01:00:00,2020,3,6,1,1,1,457.91,20.15,72.03,9.68,0.13,0.12,496.1,510.67,481.48,
2020-03-28 10:00:00,2020,3,6,1,10,1,486.54,34.52,80.22,2.16,0.16,0.15,498.27,510.61,,
2020-03-28 13:00:00,2020,3,6,1,13,1,599.37,20.57,54.18,1.98,0.03,0.03,505.19,511.58,,
2020-03-28 17:00:00,2020,3,6,1,17,1,518.3,28.08,49.71,1.74,0.31,0.27,508.43,512.62,,
2020-03-28 18:00:00,2020,3,6,1,18,1,420.13,15.0,54.96,14.16,0.28,0.25,505.44,511.78,518.3,
2020-03-29 00:00:00,2020,3,7,1,0,1,545.83,22.36,61.58,14.26,0.22,0.2,512.59,511.97,,481.48
2020-03-29 15:00:00,2020,3,7,1,15,1,427.86,15.0,53.68,5.39,0.38,0.32,498.78,510.43,,
2020-03-29 23:00:00,2020,3,7,1,23,1,494.03,32.93,77.24,2.44,0.1,0.1,502.51,512.39,,
2020-03-30 06:00:00,2020,3,1,0,6,0,511.39,22.14,46.96,2.07,0.06,0.06,492.84,510.99,,
2020-03-30 14:00:00,2020,3,1,0,14,0,425.89,16.09,59.85,9.96,0.39,0.33,492.82,510.2,,
2020-03-30 15:00:00,2020,3,1,0,15,0,453.15,19.96,81.08,0.47,0.02,0.02,493.88,509.69,425.89,427.86
2020-03-30 20:00:00,2020,3,1,0,20,0,415.8,35.35,66.15,11.74,0.13,0.12,479.7,508.16,,
2020-03-30 22:00:00,2020,3,1,0,22,0,501.56,16.57,45.56,13.03,0.03,0.03,480.12,508.68,,
2020-03-30 23:00:00,2020,3,1,0,23,0,605.87,18.4,70.98,6.68,0.39,0.33,484.78,509.69,501.56,494.03
2020-03-31 01:00:00,2020,3,2,0,1,0,474.77,20.01,45.51,3.59,0.04,0.04,489.14,510.52,,
2020-03-31 02:00:00,2020,3,2,0,2,0,464.9,36.76,44.45,10.67,0.28,0.25,492.65,510.1,474.77,
2020-03-31 03:00:00,2020,3,2,0,3,0,575.14,20.39,78.26,2.3,0.42,0.35,496.15,510.44,464.9,
2020-03-31 05:00:00,2020,3,2,0,5,0,509.54,16.16,49.53,10.22,0.02,0.02,488.79,510.17,,
2020-03-31 10:00:00,2020,3,2,0,10,0,522.87,18.02,57.13,8.97,0.38,0.32,485.83,510.78,,
2020-03-31 18:00:00,2020,3,2,0,18,0,483.19,24.27,56.27,5.73,0.0,0.0,501.72,508.36,,
2020-03-31 19:00:00,2020,3,2,0,19,0,494.03,24.16,63.9,12.41,0.1,0.1,499.23,508.82,483.19,
2020-03-31 20:00:00,2020,3,2,0,20,0,501.76,18.22,33.59,8.66,0.01,0.01,502.82,508.38,494.03,415.8
2020-04-01 00:00:00,2020,4,3,0,0,0,505.9,29.55,45.89,14.41,0.24,0.22,496.56,509.38,,
2020-04-01 01:00:00,2020,4,3,0,1,0,469.57,26.88,65.97,0.97,0.07,0.07,496.34,509.41,505.9,474.77
2020-04-01 02:00:00,2020,4,3,0,2,0,503.69,18.79,58.74,10.09,0.18,0.17,497.96,509.5,469.57,464.9
2020-04-01 05:00:00,2020,4,3,0,5,0,511.33,21.07,30.19,10.41,0.44,0.36,500.46,509.1,,509.54
2020-04-01 07:00:00,2020,4,3,0,7,0,598.44,26.08,43.53,4.28,0.03,0.03,504.08,509.1,,
2020-04-01 08:00:00,2020,4,3,0,8,0,467.58,15.22,56.36,5.01,0.06,0.06,501.99,508.68,598.44,
2020-04-01 09:00:00,2020,4,3,0,9,0,416.61,17.52,52.6,9.48,0.15,0.14,498.12,508.17,467.58,
2020-04-01 10:00:00,2020,4,3,0,10,0,543.01,16.02,46.48,7.63,0.07,0.07,498.96,508.04,416.61,522.87
2020-04-01 12:00:00,2020,4,3,0,12,0,484.85,21.65,42.31,14.57,0.11,0.1,496.93,508.25,,
2020-04-01 15:00:00,2020,4,3,0,15,0,517.73,32.86,32.09,10.5,0.2,0.18,501.6,508.52,,
2020-04-02 02:00:00,2020,4,4,0,2,0,481.46,15.0,57.66,6.99,0.18,0.17,509.86,512.34,,503.69
2020-04-02 04:00:00,2020,4,4,0,4,0,493.41,23.51,81.9,11.33,0.35,0.3,507.15,512.57,,
2020-04-02 07:00:00,2020,4,4,0,7,0,429.39,28.65,80.62,14.83,0.05,0.05,502.35,512.2,,598.44
2020-04-02 08:00:00,2020,4,4,0,8,0,615.08,24.05,84.87,11.62,0.09,0.09,508.62,512.91,429.39,467.58
2020-04-02 09:00:00,2020,4,4,0,9,0,543.87,19.96,48.63,9.32,0.09,0.09,513.92,513.1,618.04,416.61
2020-04-02 13:00:00,2020,4,4,0,13,0,519.59,23.8,31.4,10.83,0.44,0.36,510.43,512.44,,
2020-04-03 01:00:00,2020,4,5,0,1,0,558.17,28.83,73.71,3.67,0.24,0.22,497.84,510.27,,
2020-04-03 04:00:00,2020,4,5,0,4,0,475.23,25.36,74.8,10.81,0.24,0.22,495.09,509.62,,493.41
2020-04-03 09:00:00,2020,4,5,0,9,0,540.95,18.12,69.08,13.56,0.39,0.33,496.06,510.21,,543.87
2020-04-03 10:00:00,2020,4,5,0,10,0,577.68,19.17,47.27,14.63,0.02,0.02,503.0,510.91,540.95,
2020-04-03 14:00:00,2020,4,5,0,14,0,534.95,38.16,41.89,10.73,0.4,0.34,509.61,511.52,,
2020-04-03 15:00:00,2020,4,5,0,15,0,612.24,25.2,42.65,11.09,0.06,0.06,514.22,512.04,534.95,
2020-04-03 18:00:00,2020,4,5,0,18,0,441.29,27.03,74.8,2.25,0.05,0.05,517.71,512.31,,
2020-04-03 22:00:00,2020,4,5,0,22,0,546.3,31.89,52.25,9.47,0.04,0.04,513.95,512.39,,
2020-04-04 04:00:00,2020,4,6,1,4,1,523.6,26.71,88.51,14.88,0.03,0.03,518.78,513.03,,475.23
2020-04-04 07:00:00,2020,4,6,1,7,1,461.55,27.37,63.52,12.11,0.06,0.06,515.57,512.09,,
2020-04-04 12:00:00,2020,4,6,1,12,1,383.28,34.83,31.08,8.06,0.08,0.08,506.18,511.96,,
2020-04-04 15:00:00,2020,4,6,1,15,1,474.0,23.11,74.79,8.53,0.15,0.14,498.6,511.04,,612.24
2020-04-04 16:00:00,2020,4,6,1,16,1,551.08,17.7,60.37,11.83,0.2,0.18,498.73,511.27,474.0,
2020-04-05 02:00:00,2020,4,7,1,2,1,531.44,32.33,59.89,0.75,0.23,0.21,509.31,512.12,,
2020-04-05 09:00:00,2020,4,7,1,9,1,514.53,28.28,50.32,8.17,0.49,0.4,507.84,512.57,,
2020-04-05 13:00:00,2020,4,7,1,13,1,503.42,22.12,43.02,5.74,0.22,0.2,523.97,513.94,,
2020-04-05 19:00:00,2020,4,7,1,19,1,458.78,39.36,66.51,7.74,0.03,0.03,523.06,514.7,,
2020-04-05 20:00:00,2020,4,7,1,20,1,453.78,20.82,64.82,1.77,0.09,0.09,522.24,514.28,458.78,
2020-04-06 01:00:00,2020,4,1,0,1,0,537.83,25.85,64.09,2.14,0.12,0.11,518.17,514.98,,
2020-04-06 03:00:00,2020,4,1,0,3,0,458.11,18.55,75.79,4.6,0.08,0.08,512.72,515.14,,
2020-04-06 04:00:00,2020,4,1,0,4,0,494.23,15.0,69.44,8.73,0.17,0.16,510.65,514.64,458.11,
2020-04-06 08:00:00,2020,4,1,0,8,0,588.28,19.22,37.32,3.3,0.01,0.01,515.46,514.99,,
2020-04-06 10:00:00,2020,4,1,0,10,0,493.89,23.6,37.06,13.62,0.04,0.04,509.95,514.44,,
2020-04-06 15:00:00,2020,4,1,0,15,0,545.64,22.94,45.09,7.29,0.13,0.12,504.99,516.2,,
2020-04-06 17:00:00,2020,4,1,0,17,0,545.64,35.64,38.68,11.33,0.1,0.1,507.79,517.02,,
2020-04-06 18:00:00,2020,4,1,0,18,0,547.57,30.9,30.6,14.01,0.03,0.03,506.17,518.48,545.64,
2020-04-06 23:00:00,2020,4,1,0,23,0,587.1,15.0,74.7,10.55,0.01,0.01,502.72,517.15,,
2020-04-07 02:00:00,2020,4,2,0,2,0,527.6,19.92,78.23,10.86,0.36,0.31,506.56,517.36,,
2020-04-07 06:00:00,2020,4,2,0,6,0,429.36,26.44,32.39,11.72,0.21,0.19,497.8,515.87,,
2020-04-07 07:00:00,2020,4,2,0,7,0,520.02,21.79,55.89,9.17,0.24,0.22,498.03,516.1,429.36,
2020-04-07 12:00:00,2020,4,2,0,12,0,555.76,24.65,69.33,11.12,0.2,0.18,489.57,515.16,,
2020-04-07 15:00:00,2020,4,2,0,15,0,433.23,27.2,33.45,5.89,0.18,0.17,491.89,515.57,,382.36
2020-04-07 21:00:00,2020,4,2,0,21,0,470.39,17.51,36.38,10.66,0.08,0.08,492.56,515.93,,
2020-04-08 00:00:00,2020,4,3,0,0,0,576.92,27.35,55.11,0.06,0.12,0.11,494.78,516.58,,
2020-04-08 07:00:00,2020,4,3,0,7,0,449.87,19.94,70.77,12.91,0.09,0.09,503.74,516.05,,520.02
2020-04-08 14:00:00,2020,4,3,0,14,0,484.06,20.73,69.91,0.69,0.09,0.09,506.53,516.8,,
2020-04-08 16:00:00,2020,4,3,0,16,0,489.13,23.6,63.07,10.5,0.58,0.46,503.77,516.1,,
2020-04-08 18:00:00,2020,4,3,0,18,0,536.37,33.53,64.78,0.8,0.28,0.25,503.31,516.08,,
2020-04-08 20:00:00,2020,4,3,0,20,0,463.32,29.9,64.98,0.97,0.23,0.21,499.42,514.84,,
2020-04-09 02:00:00,2020,4,4,0,2,0,552.15,19.36,32.34,11.36,0.24,0.22,497.9,514.96,,
2020-04-09 05:00:00,2020,4,4,0,5,0,472.27,24.54,72.5,2.67,0.14,0.13,494.62,515.22,,
2020-04-09 12:00:00,2020,4,4,0,12,0,516.96,32.61,55.13,5.54,0.56,0.44,483.54,513.96,,
2020-04-09 20:00:00,2020,4,4,0,20,0,564.48,20.87,81.99,1.91,0.02,0.02,491.32,514.44,,463.32
2020-04-10 02:00:00,2020,4,5,0,2,0,410.75,16.59,54.68,10.18,0.65,0.5,478.72,512.27,,552.15
2020-04-10 06:00:00,2020,4,5,0,6,0,466.77,26.23,72.53,7.12,0.21,0.19,484.05,512.12,,
2020-04-10 07:00:00,2020,4,5,0,7,0,420.57,18.51,78.67,12.54,0.16,0.15,480.22,512.06,466.77,
2020-04-10 11:00:00,2020,4,5,0,11,0,459.83,29.98,55.83,11.12,0.21,0.19,485.25,511.04,,
2020-04-10 16:00:00,2020,4,5,0,16,0,425.09,24.87,84.85,6.23,0.23,0.21,485.71,509.08,,
2020-04-10 19:00:00,2020,4,5,0,19,0,512.64,29.75,47.3,3.03,0.14,0.13,492.39,510.29,,
2020-04-11 02:00:00,2020,4,6,1,2,1,486.86,15.0,52.16,6.63,0.1,0.1,505.89,510.9,,410.75
2020-04-11 07:00:00,2020,4,6,1,7,1,515.63,32.73,85.97,9.74,0.0,0.0,507.29,510.86,,420.57
2020-04-11 18:00:00,2020,4,6,1,18,1,383.28,16.11,32.93,8.47,0.29,0.25,490.46,508.56,,
2020-04-11 23:00:00,2020,4,6,1,23,1,507.92,27.68,69.22,14.85,0.32,0.28,491.34,508.91,,
2020-04-12 04:00:00,2020,4,7,1,4,1,455.94,26.38,86.87,6.7,0.22,0.2,489.14,507.92,,
2020-04-12 05:00:00,2020,4,7,1,5,1,449.71,20.76,73.06,1.06,0.44,0.36,486.57,507.71,455.94,
2020-04-12 11:00:00,2020,4,7,1,11,1,516.4,31.72,75.83,14.17,0.03,0.03,490.15,505.83,,
2020-04-12 15:00:00,2020,4,7,1,15,1,503.81,29.59,81.25,4.17,0.41,0.34,494.83,505.83,,
2020-04-12 17:00:00,2020,4,7,1,17,1,454.04,23.98,77.08,10.87,0.38,0.32,494.81,505.36,,
2020-04-12 18:00:00,2020,4,7,1,18,1,444.77,15.34,67.15,13.28,0.16,0.15,498.5,504.5,454.04,356.2
2020-04-12 22:00:00,2020,4,7,1,22,1,561.64,27.87,52.05,0.6,0.16,0.15,499.76,505.51,,
2020-04-13 11:00:00,2020,4,1,0,11,0,528.98,17.05,71.77,10.36,0.15,0.14,512.21,506.51,,516.4
2020-04-13 13:00:00,2020,4,1,0,13,0,467.29,21.23,88.52,3.22,0.04,0.04,504.67,505.44,,
2020-04-14 08:00:00,2020,4,2,0,8,0,453.28,15.0,81.95,0.01,0.3,0.26,497.19,507.29,,
2020-04-14 22:00:00,2020,4,2,0,22,0,560.86,28.69,76.55,7.91,0.54,0.43,507.95,508.66,,
2020-04-15 06:00:00,2020,4,3,0,6,0,464.66,40.0,56.9,7.17,0.42,0.35,493.84,505.84,,
2020-04-15 20:00:00,2020,4,3,0,20,0,522.52,35.33,49.82,7.07,0.15,0.14,481.44,505.55,,
2020-04-15 22:00:00,2020,4,3,0,22,0,462.63,37.18,67.69,14.15,0.3,0.26,475.94,505.02,,560.86
2020-04-16 01:00:00,2020,4,4,0,1,0,412.44,15.0,58.38,14.5,0.08,0.08,473.9,504.44,,
2020-04-16 07:00:00,2020,4,4,0,7,0,534.02,23.32,44.34,10.67,0.62,0.48,488.38,505.11,,
2020-04-16 09:00:00,2020,4,4,0,9,0,441.13,32.57,63.57,4.99,0.16,0.15,487.78,505.1,,
2020-04-16 20:00:00,2020,4,4,0,20,0,589.73,16.98,31.35,9.12,0.03,0.03,494.38,506.0,,522.52
2020-04-16 23:00:00,2020,4,4,0,23,0,493.14,22.9,74.35,12.78,0.05,0.05,492.09,506.18,,
2020-04-17 02:00:00,2020,4,5,0,2,0,502.73,23.09,48.26,8.18,0.0,0.0,499.82,507.39,,
2020-04-17 03:00:00,2020,4,5,0,3,0,460.37,34.89,88.32,1.56,0.1,0.1,497.15,507.22,502.73,
2020-04-17 21:00:00,2020,4,5,0,21,0,477.19,15.51,85.36,7.94,0.3,0.26,499.89,507.36,,
2020-04-18 00:00:00,2020,4,6,1,0,1,477.13,29.76,33.18,12.48,0.05,0.05,498.8,505.86,,
2020-04-18 05:00:00,2020,4,6,1,5,1,455.28,16.91,75.51,8.74,0.12,0.11,495.45,505.21,,
2020-04-18 08:00:00,2020,4,6,1,8,1,458.61,31.24,39.83,5.63,0.04,0.04,490.56,505.12,,
2020-04-18 17:00:00,2020,4,6,1,17,1,550.63,18.8,79.04,5.96,0.17,0.16,514.36,509.55,,
2020-04-19 10:00:00,2020,4,7,1,10,1,442.27,17.37,35.89,4.95,0.5,0.41,522.64,510.87,,
2020-04-19 17:00:00,2020,4,7,1,17,1,461.53,28.41,46.87,7.02,0.15,0.14,493.17,509.31,,550.63
2020-04-19 19:00:00,2020,4,7,1,19,1,555.68,35.55,75.06,14.18,0.01,0.01,493.17,510.69,,
2020-04-20 00:00:00,2020,4,1,0,0,0,517.31,22.98,31.41,1.97,0.09,0.09,490.65,509.19,,
2020-04-20 06:00:00,2020,4,1,0,6,0,490.76,31.46,89.21,3.6,0.0,0.0,491.04,507.15,,
2020-04-20 08:00:00,2020,4,1,0,8,0,502.92,17.08,52.11,11.24,0.04,0.04,489.23,507.31,,
2020-04-20 10:00:00,2020,4,1,0,10,0,513.09,28.57,59.52,2.51,0.27,0.24,489.37,507.61,,442.27
2020-04-20 18:00:00,2020,4,1,0,18,0,513.99,25.74,51.14,12.0,0.21,0.19,501.59,508.22,,
2020-04-20 22:00:00,2020,4,1,0,22,0,544.91,21.21,58.77,5.53,0.17,0.16,501.43,508.16,,
2020-04-21 01:00:00,2020,4,2,0,1,0,538.36,18.16,78.61,1.57,0.44,0.36,506.02,509.55,,
2020-04-21 04:00:00,2020,4,2,0,4,0,457.02,22.4,42.59,10.27,0.01,0.01,505.96,508.81,,
2020-04-21 06:00:00,2020,4,2,0,6,0,480.57,15.0,89.71,10.81,0.23,0.21,504.73,508.25,,490.76
2020-04-21 08:00:00,2020,4,2,0,8,0,487.9,29.82,31.46,8.8,0.02,0.02,505.77,508.56,,502.92
2020-04-21 12:00:00,2020,4,2,0,12,0,508.64,28.41,46.68,14.21,0.01,0.01,501.11,507.79,,
2020-04-21 13:00:00,2020,4,2,0,13,0,562.23,27.05,77.61,6.13,0.1,0.1,501.61,508.31,508.64,
2020-04-21 17:00:00,2020,4,2,0,17,0,483.18,26.75,49.6,0.41,0.29,0.25,494.54,507.25,,
2020-04-22 03:00:00,2020,4,3,0,3,0,501.59,15.0,73.13,13.42,0.19,0.17,485.71,507.61,,
2020-04-22 04:00:00,2020,4,3,0,4,0,489.49,15.0,36.36,9.84,0.22,0.2,487.06,507.79,501.59,457.02
2020-04-22 08:00:00,2020,4,3,0,8,0,546.39,23.36,60.44,14.25,0.03,0.03,494.34,508.25,,487.9
2020-04-22 18:00:00,2020,4,3,0,18,0,465.6,21.38,45.12,8.7,0.36,0.31,506.4,509.87,,
2020-04-22 19:00:00,2020,4,3,0,19,0,484.7,15.0,31.52,4.47,0.12,0.11,502.75,510.43,465.6,
2020-04-22 20:00:00,2020,4,3,0,20,0,470.97,29.66,85.12,8.09,0.28,0.25,500.14,510.11,484.7,
2020-04-23 08:00:00,2020,4,4,0,8,0,417.84,27.22,79.25,8.5,0.05,0.05,497.03,509.73,,546.39
2020-04-23 09:00:00,2020,4,4,0,9,0,481.77,34.62,36.36,9.37,0.35,0.3,496.27,509.98,417.84,
2020-04-23 18:00:00,2020,4,4,0,18,0,499.73,20.54,69.18,1.05,0.1,0.1,479.68,509.15,,465.6
2020-04-23 20:00:00,2020,4,4,0,20,0,500.21,38.92,75.72,4.46,0.11,0.1,483.97,508.6,,470.97
2020-04-23 22:00:00,2020,4,4,0,22,0,457.67,21.48,69.94,8.91,0.08,0.08,481.65,509.01,,
2020-04-24 03:00:00,2020,4,5,0,3,0,529.14,29.34,62.98,7.24,0.05,0.05,501.06,510.14,,
2020-04-24 04:00:00,2020,4,5,0,4,0,507.57,16.0,73.04,13.72,0.13,0.12,501.66,510.58,529.14,
2020-04-24 05:00:00,2020,4,5,0,5,0,570.05,30.15,56.41,5.89,0.86,0.62,500.46,510.75,507.57,
2020-04-24 06:00:00,2020,4,5,0,6,0,539.73,23.33,54.19,1.93,0.47,0.39,500.91,510.81,570.05,
2020-04-24 09:00:00,2020,4,5,0,9,0,516.91,16.6,89.56,7.32,0.03,0.03,497.72,509.31,,481.77
2020-04-24 11:00:00,2020,4,5,0,11,0,455.12,23.14,75.04,0.45,0.26,0.23,494.78,508.8,,
2020-04-24 16:00:00,2020,4,5,0,16,0,541.27,29.19,74.75,13.05,0.12,0.11,499.88,508.85,,
2020-04-24 18:00:00,2020,4,5,0,18,0,480.77,19.28,33.74,9.39,0.22,0.2,499.59,508.78,,499.73
2020-04-24 19:00:00,2020,4,5,0,19,0,432.54,21.62,48.55,0.17,0.47,0.39,494.34,508.21,480.77,
2020-04-24 23:00:00,2020,4,5,0,23,0,510.65,22.04,51.89,14.14,0.17,0.16,495.18,508.26,,
2020-04-25 10:00:00,2020,4,6,1,10,1,452.28,34.49,71.4,11.36,0.09,0.09,484.43,507.97,,
2020-04-25 16:00:00,2020,4,6,1,16,1,555.68,15.0,87.85,5.72,0.08,0.08,492.05,506.06,,541.27
2020-04-25 17:00:00,2020,4,6,1,17,1,603.56,16.49,77.01,10.01,0.12,0.11,496.91,506.38,555.68,
2020-04-25 22:00:00,2020,4,6,1,22,1,441.77,30.68,63.28,11.69,0.06,0.06,504.16,506.03,,
2020-04-26 00:00:00,2020,4,7,1,0,1,519.77,15.0,86.76,0.86,0.06,0.06,505.12,505.96,,
2020-04-26 06:00:00,2020,4,7,1,6,1,420.81,37.94,31.58,3.5,0.24,0.22,494.76,505.5,,
2020-04-26 10:00:00,2020,4,7,1,10,1,529.72,23.48,36.77,11.85,0.04,0.04,503.72,505.22,,452.28
2020-04-26 11:00:00,2020,4,7,1,11,1,438.56,18.9,48.9,12.16,0.1,0.1,500.29,505.2,529.72,
2020-04-26 14:00:00,2020,4,7,1,14,1,440.36,30.72,73.2,14.02,0.03,0.03,497.22,505.85,,
2020-04-27 02:00:00,2020,4,1,0,2,0,437.19,24.26,64.41,0.26,0.12,0.11,488.95,505.84,,
2020-04-27 10:00:00,2020,4,1,0,10,0,440.36,36.73,73.66,9.97,0.0,0.0,501.17,506.94,,529.72
2020-04-27 11:00:00,2020,4,1,0,11,0,512.97,22.04,57.82,12.69,0.48,0.39,504.27,506.48,595.4,438.56
2020-04-27 18:00:00,2020,4,1,0,18,0,438.27,18.56,48.74,1.57,0.11,0.1,500.28,505.78,,
2020-04-27 20:00:00,2020,4,1,0,20,0,483.94,16.69,72.08,3.6,0.22,0.2,501.18,506.14,,
2020-04-27 23:00:00,2020,4,1,0,23,0,522.8,30.29,64.57,4.49,0.1,0.1,499.31,505.68,,
2020-04-28 00:00:00,2020,4,2,0,0,0,515.18,26.85,71.13,2.23,0.06,0.06,496.95,505.72,522.8,
2020-04-28 01:00:00,2020,4,2,0,1,0,579.31,26.23,86.55,5.03,0.16,0.15,502.72,505.97,515.18,
2020-04-28 09:00:00,2020,4,2,0,9,0,452.35,17.98,46.02,3.67,0.25,0.22,502.35,506.53,,
2020-04-28 12:00:00,2020,4,2,0,12,0,466.87,28.05,44.29,8.64,0.09,0.09,505.49,506.35,,
2020-04-28 22:00:00,2020,4,2,0,22,0,484.25,27.97,56.76,7.83,0.1,0.1,512.87,507.36,,
2020-04-28 23:00:00,2020,4,2,0,23,0,503.31,24.38,58.87,11.44,0.04,0.04,512.06,507.8,484.25,522.8
2020-04-29 16:00:00,2020,4,3,0,16,0,459.01,23.97,44.15,12.35,0.38,0.32,492.19,504.92,,
2020-04-29 22:00:00,2020,4,3,0,22,0,574.64,26.22,73.24,3.87,0.13,0.12,495.85,506.79,,484.25
2020-04-30 01:00:00,2020,4,4,0,1,0,510.01,15.93,86.41,1.12,0.21,0.19,500.17,508.5,,
2020-04-30 04:00:00,2020,4,4,0,4,0,448.03,17.08,62.62,4.63,0.01,0.01,499.79,508.81,,
2020-04-30 10:00:00,2020,4,4,0,10,0,548.59,29.08,67.99,3.15,0.1,0.1,509.61,508.79,,
2020-04-30 12:00:00,2020,4,4,0,12,0,442.99,32.32,56.52,13.72,0.02,0.02,506.55,508.83,,
2020-04-30 17:00:00,2020,4,4,0,17,0,530.16,30.9,46.47,2.14,0.04,0.04,508.7,509.47,,
2020-04-30 18:00:00,2020,4,4,0,18,0,425.57,19.49,39.37,6.72,0.17,0.16,507.02,509.02,530.16,
2020-05-01 00:00:00,2020,5,5,0,0,0,548.4,25.37,87.43,0.44,0.24,0.22,494.03,508.74,,
2020-05-01 03:00:00,2020,5,5,0,3,0,491.86,19.96,88.49,0.12,0.35,0.3,496.78,508.46,,
2020-05-01 09:00:00,2020,5,5,0,9,0,405.52,37.55,62.46,9.1,0.14,0.13,491.45,507.43,,
2020-05-01 12:00:00,2020,5,5,0,12,0,471.44,30.74,51.05,5.88,0.07,0.07,491.74,508.36,,442.99
2020-05-01 18:00:00,2020,5,5,0,18,0,532.56,25.03,47.78,14.54,0.08,0.08,497.01,508.65,,425.57
2020-05-01 19:00:00,2020,5,5,0,19,0,431.54,19.93,51.74,11.85,0.03,0.03,494.15,508.64,532.56,
2020-05-02 02:00:00,2020,5,6,1,2,1,522.53,22.52,39.7,3.8,0.15,0.14,481.61,508.14,,
2020-05-02 10:00:00,2020,5,6,1,10,1,443.24,24.64,31.99,1.65,0.35,0.3,487.72,508.52,,
2020-05-02 16:00:00,2020,5,6,1,16,1,410.1,26.63,57.66,9.85,0.44,0.36,485.95,506.83,,
2020-05-03 05:00:00,2020,5,7,1,5,1,530.66,19.75,51.27,10.1,0.0,0.0,491.91,506.34,,
2020-05-03 10:00:00,2020,5,7,1,10,1,478.98,26.04,71.63,1.37,0.39,0.33,481.89,505.34,,443.24
2020-05-03 14:00:00,2020,5,7,1,14,1,487.44,28.04,55.9,6.39,0.47,0.39,490.26,506.31,,
2020-05-03 20:00:00,2020,5,7,1,20,1,384.89,21.8,43.78,8.56,0.18,0.17,491.44,506.2,,
2020-05-03 23:00:00,2020,5,7,1,23,1,478.09,33.56,31.52,1.62,0.05,0.05,491.43,505.94,,
2020-05-04 03:00:00,2020,5,1,0,3,0,443.16,20.49,62.54,9.9,0.25,0.22,493.83,506.6,,
2020-05-04 07:00:00,2020,5,1,0,7,0,501.32,17.65,45.51,13.84,0.12,0.11,498.93,506.7,,
2020-05-04 10:00:00,2020,5,1,0,10,0,562.86,28.17,81.06,8.25,0.05,0.05,503.78,505.72,,478.98
2020-05-04 11:00:00,2020,5,1,0,11,0,587.14,25.33,82.03,13.4,0.06,0.06,505.33,506.17,562.86,
2020-05-04 22:00:00,2020,5,1,0,22,0,448.26,30.16,35.28,6.78,0.2,0.18,501.86,506.59,,
2020-05-05 05:00:00,2020,5,2,0,5,0,433.14,32.36,48.67,5.41,0.21,0.19,497.88,504.71,,
2020-05-05 20:00:00,2020,5,2,0,20,0,522.04,37.11,88.57,5.25,0.18,0.17,493.23,504.01,,
2020-05-06 00:00:00,2020,5,3,0,0,0,544.07,20.44,69.32,0.03,0.05,0.05,504.39,504.64,,
2020-05-06 04:00:00,2020,5,3,0,4,0,493.08,29.45,81.99,0.61,0.07,0.07,503.49,505.08,,
2020-05-06 20:00:00,2020,5,3,0,20,0,601.06,40.0,75.41,0.5,0.67,0.51,509.26,506.69,,522.04
2020-05-06 21:00:00,2020,5,3,0,21,0,489.18,18.02,77.34,8.76,0.17,0.16,508.5,506.43,601.06,
2020-05-07 00:00:00,2020,5,4,0,0,0,430.58,25.6,50.58,3.63,0.24,0.22,503.62,505.71,,544.07
2020-05-07 06:00:00,2020,5,4,0,6,0,445.38,18.39,84.29,13.89,0.45,0.37,497.68,504.89,,
2020-05-07 08:00:00,2020,5,4,0,8,0,577.56,32.31,51.32,10.45,0.52,0.42,499.84,505.19,,
2020-05-07 12:00:00,2020,5,4,0,12,0,492.84,33.04,38.55,4.45,0.22,0.2,504.56,505.75,,
2020-05-07 14:00:00,2020,5,4,0,14,0,465.8,17.48,63.88,13.88,0.12,0.11,500.77,505.9,,
2020-05-07 17:00:00,2020,5,4,0,17,0,568.29,28.15,66.53,12.43,0.08,0.08,497.98,505.19,,
2020-05-07 21:00:00,2020,5,4,0,21,0,524.99,26.72,37.23,5.73,0.12,0.11,495.04,506.15,,489.18
2020-05-08 18:00:00,2020,5,5,0,18,0,496.28,32.26,36.4,9.83,0.1,0.1,495.81,504.84,,
2020-05-08 21:00:00,2020,5,5,0,21,0,476.03,15.0,79.99,9.29,0.06,0.06,487.86,505.38,,524.99
2020-05-09 00:00:00,2020,5,6,1,0,1,500.29,29.71,81.3,6.15,0.4,0.34,492.69,505.96,,
2020-05-09 07:00:00,2020,5,6,1,7,1,456.63,24.25,37.82,14.75,0.04,0.04,484.29,504.72,,
2020-05-09 08:00:00,2020,5,6,1,8,1,489.85,17.29,38.84,6.08,0.18,0.17,487.01,504.81,456.63,
2020-05-09 11:00:00,2020,5,6,1,11,1,458.54,21.57,45.79,2.04,0.22,0.2,481.14,505.01,,
2020-05-09 13:00:00,2020,5,6,1,13,1,452.59,32.98,46.82,11.89,0.2,0.18,482.02,505.49,,
2020-05-09 15:00:00,2020,5,6,1,15,1,477.31,35.36,69.05,0.56,0.04,0.04,485.44,505.44,,
2020-05-09 19:00:00,2020,5,6,1,19,1,520.82,15.0,56.42,9.53,0.09,0.09,491.7,506.83,,
2020-05-09 23:00:00,2020,5,6,1,23,1,546.92,27.2,79.93,13.2,0.14,0.13,501.98,507.32,,
2020-05-10 23:00:00,2020,5,7,1,23,1,454.14,24.7,50.97,12.14,0.01,0.01,516.75,511.01,,546.92
2020-05-11 03:00:00,2020,5,1,0,3,0,553.06,40.0,62.25,13.17,0.09,0.09,519.98,511.55,,
2020-05-11 21:00:00,2020,5,1,0,21,0,424.66,27.15,75.02,14.13,0.49,0.4,508.72,511.67,,
2020-05-11 22:00:00,2020,5,1,0,22,0,489.32,33.46,83.01,9.8,0.02,0.02,507.1,511.92,424.66,
2020-05-12 00:00:00,2020,5,2,0,0,0,528.4,26.21,78.7,3.57,0.52,0.42,508.82,512.53,,
2020-05-12 05:00:00,2020,5,2,0,5,0,510.45,16.98,76.31,12.21,0.03,0.03,512.4,513.0,,
2020-05-12 08:00:00,2020,5,2,0,8,0,397.49,19.5,77.88,14.12,0.56,0.44,501.45,510.53,,
2020-05-12 13:00:00,2020,5,2,0,13,0,437.23,17.47,37.95,3.09,0.07,0.07,500.33,512.12,,
2020-05-12 17:00:00,2020,5,2,0,17,0,413.43,25.2,71.93,11.8,0.33,0.29,493.12,511.97,,
2020-05-13 01:00:00,2020,5,3,0,1,0,527.86,23.2,57.26,4.66,0.05,0.05,481.64,509.42,,
2020-05-13 04:00:00,2020,5,3,0,4,0,383.28,20.66,58.08,4.56,0.05,0.05,477.53,508.74,,
2020-05-13 11:00:00,2020,5,3,0,11,0,468.04,28.52,45.67,5.76,0.13,0.12,477.77,508.43,,
2020-05-13 15:00:00,2020,5,3,0,15,0,551.73,24.65,68.65,4.52,0.04,0.04,485.68,509.26,,
2020-05-13 16:00:00,2020,5,3,0,16,0,601.93,18.69,40.6,10.3,0.01,0.01,489.31,509.58,551.73,
2020-05-13 18:00:00,2020,5,3,0,18,0,460.23,24.51,66.85,11.46,0.06,0.06,493.15,509.76,,
2020-05-13 19:00:00,2020,5,3,0,19,0,507.08,23.61,81.85,13.12,0.09,0.09,494.28,509.79,460.23,
2020-05-14 01:00:00,2020,5,4,0,1,0,438.39,15.0,87.73,14.48,0.33,0.29,507.93,510.28,,527.86
2020-05-14 04:00:00,2020,5,4,0,4,0,415.57,19.65,49.85,13.18,0.05,0.05,507.29,510.1,,372.52
2020-05-14 07:00:00,2020,5,4,0,7,0,522.86,22.73,58.15,4.65,0.07,0.07,513.0,511.05,,
2020-05-14 08:00:00,2020,5,4,0,8,0,490.85,32.95,81.04,1.76,0.08,0.08,510.86,510.53,522.86,
2020-05-14 21:00:00,2020,5,4,0,21,0,494.34,32.35,50.26,2.93,0.29,0.25,485.98,508.43,,
2020-05-14 23:00:00,2020,5,4,0,23,0,504.42,33.17,63.15,11.23,0.02,0.02,487.06,509.68,,
2020-05-15 01:00:00,2020,5,5,0,1,0,528.6,21.9,89.54,7.39,0.16,0.15,488.1,509.7,,438.39
2020-05-15 07:00:00,2020,5,5,0,7,0,505.65,26.9,56.64,8.79,0.76,0.57,492.59,509.78,,522.86
2020-05-15 12:00:00,2020,5,5,0,12,0,579.61,15.0,56.91,2.75,0.05,0.05,508.15,511.37,,
2020-05-15 15:00:00,2020,5,5,0,15,0,440.46,35.27,89.04,2.08,0.17,0.16,498.94,510.47,,
2020-05-15 17:00:00,2020,5,5,0,17,0,383.28,24.3,65.86,2.18,0.41,0.34,496.31,510.13,,
2020-05-15 23:00:00,2020,5,5,0,23,0,528.36,27.21,32.28,13.14,0.0,0.0,501.14,511.08,,504.42
2020-05-16 00:00:00,2020,5,6,1,0,1,546.76,22.6,34.13,14.16,0.09,0.09,503.98,511.36,528.36,
2020-05-16 06:00:00,2020,5,6,1,6,1,485.2,19.44,43.44,10.76,0.16,0.15,492.38,510.66,,
2020-05-16 14:00:00,2020,5,6,1,14,1,466.79,34.55,34.73,0.89,0.73,0.55,485.27,510.67,,
2020-05-16 17:00:00,2020,5,6,1,17,1,486.23,26.85,78.74,1.29,0.27,0.24,488.28,510.16,,359.56
2020-05-16 23:00:00,2020,5,6,1,23,1,394.03,37.63,52.19,5.7,0.07,0.07,482.57,508.25,,528.36
2020-05-17 13:00:00,2020,5,7,1,13,1,503.34,17.54,32.91,1.16,0.09,0.09,494.74,507.09,,
2020-05-17 23:00:00,2020,5,7,1,23,1,429.84,16.07,46.91,8.5,0.02,0.02,498.37,505.58,,394.03
2020-05-18 00:00:00,2020,5,1,0,0,0,489.94,28.31,84.07,5.68,0.11,0.1,496.57,505.59,429.84,
2020-05-18 01:00:00,2020,5,1,0,1,0,566.38,16.03,83.07,8.51,0.38,0.32,494.9,505.56,489.94,
2020-05-18 02:00:00,2020,5,1,0,2,0,514.63,40.0,88.24,7.31,0.07,0.07,500.92,505.84,566.38,
2020-05-18 06:00:00,2020,5,1,0,6,0,457.14,15.37,47.34,11.48,0.01,0.01,503.37,505.11,,
2020-05-18 07:00:00,2020,5,1,0,7,0,490.24,38.27,73.64,10.1,0.04,0.04,502.74,505.06,457.14,
2020-05-18 08:00:00,2020,5,1,0,8,0,513.56,16.9,86.8,2.4,0.04,0.04,500.41,505.3,490.24,
2020-05-18 13:00:00,2020,5,1,0,13,0,539.76,15.0,48.58,0.98,0.24,0.22,503.4,505.95,,503.34
2020-05-18 18:00:00,2020,5,1,0,18,0,432.94,20.79,56.09,7.22,0.31,0.27,499.32,505.13,,
2020-05-18 21:00:00,2020,5,1,0,21,0,570.67,19.82,60.16,9.32,0.03,0.03,507.71,505.55,,
2020-05-19 13:00:00,2020,5,2,0,13,0,486.88,18.98,77.63,6.72,0.19,0.17,492.12,504.75,,539.76
2020-05-19 15:00:00,2020,5,2,0,15,0,537.22,15.28,72.88,2.69,0.0,0.0,491.5,505.14,,
2020-05-19 17:00:00,2020,5,2,0,17,0,510.87,25.38,84.16,0.46,0.11,0.1,494.6,505.84,,
2020-05-19 20:00:00,2020,5,2,0,20,0,487.16,33.33,76.27,8.83,0.26,0.23,499.43,506.54,,
2020-05-20 02:00:00,2020,5,3,0,2,0,592.09,25.36,87.69,0.42,0.08,0.08,502.27,507.94,,
2020-05-20 14:00:00,2020,5,3,0,14,0,503.33,27.08,89.23,2.08,0.18,0.17,504.07,507.91,,
2020-05-20 23:00:00,2020,5,3,0,23,0,439.11,20.23,72.29,9.15,0.06,0.06,490.71,504.59,,
2020-05-21 03:00:00,2020,5,4,0,3,0,503.45,35.54,85.28,13.55,0.06,0.06,486.99,504.93,,
2020-05-21 05:00:00,2020,5,4,0,5,0,523.89,20.2,64.31,8.75,0.04,0.04,491.33,505.27,,
2020-05-21 09:00:00,2020,5,4,0,9,0,503.88,33.55,66.67,4.05,0.26,0.23,489.27,505.19,,
2020-05-22 03:00:00,2020,5,5,0,3,0,538.31,15.0,78.22,0.56,0.2,0.18,496.94,505.6,,503.45
2020-05-22 05:00:00,2020,5,5,0,5,0,566.38,22.2,84.84,9.82,0.58,0.46,493.06,504.94,,523.89
2020-05-22 09:00:00,2020,5,5,0,9,0,569.79,26.35,33.34,3.08,0.07,0.07,496.03,505.65,,503.88
2020-05-22 10:00:00,2020,5,5,0,10,0,446.96,18.89,30.06,14.01,0.3,0.26,493.36,504.91,569.79,
2020-05-22 12:00:00,2020,5,5,0,12,0,519.81,17.32,63.15,5.51,0.02,0.02,500.04,504.38,,
2020-05-22 16:00:00,2020,5,5,0,16,0,546.53,15.0,57.64,9.54,0.08,0.08,501.78,505.51,,
2020-05-23 04:00:00,2020,5,6,1,4,1,487.04,15.33,67.78,10.76,0.03,0.03,515.89,507.83,,
2020-05-23 12:00:00,2020,5,6,1,12,1,545.92,27.22,37.29,10.96,0.22,0.2,513.02,509.2,,519.81
2020-05-23 13:00:00,2020,5,6,1,13,1,527.89,18.96,37.15,13.63,0.09,0.09,512.88,509.23,545.92,
2020-05-23 14:00:00,2020,5,6,1,14,1,494.6,20.37,36.84,9.88,0.15,0.14,513.34,509.4,527.89,
2020-05-23 19:00:00,2020,5,6,1,19,1,486.39,25.59,58.55,6.61,0.3,0.26,508.98,509.5,,
2020-05-23 20:00:00,2020,5,6,1,20,1,488.79,27.2,67.31,0.23,0.21,0.19,509.38,509.77,486.39,
2020-05-23 21:00:00,2020,5,6,1,21,1,533.46,24.62,55.35,5.78,0.34,0.29,507.88,509.77,488.79,
2020-05-24 03:00:00,2020,5,7,1,3,1,426.28,24.78,64.78,5.96,0.01,0.01,501.5,510.46,,
2020-05-24 07:00:00,2020,5,7,1,7,1,458.58,16.48,66.46,14.46,0.33,0.29,505.23,511.88,,
2020-05-24 09:00:00,2020,5,7,1,9,1,504.19,22.19,73.07,0.48,0.1,0.1,506.65,511.18,,
2020-05-24 11:00:00,2020,5,7,1,11,1,575.03,17.99,87.01,3.14,0.01,0.01,510.01,510.9,,
2020-05-24 17:00:00,2020,5,7,1,17,1,534.56,27.23,88.82,12.0,0.03,0.03,501.91,511.18,,
2020-05-24 18:00:00,2020,5,7,1,18,1,462.34,18.23,87.34,9.68,0.2,0.18,505.95,510.54,534.56,
2020-05-24 20:00:00,2020,5,7,1,20,1,573.03,16.46,66.05,5.93,0.01,0.01,509.11,511.23,,488.79
2020-05-25 01:00:00,2020,5,1,0,1,0,499.0,33.16,63.48,0.86,0.2,0.18,511.44,511.88,,
2020-05-25 03:00:00,2020,5,1,0,3,0,473.88,27.65,87.68,7.08,0.02,0.02,510.9,511.56,,426.28
2020-05-25 13:00:00,2020,5,1,0,13,0,525.3,23.58,80.27,8.75,0.69,0.52,505.29,511.31,,
2020-05-25 16:00:00,2020,5,1,0,16,0,487.06,24.56,82.75,8.67,0.2,0.18,511.49,512.08,,
2020-05-25 18:00:00,2020,5,1,0,18,0,583.58,29.27,51.23,3.17,0.46,0.38,515.86,512.95,,462.34
2020-05-25 22:00:00,2020,5,1,0,22,0,514.84,27.16,65.88,8.54,0.11,0.1,506.79,511.86,,
2020-05-25 23:00:00,2020,5,1,0,23,0,539.93,31.74,30.91,1.38,0.01,0.01,513.11,512.3,514.84,
2020-05-26 04:00:00,2020,5,2,0,4,0,472.77,29.25,36.53,11.68,0.13,0.12,505.12,512.04,,
2020-05-26 06:00:00,2020,5,2,0,6,0,507.4,25.19,87.74,8.1,0.01,0.01,505.33,512.71,,
2020-05-26 11:00:00,2020,5,2,0,11,0,549.55,32.7,57.3,3.35,0.26,0.23,505.76,513.59,,
2020-05-26 22:00:00,2020,5,2,0,22,0,497.39,23.62,73.05,3.98,0.38,0.32,500.21,512.92,,514.84
2020-05-26 23:00:00,2020,5,2,0,23,0,484.58,34.82,76.97,8.57,0.19,0.17,497.91,512.62,497.39,539.93
2020-05-27 04:00:00,2020,5,3,0,4,0,530.53,29.73,38.5,13.94,0.39,0.33,500.93,512.66,,472.77
2020-05-27 07:00:00,2020,5,3,0,7,0,589.62,30.41,70.85,10.08,0.2,0.18,498.06,512.44,,
2020-05-27 08:00:00,2020,5,3,0,8,0,534.2,28.56,32.46,12.88,0.24,0.22,497.57,512.53,589.62,
2020-05-27 20:00:00,2020,5,3,0,20,0,518.91,15.0,57.53,3.49,0.05,0.05,501.6,513.92,,
2020-05-28 00:00:00,2020,5,4,0,0,0,568.14,15.0,55.64,2.72,0.18,0.17,509.27,514.86,,
2020-05-28 08:00:00,2020,5,4,0,8,0,583.68,19.6,52.2,7.35,0.17,0.16,519.7,516.75,,534.2
2020-05-28 13:00:00,2020,5,4,0,13,0,498.28,25.18,84.32,9.65,0.06,0.06,525.17,517.87,,
2020-05-28 17:00:00,2020,5,4,0,17,0,384.29,23.85,46.54,14.41,0.15,0.14,521.14,517.09,,
2020-05-28 19:00:00,2020,5,4,0,19,0,463.73,22.79,77.93,7.88,0.06,0.06,514.15,516.78,,
2020-05-28 20:00:00,2020,5,4,0,20,0,446.08,19.4,30.38,7.08,0.04,0.04,511.11,516.26,463.73,518.91
2020-05-29 08:00:00,2020,5,5,0,8,0,596.26,29.25,53.07,7.98,0.04,0.04,501.88,518.0,,583.68
2020-05-29 13:00:00,2020,5,5,0,13,0,526.05,32.03,66.25,1.63,0.03,0.03,501.65,517.59,,498.28
2020-05-29 15:00:00,2020,5,5,0,15,0,441.98,22.08,65.8,6.89,0.05,0.05,501.46,517.82,,
2020-05-29 16:00:00,2020,5,5,0,16,0,553.78,19.47,81.89,14.28,0.06,0.06,500.83,517.86,441.98,
2020-05-29 18:00:00,2020,5,5,0,18,0,452.25,29.63,35.51,2.77,0.0,0.0,506.5,517.1,,
2020-05-29 19:00:00,2020,5,5,0,19,0,407.24,26.24,88.69,2.62,0.0,0.0,504.14,516.6,452.25,463.73
2020-05-30 01:00:00,2020,5,6,1,1,1,436.52,34.67,85.15,12.66,0.63,0.49,502.21,516.33,,
2020-05-30 02:00:00,2020,5,6,1,2,1,476.0,19.26,50.5,3.54,0.11,0.1,504.52,516.26,436.52,
2020-05-30 03:00:00,2020,5,6,1,3,1,456.99,31.64,54.23,7.04,0.15,0.14,498.27,515.81,476.0,
2020-05-30 04:00:00,2020,5,6,1,4,1,549.23,40.0,56.47,2.02,0.59,0.46,501.75,516.19,456.99,
2020-05-30 07:00:00,2020,5,6,1,7,1,457.91,24.29,65.72,5.48,0.0,0.0,506.76,515.98,,
2020-05-30 11:00:00,2020,5,6,1,11,1,494.9,26.89,72.17,11.34,0.06,0.06,496.64,515.46,,
2020-05-30 15:00:00,2020,5,6,1,15,1,502.85,25.58,56.17,11.57,0.18,0.17,499.35,515.34,,441.98
2020-05-31 10:00:00,2020,5,7,1,10,1,535.65,25.08,77.33,11.41,0.18,0.17,492.3,513.37,,
2020-05-31 11:00:00,2020,5,7,1,11,1,534.53,15.0,47.37,3.55,0.05,0.05,493.96,513.12,535.65,494.9
2020-05-31 19:00:00,2020,5,7,1,19,1,455.2,27.15,78.8,10.19,0.09,0.09,489.17,512.74,,
2020-06-01 03:00:00,2020,6,1,0,3,0,571.69,33.9,70.93,2.94,0.17,0.16,499.78,512.64,,
2020-06-01 08:00:00,2020,6,1,0,8,0,561.82,15.0,87.13,10.63,0.19,0.17,502.3,513.1,,
2020-06-01 18:00:00,2020,6,1,0,18,0,563.16,17.62,57.35,3.49,0.02,0.02,514.23,512.64,,
2020-06-02 02:00:00,2020,6,2,0,2,0,526.92,21.31,77.31,4.81,0.08,0.08,522.59,514.5,,
2020-06-02 05:00:00,2020,6,2,0,5,0,512.02,15.35,59.69,1.16,0.09,0.09,511.55,513.37,,
2020-06-02 16:00:00,2020,6,2,0,16,0,544.58,18.22,33.28,4.35,0.13,0.12,504.49,512.33,,
2020-06-02 20:00:00,2020,6,2,0,20,0,510.36,19.48,49.29,3.85,0.13,0.12,487.29,511.88,,
2020-06-02 23:00:00,2020,6,2,0,23,0,545.69,34.45,42.54,2.01,0.12,0.11,494.86,512.69,,
2020-06-03 00:00:00,2020,6,3,0,0,0,572.08,18.06,76.18,13.61,0.05,0.05,494.88,513.47,545.69,
2020-06-03 04:00:00,2020,6,3,0,4,0,529.62,35.79,32.22,8.16,0.49,0.4,497.9,513.25,,
2020-06-03 05:00:00,2020,6,3,0,5,0,535.19,34.86,38.03,11.22,0.66,0.51,498.86,513.41,529.62,512.02
2020-06-03 06:00:00,2020,6,3,0,6,0,476.38,15.0,55.41,14.22,0.11,0.1,496.04,514.11,535.19,
2020-06-03 12:00:00,2020,6,3,0,12,0,441.11,21.06,64.18,6.7,0.16,0.15,492.01,512.26,,
2020-06-03 18:00:00,2020,6,3,0,18,0,512.34,18.79,82.38,12.15,0.08,0.08,497.53,511.7,,
2020-06-03 19:00:00,2020,6,3,0,19,0,475.04,26.37,83.49,6.49,0.83,0.6,499.87,511.67,512.34,
2020-06-03 21:00:00,2020,6,3,0,21,0,529.52,24.04,45.66,14.95,0.31,0.27,501.92,511.95,,
2020-06-03 22:00:00,2020,6,3,0,22,0,556.99,15.83,35.48,11.15,0.2,0.18,500.3,512.6,529.52,
2020-06-04 04:00:00,2020,6,4,0,4,0,471.54,29.41,81.18,4.42,0.63,0.49,491.33,509.94,,529.62
2020-06-04 05:00:00,2020,6,4,0,5,0,477.59,16.53,48.73,1.06,0.26,0.23,488.93,509.7,471.54,535.19
2020-06-04 21:00:00,2020,6,4,0,21,0,467.32,23.23,46.44,3.88,0.32,0.28,489.31,508.34,,529.52
2020-06-05 04:00:00,2020,6,5,0,4,0,565.29,26.17,88.62,4.52,0.17,0.16,494.97,508.2,,471.54
2020-06-05 09:00:00,2020,6,5,0,9,0,478.97,27.23,33.5,9.28,0.02,0.02,501.71,508.27,,
2020-06-05 12:00:00,2020,6,5,0,12,0,535.68,32.97,88.59,5.65,0.26,0.23,498.68,508.39,,
2020-06-05 23:00:00,2020,6,5,0,23,0,486.83,15.0,59.43,4.61,0.28,0.25,509.52,508.07,,
2020-06-06 08:00:00,2020,6,6,1,8,1,471.37,28.93,74.39,9.75,0.36,0.31,498.63,508.17,,
2020-06-06 09:00:00,2020,6,6,1,9,1,452.91,24.35,48.03,5.23,0.03,0.03,497.54,508.08,471.37,478.97
2020-06-06 20:00:00,2020,6,6,1,20,1,498.62,22.0,86.5,11.41,0.02,0.02,500.66,509.63,,
2020-06-07 12:00:00,2020,6,7,1,12,1,464.68,21.53,76.01,2.77,0.22,0.2,497.06,509.65,,
2020-06-07 15:00:00,2020,6,7,1,15,1,436.56,15.0,58.03,2.28,0.01,0.01,489.75,509.46,,
2020-06-07 20:00:00,2020,6,7,1,20,1,538.8,24.8,73.46,2.49,0.45,0.37,491.2,509.69,,498.62
2020-06-07 21:00:00,2020,6,7,1,21,1,393.78,28.48,61.04,13.27,0.12,0.11,488.81,509.41,538.8,
2020-06-08 03:00:00,2020,6,1,0,3,0,584.78,20.97,87.92,1.33,0.41,0.34,494.96,508.9,,
2020-06-08 04:00:00,2020,6,1,0,4,0,487.28,28.89,89.34,3.11,0.09,0.09,492.49,508.67,584.78,
2020-06-08 13:00:00,2020,6,1,0,13,0,435.25,22.39,76.22,1.85,0.16,0.15,497.9,508.78,,
2020-06-08 15:00:00,2020,6,1,0,15,0,409.28,19.31,56.89,2.67,0.58,0.46,497.58,508.38,,436.56
2020-06-09 02:00:00,2020,6,2,0,2,0,493.27,36.35,52.81,9.84,0.15,0.14,500.2,505.56,,
2020-06-09 03:00:00,2020,6,2,0,3,0,562.7,26.28,76.78,3.22,0.12,0.11,499.28,506.37,493.27,584.78
2020-06-09 05:00:00,2020,6,2,0,5,0,490.17,23.75,84.87,10.55,0.02,0.02,496.35,506.72,,
2020-06-09 13:00:00,2020,6,2,0,13,0,578.94,36.53,41.19,8.19,0.17,0.16,509.88,509.0,,435.25
2020-06-09 15:00:00,2020,6,2,0,15,0,533.96,31.14,82.18,14.84,0.43,0.36,514.63,509.76,,409.28
2020-06-09 19:00:00,2020,6,2,0,19,0,464.09,29.65,30.99,3.47,0.06,0.06,510.48,510.54,,
2020-06-10 07:00:00,2020,6,3,0,7,0,560.77,30.63,53.0,1.01,0.28,0.25,526.93,510.88,,
2020-06-10 10:00:00,2020,6,3,0,10,0,449.04,17.78,32.1,6.18,0.16,0.15,508.76,510.64,,
2020-06-11 04:00:00,2020,6,4,0,4,0,581.68,30.37,65.99,9.05,0.36,0.31,504.13,512.05,,
2020-06-11 09:00:00,2020,6,4,0,9,0,577.07,27.13,81.71,9.46,0.1,0.1,500.96,512.26,,
2020-06-11 10:00:00,2020,6,4,0,10,0,579.65,29.08,43.07,9.85,0.25,0.22,506.4,512.53,577.07,449.04
2020-06-11 12:00:00,2020,6,4,0,12,0,512.49,31.72,40.73,1.73,0.06,0.06,506.0,511.5,,
2020-06-11 21:00:00,2020,6,4,0,21,0,488.43,25.25,44.87,5.26,0.42,0.35,498.31,512.28,,
2020-06-11 23:00:00,2020,6,4,0,23,0,494.32,33.87,56.2,7.23,0.41,0.34,501.71,513.04,,
2020-06-12 01:00:00,2020,6,5,0,1,0,423.21,27.04,36.27,5.72,0.89,0.64,494.99,512.34,,
2020-06-12 08:00:00,2020,6,5,0,8,0,468.63,19.02,87.5,1.71,0.41,0.34,495.1,510.7,,
2020-06-12 09:00:00,2020,6,5,0,9,0,493.39,23.27,47.04,7.15,0.36,0.31,491.62,510.78,468.63,577.07
2020-06-12 21:00:00,2020,6,5,0,21,0,500.9,22.27,31.26,11.59,0.04,0.04,508.43,512.43,,488.43
2020-06-12 22:00:00,2020,6,5,0,22,0,499.88,32.8,65.33,2.14,0.18,0.17,506.49,512.55,500.9,
2020-06-13 00:00:00,2020,6,6,1,0,1,451.13,27.93,34.46,8.66,0.02,0.02,503.34,511.96,,
2020-06-13 05:00:00,2020,6,6,1,5,1,465.88,25.2,34.02,9.3,0.06,0.06,505.44,511.56,,
2020-06-13 09:00:00,2020,6,6,1,9,1,530.93,25.89,72.64,12.35,0.22,0.2,500.09,511.16,,493.39
2020-06-13 18:00:00,2020,6,6,1,18,1,411.46,28.03,69.74,5.34,0.72,0.54,484.56,509.21,,
2020-06-13 21:00:00,2020,6,6,1,21,1,488.17,27.24,78.95,3.02,0.15,0.14,480.52,509.77,,500.9
2020-06-14 08:00:00,2020,6,7,1,8,1,457.11,25.93,70.41,13.8,0.19,0.17,495.12,509.79,,
2020-06-14 09:00:00,2020,6,7,1,9,1,416.27,19.11,49.62,6.39,0.09,0.09,490.34,509.23,457.11,530.93
2020-06-14 10:00:00,2020,6,7,1,10,1,474.48,15.0,52.65,8.61,0.03,0.03,492.7,509.25,416.27,
2020-06-14 19:00:00,2020,6,7,1,19,1,446.58,22.08,72.07,1.51,0.31,0.27,501.67,511.6,,
2020-06-14 21:00:00,2020,6,7,1,21,1,553.44,15.0,60.11,3.25,0.0,0.0,508.54,512.65,,488.17
2020-06-15 00:00:00,2020,6,1,0,0,0,497.7,33.88,85.63,7.33,0.02,0.02,505.33,513.25,,
2020-06-15 01:00:00,2020,6,1,0,1,0,530.56,18.93,72.86,7.02,0.19,0.17,507.54,512.7,497.7,
2020-06-15 08:00:00,2020,6,1,0,8,0,483.51,19.44,49.52,13.86,0.01,0.01,506.74,511.18,,457.11
2020-06-15 13:00:00,2020,6,1,0,13,0,500.02,16.05,85.78,4.58,0.76,0.57,509.83,512.06,,
2020-06-15 19:00:00,2020,6,1,0,19,0,496.41,29.11,89.42,10.99,0.24,0.22,507.57,512.21,,446.58
2020-06-15 21:00:00,2020,6,1,0,21,0,512.77,15.0,78.61,7.18,0.14,0.13,500.95,511.59,,553.44
2020-06-16 00:00:00,2020,6,2,0,0,0,573.46,20.79,83.85,13.21,0.04,0.04,506.86,513.14,,497.7
2020-06-16 03:00:00,2020,6,2,0,3,0,472.43,26.39,55.32,6.5,0.22,0.2,502.13,512.72,,
2020-06-16 04:00:00,2020,6,2,0,4,0,511.31,25.13,78.74,12.87,0.17,0.16,500.49,512.82,472.43,
2020-06-16 07:00:00,2020,6,2,0,7,0,411.92,28.26,75.75,1.89,0.37,0.31,497.88,511.9,,
2020-06-16 10:00:00,2020,6,2,0,10,0,525.24,19.93,48.98,12.96,0.4,0.34,504.25,511.13,,
2020-06-16 16:00:00,2020,6,2,0,16,0,534.91,19.63,56.34,10.13,0.02,0.02,498.38,510.19,,
2020-06-16 21:00:00,2020,6,2,0,21,0,419.55,38.67,34.45,2.55,0.24,0.22,501.33,511.07,,512.77
2020-06-17 13:00:00,2020,6,3,0,13,0,490.39,15.0,72.28,14.31,0.85,0.62,500.94,510.87,,
2020-06-17 17:00:00,2020,6,3,0,17,0,415.55,31.27,51.74,11.69,0.43,0.36,491.63,508.33,,
2020-06-18 05:00:00,2020,6,4,0,5,0,504.34,24.21,54.52,0.65,0.1,0.1,486.82,507.25,,
2020-06-18 09:00:00,2020,6,4,0,9,0,575.56,21.25,78.34,6.89,0.24,0.22,494.31,508.72,,
2020-06-18 12:00:00,2020,6,4,0,12,0,507.43,27.8,84.46,12.55,0.56,0.44,496.96,508.99,,
2020-06-18 14:00:00,2020,6,4,0,14,0,515.29,37.13,67.56,9.3,0.17,0.16,497.35,509.45,,
2020-06-18 19:00:00,2020,6,4,0,19,0,571.53,27.88,71.91,13.42,0.67,0.51,503.83,509.27,,
2020-06-19 00:00:00,2020,6,5,0,0,0,520.24,34.91,41.37,12.46,0.36,0.31,507.48,509.22,,
2020-06-19 17:00:00,2020,6,5,0,17,0,552.11,24.91,84.01,4.48,0.13,0.12,513.22,509.25,,
2020-06-19 20:00:00,2020,6,5,0,20,0,615.08,22.94,60.04,13.96,0.02,0.02,515.63,510.19,,
2020-06-19 22:00:00,2020,6,5,0,22,0,546.67,24.01,55.28,13.85,0.02,0.02,517.69,510.84,,
2020-06-20 07:00:00,2020,6,6,1,7,1,461.48,26.29,86.92,1.58,0.19,0.17,513.55,512.08,,
2020-06-20 17:00:00,2020,6,6,1,17,1,425.48,15.38,72.79,0.7,0.09,0.09,504.54,512.02,,552.11
2020-06-21 11:00:00,2020,6,7,1,11,1,496.4,15.0,67.12,0.87,0.28,0.25,505.29,513.66,,
2020-06-21 16:00:00,2020,6,7,1,16,1,424.63,28.26,71.25,6.32,0.2,0.18,501.54,512.72,,
2020-06-21 18:00:00,2020,6,7,1,18,1,529.44,27.97,87.28,0.78,0.09,0.09,502.8,512.16,,
2020-06-21 22:00:00,2020,6,7,1,22,1,525.17,35.32,50.15,2.15,0.94,0.66,490.56,511.63,,
2020-06-21 23:00:00,2020,6,7,1,23,1,484.95,27.16,35.29,5.62,0.14,0.13,488.67,511.79,525.17,
2020-06-22 06:00:00,2020,6,1,0,6,0,586.69,31.22,73.81,8.36,0.04,0.04,495.29,511.85,,
2020-06-22 07:00:00,2020,6,1,0,7,0,563.87,33.96,82.83,6.36,0.09,0.09,500.08,512.25,586.69,
2020-06-22 09:00:00,2020,6,1,0,9,0,459.9,27.37,46.39,8.0,0.01,0.01,493.58,511.28,,
2020-06-22 16:00:00,2020,6,1,0,16,0,465.33,15.0,59.11,9.54,0.08,0.08,494.0,511.0,,424.63
2020-06-22 21:00:00,2020,6,1,0,21,0,389.64,25.78,69.81,10.75,0.05,0.05,497.3,511.03,,
2020-06-23 00:00:00,2020,6,2,0,0,0,587.82,23.82,81.75,4.64,0.81,0.59,498.39,510.51,,
2020-06-23 05:00:00,2020,6,2,0,5,0,515.02,24.18,35.58,11.89,0.46,0.38,500.05,511.21,,
2020-06-23 08:00:00,2020,6,2,0,8,0,590.75,27.6,67.68,10.0,0.01,0.01,505.6,512.48,,
2020-06-23 11:00:00,2020,6,2,0,11,0,517.74,19.15,59.17,2.15,0.51,0.41,510.73,512.5,,
2020-06-23 22:00:00,2020,6,2,0,22,0,449.83,21.76,58.59,6.13,0.42,0.35,505.27,511.92,,
2020-06-24 00:00:00,2020,6,3,0,0,0,480.97,20.6,38.37,14.23,0.43,0.36,506.39,512.4,,587.82
2020-06-24 02:00:00,2020,6,3,0,2,0,511.75,21.29,88.3,0.76,0.02,0.02,507.9,512.81,,
2020-06-24 06:00:00,2020,6,3,0,6,0,528.51,30.99,61.14,5.99,0.21,0.19,508.32,512.8,,
2020-06-24 08:00:00,2020,6,3,0,8,0,549.29,15.28,42.84,10.48,0.94,0.66,504.53,513.02,,590.75
2020-06-24 19:00:00,2020,6,3,0,19,0,416.9,25.94,55.83,6.56,0.19,0.17,504.97,514.71,,
2020-06-24 23:00:00,2020,6,3,0,23,0,484.44,26.1,60.76,14.9,0.07,0.07,514.7,515.56,,
2020-06-25 01:00:00,2020,6,4,0,1,0,465.89,23.31,89.08,4.07,0.06,0.06,511.96,515.42,,
2020-06-25 04:00:00,2020,6,4,0,4,0,564.51,18.25,89.76,4.75,0.01,0.01,507.73,515.55,,
2020-06-25 06:00:00,2020,6,4,0,6,0,490.21,16.66,89.36,14.92,0.17,0.16,511.19,515.71,,528.51
2020-06-25 13:00:00,2020,6,4,0,13,0,521.71,17.48,38.88,1.18,0.03,0.03,505.23,514.69,,
2020-06-25 14:00:00,2020,6,4,0,14,0,586.22,26.06,85.72,13.92,0.15,0.14,507.19,515.12,521.71,
2020-06-25 22:00:00,2020,6,4,0,22,0,483.23,25.66,42.67,13.6,0.4,0.34,495.7,514.14,,
2020-06-26 04:00:00,2020,6,5,0,4,0,460.69,23.74,39.2,7.03,0.16,0.15,499.58,514.6,,564.51
2020-06-26 07:00:00,2020,6,5,0,7,0,474.86,21.69,52.91,10.08,0.11,0.1,500.71,514.44,,
2020-06-26 11:00:00,2020,6,5,0,11,0,534.41,24.51,51.8,7.44,0.43,0.36,499.12,513.51,,
2020-06-26 17:00:00,2020,6,5,0,17,0,437.0,18.48,87.2,6.91,0.16,0.15,489.73,512.7,,
2020-06-26 21:00:00,2020,6,5,0,21,0,526.41,18.81,83.79,11.32,0.35,0.3,495.85,511.35,,
2020-06-27 04:00:00,2020,6,6,1,4,1,477.06,22.08,74.9,10.12,0.0,0.0,491.8,510.91,,460.69
2020-06-27 07:00:00,2020,6,6,1,7,1,500.85,27.79,67.19,10.27,0.05,0.05,490.02,511.01,,474.86
2020-06-28 06:00:00,2020,6,7,1,6,1,476.12,21.8,75.72,1.58,0.07,0.07,497.73,509.89,,
2020-06-28 08:00:00,2020,6,7,1,8,1,564.97,36.16,75.01,9.24,0.04,0.04,501.52,510.71,,
2020-06-28 12:00:00,2020,6,7,1,12,1,446.93,28.41,60.93,1.33,0.15,0.14,501.38,510.52,,
2020-06-28 19:00:00,2020,6,7,1,19,1,458.9,37.18,82.4,1.69,0.1,0.1,503.6,510.59,,
2020-06-29 01:00:00,2020,6,1,0,1,0,402.29,15.02,79.15,2.81,0.03,0.03,501.86,511.15,,
2020-06-29 02:00:00,2020,6,1,0,2,0,447.13,22.8,66.86,1.78,0.28,0.25,499.91,510.55,402.29,
2020-06-29 04:00:00,2020,6,1,0,4,0,507.36,29.78,36.74,14.8,0.05,0.05,494.9,510.42,,
2020-06-29 08:00:00,2020,6,1,0,8,0,511.89,25.02,70.73,1.89,0.05,0.05,497.5,510.82,,564.97
2020-06-29 10:00:00,2020,6,1,0,10,0,504.34,36.72,63.15,1.45,0.02,0.02,495.03,510.86,,
2020-06-29 11:00:00,2020,6,1,0,11,0,556.29,21.54,40.66,14.62,0.24,0.22,499.32,511.6,504.34,
2020-06-29 20:00:00,2020,6,1,0,20,0,537.24,27.68,58.3,1.86,0.48,0.39,505.27,511.17,,
2020-06-30 03:00:00,2020,6,2,0,3,0,487.6,20.76,47.54,10.82,0.02,0.02,510.8,512.23,,
2020-06-30 13:00:00,2020,6,2,0,13,0,532.9,29.48,55.57,9.12,0.03,0.03,506.37,511.58,,
2020-06-30 15:00:00,2020,6,2,0,15,0,466.99,23.35,45.79,10.28,0.01,0.01,502.54,510.58,,
2020-06-30 18:00:00,2020,6,2,0,18,0,543.43,15.0,70.16,2.01,0.17,0.16,508.79,511.26,,
2020-06-30 20:00:00,2020,6,2,0,20,0,546.2,28.49,34.67,14.58,0.32,0.28,510.95,511.68,,537.24
2020-07-01 00:00:00,2020,7,3,0,0,0,525.85,20.91,56.78,1.61,0.01,0.01,518.5,513.08,,
2020-07-01 07:00:00,2020,7,3,0,7,0,454.4,27.28,73.93,11.47,0.2,0.18,510.27,511.59,,
2020-07-01 10:00:00,2020,7,3,0,10,0,578.11,27.75,50.46,8.13,0.09,0.09,513.91,511.67,,
2020-07-01 17:00:00,2020,7,3,0,17,0,494.69,22.14,48.86,4.43,0.13,0.12,505.47,510.72,,
2020-07-01 20:00:00,2020,7,3,0,20,0,523.73,21.45,63.11,11.13,0.71,0.54,507.46,511.72,,546.2
2020-07-02 02:00:00,2020,7,4,0,2,0,463.22,18.51,60.67,1.21,0.15,0.14,504.78,512.49,,
2020-07-02 08:00:00,2020,7,4,0,8,0,519.45,26.33,69.89,6.54,0.02,0.02,518.48,513.26,,
2020-07-02 23:00:00,2020,7,4,0,23,0,549.2,25.25,56.38,13.51,0.1,0.1,521.24,515.33,,
2020-07-03 02:00:00,2020,7,5,0,2,0,519.16,26.37,85.2,9.76,0.24,0.22,518.43,514.9,,463.22
2020-07-03 04:00:00,2020,7,5,0,4,0,523.24,33.46,61.11,10.1,0.31,0.27,516.92,515.2,,
2020-07-03 19:00:00,2020,7,5,0,19,0,438.18,20.76,81.87,7.14,0.21,0.19,502.02,515.37,,
2020-07-03 20:00:00,2020,7,5,0,20,0,531.25,23.31,48.08,0.43,0.03,0.03,501.02,515.27,438.18,
2020-07-04 04:00:00,2020,7,6,1,4,1,550.27,34.8,80.36,2.16,0.02,0.02,489.22,514.82,,523.24
2020-07-04 13:00:00,2020,7,6,1,13,1,515.09,24.34,30.92,9.88,0.12,0.11,489.5,514.89,,
2020-07-04 18:00:00,2020,7,6,1,18,1,484.04,40.0,80.79,3.46,0.07,0.07,487.62,515.03,,
2020-07-04 20:00:00,2020,7,6,1,20,1,513.55,33.78,70.24,7.39,0.22,0.2,488.08,514.97,,531.25
2020-07-04 21:00:00,2020,7,6,1,21,1,501.46,18.8,58.09,4.5,0.05,0.05,490.76,514.8,513.55,
2020-07-04 22:00:00,2020,7,6,1,22,1,474.5,20.11,34.89,7.64,0.02,0.02,491.65,514.51,501.46,
2020-07-05 03:00:00,2020,7,7,1,3,1,538.09,33.23,57.45,11.82,0.06,0.06,508.56,515.73,,
2020-07-05 09:00:00,2020,7,7,1,9,1,450.26,20.13,36.58,12.48,0.1,0.1,512.23,515.76,,
2020-07-05 10:00:00,2020,7,7,1,10,1,485.75,23.09,74.07,11.37,0.03,0.03,514.55,515.8,450.26,
2020-07-05 11:00:00,2020,7,7,1,11,1,555.02,20.67,63.94,11.33,0.3,0.26,518.84,516.41,485.75,
2020-07-06 06:00:00,2020,7,1,0,6,0,476.09,28.39,58.91,12.01,0.3,0.26,494.89,515.89,,
2020-07-06 10:00:00,2020,7,1,0,10,0,426.86,19.42,78.82,9.88,0.01,0.01,488.61,514.86,,485.75
2020-07-06 12:00:00,2020,7,1,0,12,0,463.78,22.06,63.12,9.46,0.08,0.08,488.79,514.35,,
2020-07-06 14:00:00,2020,7,1,0,14,0,419.69,23.56,89.42,12.3,0.04,0.04,490.49,514.19,,
2020-07-06 21:00:00,2020,7,1,0,21,0,493.9,23.86,58.93,14.65,0.04,0.04,485.86,513.06,,
2020-07-07 02:00:00,2020,7,2,0,2,0,573.72,23.33,49.55,11.18,0.23,0.21,493.07,513.22,,
2020-07-07 03:00:00,2020,7,2,0,3,0,507.37,25.8,34.26,5.15,0.21,0.19,490.12,513.34,573.72,
2020-07-07 06:00:00,2020,7,2,0,6,0,528.18,18.32,49.5,14.18,0.02,0.02,493.0,514.22,,476.09
2020-07-07 14:00:00,2020,7,2,0,14,0,466.93,24.89,80.68,5.02,0.16,0.15,501.8,513.48,,419.69
2020-07-07 16:00:00,2020,7,2,0,16,0,508.79,40.0,63.52,14.67,0.24,0.22,505.91,514.04,,
2020-07-07 19:00:00,2020,7,2,0,19,0,512.73,19.07,63.54,6.61,0.02,0.02,505.34,513.28,,
2020-07-08 04:00:00,2020,7,3,0,4,0,469.77,27.86,52.27,11.77,0.15,0.14,499.14,511.53,,
2020-07-08 11:00:00,2020,7,3,0,11,0,393.73,34.36,87.25,4.66,0.2,0.18,498.69,512.74,,
2020-07-08 22:00:00,2020,7,3,0,22,0,581.61,23.59,45.07,1.3,0.03,0.03,496.93,511.6,,
2020-07-09 01:00:00,2020,7,4,0,1,0,531.1,28.28,45.88,6.87,0.06,0.06,504.47,511.18,,
2020-07-09 05:00:00,2020,7,4,0,5,0,389.12,34.17,76.36,14.06,0.16,0.15,500.12,510.73,,
2020-07-09 09:00:00,2020,7,4,0,9,0,487.8,15.0,63.65,11.89,0.11,0.1,492.14,509.72,,
2020-07-09 11:00:00,2020,7,4,0,11,0,499.55,25.39,43.84,14.34,0.35,0.3,496.68,509.75,,393.73
2020-07-09 16:00:00,2020,7,4,0,16,0,534.17,40.0,67.18,11.04,0.09,0.09,504.86,510.74,,
2020-07-10 01:00:00,2020,7,5,0,1,0,419.91,24.51,39.47,10.29,1.09,0.74,496.28,508.29,,531.1
2020-07-10 07:00:00,2020,7,5,0,7,0,518.72,22.07,85.5,6.74,0.77,0.57,505.56,508.17,,
2020-07-10 10:00:00,2020,7,5,0,10,0,461.35,31.52,84.25,1.05,0.03,0.03,503.09,508.41,,
2020-07-10 18:00:00,2020,7,5,0,18,0,534.59,25.81,80.08,2.16,0.1,0.1,491.63,508.46,,
2020-07-10 21:00:00,2020,7,5,0,21,0,531.37,17.69,37.0,14.67,0.71,0.54,496.41,509.07,,
2020-07-10 22:00:00,2020,7,5,0,22,0,507.64,27.64,33.2,8.44,0.1,0.1,495.64,509.4,531.37,
2020-07-11 01:00:00,2020,7,6,1,1,1,474.77,31.92,81.5,4.88,0.28,0.25,502.75,510.15,,419.91
2020-07-11 02:00:00,2020,7,6,1,2,1,531.71,28.29,54.6,8.5,0.08,0.08,503.07,510.35,474.77,
2020-07-11 05:00:00,2020,7,6,1,5,1,434.96,21.91,80.46,2.13,0.05,0.05,502.22,509.56,,
2020-07-11 08:00:00,2020,7,6,1,8,1,523.83,19.78,68.53,1.16,0.02,0.02,499.38,510.08,,
2020-07-11 09:00:00,2020,7,6,1,9,1,545.37,22.91,75.22,13.87,0.29,0.25,502.37,510.45,523.83,
2020-07-11 19:00:00,2020,7,6,1,19,1,464.93,32.03,43.06,8.93,0.15,0.14,496.52,509.81,,
2020-07-12 02:00:00,2020,7,7,1,2,1,517.33,18.58,60.28,11.26,0.09,0.09,485.13,507.44,,531.71
2020-07-12 05:00:00,2020,7,7,1,5,1,563.5,15.0,43.51,8.15,0.29,0.25,487.3,506.23,,434.96
2020-07-12 14:00:00,2020,7,7,1,14,1,431.75,16.4,81.98,9.54,0.39,0.33,498.14,507.75,,
2020-07-12 15:00:00,2020,7,7,1,15,1,597.36,38.04,78.45,1.05,0.56,0.44,499.85,508.23,431.75,
2020-07-12 17:00:00,2020,7,7,1,17,1,446.96,19.01,85.91,14.99,0.07,0.07,499.83,508.37,,
2020-07-12 20:00:00,2020,7,7,1,20,1,507.02,29.95,39.48,5.47,0.14,0.13,492.8,507.0,,
2020-07-12 23:00:00,2020,7,7,1,23,1,482.18,28.37,64.61,12.87,0.05,0.05,498.24,506.68,,
2020-07-13 01:00:00,2020,7,1,0,1,0,529.47,40.0,58.68,9.69,0.23,0.21,495.68,506.69,,
2020-07-13 05:00:00,2020,7,1,0,5,0,484.99,29.06,59.32,8.68,0.01,0.01,492.0,505.84,,563.5
2020-07-13 10:00:00,2020,7,1,0,10,0,475.77,28.87,40.45,14.88,0.7,0.53,485.2,507.09,,
2020-07-13 17:00:00,2020,7,1,0,17,0,473.46,19.57,81.3,1.62,0.66,0.51,480.05,506.86,,446.96
2020-07-13 21:00:00,2020,7,1,0,21,0,499.87,34.76,46.13,4.09,0.52,0.42,486.01,507.2,,
2020-07-14 04:00:00,2020,7,2,0,4,0,457.91,31.15,89.21,8.96,0.79,0.58,490.01,505.85,,
2020-07-14 06:00:00,2020,7,2,0,6,0,536.7,30.35,84.82,1.3,0.19,0.17,492.15,505.74,,
2020-07-14 15:00:00,2020,7,2,0,15,0,565.94,23.44,63.65,6.76,0.41,0.34,496.19,505.46,,
2020-07-14 20:00:00,2020,7,2,0,20,0,406.06,24.76,43.91,10.81,0.75,0.56,495.87,504.97,,
2020-07-15 01:00:00,2020,7,3,0,1,0,512.28,30.45,62.74,8.67,0.18,0.17,510.66,507.45,,
2020-07-15 06:00:00,2020,7,3,0,6,0,464.91,27.81,37.57,7.1,0.16,0.15,505.12,506.82,,536.7
2020-07-15 10:00:00,2020,7,3,0,10,0,500.69,28.54,74.47,12.92,0.37,0.31,502.53,505.53,,
2020-07-15 14:00:00,2020,7,3,0,14,0,489.3,28.2,83.16,6.29,0.0,0.0,500.95,505.67,,
2020-07-15 15:00:00,2020,7,3,0,15,0,445.19,23.67,55.62,11.68,0.05,0.05,495.92,505.51,489.3,565.94
2020-07-15 19:00:00,2020,7,3,0,19,0,458.88,18.48,77.5,1.0,0.05,0.05,485.7,504.32,,
2020-07-15 21:00:00,2020,7,3,0,21,0,429.34,26.43,38.42,10.28,0.36,0.31,487.48,503.98,,
2020-07-15 23:00:00,2020,7,3,0,23,0,560.22,31.15,41.62,10.53,0.08,0.08,486.15,504.48,,
2020-07-16 01:00:00,2020,7,4,0,1,0,460.64,21.68,83.53,8.95,0.4,0.34,480.64,503.98,,512.28
2020-07-16 07:00:00,2020,7,4,0,7,0,504.72,15.0,30.03,4.25,0.36,0.31,478.89,503.95,,
2020-07-16 13:00:00,2020,7,4,0,13,0,441.92,15.0,70.92,9.11,0.31,0.27,479.64,502.89,,
2020-07-16 22:00:00,2020,7,4,0,22,0,437.64,22.99,77.2,1.29,0.58,0.46,473.17,500.17,,
2020-07-16 23:00:00,2020,7,4,0,23,0,491.59,26.6,39.02,3.87,0.0,0.0,473.17,500.17,437.64,560.22
2020-07-17 07:00:00,2020,7,5,0,7,0,488.67,16.32,82.05,6.8,0.34,0.29,474.82,500.17,,504.72
2020-07-17 12:00:00,2020,7,5,0,12,0,449.66,15.3,76.94,6.9,0.08,0.08,474.84,500.17,,
2020-07-17 19:00:00,2020,7,5,0,19,0,459.44,25.94,60.97,13.32,0.07,0.07,489.92,500.17,,
2020-07-17 22:00:00,2020,7,5,0,22,0,494.05,22.77,70.46,4.67,0.02,0.02,492.74,500.17,,437.64
2020-07-17 23:00:00,2020,7,5,0,23,0,389.47,21.55,46.96,5.23,0.3,0.26,488.49,500.17,494.05,491.59
2020-07-18 10:00:00,2020,7,6,1,10,1,466.56,24.74,69.26,8.25,0.02,0.02,490.54,500.17,,
2020-07-18 21:00:00,2020,7,6,1,21,1,534.54,15.0,62.87,4.81,0.48,0.39,489.24,500.17,,
2020-07-18 23:00:00,2020,7,6,1,23,1,486.97,29.42,59.67,10.78,0.17,0.16,493.66,500.17,,389.47
2020-07-19 03:00:00,2020,7,7,1,3,1,577.74,28.28,50.58,9.07,0.43,0.36,494.92,500.17,,
2020-07-19 08:00:00,2020,7,7,1,8,1,469.28,18.59,49.97,5.03,0.09,0.09,497.75,500.17,,
2020-07-19 10:00:00,2020,7,7,1,10,1,456.31,33.43,86.46,7.14,0.71,0.54,496.32,500.17,,466.56
2020-07-19 16:00:00,2020,7,7,1,16,1,597.01,21.36,42.51,13.1,0.52,0.42,500.23,500.17,,
2020-07-19 21:00:00,2020,7,7,1,21,1,486.98,30.42,56.24,14.44,0.43,0.36,493.77,500.17,,534.54
2020-07-19 22:00:00,2020,7,7,1,22,1,539.15,20.41,42.93,9.63,0.1,0.1,495.29,500.17,486.98,
2020-07-20 02:00:00,2020,7,1,0,2,0,521.78,23.09,74.84,7.47,0.69,0.52,499.37,500.17,,
2020-07-20 04:00:00,2020,7,1,0,4,0,508.23,39.08,87.27,10.25,0.21,0.19,495.54,500.22,,
2020-07-20 05:00:00,2020,7,1,0,5,0,523.7,27.85,89.43,2.29,0.04,0.04,492.3,500.45,508.23,
2020-07-20 07:00:00,2020,7,1,0,7,0,507.88,15.0,34.01,4.51,0.09,0.09,491.38,500.17,,
2020-07-20 14:00:00,2020,7,1,0,14,0,383.28,30.27,45.72,0.15,0.04,0.04,494.44,500.32,,
2020-07-20 18:00:00,2020,7,1,0,18,0,449.64,30.97,48.24,11.88,0.14,0.13,492.74,500.38,,
2020-07-20 19:00:00,2020,7,1,0,19,0,452.54,23.6,68.29,10.0,0.04,0.04,494.15,500.21,449.64,
2020-07-20 20:00:00,2020,7,1,0,20,0,466.0,28.61,46.15,3.01,0.47,0.39,492.61,500.17,452.54,
2020-07-20 21:00:00,2020,7,1,0,21,0,443.64,28.73,67.13,3.31,0.58,0.46,490.81,500.17,466.0,486.98
2020-07-21 02:00:00,2020,7,2,0,2,0,527.79,20.14,42.69,5.81,0.29,0.25,484.52,500.17,,521.78
2020-07-21 05:00:00,2020,7,2,0,5,0,524.72,28.31,58.76,3.86,0.08,0.08,481.89,500.17,,523.7
2020-07-21 09:00:00,2020,7,2,0,9,0,465.63,20.43,79.88,2.07,0.01,0.01,479.81,500.17,,
2020-07-21 11:00:00,2020,7,2,0,11,0,533.72,24.15,42.85,12.84,0.26,0.23,483.26,500.17,,
2020-07-21 16:00:00,2020,7,2,0,16,0,448.08,28.42,39.68,6.49,0.04,0.04,480.19,500.17,,
2020-07-21 17:00:00,2020,7,2,0,17,0,445.94,22.93,69.86,6.47,0.74,0.55,479.41,500.17,448.08,
2020-07-21 22:00:00,2020,7,2,0,22,0,483.35,30.5,40.27,0.23,0.1,0.1,484.4,500.17,,
2020-07-22 19:00:00,2020,7,3,0,19,0,503.8,25.07,34.77,14.69,0.24,0.22,491.28,500.17,,
2020-07-23 01:00:00,2020,7,4,0,1,0,518.83,21.55,39.83,2.98,0.21,0.19,498.18,500.17,,
2020-07-24 11:00:00,2020,7,5,0,11,0,571.6,25.9,77.56,8.82,0.37,0.31,500.91,503.0,,
2020-07-24 14:00:00,2020,7,5,0,14,0,424.41,15.0,30.85,6.85,0.84,0.61,496.12,502.44,,
2020-07-24 16:00:00,2020,7,5,0,16,0,488.83,32.42,78.49,0.12,0.33,0.29,501.83,502.88,,
2020-07-25 02:00:00,2020,7,6,1,2,1,479.36,25.38,70.97,11.43,0.14,0.13,502.84,504.36,,
2020-07-25 06:00:00,2020,7,6,1,6,1,383.28,27.03,33.26,10.11,0.15,0.14,493.48,502.93,,
2020-07-25 07:00:00,2020,7,6,1,7,1,495.1,28.85,43.49,0.95,0.01,0.01,492.92,502.61,377.63,
2020-07-25 12:00:00,2020,7,6,1,12,1,499.61,27.45,73.16,2.42,0.2,0.18,491.88,503.46,,
2020-07-25 14:00:00,2020,7,6,1,14,1,507.17,16.42,65.89,5.27,0.18,0.17,494.73,503.01,,424.41
2020-07-25 15:00:00,2020,7,6,1,15,1,406.91,30.27,54.39,12.0,0.15,0.14,486.26,502.28,507.17,
2020-07-26 04:00:00,2020,7,7,1,4,1,589.89,22.12,33.07,1.75,0.35,0.3,485.54,502.4,,
2020-07-26 12:00:00,2020,7,7,1,12,1,513.07,23.2,64.67,9.21,0.15,0.14,482.79,501.46,,499.61
2020-07-26 18:00:00,2020,7,7,1,18,1,484.19,17.64,69.4,12.49,0.62,0.48,495.11,502.38,,
2020-07-26 20:00:00,2020,7,7,1,20,1,404.72,19.54,67.96,10.62,0.02,0.02,488.93,502.19,,
2020-07-27 12:00:00,2020,7,1,0,12,0,485.16,27.51,72.47,2.43,0.12,0.11,511.23,503.21,,513.07
2020-07-27 16:00:00,2020,7,1,0,16,0,540.13,22.32,40.43,7.74,0.03,0.03,512.53,504.45,,
2020-07-27 20:00:00,2020,7,1,0,20,0,444.85,16.23,89.28,6.63,0.2,0.18,511.2,504.9,,404.72
2020-07-28 22:00:00,2020,7,2,0,22,0,526.41,24.11,55.35,13.96,0.11,0.1,505.91,509.39,,
2020-07-29 10:00:00,2020,7,3,0,10,0,570.24,32.5,45.24,2.3,0.1,0.1,509.45,511.52,,
2020-07-29 11:00:00,2020,7,3,0,11,0,547.26,29.63,35.63,5.71,0.4,0.34,510.73,512.33,570.24,
2020-07-29 17:00:00,2020,7,3,0,17,0,487.3,25.19,71.32,13.88,0.06,0.06,513.17,512.15,,
2020-07-29 23:00:00,2020,7,3,0,23,0,516.1,20.72,77.78,3.01,0.01,0.01,514.39,512.8,,
2020-07-30 01:00:00,2020,7,4,0,1,0,553.21,29.89,60.34,5.08,0.02,0.02,516.04,512.77,,
2020-07-30 06:00:00,2020,7,4,0,6,0,494.31,38.37,62.57,2.15,0.03,0.03,522.45,512.05,,
2020-07-30 07:00:00,2020,7,4,0,7,0,503.58,22.09,67.77,5.12,0.25,0.22,516.89,512.09,494.31,
2020-07-30 10:00:00,2020,7,4,0,10,0,578.02,23.14,42.72,8.24,0.36,0.31,522.28,514.44,,570.24
2020-07-30 12:00:00,2020,7,4,0,12,0,529.46,22.49,40.41,11.12,0.58,0.46,523.78,514.45,,
2020-07-30 14:00:00,2020,7,4,0,14,0,514.76,32.44,34.06,10.21,0.06,0.06,525.39,514.91,,
2020-07-30 15:00:00,2020,7,4,0,15,0,454.35,20.92,34.44,12.65,0.31,0.27,519.35,514.32,514.76,
2020-07-30 21:00:00,2020,7,4,0,21,0,495.81,23.0,41.14,7.55,0.13,0.12,518.52,514.97,,
2020-07-31 00:00:00,2020,7,5,0,0,0,461.21,40.0,51.85,1.7,0.1,0.1,513.03,513.56,,
2020-07-31 05:00:00,2020,7,5,0,5,0,500.97,19.29,83.66,6.41,0.12,0.11,507.48,513.53,,
2020-07-31 14:00:00,2020,7,5,0,14,0,438.53,24.36,71.35,10.73,0.29,0.25,492.56,514.39,,514.76
2020-07-31 16:00:00,2020,7,5,0,16,0,448.5,21.92,84.35,12.05,0.49,0.4,491.1,513.41,,
2020-07-31 22:00:00,2020,7,5,0,22,0,510.75,22.5,46.81,13.26,0.06,0.06,487.77,512.31,,
2020-08-01 01:00:00,2020,8,6,1,1,1,480.9,23.57,82.77,8.97,0.01,0.01,487.09,511.61,,
2020-08-01 04:00:00,2020,8,6,1,4,1,472.77,28.52,72.81,8.72,0.25,0.22,489.51,512.27,,
2020-08-01 05:00:00,2020,8,6,1,5,1,530.71,25.39,75.27,7.27,0.14,0.13,490.75,512.6,472.77,500.97
2020-08-01 10:00:00,2020,8,6,1,10,1,490.62,27.99,60.35,4.47,0.13,0.12,493.89,513.38,,
2020-08-01 20:00:00,2020,8,6,1,20,1,481.28,15.73,36.32,2.58,0.16,0.15,490.95,512.71,,
2020-08-01 21:00:00,2020,8,6,1,21,1,476.75,20.8,49.78,7.47,0.22,0.2,489.83,512.88,481.28,
2020-08-02 01:00:00,2020,8,7,1,1,1,525.19,15.0,46.44,7.04,0.19,0.17,490.65,513.06,,480.9
2020-08-02 09:00:00,2020,8,7,1,9,1,580.82,33.16,80.87,13.66,0.1,0.1,483.36,513.9,,
2020-08-02 11:00:00,2020,8,7,1,11,1,526.52,20.4,33.68,3.51,0.01,0.01,483.23,513.45,,
2020-08-02 18:00:00,2020,8,7,1,18,1,469.17,21.02,32.68,14.21,0.28,0.25,474.16,510.23,,
2020-08-02 19:00:00,2020,8,7,1,19,1,532.21,40.0,51.17,8.15,0.42,0.35,477.0,510.51,469.17,
2020-08-02 22:00:00,2020,8,7,1,22,1,449.28,15.0,72.34,2.85,0.0,0.0,479.75,510.53,,
2020-08-03 03:00:00,2020,8,1,0,3,0,503.73,24.08,72.77,5.93,0.35,0.3,474.17,508.94,,
2020-08-03 10:00:00,2020,8,1,0,10,0,513.29,22.16,86.98,2.66,0.33,0.29,477.13,507.94,,
2020-08-04 03:00:00,2020,8,2,0,3,0,531.53,19.64,58.2,7.58,0.37,0.31,510.61,508.23,,503.73
2020-08-04 07:00:00,2020,8,2,0,7,0,449.46,35.57,83.61,5.7,0.03,0.03,504.68,507.42,,
2020-08-04 08:00:00,2020,8,2,0,8,0,535.41,22.8,51.7,7.85,0.22,0.2,508.93,507.57,449.46,
2020-08-04 11:00:00,2020,8,2,0,11,0,540.85,32.61,89.74,4.62,0.01,0.01,509.48,507.96,,
2020-08-04 14:00:00,2020,8,2,0,14,0,463.88,15.0,60.48,9.25,0.53,0.43,507.95,508.31,,
2020-08-04 15:00:00,2020,8,2,0,15,0,522.05,22.25,71.82,9.86,0.0,0.0,503.88,508.65,463.88,
2020-08-04 18:00:00,2020,8,2,0,18,0,543.27,36.39,41.67,7.44,0.15,0.14,509.99,509.41,,
2020-08-05 02:00:00,2020,8,3,0,2,0,570.05,24.81,88.53,6.44,0.14,0.13,498.28,507.91,,
2020-08-05 04:00:00,2020,8,3,0,4,0,538.73,29.82,66.67,3.43,0.6,0.47,496.18,507.47,,
2020-08-05 06:00:00,2020,8,3,0,6,0,490.53,21.0,43.48,10.05,0.21,0.19,501.23,508.08,,
2020-08-05 16:00:00,2020,8,3,0,16,0,473.11,26.87,87.92,7.79,0.19,0.17,493.33,505.83,,
2020-08-05 19:00:00,2020,8,3,0,19,0,431.56,31.59,39.49,13.73,0.28,0.25,491.98,505.77,,
2020-08-05 22:00:00,2020,8,3,0,22,0,483.78,22.47,62.75,13.32,0.31,0.27,494.85,505.17,,
2020-08-06 01:00:00,2020,8,4,0,1,0,537.73,19.54,63.43,7.92,0.18,0.17,502.8,505.65,,
2020-08-06 04:00:00,2020,8,4,0,4,0,407.73,20.5,61.42,10.38,0.43,0.36,495.95,504.58,,538.73
2020-08-06 09:00:00,2020,8,4,0,9,0,449.03,34.29,58.42,14.78,0.04,0.04,491.29,502.6,,
2020-08-06 19:00:00,2020,8,4,0,19,0,513.15,24.77,33.96,9.4,0.06,0.06,490.33,501.54,,431.56
2020-08-07 00:00:00,2020,8,5,0,0,0,450.19,25.61,79.89,3.33,0.06,0.06,488.56,502.18,,
2020-08-07 01:00:00,2020,8,5,0,1,0,513.24,25.42,31.54,14.25,0.16,0.15,487.54,501.94,450.19,537.73
2020-08-07 06:00:00,2020,8,5,0,6,0,556.93,19.93,87.89,13.14,0.01,0.01,504.14,504.34,,
2020-08-07 07:00:00,2020,8,5,0,7,0,383.28,34.92,69.58,3.64,0.07,0.07,502.04,503.27,556.93,
2020-08-07 10:00:00,2020,8,5,0,10,0,487.95,39.17,32.36,10.61,0.43,0.36,504.85,503.51,,
2020-08-07 16:00:00,2020,8,5,0,16,0,445.65,29.68,44.44,3.17,0.11,0.1,511.39,503.86,,
2020-08-07 19:00:00,2020,8,5,0,19,0,596.11,34.35,80.08,14.17,0.04,0.04,518.99,505.73,,513.15
2020-08-07 22:00:00,2020,8,5,0,22,0,532.27,20.68,41.75,13.39,0.01,0.01,517.84,505.93,,
2020-08-08 02:00:00,2020,8,6,1,2,1,419.12,22.9,42.35,0.69,0.18,0.17,510.41,505.33,,
2020-08-08 03:00:00,2020,8,6,1,3,1,459.36,29.31,35.43,1.85,0.08,0.08,505.49,504.85,419.12,
2020-08-08 07:00:00,2020,8,6,1,7,1,590.64,40.0,60.71,6.53,0.12,0.11,512.98,505.92,,366.49
2020-08-08 09:00:00,2020,8,6,1,9,1,495.43,15.0,60.3,0.75,0.05,0.05,510.25,505.91,,
2020-08-08 15:00:00,2020,8,6,1,15,1,452.7,32.76,43.38,3.49,0.13,0.12,498.29,506.27,,
2020-08-08 19:00:00,2020,8,6,1,19,1,447.12,19.78,81.22,13.0,0.37,0.31,493.02,506.15,,596.11
2020-08-08 23:00:00,2020,8,6,1,23,1,537.3,28.01,64.28,14.46,0.06,0.06,501.3,508.06,,
2020-08-09 00:00:00,2020,8,7,1,0,1,389.09,25.1,77.35,7.45,0.22,0.2,496.66,507.09,537.3,
2020-08-09 01:00:00,2020,8,7,1,1,1,499.42,38.14,84.71,9.87,0.41,0.34,496.8,506.94,389.09,
2020-08-09 06:00:00,2020,8,7,1,6,1,383.28,21.48,49.41,0.75,0.04,0.04,493.19,507.1,,
2020-08-09 20:00:00,2020,8,7,1,20,1,580.32,25.61,66.36,9.51,0.03,0.03,504.22,510.52,,
2020-08-09 21:00:00,2020,8,7,1,21,1,488.73,21.0,72.23,6.33,0.1,0.1,503.3,510.43,580.32,
2020-08-10 07:00:00,2020,8,1,0,7,0,401.85,30.1,65.43,14.11,0.11,0.1,512.77,512.36,,
2020-08-10 10:00:00,2020,8,1,0,10,0,510.65,30.1,84.65,11.99,0.18,0.17,516.89,512.66,,
2020-08-10 11:00:00,2020,8,1,0,11,0,495.62,29.8,33.49,11.82,0.16,0.15,517.97,512.53,510.65,
2020-08-10 14:00:00,2020,8,1,0,14,0,556.48,15.77,31.59,14.87,0.14,0.13,509.63,512.49,,
2020-08-10 17:00:00,2020,8,1,0,17,0,465.12,29.86,68.17,1.18,0.03,0.03,513.65,512.31,,
2020-08-10 20:00:00,2020,8,1,0,20,0,462.23,27.12,65.76,10.74,0.19,0.17,505.81,511.83,,580.32
2020-08-10 23:00:00,2020,8,1,0,23,0,527.58,15.3,73.08,8.92,0.14,0.13,509.65,512.01,,
2020-08-11 00:00:00,2020,8,2,0,0,0,524.35,20.03,57.86,14.17,0.07,0.07,511.35,511.75,527.58,
2020-08-11 05:00:00,2020,8,2,0,5,0,470.63,22.88,77.43,5.51,0.88,0.63,509.41,512.52,,
2020-08-11 06:00:00,2020,8,2,0,6,0,447.1,24.13,56.16,10.7,0.27,0.24,505.55,512.78,470.63,
2020-08-11 07:00:00,2020,8,2,0,7,0,472.8,19.95,51.57,2.24,0.22,0.2,508.51,512.92,447.1,401.85
2020-08-11 10:00:00,2020,8,2,0,10,0,606.32,21.26,62.88,7.29,0.43,0.36,516.6,513.84,,510.65
2020-08-11 20:00:00,2020,8,2,0,20,0,478.31,20.46,81.71,12.91,0.03,0.03,516.62,513.63,,462.23
2020-08-11 23:00:00,2020,8,2,0,23,0,556.29,26.17,67.73,10.0,0.15,0.14,514.28,514.05,,527.58
2020-08-12 05:00:00,2020,8,3,0,5,0,537.92,16.12,35.83,3.7,0.18,0.17,510.4,514.38,,470.63
2020-08-12 17:00:00,2020,8,3,0,17,0,383.28,26.03,35.19,3.3,0.67,0.51,506.87,514.57,,
2020-08-12 21:00:00,2020,8,3,0,21,0,496.91,27.79,39.12,11.85,0.12,0.11,505.7,515.36,,
2020-08-12 23:00:00,2020,8,3,0,23,0,488.43,28.52,36.1,9.58,0.19,0.17,504.12,514.73,,556.29
2020-08-13 04:00:00,2020,8,4,0,4,0,472.16,24.16,44.59,5.08,0.05,0.05,497.68,514.43,,
2020-08-13 06:00:00,2020,8,4,0,6,0,537.99,25.01,89.75,10.92,0.17,0.16,497.71,514.48,,
2020-08-13 09:00:00,2020,8,4,0,9,0,525.31,16.91,53.03,12.63,0.25,0.22,502.71,515.08,,
2020-08-13 18:00:00,2020,8,4,0,18,0,485.97,28.95,50.81,13.74,0.25,0.22,490.32,514.99,,
2020-08-14 02:00:00,2020,8,5,0,2,0,493.41,29.09,34.6,4.82,0.29,0.25,495.01,514.74,,
2020-08-14 06:00:00,2020,8,5,0,6,0,492.72,27.14,53.42,1.78,0.15,0.14,495.16,513.17,,537.99
2020-08-14 12:00:00,2020,8,5,0,12,0,478.11,21.62,56.81,10.59,0.11,0.1,488.22,512.99,,
2020-08-14 13:00:00,2020,8,5,0,13,0,464.1,23.3,86.9,5.25,0.16,0.15,487.99,512.71,478.11,
2020-08-15 01:00:00,2020,8,6,1,1,1,524.93,15.5,82.61,3.07,0.55,0.44,487.96,511.02,,
2020-08-15 10:00:00,2020,8,6,1,10,1,561.94,27.25,71.79,5.11,0.01,0.01,505.16,511.82,,
2020-08-15 11:00:00,2020,8,6,1,11,1,425.12,26.24,81.74,7.2,0.29,0.25,500.15,511.48,561.94,
2020-08-16 00:00:00,2020,8,7,1,0,1,475.66,40.0,39.88,4.86,0.21,0.19,505.09,512.08,,
2020-08-16 04:00:00,2020,8,7,1,4,1,517.78,31.78,47.5,11.51,0.16,0.15,503.87,512.73,,
2020-08-16 08:00:00,2020,8,7,1,8,1,609.94,18.65,64.69,4.07,0.36,0.31,507.66,514.83,,
2020-08-16 09:00:00,2020,8,7,1,9,1,517.17,35.7,75.86,7.59,0.14,0.13,508.65,514.91,609.94,
2020-08-16 14:00:00,2020,8,7,1,14,1,499.86,15.0,43.7,1.34,0.47,0.39,510.57,513.4,,
2020-08-16 21:00:00,2020,8,7,1,21,1,582.75,25.03,49.04,11.23,0.17,0.16,514.46,513.23,,
2020-08-16 22:00:00,2020,8,7,1,22,1,457.62,35.99,78.51,6.76,0.08,0.08,511.79,513.16,582.75,
2020-08-16 23:00:00,2020,8,7,1,23,1,430.15,22.01,63.69,5.52,0.25,0.22,506.92,512.7,457.62,
2020-08-17 02:00:00,2020,8,1,0,2,0,558.55,27.35,65.44,4.69,0.01,0.01,505.92,512.66,,
2020-08-17 08:00:00,2020,8,1,0,8,0,476.83,23.6,61.68,11.82,0.51,0.41,493.38,511.56,,609.94
2020-08-17 10:00:00,2020,8,1,0,10,0,438.48,22.47,49.59,14.61,0.1,0.1,487.83,510.71,,
2020-08-17 12:00:00,2020,8,1,0,12,0,444.63,23.73,32.47,8.57,0.05,0.05,482.6,510.39,,
2020-08-17 13:00:00,2020,8,1,0,13,0,505.2,16.35,88.12,0.95,0.1,0.1,488.06,510.6,444.63,
2020-08-17 14:00:00,2020,8,1,0,14,0,602.15,24.26,35.52,9.43,0.15,0.14,492.32,510.88,505.2,499.86
2020-08-17 18:00:00,2020,8,1,0,18,0,438.71,31.17,82.38,9.71,0.06,0.06,488.42,510.0,,
2020-08-17 20:00:00,2020,8,1,0,20,0,570.18,16.86,73.16,0.99,0.03,0.03,495.19,511.11,,
2020-08-17 21:00:00,2020,8,1,0,21,0,491.79,15.0,55.4,2.47,0.18,0.17,491.4,511.08,570.18,582.75
2020-08-18 01:00:00,2020,8,2,0,1,0,519.18,38.73,41.83,9.68,0.41,0.34,493.52,510.17,,
2020-08-18 06:00:00,2020,8,2,0,6,0,474.61,23.83,41.93,14.64,0.12,0.11,498.72,510.1,,
2020-08-18 08:00:00,2020,8,2,0,8,0,505.81,31.32,70.3,10.63,0.13,0.12,497.14,509.38,,476.83
2020-08-18 16:00:00,2020,8,2,0,16,0,554.0,16.01,72.69,6.1,0.12,0.11,501.58,509.31,,
2020-08-18 19:00:00,2020,8,2,0,19,0,462.41,25.14,72.79,11.19,0.1,0.1,494.84,507.38,,
2020-08-18 20:00:00,2020,8,2,0,20,0,498.07,23.22,80.24,9.39,0.09,0.09,491.84,507.5,462.41,570.18
2020-08-18 22:00:00,2020,8,2,0,22,0,411.6,23.62,80.28,12.55,0.09,0.09,488.94,507.1,,
2020-08-18 23:00:00,2020,8,2,0,23,0,447.24,15.0,69.26,5.04,0.37,0.31,487.63,506.44,411.6,
2020-08-19 09:00:00,2020,8,3,0,9,0,512.69,28.0,64.87,5.42,0.37,0.31,491.51,507.31,,
2020-08-19 11:00:00,2020,8,3,0,11,0,520.69,22.94,45.54,6.47,1.14,0.76,487.46,506.17,,
2020-08-19 16:00:00,2020,8,3,0,16,0,528.91,18.92,77.88,14.67,0.15,0.14,481.2,504.68,,554.0
2020-08-19 21:00:00,2020,8,3,0,21,0,477.47,28.98,40.51,8.0,0.06,0.06,488.9,504.95,,
2020-08-20 02:00:00,2020,8,4,0,2,0,468.35,28.5,80.19,6.29,0.09,0.09,489.62,505.65,,
2020-08-20 08:00:00,2020,8,4,0,8,0,501.62,18.63,70.26,9.84,0.14,0.13,491.17,505.7,,
2020-08-20 13:00:00,2020,8,4,0,13,0,441.66,26.6,63.58,6.49,0.15,0.14,496.58,505.34,,
2020-08-20 17:00:00,2020,8,4,0,17,0,454.32,21.15,82.16,7.27,0.2,0.18,496.73,506.53,,
2020-08-20 21:00:00,2020,8,4,0,21,0,555.13,27.41,85.08,1.36,0.23,0.21,498.23,507.21,,477.47
2020-08-20 23:00:00,2020,8,4,0,23,0,599.01,24.94,56.87,10.89,0.03,0.03,502.8,507.61,,
2020-08-21 02:00:00,2020,8,5,0,2,0,502.56,27.6,37.35,9.78,0.15,0.14,503.88,506.94,,468.35
2020-08-21 03:00:00,2020,8,5,0,3,0,492.47,34.17,42.6,12.76,0.28,0.25,501.6,506.9,502.56,
2020-08-21 08:00:00,2020,8,5,0,8,0,429.57,19.49,54.45,1.92,0.56,0.44,500.11,506.45,,501.62
2020-08-21 13:00:00,2020,8,5,0,13,0,397.34,25.16,53.21,9.99,0.37,0.31,492.45,505.99,,441.66
2020-08-22 01:00:00,2020,8,6,1,1,1,388.73,23.1,82.33,13.32,0.35,0.3,483.85,506.29,,
2020-08-22 13:00:00,2020,8,6,1,13,1,568.88,25.79,62.45,3.37,0.17,0.16,500.59,505.93,,397.34
2020-08-23 06:00:00,2020,8,7,1,6,1,525.99,25.9,47.92,14.19,0.11,0.1,508.79,506.36,,
2020-08-23 20:00:00,2020,8,7,1,20,1,478.39,28.18,61.87,2.15,0.04,0.04,510.96,505.43,,
2020-08-23 22:00:00,2020,8,7,1,22,1,424.03,30.04,85.56,8.12,0.05,0.05,505.27,504.76,,
2020-08-24 02:00:00,2020,8,1,0,2,0,562.29,29.03,31.76,8.06,0.09,0.09,502.84,504.79,,
2020-08-24 03:00:00,2020,8,1,0,3,0,548.72,25.49,72.98,0.74,0.03,0.03,502.49,505.46,562.29,
2020-08-24 16:00:00,2020,8,1,0,16,0,462.59,23.91,35.25,5.72,0.08,0.08,498.68,506.84,,
2020-08-24 17:00:00,2020,8,1,0,17,0,493.65,26.48,85.3,5.94,0.05,0.05,499.28,506.68,462.59,
2020-08-24 19:00:00,2020,8,1,0,19,0,383.28,22.54,38.37,1.78,0.31,0.27,494.32,505.86,,
2020-08-25 00:00:00,2020,8,2,0,0,0,482.04,32.92,46.63,7.72,0.0,0.0,505.28,506.97,,
2020-08-25 01:00:00,2020,8,2,0,1,0,413.89,40.0,62.09,5.53,0.05,0.05,504.26,506.33,482.04,
2020-08-25 06:00:00,2020,8,2,0,6,0,543.27,16.35,52.42,0.89,0.1,0.1,500.55,507.33,,
2020-08-25 07:00:00,2020,8,2,0,7,0,470.67,29.65,40.45,13.16,0.14,0.13,501.31,507.48,543.27,
2020-08-25 09:00:00,2020,8,2,0,9,0,513.25,23.26,36.48,6.03,0.01,0.01,501.58,508.05,,
2020-08-25 14:00:00,2020,8,2,0,14,0,494.96,38.93,71.66,4.33,0.26,0.23,504.29,508.03,,
2020-08-25 20:00:00,2020,8,2,0,20,0,447.29,29.36,46.26,0.79,0.21,0.19,506.15,507.53,,
2020-08-26 10:00:00,2020,8,3,0,10,0,464.55,22.43,67.06,3.79,0.13,0.12,492.54,509.02,,
2020-08-26 18:00:00,2020,8,3,0,18,0,455.81,39.04,66.43,4.46,0.55,0.44,493.22,508.64,,
2020-08-26 19:00:00,2020,8,3,0,19,0,521.89,16.89,38.95,13.76,0.07,0.07,492.49,508.48,455.81,
2020-08-27 04:00:00,2020,8,4,0,4,0,596.43,27.65,80.16,12.5,0.19,0.17,503.51,508.84,,
2020-08-27 12:00:00,2020,8,4,0,12,0,411.72,27.68,39.87,0.78,0.09,0.09,505.62,510.03,,
2020-08-27 14:00:00,2020,8,4,0,14,0,482.19,34.42,51.23,5.0,0.25,0.22,506.98,510.14,,
2020-08-27 15:00:00,2020,8,4,0,15,0,433.86,23.55,50.01,12.47,0.53,0.43,504.88,509.27,482.19,
2020-08-27 16:00:00,2020,8,4,0,16,0,452.31,30.85,73.14,3.57,0.06,0.06,502.09,509.25,433.86,
2020-08-27 20:00:00,2020,8,4,0,20,0,480.66,15.0,81.87,6.21,0.04,0.04,496.34,509.04,,
2020-08-27 22:00:00,2020,8,4,0,22,0,583.8,24.86,62.89,6.49,0.19,0.17,499.53,509.1,,
2020-08-28 05:00:00,2020,8,5,0,5,0,522.65,32.66,30.17,0.3,0.27,0.24,497.17,508.85,,
2020-08-28 12:00:00,2020,8,5,0,12,0,522.02,24.9,38.61,2.18,0.23,0.21,501.2,511.04,,411.72
2020-08-28 13:00:00,2020,8,5,0,13,0,533.81,26.77,55.05,5.82,0.04,0.04,500.98,511.87,522.02,
2020-08-28 14:00:00,2020,8,5,0,14,0,491.6,21.12,51.36,5.3,0.16,0.15,501.37,511.61,533.81,482.19
2020-08-28 17:00:00,2020,8,5,0,17,0,518.26,31.42,89.09,11.25,0.1,0.1,506.55,511.65,,
2020-08-28 18:00:00,2020,8,5,0,18,0,439.82,17.82,84.15,3.57,0.35,0.3,506.71,510.62,518.26,
2020-08-28 22:00:00,2020,8,5,0,22,0,568.29,35.61,76.15,10.01,0.64,0.49,508.05,511.67,,583.8
2020-08-29 01:00:00,2020,8,6,1,1,1,553.96,35.37,53.91,9.2,0.05,0.05,513.49,512.15,,
2020-08-29 03:00:00,2020,8,6,1,3,1,594.96,22.57,76.36,6.56,0.23,0.21,515.03,512.84,,
2020-08-29 06:00:00,2020,8,6,1,6,1,485.98,19.98,55.19,4.46,0.03,0.03,508.76,511.87,,
2020-08-29 07:00:00,2020,8,6,1,7,1,539.46,21.17,82.16,6.24,0.03,0.03,510.18,511.72,485.98,
2020-08-29 09:00:00,2020,8,6,1,9,1,433.49,21.71,72.26,13.2,0.01,0.01,502.6,511.37,,
2020-08-29 12:00:00,2020,8,6,1,12,1,515.33,23.77,60.39,2.42,0.03,0.03,494.07,511.13,,522.02
2020-08-29 13:00:00,2020,8,6,1,13,1,482.97,23.85,38.03,7.94,0.35,0.3,491.95,510.61,515.33,533.81
2020-08-29 15:00:00,2020,8,6,1,15,1,430.81,27.77,79.98,10.97,0.23,0.21,493.5,511.04,,
2020-08-29 22:00:00,2020,8,6,1,22,1,428.75,26.32,84.56,10.91,0.05,0.05,492.68,511.21,,568.29
2020-08-30 15:00:00,2020,8,7,1,15,1,478.75,22.76,60.31,10.54,0.77,0.57,504.97,510.27,,430.81
2020-08-30 18:00:00,2020,8,7,1,18,1,459.4,23.7,72.58,10.14,0.07,0.07,499.04,510.11,,
2020-08-30 21:00:00,2020,8,7,1,21,1,489.51,25.61,31.84,8.6,0.21,0.19,494.51,509.62,,
2020-08-31 05:00:00,2020,8,1,0,5,0,546.28,20.49,75.86,14.41,0.15,0.14,508.84,511.88,,
2020-08-31 11:00:00,2020,8,1,0,11,0,393.25,27.99,84.92,14.01,0.21,0.19,505.18,510.48,,
2020-08-31 12:00:00,2020,8,1,0,12,0,557.61,30.37,83.19,9.64,0.1,0.1,506.76,510.53,393.25,
2020-08-31 14:00:00,2020,8,1,0,14,0,506.33,23.61,41.86,4.28,0.31,0.27,504.6,510.68,,
2020-09-01 13:00:00,2020,9,2,0,13,0,499.27,27.03,74.67,6.06,0.13,0.12,502.28,510.32,,
2020-09-01 16:00:00,2020,9,2,0,16,0,471.09,18.69,33.5,10.12,0.17,0.16,507.01,510.7,,
2020-09-01 18:00:00,2020,9,2,0,18,0,462.41,27.76,52.12,7.25,0.16,0.15,499.89,510.88,,
2020-09-02 03:00:00,2020,9,3,0,3,0,521.57,19.87,74.35,5.93,0.29,0.25,496.05,511.54,,
2020-09-02 06:00:00,2020,9,3,0,6,0,525.58,16.48,74.22,0.31,0.17,0.16,494.08,511.4,,
2020-09-02 07:00:00,2020,9,3,0,7,0,501.17,22.07,62.23,3.21,0.03,0.03,497.26,510.91,525.58,
2020-09-02 09:00:00,2020,9,3,0,9,0,532.9,18.42,67.64,13.05,0.09,0.09,496.45,510.94,,
2020-09-02 17:00:00,2020,9,3,0,17,0,560.84,23.75,38.64,12.46,0.09,0.09,495.65,511.19,,
2020-09-02 22:00:00,2020,9,3,0,22,0,461.77,26.81,62.28,11.58,0.23,0.21,496.25,511.34,,
2020-09-03 02:00:00,2020,9,4,0,2,0,590.73,18.32,50.81,4.37,0.38,0.32,503.9,512.13,,
2020-09-03 07:00:00,2020,9,4,0,7,0,546.84,22.75,41.65,8.46,0.04,0.04,512.36,512.3,,501.17
2020-09-03 09:00:00,2020,9,4,0,9,0,422.07,15.0,78.64,3.74,0.51,0.41,509.32,511.81,,532.9
2020-09-03 18:00:00,2020,9,4,0,18,0,546.77,18.26,63.33,10.64,0.16,0.15,522.24,514.49,,
2020-09-03 21:00:00,2020,9,4,0,21,0,506.5,22.99,42.79,3.02,0.6,0.47,520.66,515.16,,
2020-09-04 01:00:00,2020,9,5,0,1,0,556.9,35.33,60.08,5.74,0.24,0.22,523.44,515.82,,
2020-09-04 04:00:00,2020,9,5,0,4,0,494.43,27.0,65.9,6.65,0.63,0.49,524.84,515.87,,
2020-09-04 06:00:00,2020,9,5,0,6,0,469.81,34.48,35.61,7.39,0.02,0.02,519.46,516.08,,
2020-09-04 10:00:00,2020,9,5,0,10,0,503.36,15.0,50.03,10.19,0.31,0.27,522.04,515.28,,
2020-09-04 15:00:00,2020,9,5,0,15,0,567.84,19.99,85.65,8.06,0.0,0.0,517.93,515.35,,
2020-09-04 20:00:00,2020,9,5,0,20,0,549.95,25.63,51.35,2.81,0.38,0.32,514.1,515.49,,
2020-09-05 01:00:00,2020,9,6,1,1,1,480.4,20.12,64.27,10.13,0.13,0.12,514.39,515.95,,556.9
2020-09-05 21:00:00,2020,9,6,1,21,1,505.83,37.0,45.86,6.62,0.05,0.05,515.03,518.48,,
2020-09-06 07:00:00,2020,9,7,1,7,1,482.58,15.0,30.77,11.46,0.16,0.15,505.05,517.31,,
2020-09-07 00:00:00,2020,9,1,0,0,0,543.65,29.66,39.96,11.42,0.06,0.06,518.05,518.78,,
2020-09-07 01:00:00,2020,9,1,0,1,0,478.09,30.63,31.53,12.84,0.01,0.01,516.79,518.78,543.65,
2020-09-07 14:00:00,2020,9,1,0,14,0,452.58,22.12,68.82,12.09,0.45,0.37,504.56,518.71,,
2020-09-07 22:00:00,2020,9,1,0,22,0,467.94,26.17,56.09,11.32,0.03,0.03,492.45,518.11,,
2020-09-07 23:00:00,2020,9,1,0,23,0,425.27,27.71,57.34,0.46,0.31,0.27,485.79,517.43,467.94,
2020-09-08 12:00:00,2020,9,2,0,12,0,465.12,17.74,41.95,11.01,0.0,0.0,483.35,516.04,,
2020-09-09 00:00:00,2020,9,3,0,0,0,457.32,27.75,32.8,1.85,0.03,0.03,480.76,514.11,,
2020-09-09 05:00:00,2020,9,3,0,5,0,462.97,19.66,58.12,4.98,0.22,0.2,481.42,514.28,,
2020-09-09 10:00:00,2020,9,3,0,10,0,464.01,24.21,74.84,7.15,0.46,0.38,479.11,513.29,,
2020-09-09 19:00:00,2020,9,3,0,19,0,498.01,21.24,89.05,13.97,0.27,0.24,497.93,515.46,,
2020-09-09 20:00:00,2020,9,3,0,20,0,478.28,19.5,79.62,8.12,0.03,0.03,497.44,514.73,498.01,
2020-09-10 09:00:00,2020,9,4,0,9,0,452.35,22.26,54.0,8.93,0.5,0.41,502.48,512.73,,
2020-09-10 10:00:00,2020,9,4,0,10,0,542.16,22.68,52.31,13.06,0.03,0.03,505.73,513.14,452.35,464.01
2020-09-10 12:00:00,2020,9,4,0,12,0,592.33,28.02,57.07,7.41,0.26,0.23,504.89,513.44,,
2020-09-10 13:00:00,2020,9,4,0,13,0,548.6,35.65,73.84,6.75,0.01,0.01,508.74,513.48,592.33,
2020-09-10 23:00:00,2020,9,4,0,23,0,471.37,20.31,34.72,1.27,0.37,0.31,502.78,511.08,,
2020-09-11 07:00:00,2020,9,5,0,7,0,526.2,15.0,40.98,13.16,0.15,0.14,499.92,510.37,,
2020-09-11 10:00:00,2020,9,5,0,10,0,512.86,21.15,89.14,2.79,0.28,0.25,498.85,509.76,,542.16
2020-09-11 11:00:00,2020,9,5,0,11,0,509.55,24.45,62.57,1.14,0.21,0.19,498.81,510.0,512.86,
2020-09-11 12:00:00,2020,9,5,0,12,0,463.25,35.19,82.75,3.49,0.1,0.1,493.44,510.05,509.55,592.33
2020-09-11 21:00:00,2020,9,5,0,21,0,528.74,21.9,88.58,0.23,0.17,0.16,500.91,509.39,,
2020-09-11 22:00:00,2020,9,5,0,22,0,480.1,24.39,85.54,14.51,0.38,0.32,501.83,508.98,528.74,
2020-09-12 11:00:00,2020,9,6,1,11,1,555.3,24.8,85.21,3.2,0.03,0.03,510.09,508.58,,509.55
2020-09-12 21:00:00,2020,9,6,1,21,1,487.95,40.0,83.63,2.22,0.41,0.34,503.68,507.74,,528.74
2020-09-13 14:00:00,2020,9,7,1,14,1,415.61,17.13,76.2,14.13,0.7,0.53,484.69,505.39,,
2020-09-13 21:00:00,2020,9,7,1,21,1,607.02,28.97,32.64,3.51,0.14,0.13,487.12,504.35,,487.95
2020-09-13 22:00:00,2020,9,7,1,22,1,583.28,15.79,69.99,3.16,0.15,0.14,488.16,504.85,607.02,
2020-09-13 23:00:00,2020,9,7,1,23,1,536.55,30.97,48.9,8.3,0.03,0.03,490.22,504.55,583.28,
2020-09-14 02:00:00,2020,9,1,0,2,0,443.33,30.05,36.2,0.9,0.04,0.04,494.74,504.76,,
2020-09-14 03:00:00,2020,9,1,0,3,0,553.83,33.45,69.85,12.47,0.22,0.2,498.57,505.21,443.33,
2020-09-14 04:00:00,2020,9,1,0,4,0,546.4,28.33,89.63,12.99,0.14,0.13,499.11,505.37,553.83,
2020-09-14 07:00:00,2020,9,1,0,7,0,477.64,20.92,50.34,7.95,0.02,0.02,506.9,505.27,,
2020-09-14 14:00:00,2020,9,1,0,14,0,492.83,29.58,84.12,5.49,0.17,0.16,513.25,506.66,,415.61
2020-09-15 01:00:00,2020,9,2,0,1,0,496.46,24.54,47.16,14.75,0.1,0.1,503.33,507.97,,
2020-09-15 07:00:00,2020,9,2,0,7,0,469.45,26.56,32.11,4.78,0.47,0.39,495.62,507.08,,477.64
2020-09-15 08:00:00,2020,9,2,0,8,0,540.13,17.53,68.89,10.79,0.31,0.27,499.93,507.85,469.45,
2020-09-15 16:00:00,2020,9,2,0,16,0,481.56,31.13,68.25,3.13,0.11,0.1,492.93,509.26,,
2020-09-15 20:00:00,2020,9,2,0,20,0,509.96,15.0,82.88,10.1,0.02,0.02,497.48,509.8,,
2020-09-15 22:00:00,2020,9,2,0,22,0,553.2,32.99,78.27,13.47,0.49,0.4,499.16,510.33,,
2020-09-16 02:00:00,2020,9,3,0,2,0,418.68,32.18,30.18,7.08,0.22,0.2,495.62,509.11,,
2020-09-16 03:00:00,2020,9,3,0,3,0,520.78,20.56,31.71,0.77,0.5,0.41,496.18,509.34,418.68,
2020-09-16 08:00:00,2020,9,3,0,8,0,446.36,27.17,32.94,1.49,0.48,0.39,489.98,509.18,,540.13
2020-09-16 11:00:00,2020,9,3,0,11,0,574.2,18.22,62.38,14.38,0.19,0.17,492.99,509.99,,
2020-09-17 08:00:00,2020,9,4,0,8,0,433.64,33.56,74.68,6.44,0.05,0.05,494.17,507.76,,446.36
2020-09-17 10:00:00,2020,9,4,0,10,0,489.68,29.38,81.45,13.11,0.14,0.13,490.05,507.38,,
2020-09-17 13:00:00,2020,9,4,0,13,0,515.38,23.05,52.24,11.81,0.05,0.05,484.52,506.67,,
2020-09-17 14:00:00,2020,9,4,0,14,0,462.07,16.12,85.66,11.08,0.29,0.25,481.13,506.66,515.38,
2020-09-18 00:00:00,2020,9,5,0,0,0,459.07,15.0,65.45,1.75,0.29,0.25,490.89,507.67,,
2020-09-18 04:00:00,2020,9,5,0,4,0,492.27,19.54,32.03,11.04,0.16,0.15,490.28,506.74,,
2020-09-18 12:00:00,2020,9,5,0,12,0,527.59,22.25,87.59,9.94,0.37,0.31,493.68,506.91,,
2020-09-19 00:00:00,2020,9,6,1,0,1,388.94,32.48,44.16,1.35,0.02,0.02,482.79,505.27,,459.07
2020-09-19 02:00:00,2020,9,6,1,2,1,411.84,32.78,81.8,6.4,0.37,0.31,484.7,504.27,,
2020-09-19 15:00:00,2020,9,6,1,15,1,474.49,21.22,81.31,2.46,0.08,0.08,487.7,503.37,,
2020-09-19 18:00:00,2020,9,6,1,18,1,555.1,31.88,44.5,1.82,0.02,0.02,495.93,503.93,,
2020-09-20 00:00:00,2020,9,7,1,0,1,492.88,20.31,33.52,6.18,0.28,0.25,505.1,505.17,,388.94
2020-09-20 06:00:00,2020,9,7,1,6,1,525.09,23.58,56.7,11.24,0.38,0.32,523.15,507.27,,
2020-09-20 09:00:00,2020,9,7,1,9,1,542.17,31.72,89.99,8.51,0.09,0.09,516.08,507.13,,
2020-09-20 10:00:00,2020,9,7,1,10,1,571.18,40.0,86.66,11.55,0.66,0.51,519.41,507.46,542.17,
2020-09-20 12:00:00,2020,9,7,1,12,1,471.61,26.04,43.66,7.56,0.21,0.19,514.1,507.25,,
2020-09-20 15:00:00,2020,9,7,1,15,1,458.87,23.06,42.11,3.16,0.52,0.42,511.27,507.26,,474.49
2020-09-20 18:00:00,2020,9,7,1,18,1,398.41,15.0,46.79,13.84,0.2,0.18,506.66,507.31,,555.1
2020-09-20 23:00:00,2020,9,7,1,23,1,588.07,35.86,49.15,10.22,0.29,0.25,506.88,507.27,,
2020-09-21 02:00:00,2020,9,1,0,2,0,467.68,25.94,50.85,10.68,0.21,0.19,506.37,507.56,,
2020-09-21 09:00:00,2020,9,1,0,9,0,529.32,17.09,63.42,9.06,0.06,0.06,502.85,506.95,,542.17
2020-09-21 12:00:00,2020,9,1,0,12,0,453.16,40.0,71.54,2.38,0.07,0.07,501.91,505.78,,471.61
2020-09-21 19:00:00,2020,9,1,0,19,0,600.65,32.71,65.47,4.23,0.05,0.05,514.47,507.3,,
2020-09-21 22:00:00,2020,9,1,0,22,0,491.77,26.43,46.2,8.11,0.15,0.14,512.03,507.55,,
2020-09-21 23:00:00,2020,9,1,0,23,0,444.64,15.0,85.89,1.51,0.04,0.04,506.06,507.13,491.77,588.07
2020-09-22 01:00:00,2020,9,2,0,1,0,595.52,31.07,62.69,13.32,0.21,0.19,505.53,507.73,,
2020-09-22 03:00:00,2020,9,2,0,3,0,449.59,31.47,40.87,8.63,0.14,0.13,502.6,507.71,,
2020-09-22 05:00:00,2020,9,2,0,5,0,440.09,34.74,84.2,2.66,0.11,0.1,499.29,507.21,,
2020-09-22 19:00:00,2020,9,2,0,19,0,407.48,29.07,86.79,6.72,0.04,0.04,485.96,505.91,,600.65
2020-09-23 01:00:00,2020,9,3,0,1,0,498.56,40.0,76.96,6.3,0.06,0.06,488.93,506.89,,595.52
2020-09-23 13:00:00,2020,9,3,0,13,0,562.16,19.46,68.8,11.65,0.31,0.27,483.36,504.81,,
2020-09-23 15:00:00,2020,9,3,0,15,0,467.91,22.06,83.86,13.97,0.01,0.01,479.98,504.3,,
2020-09-24 03:00:00,2020,9,4,0,3,0,507.58,25.62,76.6,2.01,0.09,0.09,488.06,505.03,,
2020-09-24 07:00:00,2020,9,4,0,7,0,459.24,40.0,69.1,0.97,0.04,0.04,491.22,505.5,,
2020-09-24 08:00:00,2020,9,4,0,8,0,429.3,24.46,70.32,13.9,0.11,0.1,489.1,505.47,459.24,
2020-09-24 09:00:00,2020,9,4,0,9,0,443.9,23.53,78.9,0.29,0.27,0.24,485.92,505.49,429.3,
2020-09-24 17:00:00,2020,9,4,0,17,0,417.59,27.94,69.55,10.26,0.51,0.41,484.82,504.66,,
2020-09-24 19:00:00,2020,9,4,0,19,0,494.43,17.91,41.28,5.69,0.34,0.29,487.6,504.86,,
2020-09-24 20:00:00,2020,9,4,0,20,0,539.25,16.21,64.57,1.0,0.09,0.09,489.17,505.16,494.43,
2020-09-25 03:00:00,2020,9,5,0,3,0,515.56,29.45,30.4,9.25,0.28,0.25,489.21,505.17,,507.58
2020-09-25 10:00:00,2020,9,5,0,10,0,455.32,26.04,78.19,13.41,0.11,0.1,498.9,506.38,,
2020-09-25 14:00:00,2020,9,5,0,14,0,457.51,29.21,52.57,8.18,0.3,0.26,500.38,506.08,,
2020-09-26 05:00:00,2020,9,6,1,5,1,468.12,29.82,85.9,2.82,0.75,0.56,509.03,509.4,,
2020-09-26 06:00:00,2020,9,6,1,6,1,448.36,33.92,44.73,6.33,0.17,0.16,505.44,509.51,468.12,
2020-09-26 10:00:00,2020,9,6,1,10,1,529.57,30.69,56.0,13.88,0.1,0.1,500.55,508.18,,455.32
2020-09-26 19:00:00,2020,9,6,1,19,1,558.24,25.33,63.83,8.32,0.08,0.08,516.17,509.21,,
2020-09-27 02:00:00,2020,9,7,1,2,1,571.27,17.4,76.45,1.13,0.09,0.09,509.08,508.66,,
2020-09-27 10:00:00,2020,9,7,1,10,1,487.96,26.23,79.88,13.61,0.21,0.19,522.5,508.63,,529.57
2020-09-27 12:00:00,2020,9,7,1,12,1,512.61,22.41,78.9,6.75,0.06,0.06,523.31,509.57,,
2020-09-27 13:00:00,2020,9,7,1,13,1,457.08,26.0,38.25,13.29,0.32,0.28,520.89,509.3,512.61,
2020-09-27 15:00:00,2020,9,7,1,15,1,561.89,26.01,37.78,12.65,0.01,0.01,519.18,510.29,,
2020-09-27 17:00:00,2020,9,7,1,17,1,507.63,15.05,75.36,7.42,0.13,0.12,515.64,509.61,,
2020-09-27 19:00:00,2020,9,7,1,19,1,485.77,34.36,68.56,11.49,0.09,0.09,512.41,510.25,,558.24
2020-09-28 00:00:00,2020,9,1,0,0,0,453.16,15.0,70.04,5.3,0.37,0.31,512.55,509.54,,
2020-09-28 01:00:00,2020,9,1,0,1,0,584.9,21.42,59.57,0.63,0.86,0.62,517.57,509.66,453.16,
2020-09-28 02:00:00,2020,9,1,0,2,0,508.41,22.24,34.55,1.96,0.53,0.43,514.95,509.91,584.9,571.27
2020-09-28 05:00:00,2020,9,1,0,5,0,524.73,21.41,36.72,6.37,0.35,0.3,516.22,510.25,,
2020-09-28 13:00:00,2020,9,1,0,13,0,513.53,17.69,30.88,7.32,0.29,0.25,500.43,509.1,,457.08
2020-09-28 19:00:00,2020,9,1,0,19,0,490.07,26.12,88.46,4.54,0.22,0.2,497.91,507.84,,485.77
2020-09-29 01:00:00,2020,9,2,0,1,0,480.51,15.0,32.58,2.72,0.26,0.23,487.83,507.08,,584.9
2020-09-29 03:00:00,2020,9,2,0,3,0,493.3,40.0,73.45,9.41,0.08,0.08,491.75,508.09,,
2020-09-29 08:00:00,2020,9,2,0,8,0,496.99,24.18,82.46,3.92,0.07,0.07,492.7,508.53,,
2020-09-29 09:00:00,2020,9,2,0,9,0,501.81,33.77,84.08,3.32,0.21,0.19,497.27,508.96,496.99,
2020-09-29 18:00:00,2020,9,2,0,18,0,583.23,24.74,80.57,4.51,0.11,0.1,509.83,510.82,,
2020-09-30 09:00:00,2020,9,3,0,9,0,414.51,15.29,69.45,6.71,0.14,0.13,505.26,511.59,,501.81
2020-10-01 00:00:00,2020,10,4,0,0,0,520.25,33.32,84.21,7.93,0.23,0.21,487.56,511.19,,
2020-10-01 10:00:00,2020,10,4,0,10,0,482.13,23.76,47.1,12.75,0.1,0.1,490.0,511.64,,
2020-10-01 12:00:00,2020,10,4,0,12,0,479.33,29.17,89.59,2.66,0.14,0.13,488.92,512.66,,
2020-10-01 19:00:00,2020,10,4,0,19,0,512.27,22.51,64.17,8.86,0.48,0.39,497.39,512.96,,
2020-10-02 06:00:00,2020,10,5,0,6,0,470.29,22.91,75.84,10.19,0.45,0.37,508.28,512.83,,
2020-10-02 08:00:00,2020,10,5,0,8,0,575.68,18.88,38.55,7.49,0.23,0.21,506.15,512.35,,
2020-10-02 12:00:00,2020,10,5,0,12,0,491.76,15.0,49.09,0.21,0.06,0.06,509.39,513.5,,479.33
2020-10-02 15:00:00,2020,10,5,0,15,0,508.98,18.87,34.4,9.8,0.06,0.06,510.42,513.95,,
2020-10-02 17:00:00,2020,10,5,0,17,0,543.53,22.05,77.85,3.85,0.32,0.28,513.06,514.72,,
2020-10-02 19:00:00,2020,10,5,0,19,0,493.59,21.45,87.82,0.69,0.03,0.03,510.29,514.91,,512.27
2020-10-03 11:00:00,2020,10,6,1,11,1,493.83,25.34,30.94,2.6,0.03,0.03,518.83,516.15,,
2020-10-03 12:00:00,2020,10,6,1,12,1,543.38,25.45,34.29,8.42,0.21,0.19,520.98,516.2,493.83,491.76
2020-10-03 14:00:00,2020,10,6,1,14,1,472.09,18.81,54.45,1.26,0.26,0.23,516.46,515.36,,
2020-10-03 19:00:00,2020,10,6,1,19,1,548.56,27.72,85.58,7.31,0.31,0.27,516.71,514.99,,493.59
2020-10-03 20:00:00,2020,10,6,1,20,1,449.62,36.0,31.52,3.33,0.44,0.36,514.68,514.48,548.56,
2020-10-03 21:00:00,2020,10,6,1,21,1,489.98,35.39,31.11,11.05,0.19,0.17,512.64,514.35,449.62,
2020-10-04 08:00:00,2020,10,7,1,8,1,582.56,23.33,69.62,8.11,0.24,0.22,503.91,513.52,,
2020-10-04 09:00:00,2020,10,7,1,9,1,615.08,24.62,71.03,3.78,0.2,0.18,509.61,514.17,582.56,
2020-10-04 10:00:00,2020,10,7,1,10,1,580.17,15.0,68.86,9.13,0.32,0.28,506.82,513.75,651.91,
2020-10-04 21:00:00,2020,10,7,1,21,1,476.19,28.43,61.84,13.25,0.26,0.23,512.58,514.64,,489.98
2020-10-04 23:00:00,2020,10,7,1,23,1,580.17,21.7,87.99,8.64,0.06,0.06,517.58,514.84,,
2020-10-05 00:00:00,2020,10,1,0,0,0,440.23,26.87,55.03,12.79,0.44,0.36,513.78,514.76,580.17,
2020-10-05 04:00:00,2020,10,1,0,4,0,507.39,25.54,32.49,4.16,0.2,0.18,515.99,513.76,,
2020-10-05 07:00:00,2020,10,1,0,7,0,460.91,16.58,67.87,6.53,0.51,0.41,508.71,513.33,,
2020-10-05 08:00:00,2020,10,1,0,8,0,448.61,30.8,76.08,1.67,0.04,0.04,503.13,512.94,460.91,582.56
2020-10-05 09:00:00,2020,10,1,0,9,0,467.67,21.37,31.97,9.03,0.01,0.01,495.45,513.4,448.61,651.91
2020-10-05 10:00:00,2020,10,1,0,10,0,433.71,21.43,68.81,8.26,0.02,0.02,496.09,512.97,467.67,418.33
2020-10-05 14:00:00,2020,10,1,0,14,0,529.68,29.43,71.39,10.97,0.28,0.25,489.9,513.15,,
2020-10-05 18:00:00,2020,10,1,0,18,0,458.15,24.86,81.05,5.17,0.07,0.07,484.05,512.74,,
2020-10-05 20:00:00,2020,10,1,0,20,0,535.18,18.3,49.17,6.21,0.63,0.49,484.07,512.55,,
2020-10-06 21:00:00,2020,10,2,0,21,0,439.27,30.15,68.69,11.19,0.09,0.09,483.56,508.86,,
2020-10-07 06:00:00,2020,10,3,0,6,0,428.0,30.34,62.27,1.47,0.06,0.06,486.42,508.33,,
2020-10-07 10:00:00,2020,10,3,0,10,0,472.21,33.34,78.98,3.83,0.01,0.01,487.88,509.43,,
2020-10-07 21:00:00,2020,10,3,0,21,0,554.8,32.39,66.62,12.9,0.44,0.36,503.85,511.22,,439.27
2020-10-08 02:00:00,2020,10,4,0,2,0,422.71,23.44,44.15,2.07,0.01,0.01,497.33,510.16,,
2020-10-08 03:00:00,2020,10,4,0,3,0,506.49,24.04,80.33,4.42,0.27,0.24,497.29,510.73,422.71,
2020-10-08 05:00:00,2020,10,4,0,5,0,507.58,22.16,45.36,5.08,0.03,0.03,502.95,511.43,,
2020-10-08 15:00:00,2020,10,4,0,15,0,470.23,17.85,81.96,14.31,0.47,0.39,501.88,510.65,,
2020-10-09 03:00:00,2020,10,5,0,3,0,530.2,22.16,60.77,14.73,0.17,0.16,489.75,509.04,,506.49
2020-10-09 08:00:00,2020,10,5,0,8,0,527.62,17.84,55.75,2.26,0.21,0.19,483.45,508.87,,
2020-10-09 16:00:00,2020,10,5,0,16,0,525.46,15.0,87.63,0.98,0.41,0.34,490.65,507.57,,
2020-10-09 19:00:00,2020,10,5,0,19,0,482.88,35.43,38.68,3.0,0.36,0.31,495.83,507.3,,
2020-10-10 04:00:00,2020,10,6,1,4,1,477.69,30.72,76.14,2.84,0.06,0.06,502.95,506.69,,
2020-10-10 06:00:00,2020,10,6,1,6,1,548.51,33.82,66.15,13.39,0.07,0.07,507.84,506.96,,
2020-10-10 16:00:00,2020,10,6,1,16,1,512.89,27.03,62.07,3.26,0.23,0.21,499.28,504.88,,525.46
2020-10-10 18:00:00,2020,10,6,1,18,1,615.08,20.49,80.01,14.2,0.09,0.09,503.31,505.74,,
2020-10-11 06:00:00,2020,10,7,1,6,1,477.77,21.72,44.61,6.95,0.17,0.16,498.57,505.94,,548.51
2020-10-11 11:00:00,2020,10,7,1,11,1,509.64,40.0,59.94,9.14,0.0,0.0,497.68,504.58,,
2020-10-11 12:00:00,2020,10,7,1,12,1,467.95,24.98,56.59,9.62,0.52,0.42,495.22,504.43,509.64,
2020-10-11 14:00:00,2020,10,7,1,14,1,491.74,29.58,47.85,5.77,0.19,0.17,498.92,503.31,,
2020-10-11 16:00:00,2020,10,7,1,16,1,427.07,28.26,68.87,0.0,0.18,0.17,498.87,502.81,,512.89
2020-10-12 00:00:00,2020,10,1,0,0,0,456.63,28.63,58.62,6.38,0.27,0.24,491.88,502.92,,
2020-10-12 12:00:00,2020,10,1,0,12,0,526.73,39.27,49.73,12.65,0.01,0.01,497.25,505.19,,467.95
2020-10-12 14:00:00,2020,10,1,0,14,0,401.88,27.05,62.39,9.42,0.03,0.03,496.69,504.3,,491.74
2020-10-12 22:00:00,2020,10,1,0,22,0,466.19,20.56,80.9,14.19,0.86,0.62,496.6,505.51,,
2020-10-13 04:00:00,2020,10,2,0,4,0,542.4,24.16,44.8,4.68,0.12,0.11,496.85,506.39,,
2020-10-13 05:00:00,2020,10,2,0,5,0,508.8,25.8,86.68,6.18,0.04,0.04,495.45,506.77,542.4,
2020-10-13 06:00:00,2020,10,2,0,6,0,501.75,15.0,84.01,3.96,0.02,0.02,498.87,506.81,508.8,
2020-10-13 12:00:00,2020,10,2,0,12,0,566.83,21.01,80.8,14.03,0.26,0.23,500.27,507.43,,526.73
2020-10-13 13:00:00,2020,10,2,0,13,0,526.61,24.23,69.11,6.73,0.32,0.28,501.4,507.96,566.83,
2020-10-13 23:00:00,2020,10,2,0,23,0,561.24,23.19,69.48,9.03,0.26,0.23,521.35,510.24,,
2020-10-14 01:00:00,2020,10,3,0,1,0,503.56,28.65,61.87,2.54,0.27,0.24,519.13,510.47,,
2020-10-14 02:00:00,2020,10,3,0,2,0,546.68,15.0,60.45,8.36,0.44,0.36,521.85,510.3,503.56,
2020-10-14 04:00:00,2020,10,3,0,4,0,462.23,18.69,44.84,12.53,0.32,0.28,517.51,510.4,,542.4
2020-10-14 06:00:00,2020,10,3,0,6,0,491.22,15.59,34.46,0.04,0.18,0.17,512.15,510.56,,501.75
2020-10-14 07:00:00,2020,10,3,0,7,0,395.15,26.62,72.61,6.21,0.02,0.02,507.68,509.81,491.22,
2020-10-14 13:00:00,2020,10,3,0,13,0,525.44,15.33,61.43,13.74,0.15,0.14,505.05,509.55,,526.61
2020-10-14 14:00:00,2020,10,3,0,14,0,531.63,32.75,84.77,4.48,0.04,0.04,507.8,509.73,525.44,
2020-10-14 20:00:00,2020,10,3,0,20,0,395.34,35.67,70.07,13.96,0.22,0.2,487.34,507.5,,
2020-10-14 21:00:00,2020,10,3,0,21,0,490.98,22.27,72.25,0.37,0.04,0.04,486.65,507.11,395.34,
2020-10-15 01:00:00,2020,10,4,0,1,0,525.33,30.6,34.62,3.51,0.09,0.09,484.25,507.64,,503.56
2020-10-15 15:00:00,2020,10,4,0,15,0,491.42,26.41,80.88,0.17,0.12,0.11,483.02,507.3,,
2020-10-15 17:00:00,2020,10,4,0,17,0,545.46,39.27,30.49,10.06,0.05,0.05,492.52,508.42,,
2020-10-15 20:00:00,2020,10,4,0,20,0,539.21,33.46,66.64,5.04,0.24,0.22,502.5,509.42,,395.34
2020-10-16 00:00:00,2020,10,5,0,0,0,471.21,28.21,89.66,13.19,0.05,0.05,497.69,508.92,,
2020-10-16 02:00:00,2020,10,5,0,2,0,475.33,15.0,60.33,7.91,0.73,0.55,494.06,509.0,,
2020-10-16 07:00:00,2020,10,5,0,7,0,508.19,35.05,73.99,3.23,0.05,0.05,493.16,509.09,,
2020-10-16 15:00:00,2020,10,5,0,15,0,494.06,19.06,52.21,7.02,0.22,0.2,504.3,509.46,,491.42
2020-10-16 22:00:00,2020,10,5,0,22,0,490.94,26.44,74.78,2.66,0.06,0.06,501.21,509.85,,
2020-10-17 00:00:00,2020,10,6,1,0,1,521.53,32.6,89.08,1.64,0.16,0.15,501.47,509.27,,471.21
2020-10-17 02:00:00,2020,10,6,1,2,1,493.49,21.18,68.4,5.57,0.0,0.0,502.23,508.49,,475.33
2020-10-17 21:00:00,2020,10,6,1,21,1,508.33,25.05,52.77,7.22,0.36,0.31,494.03,507.67,,
2020-10-18 04:00:00,2020,10,7,1,4,1,495.6,23.73,42.1,9.63,0.31,0.27,500.43,508.76,,
2020-10-18 09:00:00,2020,10,7,1,9,1,423.55,26.05,81.37,8.89,0.16,0.15,496.06,508.31,,
2020-10-18 19:00:00,2020,10,7,1,19,1,441.32,15.88,32.03,12.85,0.24,0.22,494.99,507.18,,
2020-10-19 00:00:00,2020,10,1,0,0,0,491.89,24.22,57.39,10.62,0.29,0.25,487.71,507.55,,
2020-10-19 12:00:00,2020,10,1,0,12,0,545.47,33.87,75.49,7.27,0.15,0.14,484.73,507.61,,
2020-10-19 15:00:00,2020,10,1,0,15,0,508.32,20.2,87.1,2.71,0.13,0.12,486.32,507.7,,
2020-10-19 17:00:00,2020,10,1,0,17,0,520.88,18.81,49.88,7.25,0.19,0.17,492.65,507.96,,
2020-10-19 19:00:00,2020,10,1,0,19,0,509.93,20.01,70.52,10.14,0.07,0.07,494.88,508.01,,441.32
2020-10-20 02:00:00,2020,10,2,0,2,0,536.72,29.52,54.78,13.86,0.07,0.07,495.86,508.66,,
2020-10-20 16:00:00,2020,10,2,0,16,0,410.86,26.24,44.23,14.2,0.03,0.03,510.32,508.9,,
2020-10-20 17:00:00,2020,10,2,0,17,0,503.62,15.0,86.16,6.9,0.27,0.24,509.6,508.46,410.86,520.88
2020-10-20 20:00:00,2020,10,2,0,20,0,494.64,28.67,63.26,11.98,0.15,0.14,516.32,508.1,,
2020-10-21 03:00:00,2020,10,3,0,3,0,536.15,17.32,72.03,3.71,0.05,0.05,516.34,507.7,,
2020-10-21 06:00:00,2020,10,3,0,6,0,596.3,28.9,67.5,14.4,0.16,0.15,518.42,509.41,,
2020-10-21 09:00:00,2020,10,3,0,9,0,461.95,20.62,76.06,14.32,0.08,0.08,517.64,510.6,,
2020-10-21 10:00:00,2020,10,3,0,10,0,495.15,40.0,34.75,0.03,0.14,0.13,514.16,510.75,461.95,
2020-10-21 11:00:00,2020,10,3,0,11,0,505.72,31.21,86.62,2.1,0.11,0.1,513.07,510.53,495.15,
2020-10-21 17:00:00,2020,10,3,0,17,0,493.24,34.08,70.5,4.53,0.08,0.08,509.52,509.49,,503.62
2020-10-21 21:00:00,2020,10,3,0,21,0,602.62,20.9,89.93,10.46,0.26,0.23,509.46,511.39,,
2020-10-22 01:00:00,2020,10,4,0,1,0,529.8,16.97,44.82,2.49,0.11,0.1,507.39,511.02,,
2020-10-22 06:00:00,2020,10,4,0,6,0,587.62,20.31,48.98,14.28,0.06,0.06,504.26,511.59,,596.3
2020-10-22 12:00:00,2020,10,4,0,12,0,538.47,16.41,64.37,0.95,0.07,0.07,498.21,511.5,,
2020-10-22 20:00:00,2020,10,4,0,20,0,447.67,27.4,54.67,13.15,0.36,0.31,500.66,510.44,,
2020-10-22 21:00:00,2020,10,4,0,21,0,515.81,30.79,53.5,11.89,0.01,0.01,497.04,510.86,447.67,602.62
2020-10-22 22:00:00,2020,10,4,0,22,0,559.7,33.83,48.71,10.72,0.0,0.0,498.12,511.31,515.81,
2020-10-23 02:00:00,2020,10,5,0,2,0,521.47,23.58,50.61,3.73,0.27,0.24,504.61,512.59,,
2020-10-23 07:00:00,2020,10,5,0,7,0,547.7,23.36,69.95,6.05,0.11,0.1,500.26,512.65,,
2020-10-23 08:00:00,2020,10,5,0,8,0,558.09,30.2,30.86,6.18,0.21,0.19,504.79,512.98,547.7,
2020-10-23 12:00:00,2020,10,5,0,12,0,504.29,32.5,50.61,0.71,0.24,0.22,506.83,511.85,,538.47
2020-10-23 16:00:00,2020,10,5,0,16,0,461.81,18.87,40.48,3.97,0.08,0.08,499.36,510.79,,
2020-10-23 22:00:00,2020,10,5,0,22,0,459.19,21.12,75.24,11.26,0.19,0.17,489.25,509.56,,559.7
2020-10-24 02:00:00,2020,10,6,1,2,1,491.81,25.82,43.89,7.14,0.01,0.01,477.83,509.03,,521.47
2020-10-24 03:00:00,2020,10,6,1,3,1,512.02,35.51,51.96,4.42,0.26,0.23,477.57,509.23,491.81,
2020-10-24 04:00:00,2020,10,6,1,4,1,458.69,26.31,76.04,1.37,0.03,0.03,474.57,508.76,512.02,
2020-10-24 05:00:00,2020,10,6,1,5,1,521.27,29.13,76.52,7.89,0.59,0.46,476.26,508.82,458.69,
2020-10-24 06:00:00,2020,10,6,1,6,1,431.93,35.94,37.62,13.7,1.41,0.88,476.13,508.34,521.27,
2020-10-24 08:00:00,2020,10,6,1,8,1,494.34,24.11,37.62,2.18,0.04,0.04,473.17,507.74,,558.09
2020-10-24 16:00:00,2020,10,6,1,16,1,511.43,32.17,33.43,14.99,0.04,0.04,481.66,509.2,,461.81
2020-10-24 22:00:00,2020,10,6,1,22,1,458.98,33.46,38.55,14.21,0.03,0.03,484.68,507.96,,459.19
2020-10-25 00:00:00,2020,10,7,1,0,1,466.21,36.77,78.79,10.48,0.1,0.1,487.63,507.36,,
2020-10-25 03:00:00,2020,10,7,1,3,1,589.25,24.68,41.5,9.65,0.14,0.13,490.82,507.59,,512.02
2020-10-25 04:00:00,2020,10,7,1,4,1,469.13,32.72,39.94,4.06,0.1,0.1,491.25,507.43,589.25,458.69
2020-10-25 05:00:00,2020,10,7,1,5,1,502.58,19.48,65.41,1.54,0.0,0.0,490.47,507.39,469.13,521.27
2020-10-25 22:00:00,2020,10,7,1,22,1,427.57,24.5,71.39,2.27,0.24,0.22,490.38,507.75,,458.98
2020-10-26 00:00:00,2020,10,1,0,0,0,545.23,15.65,45.57,4.84,0.18,0.17,492.8,508.1,,466.21
2020-10-26 02:00:00,2020,10,1,0,2,0,560.8,24.19,34.19,5.16,0.02,0.02,497.12,507.73,,
2020-10-26 06:00:00,2020,10,1,0,6,0,551.56,32.91,73.62,2.96,0.12,0.11,494.13,507.48,,
2020-10-26 10:00:00,2020,10,1,0,10,0,429.9,27.05,33.58,8.7,0.3,0.26,493.61,508.07,,
2020-10-26 12:00:00,2020,10,1,0,12,0,555.52,19.77,43.21,8.88,0.07,0.07,494.63,508.5,,
2020-10-26 14:00:00,2020,10,1,0,14,0,422.35,33.94,89.4,1.95,0.09,0.09,487.94,508.45,,
2020-10-26 20:00:00,2020,10,1,0,20,0,468.75,35.16,83.76,9.82,0.09,0.09,492.15,507.65,,
2020-10-27 00:00:00,2020,10,2,0,0,0,420.15,20.13,50.18,12.67,0.22,0.2,489.61,506.8,,545.23
2020-10-27 13:00:00,2020,10,2,0,13,0,511.27,21.08,60.02,2.43,0.51,0.41,488.04,505.32,,
2020-10-27 15:00:00,2020,10,2,0,15,0,531.48,28.29,39.88,0.26,0.16,0.15,496.56,505.63,,
2020-10-27 18:00:00,2020,10,2,0,18,0,466.13,15.12,65.89,4.64,0.28,0.25,491.96,505.27,,
2020-10-27 22:00:00,2020,10,2,0,22,0,489.01,26.63,35.73,6.55,0.07,0.07,499.27,504.38,,
2020-10-27 23:00:00,2020,10,2,0,23,0,522.92,22.69,67.02,6.38,0.04,0.04,495.12,504.6,489.01,
2020-10-28 01:00:00,2020,10,3,0,1,0,474.41,27.05,42.2,4.85,0.1,0.1,498.27,504.39,,
2020-10-28 07:00:00,2020,10,3,0,7,0,454.94,30.64,30.21,13.54,0.39,0.33,491.82,502.11,,
2020-10-28 09:00:00,2020,10,3,0,9,0,502.72,19.2,57.77,12.29,0.14,0.13,489.38,502.32,,
2020-10-28 13:00:00,2020,10,3,0,13,0,517.65,23.56,36.45,0.08,0.11,0.1,499.0,503.58,,511.27
2020-10-28 14:00:00,2020,10,3,0,14,0,447.57,20.0,44.9,3.81,0.03,0.03,495.18,503.31,517.65,
2020-10-28 17:00:00,2020,10,3,0,17,0,537.6,31.0,88.57,9.47,0.14,0.13,493.58,503.52,,
2020-10-28 20:00:00,2020,10,3,0,20,0,550.14,22.57,56.23,7.55,0.1,0.1,497.27,503.92,,
2020-10-29 01:00:00,2020,10,4,0,1,0,473.26,18.69,77.82,13.41,0.35,0.3,497.23,502.91,,474.41
2020-10-29 06:00:00,2020,10,4,0,6,0,533.76,23.03,68.77,13.46,0.08,0.08,503.43,502.41,,
2020-10-29 12:00:00,2020,10,4,0,12,0,509.28,29.55,73.74,6.94,0.22,0.2,499.3,503.54,,
2020-10-29 14:00:00,2020,10,4,0,14,0,500.65,21.65,50.87,12.44,0.46,0.38,500.69,503.13,,447.57
2020-10-29 18:00:00,2020,10,4,0,18,0,444.81,22.81,52.66,13.03,0.38,0.32,501.18,503.53,,
2020-10-29 19:00:00,2020,10,4,0,19,0,492.39,39.46,48.53,0.44,0.36,0.31,499.06,503.06,444.81,
2020-10-30 00:00:00,2020,10,5,0,0,0,456.48,19.55,63.67,8.12,0.5,0.41,501.34,502.75,,
2020-10-30 07:00:00,2020,10,5,0,7,0,561.53,18.36,63.72,1.29,0.26,0.23,505.41,502.84,,
2020-10-30 08:00:00,2020,10,5,0,8,0,512.05,31.93,63.7,6.12,0.22,0.2,504.97,502.56,561.53,
2020-10-30 09:00:00,2020,10,5,0,9,0,458.47,15.0,74.14,0.43,0.05,0.05,502.23,502.23,512.05,
2020-10-30 10:00:00,2020,10,5,0,10,0,476.64,16.81,38.01,14.29,0.14,0.13,502.12,502.26,458.47,
2020-10-30 11:00:00,2020,10,5,0,11,0,530.19,17.58,87.53,5.38,0.02,0.02,502.71,502.91,476.64,
2020-10-30 18:00:00,2020,10,5,0,18,0,553.04,15.6,40.08,2.45,0.13,0.12,504.47,503.98,,444.81
2020-10-30 20:00:00,2020,10,5,0,20,0,423.43,32.01,59.32,8.27,0.29,0.25,501.2,504.23,,
2020-10-31 07:00:00,2020,10,6,1,7,1,447.15,24.7,56.93,14.84,0.21,0.19,483.21,504.5,,561.53
2020-10-31 09:00:00,2020,10,6,1,9,1,559.55,29.46,89.7,2.95,0.11,0.1,488.99,504.99,,458.47
2020-10-31 12:00:00,2020,10,6,1,12,1,549.73,35.07,61.73,1.98,0.2,0.18,491.41,504.25,,
2020-10-31 14:00:00,2020,10,6,1,14,1,430.28,30.78,51.71,5.42,0.0,0.0,491.28,504.18,,
2020-10-31 19:00:00,2020,10,6,1,19,1,484.31,21.63,65.99,6.02,0.01,0.01,485.51,504.92,,
2020-11-01 04:00:00,2020,11,7,1,4,1,400.06,32.88,79.11,5.2,0.08,0.08,499.36,505.47,,
2020-11-01 07:00:00,2020,11,7,1,7,1,547.81,22.8,88.72,1.52,0.14,0.13,507.19,506.18,,447.15
2020-11-01 10:00:00,2020,11,7,1,10,1,473.14,26.38,50.35,13.32,0.02,0.02,506.38,506.54,,
2020-11-01 11:00:00,2020,11,7,1,11,1,448.64,15.0,64.32,0.94,0.11,0.1,504.86,506.49,473.14,
2020-11-01 14:00:00,2020,11,7,1,14,1,525.66,20.53,48.95,8.8,0.29,0.25,506.16,505.69,,430.28
2020-11-01 16:00:00,2020,11,7,1,16,1,525.41,17.76,89.21,6.27,0.06,0.06,509.16,506.71,,
2020-11-01 22:00:00,2020,11,7,1,22,1,416.56,23.68,31.67,8.86,0.11,0.1,509.4,507.51,,
2020-11-01 23:00:00,2020,11,7,1,23,1,506.65,16.07,51.44,10.79,0.16,0.15,506.44,507.52,416.56,
2020-11-02 00:00:00,2020,11,1,0,0,0,530.22,21.8,39.25,12.25,0.03,0.03,507.59,507.43,506.65,
2020-11-02 01:00:00,2020,11,1,0,1,0,434.31,26.62,41.38,2.31,0.09,0.09,502.92,507.17,530.22,
2020-11-02 03:00:00,2020,11,1,0,3,0,500.48,21.82,53.47,10.29,0.01,0.01,498.85,506.91,,
2020-11-02 06:00:00,2020,11,1,0,6,0,441.39,15.0,39.59,11.26,0.11,0.1,497.44,506.44,,
2020-11-02 08:00:00,2020,11,1,0,8,0,417.39,25.35,86.16,4.22,0.13,0.12,489.13,505.51,,
2020-11-02 09:00:00,2020,11,1,0,9,0,488.37,25.66,77.75,0.35,0.03,0.03,488.66,505.56,417.39,
2020-11-02 20:00:00,2020,11,1,0,20,0,479.58,21.53,61.63,10.98,0.0,0.0,492.03,507.63,,
2020-11-03 03:00:00,2020,11,2,0,3,0,582.19,15.0,44.8,9.75,0.01,0.01,501.6,508.08,,500.48
2020-11-03 08:00:00,2020,11,2,0,8,0,509.59,27.82,34.82,3.45,0.07,0.07,510.8,508.98,,417.39
2020-11-03 21:00:00,2020,11,2,0,21,0,396.17,19.47,49.72,5.74,0.02,0.02,497.99,507.98,,
2020-11-04 00:00:00,2020,11,3,0,0,0,488.83,30.01,82.89,2.66,0.02,0.02,493.43,507.9,,
2020-11-04 01:00:00,2020,11,3,0,1,0,512.68,22.58,83.75,14.46,0.07,0.07,496.21,508.13,488.83,
2020-11-04 10:00:00,2020,11,3,0,10,0,537.9,28.52,80.81,12.7,0.17,0.16,483.06,507.46,,
2020-11-05 00:00:00,2020,11,4,0,0,0,567.86,27.55,80.78,5.92,0.02,0.02,505.18,509.05,,488.83
2020-11-05 03:00:00,2020,11,4,0,3,0,512.44,33.83,37.38,4.04,0.04,0.04,507.45,509.11,,
2020-11-05 11:00:00,2020,11,4,0,11,0,487.41,23.74,74.61,1.48,0.13,0.12,522.43,509.96,,
2020-11-05 12:00:00,2020,11,4,0,12,0,588.16,16.5,76.95,4.56,0.11,0.1,526.24,510.44,487.41,
2020-11-05 17:00:00,2020,11,4,0,17,0,463.19,24.97,56.17,11.53,0.12,0.11,522.56,510.36,,
2020-11-05 18:00:00,2020,11,4,0,18,0,425.9,31.25,49.65,12.24,0.13,0.12,519.59,510.24,463.19,
2020-11-05 19:00:00,2020,11,4,0,19,0,429.58,32.2,63.34,3.32,0.73,0.55,515.37,509.86,425.9,
2020-11-05 21:00:00,2020,11,4,0,21,0,435.06,29.07,55.06,3.69,0.34,0.29,505.88,508.83,,
2020-11-05 23:00:00,2020,11,4,0,23,0,569.26,32.09,51.27,0.46,0.02,0.02,501.64,508.41,,
2020-11-06 01:00:00,2020,11,5,0,1,0,481.84,18.65,60.18,4.65,0.15,0.14,498.76,508.6,,
2020-11-06 02:00:00,2020,11,5,0,2,0,427.83,20.94,73.37,2.17,0.07,0.07,493.6,508.26,481.84,
2020-11-06 03:00:00,2020,11,5,0,3,0,492.84,15.0,66.56,14.04,0.01,0.01,492.78,508.22,427.83,512.44
2020-11-06 05:00:00,2020,11,5,0,5,0,481.53,34.3,46.18,11.2,0.03,0.03,484.88,507.39,,
2020-11-06 11:00:00,2020,11,5,0,11,0,459.97,15.0,32.27,8.22,0.18,0.17,487.06,507.68,,487.41
2020-11-06 18:00:00,2020,11,5,0,18,0,484.67,27.74,83.72,2.82,0.17,0.16,486.42,507.61,,425.9
2020-11-06 19:00:00,2020,11,5,0,19,0,533.2,26.37,52.65,13.81,0.13,0.12,490.74,507.79,484.67,429.58
2020-11-07 04:00:00,2020,11,6,1,4,1,460.57,24.9,74.54,13.19,0.02,0.02,514.96,511.3,,
2020-11-07 09:00:00,2020,11,6,1,9,1,450.92,24.85,59.95,12.41,0.09,0.09,508.52,510.97,,
2020-11-07 10:00:00,2020,11,6,1,10,1,526.31,33.64,56.37,5.32,0.08,0.08,510.7,511.44,450.92,
2020-11-07 13:00:00,2020,11,6,1,13,1,548.39,23.5,58.53,11.08,0.11,0.1,511.35,511.25,,
2020-11-07 14:00:00,2020,11,6,1,14,1,531.18,20.8,32.43,7.24,0.01,0.01,513.39,511.86,548.39,
2020-11-07 20:00:00,2020,11,6,1,20,1,524.54,27.09,35.14,0.95,0.29,0.25,511.92,511.77,,
2020-11-08 04:00:00,2020,11,7,1,4,1,536.3,34.7,59.29,12.7,0.01,0.01,501.68,511.63,,460.57
2020-11-08 05:00:00,2020,11,7,1,5,1,446.15,28.06,66.62,10.36,0.49,0.4,495.11,511.36,536.3,
2020-11-08 18:00:00,2020,11,7,1,18,1,515.13,29.69,79.79,0.05,0.12,0.11,491.62,509.2,,
2020-11-08 21:00:00,2020,11,7,1,21,1,474.08,29.17,45.88,11.73,1.04,0.71,489.72,508.99,,
2020-11-09 10:00:00,2020,11,1,0,10,0,531.94,30.27,36.05,9.75,0.45,0.37,482.48,509.06,,
2020-11-09 15:00:00,2020,11,1,0,15,0,589.49,32.13,71.38,8.23,0.1,0.1,490.18,510.09,,
2020-11-09 18:00:00,2020,11,1,0,18,0,515.2,15.77,68.73,7.36,0.11,0.1,491.4,508.66,,515.13
2020-11-09 22:00:00,2020,11,1,0,22,0,510.41,25.14,54.6,1.76,0.06,0.06,497.75,509.46,,
2020-11-10 00:00:00,2020,11,2,0,0,0,440.24,37.58,48.44,10.89,0.09,0.09,495.43,508.25,,
2020-11-10 01:00:00,2020,11,2,0,1,0,477.0,19.12,52.44,10.18,0.26,0.23,495.11,508.43,440.24,
2020-11-10 10:00:00,2020,11,2,0,10,0,560.28,38.43,58.36,7.12,0.2,0.18,499.92,507.26,,531.94
2020-11-10 19:00:00,2020,11,2,0,19,0,523.73,24.82,40.14,2.74,0.31,0.27,496.03,508.58,,
2020-11-10 21:00:00,2020,11,2,0,21,0,503.77,30.76,50.93,14.32,0.15,0.14,494.68,508.89,,
2020-11-10 23:00:00,2020,11,2,0,23,0,545.56,30.61,84.53,1.0,0.21,0.19,498.93,509.34,,
2020-11-11 06:00:00,2020,11,3,0,6,0,485.13,15.0,37.63,7.84,0.05,0.05,501.88,509.96,,
2020-11-11 07:00:00,2020,11,3,0,7,0,604.2,27.95,30.23,1.9,0.05,0.05,506.72,510.55,485.13,
2020-11-12 05:00:00,2020,11,4,0,5,0,529.91,18.85,74.83,9.52,0.01,0.01,499.75,507.77,,
2020-11-12 10:00:00,2020,11,4,0,10,0,551.91,26.7,74.66,2.57,0.34,0.29,499.91,507.71,,
2020-11-12 11:00:00,2020,11,4,0,11,0,459.01,25.05,63.57,7.95,0.52,0.42,497.15,507.54,551.91,
2020-11-12 12:00:00,2020,11,4,0,12,0,473.43,23.84,85.37,8.74,0.78,0.58,494.84,506.84,459.01,
2020-11-13 05:00:00,2020,11,5,0,5,0,461.36,19.85,67.4,9.04,0.15,0.14,505.88,510.83,,529.91
2020-11-13 06:00:00,2020,11,5,0,6,0,565.23,20.56,73.37,11.51,0.03,0.03,506.62,510.6,461.36,
2020-11-13 19:00:00,2020,11,5,0,19,0,443.31,25.94,49.63,11.24,0.15,0.14,516.39,511.49,,
2020-11-13 20:00:00,2020,11,5,0,20,0,511.35,22.02,61.54,13.4,0.11,0.1,514.12,511.38,443.31,
2020-11-13 21:00:00,2020,11,5,0,21,0,470.48,15.0,68.71,11.9,0.0,0.0,514.71,511.28,511.35,
2020-11-13 23:00:00,2020,11,5,0,23,0,460.11,30.96,85.19,1.59,0.29,0.25,511.3,510.93,,
2020-11-14 01:00:00,2020,11,6,1,1,1,492.09,15.0,30.33,14.96,0.31,0.27,511.8,510.35,,
2020-11-14 10:00:00,2020,11,6,1,10,1,566.36,23.63,42.54,11.08,0.17,0.16,482.07,507.37,,
2020-11-15 02:00:00,2020,11,7,1,2,1,531.49,34.49,50.39,1.3,1.5,0.92,478.73,506.98,,
2020-11-15 04:00:00,2020,11,7,1,4,1,505.26,32.63,86.22,14.66,0.03,0.03,482.66,506.38,,
2020-11-15 17:00:00,2020,11,7,1,17,1,534.42,19.77,68.5,6.13,0.26,0.23,494.25,507.63,,
2020-11-15 18:00:00,2020,11,7,1,18,1,420.83,34.58,49.6,7.65,0.06,0.06,490.34,507.05,534.42,
2020-11-15 19:00:00,2020,11,7,1,19,1,471.81,18.88,49.15,2.33,0.5,0.41,487.55,506.88,420.83,
2020-11-16 00:00:00,2020,11,1,0,0,0,484.48,15.0,68.02,5.51,0.28,0.25,488.99,506.95,,
2020-11-16 04:00:00,2020,11,1,0,4,0,524.78,25.79,61.23,8.94,0.24,0.22,487.66,507.83,,505.26
2020-11-16 09:00:00,2020,11,1,0,9,0,514.86,29.15,54.51,4.46,0.01,0.01,483.22,507.42,,
2020-11-16 11:00:00,2020,11,1,0,11,0,479.15,25.75,36.39,4.1,0.16,0.15,483.53,507.28,,
2020-11-17 01:00:00,2020,11,2,0,1,0,505.87,20.78,79.66,4.35,0.39,0.33,495.39,506.76,,
2020-11-17 05:00:00,2020,11,2,0,5,0,406.7,26.51,60.95,2.42,0.0,0.0,494.73,506.11,,
2020-11-17 07:00:00,2020,11,2,0,7,0,499.04,20.88,62.72,13.64,0.12,0.11,498.55,506.84,,
2020-11-17 10:00:00,2020,11,2,0,10,0,507.65,32.81,36.26,9.37,0.62,0.48,498.08,507.03,,
2020-11-17 15:00:00,2020,11,2,0,15,0,580.97,24.5,42.81,3.26,0.48,0.39,504.56,507.69,,
2020-11-17 16:00:00,2020,11,2,0,16,0,528.21,23.53,70.22,13.54,0.08,0.08,504.38,507.73,580.97,
2020-11-17 20:00:00,2020,11,2,0,20,0,505.65,25.97,53.8,11.97,0.37,0.31,516.42,508.37,,
2020-11-17 21:00:00,2020,11,2,0,21,0,453.39,16.84,74.86,1.38,0.18,0.17,512.63,508.06,505.65,
2020-11-18 12:00:00,2020,11,3,0,12,0,426.81,20.19,51.7,12.87,0.44,0.36,511.06,507.34,,
2020-11-18 15:00:00,2020,11,3,0,15,0,399.14,16.85,44.08,14.72,0.05,0.05,506.32,507.68,,580.97
2020-11-18 17:00:00,2020,11,3,0,17,0,530.88,25.7,49.21,8.26,0.43,0.36,506.7,507.39,,
2020-11-18 18:00:00,2020,11,3,0,18,0,483.65,25.05,36.74,0.55,0.63,0.49,506.25,507.55,530.88,
2020-11-18 19:00:00,2020,11,3,0,19,0,475.5,19.46,59.87,8.62,0.17,0.16,503.2,507.57,483.65,
2020-11-18 22:00:00,2020,11,3,0,22,0,489.14,17.43,55.2,11.08,0.24,0.22,506.58,507.55,,
2020-11-19 01:00:00,2020,11,4,0,1,0,526.9,15.0,33.52,5.69,0.24,0.22,514.19,509.2,,
2020-11-19 06:00:00,2020,11,4,0,6,0,492.33,30.75,47.34,11.63,0.15,0.14,507.86,508.76,,
2020-11-19 16:00:00,2020,11,4,0,16,0,542.09,36.27,62.78,2.32,0.26,0.23,509.53,510.01,,
2020-11-20 00:00:00,2020,11,5,0,0,0,525.68,15.0,79.73,13.21,0.31,0.27,503.9,509.31,,
2020-11-20 01:00:00,2020,11,5,0,1,0,513.2,26.39,49.4,10.28,0.01,0.01,503.33,509.07,525.68,526.9
2020-11-20 03:00:00,2020,11,5,0,3,0,561.86,21.97,85.78,12.14,0.15,0.14,506.79,508.8,,
2020-11-20 04:00:00,2020,11,5,0,4,0,458.75,36.92,42.66,10.78,0.26,0.23,507.17,508.71,561.86,
2020-11-20 07:00:00,2020,11,5,0,7,0,539.08,32.22,51.63,1.92,0.73,0.55,505.33,508.53,,
2020-11-20 10:00:00,2020,11,5,0,10,0,504.67,21.86,40.59,8.94,0.02,0.02,503.1,507.29,,
2020-11-21 04:00:00,2020,11,6,1,4,1,505.78,15.0,31.04,4.95,0.16,0.15,489.79,506.85,,458.75
2020-11-21 06:00:00,2020,11,6,1,6,1,454.71,29.5,52.1,1.96,0.78,0.58,485.43,506.42,,
2020-11-21 11:00:00,2020,11,6,1,11,1,532.04,16.07,71.44,5.25,0.06,0.06,489.86,508.3,,
2020-11-21 12:00:00,2020,11,6,1,12,1,483.73,31.65,54.74,9.88,0.08,0.08,489.56,508.37,532.04,
2020-11-21 14:00:00,2020,11,6,1,14,1,522.34,26.94,52.79,6.25,0.76,0.57,498.03,508.72,,
2020-11-21 15:00:00,2020,11,6,1,15,1,511.63,31.55,87.57,5.34,0.03,0.03,497.48,508.71,522.34,
2020-11-22 05:00:00,2020,11,7,1,5,1,451.54,24.53,43.88,11.56,0.05,0.05,506.88,509.94,,
2020-11-23 01:00:00,2020,11,1,0,1,0,438.63,26.51,65.88,0.85,0.59,0.46,473.17,508.4,,
2020-11-23 09:00:00,2020,11,1,0,9,0,529.65,29.41,30.32,11.73,0.5,0.41,479.25,509.23,,
2020-11-23 11:00:00,2020,11,1,0,11,0,457.61,19.61,56.37,0.9,0.02,0.02,482.91,509.32,,
2020-11-23 15:00:00,2020,11,1,0,15,0,466.07,30.04,62.8,12.73,0.72,0.54,495.91,509.25,,
2020-11-23 16:00:00,2020,11,1,0,16,0,530.58,25.77,40.49,8.24,0.35,0.3,494.83,509.24,466.07,
2020-11-23 18:00:00,2020,11,1,0,18,0,524.05,26.62,58.13,13.8,0.02,0.02,494.63,509.76,,
2020-11-23 20:00:00,2020,11,1,0,20,0,430.78,31.32,85.48,12.05,0.07,0.07,494.45,510.02,,
2020-11-23 22:00:00,2020,11,1,0,22,0,609.11,25.04,63.13,5.83,0.05,0.05,497.51,509.84,,
2020-11-23 23:00:00,2020,11,1,0,23,0,510.14,17.07,71.62,12.79,0.2,0.18,499.51,509.28,609.11,
2020-11-24 00:00:00,2020,11,2,0,0,0,615.02,34.17,60.65,0.01,0.11,0.1,505.57,510.29,510.14,
2020-11-24 07:00:00,2020,11,2,0,7,0,460.04,21.15,84.23,1.2,0.05,0.05,504.61,509.56,,
2020-11-24 08:00:00,2020,11,2,0,8,0,551.95,26.93,38.06,12.83,0.09,0.09,504.81,510.09,460.04,
2020-11-24 22:00:00,2020,11,2,0,22,0,448.85,26.34,44.6,5.27,0.03,0.03,503.34,509.22,,609.11
2020-11-24 23:00:00,2020,11,2,0,23,0,580.32,22.43,56.81,3.99,0.28,0.25,506.26,509.58,448.85,510.14
2020-11-25 06:00:00,2020,11,3,0,6,0,611.78,19.49,46.89,6.49,0.48,0.39,508.59,509.59,,
2020-11-25 13:00:00,2020,11,3,0,13,0,538.14,25.36,44.21,8.01,0.11,0.1,502.66,508.17,,
2020-11-25 14:00:00,2020,11,3,0,14,0,492.1,17.22,39.2,6.21,0.1,0.1,502.23,507.63,538.14,
2020-11-25 16:00:00,2020,11,3,0,16,0,526.76,33.62,84.08,13.98,0.11,0.1,499.33,508.32,,
2020-11-25 22:00:00,2020,11,3,0,22,0,383.28,25.94,42.5,7.44,0.32,0.28,494.25,507.43,,448.85
2020-11-26 00:00:00,2020,11,4,0,0,0,546.39,18.04,83.17,12.32,0.03,0.03,492.56,507.13,,
2020-11-26 07:00:00,2020,11,4,0,7,0,615.08,17.86,73.66,10.37,0.05,0.05,500.95,507.91,,
2020-11-26 10:00:00,2020,11,4,0,10,0,441.28,28.26,85.99,10.0,0.39,0.33,500.27,507.3,,
2020-11-26 15:00:00,2020,11,4,0,15,0,513.29,27.33,46.67,8.29,0.04,0.04,495.15,506.31,,
2020-11-26 16:00:00,2020,11,4,0,16,0,470.23,17.41,76.31,3.27,0.04,0.04,492.79,505.88,513.29,526.76
2020-11-26 20:00:00,2020,11,4,0,20,0,574.37,24.47,75.61,1.27,0.05,0.05,492.72,507.06,,
2020-11-27 02:00:00,2020,11,5,0,2,0,512.83,24.88,73.7,0.7,0.08,0.08,501.0,506.76,,
2020-11-27 14:00:00,2020,11,5,0,14,0,448.86,28.12,89.93,12.04,0.37,0.31,503.68,507.5,,
2020-11-27 17:00:00,2020,11,5,0,17,0,497.39,24.12,56.62,10.63,0.01,0.01,505.52,507.54,,
2020-11-27 21:00:00,2020,11,5,0,21,0,556.7,27.28,33.3,8.21,0.11,0.1,503.71,508.04,,
2020-11-28 02:00:00,2020,11,6,1,2,1,531.12,15.0,87.98,2.52,0.03,0.03,512.71,509.95,,512.83
2020-11-28 07:00:00,2020,11,6,1,7,1,449.85,23.88,68.76,4.7,0.02,0.02,514.45,509.83,,
2020-11-28 13:00:00,2020,11,6,1,13,1,586.82,28.64,49.27,12.1,0.37,0.31,515.7,510.52,,
2020-11-28 15:00:00,2020,11,6,1,15,1,546.13,23.44,65.37,3.7,0.15,0.14,521.07,510.78,,
2020-11-28 18:00:00,2020,11,6,1,18,1,409.31,27.78,57.63,1.12,0.24,0.22,515.0,509.43,,
2020-11-29 00:00:00,2020,11,7,1,0,1,533.84,23.61,47.99,1.78,0.43,0.36,509.37,509.43,,
2020-11-29 14:00:00,2020,11,7,1,14,1,568.38,25.77,36.99,14.55,0.61,0.48,503.23,512.48,,
2020-11-29 15:00:00,2020,11,7,1,15,1,425.74,18.12,32.84,5.88,0.11,0.1,498.21,512.59,568.38,546.13
2020-11-29 19:00:00,2020,11,7,1,19,1,555.17,28.45,55.31,6.97,0.02,0.02,502.44,512.68,,
2020-11-30 03:00:00,2020,11,1,0,3,0,522.93,19.33,85.08,12.97,0.45,0.37,498.05,514.13,,
2020-11-30 06:00:00,2020,11,1,0,6,0,488.27,26.75,62.61,1.81,0.58,0.46,492.06,513.53,,
2020-11-30 07:00:00,2020,11,1,0,7,0,598.37,17.73,37.12,2.4,0.1,0.1,498.43,514.06,488.27,
2020-11-30 09:00:00,2020,11,1,0,9,0,558.7,18.62,74.2,10.65,0.05,0.05,502.77,513.7,,
2020-11-30 10:00:00,2020,11,1,0,10,0,579.24,15.0,61.54,13.42,0.18,0.17,508.06,513.89,558.7,
2020-11-30 12:00:00,2020,11,1,0,12,0,466.01,26.67,80.06,12.65,0.0,0.0,505.39,514.11,,
2020-11-30 14:00:00,2020,11,1,0,14,0,509.75,22.86,62.19,1.04,0.06,0.06,503.37,513.93,,568.38
2020-11-30 18:00:00,2020,11,1,0,18,0,546.67,21.37,47.3,5.8,0.09,0.09,506.68,514.05,,
2020-12-01 16:00:00,2020,12,2,0,16,0,476.18,19.46,47.23,1.82,0.18,0.17,510.55,514.31,,
2020-12-01 17:00:00,2020,12,2,0,17,0,595.61,28.01,35.84,6.18,0.09,0.09,513.59,515.19,476.18,
2020-12-01 18:00:00,2020,12,2,0,18,0,525.32,19.65,70.02,14.77,0.14,0.13,512.7,514.97,595.61,546.67
2020-12-01 23:00:00,2020,12,2,0,23,0,492.76,24.06,57.55,14.37,0.11,0.1,517.64,515.48,,
2020-12-02 05:00:00,2020,12,3,0,5,0,515.68,28.43,44.67,1.03,0.4,0.34,516.92,516.76,,
2020-12-02 07:00:00,2020,12,3,0,7,0,521.2,20.85,59.75,13.49,0.2,0.18,517.5,516.55,,
2020-12-02 09:00:00,2020,12,3,0,9,0,487.64,27.36,52.11,14.62,0.09,0.09,522.36,517.76,,
2020-12-02 22:00:00,2020,12,3,0,22,0,558.15,18.71,61.0,10.18,0.05,0.05,518.59,518.78,,
2020-12-03 00:00:00,2020,12,4,0,0,0,444.71,24.31,64.98,11.49,0.2,0.18,520.97,518.78,,
2020-12-03 19:00:00,2020,12,4,0,19,0,521.15,25.88,75.62,7.06,0.55,0.44,505.36,518.78,,
2020-12-04 00:00:00,2020,12,5,0,0,0,455.83,17.08,64.85,4.4,0.17,0.16,499.45,518.69,,444.71
2020-12-04 03:00:00,2020,12,5,0,3,0,452.55,24.81,88.31,13.4,0.49,0.4,500.12,518.37,,
2020-12-04 06:00:00,2020,12,5,0,6,0,454.39,16.53,68.82,0.46,0.12,0.11,492.76,518.27,,
2020-12-04 10:00:00,2020,12,5,0,10,0,457.27,40.0,49.79,4.26,0.1,0.1,497.38,518.24,,
2020-12-04 16:00:00,2020,12,5,0,16,0,516.6,36.51,43.87,10.66,0.05,0.05,506.28,518.78,,
2020-12-04 20:00:00,2020,12,5,0,20,0,508.43,36.3,34.83,3.32,0.09,0.09,500.74,518.78,,
2020-12-04 23:00:00,2020,12,5,0,23,0,496.59,15.0,47.8,1.16,0.33,0.29,498.83,518.34,,
2020-12-05 04:00:00,2020,12,6,1,4,1,479.8,15.65,54.43,13.25,0.06,0.06,506.74,517.02,,
2020-12-05 05:00:00,2020,12,6,1,5,1,539.17,23.43,38.13,11.71,0.19,0.17,509.76,517.51,479.8,
2020-12-05 07:00:00,2020,12,6,1,7,1,486.0,15.79,70.02,10.63,0.44,0.36,509.77,517.95,,
2020-12-05 09:00:00,2020,12,6,1,9,1,512.17,32.81,74.95,12.91,0.03,0.03,503.89,517.31,,
2020-12-05 17:00:00,2020,12,6,1,17,1,529.62,15.53,34.3,14.92,0.36,0.31,504.25,517.83,,
2020-12-05 23:00:00,2020,12,6,1,23,1,537.83,26.95,88.24,5.62,0.06,0.06,510.79,518.15,,496.59
2020-12-06 04:00:00,2020,12,7,1,4,1,498.03,34.38,56.45,7.44,0.02,0.02,512.36,517.53,,479.8
2020-12-06 07:00:00,2020,12,7,1,7,1,512.23,26.19,49.92,9.33,0.02,0.02,509.63,517.83,,486.0
2020-12-06 10:00:00,2020,12,7,1,10,1,519.09,21.24,47.71,4.46,0.21,0.19,514.96,518.78,,
2020-12-06 11:00:00,2020,12,7,1,11,1,588.18,19.47,62.15,3.25,0.02,0.02,518.76,518.78,519.09,
2020-12-06 14:00:00,2020,12,7,1,14,1,467.61,36.85,69.16,4.6,0.09,0.09,513.95,518.28,,
2020-12-07 00:00:00,2020,12,1,0,0,0,432.02,31.94,38.81,14.71,0.18,0.17,501.61,518.06,,
2020-12-07 11:00:00,2020,12,1,0,11,0,427.63,29.78,50.39,0.02,0.23,0.21,487.64,516.36,,588.18
2020-12-07 20:00:00,2020,12,1,0,20,0,454.68,28.57,71.24,11.19,0.07,0.07,491.11,516.13,,
2020-12-08 08:00:00,2020,12,2,0,8,0,455.26,29.42,77.2,12.84,0.06,0.06,498.05,514.92,,
2020-12-08 14:00:00,2020,12,2,0,14,0,526.1,34.52,79.18,3.7,0.19,0.17,502.29,516.23,,
2020-12-09 01:00:00,2020,12,3,0,1,0,525.14,19.45,48.16,6.35,0.11,0.1,509.1,514.68,,
2020-12-09 02:00:00,2020,12,3,0,2,0,489.61,28.0,83.37,14.02,0.05,0.05,508.05,514.13,525.14,
2020-12-09 06:00:00,2020,12,3,0,6,0,438.97,21.83,62.59,7.04,0.04,0.04,498.21,512.2,,
2020-12-09 07:00:00,2020,12,3,0,7,0,513.97,32.53,49.72,9.97,0.01,0.01,496.47,512.15,438.97,
2020-12-09 16:00:00,2020,12,3,0,16,0,572.93,36.13,87.05,14.26,0.2,0.18,502.75,512.93,,
2020-12-09 17:00:00,2020,12,3,0,17,0,554.41,29.48,72.62,3.13,0.01,0.01,504.06,513.16,572.93,
2020-12-09 18:00:00,2020,12,3,0,18,0,597.6,25.02,61.87,7.18,0.13,0.12,507.53,513.59,554.41,
2020-12-10 02:00:00,2020,12,4,0,2,0,615.08,25.99,53.08,13.34,0.02,0.02,502.06,511.96,,489.61
2020-12-10 06:00:00,2020,12,4,0,6,0,439.59,18.92,52.38,14.48,0.15,0.14,508.36,511.58,,438.97
2020-12-10 10:00:00,2020,12,4,0,10,0,585.29,21.49,60.29,7.19,0.28,0.25,506.29,512.2,,
2020-12-10 13:00:00,2020,12,4,0,13,0,518.38,26.42,56.77,8.21,0.42,0.35,508.36,512.92,,
2020-12-10 14:00:00,2020,12,4,0,14,0,529.96,20.68,58.27,7.58,0.04,0.04,510.09,512.74,518.38,
2020-12-10 19:00:00,2020,12,4,0,19,0,520.55,18.24,57.22,13.43,0.72,0.54,493.99,511.66,,
2020-12-10 20:00:00,2020,12,4,0,20,0,557.91,19.99,57.82,7.65,0.02,0.02,498.23,512.06,520.55,
2020-12-10 22:00:00,2020,12,4,0,22,0,489.4,26.8,49.56,14.95,0.29,0.25,500.38,511.75,,
2020-12-11 00:00:00,2020,12,5,0,0,0,500.36,20.62,52.82,10.1,0.14,0.13,497.65,511.71,,
2020-12-11 11:00:00,2020,12,5,0,11,0,482.0,29.25,52.87,1.22,0.12,0.11,501.95,513.67,,
2020-12-12 05:00:00,2020,12,6,1,5,1,455.71,28.06,57.31,5.66,0.2,0.18,494.43,510.42,,
2020-12-12 06:00:00,2020,12,6,1,6,1,404.81,19.4,84.06,10.85,0.3,0.26,488.81,509.78,455.71,
2020-12-12 10:00:00,2020,12,6,1,10,1,511.09,21.88,88.62,2.22,0.16,0.15,488.55,510.86,,
2020-12-12 12:00:00,2020,12,6,1,12,1,383.28,18.5,76.07,11.71,0.08,0.08,480.44,510.17,,
2020-12-12 22:00:00,2020,12,6,1,22,1,575.5,32.37,30.73,8.13,0.11,0.1,491.5,509.49,,
2020-12-12 23:00:00,2020,12,6,1,23,1,522.49,19.54,87.36,0.65,0.1,0.1,489.43,509.4,575.5,
2020-12-13 18:00:00,2020,12,7,1,18,1,509.89,19.37,50.03,14.95,0.06,0.06,503.68,508.9,,
2020-12-13 21:00:00,2020,12,7,1,21,1,539.18,30.52,70.5,11.01,0.3,0.26,505.16,508.74,,
2020-12-14 00:00:00,2020,12,1,0,0,0,513.49,24.55,50.35,13.27,0.12,0.11,498.61,508.98,,
2020-12-14 01:00:00,2020,12,1,0,1,0,471.81,28.33,39.53,4.72,0.17,0.16,496.5,509.18,513.49,
2020-12-14 05:00:00,2020,12,1,0,5,0,512.48,34.9,44.75,8.25,0.01,0.01,499.85,508.8,,
2020-12-14 08:00:00,2020,12,1,0,8,0,516.81,37.58,89.14,0.42,0.23,0.21,509.08,510.36,,
2020-12-14 12:00:00,2020,12,1,0,12,0,524.35,30.08,34.42,14.79,0.01,0.01,509.0,510.27,,
2020-12-14 21:00:00,2020,12,1,0,21,0,506.95,15.0,37.29,10.17,0.37,0.31,509.67,512.01,,539.18
2020-12-15 01:00:00,2020,12,2,0,1,0,506.81,31.21,55.59,5.52,0.24,0.22,515.03,512.77,,471.81
2020-12-15 06:00:00,2020,12,2,0,6,0,467.66,20.07,45.29,0.56,0.21,0.19,516.01,512.54,,
2020-12-15 11:00:00,2020,12,2,0,11,0,469.66,27.9,67.96,5.99,0.04,0.04,501.03,510.64,,
2020-12-15 22:00:00,2020,12,2,0,22,0,426.87,29.85,72.34,1.47,0.33,0.29,489.79,509.65,,
2020-12-15 23:00:00,2020,12,2,0,23,0,496.45,19.07,72.29,12.38,0.08,0.08,489.12,509.67,426.87,
2020-12-16 04:00:00,2020,12,3,0,4,0,527.84,15.0,81.14,12.47,0.25,0.22,494.23,511.9,,
2020-12-16 06:00:00,2020,12,3,0,6,0,457.74,18.05,81.5,4.56,0.06,0.06,489.75,511.31,,467.66
2020-12-16 08:00:00,2020,12,3,0,8,0,562.16,22.05,51.48,10.2,0.63,0.49,501.96,512.02,,
2020-12-16 15:00:00,2020,12,3,0,15,0,567.6,16.34,80.42,12.7,0.19,0.17,511.75,511.71,,
2020-12-16 20:00:00,2020,12,3,0,20,0,491.23,17.53,65.52,14.56,0.2,0.18,514.62,511.44,,
2020-12-16 21:00:00,2020,12,3,0,21,0,496.66,23.68,46.31,4.71,0.61,0.48,514.43,511.55,491.23,
2020-12-17 08:00:00,2020,12,4,0,8,0,407.27,32.88,58.86,10.38,0.39,0.33,500.02,510.74,,562.16
2020-12-17 12:00:00,2020,12,4,0,12,0,591.1,27.65,30.73,7.62,0.26,0.23,501.46,510.37,,
2020-12-17 15:00:00,2020,12,4,0,15,0,446.18,25.81,62.99,7.68,0.39,0.33,498.71,510.42,,567.6
2020-12-17 18:00:00,2020,12,4,0,18,0,446.73,19.61,89.21,13.22,0.41,0.34,488.19,510.42,,
2020-12-18 01:00:00,2020,12,5,0,1,0,566.15,28.03,30.73,8.72,0.17,0.16,492.45,510.5,,
2020-12-18 02:00:00,2020,12,5,0,2,0,435.09,21.8,47.96,3.82,0.02,0.02,489.06,509.86,566.15,
2020-12-18 07:00:00,2020,12,5,0,7,0,444.49,21.27,53.63,5.14,0.41,0.34,488.38,508.99,,
2020-12-18 10:00:00,2020,12,5,0,10,0,425.84,33.15,47.29,3.86,0.26,0.23,489.04,508.2,,
2020-12-18 11:00:00,2020,12,5,0,11,0,494.65,24.48,79.79,9.9,0.37,0.31,489.46,508.28,425.84,
2020-12-18 15:00:00,2020,12,5,0,15,0,577.85,22.23,83.66,1.2,0.3,0.26,486.6,508.02,,446.18
2020-12-18 17:00:00,2020,12,5,0,17,0,561.75,26.4,82.47,6.85,0.03,0.03,493.66,508.89,,
2020-12-18 19:00:00,2020,12,5,0,19,0,504.06,36.9,37.29,13.56,0.19,0.17,498.6,510.3,,
2020-12-19 06:00:00,2020,12,6,1,6,1,419.85,23.41,47.73,1.66,0.07,0.07,495.16,510.5,,
2020-12-19 11:00:00,2020,12,6,1,11,1,507.4,30.1,58.46,8.88,0.02,0.02,498.6,509.89,,494.65
2020-12-19 13:00:00,2020,12,6,1,13,1,503.86,24.49,47.74,2.68,0.18,0.17,499.93,509.98,,
2020-12-19 18:00:00,2020,12,6,1,18,1,550.24,17.73,86.19,11.08,0.28,0.25,497.81,511.71,,
2020-12-19 19:00:00,2020,12,6,1,19,1,512.23,29.15,73.31,3.2,0.46,0.38,498.15,511.33,550.24,504.06
2020-12-19 20:00:00,2020,12,6,1,20,1,564.32,26.07,39.38,7.16,0.06,0.06,502.94,511.49,512.23,
2020-12-20 05:00:00,2020,12,7,1,5,1,549.28,34.1,70.54,11.71,0.13,0.12,518.78,513.67,,
2020-12-20 14:00:00,2020,12,7,1,14,1,480.53,29.22,75.86,5.25,0.02,0.02,526.93,515.47,,
2020-12-21 02:00:00,2020,12,1,0,2,0,560.42,27.74,71.51,6.9,0.16,0.15,526.93,518.13,,
2020-12-21 08:00:00,2020,12,1,0,8,0,561.12,27.55,88.43,1.29,0.03,0.03,526.93,518.31,,
2020-12-21 12:00:00,2020,12,1,0,12,0,471.26,24.67,47.88,6.75,0.07,0.07,526.93,518.78,,
2020-12-21 13:00:00,2020,12,1,0,13,0,458.27,15.77,58.43,9.24,0.37,0.31,526.93,518.78,471.26,
2020-12-21 14:00:00,2020,12,1,0,14,0,573.47,29.0,42.49,12.14,0.25,0.22,526.93,518.62,458.27,480.53
2020-12-21 21:00:00,2020,12,1,0,21,0,489.62,19.57,42.47,13.37,0.32,0.28,520.07,517.64,,
2020-12-21 23:00:00,2020,12,1,0,23,0,531.76,24.88,53.84,9.63,0.0,0.0,512.69,517.22,,
2020-12-22 03:00:00,2020,12,2,0,3,0,495.47,33.53,65.59,4.6,0.01,0.01,501.61,516.24,,
2020-12-22 04:00:00,2020,12,2,0,4,0,554.66,15.0,75.51,8.96,0.12,0.11,505.28,516.73,495.47,
2020-12-22 09:00:00,2020,12,2,0,9,0,510.93,20.96,88.94,11.46,0.34,0.29,495.69,517.76,,
2020-12-22 11:00:00,2020,12,2,0,11,0,459.71,30.33,51.06,14.14,0.28,0.25,491.63,518.02,,
2020-12-22 21:00:00,2020,12,2,0,21,0,528.8,31.1,49.24,3.76,0.15,0.14,490.8,517.13,,489.62
2020-12-23 06:00:00,2020,12,3,0,6,0,555.68,27.47,77.6,9.6,0.42,0.35,501.02,517.81,,
2020-12-23 14:00:00,2020,12,3,0,14,0,553.13,21.3,32.01,12.88,0.46,0.38,498.54,516.85,,
2020-12-23 21:00:00,2020,12,3,0,21,0,561.98,26.28,54.15,11.97,0.46,0.38,509.72,516.44,,528.8
2020-12-24 14:00:00,2020,12,4,0,14,0,445.66,25.42,58.86,11.89,0.94,0.66,498.03,516.02,,553.13
2020-12-24 18:00:00,2020,12,4,0,18,0,489.92,32.08,37.08,7.95,0.37,0.31,487.93,515.95,,
2020-12-25 14:00:00,2020,12,5,0,14,0,477.27,15.0,86.55,14.09,0.0,0.0,481.83,516.12,,445.66
2020-12-25 15:00:00,2020,12,5,0,15,0,456.02,18.13,35.28,12.74,0.22,0.2,480.93,515.38,477.27,
2020-12-25 17:00:00,2020,12,5,0,17,0,504.07,15.23,79.03,0.56,0.05,0.05,487.72,514.82,,
2020-12-25 21:00:00,2020,12,5,0,21,0,507.37,23.39,79.91,10.57,0.11,0.1,499.2,515.4,,
2020-12-26 04:00:00,2020,12,6,1,4,1,507.96,20.74,89.83,0.48,0.17,0.16,498.42,515.24,,
2020-12-26 08:00:00,2020,12,6,1,8,1,507.87,39.24,58.94,13.7,0.05,0.05,489.78,515.29,,
2020-12-26 20:00:00,2020,12,6,1,20,1,454.89,38.73,88.77,12.73,0.13,0.12,497.57,514.54,,
2020-12-26 22:00:00,2020,12,6,1,22,1,524.89,22.12,42.5,11.43,0.13,0.12,500.1,514.98,,
2020-12-27 00:00:00,2020,12,7,1,0,1,509.67,34.2,44.78,4.92,0.02,0.02,506.73,514.94,,
2020-12-27 08:00:00,2020,12,7,1,8,1,488.05,25.48,47.62,8.83,0.36,0.31,502.57,511.59,,507.87
2020-12-27 13:00:00,2020,12,7,1,13,1,487.67,25.93,54.22,11.59,0.13,0.12,499.75,510.32,,
2020-12-27 14:00:00,2020,12,7,1,14,1,490.75,27.03,43.77,7.19,0.62,0.48,497.67,510.38,487.67,
2020-12-27 23:00:00,2020,12,7,1,23,1,500.6,25.76,81.4,5.5,0.6,0.47,489.41,508.03,,
2020-12-28 01:00:00,2020,12,1,0,1,0,529.9,30.44,41.0,10.45,0.17,0.16,489.14,507.99,,
2020-12-28 02:00:00,2020,12,1,0,2,0,460.83,23.79,75.38,5.21,0.12,0.11,488.58,507.39,529.9,
2020-12-28 06:00:00,2020,12,1,0,6,0,580.11,22.84,76.94,13.93,0.19,0.17,491.69,506.76,,
2020-12-28 08:00:00,2020,12,1,0,8,0,477.32,36.86,74.94,6.8,0.45,0.37,498.22,506.61,,488.05
2020-12-28 09:00:00,2020,12,1,0,9,0,430.67,17.11,49.88,6.55,0.15,0.14,494.13,505.7,477.32,
2020-12-28 14:00:00,2020,12,1,0,14,0,527.23,30.98,34.31,12.9,0.26,0.23,497.67,504.92,,490.75
2020-12-28 15:00:00,2020,12,1,0,15,0,505.7,16.65,70.42,11.9,0.96,0.67,502.83,504.92,527.23,
2020-12-28 18:00:00,2020,12,1,0,18,0,543.93,25.56,86.41,13.05,0.0,0.0,503.46,505.49,,
2020-12-28 19:00:00,2020,12,1,0,19,0,504.34,25.49,55.78,9.67,0.99,0.69,502.86,505.71,543.93,
2020-12-29 00:00:00,2020,12,2,0,0,0,479.47,23.06,87.15,8.02,0.0,0.0,503.64,507.11,,
2020-12-29 05:00:00,2020,12,2,0,5,0,472.07,26.82,73.73,3.29,0.37,0.31,509.01,507.1,,
2020-12-29 09:00:00,2020,12,2,0,9,0,461.93,33.89,43.9,2.42,0.29,0.25,510.36,507.84,,430.67
2020-12-29 10:00:00,2020,12,2,0,10,0,437.57,28.56,64.29,4.99,0.23,0.21,507.06,506.81,461.93,
2020-12-30 01:00:00,2020,12,3,0,1,0,485.66,25.06,62.05,4.55,0.66,0.51,502.5,507.8,,
2020-12-30 17:00:00,2020,12,3,0,17,0,459.4,25.49,77.13,9.25,0.19,0.17,500.49,506.51,,
2020-12-30 20:00:00,2020,12,3,0,20,0,555.15,32.11,82.03,13.03,0.5,0.41,496.55,506.23,,
2020-12-31 02:00:00,2020,12,4,0,2,0,521.93,25.49,79.65,14.49,0.32,0.28,498.85,506.57,,
2020-12-31 05:00:00,2020,12,4,0,5,0,515.11,27.62,39.5,0.78,0.38,0.32,503.97,507.65,,
2020-12-31 06:00:00,2020,12,4,0,6,0,511.05,31.49,55.98,5.12,0.09,0.09,505.83,508.44,515.11,
2020-12-31 14:00:00,2020,12,4,0,14,0,494.79,24.95,44.24,1.43,0.68,0.52,507.97,508.31,,
2020-12-31 15:00:00,2020,12,4,0,15,0,540.59,15.0,37.77,8.72,0.04,0.04,506.98,508.7,494.79,
2020-12-31 20:00:00,2020,12,4,0,20,0,530.1,29.09,44.93,2.62,0.01,0.01,511.51,510.46,,555.15
2021-01-01 00:00:00,2021,1,5,0,0,0,501.25,22.96,49.12,14.06,0.78,0.58,516.19,511.35,,
2021-01-01 01:00:00,2021,1,5,0,1,0,541.0,18.46,87.19,9.16,0.68,0.52,516.28,511.55,501.25,
2021-01-01 02:00:00,2021,1,5,0,2,0,475.97,15.0,41.39,7.73,0.28,0.25,514.37,511.39,541.0,521.93
2021-01-01 04:00:00,2021,1,5,0,4,0,544.76,29.1,48.46,6.0,0.14,0.13,516.45,512.55,,
2021-01-01 06:00:00,2021,1,5,0,6,0,477.96,39.35,78.51,6.84,0.03,0.03,517.05,512.09,,511.05
2021-01-01 10:00:00,2021,1,5,0,10,0,583.36,28.08,51.25,13.98,0.42,0.35,515.63,511.58,,
2021-01-01 13:00:00,2021,1,5,0,13,0,500.47,24.42,46.37,9.19,0.09,0.09,518.05,513.49,,
2021-01-01 19:00:00,2021,1,5,0,19,0,556.17,30.61,59.82,9.47,0.08,0.08,526.93,514.63,,
2021-01-01 22:00:00,2021,1,5,0,22,0,463.17,26.46,71.48,14.45,0.07,0.07,525.88,514.94,,
2021-01-02 10:00:00,2021,1,6,1,10,1,523.79,23.98,54.97,0.08,0.13,0.12,516.13,515.73,,583.36
2021-01-02 15:00:00,2021,1,6,1,15,1,511.46,31.35,39.21,4.66,0.41,0.34,507.55,514.99,,
2021-01-02 16:00:00,2021,1,6,1,16,1,507.59,40.0,45.63,14.07,0.08,0.08,503.3,514.52,511.46,
2021-01-03 01:00:00,2021,1,7,1,1,1,480.87,38.02,84.98,0.46,0.07,0.07,496.96,513.56,,
2021-01-03 05:00:00,2021,1,7,1,5,1,522.19,25.27,67.62,11.14,0.2,0.18,499.6,514.66,,
2021-01-03 07:00:00,2021,1,7,1,7,1,540.74,28.63,81.07,14.46,0.01,0.01,500.37,515.01,,
2021-01-03 08:00:00,2021,1,7,1,8,1,483.24,23.63,60.77,1.65,0.17,0.16,496.34,514.98,540.74,
2021-01-03 09:00:00,2021,1,7,1,9,1,535.73,27.49,63.86,9.01,0.22,0.2,501.37,515.02,483.24,
2021-01-03 10:00:00,2021,1,7,1,10,1,481.56,27.76,83.17,5.58,0.18,0.17,499.61,514.7,535.73,523.79
2021-01-03 12:00:00,2021,1,7,1,12,1,474.08,29.45,65.4,10.87,0.17,0.16,502.99,515.0,,
2021-01-03 14:00:00,2021,1,7,1,14,1,421.69,26.74,62.5,3.49,0.43,0.36,497.74,514.51,,
2021-01-03 19:00:00,2021,1,7,1,19,1,461.89,36.65,56.06,3.02,0.64,0.49,500.27,515.32,,
2021-01-03 21:00:00,2021,1,7,1,21,1,549.64,19.82,58.99,11.2,0.05,0.05,504.08,515.44,,
2021-01-04 00:00:00,2021,1,1,0,0,0,543.75,20.47,69.87,9.46,0.21,0.19,503.24,515.91,,
2021-01-04 01:00:00,2021,1,1,0,1,0,476.5,16.32,80.32,8.87,0.1,0.1,503.05,515.59,543.75,480.87
2021-01-04 07:00:00,2021,1,1,0,7,0,410.18,19.56,75.8,12.99,0.06,0.06,490.77,513.86,,540.74
2021-01-04 18:00:00,2021,1,1,0,18,0,454.06,27.19,54.09,6.72,0.43,0.36,485.79,513.09,,
2021-01-04 19:00:00,2021,1,1,0,19,0,528.08,20.62,30.93,0.54,0.06,0.06,488.55,513.23,454.06,461.89
2021-01-05 02:00:00,2021,1,2,0,2,0,576.75,36.4,66.12,14.75,0.7,0.53,494.12,513.9,,
2021-01-05 03:00:00,2021,1,2,0,3,0,524.78,32.37,63.02,8.44,0.01,0.01,494.04,514.4,576.75,
2021-01-05 06:00:00,2021,1,2,0,6,0,541.34,30.83,62.62,1.77,0.03,0.03,504.53,514.28,,
2021-01-05 14:00:00,2021,1,2,0,14,0,569.21,26.97,83.48,0.72,0.22,0.2,519.76,515.93,,
2021-01-05 16:00:00,2021,1,2,0,16,0,506.67,20.38,52.17,1.32,0.06,0.06,518.57,516.76,,
2021-01-05 19:00:00,2021,1,2,0,19,0,475.33,21.26,71.02,7.51,0.09,0.09,522.64,516.66,,528.08
2021-01-05 22:00:00,2021,1,2,0,22,0,521.95,21.02,35.37,14.96,0.53,0.43,519.38,515.67,,
2021-01-06 14:00:00,2021,1,3,0,14,0,484.12,24.46,40.95,12.52,0.02,0.02,489.43,515.19,,569.21
2021-01-06 16:00:00,2021,1,3,0,16,0,491.49,19.33,78.36,4.95,0.26,0.23,488.4,514.58,,506.67
2021-01-06 17:00:00,2021,1,3,0,17,0,399.97,15.0,84.25,2.29,0.3,0.26,486.73,514.22,491.49,
2021-01-06 19:00:00,2021,1,3,0,19,0,544.77,15.0,54.96,2.69,0.57,0.45,487.23,515.16,,475.33
2021-01-07 00:00:00,2021,1,4,0,0,0,498.61,15.0,37.2,6.95,0.53,0.43,484.04,513.62,,
2021-01-07 02:00:00,2021,1,4,0,2,0,480.61,31.1,74.6,4.9,0.02,0.02,481.5,512.8,,
2021-01-07 04:00:00,2021,1,4,0,4,0,532.45,40.0,72.89,9.94,0.1,0.1,483.71,512.73,,
2021-01-07 05:00:00,2021,1,4,0,5,0,562.24,15.0,53.45,3.96,0.01,0.01,487.14,513.02,532.45,
2021-01-07 06:00:00,2021,1,4,0,6,0,486.92,15.0,41.7,8.75,0.49,0.4,483.15,512.87,562.24,
2021-01-07 08:00:00,2021,1,4,0,8,0,490.8,23.02,54.63,10.02,0.11,0.1,488.55,513.16,,
2021-01-07 09:00:00,2021,1,4,0,9,0,541.44,25.8,36.91,7.6,0.23,0.21,491.27,513.3,490.8,
2021-01-07 10:00:00,2021,1,4,0,10,0,596.58,31.5,50.03,4.05,0.15,0.14,496.39,514.15,541.44,
2021-01-08 02:00:00,2021,1,5,0,2,0,585.38,27.85,40.94,0.58,0.24,0.22,512.73,512.56,,480.61
2021-01-08 05:00:00,2021,1,5,0,5,0,559.97,19.53,36.31,7.16,0.1,0.1,513.48,512.3,,562.24
2021-01-08 07:00:00,2021,1,5,0,7,0,515.42,21.17,51.13,1.6,0.49,0.4,513.59,513.31,,
2021-01-08 08:00:00,2021,1,5,0,8,0,558.56,16.16,58.39,8.56,0.22,0.2,516.41,513.85,515.42,490.8
2021-01-08 23:00:00,2021,1,5,0,23,0,610.11,15.92,51.37,13.5,0.55,0.44,517.02,511.14,,
2021-01-09 10:00:00,2021,1,6,1,10,1,546.91,17.17,39.56,14.24,0.08,0.08,502.89,510.99,,
2021-01-09 11:00:00,2021,1,6,1,11,1,598.24,32.38,69.04,13.71,0.35,0.3,505.38,511.98,546.91,
2021-01-10 05:00:00,2021,1,7,1,5,1,496.85,35.62,35.15,9.7,0.24,0.22,519.79,513.93,,
2021-01-10 07:00:00,2021,1,7,1,7,1,504.29,17.43,76.42,8.13,0.36,0.31,521.49,513.55,,
2021-01-10 10:00:00,2021,1,7,1,10,1,440.66,27.82,58.86,6.6,0.1,0.1,512.9,512.93,,546.91
2021-01-10 13:00:00,2021,1,7,1,13,1,477.12,22.54,64.43,5.66,0.05,0.05,501.44,512.86,,
2021-01-10 22:00:00,2021,1,7,1,22,1,551.81,29.13,48.8,2.53,0.21,0.19,492.36,512.61,,
2021-01-11 01:00:00,2021,1,1,0,1,0,421.45,28.78,48.83,0.82,0.06,0.06,493.42,511.92,,
2021-01-11 08:00:00,2021,1,1,0,8,0,425.14,40.0,44.27,12.02,0.12,0.11,486.55,512.64,,
2021-01-11 17:00:00,2021,1,1,0,17,0,525.34,32.39,89.01,13.97,0.05,0.05,490.25,513.2,,
2021-01-11 22:00:00,2021,1,1,0,22,0,481.09,26.18,51.36,9.85,0.2,0.18,492.19,513.17,,551.81
2021-01-12 05:00:00,2021,1,2,0,5,0,569.57,24.49,35.12,12.96,0.57,0.45,502.97,512.81,,
2021-01-12 06:00:00,2021,1,2,0,6,0,464.05,27.71,62.37,6.18,0.75,0.56,501.51,512.34,569.57,
2021-01-12 13:00:00,2021,1,2,0,13,0,550.78,24.25,55.73,9.58,0.03,0.03,515.58,512.04,,
2021-01-12 16:00:00,2021,1,2,0,16,0,526.26,27.4,72.69,6.81,0.24,0.22,514.04,511.58,,
2021-01-12 22:00:00,2021,1,2,0,22,0,400.49,26.98,45.86,5.62,0.17,0.16,507.28,511.41,,481.09
2021-01-13 01:00:00,2021,1,3,0,1,0,463.68,26.88,49.56,13.39,0.09,0.09,503.16,510.59,,
2021-01-13 04:00:00,2021,1,3,0,4,0,508.47,36.56,58.0,14.95,0.47,0.39,497.92,511.39,,
2021-01-13 07:00:00,2021,1,3,0,7,0,499.06,17.53,72.87,1.74,0.11,0.1,495.06,511.53,,
2021-01-13 16:00:00,2021,1,3,0,16,0,494.94,23.93,35.68,6.34,0.14,0.13,492.78,512.22,,526.26
2021-01-13 18:00:00,2021,1,3,0,18,0,526.18,30.54,69.26,12.53,0.08,0.08,491.65,513.1,,
2021-01-13 20:00:00,2021,1,3,0,20,0,503.14,16.84,64.99,0.88,0.88,0.63,496.11,513.54,,
2021-01-14 09:00:00,2021,1,4,0,9,0,529.33,15.08,65.7,10.76,0.11,0.1,504.85,513.72,,
2021-01-14 16:00:00,2021,1,4,0,16,0,497.46,39.04,46.33,13.88,0.02,0.02,506.65,513.45,,494.94
2021-01-15 02:00:00,2021,1,5,0,2,0,606.11,17.42,86.29,11.93,0.48,0.39,512.68,514.53,,
2021-01-15 04:00:00,2021,1,5,0,4,0,524.38,30.64,38.96,1.32,0.0,0.0,513.35,514.71,,
2021-01-15 07:00:00,2021,1,5,0,7,0,523.94,30.5,55.03,4.87,0.13,0.12,513.83,513.66,,
2021-01-15 10:00:00,2021,1,5,0,10,0,451.29,31.08,30.61,1.74,0.23,0.21,511.99,513.66,,
2021-01-15 16:00:00,2021,1,5,0,16,0,554.4,25.17,84.57,2.44,0.2,0.18,504.59,514.03,,497.46
2021-01-16 04:00:00,2021,1,6,1,4,1,505.04,23.95,88.93,6.55,0.23,0.21,485.25,511.4,,524.38
2021-01-16 06:00:00,2021,1,6,1,6,1,464.55,32.37,81.02,1.86,0.03,0.03,491.21,512.62,,
2021-01-16 13:00:00,2021,1,6,1,13,1,496.39,34.68,89.66,12.09,0.2,0.18,497.78,511.37,,
2021-01-16 15:00:00,2021,1,6,1,15,1,557.15,18.35,30.5,1.09,0.03,0.03,504.69,511.23,,
2021-01-16 19:00:00,2021,1,6,1,19,1,460.93,27.99,33.6,9.47,0.18,0.17,503.13,509.58,,
2021-01-16 23:00:00,2021,1,6,1,23,1,442.22,39.34,52.26,2.18,0.08,0.08,490.5,508.63,,
2021-01-17 01:00:00,2021,1,7,1,1,1,461.13,25.76,39.31,9.74,0.37,0.31,494.19,508.61,,
2021-01-17 02:00:00,2021,1,7,1,2,1,523.92,17.81,70.37,0.64,0.05,0.05,497.9,508.03,461.13,
2021-01-17 11:00:00,2021,1,7,1,11,1,539.51,23.81,89.35,14.52,0.69,0.52,488.98,508.93,,
2021-01-17 12:00:00,2021,1,7,1,12,1,552.27,28.61,50.72,0.46,0.05,0.05,487.52,509.23,539.51,
2021-01-17 15:00:00,2021,1,7,1,15,1,564.07,16.49,55.19,0.29,0.04,0.04,489.35,510.06,,557.15
2021-01-17 16:00:00,2021,1,7,1,16,1,505.57,20.59,81.52,10.69,0.13,0.12,489.63,509.93,564.07,
2021-01-17 18:00:00,2021,1,7,1,18,1,529.29,24.53,60.9,13.87,0.53,0.43,491.67,510.02,,
2021-01-18 04:00:00,2021,1,1,0,4,0,475.75,19.25,62.61,9.49,0.01,0.01,510.74,511.25,,
2021-01-18 07:00:00,2021,1,1,0,7,0,432.98,22.72,61.02,1.54,0.24,0.22,514.14,511.01,,
2021-01-18 13:00:00,2021,1,1,0,13,0,511.25,28.49,51.92,3.43,0.05,0.05,504.96,512.05,,
2021-01-18 14:00:00,2021,1,1,0,14,0,537.93,19.92,35.84,7.67,0.05,0.05,506.29,512.03,511.25,
2021-01-18 17:00:00,2021,1,1,0,17,0,449.91,23.32,67.4,8.56,0.23,0.21,503.08,511.54,,
2021-01-19 04:00:00,2021,1,2,0,4,0,540.2,32.17,39.56,4.0,0.19,0.17,499.98,511.32,,475.75
2021-01-19 06:00:00,2021,1,2,0,6,0,549.26,19.7,57.2,13.8,0.03,0.03,496.96,510.85,,
2021-01-19 07:00:00,2021,1,2,0,7,0,465.18,38.86,87.6,8.34,0.5,0.41,498.3,510.41,549.26,432.98
2021-01-19 13:00:00,2021,1,2,0,13,0,458.0,32.68,62.42,14.8,0.02,0.02,492.36,508.67,,511.25
2021-01-20 00:00:00,2021,1,3,0,0,0,476.81,35.87,69.41,0.89,0.26,0.23,505.33,511.79,,
2021-01-20 04:00:00,2021,1,3,0,4,0,510.84,23.14,88.94,9.08,0.04,0.04,500.25,511.66,,540.2
2021-01-20 08:00:00,2021,1,3,0,8,0,437.92,20.76,58.02,9.07,0.15,0.14,499.51,511.15,,
2021-01-20 09:00:00,2021,1,3,0,9,0,551.58,16.37,81.92,11.98,0.34,0.29,505.68,511.18,437.92,
2021-01-20 14:00:00,2021,1,3,0,14,0,503.17,15.0,75.73,13.83,0.17,0.16,509.91,511.6,,
2021-01-20 15:00:00,2021,1,3,0,15,0,492.59,22.78,69.29,14.08,0.19,0.17,505.0,511.41,503.17,
2021-01-20 21:00:00,2021,1,3,0,21,0,559.56,32.33,54.42,0.54,0.12,0.11,512.71,511.79,,
2021-01-20 22:00:00,2021,1,3,0,22,0,492.44,27.09,69.53,2.44,0.64,0.49,508.38,511.54,559.56,
2021-01-21 07:00:00,2021,1,4,0,7,0,557.18,34.83,51.62,7.68,0.74,0.55,515.82,513.14,,
2021-01-21 10:00:00,2021,1,4,0,10,0,508.86,24.55,44.23,13.49,0.0,0.0,519.41,513.65,,
2021-01-21 12:00:00,2021,1,4,0,12,0,496.98,15.78,65.52,15.0,0.1,0.1,519.2,513.21,,
2021-01-21 14:00:00,2021,1,4,0,14,0,414.44,27.56,87.32,6.64,0.03,0.03,516.26,513.09,,503.17
2021-01-21 16:00:00,2021,1,4,0,16,0,431.13,19.6,65.5,7.2,0.76,0.57,513.77,512.54,,
2021-01-21 17:00:00,2021,1,4,0,17,0,451.87,19.51,54.86,11.65,0.01,0.01,509.15,512.57,431.13,
2021-01-21 21:00:00,2021,1,4,0,21,0,488.96,33.53,53.07,7.84,0.06,0.06,506.94,512.36,,559.56
2021-01-22 00:00:00,2021,1,5,0,0,0,402.25,34.74,85.9,2.08,0.04,0.04,502.9,511.81,,
2021-01-22 04:00:00,2021,1,5,0,4,0,455.85,22.76,45.43,5.19,0.25,0.22,496.02,509.32,,
2021-01-22 10:00:00,2021,1,5,0,10,0,466.09,25.22,83.95,14.4,0.06,0.06,478.05,508.7,,508.86
2021-01-22 20:00:00,2021,1,5,0,20,0,526.84,34.98,79.52,14.86,0.05,0.05,474.83,508.45,,
2021-01-22 22:00:00,2021,1,5,0,22,0,444.25,32.06,71.73,9.86,0.09,0.09,473.17,507.6,,
2021-01-22 23:00:00,2021,1,5,0,23,0,502.37,23.8,68.7,7.3,0.08,0.08,473.17,507.75,444.25,
2021-01-23 05:00:00,2021,1,6,1,5,1,501.36,30.18,83.62,14.05,0.17,0.16,479.3,507.39,,
2021-01-23 10:00:00,2021,1,6,1,10,1,443.98,19.75,78.34,4.83,0.03,0.03,482.72,506.81,,466.09
2021-01-23 13:00:00,2021,1,6,1,13,1,509.39,31.07,64.05,14.5,0.32,0.28,488.51,506.36,,
2021-01-23 19:00:00,2021,1,6,1,19,1,534.54,21.28,39.08,4.94,0.23,0.21,496.08,507.78,,
2021-01-24 01:00:00,2021,1,7,1,1,1,470.8,22.2,85.52,7.46,0.01,0.01,516.08,511.37,,
2021-01-24 04:00:00,2021,1,7,1,4,1,457.18,15.0,58.78,0.69,0.18,0.17,515.3,511.09,,
2021-01-24 08:00:00,2021,1,7,1,8,1,501.29,19.04,85.42,1.06,0.2,0.18,513.63,512.05,,
2021-01-24 17:00:00,2021,1,7,1,17,1,460.05,25.34,77.22,8.55,0.54,0.43,514.8,510.65,,
2021-01-24 20:00:00,2021,1,7,1,20,1,508.01,18.63,50.12,6.47,0.22,0.2,506.99,510.7,,
2021-01-24 23:00:00,2021,1,7,1,23,1,518.94,18.79,81.35,11.29,0.29,0.25,502.07,509.86,,
2021-01-25 02:00:00,2021,1,1,0,2,0,459.01,16.8,48.08,7.4,0.06,0.06,497.75,509.64,,
2021-01-25 09:00:00,2021,1,1,0,9,0,546.44,25.11,41.17,12.86,0.45,0.37,493.83,509.75,,
2021-01-25 11:00:00,2021,1,1,0,11,0,563.28,27.79,34.69,9.1,0.25,0.22,496.0,510.29,,
2021-01-25 13:00:00,2021,1,1,0,13,0,593.86,29.43,36.51,6.2,0.21,0.19,494.08,509.85,,
2021-01-25 14:00:00,2021,1,1,0,14,0,534.62,27.44,44.17,6.04,0.05,0.05,496.21,509.83,593.86,
2021-01-25 16:00:00,2021,1,1,0,16,0,455.43,16.75,35.18,6.05,0.01,0.01,496.02,509.55,,
2021-01-26 00:00:00,2021,1,2,0,0,0,538.49,17.05,72.15,14.61,0.04,0.04,498.05,510.2,,
2021-01-26 19:00:00,2021,1,2,0,19,0,558.12,28.06,64.91,6.59,0.19,0.17,511.48,511.74,,
2021-01-26 23:00:00,2021,1,2,0,23,0,459.45,29.1,43.69,14.88,0.04,0.04,506.08,509.93,,
2021-01-27 01:00:00,2021,1,3,0,1,0,523.37,27.62,30.33,4.69,0.11,0.1,505.45,510.5,,
2021-01-27 08:00:00,2021,1,3,0,8,0,524.0,18.84,86.59,12.06,0.27,0.24,510.75,511.82,,
2021-01-27 11:00:00,2021,1,3,0,11,0,532.66,28.1,73.92,4.74,0.05,0.05,507.85,511.48,,
2021-01-27 14:00:00,2021,1,3,0,14,0,565.83,25.35,77.11,14.64,0.17,0.16,507.54,511.92,,
2021-01-27 19:00:00,2021,1,3,0,19,0,512.75,23.87,45.93,10.14,0.1,0.1,511.42,512.29,,558.12
2021-01-27 21:00:00,2021,1,3,0,21,0,493.51,24.01,88.07,3.19,0.67,0.51,514.12,511.65,,
2021-01-28 00:00:00,2021,1,4,0,0,0,529.83,22.04,80.5,1.27,0.45,0.37,518.98,511.45,,
2021-01-28 01:00:00,2021,1,4,0,1,0,412.08,26.88,59.04,3.74,0.08,0.08,514.34,511.17,529.83,523.37
2021-01-28 07:00:00,2021,1,4,0,7,0,587.0,21.64,76.53,10.23,0.23,0.21,503.54,509.51,,
2021-01-28 08:00:00,2021,1,4,0,8,0,410.41,17.73,58.21,10.45,0.15,0.14,498.81,508.36,587.0,524.0
2021-01-28 09:00:00,2021,1,4,0,9,0,452.21,40.0,81.64,14.4,0.13,0.12,495.99,508.1,410.41,
2021-01-28 13:00:00,2021,1,4,0,13,0,475.96,31.44,69.0,13.77,0.01,0.01,488.8,507.0,,
2021-01-28 19:00:00,2021,1,4,0,19,0,524.33,20.45,78.87,11.18,0.15,0.14,481.9,508.13,,512.75
2021-01-29 02:00:00,2021,1,5,0,2,0,491.16,20.56,70.67,2.35,0.14,0.13,489.87,509.21,,
2021-01-29 12:00:00,2021,1,5,0,12,0,491.57,25.67,64.02,1.06,0.05,0.05,505.31,512.15,,
2021-01-29 15:00:00,2021,1,5,0,15,0,466.64,28.87,73.08,2.44,0.26,0.23,502.42,512.18,,
2021-01-29 19:00:00,2021,1,5,0,19,0,536.88,28.81,89.91,11.43,0.12,0.11,499.55,511.68,,524.33
2021-01-30 04:00:00,2021,1,6,1,4,1,507.22,27.44,69.53,0.42,0.16,0.15,496.45,512.92,,
2021-01-30 12:00:00,2021,1,6,1,12,1,542.06,29.3,75.62,10.65,0.09,0.09,496.41,513.7,,491.57
2021-01-30 16:00:00,2021,1,6,1,16,1,538.46,17.42,72.22,13.55,0.07,0.07,498.11,513.24,,
2021-01-30 19:00:00,2021,1,6,1,19,1,553.53,20.76,66.48,5.24,0.58,0.46,499.51,512.18,,536.88
2021-01-31 07:00:00,2021,1,7,1,7,1,568.35,27.38,39.24,13.1,0.21,0.19,509.99,512.08,,
2021-01-31 15:00:00,2021,1,7,1,15,1,562.67,31.06,38.63,1.39,0.08,0.08,515.3,512.17,,
2021-01-31 16:00:00,2021,1,7,1,16,1,471.47,23.17,83.99,5.87,0.04,0.04,512.51,512.32,562.67,538.46
2021-02-01 09:00:00,2021,2,1,0,9,0,523.47,23.86,88.57,8.73,0.16,0.15,476.21,509.64,,
2021-02-01 11:00:00,2021,2,1,0,11,0,481.78,28.21,38.61,3.89,0.05,0.05,480.76,509.53,,
2021-02-01 12:00:00,2021,2,1,0,12,0,470.19,30.84,38.78,8.66,0.36,0.31,479.99,509.96,481.78,
2021-02-01 15:00:00,2021,2,1,0,15,0,435.56,23.0,34.96,8.64,0.0,0.0,473.17,508.29,,562.67
2021-02-01 16:00:00,2021,2,1,0,16,0,417.72,33.41,57.73,11.36,0.7,0.53,473.17,508.06,435.56,471.47
2021-02-02 06:00:00,2021,2,2,0,6,0,550.95,31.27,82.26,0.78,0.45,0.37,475.03,504.86,,
2021-02-02 13:00:00,2021,2,2,0,13,0,534.63,26.57,82.91,8.62,0.01,0.01,485.91,505.78,,
2021-02-02 15:00:00,2021,2,2,0,15,0,516.49,25.15,86.95,1.73,0.04,0.04,489.88,505.28,,435.56
2021-02-02 17:00:00,2021,2,2,0,17,0,435.46,15.0,39.6,10.18,0.5,0.41,495.41,505.2,,
2021-02-02 18:00:00,2021,2,2,0,18,0,473.74,22.95,83.24,8.89,0.11,0.1,490.92,505.27,435.46,
2021-02-02 19:00:00,2021,2,2,0,19,0,547.74,17.28,72.0,4.76,0.49,0.4,494.34,505.21,473.74,
2021-02-02 20:00:00,2021,2,2,0,20,0,530.81,21.44,76.11,1.14,1.59,0.95,501.76,505.39,547.74,
2021-02-03 00:00:00,2021,2,3,0,0,0,609.96,28.23,72.11,4.09,0.01,0.01,514.07,507.56,,
2021-02-03 04:00:00,2021,2,3,0,4,0,476.54,24.91,81.67,3.46,0.02,0.02,510.2,506.42,,
2021-02-03 08:00:00,2021,2,3,0,8,0,527.9,35.84,49.72,11.28,0.04,0.04,509.12,505.85,,
2021-02-03 12:00:00,2021,2,3,0,12,0,509.24,36.63,63.42,9.63,0.02,0.02,502.64,504.82,,
2021-02-03 15:00:00,2021,2,3,0,15,0,486.38,34.54,52.51,7.98,0.31,0.27,500.18,504.2,,516.49
2021-02-03 17:00:00,2021,2,3,0,17,0,602.55,24.51,51.92,5.82,0.15,0.14,504.81,504.15,,435.46
2021-02-04 10:00:00,2021,2,4,0,10,0,544.86,20.57,49.38,7.33,0.12,0.11,493.77,505.5,,
2021-02-04 11:00:00,2021,2,4,0,11,0,505.74,37.31,78.74,2.05,0.68,0.52,495.62,505.62,544.86,
2021-02-04 12:00:00,2021,2,4,0,12,0,507.67,23.79,44.18,9.2,0.13,0.12,495.56,505.8,505.74,509.24
2021-02-04 21:00:00,2021,2,4,0,21,0,442.57,15.0,40.44,4.11,0.58,0.46,476.44,503.24,,
2021-02-05 15:00:00,2021,2,5,0,15,0,482.75,23.82,30.49,9.09,0.01,0.01,483.35,502.14,,
2021-02-05 17:00:00,2021,2,5,0,17,0,466.76,26.09,63.32,2.32,0.31,0.27,481.93,502.25,,
2021-02-05 19:00:00,2021,2,5,0,19,0,530.46,25.72,61.39,5.54,0.17,0.16,484.0,502.2,,
2021-02-06 03:00:00,2021,2,6,1,3,1,478.47,27.39,69.25,0.57,0.11,0.1,486.55,501.74,,
2021-02-06 11:00:00,2021,2,6,1,11,1,497.3,22.2,75.55,12.48,0.13,0.12,489.56,501.6,,
2021-02-06 15:00:00,2021,2,6,1,15,1,419.15,15.17,84.1,5.71,0.01,0.01,487.13,500.8,,482.75
2021-02-06 18:00:00,2021,2,6,1,18,1,493.59,18.99,81.28,10.87,0.93,0.66,493.03,501.4,,
2021-02-07 06:00:00,2021,2,7,1,6,1,521.15,20.29,86.58,7.23,0.39,0.33,486.93,500.17,,
2021-02-07 12:00:00,2021,2,7,1,12,1,538.72,26.28,78.99,6.02,0.47,0.39,485.28,500.17,,
2021-02-07 19:00:00,2021,2,7,1,19,1,454.81,25.12,84.9,7.4,0.14,0.13,491.96,500.17,,
2021-02-08 08:00:00,2021,2,1,0,8,0,450.54,15.03,70.93,1.59,0.39,0.33,501.64,502.31,,
2021-02-08 11:00:00,2021,2,1,0,11,0,581.97,21.94,51.66,0.76,0.06,0.06,515.23,502.74,,
2021-02-08 16:00:00,2021,2,1,0,16,0,550.47,32.51,41.6,9.13,0.34,0.29,510.41,504.28,,
2021-02-09 05:00:00,2021,2,2,0,5,0,439.89,31.75,58.53,14.1,0.08,0.08,497.78,505.86,,
2021-02-09 12:00:00,2021,2,2,0,12,0,543.47,26.54,48.83,10.45,0.11,0.1,498.32,504.52,,
2021-02-09 15:00:00,2021,2,2,0,15,0,439.21,23.6,40.24,12.12,1.06,0.72,490.1,503.51,,
2021-02-09 19:00:00,2021,2,2,0,19,0,482.21,15.0,86.59,12.13,0.09,0.09,486.41,502.84,,
2021-02-10 05:00:00,2021,2,3,0,5,0,429.31,22.86,61.56,10.78,0.03,0.03,488.35,502.41,,439.89
2021-02-10 15:00:00,2021,2,3,0,15,0,569.5,15.0,60.21,6.34,0.12,0.11,507.78,504.62,,439.21
2021-02-11 03:00:00,2021,2,4,0,3,0,501.46,27.48,68.48,7.15,0.16,0.15,503.51,503.72,,
2021-02-11 15:00:00,2021,2,4,0,15,0,543.17,15.02,57.16,13.26,0.09,0.09,499.6,505.74,,569.5
2021-02-11 17:00:00,2021,2,4,0,17,0,484.65,20.93,88.62,9.48,0.03,0.03,497.63,505.1,,
2021-02-11 21:00:00,2021,2,4,0,21,0,525.97,25.69,44.06,1.19,0.08,0.08,502.57,506.9,,
2021-02-11 22:00:00,2021,2,4,0,22,0,522.14,23.15,70.34,11.48,0.29,0.25,501.24,506.5,525.97,
2021-02-12 05:00:00,2021,2,5,0,5,0,427.51,27.2,56.1,9.67,0.19,0.17,496.57,506.65,,
2021-02-12 07:00:00,2021,2,5,0,7,0,526.69,23.45,59.21,11.73,0.08,0.08,503.08,506.94,,
2021-02-12 21:00:00,2021,2,5,0,21,0,559.51,33.1,32.4,10.38,0.07,0.07,502.79,508.32,,525.97
2021-02-12 23:00:00,2021,2,5,0,23,0,465.8,26.57,63.11,0.62,0.48,0.39,500.33,508.75,,
2021-02-13 01:00:00,2021,2,6,1,1,1,463.18,23.48,52.54,0.27,0.14,0.13,496.31,508.5,,
2021-02-13 02:00:00,2021,2,6,1,2,1,601.11,25.5,85.26,8.02,0.14,0.13,503.57,508.89,463.18,
2021-02-13 06:00:00,2021,2,6,1,6,1,439.23,20.96,45.55,2.14,0.14,0.13,501.37,508.61,,
2021-02-13 07:00:00,2021,2,6,1,7,1,554.83,26.14,30.51,3.02,0.18,0.17,502.54,509.23,439.23,526.69
2021-02-13 08:00:00,2021,2,6,1,8,1,469.61,24.0,55.37,13.74,0.05,0.05,504.15,508.82,554.83,
2021-02-13 10:00:00,2021,2,6,1,10,1,484.37,15.0,36.47,12.92,0.78,0.58,510.19,509.57,,
2021-02-13 12:00:00,2021,2,6,1,12,1,383.28,18.95,32.67,2.03,0.28,0.25,507.72,509.2,,
2021-02-13 16:00:00,2021,2,6,1,16,1,530.04,29.59,73.04,0.95,0.83,0.6,497.89,508.75,,
2021-02-13 21:00:00,2021,2,6,1,21,1,394.85,29.11,52.47,11.97,0.37,0.31,491.31,507.46,,559.51
2021-02-14 01:00:00,2021,2,7,1,1,1,497.07,18.46,55.79,2.2,0.38,0.32,491.05,507.74,,463.18
2021-02-14 02:00:00,2021,2,7,1,2,1,544.46,15.0,73.71,14.35,0.26,0.23,488.69,508.55,497.07,601.11
2021-02-14 06:00:00,2021,2,7,1,6,1,507.24,25.55,82.36,2.53,0.3,0.26,489.23,508.95,,439.23
2021-02-14 17:00:00,2021,2,7,1,17,1,510.16,22.91,38.41,7.0,0.14,0.13,497.66,509.75,,
2021-02-15 07:00:00,2021,2,1,0,7,0,509.34,24.49,41.29,7.01,0.35,0.3,503.9,508.62,,
2021-02-15 11:00:00,2021,2,1,0,11,0,490.19,26.86,50.35,9.03,0.08,0.08,498.15,507.82,,
2021-02-15 16:00:00,2021,2,1,0,16,0,463.73,25.37,77.25,4.99,0.24,0.22,487.25,506.3,,
2021-02-15 17:00:00,2021,2,1,0,17,0,544.83,23.69,80.51,3.69,0.03,0.03,488.69,506.38,463.73,510.16
2021-02-15 20:00:00,2021,2,1,0,20,0,483.99,35.0,86.19,9.46,0.08,0.08,485.72,506.63,,
2021-02-16 07:00:00,2021,2,2,0,7,0,526.88,19.29,75.87,10.3,0.1,0.1,487.32,507.19,,509.34
2021-02-16 09:00:00,2021,2,2,0,9,0,478.43,31.94,88.77,1.68,0.27,0.24,483.63,506.78,,
2021-02-16 10:00:00,2021,2,2,0,10,0,479.66,15.0,89.75,2.28,0.62,0.48,487.49,507.1,478.43,
2021-02-16 11:00:00,2021,2,2,0,11,0,489.91,20.67,54.63,5.43,0.08,0.08,487.48,507.04,479.66,490.19
2021-02-16 14:00:00,2021,2,2,0,14,0,544.61,24.34,68.52,10.78,0.35,0.3,495.52,507.25,,
2021-02-17 06:00:00,2021,2,3,0,6,0,474.06,15.9,32.43,1.76,0.03,0.03,501.57,508.96,,
2021-02-17 09:00:00,2021,2,3,0,9,0,533.56,23.21,87.39,12.35,0.15,0.14,501.58,508.31,,478.43
2021-02-17 10:00:00,2021,2,3,0,10,0,535.57,26.47,82.78,1.32,0.1,0.1,503.9,508.7,533.56,479.66
2021-02-17 11:00:00,2021,2,3,0,11,0,500.25,31.68,74.85,10.64,0.04,0.04,504.34,508.22,535.57,489.91
2021-02-17 16:00:00,2021,2,3,0,16,0,532.63,18.64,58.56,9.33,0.06,0.06,510.42,508.33,,
2021-02-18 00:00:00,2021,2,4,0,0,0,494.73,23.76,75.03,3.73,0.25,0.22,511.3,509.35,,
2021-02-18 02:00:00,2021,2,4,0,2,0,605.3,15.0,59.75,0.28,0.09,0.09,512.02,509.78,,
2021-02-18 05:00:00,2021,2,4,0,5,0,508.52,26.93,38.76,9.0,0.02,0.02,517.77,509.99,,
2021-02-18 06:00:00,2021,2,4,0,6,0,522.57,30.7,65.32,8.98,0.42,0.35,519.79,510.36,508.52,474.06
2021-02-18 12:00:00,2021,2,4,0,12,0,485.77,31.44,66.29,11.24,0.05,0.05,522.4,510.88,,
2021-02-18 15:00:00,2021,2,4,0,15,0,484.2,40.0,67.36,3.64,0.03,0.03,511.82,509.73,,
2021-02-18 21:00:00,2021,2,4,0,21,0,451.52,24.45,74.76,12.33,0.21,0.19,500.83,509.48,,
2021-02-18 23:00:00,2021,2,4,0,23,0,485.26,19.0,44.0,7.65,0.15,0.14,506.0,509.27,,
2021-02-19 01:00:00,2021,2,5,0,1,0,488.46,31.68,30.7,2.99,0.44,0.36,505.63,509.21,,
2021-02-19 03:00:00,2021,2,5,0,3,0,594.91,36.02,62.6,4.75,0.08,0.08,510.16,510.91,,
2021-02-19 08:00:00,2021,2,5,0,8,0,497.25,35.42,67.12,9.49,0.07,0.07,503.74,511.48,,
2021-02-19 15:00:00,2021,2,5,0,15,0,427.2,29.99,84.61,8.12,0.31,0.27,503.27,510.95,,484.2
2021-02-19 16:00:00,2021,2,5,0,16,0,502.97,25.31,79.05,4.42,0.52,0.42,501.03,510.78,427.2,
2021-02-20 00:00:00,2021,2,6,1,0,1,481.01,40.0,67.57,13.76,0.14,0.13,499.87,509.58,,
2021-02-20 01:00:00,2021,2,6,1,1,1,530.3,33.3,61.84,14.17,0.0,0.0,501.62,509.98,481.01,488.46
2021-02-20 06:00:00,2021,2,6,1,6,1,513.1,30.43,35.98,2.76,0.19,0.17,481.26,508.64,,
2021-02-20 09:00:00,2021,2,6,1,9,1,601.31,17.3,78.39,10.33,0.02,0.02,489.87,508.85,,
2021-02-20 10:00:00,2021,2,6,1,10,1,508.8,23.5,76.06,9.68,0.05,0.05,490.24,509.0,601.31,
2021-02-20 18:00:00,2021,2,6,1,18,1,460.35,26.8,31.64,3.35,0.44,0.36,505.5,510.76,,
2021-02-21 02:00:00,2021,2,7,1,2,1,542.6,34.17,77.76,10.73,0.05,0.05,512.68,512.64,,
2021-02-21 07:00:00,2021,2,7,1,7,1,399.3,26.9,79.47,1.32,0.23,0.21,510.41,512.05,,
2021-02-21 09:00:00,2021,2,7,1,9,1,453.41,40.0,52.51,6.81,0.06,0.06,503.06,511.16,,601.31
2021-02-21 10:00:00,2021,2,7,1,10,1,533.74,19.91,78.31,12.51,0.28,0.25,504.1,511.57,453.41,508.8
2021-02-21 11:00:00,2021,2,7,1,11,1,596.2,19.18,83.46,7.93,0.06,0.06,506.04,511.9,533.74,
2021-02-21 16:00:00,2021,2,7,1,16,1,455.34,23.0,51.94,2.94,0.28,0.25,505.65,511.82,,
2021-02-21 18:00:00,2021,2,7,1,18,1,448.65,21.03,79.59,10.77,0.73,0.55,504.68,511.27,,460.35
2021-02-22 01:00:00,2021,2,1,0,1,0,550.5,27.17,45.64,2.1,0.03,0.03,493.28,510.97,,
2021-02-22 02:00:00,2021,2,1,0,2,0,454.97,22.47,75.74,10.99,0.08,0.08,489.63,510.8,550.5,542.6
2021-02-22 03:00:00,2021,2,1,0,3,0,463.99,31.06,31.32,5.21,0.38,0.32,489.87,510.9,454.97,
2021-02-22 04:00:00,2021,2,1,0,4,0,529.08,28.05,73.26,3.36,0.06,0.06,490.63,510.68,463.99,
2021-02-22 06:00:00,2021,2,1,0,6,0,571.44,31.2,56.73,14.31,0.0,0.0,494.65,511.37,,
2021-02-22 08:00:00,2021,2,1,0,8,0,506.52,22.62,48.57,10.45,0.0,0.0,500.83,511.49,,
2021-02-22 13:00:00,2021,2,1,0,13,0,544.67,17.7,58.77,7.6,0.06,0.06,488.06,512.45,,
2021-02-23 02:00:00,2021,2,2,0,2,0,471.08,21.99,45.37,3.31,0.32,0.28,499.63,512.82,,454.97
2021-02-23 04:00:00,2021,2,2,0,4,0,573.5,26.54,54.94,2.02,0.62,0.48,507.7,513.73,,529.08
2021-02-23 06:00:00,2021,2,2,0,6,0,425.48,30.59,75.87,2.34,0.23,0.21,502.17,513.64,,571.44
2021-02-23 09:00:00,2021,2,2,0,9,0,561.17,21.26,81.69,10.7,0.12,0.11,504.46,514.25,,
2021-02-23 11:00:00,2021,2,2,0,11,0,499.66,32.64,79.52,9.11,0.16,0.15,506.25,514.53,,
2021-02-23 13:00:00,2021,2,2,0,13,0,409.72,32.64,73.4,5.74,0.04,0.04,504.81,514.43,,544.67
2021-02-23 16:00:00,2021,2,2,0,16,0,556.97,35.64,64.35,10.53,0.01,0.01,510.17,514.24,,
2021-02-24 02:00:00,2021,2,3,0,2,0,454.34,29.23,39.63,1.41,0.92,0.65,513.22,514.16,,471.08
2021-02-24 15:00:00,2021,2,3,0,15,0,571.72,22.8,84.6,9.62,0.77,0.57,508.11,513.75,,
2021-02-24 18:00:00,2021,2,3,0,18,0,585.54,27.23,59.21,13.45,0.06,0.06,508.86,513.76,,
2021-02-24 19:00:00,2021,2,3,0,19,0,490.26,23.28,39.26,3.73,0.13,0.12,511.79,514.31,585.54,
2021-02-24 22:00:00,2021,2,3,0,22,0,482.32,31.1,50.86,0.62,0.2,0.18,507.73,514.24,,
2021-02-25 01:00:00,2021,2,4,0,1,0,464.41,22.41,41.53,9.27,0.11,0.1,504.18,513.93,,
2021-02-25 04:00:00,2021,2,4,0,4,0,509.27,26.34,67.1,12.17,0.28,0.25,499.13,512.14,,
2021-02-25 05:00:00,2021,2,4,0,5,0,503.4,30.85,81.09,0.3,0.09,0.09,501.76,512.11,509.27,
2021-02-25 12:00:00,2021,2,4,0,12,0,444.38,36.94,52.97,2.49,0.3,0.26,505.43,512.51,,
2021-02-25 15:00:00,2021,2,4,0,15,0,533.71,29.76,59.82,5.06,0.15,0.14,503.98,512.61,,571.72
2021-02-25 22:00:00,2021,2,4,0,22,0,420.85,21.43,81.55,11.85,0.05,0.05,494.94,512.63,,482.32
2021-02-25 23:00:00,2021,2,4,0,23,0,461.65,30.64,88.8,4.14,0.05,0.05,494.71,512.49,420.85,
2021-02-26 02:00:00,2021,2,5,0,2,0,466.98,21.22,64.32,11.02,0.09,0.09,491.51,510.99,,
2021-02-26 08:00:00,2021,2,5,0,8,0,479.09,24.62,60.87,6.97,0.01,0.01,478.14,508.49,,
2021-02-26 10:00:00,2021,2,5,0,10,0,597.12,15.0,80.2,13.57,0.5,0.41,478.23,508.59,,
2021-02-26 18:00:00,2021,2,5,0,18,0,444.06,29.31,41.35,0.89,0.06,0.06,473.17,509.46,,
2021-02-26 21:00:00,2021,2,5,0,21,0,519.32,30.12,54.36,3.57,0.02,0.02,473.17,508.5,,
2021-02-26 23:00:00,2021,2,5,0,23,0,537.61,28.66,66.92,5.73,0.18,0.17,473.69,508.31,,461.65
2021-02-27 01:00:00,2021,2,6,1,1,1,468.19,24.39,84.39,6.77,0.42,0.35,475.32,508.2,,
2021-02-27 05:00:00,2021,2,6,1,5,1,534.54,35.89,83.93,5.64,0.12,0.11,485.01,509.63,,
2021-02-27 10:00:00,2021,2,6,1,10,1,510.08,22.32,46.65,9.52,0.13,0.12,493.98,509.14,,597.12
2021-02-27 15:00:00,2021,2,6,1,15,1,563.04,29.4,72.48,8.02,0.12,0.11,498.43,508.67,,
2021-02-27 20:00:00,2021,2,6,1,20,1,528.11,15.0,46.33,13.42,0.48,0.39,504.18,508.1,,
2021-02-27 23:00:00,2021,2,6,1,23,1,491.95,39.64,69.83,2.01,0.05,0.05,505.68,508.17,,537.61
2021-02-28 04:00:00,2021,2,7,1,4,1,489.53,27.72,66.0,5.28,0.08,0.08,499.71,507.02,,
2021-02-28 10:00:00,2021,2,7,1,10,1,541.53,35.17,53.63,0.39,0.14,0.13,488.54,506.87,,510.08
2021-02-28 12:00:00,2021,2,7,1,12,1,548.13,19.2,62.4,8.31,0.02,0.02,494.56,506.92,,
2021-02-28 13:00:00,2021,2,7,1,13,1,463.99,28.85,60.63,5.5,0.35,0.3,493.49,505.8,548.13,
2021-02-28 23:00:00,2021,2,7,1,23,1,494.68,38.0,44.49,10.49,0.28,0.25,504.08,509.49,,491.95
2021-03-01 00:00:00,2021,3,1,0,0,0,464.03,15.0,43.95,3.98,0.12,0.11,503.44,509.36,494.68,
2021-03-01 10:00:00,2021,3,1,0,10,0,517.12,30.61,74.53,4.52,0.22,0.2,510.43,508.1,,541.53
2021-03-01 11:00:00,2021,3,1,0,11,0,457.35,17.95,73.6,0.61,0.04,0.04,504.96,507.92,517.12,
2021-03-01 19:00:00,2021,3,1,0,19,0,530.46,15.0,60.97,9.76,0.14,0.13,508.98,509.63,,
2021-03-01 23:00:00,2021,3,1,0,23,0,491.82,25.82,71.09,9.47,0.0,0.0,497.98,508.82,,494.68
2021-03-02 12:00:00,2021,3,2,0,12,0,467.36,17.29,77.34,13.45,0.03,0.03,497.21,506.6,,
2021-03-02 23:00:00,2021,3,2,0,23,0,512.07,27.53,74.8,5.06,0.25,0.22,502.23,507.65,,491.82
2021-03-03 02:00:00,2021,3,3,0,2,0,538.46,19.73,67.0,2.77,0.08,0.08,511.46,508.22,,
2021-03-03 03:00:00,2021,3,3,0,3,0,508.32,32.7,31.75,9.83,0.05,0.05,509.48,507.95,538.46,
2021-03-03 15:00:00,2021,3,3,0,15,0,525.41,25.39,61.19,3.05,0.21,0.19,501.36,507.0,,
2021-03-03 23:00:00,2021,3,3,0,23,0,523.15,15.41,85.31,9.67,0.03,0.03,513.62,508.83,,512.07
2021-03-04 00:00:00,2021,3,4,0,0,0,526.78,29.23,59.91,6.66,0.18,0.17,513.89,508.75,523.15,
2021-03-04 05:00:00,2021,3,4,0,5,0,517.72,15.0,74.46,14.96,0.1,0.1,518.48,510.33,,
2021-03-04 10:00:00,2021,3,4,0,10,0,463.11,17.67,76.07,1.04,0.1,0.1,518.8,509.01,,
2021-03-04 17:00:00,2021,3,4,0,17,0,480.46,27.55,40.2,2.45,0.11,0.1,513.62,508.8,,
2021-03-04 22:00:00,2021,3,4,0,22,0,525.35,26.22,66.65,7.47,0.04,0.04,504.89,509.94,,
2021-03-05 04:00:00,2021,3,5,0,4,0,435.09,17.32,88.72,2.19,0.01,0.01,497.83,511.3,,
2021-03-05 06:00:00,2021,3,5,0,6,0,479.69,24.83,66.51,9.59,0.34,0.29,498.6,511.97,,
2021-03-05 07:00:00,2021,3,5,0,7,0,484.17,15.02,58.31,11.57,0.2,0.18,501.11,512.27,479.69,
2021-03-05 11:00:00,2021,3,5,0,11,0,583.12,24.4,48.0,11.92,1.08,0.73,507.12,513.6,,
2021-03-05 12:00:00,2021,3,5,0,12,0,589.75,35.43,44.65,7.62,0.41,0.34,509.48,514.28,583.12,
2021-03-06 01:00:00,2021,3,6,1,1,1,561.65,39.09,74.18,13.71,0.34,0.29,513.53,516.48,,
2021-03-06 05:00:00,2021,3,6,1,5,1,523.86,29.82,37.82,8.83,0.11,0.1,508.97,515.25,,
2021-03-06 12:00:00,2021,3,6,1,12,1,497.82,24.06,42.93,5.35,0.15,0.14,502.01,514.64,,589.75
2021-03-06 13:00:00,2021,3,6,1,13,1,483.22,29.76,67.29,2.26,0.25,0.22,499.04,514.6,497.82,
2021-03-06 19:00:00,2021,3,6,1,19,1,554.19,29.91,62.41,8.69,0.54,0.43,496.28,515.63,,
2021-03-07 08:00:00,2021,3,7,1,8,1,504.72,31.03,79.32,8.31,0.03,0.03,498.35,516.27,,
2021-03-07 20:00:00,2021,3,7,1,20,1,540.13,21.2,76.12,14.91,0.04,0.04,500.65,515.26,,
2021-03-08 03:00:00,2021,3,1,0,3,0,474.3,16.14,41.91,0.48,0.2,0.18,497.58,514.51,,
2021-03-08 05:00:00,2021,3,1,0,5,0,511.02,30.96,79.42,8.91,0.22,0.2,498.49,515.1,,
2021-03-08 11:00:00,2021,3,1,0,11,0,476.12,32.0,37.88,11.46,0.33,0.29,498.24,514.64,,
2021-03-08 13:00:00,2021,3,1,0,13,0,500.38,38.46,77.56,10.33,0.04,0.04,501.94,514.57,,
2021-03-08 14:00:00,2021,3,1,0,14,0,532.74,25.54,33.07,13.44,0.22,0.2,500.63,514.95,500.38,
2021-03-08 15:00:00,2021,3,1,0,15,0,449.28,21.81,59.46,1.19,0.1,0.1,494.81,514.61,532.74,
2021-03-08 16:00:00,2021,3,1,0,16,0,507.17,15.0,46.03,6.74,0.07,0.07,498.65,514.69,449.28,
2021-03-08 19:00:00,2021,3,1,0,19,0,456.94,24.76,40.44,4.8,0.02,0.02,495.37,512.9,,
2021-03-08 22:00:00,2021,3,1,0,22,0,471.45,16.58,54.53,3.54,0.09,0.09,493.32,513.46,,
2021-03-09 09:00:00,2021,3,2,0,9,0,552.56,19.71,64.18,3.14,0.22,0.2,502.14,514.9,,
2021-03-09 13:00:00,2021,3,2,0,13,0,474.94,15.0,30.8,1.95,0.02,0.02,500.32,515.28,,500.38
2021-03-09 22:00:00,2021,3,2,0,22,0,479.66,35.95,71.18,6.92,0.09,0.09,504.61,513.93,,471.45
2021-03-10 00:00:00,2021,3,3,0,0,0,541.07,24.19,65.65,1.57,0.07,0.07,509.3,514.07,,
2021-03-10 06:00:00,2021,3,3,0,6,0,505.3,28.42,35.83,9.99,0.22,0.2,506.19,513.73,,
2021-03-10 12:00:00,2021,3,3,0,12,0,383.28,21.48,41.49,6.3,0.24,0.22,498.51,514.38,,
2021-03-10 22:00:00,2021,3,3,0,22,0,452.06,24.75,72.79,6.51,0.32,0.28,507.03,513.03,,479.66
2021-03-11 08:00:00,2021,3,4,0,8,0,535.66,24.13,49.06,5.98,0.07,0.07,499.15,511.66,,
2021-03-11 10:00:00,2021,3,4,0,10,0,435.74,15.0,79.84,4.58,0.23,0.21,497.73,511.42,,
2021-03-11 11:00:00,2021,3,4,0,11,0,548.23,15.0,82.06,0.36,0.33,0.29,496.54,512.06,435.74,
2021-03-11 15:00:00,2021,3,4,0,15,0,447.34,30.1,47.47,13.17,0.01,0.01,498.0,511.88,,
2021-03-11 23:00:00,2021,3,4,0,23,0,557.23,34.52,41.1,4.93,0.14,0.13,494.52,511.27,,
2021-03-12 01:00:00,2021,3,5,0,1,0,611.02,20.14,43.43,8.05,0.31,0.27,499.11,511.95,,
2021-03-12 04:00:00,2021,3,5,0,4,0,432.08,30.86,84.44,1.28,0.1,0.1,497.16,512.09,,
2021-03-12 10:00:00,2021,3,5,0,10,0,506.1,30.11,88.41,1.12,0.08,0.08,503.65,511.76,,435.74
2021-03-12 11:00:00,2021,3,5,0,11,0,505.93,27.05,83.2,6.1,0.46,0.38,501.89,511.29,506.1,548.23
2021-03-12 14:00:00,2021,3,5,0,14,0,415.0,30.57,77.91,13.52,0.21,0.19,495.79,509.6,,
2021-03-12 18:00:00,2021,3,5,0,18,0,533.71,28.69,36.47,10.51,0.13,0.12,504.36,510.57,,
2021-03-13 00:00:00,2021,3,6,1,0,1,562.73,34.1,67.64,1.79,0.06,0.06,509.13,511.01,,
2021-03-13 01:00:00,2021,3,6,1,1,1,589.81,25.99,73.33,0.07,0.15,0.14,508.24,511.18,562.73,611.02
2021-03-13 04:00:00,2021,3,6,1,4,1,492.81,27.14,76.7,9.29,0.29,0.25,504.31,511.31,,432.08
2021-03-13 15:00:00,2021,3,6,1,15,1,538.56,27.45,30.24,5.35,0.06,0.06,509.57,511.38,,
2021-03-13 19:00:00,2021,3,6,1,19,1,516.15,17.76,33.82,7.74,0.1,0.1,504.2,510.99,,
2021-03-14 00:00:00,2021,3,7,1,0,1,532.18,28.14,60.06,9.51,0.32,0.28,500.97,511.38,,562.73
2021-03-14 03:00:00,2021,3,7,1,3,1,487.57,40.0,86.15,1.91,0.3,0.26,500.24,511.02,,
2021-03-14 13:00:00,2021,3,7,1,13,1,458.53,15.0,63.95,11.3,0.1,0.1,494.52,510.79,,
2021-03-14 16:00:00,2021,3,7,1,16,1,506.66,25.39,32.9,0.11,0.27,0.24,493.19,510.31,,
2021-03-14 23:00:00,2021,3,7,1,23,1,504.58,16.79,87.06,5.85,0.29,0.25,502.2,512.01,,
2021-03-15 02:00:00,2021,3,1,0,2,0,430.13,15.0,36.65,0.52,0.34,0.29,502.06,511.59,,
2021-03-15 03:00:00,2021,3,1,0,3,0,400.07,30.67,55.25,10.67,0.07,0.07,498.42,511.14,430.13,487.57
2021-03-15 06:00:00,2021,3,1,0,6,0,527.21,36.63,79.98,12.34,0.37,0.31,502.05,512.01,,
2021-03-15 12:00:00,2021,3,1,0,12,0,465.37,38.59,76.95,12.98,0.02,0.02,507.4,511.84,,
2021-03-15 14:00:00,2021,3,1,0,14,0,439.48,28.59,39.94,3.61,0.34,0.29,503.21,510.9,,
2021-03-15 17:00:00,2021,3,1,0,17,0,472.4,31.37,46.93,7.07,0.19,0.17,505.03,511.34,,
2021-03-15 19:00:00,2021,3,1,0,19,0,465.05,22.63,39.64,7.16,0.14,0.13,499.27,511.95,,
2021-03-15 20:00:00,2021,3,1,0,20,0,414.75,30.57,47.29,9.17,0.03,0.03,492.91,511.6,465.05,
2021-03-16 12:00:00,2021,3,2,0,12,0,526.3,15.0,42.97,1.02,0.75,0.56,494.17,510.79,,465.37
2021-03-16 13:00:00,2021,3,2,0,13,0,491.62,28.28,64.59,4.61,0.15,0.14,496.32,510.89,526.3,
2021-03-16 15:00:00,2021,3,2,0,15,0,515.12,24.26,39.16,6.87,0.03,0.03,498.73,511.79,,
2021-03-16 17:00:00,2021,3,2,0,17,0,462.85,20.66,58.18,0.81,0.32,0.28,499.97,511.82,,472.4
2021-03-16 21:00:00,2021,3,2,0,21,0,504.45,24.74,37.81,6.09,0.58,0.46,504.57,510.78,,
2021-03-17 00:00:00,2021,3,3,0,0,0,441.21,15.79,80.96,10.63,0.55,0.44,496.14,509.41,,
2021-03-17 01:00:00,2021,3,3,0,1,0,524.93,39.02,55.9,3.83,0.08,0.08,496.28,509.56,441.21,
2021-03-17 04:00:00,2021,3,3,0,4,0,527.45,23.59,37.23,6.74,0.54,0.43,499.74,509.79,,
2021-03-17 06:00:00,2021,3,3,0,6,0,488.51,19.43,40.65,3.67,0.27,0.24,496.33,509.87,,
2021-03-17 09:00:00,2021,3,3,0,9,0,573.57,38.09,69.31,3.47,0.14,0.13,502.95,509.95,,
2021-03-17 12:00:00,2021,3,3,0,12,0,482.42,26.96,72.11,0.76,0.03,0.03,495.32,510.32,,526.3
2021-03-17 13:00:00,2021,3,3,0,13,0,445.03,30.17,57.97,1.95,0.19,0.17,493.38,509.33,482.42,491.62
2021-03-17 17:00:00,2021,3,3,0,17,0,453.21,26.99,65.3,11.97,0.18,0.17,491.79,509.27,,462.85
2021-03-17 21:00:00,2021,3,3,0,21,0,470.5,28.43,80.61,3.57,0.01,0.01,495.31,508.91,,504.45
2021-03-18 02:00:00,2021,3,4,0,2,0,472.95,31.81,38.28,2.48,0.22,0.2,495.73,507.99,,
2021-03-18 07:00:00,2021,3,4,0,7,0,475.46,26.05,49.73,7.0,0.21,0.19,489.93,508.84,,
2021-03-18 09:00:00,2021,3,4,0,9,0,485.6,23.33,87.27,8.41,0.31,0.27,486.72,508.39,,573.57
2021-03-18 11:00:00,2021,3,4,0,11,0,459.3,21.36,49.55,10.27,0.13,0.12,485.01,507.92,,
2021-03-18 14:00:00,2021,3,4,0,14,0,492.38,33.77,78.18,0.43,0.26,0.23,488.07,507.95,,
2021-03-18 18:00:00,2021,3,4,0,18,0,525.86,22.35,51.54,7.82,0.16,0.15,489.27,508.28,,
2021-03-19 02:00:00,2021,3,5,0,2,0,494.16,30.79,44.21,10.34,0.03,0.03,490.68,506.92,,472.95
2021-03-19 05:00:00,2021,3,5,0,5,0,535.48,32.88,72.82,10.81,0.35,0.3,488.74,507.21,,
2021-03-19 07:00:00,2021,3,5,0,7,0,574.33,22.66,78.29,12.59,0.29,0.25,496.88,507.88,,475.46
2021-03-19 10:00:00,2021,3,5,0,10,0,573.97,26.63,75.1,6.62,0.12,0.11,503.15,508.38,,
2021-03-19 13:00:00,2021,3,5,0,13,0,481.83,19.24,73.57,5.8,0.14,0.13,498.63,507.89,,
2021-03-19 14:00:00,2021,3,5,0,14,0,542.77,23.37,49.46,8.69,0.05,0.05,500.73,508.67,481.83,492.38
2021-03-19 23:00:00,2021,3,5,0,23,0,542.39,25.27,81.4,3.64,0.35,0.3,502.12,507.02,,
2021-03-20 01:00:00,2021,3,6,1,1,1,418.16,32.97,45.55,7.68,0.05,0.05,498.98,505.68,,
2021-03-20 05:00:00,2021,3,6,1,5,1,423.97,18.46,37.71,4.19,0.06,0.06,493.49,506.11,,535.48
2021-03-20 10:00:00,2021,3,6,1,10,1,538.37,18.83,49.55,4.2,0.24,0.22,492.16,507.27,,573.97
2021-03-20 11:00:00,2021,3,6,1,11,1,541.66,40.0,61.99,11.51,0.1,0.1,497.01,507.03,538.37,
2021-03-20 15:00:00,2021,3,6,1,15,1,473.63,23.57,87.36,11.21,0.25,0.22,494.85,505.74,,
2021-03-20 21:00:00,2021,3,6,1,21,1,564.98,18.88,43.99,6.05,0.02,0.02,496.59,506.67,,
2021-03-21 00:00:00,2021,3,7,1,0,1,414.74,34.3,77.72,12.67,0.22,0.2,489.83,505.1,,
2021-03-21 09:00:00,2021,3,7,1,9,1,514.47,18.64,87.62,6.98,0.22,0.2,497.89,505.5,,
2021-03-21 10:00:00,2021,3,7,1,10,1,481.34,31.56,35.74,4.13,0.1,0.1,495.52,505.82,514.47,538.37
2021-03-21 15:00:00,2021,3,7,1,15,1,478.11,26.25,42.38,5.13,0.18,0.17,495.37,506.02,,473.63
2021-03-21 17:00:00,2021,3,7,1,17,1,454.97,25.72,67.88,14.3,0.08,0.08,488.15,505.52,,
2021-03-21 19:00:00,2021,3,7,1,19,1,544.08,40.0,82.11,0.93,0.19,0.17,492.34,505.16,,
2021-03-22 00:00:00,2021,3,1,0,0,0,501.55,19.82,42.76,12.78,0.2,0.18,495.12,503.82,,414.74
2021-03-22 09:00:00,2021,3,1,0,9,0,443.28,23.24,44.79,10.76,0.52,0.42,486.13,503.34,,514.47
2021-03-22 13:00:00,2021,3,1,0,13,0,532.9,34.15,88.04,4.6,0.65,0.5,491.45,503.87,,
2021-03-22 20:00:00,2021,3,1,0,20,0,504.73,25.84,56.64,12.41,0.44,0.36,504.69,506.36,,
2021-03-22 21:00:00,2021,3,1,0,21,0,534.97,33.63,50.82,6.9,0.27,0.24,507.05,507.06,504.73,
2021-03-23 14:00:00,2021,3,2,0,14,0,566.32,27.21,57.38,9.69,0.04,0.04,505.45,504.8,,
2021-03-23 15:00:00,2021,3,2,0,15,0,449.65,33.7,75.05,8.99,0.06,0.06,501.1,504.4,566.32,
2021-03-23 18:00:00,2021,3,2,0,18,0,484.74,31.57,52.44,6.56,0.05,0.05,493.92,504.64,,
2021-03-24 07:00:00,2021,3,3,0,7,0,548.22,25.57,57.45,7.66,0.26,0.23,499.25,505.93,,
2021-03-24 10:00:00,2021,3,3,0,10,0,383.28,18.58,74.32,2.57,0.17,0.16,493.15,504.71,,
2021-03-24 11:00:00,2021,3,3,0,11,0,486.42,30.14,46.29,8.28,0.72,0.54,490.99,504.88,374.61,
2021-03-24 12:00:00,2021,3,3,0,12,0,553.64,21.32,69.73,1.58,0.09,0.09,496.2,505.31,486.42,
2021-03-25 04:00:00,2021,3,4,0,4,0,555.65,22.23,57.5,0.35,0.13,0.12,489.61,505.19,,
2021-03-25 17:00:00,2021,3,4,0,17,0,438.47,15.0,33.23,11.71,0.11,0.1,489.52,505.4,,
2021-03-26 00:00:00,2021,3,5,0,0,0,467.37,32.19,60.21,13.73,0.01,0.01,501.48,506.93,,
2021-03-26 05:00:00,2021,3,5,0,5,0,501.54,22.95,53.6,10.18,0.44,0.36,507.12,507.9,,
2021-03-26 09:00:00,2021,3,5,0,9,0,457.04,20.19,49.15,0.06,0.09,0.09,500.15,506.71,,
2021-03-26 12:00:00,2021,3,5,0,12,0,436.67,26.86,38.11,9.79,0.04,0.04,499.7,506.38,,
2021-03-26 19:00:00,2021,3,5,0,19,0,534.31,30.31,38.31,12.56,0.21,0.19,505.72,506.75,,
2021-03-26 20:00:00,2021,3,5,0,20,0,453.87,32.04,56.24,3.22,0.38,0.32,504.23,506.32,534.31,
2021-03-27 00:00:00,2021,3,6,1,0,1,469.5,27.57,81.08,14.9,0.11,0.1,495.63,506.13,,467.37
2021-03-27 01:00:00,2021,3,6,1,1,1,426.44,22.06,51.37,0.57,0.14,0.13,493.02,506.18,469.5,
2021-03-27 02:00:00,2021,3,6,1,2,1,398.17,18.88,33.66,3.79,0.08,0.08,489.49,505.54,426.44,
2021-03-27 03:00:00,2021,3,6,1,3,1,502.59,25.47,69.86,2.09,0.18,0.17,489.44,505.81,398.17,
2021-03-27 08:00:00,2021,3,6,1,8,1,608.96,18.83,42.28,12.8,0.16,0.15,492.61,506.38,,
2021-03-27 10:00:00,2021,3,6,1,10,1,453.32,25.97,31.88,6.82,0.18,0.17,492.64,506.54,,
2021-03-27 11:00:00,2021,3,6,1,11,1,501.41,21.84,86.89,14.53,0.14,0.13,494.12,506.29,453.32,
2021-03-27 14:00:00,2021,3,6,1,14,1,537.96,22.15,53.02,14.1,0.15,0.14,496.88,507.09,,
2021-03-27 15:00:00,2021,3,6,1,15,1,459.11,22.74,67.35,10.14,0.43,0.36,494.29,507.0,537.96,
2021-03-28 17:00:00,2021,3,7,1,17,1,475.08,22.74,42.91,4.93,0.05,0.05,496.55,507.31,,
2021-03-28 20:00:00,2021,3,7,1,20,1,459.25,19.44,75.81,6.57,0.36,0.31,496.72,506.73,,
2021-03-29 14:00:00,2021,3,1,0,14,0,546.21,33.46,74.38,8.27,0.05,0.05,493.64,506.4,,
2021-03-29 15:00:00,2021,3,1,0,15,0,483.28,23.02,63.67,3.3,0.38,0.32,488.68,505.97,546.21,
2021-03-30 04:00:00,2021,3,2,0,4,0,501.03,15.0,61.43,2.55,0.01,0.01,496.33,505.34,,
2021-03-30 05:00:00,2021,3,2,0,5,0,509.93,31.02,66.36,2.62,0.01,0.01,496.54,505.27,501.03,
2021-03-30 09:00:00,2021,3,2,0,9,0,430.84,31.96,65.31,13.62,0.15,0.14,494.22,504.25,,
2021-03-30 13:00:00,2021,3,2,0,13,0,516.77,23.49,38.15,10.88,0.41,0.34,504.35,506.36,,
2021-03-30 15:00:00,2021,3,2,0,15,0,458.9,22.05,85.32,8.07,0.41,0.34,497.2,505.4,,483.28
2021-03-30 21:00:00,2021,3,2,0,21,0,525.78,16.05,42.54,12.05,0.13,0.12,495.03,506.13,,
2021-03-30 22:00:00,2021,3,2,0,22,0,505.03,15.92,34.84,0.44,0.19,0.17,495.43,506.23,525.78,
2021-03-31 03:00:00,2021,3,3,0,3,0,473.38,32.69,73.03,10.88,0.08,0.08,491.98,504.66,,
2021-03-31 05:00:00,2021,3,3,0,5,0,551.86,29.47,64.0,12.62,0.36,0.31,493.21,505.08,,509.93
2021-03-31 08:00:00,2021,3,3,0,8,0,507.08,15.0,81.65,4.04,0.15,0.14,497.59,505.26,,
2021-03-31 10:00:00,2021,3,3,0,10,0,500.86,29.91,70.13,13.97,0.21,0.19,497.91,505.66,,
2021-03-31 12:00:00,2021,3,3,0,12,0,538.0,39.05,54.38,5.86,0.02,0.02,496.38,505.69,,
2021-03-31 15:00:00,2021,3,3,0,15,0,508.81,23.64,63.84,14.14,0.03,0.03,495.49,505.12,,458.9
2021-03-31 16:00:00,2021,3,3,0,16,0,517.69,19.12,35.88,3.53,0.06,0.06,491.95,505.49,508.81,
2021-03-31 18:00:00,2021,3,3,0,18,0,501.4,29.58,61.75,3.54,0.14,0.13,490.25,505.47,,
2021-04-01 04:00:00,2021,4,4,0,4,0,510.0,23.91,61.79,4.77,0.34,0.29,498.2,505.96,,
2021-04-01 12:00:00,2021,4,4,0,12,0,539.78,20.57,43.95,3.81,0.31,0.27,505.56,507.26,,538.0
2021-04-02 04:00:00,2021,4,5,0,4,0,408.13,23.09,36.01,3.54,0.16,0.15,511.79,506.61,,510.0
2021-04-02 05:00:00,2021,4,5,0,5,0,436.06,15.66,64.01,12.68,0.13,0.12,507.21,506.21,408.13,
2021-04-02 08:00:00,2021,4,5,0,8,0,417.31,32.67,80.1,13.12,0.14,0.13,494.92,505.35,,
2021-04-02 11:00:00,2021,4,5,0,11,0,547.7,19.57,31.75,14.1,0.19,0.17,496.14,506.12,,
2021-04-02 22:00:00,2021,4,5,0,22,0,517.88,22.31,72.92,14.05,0.07,0.07,494.53,506.65,,
2021-04-03 03:00:00,2021,4,6,1,3,1,615.08,23.85,40.16,10.17,0.07,0.07,491.56,508.24,,
2021-04-03 04:00:00,2021,4,6,1,4,1,468.44,15.0,66.8,11.36,0.17,0.16,494.07,507.55,650.69,408.13
2021-04-03 06:00:00,2021,4,6,1,6,1,526.16,36.4,53.91,2.58,0.08,0.08,501.15,508.11,,
2021-04-03 20:00:00,2021,4,6,1,20,1,452.28,28.33,74.94,5.62,0.37,0.31,510.6,509.45,,
2021-04-04 00:00:00,2021,4,7,1,0,1,503.07,18.66,62.9,12.11,0.07,0.07,517.26,509.74,,
2021-04-04 01:00:00,2021,4,7,1,1,1,471.17,15.0,42.6,3.38,0.01,0.01,515.85,510.16,503.07,
2021-04-04 04:00:00,2021,4,7,1,4,1,503.7,22.65,81.75,9.06,0.18,0.17,507.41,510.12,,468.44
2021-04-04 06:00:00,2021,4,7,1,6,1,478.8,35.19,34.58,8.06,0.55,0.44,500.66,509.94,,526.16
2021-04-04 14:00:00,2021,4,7,1,14,1,483.1,19.68,45.23,10.63,0.27,0.24,491.16,509.17,,
2021-04-05 05:00:00,2021,4,1,0,5,0,436.87,35.37,63.08,6.66,1.31,0.84,484.46,507.15,,
2021-04-05 06:00:00,2021,4,1,0,6,0,541.4,17.21,66.23,10.33,0.05,0.05,487.07,507.52,436.87,478.8
2021-04-05 09:00:00,2021,4,1,0,9,0,429.49,25.62,32.93,4.09,0.15,0.14,480.11,507.19,,
2021-04-05 13:00:00,2021,4,1,0,13,0,584.5,24.09,35.46,7.35,0.01,0.01,488.22,508.76,,
2021-04-05 20:00:00,2021,4,1,0,20,0,473.8,25.51,42.2,10.49,0.32,0.28,501.44,509.21,,
2021-04-06 01:00:00,2021,4,2,0,1,0,487.72,20.16,39.55,0.03,0.06,0.06,500.16,508.06,,
2021-04-06 02:00:00,2021,4,2,0,2,0,563.17,32.7,88.42,4.26,0.63,0.49,508.0,509.2,487.72,
2021-04-06 04:00:00,2021,4,2,0,4,0,529.16,15.0,69.78,2.77,0.33,0.29,508.98,509.41,,
2021-04-06 05:00:00,2021,4,2,0,5,0,503.86,32.96,75.84,8.52,0.09,0.09,511.77,509.37,529.16,436.87
2021-04-06 08:00:00,2021,4,2,0,8,0,451.77,32.92,60.39,0.13,0.16,0.15,510.29,509.54,,
2021-04-06 09:00:00,2021,4,2,0,9,0,458.86,27.26,61.17,7.15,0.03,0.03,511.51,509.71,451.77,429.49
2021-04-06 12:00:00,2021,4,2,0,12,0,422.19,22.69,41.46,2.53,0.29,0.25,505.11,508.46,,
2021-04-06 16:00:00,2021,4,2,0,16,0,509.51,28.44,84.99,0.7,0.15,0.14,493.79,508.28,,
2021-04-06 23:00:00,2021,4,2,0,23,0,497.52,28.67,49.98,6.12,0.13,0.12,498.93,509.05,,
2021-04-07 00:00:00,2021,4,3,0,0,0,534.24,19.71,63.67,4.46,0.82,0.6,499.69,509.5,497.52,
2021-04-07 03:00:00,2021,4,3,0,3,0,505.54,18.97,52.44,9.19,0.17,0.16,499.58,510.34,,
2021-04-07 05:00:00,2021,4,3,0,5,0,512.15,19.51,31.18,3.56,0.18,0.17,502.04,510.66,,503.86
2021-04-07 06:00:00,2021,4,3,0,6,0,450.7,24.92,72.27,1.87,0.1,0.1,499.03,510.33,512.15,
2021-04-07 08:00:00,2021,4,3,0,8,0,394.29,26.47,86.7,11.96,0.06,0.06,496.67,509.4,,451.77
2021-04-07 09:00:00,2021,4,3,0,9,0,506.87,18.84,89.64,5.77,0.34,0.29,498.67,509.78,394.29,458.86
2021-04-07 12:00:00,2021,4,3,0,12,0,507.49,27.28,40.79,7.79,0.65,0.5,503.8,509.54,,422.19
2021-04-07 16:00:00,2021,4,3,0,16,0,406.59,15.0,85.1,5.82,0.27,0.24,509.09,510.78,,509.51
2021-04-07 19:00:00,2021,4,3,0,19,0,450.08,24.61,84.65,11.56,0.14,0.13,499.51,509.95,,
2021-04-08 05:00:00,2021,4,4,0,5,0,484.19,22.01,87.13,14.39,0.21,0.19,499.85,510.93,,512.15
2021-04-08 06:00:00,2021,4,4,0,6,0,469.44,25.96,40.91,4.81,0.01,0.01,500.63,511.0,484.19,450.7
2021-04-08 12:00:00,2021,4,4,0,12,0,530.25,27.14,59.62,12.68,0.36,0.31,515.25,510.96,,507.49
2021-04-08 16:00:00,2021,4,4,0,16,0,505.64,30.18,58.74,11.19,0.13,0.12,510.74,509.99,,406.59
2021-04-08 18:00:00,2021,4,4,0,18,0,471.2,27.49,76.6,12.13,0.58,0.46,511.83,509.6,,
2021-04-08 19:00:00,2021,4,4,0,19,0,484.53,26.0,77.97,11.46,0.18,0.17,513.26,509.49,471.2,450.08
2021-04-08 20:00:00,2021,4,4,0,20,0,383.28,22.16,49.92,2.69,0.44,0.36,506.59,509.19,484.53,
2021-04-08 22:00:00,2021,4,4,0,22,0,546.09,27.17,58.09,10.35,0.0,0.0,504.38,509.84,,
2021-04-09 03:00:00,2021,4,5,0,3,0,473.99,33.24,38.4,11.0,0.03,0.03,505.44,509.47,,
2021-04-09 04:00:00,2021,4,5,0,4,0,533.81,30.09,52.55,14.7,0.0,0.0,504.41,510.23,473.99,
2021-04-09 05:00:00,2021,4,5,0,5,0,498.31,21.92,57.1,8.03,0.46,0.38,505.0,510.61,533.81,484.19
2021-04-09 16:00:00,2021,4,5,0,16,0,480.59,40.0,72.62,1.09,0.39,0.33,490.33,510.05,,505.64
2021-04-10 01:00:00,2021,4,6,1,1,1,465.27,20.34,67.2,13.93,0.01,0.01,493.88,510.59,,
2021-04-10 05:00:00,2021,4,6,1,5,1,490.28,21.16,71.86,0.55,0.36,0.31,488.79,509.2,,498.31
2021-04-10 06:00:00,2021,4,6,1,6,1,480.14,29.99,54.92,11.55,0.33,0.29,485.48,508.93,490.28,
2021-04-10 11:00:00,2021,4,6,1,11,1,511.93,34.32,34.02,13.14,0.2,0.18,481.88,506.92,,
2021-04-10 17:00:00,2021,4,6,1,17,1,482.96,15.98,57.97,4.13,0.44,0.36,480.02,505.48,,
2021-04-10 18:00:00,2021,4,6,1,18,1,486.07,29.03,67.51,11.88,0.22,0.2,476.8,505.19,482.96,
2021-04-11 05:00:00,2021,4,7,1,5,1,585.36,17.58,43.2,12.08,0.08,0.08,484.88,506.62,,490.28
2021-04-11 15:00:00,2021,4,7,1,15,1,484.76,38.15,86.96,7.37,0.08,0.08,504.01,508.27,,
2021-04-11 16:00:00,2021,4,7,1,16,1,590.5,31.08,71.14,10.85,0.03,0.03,507.65,507.7,484.76,
2021-04-11 19:00:00,2021,4,7,1,19,1,475.55,26.98,55.53,2.71,0.81,0.59,505.27,507.45,,
2021-04-11 20:00:00,2021,4,7,1,20,1,548.03,17.06,69.26,2.33,0.25,0.22,509.3,508.19,475.55,
2021-04-12 00:00:00,2021,4,1,0,0,0,524.27,30.71,62.18,11.66,0.51,0.41,511.04,507.94,,
2021-04-12 01:00:00,2021,4,1,0,1,0,448.23,37.2,83.71,7.28,0.07,0.07,510.7,507.98,524.27,
2021-04-12 11:00:00,2021,4,1,0,11,0,501.55,15.0,70.44,1.57,0.12,0.11,488.71,507.75,,
2021-04-12 20:00:00,2021,4,1,0,20,0,600.55,19.84,48.2,2.76,0.42,0.35,488.73,506.34,,548.03
2021-04-12 21:00:00,2021,4,1,0,21,0,505.96,21.96,74.47,12.82,0.54,0.43,488.25,506.89,600.55,
2021-04-12 23:00:00,2021,4,1,0,23,0,496.01,17.73,49.07,4.72,0.27,0.24,487.36,506.31,,
2021-04-13 07:00:00,2021,4,2,0,7,0,419.92,15.0,39.91,7.46,0.03,0.03,485.91,504.77,,
2021-04-13 19:00:00,2021,4,2,0,19,0,517.4,26.01,66.28,6.66,0.18,0.17,493.33,505.33,,
2021-04-13 20:00:00,2021,4,2,0,20,0,475.55,15.46,54.89,5.24,0.03,0.03,488.12,505.3,517.4,600.55
2021-04-13 21:00:00,2021,4,2,0,21,0,504.65,15.0,31.15,4.38,0.03,0.03,488.06,505.3,475.55,505.96
2021-04-14 00:00:00,2021,4,3,0,0,0,521.5,17.87,77.1,5.92,0.04,0.04,488.42,504.45,,
2021-04-14 01:00:00,2021,4,3,0,1,0,530.58,15.0,79.75,1.0,0.12,0.11,492.14,504.52,521.5,
2021-04-14 11:00:00,2021,4,3,0,11,0,580.95,21.56,43.88,14.46,0.06,0.06,511.75,506.26,,
2021-04-14 15:00:00,2021,4,3,0,15,0,519.23,32.64,49.84,14.54,0.17,0.16,503.23,503.87,,
2021-04-14 20:00:00,2021,4,3,0,20,0,461.74,20.52,64.33,12.87,0.32,0.28,491.2,503.72,,475.55
2021-04-15 00:00:00,2021,4,4,0,0,0,439.6,21.43,36.24,2.79,0.19,0.17,492.24,503.13,,521.5
2021-04-15 02:00:00,2021,4,4,0,2,0,518.96,19.97,82.14,1.96,0.34,0.29,490.37,502.44,,
2021-04-15 08:00:00,2021,4,4,0,8,0,489.86,26.03,78.98,7.55,0.01,0.01,484.46,502.36,,
2021-04-15 13:00:00,2021,4,4,0,13,0,532.35,34.72,50.22,2.69,0.31,0.27,489.03,501.87,,
2021-04-15 16:00:00,2021,4,4,0,16,0,539.52,15.0,56.39,5.02,0.12,0.11,496.98,502.14,,
2021-04-15 19:00:00,2021,4,4,0,19,0,545.52,27.29,52.24,14.39,1.01,0.7,499.89,502.26,,
2021-04-15 22:00:00,2021,4,4,0,22,0,412.26,40.0,44.25,2.97,0.06,0.06,495.19,502.15,,
2021-04-16 01:00:00,2021,4,5,0,1,0,525.68,33.95,86.19,12.63,0.08,0.08,496.8,501.57,,
2021-04-16 03:00:00,2021,4,5,0,3,0,506.28,33.03,74.82,7.02,0.0,0.0,492.62,501.22,,
2021-04-16 12:00:00,2021,4,5,0,12,0,442.69,17.72,80.69,13.76,0.08,0.08,483.93,500.17,,
2021-04-16 13:00:00,2021,4,5,0,13,0,463.07,30.18,80.51,6.8,0.04,0.04,481.04,500.17,442.69,532.35
2021-04-16 15:00:00,2021,4,5,0,15,0,530.18,18.94,70.53,11.41,0.26,0.23,484.14,500.88,,
2021-04-16 23:00:00,2021,4,5,0,23,0,561.37,20.02,77.46,14.1,0.02,0.02,491.48,500.64,,
2021-04-17 04:00:00,2021,4,6,1,4,1,579.54,28.52,30.03,4.47,0.11,0.1,493.29,501.41,,
2021-04-17 09:00:00,2021,4,6,1,9,1,471.14,20.62,40.17,3.31,0.15,0.14,495.6,502.54,,
2021-04-17 10:00:00,2021,4,6,1,10,1,471.7,23.13,61.05,8.42,0.08,0.08,495.62,503.08,471.14,
2021-04-17 14:00:00,2021,4,6,1,14,1,518.83,29.97,35.35,8.33,0.49,0.4,506.17,504.11,,
2021-04-17 19:00:00,2021,4,6,1,19,1,514.63,28.66,34.5,10.1,0.16,0.15,499.04,504.01,,
2021-04-17 20:00:00,2021,4,6,1,20,1,494.41,26.62,34.32,10.19,0.21,0.19,497.46,504.27,514.63,
2021-04-18 00:00:00,2021,4,7,1,0,1,464.53,19.87,49.43,11.51,0.53,0.43,500.9,504.38,,
2021-04-18 10:00:00,2021,4,7,1,10,1,507.78,21.78,89.64,13.19,0.21,0.19,488.47,502.41,,471.7
2021-04-18 14:00:00,2021,4,7,1,14,1,446.57,20.69,34.36,9.18,0.09,0.09,479.85,501.01,,518.83
2021-04-18 17:00:00,2021,4,7,1,17,1,494.22,27.81,60.56,6.76,0.03,0.03,480.59,500.74,,
2021-04-19 02:00:00,2021,4,1,0,2,0,454.95,24.38,76.9,7.88,0.02,0.02,473.17,500.17,,
2021-04-19 11:00:00,2021,4,1,0,11,0,562.16,26.64,86.78,5.75,0.47,0.39,484.93,501.36,,
2021-04-20 08:00:00,2021,4,2,0,8,0,519.08,31.63,35.35,12.39,0.06,0.06,511.12,504.2,,
2021-04-20 09:00:00,2021,4,2,0,9,0,536.17,18.81,41.18,1.39,0.49,0.4,514.93,504.81,519.08,
2021-04-20 14:00:00,2021,4,2,0,14,0,519.28,19.64,43.22,3.33,0.53,0.43,509.41,504.93,,
2021-04-20 21:00:00,2021,4,2,0,21,0,423.2,20.13,33.75,1.84,0.27,0.24,500.79,503.97,,
2021-04-20 23:00:00,2021,4,2,0,23,0,399.4,31.53,73.46,9.91,0.18,0.17,492.77,503.81,,
2021-04-21 00:00:00,2021,4,3,0,0,0,474.19,15.0,42.79,10.65,0.03,0.03,493.65,503.53,399.4,
2021-04-21 13:00:00,2021,4,3,0,13,0,449.97,25.02,36.01,7.48,0.12,0.11,493.49,502.36,,
2021-04-21 17:00:00,2021,4,3,0,17,0,596.66,29.39,36.88,1.48,0.02,0.02,493.11,503.68,,
2021-04-22 02:00:00,2021,4,4,0,2,0,540.06,38.58,63.21,8.69,0.51,0.41,499.02,504.98,,
2021-04-22 05:00:00,2021,4,4,0,5,0,481.79,15.0,55.85,4.82,0.2,0.18,497.8,504.73,,
2021-04-22 06:00:00,2021,4,4,0,6,0,483.98,23.99,51.75,2.84,0.29,0.25,498.47,504.33,481.79,
2021-04-22 08:00:00,2021,4,4,0,8,0,466.31,37.7,80.65,7.39,0.04,0.04,496.46,504.25,,
2021-04-22 09:00:00,2021,4,4,0,9,0,538.66,38.02,36.14,5.92,0.14,0.13,500.56,504.34,466.31,
2021-04-22 17:00:00,2021,4,4,0,17,0,542.33,30.9,61.6,10.47,0.01,0.01,493.12,503.43,,596.66
2021-04-22 19:00:00,2021,4,4,0,19,0,489.19,23.99,50.81,9.5,0.65,0.5,492.56,502.85,,
2021-04-22 21:00:00,2021,4,4,0,21,0,409.26,15.0,36.93,14.95,0.09,0.09,484.3,502.66,,
2021-04-22 22:00:00,2021,4,4,0,22,0,430.15,26.92,84.34,0.08,0.22,0.2,479.34,502.77,409.26,
2021-04-23 01:00:00,2021,4,5,0,1,0,562.91,21.63,75.86,11.72,0.1,0.1,487.58,503.5,,
2021-04-23 06:00:00,2021,4,5,0,6,0,592.8,27.04,84.93,6.29,0.06,0.06,487.46,503.88,,483.98
2021-04-23 07:00:00,2021,4,5,0,7,0,437.29,28.92,57.7,4.03,0.08,0.08,488.08,503.85,592.8,
2021-04-23 08:00:00,2021,4,5,0,8,0,529.74,24.04,84.0,2.25,0.02,0.02,490.72,503.8,437.29,466.31
2021-04-23 13:00:00,2021,4,5,0,13,0,540.8,26.94,51.98,3.48,0.2,0.18,500.06,505.83,,
2021-04-23 18:00:00,2021,4,5,0,18,0,455.41,37.08,73.09,7.45,0.04,0.04,500.58,505.62,,
2021-04-24 00:00:00,2021,4,6,1,0,1,536.25,26.01,72.77,9.61,0.15,0.14,507.67,505.88,,
2021-04-24 01:00:00,2021,4,6,1,1,1,481.99,26.83,43.29,1.98,0.15,0.14,504.3,505.75,536.25,562.91
2021-04-24 02:00:00,2021,4,6,1,2,1,461.51,21.59,84.07,4.58,0.33,0.29,505.5,505.57,481.99,
2021-04-24 04:00:00,2021,4,6,1,4,1,519.61,28.18,88.93,12.89,0.31,0.27,502.91,504.99,,
2021-04-24 05:00:00,2021,4,6,1,5,1,474.57,19.04,85.07,0.63,0.01,0.01,502.21,504.82,519.61,
2021-04-24 09:00:00,2021,4,6,1,9,1,489.72,29.89,86.42,5.25,0.35,0.3,490.95,503.29,,
2021-04-24 11:00:00,2021,4,6,1,11,1,480.86,26.49,41.27,2.11,0.2,0.18,484.9,503.15,,
2021-04-24 12:00:00,2021,4,6,1,12,1,426.21,30.64,40.19,9.74,0.07,0.07,483.13,502.57,480.86,
2021-04-24 13:00:00,2021,4,6,1,13,1,456.27,15.0,74.85,10.02,0.08,0.08,479.61,502.12,426.21,540.8
2021-04-24 15:00:00,2021,4,6,1,15,1,551.81,27.63,37.97,3.45,0.79,0.58,485.61,503.09,,
2021-04-24 20:00:00,2021,4,6,1,20,1,501.65,34.77,37.95,6.62,0.09,0.09,485.58,503.88,,
2021-04-25 03:00:00,2021,4,7,1,3,1,510.59,15.3,48.34,8.61,0.29,0.25,493.99,504.82,,
2021-04-25 04:00:00,2021,4,7,1,4,1,461.16,27.09,64.98,9.78,0.39,0.33,491.55,504.54,510.59,519.61
2021-04-25 06:00:00,2021,4,7,1,6,1,550.91,33.3,54.12,13.93,0.14,0.13,496.66,504.73,,
2021-04-25 11:00:00,2021,4,7,1,11,1,474.41,28.5,50.41,6.5,0.05,0.05,496.97,504.48,,480.86
2021-04-25 13:00:00,2021,4,7,1,13,1,496.87,17.64,74.23,10.18,1.04,0.71,498.83,504.45,,456.27
2021-04-26 01:00:00,2021,4,1,0,1,0,482.15,28.34,56.05,11.25,0.96,0.67,497.29,507.12,,
2021-04-26 16:00:00,2021,4,1,0,16,0,510.18,35.1,48.83,6.3,0.18,0.17,497.15,506.43,,
2021-04-26 17:00:00,2021,4,1,0,17,0,522.95,24.42,31.96,5.58,0.04,0.04,499.59,505.96,510.18,
2021-04-26 21:00:00,2021,4,1,0,21,0,476.41,25.16,65.89,8.97,0.21,0.19,499.06,505.85,,
2021-04-27 07:00:00,2021,4,2,0,7,0,480.81,31.05,58.41,5.61,0.21,0.19,495.4,504.66,,
2021-04-27 08:00:00,2021,4,2,0,8,0,458.31,23.96,61.93,9.67,0.75,0.56,490.35,504.29,480.81,
2021-04-27 13:00:00,2021,4,2,0,13,0,552.76,30.65,73.4,8.29,0.41,0.34,490.91,504.15,,
2021-04-27 15:00:00,2021,4,2,0,15,0,449.85,23.63,88.2,5.94,0.25,0.22,487.86,503.61,,
2021-04-27 18:00:00,2021,4,2,0,18,0,421.8,36.32,31.09,12.39,0.08,0.08,484.03,502.96,,
2021-04-27 19:00:00,2021,4,2,0,19,0,499.85,19.91,53.14,9.29,0.04,0.04,482.93,502.97,421.8,
2021-04-27 22:00:00,2021,4,2,0,22,0,433.45,25.6,46.37,13.91,0.01,0.01,481.78,503.03,,
2021-04-27 23:00:00,2021,4,2,0,23,0,537.63,15.0,42.84,7.61,0.27,0.24,483.56,503.87,433.45,
2021-04-28 00:00:00,2021,4,3,0,0,0,467.88,15.45,57.74,1.31,0.29,0.25,485.23,503.83,537.63,
2021-04-28 03:00:00,2021,4,3,0,3,0,507.1,17.65,58.44,10.49,0.16,0.15,489.06,503.86,,
2021-04-28 05:00:00,2021,4,3,0,5,0,440.27,19.17,37.3,8.45,0.36,0.31,486.53,503.46,,
2021-04-28 08:00:00,2021,4,3,0,8,0,425.54,24.94,36.53,0.6,0.06,0.06,491.86,504.1,,458.31
2021-04-28 18:00:00,2021,4,3,0,18,0,564.54,26.57,86.11,7.48,0.15,0.14,502.22,504.73,,421.8
2021-04-28 19:00:00,2021,4,3,0,19,0,442.24,29.18,76.69,2.91,0.07,0.07,499.82,504.5,564.54,499.85
2021-04-28 20:00:00,2021,4,3,0,20,0,538.08,27.18,82.92,6.85,0.13,0.12,497.43,504.24,442.24,
2021-04-28 21:00:00,2021,4,3,0,21,0,503.97,15.75,74.49,7.07,0.83,0.6,501.41,504.09,538.08,
2021-04-29 05:00:00,2021,4,4,0,5,0,509.07,17.0,39.93,5.99,1.13,0.76,500.65,503.88,,440.27
2021-04-29 08:00:00,2021,4,4,0,8,0,405.41,15.0,86.29,8.11,0.85,0.62,496.29,504.08,,425.54
2021-04-29 09:00:00,2021,4,4,0,9,0,583.76,16.66,50.15,0.17,0.03,0.03,498.62,504.35,405.41,
2021-04-29 17:00:00,2021,4,4,0,17,0,547.11,18.6,67.79,12.7,0.59,0.46,506.65,506.15,,
2021-04-29 18:00:00,2021,4,4,0,18,0,400.44,33.86,45.24,2.88,0.28,0.25,499.81,505.84,547.11,564.54
2021-04-29 21:00:00,2021,4,4,0,21,0,550.47,15.0,79.27,11.88,0.08,0.08,501.74,506.63,,503.97
2021-04-30 00:00:00,2021,4,5,0,0,0,495.02,21.9,64.83,2.66,0.04,0.04,505.68,507.04,,
2021-04-30 01:00:00,2021,4,5,0,1,0,487.36,34.39,38.1,5.27,0.09,0.09,502.93,506.59,495.02,
2021-04-30 17:00:00,2021,4,5,0,17,0,438.41,27.52,57.87,3.15,0.26,0.23,505.51,506.89,,547.11
2021-04-30 20:00:00,2021,4,5,0,20,0,525.66,31.77,53.31,14.21,0.07,0.07,512.98,507.19,,
2021-05-01 00:00:00,2021,5,6,1,0,1,520.33,32.1,70.54,3.0,0.0,0.0,518.53,508.63,,495.02
2021-05-01 09:00:00,2021,5,6,1,9,1,459.14,24.63,39.99,3.19,0.12,0.11,520.18,511.22,,
2021-05-01 12:00:00,2021,5,6,1,12,1,507.0,30.22,63.32,13.41,0.04,0.04,516.58,511.43,,
2021-05-01 22:00:00,2021,5,6,1,22,1,465.34,29.99,50.0,0.18,0.25,0.22,498.65,510.2,,
2021-05-01 23:00:00,2021,5,6,1,23,1,456.44,33.67,71.85,12.3,0.09,0.09,492.57,509.82,465.34,
2021-05-02 04:00:00,2021,5,7,1,4,1,383.28,25.84,50.87,7.48,0.05,0.05,491.61,510.0,,
2021-05-02 08:00:00,2021,5,7,1,8,1,462.93,16.14,56.99,13.58,0.08,0.08,490.42,509.82,,
2021-05-02 17:00:00,2021,5,7,1,17,1,538.87,31.59,71.41,15.0,0.23,0.21,499.4,510.5,,
2021-05-02 20:00:00,2021,5,7,1,20,1,454.43,28.04,71.49,8.44,0.26,0.23,499.72,510.36,,
2021-05-02 21:00:00,2021,5,7,1,21,1,541.15,26.48,83.29,1.12,0.02,0.02,502.73,510.42,454.43,
2021-05-03 00:00:00,2021,5,1,0,0,0,496.11,31.61,85.54,5.73,0.01,0.01,500.65,510.4,,
2021-05-03 15:00:00,2021,5,1,0,15,0,520.69,37.17,50.12,6.7,0.02,0.02,500.04,510.34,,
2021-05-03 16:00:00,2021,5,1,0,16,0,510.09,35.05,42.28,3.05,0.07,0.07,499.11,510.34,520.69,
2021-05-04 02:00:00,2021,5,2,0,2,0,505.19,15.0,86.03,2.63,0.05,0.05,518.41,513.11,,
2021-05-04 10:00:00,2021,5,2,0,10,0,615.08,26.57,89.99,14.55,0.12,0.11,516.87,515.01,,
2021-05-04 18:00:00,2021,5,2,0,18,0,529.32,22.28,64.96,6.97,0.33,0.29,516.26,515.25,,
2021-05-04 23:00:00,2021,5,2,0,23,0,454.11,29.16,70.78,11.85,0.28,0.25,506.48,515.14,,
2021-05-05 05:00:00,2021,5,3,0,5,0,539.95,30.29,80.59,5.76,0.12,0.11,502.31,515.02,,
2021-05-05 16:00:00,2021,5,3,0,16,0,418.65,28.0,46.82,13.67,0.01,0.01,497.54,514.52,,
2021-05-05 22:00:00,2021,5,3,0,22,0,446.88,20.57,42.7,8.55,0.04,0.04,492.0,514.26,,
2021-05-05 23:00:00,2021,5,3,0,23,0,520.83,34.85,80.91,9.2,0.12,0.11,494.78,514.23,446.88,454.11
2021-05-06 06:00:00,2021,5,4,0,6,0,547.59,15.0,41.89,4.32,0.01,0.01,509.29,515.84,,
2021-05-06 07:00:00,2021,5,4,0,7,0,496.34,27.97,62.76,3.27,0.12,0.11,507.23,516.08,547.59,
2021-05-06 09:00:00,2021,5,4,0,9,0,501.53,22.33,32.78,7.8,0.45,0.37,510.53,516.36,,
2021-05-06 15:00:00,2021,5,4,0,15,0,425.35,37.56,39.45,10.46,0.02,0.02,502.55,515.16,,
2021-05-06 21:00:00,2021,5,4,0,21,0,426.04,20.54,83.18,9.74,0.44,0.36,510.26,515.44,,
2021-05-07 01:00:00,2021,5,5,0,1,0,481.31,34.56,75.81,12.53,0.35,0.3,504.4,515.51,,
2021-05-07 07:00:00,2021,5,5,0,7,0,529.34,18.07,34.67,10.2,0.12,0.11,503.24,515.41,,496.34
2021-05-07 13:00:00,2021,5,5,0,13,0,469.43,26.39,37.88,12.1,0.09,0.09,504.82,516.47,,
2021-05-08 07:00:00,2021,5,6,1,7,1,483.21,33.78,39.94,11.91,0.54,0.43,496.88,511.82,,529.34
2021-05-08 11:00:00,2021,5,6,1,11,1,515.75,28.56,79.32,9.48,0.67,0.51,492.79,512.94,,
2021-05-08 15:00:00,2021,5,6,1,15,1,458.23,32.99,62.24,12.28,0.11,0.1,499.74,513.61,,
2021-05-08 16:00:00,2021,5,6,1,16,1,507.2,22.04,75.51,1.41,0.02,0.02,501.58,513.95,458.23,
2021-05-09 06:00:00,2021,5,7,1,6,1,475.77,19.45,88.39,0.17,0.12,0.11,506.09,514.28,,
2021-05-09 09:00:00,2021,5,7,1,9,1,471.4,26.96,71.38,12.24,0.29,0.25,505.38,514.83,,
2021-05-09 15:00:00,2021,5,7,1,15,1,507.19,22.21,45.71,3.64,0.3,0.26,505.73,514.94,,458.23
2021-05-10 00:00:00,2021,5,1,0,0,0,561.71,17.44,33.19,0.9,0.32,0.28,506.8,514.63,,
2021-05-10 08:00:00,2021,5,1,0,8,0,506.11,17.76,73.02,9.93,0.19,0.17,489.03,512.47,,
2021-05-11 11:00:00,2021,5,2,0,11,0,432.5,18.57,72.31,4.01,0.16,0.15,498.4,508.9,,
2021-05-11 15:00:00,2021,5,2,0,15,0,537.05,34.03,68.88,11.84,0.6,0.47,503.46,509.73,,
2021-05-11 21:00:00,2021,5,2,0,21,0,519.43,37.4,78.17,10.67,0.31,0.27,499.69,509.74,,
2021-05-11 22:00:00,2021,5,2,0,22,0,527.4,15.0,64.89,3.53,0.25,0.22,500.22,509.87,519.43,
2021-05-12 03:00:00,2021,5,3,0,3,0,479.61,34.03,73.64,8.14,0.04,0.04,498.39,510.47,,
2021-05-12 08:00:00,2021,5,3,0,8,0,516.39,22.42,35.16,10.36,0.55,0.44,509.09,511.87,,
2021-05-12 10:00:00,2021,5,3,0,10,0,444.48,17.49,85.57,13.73,0.02,0.02,508.51,511.54,,
2021-05-12 13:00:00,2021,5,3,0,13,0,583.5,34.22,60.61,13.83,0.04,0.04,513.88,512.0,,
2021-05-12 16:00:00,2021,5,3,0,16,0,486.94,15.0,83.83,7.33,0.11,0.1,506.79,511.73,,
2021-05-12 17:00:00,2021,5,3,0,17,0,482.32,29.54,38.23,7.07,0.57,0.45,507.48,512.0,486.94,
2021-05-12 20:00:00,2021,5,3,0,20,0,530.68,20.03,30.53,1.45,1.03,0.71,513.18,511.77,,
2021-05-12 21:00:00,2021,5,3,0,21,0,442.88,31.23,74.12,1.74,0.16,0.15,509.99,512.0,530.68,519.43
2021-05-13 02:00:00,2021,5,4,0,2,0,485.5,18.93,84.58,2.32,0.05,0.05,509.82,511.18,,
2021-05-13 06:00:00,2021,5,4,0,6,0,515.56,28.16,43.71,8.0,0.22,0.2,503.35,510.52,,
2021-05-13 18:00:00,2021,5,4,0,18,0,534.16,25.2,50.11,2.68,0.15,0.14,498.24,509.19,,
2021-05-14 01:00:00,2021,5,5,0,1,0,457.24,23.5,52.27,13.82,0.03,0.03,484.98,508.91,,
2021-05-14 05:00:00,2021,5,5,0,5,0,495.0,28.85,32.88,11.99,0.09,0.09,495.85,509.43,,
2021-05-14 18:00:00,2021,5,5,0,18,0,527.87,37.14,68.65,1.49,0.03,0.03,500.96,509.11,,534.16
2021-05-14 23:00:00,2021,5,5,0,23,0,480.78,33.9,30.04,6.58,0.16,0.15,505.55,509.82,,
2021-05-15 02:00:00,2021,5,6,1,2,1,445.03,15.0,52.75,10.34,0.3,0.26,492.01,507.85,,
2021-05-15 19:00:00,2021,5,6,1,19,1,392.36,15.0,75.71,3.22,0.08,0.08,476.54,506.31,,
2021-05-15 20:00:00,2021,5,6,1,20,1,536.52,17.41,80.54,13.4,0.23,0.21,477.9,506.62,392.36,
2021-05-15 22:00:00,2021,5,6,1,22,1,485.95,15.0,36.93,5.53,0.01,0.01,485.18,507.53,,
2021-05-15 23:00:00,2021,5,6,1,23,1,482.96,15.45,43.52,3.77,0.33,0.29,485.27,507.32,485.95,480.78
2021-05-16 05:00:00,2021,5,7,1,5,1,552.51,23.26,62.66,6.7,0.23,0.21,495.92,505.62,,
2021-05-16 08:00:00,2021,5,7,1,8,1,542.74,31.51,57.5,1.97,0.05,0.05,493.68,505.32,,
2021-05-16 10:00:00,2021,5,7,1,10,1,511.65,15.73,85.79,0.45,0.09,0.09,500.7,506.29,,
2021-05-16 11:00:00,2021,5,7,1,11,1,509.16,15.34,86.07,5.16,0.11,0.1,501.08,506.66,511.65,
2021-05-16 12:00:00,2021,5,7,1,12,1,530.99,30.54,87.85,4.16,0.07,0.07,500.95,506.5,509.16,
2021-05-16 16:00:00,2021,5,7,1,16,1,394.55,26.09,46.71,3.78,0.05,0.05,490.49,504.39,,
2021-05-16 19:00:00,2021,5,7,1,19,1,541.01,15.0,38.15,14.66,0.38,0.32,500.96,504.31,,392.36
2021-05-16 20:00:00,2021,5,7,1,20,1,520.19,32.5,30.27,14.17,0.04,0.04,500.28,504.39,541.01,536.52
2021-05-17 04:00:00,2021,5,1,0,4,0,498.65,26.2,65.23,6.01,0.38,0.32,506.43,507.13,,
2021-05-17 10:00:00,2021,5,1,0,10,0,559.41,15.0,39.42,8.35,0.1,0.1,511.0,509.72,,511.65
2021-05-17 11:00:00,2021,5,1,0,11,0,540.66,26.22,88.87,6.06,0.07,0.07,512.31,510.36,559.41,509.16
2021-05-17 20:00:00,2021,5,1,0,20,0,504.42,19.31,59.22,0.48,0.13,0.12,524.31,510.85,,520.19
2021-05-17 21:00:00,2021,5,1,0,21,0,467.0,20.89,73.0,11.44,0.15,0.14,525.02,510.99,504.42,
2021-05-18 02:00:00,2021,5,2,0,2,0,383.28,19.78,64.63,11.93,0.01,0.01,511.28,509.62,,
2021-05-18 04:00:00,2021,5,2,0,4,0,518.79,25.73,42.26,14.53,0.29,0.25,510.62,509.65,,498.65
2021-05-18 10:00:00,2021,5,2,0,10,0,492.56,29.53,82.18,5.15,0.19,0.17,493.92,509.05,,559.41
2021-05-18 14:00:00,2021,5,2,0,14,0,412.95,39.22,35.1,10.89,0.17,0.16,486.61,508.64,,
2021-05-18 15:00:00,2021,5,2,0,15,0,469.17,24.17,43.79,11.14,0.3,0.26,486.23,508.23,412.95,
2021-05-18 19:00:00,2021,5,2,0,19,0,505.64,40.0,87.57,8.49,1.24,0.81,485.32,509.01,,
2021-05-19 04:00:00,2021,5,3,0,4,0,484.23,26.53,79.98,14.2,0.56,0.44,487.21,507.38,,518.79
2021-05-19 07:00:00,2021,5,3,0,7,0,475.45,21.48,42.34,14.48,0.23,0.21,494.11,506.44,,
2021-05-19 08:00:00,2021,5,3,0,8,0,492.83,21.66,59.76,7.57,0.08,0.08,495.36,506.29,475.45,
2021-05-19 10:00:00,2021,5,3,0,10,0,580.61,19.86,37.73,11.98,0.03,0.03,496.3,507.28,,492.56
2021-05-19 20:00:00,2021,5,3,0,20,0,584.04,20.7,78.72,9.52,0.02,0.02,495.45,506.37,,
2021-05-20 00:00:00,2021,5,4,0,0,0,493.04,22.16,66.25,1.74,0.05,0.05,501.3,507.11,,
2021-05-20 02:00:00,2021,5,4,0,2,0,479.9,23.08,53.33,3.15,0.1,0.1,501.28,506.53,,
2021-05-20 04:00:00,2021,5,4,0,4,0,588.81,25.38,45.63,2.73,0.2,0.18,506.56,507.64,,484.23
2021-05-20 07:00:00,2021,5,4,0,7,0,454.35,34.89,89.85,4.47,0.26,0.23,501.27,506.31,,475.45
2021-05-20 09:00:00,2021,5,4,0,9,0,592.69,39.43,79.73,9.33,0.13,0.12,507.83,507.86,,
2021-05-20 10:00:00,2021,5,4,0,10,0,515.44,29.22,51.26,14.22,0.11,0.1,505.11,508.23,592.69,580.61
2021-05-20 20:00:00,2021,5,4,0,20,0,515.26,16.15,83.08,12.49,0.09,0.09,510.78,509.02,,584.04
2021-05-20 23:00:00,2021,5,4,0,23,0,508.04,17.33,53.63,12.95,0.45,0.37,506.45,510.32,,
2021-05-21 02:00:00,2021,5,5,0,2,0,549.16,30.94,62.89,4.2,0.2,0.18,505.87,509.15,,479.9
2021-05-21 15:00:00,2021,5,5,0,15,0,502.32,15.0,86.4,1.26,0.43,0.36,499.9,508.5,,
2021-05-22 10:00:00,2021,5,6,1,10,1,535.34,35.08,80.08,5.54,0.29,0.25,513.08,513.8,,
2021-05-22 16:00:00,2021,5,6,1,16,1,511.28,20.68,38.59,9.9,0.02,0.02,509.86,513.24,,
2021-05-22 17:00:00,2021,5,6,1,17,1,435.18,26.73,64.81,3.74,0.04,0.04,506.83,512.78,511.28,
2021-05-22 18:00:00,2021,5,6,1,18,1,540.59,21.82,75.85,13.83,0.07,0.07,508.29,513.6,435.18,
2021-05-22 19:00:00,2021,5,6,1,19,1,456.11,21.55,31.64,7.66,0.55,0.44,506.42,513.99,540.59,
2021-05-23 00:00:00,2021,5,7,1,0,1,480.85,15.0,61.61,4.97,0.14,0.13,504.2,512.1,,
2021-05-23 17:00:00,2021,5,7,1,17,1,495.67,19.66,31.95,7.45,0.56,0.44,484.12,511.69,,435.18
2021-05-24 01:00:00,2021,5,1,0,1,0,564.14,15.45,85.17,4.3,0.19,0.17,500.28,512.75,,
2021-05-24 05:00:00,2021,5,1,0,5,0,532.98,32.59,72.49,1.38,0.94,0.66,499.29,511.45,,
2021-05-24 11:00:00,2021,5,1,0,11,0,504.68,24.5,63.54,3.75,0.05,0.05,508.1,510.49,,
2021-05-24 16:00:00,2021,5,1,0,16,0,451.52,15.0,64.07,5.87,0.02,0.02,508.33,509.6,,
2021-05-24 22:00:00,2021,5,1,0,22,0,472.04,24.07,77.69,14.6,0.01,0.01,512.5,510.05,,
2021-05-25 02:00:00,2021,5,2,0,2,0,534.52,29.61,84.16,12.41,0.2,0.18,508.14,511.39,,
2021-05-25 10:00:00,2021,5,2,0,10,0,476.76,37.22,67.78,1.33,0.14,0.13,518.08,514.23,,
2021-05-25 16:00:00,2021,5,2,0,16,0,426.45,33.74,61.57,6.84,0.13,0.12,516.79,514.11,,451.52
2021-05-25 19:00:00,2021,5,2,0,19,0,478.2,15.88,85.3,2.07,0.33,0.29,513.13,513.58,,
2021-05-25 20:00:00,2021,5,2,0,20,0,412.14,32.69,52.89,8.31,0.18,0.17,508.08,513.27,478.2,
2021-05-26 03:00:00,2021,5,3,0,3,0,517.06,21.1,40.61,5.93,0.33,0.29,500.91,513.25,,
2021-05-26 16:00:00,2021,5,3,0,16,0,542.72,15.0,84.17,3.11,0.14,0.13,489.6,513.04,,426.45
2021-05-26 19:00:00,2021,5,3,0,19,0,495.8,36.49,86.73,4.7,0.06,0.06,487.46,513.15,,478.2
2021-05-26 20:00:00,2021,5,3,0,20,0,563.17,20.45,53.25,3.28,0.08,0.08,493.75,513.03,495.8,412.14
2021-05-28 00:00:00,2021,5,5,0,0,0,434.23,15.0,77.79,0.16,0.15,0.14,481.17,507.3,,
2021-05-28 04:00:00,2021,5,5,0,4,0,533.88,16.8,87.03,14.62,0.14,0.13,489.37,507.73,,
2021-05-28 10:00:00,2021,5,5,0,10,0,387.59,19.77,68.78,2.88,0.11,0.1,486.79,506.51,,
2021-05-28 20:00:00,2021,5,5,0,20,0,494.83,34.79,45.23,0.22,0.07,0.07,494.15,506.63,,
2021-05-28 22:00:00,2021,5,5,0,22,0,455.21,36.16,84.72,14.56,0.22,0.2,496.7,506.19,,
2021-05-29 04:00:00,2021,5,6,1,4,1,615.08,37.51,39.26,2.62,0.04,0.04,503.95,507.26,,533.88
2021-05-29 12:00:00,2021,5,6,1,12,1,533.14,15.58,63.55,12.79,0.11,0.1,507.71,505.69,,
2021-05-29 18:00:00,2021,5,6,1,18,1,411.21,28.43,69.39,1.12,0.03,0.03,500.97,505.21,,
2021-05-30 04:00:00,2021,5,7,1,4,1,519.72,21.48,61.82,4.66,0.06,0.06,511.99,508.74,,616.15
2021-05-30 09:00:00,2021,5,7,1,9,1,488.82,31.3,84.2,3.46,0.02,0.02,503.63,508.92,,
2021-05-30 21:00:00,2021,5,7,1,21,1,482.13,31.03,56.13,7.74,0.09,0.09,515.18,511.57,,
2021-05-31 01:00:00,2021,5,1,0,1,0,468.35,15.87,74.91,14.49,0.27,0.24,508.68,509.78,,
2021-05-31 03:00:00,2021,5,1,0,3,0,488.58,24.46,36.04,6.29,0.14,0.13,502.32,509.28,,
2021-05-31 10:00:00,2021,5,1,0,10,0,540.36,17.86,63.19,9.35,0.03,0.03,504.24,508.98,,
2021-05-31 14:00:00,2021,5,1,0,14,0,420.62,40.0,68.15,0.52,0.19,0.17,503.84,508.81,,
2021-05-31 15:00:00,2021,5,1,0,15,0,481.04,17.77,82.17,3.7,0.16,0.15,501.04,509.22,420.62,
2021-05-31 19:00:00,2021,5,1,0,19,0,494.63,28.1,70.74,10.63,0.48,0.39,493.32,508.56,,
2021-06-01 01:00:00,2021,6,2,0,1,0,468.04,25.73,60.97,8.84,0.22,0.2,507.66,510.06,,468.35
2021-06-01 03:00:00,2021,6,2,0,3,0,478.26,29.09,35.6,3.55,0.12,0.11,510.6,509.53,,488.58
2021-06-01 11:00:00,2021,6,2,0,11,0,543.04,16.73,82.75,0.97,0.45,0.37,504.57,507.44,,
2021-06-01 13:00:00,2021,6,2,0,13,0,569.58,37.48,35.13,3.92,0.53,0.43,505.15,507.85,,
2021-06-01 14:00:00,2021,6,2,0,14,0,407.62,24.14,78.68,2.5,0.28,0.25,504.61,507.59,569.58,420.62
2021-06-01 16:00:00,2021,6,2,0,16,0,524.42,27.92,68.5,6.77,0.04,0.04,508.34,508.2,,
2021-06-01 21:00:00,2021,6,2,0,21,0,412.53,15.82,53.26,4.82,0.09,0.09,504.52,509.01,,
2021-06-01 22:00:00,2021,6,2,0,22,0,531.41,29.19,78.74,12.05,0.11,0.1,504.76,509.43,412.53,
2021-06-01 23:00:00,2021,6,2,0,23,0,477.12,21.96,39.1,10.05,0.16,0.15,499.64,509.13,531.41,
2021-06-02 00:00:00,2021,6,3,0,0,0,556.26,22.87,82.86,2.69,0.07,0.07,498.88,509.38,477.12,
2021-06-02 03:00:00,2021,6,3,0,3,0,455.69,18.77,85.28,10.6,0.17,0.16,500.45,509.47,,478.26
2021-06-02 05:00:00,2021,6,3,0,5,0,496.54,27.4,42.66,7.88,0.35,0.3,505.66,511.15,,
2021-06-03 05:00:00,2021,6,4,0,5,0,480.92,29.13,69.89,13.04,0.14,0.13,491.76,511.9,,496.54
2021-06-03 06:00:00,2021,6,4,0,6,0,452.59,26.55,47.04,0.63,0.04,0.04,491.49,511.69,480.92,
2021-06-03 09:00:00,2021,6,4,0,9,0,482.82,15.32,68.74,8.96,0.7,0.53,491.41,511.25,,
2021-06-03 17:00:00,2021,6,4,0,17,0,438.4,32.19,59.6,4.37,0.41,0.34,497.31,513.52,,
2021-06-03 19:00:00,2021,6,4,0,19,0,471.14,28.37,34.83,12.68,0.01,0.01,491.21,512.54,,
2021-06-03 20:00:00,2021,6,4,0,20,0,572.23,26.49,84.82,2.01,0.06,0.06,492.25,512.9,471.14,
2021-06-04 01:00:00,2021,6,5,0,1,0,447.25,22.76,69.75,8.83,0.59,0.46,485.53,512.32,,
2021-06-04 02:00:00,2021,6,5,0,2,0,470.65,25.8,32.12,13.41,0.01,0.01,486.57,511.76,447.25,
2021-06-04 04:00:00,2021,6,5,0,4,0,551.21,15.0,46.17,10.33,0.34,0.29,493.06,512.47,,
2021-06-04 10:00:00,2021,6,5,0,10,0,486.54,27.33,47.64,8.19,0.02,0.02,494.54,512.27,,
2021-06-04 12:00:00,2021,6,5,0,12,0,442.36,26.3,44.46,10.64,0.02,0.02,485.84,511.5,,
2021-06-04 18:00:00,2021,6,5,0,18,0,529.95,39.98,48.82,2.08,0.07,0.07,476.39,510.29,,
2021-06-05 02:00:00,2021,6,6,1,2,1,552.23,27.87,43.3,6.05,0.29,0.25,493.51,511.21,,470.65
2021-06-05 09:00:00,2021,6,6,1,9,1,453.09,18.95,78.05,5.97,0.09,0.09,488.29,509.04,,
2021-06-05 12:00:00,2021,6,6,1,12,1,451.27,16.34,44.79,1.27,0.09,0.09,491.51,509.14,,442.36
2021-06-05 15:00:00,2021,6,6,1,15,1,506.1,33.13,84.05,11.55,0.96,0.67,499.61,510.05,,
2021-06-05 18:00:00,2021,6,6,1,18,1,459.12,28.56,74.57,4.7,0.07,0.07,499.23,510.04,,529.95
2021-06-05 22:00:00,2021,6,6,1,22,1,549.85,26.04,85.76,4.56,0.19,0.17,497.76,509.22,,
2021-06-05 23:00:00,2021,6,6,1,23,1,441.25,22.1,54.36,8.82,0.16,0.15,496.19,508.62,549.85,
2021-06-06 03:00:00,2021,6,7,1,3,1,501.59,27.73,35.88,3.37,0.18,0.17,491.6,507.01,,
2021-06-06 04:00:00,2021,6,7,1,4,1,516.02,23.63,73.55,12.87,0.03,0.03,492.06,506.99,501.59,
2021-06-06 05:00:00,2021,6,7,1,5,1,392.82,30.55,74.51,4.93,0.08,0.08,490.88,506.53,516.02,
2021-06-06 18:00:00,2021,6,7,1,18,1,555.36,25.13,52.4,8.06,0.24,0.22,497.34,506.22,,459.12
2021-06-06 21:00:00,2021,6,7,1,21,1,548.03,19.52,78.12,9.76,0.14,0.13,506.12,507.44,,
2021-06-06 22:00:00,2021,6,7,1,22,1,443.02,27.38,42.55,9.17,0.42,0.35,501.67,506.69,548.03,549.85
2021-06-07 04:00:00,2021,6,1,0,4,0,432.02,30.09,85.91,13.42,0.08,0.08,508.88,507.86,,516.02
2021-06-07 12:00:00,2021,6,1,0,12,0,478.8,29.16,44.27,3.36,0.01,0.01,510.73,506.81,,
2021-06-07 16:00:00,2021,6,1,0,16,0,486.54,23.95,67.9,7.54,0.01,0.01,497.73,506.01,,
2021-06-07 17:00:00,2021,6,1,0,17,0,533.21,17.5,74.63,13.11,0.04,0.04,498.59,506.52,486.54,
2021-06-07 20:00:00,2021,6,1,0,20,0,551.7,26.83,46.96,7.25,0.03,0.03,497.12,507.73,,
2021-06-08 05:00:00,2021,6,2,0,5,0,523.18,27.34,32.85,6.54,0.01,0.01,487.19,505.39,,
2021-06-08 19:00:00,2021,6,2,0,19,0,519.67,29.45,63.2,3.11,0.04,0.04,500.73,505.82,,
2021-06-08 21:00:00,2021,6,2,0,21,0,456.54,27.99,88.24,9.74,0.02,0.02,498.31,505.88,,
2021-06-09 03:00:00,2021,6,3,0,3,0,571.32,36.14,79.78,1.68,0.54,0.43,507.73,505.81,,
2021-06-09 08:00:00,2021,6,3,0,8,0,468.49,15.0,61.4,10.1,0.04,0.04,507.62,505.21,,
2021-06-09 22:00:00,2021,6,3,0,22,0,489.56,19.53,31.29,13.97,0.13,0.12,511.53,505.89,,
2021-06-10 00:00:00,2021,6,4,0,0,0,445.42,28.34,84.79,2.93,0.27,0.24,504.83,505.4,,
2021-06-10 01:00:00,2021,6,4,0,1,0,420.45,15.0,30.84,8.35,0.01,0.01,502.18,505.33,445.42,
2021-06-10 02:00:00,2021,6,4,0,2,0,538.38,28.26,32.11,11.2,0.11,0.1,502.95,505.89,420.45,
2021-06-10 04:00:00,2021,6,4,0,4,0,391.91,29.92,88.24,1.71,0.09,0.09,495.06,506.19,,
2021-06-10 08:00:00,2021,6,4,0,8,0,426.38,20.03,74.71,5.93,0.09,0.09,499.63,506.77,,468.49
2021-06-10 09:00:00,2021,6,4,0,9,0,566.04,15.41,32.94,11.94,0.4,0.34,502.97,507.28,426.38,
2021-06-10 22:00:00,2021,6,4,0,22,0,567.54,22.22,69.87,1.04,0.21,0.19,507.12,508.64,,489.56
2021-06-10 23:00:00,2021,6,4,0,23,0,547.54,32.02,40.22,2.74,0.11,0.1,511.47,509.0,567.54,
2021-06-11 00:00:00,2021,6,5,0,0,0,481.54,26.27,78.94,10.6,0.24,0.22,512.97,509.49,547.54,445.42
2021-06-11 10:00:00,2021,6,5,0,10,0,465.72,24.16,31.27,4.62,0.08,0.08,517.99,510.88,,
2021-06-11 12:00:00,2021,6,5,0,12,0,466.59,26.17,57.4,8.3,0.49,0.4,511.17,511.47,,
2021-06-11 13:00:00,2021,6,5,0,13,0,471.84,16.23,60.27,8.18,0.03,0.03,507.21,511.42,466.59,
2021-06-11 16:00:00,2021,6,5,0,16,0,499.71,37.62,80.31,7.6,0.2,0.18,513.45,513.05,,
2021-06-11 18:00:00,2021,6,5,0,18,0,539.67,20.96,34.68,10.05,0.07,0.07,514.68,513.21,,
2021-06-11 21:00:00,2021,6,5,0,21,0,541.49,26.91,45.82,13.4,0.39,0.33,511.93,512.58,,
2021-06-12 07:00:00,2021,6,6,1,7,1,512.77,30.79,32.11,0.93,0.09,0.09,509.36,513.44,,
2021-06-12 16:00:00,2021,6,6,1,16,1,448.89,25.6,45.54,6.76,0.06,0.06,501.26,512.68,,499.71
2021-06-12 18:00:00,2021,6,6,1,18,1,503.74,29.01,75.81,5.27,0.19,0.17,496.68,512.84,,539.67
2021-06-12 22:00:00,2021,6,6,1,22,1,564.92,18.51,70.66,9.51,0.33,0.29,499.97,513.05,,
2021-06-13 01:00:00,2021,6,7,1,1,1,601.46,32.84,68.3,11.54,0.05,0.05,506.07,514.84,,
2021-06-13 05:00:00,2021,6,7,1,5,1,550.66,34.7,38.38,4.51,0.05,0.05,509.63,516.12,,
2021-06-13 11:00:00,2021,6,7,1,11,1,566.52,28.96,60.62,8.64,0.11,0.1,507.64,515.01,,
2021-06-13 13:00:00,2021,6,7,1,13,1,550.15,27.84,47.83,9.56,0.07,0.07,506.74,514.96,,
2021-06-13 15:00:00,2021,6,7,1,15,1,483.14,38.59,43.24,3.39,0.3,0.26,502.02,514.48,,
2021-06-13 19:00:00,2021,6,7,1,19,1,480.0,15.59,72.33,3.8,0.16,0.15,502.49,513.35,,
2021-06-13 22:00:00,2021,6,7,1,22,1,525.83,15.72,30.9,4.74,0.12,0.11,502.17,513.12,,564.92
2021-06-14 00:00:00,2021,6,1,0,0,0,425.37,16.82,69.62,6.63,0.0,0.0,498.48,512.88,,
2021-06-14 01:00:00,2021,6,1,0,1,0,493.03,25.98,58.37,6.06,0.24,0.22,493.96,512.83,425.37,601.46
2021-06-14 04:00:00,2021,6,1,0,4,0,533.75,28.16,55.47,9.8,0.04,0.04,495.08,513.15,,
2021-06-14 06:00:00,2021,6,1,0,6,0,447.63,31.45,76.84,11.3,0.42,0.35,490.67,512.52,,
2021-06-14 07:00:00,2021,6,1,0,7,0,551.91,23.8,31.43,3.06,0.69,0.52,495.51,513.02,447.63,
2021-06-14 13:00:00,2021,6,1,0,13,0,592.98,31.46,33.59,7.02,0.06,0.06,493.33,513.24,,550.15
2021-06-14 18:00:00,2021,6,1,0,18,0,551.91,15.0,36.52,7.82,0.94,0.66,490.09,512.45,,
2021-06-14 20:00:00,2021,6,1,0,20,0,462.34,24.64,74.59,3.11,0.87,0.63,486.91,511.58,,
2021-06-15 00:00:00,2021,6,2,0,0,0,578.09,21.39,53.47,12.87,0.13,0.12,491.92,512.95,,425.37
2021-06-15 03:00:00,2021,6,2,0,3,0,416.71,27.85,70.23,0.76,0.22,0.2,485.55,512.61,,
2021-06-15 07:00:00,2021,6,2,0,7,0,520.82,23.65,61.41,4.48,1.22,0.8,484.96,512.74,,551.91
2021-06-15 08:00:00,2021,6,2,0,8,0,491.12,36.33,41.26,13.06,0.09,0.09,484.73,512.63,520.82,
2021-06-15 10:00:00,2021,6,2,0,10,0,515.6,15.0,54.56,3.02,0.12,0.11,489.23,511.82,,
2021-06-15 11:00:00,2021,6,2,0,11,0,489.71,26.76,80.38,12.47,0.52,0.42,487.89,511.8,515.6,
2021-06-15 13:00:00,2021,6,2,0,13,0,471.65,15.0,63.53,8.24,0.02,0.02,485.75,511.56,,592.98
2021-06-15 17:00:00,2021,6,2,0,17,0,586.21,22.98,54.81,1.37,0.33,0.29,490.96,512.05,,
2021-06-15 18:00:00,2021,6,2,0,18,0,539.94,16.92,50.1,0.51,0.29,0.25,497.29,511.69,586.21,388.01
2021-06-15 19:00:00,2021,6,2,0,19,0,527.25,15.0,84.09,3.0,0.28,0.25,498.03,511.73,539.94,
2021-06-16 00:00:00,2021,6,3,0,0,0,486.25,28.25,48.43,2.05,0.14,0.13,487.61,510.95,,578.09
2021-06-16 08:00:00,2021,6,3,0,8,0,512.29,19.96,56.65,13.02,0.0,0.0,498.66,511.33,,491.12
2021-06-16 17:00:00,2021,6,3,0,17,0,521.92,23.84,36.55,0.02,0.07,0.07,503.99,510.6,,586.21
2021-06-17 05:00:00,2021,6,4,0,5,0,593.67,22.67,53.14,1.28,0.48,0.39,507.13,511.8,,
2021-06-17 09:00:00,2021,6,4,0,9,0,575.42,15.0,77.5,11.36,0.95,0.67,509.87,512.81,,
2021-06-17 11:00:00,2021,6,4,0,11,0,537.65,21.83,72.6,10.38,0.52,0.42,510.21,512.29,,
2021-06-17 22:00:00,2021,6,4,0,22,0,485.62,24.19,54.74,9.69,0.12,0.11,503.66,510.53,,
2021-06-17 23:00:00,2021,6,4,0,23,0,565.47,26.6,67.62,10.14,0.1,0.1,507.1,510.64,485.62,
2021-06-18 02:00:00,2021,6,5,0,2,0,549.43,26.73,56.63,9.99,0.43,0.36,505.13,510.65,,
2021-06-18 07:00:00,2021,6,5,0,7,0,507.42,28.7,37.56,4.52,0.21,0.19,501.02,510.48,,
2021-06-18 16:00:00,2021,6,5,0,16,0,541.46,16.02,82.28,9.49,0.09,0.09,513.92,511.87,,
2021-06-18 20:00:00,2021,6,5,0,20,0,615.08,17.44,87.04,14.29,0.13,0.12,519.61,511.83,,
2021-06-18 21:00:00,2021,6,5,0,21,0,531.77,26.66,70.65,0.41,0.08,0.08,517.07,511.77,634.74,
2021-06-19 00:00:00,2021,6,6,1,0,1,540.26,32.0,76.48,14.96,0.42,0.35,517.73,511.71,,
2021-06-19 04:00:00,2021,6,6,1,4,1,515.29,21.86,57.92,12.74,0.07,0.07,517.92,512.31,,
2021-06-19 05:00:00,2021,6,6,1,5,1,505.55,23.75,70.08,3.17,0.21,0.19,519.61,512.02,515.29,
2021-06-19 07:00:00,2021,6,6,1,7,1,453.68,16.31,71.52,9.44,0.5,0.41,514.22,511.19,,507.42
2021-06-19 09:00:00,2021,6,6,1,9,1,509.82,24.06,50.98,6.22,0.26,0.23,515.63,512.19,,
2021-06-19 10:00:00,2021,6,6,1,10,1,527.67,26.36,43.63,2.12,0.02,0.02,513.55,512.43,509.82,
2021-06-19 14:00:00,2021,6,6,1,14,1,531.51,27.94,67.51,4.75,0.16,0.15,511.31,512.69,,
2021-06-19 16:00:00,2021,6,6,1,16,1,484.39,22.64,80.57,7.31,0.44,0.36,507.81,512.82,,541.46
2021-06-20 00:00:00,2021,6,7,1,0,1,434.9,15.0,67.74,5.94,0.0,0.0,508.4,512.44,,540.26
2021-06-20 05:00:00,2021,6,7,1,5,1,509.0,26.92,88.24,5.88,0.07,0.07,506.63,511.58,,505.55
2021-06-20 06:00:00,2021,6,7,1,6,1,475.12,27.63,80.23,12.99,0.05,0.05,507.54,511.48,509.0,
2021-06-20 11:00:00,2021,6,7,1,11,1,554.74,28.04,87.44,14.2,0.03,0.03,505.54,512.56,,
2021-06-20 13:00:00,2021,6,7,1,13,1,483.32,27.97,65.18,12.91,0.69,0.52,503.02,512.09,,
2021-06-21 01:00:00,2021,6,1,0,1,0,458.04,37.62,36.6,3.37,0.2,0.18,490.69,511.68,,
2021-06-21 02:00:00,2021,6,1,0,2,0,473.89,40.0,70.04,0.21,0.12,0.11,488.0,511.66,458.04,
2021-06-21 07:00:00,2021,6,1,0,7,0,544.15,34.86,69.74,8.57,0.42,0.35,499.31,512.36,,
2021-06-21 12:00:00,2021,6,1,0,12,0,435.68,22.52,78.73,8.36,0.0,0.0,493.97,512.85,,
2021-06-21 19:00:00,2021,6,1,0,19,0,523.24,15.0,33.79,9.47,0.04,0.04,500.41,513.57,,
2021-06-21 22:00:00,2021,6,1,0,22,0,511.38,27.83,63.75,13.93,0.05,0.05,498.99,513.81,,
2021-06-22 05:00:00,2021,6,2,0,5,0,450.14,25.22,56.5,3.27,0.21,0.19,491.78,513.07,,
2021-06-22 06:00:00,2021,6,2,0,6,0,615.08,36.69,32.0,8.73,0.47,0.39,497.27,514.01,450.14,
2021-06-22 08:00:00,2021,6,2,0,8,0,436.5,27.25,86.58,1.6,0.86,0.62,495.57,513.78,,
2021-06-22 18:00:00,2021,6,2,0,18,0,480.06,15.0,66.23,0.15,0.32,0.28,487.67,512.09,,
2021-06-22 19:00:00,2021,6,2,0,19,0,566.55,25.47,59.39,11.98,0.05,0.05,489.47,512.33,480.06,523.24
2021-06-22 20:00:00,2021,6,2,0,20,0,461.44,27.11,61.13,4.04,0.69,0.52,488.43,512.15,566.55,
2021-06-23 00:00:00,2021,6,3,0,0,0,457.83,29.49,70.15,2.26,0.04,0.04,489.08,513.12,,
2021-06-23 03:00:00,2021,6,3,0,3,0,497.13,32.71,54.71,13.74,0.24,0.22,491.93,512.87,,
2021-06-23 11:00:00,2021,6,3,0,11,0,493.04,22.06,45.88,7.56,0.05,0.05,499.75,512.95,,
2021-06-23 13:00:00,2021,6,3,0,13,0,508.07,20.78,38.58,2.56,0.2,0.18,494.95,512.41,,
2021-06-23 14:00:00,2021,6,3,0,14,0,488.19,23.0,38.42,8.56,0.03,0.03,495.71,511.68,508.07,
2021-06-23 18:00:00,2021,6,3,0,18,0,479.69,19.95,45.47,7.6,0.15,0.14,503.75,512.14,,480.06
2021-06-23 22:00:00,2021,6,3,0,22,0,565.83,17.25,32.72,6.34,1.16,0.77,501.99,512.54,,
2021-06-24 01:00:00,2021,6,4,0,1,0,484.63,16.15,32.67,4.01,0.27,0.24,500.47,511.99,,
2021-06-24 08:00:00,2021,6,4,0,8,0,518.26,32.97,52.66,6.6,0.0,0.0,509.71,513.59,,
2021-06-24 09:00:00,2021,6,4,0,9,0,427.46,24.81,68.87,8.72,0.08,0.08,504.57,512.69,518.26,
2021-06-24 14:00:00,2021,6,4,0,14,0,538.16,17.32,40.93,14.91,0.21,0.19,516.72,513.24,,488.19
2021-06-24 15:00:00,2021,6,4,0,15,0,547.0,15.42,56.68,1.77,0.05,0.05,515.84,513.56,538.16,
2021-06-24 23:00:00,2021,6,4,0,23,0,475.72,27.08,46.46,3.43,0.06,0.06,507.03,512.38,,
2021-06-25 02:00:00,2021,6,5,0,2,0,475.1,27.9,39.6,7.84,0.54,0.43,502.28,512.44,,
2021-06-25 07:00:00,2021,6,5,0,7,0,615.08,24.91,89.61,1.31,0.11,0.1,507.2,514.38,,
2021-06-25 10:00:00,2021,6,5,0,10,0,507.28,24.3,53.93,0.76,0.03,0.03,505.92,513.52,,
2021-06-25 11:00:00,2021,6,5,0,11,0,575.75,15.0,53.21,3.17,0.62,0.48,509.3,513.19,507.28,
2021-06-25 17:00:00,2021,6,5,0,17,0,455.87,15.0,34.76,13.51,0.02,0.02,508.7,512.24,,
2021-06-25 21:00:00,2021,6,5,0,21,0,394.27,18.8,43.47,2.1,0.22,0.2,508.84,511.57,,
2021-06-25 22:00:00,2021,6,5,0,22,0,509.01,15.0,43.49,4.39,0.14,0.13,508.78,511.81,394.27,
2021-06-26 00:00:00,2021,6,6,1,0,1,505.37,16.13,73.81,6.16,0.5,0.41,507.82,511.77,,
2021-06-26 02:00:00,2021,6,6,1,2,1,435.48,19.84,44.3,0.12,0.1,0.1,506.18,510.76,,475.1
2021-06-26 08:00:00,2021,6,6,1,8,1,383.28,16.57,45.06,13.97,0.22,0.2,492.57,510.88,,
2021-06-26 10:00:00,2021,6,6,1,10,1,539.02,28.35,64.81,11.52,0.42,0.35,496.2,510.99,,507.28
2021-06-26 14:00:00,2021,6,6,1,14,1,457.34,24.25,58.19,6.62,0.06,0.06,492.96,510.14,,
2021-06-26 17:00:00,2021,6,6,1,17,1,534.83,19.95,39.1,9.93,0.04,0.04,494.75,509.98,,455.87
2021-06-26 18:00:00,2021,6,6,1,18,1,568.94,29.93,69.92,2.75,0.05,0.05,498.92,510.48,534.83,
2021-06-26 19:00:00,2021,6,6,1,19,1,488.54,30.05,36.24,0.34,0.22,0.2,496.78,509.78,568.94,
2021-06-26 20:00:00,2021,6,6,1,20,1,447.76,21.2,40.05,7.94,0.07,0.07,491.6,509.43,488.54,
2021-06-27 07:00:00,2021,6,7,1,7,1,603.69,22.2,33.32,8.65,0.41,0.34,508.26,511.68,,
2021-06-27 17:00:00,2021,6,7,1,17,1,615.08,25.04,40.78,0.89,0.02,0.02,517.75,512.35,,534.83
2021-06-28 00:00:00,2021,6,1,0,0,0,580.5,24.26,35.27,5.73,0.02,0.02,506.08,512.16,,
2021-06-28 01:00:00,2021,6,1,0,1,0,580.5,30.57,74.3,13.13,0.03,0.03,506.65,512.91,380.72,
2021-06-28 02:00:00,2021,6,1,0,2,0,520.8,18.61,65.61,10.94,0.29,0.25,508.27,513.19,580.5,
2021-06-28 07:00:00,2021,6,1,0,7,0,520.07,25.48,45.88,14.79,0.18,0.17,503.92,512.35,,603.69
2021-06-28 08:00:00,2021,6,1,0,8,0,553.4,24.48,52.86,8.11,0.25,0.22,505.8,512.85,520.07,
2021-06-28 09:00:00,2021,6,1,0,9,0,564.76,24.8,73.94,10.17,0.31,0.27,510.98,513.32,553.4,
2021-06-28 12:00:00,2021,6,1,0,12,0,471.33,32.31,52.81,13.2,0.01,0.01,508.94,513.98,,
2021-06-28 14:00:00,2021,6,1,0,14,0,461.05,28.27,84.44,14.44,0.48,0.39,509.33,513.49,,
2021-06-28 16:00:00,2021,6,1,0,16,0,523.76,24.53,74.02,0.52,0.46,0.38,510.75,514.18,,
2021-06-28 18:00:00,2021,6,1,0,18,0,563.8,23.41,40.93,3.05,0.04,0.04,508.77,514.41,,
2021-06-28 23:00:00,2021,6,1,0,23,0,459.2,18.31,48.47,2.08,0.04,0.04,510.08,514.37,,
2021-06-29 03:00:00,2021,6,2,0,3,0,411.15,15.66,88.82,8.47,0.03,0.03,504.67,514.04,,
2021-06-29 04:00:00,2021,6,2,0,4,0,498.41,31.28,86.26,1.73,0.71,0.54,505.48,513.92,411.15,
2021-06-29 06:00:00,2021,6,2,0,6,0,383.28,28.21,74.83,1.83,0.15,0.14,500.9,513.02,,
2021-06-29 12:00:00,2021,6,2,0,12,0,449.64,26.66,47.33,12.57,0.02,0.02,485.99,512.63,,471.33
2021-06-29 16:00:00,2021,6,2,0,16,0,497.04,15.0,39.56,0.17,0.12,0.11,481.35,512.4,,523.76
2021-06-30 02:00:00,2021,6,3,0,2,0,526.0,24.92,84.92,3.51,0.18,0.17,494.4,514.92,,
2021-06-30 03:00:00,2021,6,3,0,3,0,615.08,18.35,50.44,13.42,0.15,0.14,503.23,515.68,526.0,411.15
2021-06-30 09:00:00,2021,6,3,0,9,0,580.19,34.98,39.21,13.06,0.01,0.01,516.05,515.21,,
2021-06-30 10:00:00,2021,6,3,0,10,0,504.16,26.14,32.82,6.75,0.52,0.42,516.67,515.86,580.19,
2021-06-30 14:00:00,2021,6,3,0,14,0,545.32,15.0,88.36,11.44,0.14,0.13,526.93,517.55,,
2021-06-30 20:00:00,2021,6,3,0,20,0,584.66,32.21,58.5,10.55,0.25,0.22,526.93,517.95,,
2021-06-30 21:00:00,2021,6,3,0,21,0,570.76,20.86,41.25,2.47,0.18,0.17,526.93,518.38,584.66,
2021-06-30 22:00:00,2021,6,3,0,22,0,610.93,27.67,87.37,11.76,0.34,0.29,526.93,518.66,570.76,
2021-06-30 23:00:00,2021,6,3,0,23,0,528.87,20.52,83.69,4.22,0.06,0.06,526.93,518.78,610.93,
2021-07-01 13:00:00,2021,7,4,0,13,0,410.72,38.92,47.89,3.27,0.26,0.23,500.65,515.17,,
2021-07-01 14:00:00,2021,7,4,0,14,0,412.22,35.92,40.47,6.7,0.16,0.15,495.11,514.4,410.72,545.32
2021-07-01 16:00:00,2021,7,4,0,16,0,478.31,26.76,33.9,4.76,0.46,0.38,492.74,515.03,,
2021-07-02 00:00:00,2021,7,5,0,0,0,550.54,28.91,42.72,1.19,0.17,0.16,474.57,514.23,,
2021-07-02 08:00:00,2021,7,5,0,8,0,449.47,36.44,65.03,8.55,0.29,0.25,490.98,513.26,,
2021-07-02 15:00:00,2021,7,5,0,15,0,479.53,21.39,74.06,3.23,0.12,0.11,498.92,513.66,,
2021-07-02 21:00:00,2021,7,5,0,21,0,479.12,19.9,71.85,3.8,0.01,0.01,497.27,513.1,,
2021-07-03 08:00:00,2021,7,6,1,8,1,531.73,24.55,53.88,0.32,0.24,0.22,518.29,517.01,,449.47
2021-07-03 14:00:00,2021,7,6,1,14,1,572.54,18.59,48.73,1.21,0.19,0.17,521.37,517.89,,
2021-07-03 15:00:00,2021,7,6,1,15,1,473.74,17.14,47.6,13.84,0.04,0.04,521.13,517.88,572.54,479.53
2021-07-03 23:00:00,2021,7,6,1,23,1,465.82,33.16,78.93,6.03,0.07,0.07,513.14,515.67,,
2021-07-04 17:00:00,2021,7,7,1,17,1,465.88,18.81,81.36,7.65,0.0,0.0,491.15,513.06,,
2021-07-04 23:00:00,2021,7,7,1,23,1,481.07,38.73,51.62,13.25,0.06,0.06,496.44,513.28,,465.82
2021-07-05 01:00:00,2021,7,1,0,1,0,515.37,32.35,47.43,2.11,0.02,0.02,496.88,513.94,,
2021-07-05 04:00:00,2021,7,1,0,4,0,459.13,26.37,86.72,10.64,0.33,0.29,490.48,512.68,,
2021-07-05 07:00:00,2021,7,1,0,7,0,504.75,28.52,52.01,11.67,0.14,0.13,490.63,512.05,,
2021-07-05 14:00:00,2021,7,1,0,14,0,569.97,27.5,57.96,3.26,0.06,0.06,486.54,510.67,,
2021-07-05 18:00:00,2021,7,1,0,18,0,511.81,32.81,48.51,10.09,0.41,0.34,491.86,510.36,,
2021-07-06 01:00:00,2021,7,2,0,1,0,583.46,19.91,65.36,13.24,0.06,0.06,490.92,510.99,,515.37
2021-07-06 05:00:00,2021,7,2,0,5,0,474.94,19.78,80.17,7.97,0.65,0.5,504.96,511.7,,
2021-07-06 09:00:00,2021,7,2,0,9,0,383.28,24.37,49.78,9.95,0.0,0.0,504.34,512.88,,
2021-07-06 12:00:00,2021,7,2,0,12,0,493.81,19.46,50.61,6.05,0.05,0.05,507.09,513.03,,
2021-07-07 07:00:00,2021,7,3,0,7,0,510.53,25.84,38.78,7.78,0.09,0.09,485.73,510.0,,
2021-07-07 17:00:00,2021,7,3,0,17,0,497.14,22.95,30.25,8.24,0.36,0.31,498.42,509.29,,
2021-07-07 20:00:00,2021,7,3,0,20,0,587.99,18.19,76.6,1.36,0.03,0.03,496.01,508.36,,
2021-07-07 21:00:00,2021,7,3,0,21,0,507.42,15.93,56.94,1.25,0.09,0.09,497.28,507.98,587.99,
2021-07-08 05:00:00,2021,7,4,0,5,0,458.11,19.29,43.36,7.01,0.13,0.12,505.68,508.42,,
2021-07-08 18:00:00,2021,7,4,0,18,0,475.27,25.41,69.89,13.18,0.01,0.01,494.17,508.69,,
2021-07-08 22:00:00,2021,7,4,0,22,0,473.16,31.42,46.24,11.59,0.09,0.09,488.78,509.15,,
2021-07-09 09:00:00,2021,7,5,0,9,0,484.98,21.46,75.94,6.89,0.07,0.07,501.2,509.9,,
2021-07-09 14:00:00,2021,7,5,0,14,0,436.8,21.47,64.67,7.22,0.39,0.33,500.18,509.23,,
2021-07-09 20:00:00,2021,7,5,0,20,0,496.91,29.11,38.68,5.58,0.53,0.43,514.11,511.02,,
2021-07-09 22:00:00,2021,7,5,0,22,0,407.91,30.53,66.02,11.27,0.02,0.02,510.19,510.69,,473.16
2021-07-10 00:00:00,2021,7,6,1,0,1,483.52,15.54,72.95,0.29,0.96,0.67,507.27,510.56,,
2021-07-10 01:00:00,2021,7,6,1,1,1,480.0,21.27,61.52,9.46,0.06,0.06,506.03,509.64,483.52,
2021-07-10 06:00:00,2021,7,6,1,6,1,497.37,18.12,78.3,6.68,0.09,0.09,500.29,507.45,,
2021-07-10 08:00:00,2021,7,6,1,8,1,516.76,25.45,38.66,3.7,0.06,0.06,496.41,506.82,,
2021-07-10 11:00:00,2021,7,6,1,11,1,534.67,28.75,78.03,8.89,0.25,0.22,501.95,507.09,,
2021-07-10 14:00:00,2021,7,6,1,14,1,615.08,37.5,31.92,12.8,0.9,0.64,506.6,507.08,,436.8
2021-07-10 15:00:00,2021,7,6,1,15,1,478.05,16.82,57.09,1.94,0.06,0.06,505.45,507.1,620.28,
2021-07-10 16:00:00,2021,7,6,1,16,1,464.31,31.01,37.24,5.32,0.09,0.09,502.33,507.6,478.05,
2021-07-10 23:00:00,2021,7,6,1,23,1,615.08,15.0,52.9,3.43,0.68,0.52,511.27,510.28,,
2021-07-11 07:00:00,2021,7,7,1,7,1,479.47,31.33,52.36,9.05,0.01,0.01,526.31,511.59,,
2021-07-11 16:00:00,2021,7,7,1,16,1,499.74,16.72,39.39,10.39,0.45,0.37,519.58,511.6,,464.31
2021-07-11 18:00:00,2021,7,7,1,18,1,507.7,26.74,49.61,5.01,0.19,0.17,516.63,511.95,,
2021-07-12 00:00:00,2021,7,1,0,0,0,501.86,19.45,86.58,14.56,0.44,0.36,499.51,510.64,,
2021-07-12 01:00:00,2021,7,1,0,1,0,590.75,22.48,30.16,13.05,0.08,0.08,503.31,511.1,501.86,
2021-07-12 03:00:00,2021,7,1,0,3,0,476.79,15.0,53.7,10.9,0.05,0.05,501.66,512.75,,
2021-07-12 07:00:00,2021,7,1,0,7,0,556.79,15.0,87.41,13.34,0.11,0.1,505.62,513.77,,479.47
2021-07-12 11:00:00,2021,7,1,0,11,0,521.64,35.11,63.73,14.87,0.1,0.1,505.89,514.89,,
2021-07-12 15:00:00,2021,7,1,0,15,0,560.71,15.0,80.86,11.38,0.02,0.02,508.19,514.98,,
2021-07-12 17:00:00,2021,7,1,0,17,0,507.26,27.28,42.3,8.5,0.26,0.23,505.99,514.03,,
2021-07-13 04:00:00,2021,7,2,0,4,0,455.55,24.0,66.43,9.19,0.06,0.06,490.73,510.98,,
2021-07-13 06:00:00,2021,7,2,0,6,0,469.81,36.62,73.91,3.9,0.17,0.16,484.08,510.62,,
2021-07-13 09:00:00,2021,7,2,0,9,0,514.37,29.08,69.87,2.73,0.29,0.25,480.32,510.57,,
2021-07-13 11:00:00,2021,7,2,0,11,0,460.96,33.05,30.56,12.06,0.2,0.18,476.18,510.57,,521.64
2021-07-13 16:00:00,2021,7,2,0,16,0,484.36,18.14,42.89,4.66,0.19,0.17,482.48,510.99,,
2021-07-13 20:00:00,2021,7,2,0,20,0,442.29,18.82,49.59,0.51,0.04,0.04,487.4,510.14,,
2021-07-13 23:00:00,2021,7,2,0,23,0,537.5,15.88,44.98,4.61,0.48,0.39,496.69,511.25,,
2021-07-14 03:00:00,2021,7,3,0,3,0,579.06,25.97,89.57,1.11,0.04,0.04,498.32,511.8,,
2021-07-14 04:00:00,2021,7,3,0,4,0,511.44,37.6,88.17,4.92,0.03,0.03,500.64,512.5,579.06,455.55
2021-07-14 09:00:00,2021,7,3,0,9,0,461.25,19.16,82.85,14.43,0.63,0.49,504.4,512.48,,514.37
2021-07-14 12:00:00,2021,7,3,0,12,0,571.05,32.05,71.85,12.42,0.11,0.1,513.57,512.71,,
2021-07-14 13:00:00,2021,7,3,0,13,0,467.19,27.49,75.09,9.57,0.28,0.25,507.67,512.3,571.05,
2021-07-15 02:00:00,2021,7,4,0,2,0,396.98,15.0,59.69,4.77,0.54,0.43,504.76,511.69,,
2021-07-15 10:00:00,2021,7,4,0,10,0,455.52,27.57,54.36,10.32,0.64,0.49,501.74,511.91,,
2021-07-15 14:00:00,2021,7,4,0,14,0,425.4,21.61,73.91,11.97,0.43,0.36,488.14,511.63,,
2021-07-15 16:00:00,2021,7,4,0,16,0,434.03,19.49,64.04,0.24,0.01,0.01,485.08,512.07,,
2021-07-15 19:00:00,2021,7,4,0,19,0,550.73,21.59,86.59,11.61,0.29,0.25,489.55,512.81,,
2021-07-15 20:00:00,2021,7,4,0,20,0,500.51,29.23,87.98,0.76,0.43,0.36,493.66,512.92,550.73,
2021-07-15 21:00:00,2021,7,4,0,21,0,472.06,30.09,61.22,1.95,0.15,0.14,493.51,512.57,500.51,
2021-07-16 04:00:00,2021,7,5,0,4,0,557.9,26.6,69.1,1.5,0.02,0.02,492.5,511.02,,
2021-07-16 05:00:00,2021,7,5,0,5,0,458.18,25.13,63.64,8.22,0.13,0.12,490.49,511.12,557.9,
2021-07-16 06:00:00,2021,7,5,0,6,0,543.23,38.84,75.48,3.8,0.32,0.28,491.44,511.6,458.18,
2021-07-16 11:00:00,2021,7,5,0,11,0,446.13,25.27,80.22,10.43,0.44,0.36,489.43,510.81,,
2021-07-17 01:00:00,2021,7,6,1,1,1,509.05,18.27,87.32,9.29,0.39,0.33,488.58,510.06,,
2021-07-17 02:00:00,2021,7,6,1,2,1,507.6,22.59,57.68,8.95,0.04,0.04,491.98,510.28,509.05,
2021-07-17 20:00:00,2021,7,6,1,20,1,559.78,18.43,42.82,2.8,0.12,0.11,518.25,511.04,,
2021-07-18 02:00:00,2021,7,7,1,2,1,387.24,22.9,74.57,10.23,0.53,0.43,508.36,508.53,,507.6
2021-07-18 03:00:00,2021,7,7,1,3,1,483.76,18.89,51.39,12.11,0.14,0.13,503.84,508.23,387.24,
2021-07-18 06:00:00,2021,7,7,1,6,1,554.53,40.0,76.75,11.22,0.39,0.33,501.12,507.86,,
2021-07-18 08:00:00,2021,7,7,1,8,1,506.49,16.09,30.15,2.76,0.13,0.12,498.5,507.06,,
2021-07-18 11:00:00,2021,7,7,1,11,1,506.54,22.65,60.81,4.05,1.05,0.72,496.81,507.45,,
2021-07-18 15:00:00,2021,7,7,1,15,1,440.16,31.19,53.22,10.63,0.09,0.09,493.06,506.69,,
2021-07-19 00:00:00,2021,7,1,0,0,0,497.28,26.39,89.62,3.4,0.11,0.1,479.24,507.26,,
2021-07-19 01:00:00,2021,7,1,0,1,0,563.71,21.09,86.78,4.99,0.14,0.13,484.04,507.1,497.28,
2021-07-19 04:00:00,2021,7,1,0,4,0,486.22,20.56,84.76,1.02,0.02,0.02,490.59,506.5,,
2021-07-19 09:00:00,2021,7,1,0,9,0,544.51,22.94,69.47,5.28,0.23,0.21,493.16,505.65,,
2021-07-19 13:00:00,2021,7,1,0,13,0,579.97,15.64,35.13,5.68,0.14,0.13,503.83,505.92,,
2021-07-19 23:00:00,2021,7,1,0,23,0,419.55,20.94,83.11,14.19,0.28,0.25,508.67,508.6,,
2021-07-20 13:00:00,2021,7,2,0,13,0,473.87,24.82,52.69,4.2,0.05,0.05,488.97,507.31,,579.97
2021-07-20 18:00:00,2021,7,2,0,18,0,523.06,29.44,67.71,0.52,0.35,0.3,490.3,508.39,,
2021-07-20 21:00:00,2021,7,2,0,21,0,577.7,25.44,66.68,3.06,0.6,0.47,498.16,509.63,,
2021-07-21 06:00:00,2021,7,3,0,6,0,482.21,21.18,44.94,11.62,0.19,0.17,514.56,509.53,,
2021-07-21 08:00:00,2021,7,3,0,8,0,563.57,25.62,53.69,8.22,0.16,0.15,517.37,509.95,,
2021-07-21 12:00:00,2021,7,3,0,12,0,506.28,25.94,67.14,0.92,0.05,0.05,518.59,508.86,,
2021-07-21 15:00:00,2021,7,3,0,15,0,497.79,19.99,60.81,12.93,0.05,0.05,518.0,508.3,,
2021-07-22 02:00:00,2021,7,4,0,2,0,491.56,15.0,86.89,13.2,0.65,0.5,495.31,509.44,,
2021-07-22 05:00:00,2021,7,4,0,5,0,483.64,23.2,76.75,12.16,0.17,0.16,502.24,510.02,,
2021-07-22 10:00:00,2021,7,4,0,10,0,420.48,26.88,73.47,3.73,0.02,0.02,508.58,511.04,,
2021-07-22 11:00:00,2021,7,4,0,11,0,516.23,22.2,30.24,5.79,0.19,0.17,508.81,510.84,420.48,
2021-07-22 12:00:00,2021,7,4,0,12,0,533.43,33.75,50.9,2.92,0.11,0.1,509.94,511.22,516.23,506.28
2021-07-22 13:00:00,2021,7,4,0,13,0,461.52,26.64,64.21,3.95,0.43,0.36,509.31,511.02,533.43,
2021-07-22 14:00:00,2021,7,4,0,14,0,501.13,27.47,65.67,6.09,0.09,0.09,508.8,511.48,461.52,
2021-07-23 00:00:00,2021,7,5,0,0,0,463.1,35.31,64.84,7.36,0.18,0.17,524.13,513.39,,
2021-07-23 02:00:00,2021,7,5,0,2,0,541.98,15.0,69.59,13.97,0.03,0.03,526.93,514.0,,491.56
2021-07-23 03:00:00,2021,7,5,0,3,0,485.63,22.09,40.19,1.71,0.05,0.05,523.44,514.68,541.98,
2021-07-23 04:00:00,2021,7,5,0,4,0,527.96,34.83,55.1,2.26,0.33,0.29,522.3,514.5,485.63,
2021-07-23 07:00:00,2021,7,5,0,7,0,523.62,18.15,75.34,0.88,0.35,0.3,521.51,514.98,,
2021-07-23 12:00:00,2021,7,5,0,12,0,501.03,20.88,78.39,2.82,0.03,0.03,521.54,516.04,,533.43
2021-07-23 13:00:00,2021,7,5,0,13,0,559.18,40.0,63.48,13.71,0.1,0.1,525.61,516.93,501.03,461.52
2021-07-23 16:00:00,2021,7,5,0,16,0,613.79,28.54,40.21,9.96,0.12,0.11,522.05,516.98,,
2021-07-24 00:00:00,2021,7,6,1,0,1,505.07,29.26,86.56,3.19,0.05,0.05,504.3,515.46,,463.1
2021-07-24 01:00:00,2021,7,6,1,1,1,516.47,31.24,62.76,13.24,0.07,0.07,503.73,515.51,505.07,
2021-07-24 03:00:00,2021,7,6,1,3,1,414.55,19.56,37.29,14.78,0.83,0.6,499.31,514.43,,485.63
2021-07-24 08:00:00,2021,7,6,1,8,1,446.55,15.0,58.48,6.81,0.3,0.26,487.14,513.36,,
2021-07-24 11:00:00,2021,7,6,1,11,1,541.49,34.45,39.74,5.17,0.3,0.26,485.72,512.93,,
2021-07-24 15:00:00,2021,7,6,1,15,1,460.18,34.53,76.39,2.4,0.24,0.22,484.29,512.55,,
2021-07-24 19:00:00,2021,7,6,1,19,1,557.09,30.84,50.61,10.64,0.07,0.07,482.64,512.39,,
2021-07-24 20:00:00,2021,7,6,1,20,1,534.29,36.77,46.41,0.91,0.69,0.52,485.71,512.24,557.09,
2021-07-25 03:00:00,2021,7,7,1,3,1,512.08,28.85,49.37,4.22,0.04,0.04,497.92,513.56,,414.55
2021-07-25 06:00:00,2021,7,7,1,6,1,607.89,37.67,33.77,10.28,0.04,0.04,504.62,514.54,,
2021-07-25 10:00:00,2021,7,7,1,10,1,427.52,20.25,41.82,1.83,0.21,0.19,510.56,514.72,,
2021-07-25 13:00:00,2021,7,7,1,13,1,517.37,19.69,63.77,5.84,0.0,0.0,505.27,515.13,,
2021-07-25 15:00:00,2021,7,7,1,15,1,421.45,15.0,74.12,9.67,0.38,0.32,508.57,514.81,,460.18
2021-07-25 16:00:00,2021,7,7,1,16,1,532.63,18.23,50.47,10.19,0.82,0.6,508.3,514.5,421.45,
2021-07-25 23:00:00,2021,7,7,1,23,1,490.65,23.07,85.05,5.86,0.28,0.25,508.83,515.68,,
2021-07-26 01:00:00,2021,7,1,0,1,0,544.25,28.84,87.9,6.5,0.02,0.02,508.27,515.83,,
2021-07-26 09:00:00,2021,7,1,0,9,0,476.62,32.67,70.62,13.93,0.03,0.03,497.36,515.75,,
2021-07-26 15:00:00,2021,7,1,0,15,0,503.25,15.7,49.73,3.03,0.66,0.51,501.18,513.6,,421.45
2021-07-26 16:00:00,2021,7,1,0,16,0,568.05,24.9,46.42,13.9,0.31,0.27,502.66,513.85,503.25,532.63
2021-07-26 17:00:00,2021,7,1,0,17,0,460.9,38.51,48.5,3.0,0.11,0.1,501.27,513.66,568.05,
2021-07-27 02:00:00,2021,7,2,0,2,0,615.08,25.98,83.23,0.75,0.18,0.17,493.52,514.52,,
2021-07-27 05:00:00,2021,7,2,0,5,0,564.56,17.06,68.42,14.73,0.02,0.02,493.27,514.76,,
2021-07-27 12:00:00,2021,7,2,0,12,0,476.3,20.22,57.14,1.6,0.08,0.08,486.86,514.48,,
2021-07-27 16:00:00,2021,7,2,0,16,0,522.55,26.24,59.64,3.07,0.11,0.1,490.07,514.37,,568.05
2021-07-27 19:00:00,2021,7,2,0,19,0,523.51,28.95,65.14,12.01,0.4,0.34,491.71,513.58,,
2021-07-27 22:00:00,2021,7,2,0,22,0,519.89,29.14,65.39,11.38,0.26,0.23,497.54,512.93,,
2021-07-28 01:00:00,2021,7,3,0,1,0,487.53,34.23,63.84,10.12,0.21,0.19,497.57,512.39,,
2021-07-28 02:00:00,2021,7,3,0,2,0,506.21,31.13,56.89,13.33,0.01,0.01,493.01,511.76,487.53,615.57
2021-07-28 03:00:00,2021,7,3,0,3,0,497.77,34.05,38.81,2.22,0.27,0.24,494.99,511.65,506.21,
2021-07-28 06:00:00,2021,7,3,0,6,0,497.5,16.39,41.57,0.26,0.19,0.17,499.34,512.45,,
2021-07-28 17:00:00,2021,7,3,0,17,0,550.36,20.53,54.27,8.98,0.1,0.1,505.56,512.72,,
2021-07-28 20:00:00,2021,7,3,0,20,0,482.34,15.0,70.48,11.06,0.24,0.22,504.71,512.21,,
2021-07-28 23:00:00,2021,7,3,0,23,0,470.99,26.89,67.2,4.84,0.34,0.29,506.17,513.06,,
2021-07-29 01:00:00,2021,7,4,0,1,0,432.92,23.74,87.37,0.37,0.91,0.65,500.84,512.47,,487.53
2021-07-29 05:00:00,2021,7,4,0,5,0,512.45,27.9,58.39,4.09,0.03,0.03,501.4,512.23,,
2021-07-29 07:00:00,2021,7,4,0,7,0,567.61,22.52,35.3,4.39,0.02,0.02,498.32,511.49,,
2021-07-29 09:00:00,2021,7,4,0,9,0,505.63,16.59,42.94,9.49,0.15,0.14,505.63,511.67,,
2021-07-29 13:00:00,2021,7,4,0,13,0,513.93,36.95,73.65,6.12,0.83,0.6,500.88,511.72,,
2021-07-29 16:00:00,2021,7,4,0,16,0,551.15,30.56,88.38,5.7,0.38,0.32,501.24,511.27,,
2021-07-29 19:00:00,2021,7,4,0,19,0,514.57,27.26,76.88,5.27,0.04,0.04,498.37,510.22,,
2021-07-29 22:00:00,2021,7,4,0,22,0,559.75,15.49,79.69,8.52,0.42,0.35,499.24,509.9,,
2021-07-29 23:00:00,2021,7,4,0,23,0,506.74,24.24,32.92,0.24,0.58,0.46,500.73,509.3,559.75,470.99
2021-07-30 03:00:00,2021,7,5,0,3,0,496.39,33.18,69.6,11.93,0.04,0.04,503.29,509.2,,
2021-07-30 10:00:00,2021,7,5,0,10,0,543.82,40.0,71.71,5.19,0.07,0.07,504.44,509.04,,
2021-07-30 19:00:00,2021,7,5,0,19,0,466.06,15.0,58.21,5.58,0.15,0.14,506.67,508.68,,514.57
2021-07-31 04:00:00,2021,7,6,1,4,1,484.41,28.51,33.24,9.01,0.12,0.11,505.44,510.06,,
2021-07-31 15:00:00,2021,7,6,1,15,1,488.9,33.37,58.37,10.08,0.04,0.04,484.08,510.22,,
2021-08-01 02:00:00,2021,8,7,1,2,1,583.7,15.0,54.72,11.12,0.17,0.16,484.3,508.54,,
2021-08-01 15:00:00,2021,8,7,1,15,1,571.96,20.37,57.85,10.66,0.14,0.13,501.48,509.18,,488.9
2021-08-01 19:00:00,2021,8,7,1,19,1,405.65,23.76,32.44,1.03,0.22,0.2,497.37,508.52,,
2021-08-02 05:00:00,2021,8,1,0,5,0,475.34,35.79,39.88,12.45,0.07,0.07,498.77,508.34,,
2021-08-02 08:00:00,2021,8,1,0,8,0,462.25,33.63,47.05,11.16,0.41,0.34,492.49,507.94,,
2021-08-02 11:00:00,2021,8,1,0,11,0,537.9,22.95,79.39,2.04,0.07,0.07,491.55,507.52,,
2021-08-02 16:00:00,2021,8,1,0,16,0,525.54,38.53,61.24,2.42,0.16,0.15,497.87,508.36,,
2021-08-02 19:00:00,2021,8,1,0,19,0,413.41,29.67,41.46,0.8,0.2,0.18,494.18,507.69,,405.65
2021-08-03 06:00:00,2021,8,2,0,6,0,476.56,27.89,31.55,5.56,0.12,0.11,490.33,507.95,,
2021-08-03 07:00:00,2021,8,2,0,7,0,482.07,29.26,56.17,5.65,0.17,0.16,489.16,507.8,476.56,
2021-08-03 13:00:00,2021,8,2,0,13,0,460.75,36.55,74.94,4.67,0.01,0.01,488.87,508.35,,
2021-08-03 18:00:00,2021,8,2,0,18,0,552.23,19.95,52.84,8.27,0.47,0.39,490.88,508.24,,
2021-08-03 22:00:00,2021,8,2,0,22,0,469.98,34.17,66.21,12.7,0.4,0.34,498.89,508.72,,
2021-08-04 00:00:00,2021,8,3,0,0,0,529.1,16.03,54.8,7.22,0.34,0.29,506.55,509.4,,
2021-08-04 02:00:00,2021,8,3,0,2,0,502.87,20.26,52.85,2.56,0.03,0.03,505.88,509.41,,
2021-08-04 05:00:00,2021,8,3,0,5,0,431.21,23.64,31.78,1.9,0.02,0.02,503.52,508.69,,
2021-08-04 13:00:00,2021,8,3,0,13,0,516.05,15.0,51.08,0.34,0.38,0.32,514.92,509.56,,460.75
2021-08-04 19:00:00,2021,8,3,0,19,0,574.37,38.16,72.72,5.52,0.27,0.24,521.93,510.76,,
2021-08-05 01:00:00,2021,8,4,0,1,0,538.88,32.6,81.49,3.44,0.14,0.13,510.49,510.84,,
2021-08-05 03:00:00,2021,8,4,0,3,0,465.15,33.44,69.32,3.19,0.86,0.62,504.27,509.94,,
2021-08-05 05:00:00,2021,8,4,0,5,0,564.99,16.86,73.98,11.3,0.17,0.16,510.24,509.98,,431.21
2021-08-05 06:00:00,2021,8,4,0,6,0,472.74,15.0,61.38,2.52,0.05,0.05,505.72,510.25,564.99,
2021-08-05 17:00:00,2021,8,4,0,17,0,515.86,20.75,58.17,3.32,0.07,0.07,501.13,510.05,,
2021-08-05 18:00:00,2021,8,4,0,18,0,562.1,32.98,57.59,4.26,0.03,0.03,500.77,510.75,515.86,
2021-08-05 19:00:00,2021,8,4,0,19,0,539.33,16.29,87.04,1.45,0.6,0.47,499.31,510.9,562.1,574.37
2021-08-06 05:00:00,2021,8,5,0,5,0,456.25,18.52,79.85,4.39,0.72,0.54,503.62,510.07,,564.99
2021-08-06 06:00:00,2021,8,5,0,6,0,506.33,25.43,41.14,1.3,0.22,0.2,505.02,510.53,456.25,472.74
2021-08-06 10:00:00,2021,8,5,0,10,0,478.32,22.56,88.18,7.42,0.01,0.01,498.27,509.2,,
2021-08-06 14:00:00,2021,8,5,0,14,0,558.42,26.15,38.09,4.64,0.14,0.13,500.21,508.99,,
2021-08-06 23:00:00,2021,8,5,0,23,0,476.63,19.11,56.2,2.58,0.24,0.22,493.4,507.98,,
2021-08-07 02:00:00,2021,8,6,1,2,1,413.91,26.21,85.26,12.27,0.01,0.01,483.94,507.19,,
2021-08-07 06:00:00,2021,8,6,1,6,1,460.9,15.0,56.49,6.54,0.09,0.09,489.24,508.57,,506.33
2021-08-07 08:00:00,2021,8,6,1,8,1,473.33,24.56,62.84,14.93,0.02,0.02,493.96,508.79,,
2021-08-07 09:00:00,2021,8,6,1,9,1,383.28,15.21,44.94,9.02,0.15,0.14,486.56,508.21,473.33,
2021-08-07 11:00:00,2021,8,6,1,11,1,485.93,33.45,57.34,7.4,0.29,0.25,483.79,507.65,,
2021-08-07 12:00:00,2021,8,6,1,12,1,491.5,26.51,58.26,0.37,0.18,0.17,483.75,507.75,485.93,
2021-08-07 18:00:00,2021,8,6,1,18,1,402.12,36.06,53.32,11.66,0.1,0.1,475.06,507.25,,
2021-08-07 22:00:00,2021,8,6,1,22,1,487.22,25.74,84.87,4.79,0.18,0.17,479.93,507.75,,
2021-08-08 07:00:00,2021,8,7,1,7,1,457.56,22.38,53.72,14.96,0.25,0.22,473.17,504.64,,
2021-08-08 12:00:00,2021,8,7,1,12,1,509.15,24.58,51.82,7.55,0.18,0.17,483.81,505.85,,491.5
2021-08-08 16:00:00,2021,8,7,1,16,1,383.88,19.64,74.2,4.21,0.21,0.19,481.39,505.15,,
2021-08-08 19:00:00,2021,8,7,1,19,1,500.83,18.59,58.48,2.99,0.04,0.04,488.65,505.53,,
2021-08-08 20:00:00,2021,8,7,1,20,1,443.7,21.12,62.75,6.15,0.17,0.16,486.06,505.23,500.83,
2021-08-09 10:00:00,2021,8,1,0,10,0,552.22,25.05,73.62,0.05,0.49,0.4,486.31,505.27,,
2021-08-09 12:00:00,2021,8,1,0,12,0,425.78,17.75,38.34,14.24,0.08,0.08,481.73,504.47,,509.15
2021-08-09 19:00:00,2021,8,1,0,19,0,532.28,24.75,48.86,5.89,0.27,0.24,495.14,505.67,,500.83
2021-08-09 21:00:00,2021,8,1,0,21,0,404.13,15.34,85.26,2.33,0.08,0.08,490.63,504.35,,
2021-08-09 23:00:00,2021,8,1,0,23,0,555.05,25.17,85.0,11.91,0.17,0.16,495.39,505.47,,
2021-08-10 05:00:00,2021,8,2,0,5,0,485.42,28.53,75.15,0.44,0.05,0.05,501.34,506.21,,
2021-08-10 06:00:00,2021,8,2,0,6,0,482.47,17.78,50.55,13.3,0.26,0.23,501.32,506.24,485.42,
2021-08-10 09:00:00,2021,8,2,0,9,0,464.51,23.83,50.11,5.73,0.29,0.25,501.67,505.73,,
2021-08-10 15:00:00,2021,8,2,0,15,0,558.8,33.38,76.58,14.9,0.01,0.01,501.76,506.16,,
2021-08-10 19:00:00,2021,8,2,0,19,0,542.71,19.3,61.67,6.01,0.86,0.62,506.82,507.24,,532.28
2021-08-11 04:00:00,2021,8,3,0,4,0,525.14,34.49,34.01,7.01,0.05,0.05,502.24,505.69,,
2021-08-12 06:00:00,2021,8,4,0,6,0,486.58,30.05,36.09,6.01,0.27,0.24,497.07,504.07,,
2021-08-12 08:00:00,2021,8,4,0,8,0,504.51,25.83,50.96,0.27,0.11,0.1,495.34,504.29,,
2021-08-12 13:00:00,2021,8,4,0,13,0,487.39,28.79,30.48,10.1,0.04,0.04,496.22,503.12,,
2021-08-12 15:00:00,2021,8,4,0,15,0,537.66,20.49,53.63,2.33,0.26,0.23,493.75,503.0,,
2021-08-12 21:00:00,2021,8,4,0,21,0,437.72,20.72,72.5,11.17,0.16,0.15,492.87,502.48,,
2021-08-13 10:00:00,2021,8,5,0,10,0,538.86,15.0,72.48,6.94,0.86,0.62,486.96,501.9,,
2021-08-13 16:00:00,2021,8,5,0,16,0,506.83,28.79,87.93,4.65,0.03,0.03,489.29,501.83,,
2021-08-13 21:00:00,2021,8,5,0,21,0,502.09,30.46,89.5,14.03,0.01,0.01,494.72,502.43,,437.72
2021-08-14 12:00:00,2021,8,6,1,12,1,533.36,23.86,34.3,10.23,0.14,0.13,503.34,504.63,,
2021-08-14 16:00:00,2021,8,6,1,16,1,444.08,15.0,76.33,2.66,0.05,0.05,504.12,504.73,,506.83
2021-08-14 19:00:00,2021,8,6,1,19,1,506.83,28.33,52.82,13.79,0.08,0.08,498.67,505.67,,
2021-08-14 21:00:00,2021,8,6,1,21,1,489.28,28.92,49.13,0.85,0.38,0.32,498.29,505.09,,502.09
2021-08-14 23:00:00,2021,8,6,1,23,1,503.92,19.16,64.08,5.15,0.08,0.08,498.47,505.55,,
2021-08-15 01:00:00,2021,8,7,1,1,1,491.29,30.97,89.5,1.16,0.09,0.09,498.46,506.44,,
2021-08-15 03:00:00,2021,8,7,1,3,1,504.1,27.52,37.77,13.54,0.16,0.15,493.55,505.66,,
2021-08-15 06:00:00,2021,8,7,1,6,1,557.54,24.82,68.22,5.03,0.29,0.25,503.68,506.89,,
2021-08-15 14:00:00,2021,8,7,1,14,1,488.18,30.51,35.59,0.12,0.21,0.19,495.68,507.02,,
2021-08-16 02:00:00,2021,8,1,0,2,0,511.93,19.3,61.85,13.2,0.23,0.21,502.92,507.74,,
2021-08-16 03:00:00,2021,8,1,0,3,0,511.81,34.02,57.47,3.77,0.08,0.08,503.24,507.72,511.93,504.1
2021-08-16 04:00:00,2021,8,1,0,4,0,458.01,24.95,40.91,13.4,0.57,0.45,501.87,507.03,511.81,
2021-08-16 08:00:00,2021,8,1,0,8,0,513.57,26.68,41.52,2.49,0.04,0.04,497.19,508.08,,
2021-08-16 09:00:00,2021,8,1,0,9,0,469.29,28.35,88.55,7.36,0.02,0.02,494.21,508.05,513.57,
2021-08-16 11:00:00,2021,8,1,0,11,0,578.13,23.42,59.36,9.91,0.02,0.02,501.14,508.73,,
2021-08-16 12:00:00,2021,8,1,0,12,0,485.13,21.16,75.34,9.27,0.02,0.02,498.66,509.09,578.13,
2021-08-16 16:00:00,2021,8,1,0,16,0,478.71,40.0,50.19,2.28,0.24,0.22,498.19,508.46,,
2021-08-16 19:00:00,2021,8,1,0,19,0,531.28,24.4,47.97,1.46,0.15,0.14,499.82,507.54,,
2021-08-16 20:00:00,2021,8,1,0,20,0,504.3,32.34,66.57,8.09,0.13,0.12,497.24,507.77,531.28,
2021-08-16 21:00:00,2021,8,1,0,21,0,550.03,25.81,83.59,10.79,0.65,0.5,498.18,508.66,504.3,
2021-08-17 00:00:00,2021,8,2,0,0,0,482.21,26.72,40.8,5.2,0.15,0.14,500.64,508.32,,
2021-08-17 06:00:00,2021,8,2,0,6,0,470.62,30.36,87.59,1.65,0.04,0.04,508.39,508.78,,
2021-08-17 15:00:00,2021,8,2,0,15,0,383.28,29.18,35.42,7.36,0.04,0.04,506.35,509.23,,
2021-08-17 22:00:00,2021,8,2,0,22,0,440.66,39.02,37.04,0.66,0.03,0.03,499.02,506.72,,
2021-08-17 23:00:00,2021,8,2,0,23,0,603.22,35.83,31.12,3.58,0.02,0.02,503.07,507.56,440.66,
2021-08-18 00:00:00,2021,8,3,0,0,0,490.68,23.12,60.04,10.38,0.15,0.14,503.42,507.75,603.22,482.21
2021-08-18 03:00:00,2021,8,3,0,3,0,519.7,15.0,31.42,13.24,0.0,0.0,501.64,508.73,,
2021-08-18 04:00:00,2021,8,3,0,4,0,550.86,23.39,34.01,7.43,0.17,0.16,501.58,508.88,519.7,
2021-08-18 08:00:00,2021,8,3,0,8,0,412.7,17.12,38.19,11.63,0.26,0.23,488.72,506.42,,
2021-08-18 18:00:00,2021,8,3,0,18,0,498.16,36.58,84.0,11.21,0.12,0.11,487.31,506.51,,
2021-08-19 05:00:00,2021,8,4,0,5,0,484.34,21.72,40.47,13.11,0.07,0.07,487.4,507.03,,
2021-08-19 09:00:00,2021,8,4,0,9,0,500.38,22.93,88.41,8.12,0.23,0.21,502.33,507.87,,
2021-08-19 17:00:00,2021,8,4,0,17,0,463.81,15.0,34.87,12.89,0.45,0.37,506.21,508.76,,
2021-08-19 18:00:00,2021,8,4,0,18,0,407.06,28.43,81.05,10.29,0.32,0.28,502.42,507.95,463.81,498.16
2021-08-20 02:00:00,2021,8,5,0,2,0,426.67,15.0,43.87,14.25,0.07,0.07,499.1,509.14,,
2021-08-20 05:00:00,2021,8,5,0,5,0,539.57,40.0,52.67,11.45,0.38,0.32,498.75,508.62,,484.34
2021-08-20 08:00:00,2021,8,5,0,8,0,507.28,22.01,64.02,13.3,0.33,0.29,495.66,509.01,,
2021-08-20 11:00:00,2021,8,5,0,11,0,437.75,21.06,36.73,12.09,0.04,0.04,489.76,508.57,,
2021-08-20 15:00:00,2021,8,5,0,15,0,553.13,29.27,87.97,7.39,0.51,0.41,496.55,509.66,,
2021-08-21 00:00:00,2021,8,6,1,0,1,469.81,24.45,69.85,1.96,0.16,0.15,499.61,509.6,,
2021-08-21 01:00:00,2021,8,6,1,1,1,615.08,30.74,67.73,11.4,0.12,0.11,505.82,510.36,469.81,
2021-08-21 07:00:00,2021,8,6,1,7,1,519.3,40.0,58.13,9.19,0.11,0.1,518.78,511.84,,
2021-08-21 23:00:00,2021,8,6,1,23,1,531.81,17.3,81.3,8.4,0.06,0.06,511.46,511.67,,
2021-08-22 09:00:00,2021,8,7,1,9,1,491.32,29.22,86.51,0.17,0.76,0.57,500.75,511.29,,
2021-08-22 12:00:00,2021,8,7,1,12,1,590.2,26.29,58.28,1.58,0.23,0.21,504.46,511.99,,
2021-08-22 18:00:00,2021,8,7,1,18,1,537.04,15.0,36.47,10.13,0.04,0.04,501.61,512.09,,
2021-08-22 20:00:00,2021,8,7,1,20,1,607.93,29.55,67.09,3.08,0.18,0.17,512.87,513.13,,
2021-08-22 23:00:00,2021,8,7,1,23,1,490.94,18.96,35.16,9.93,0.12,0.11,511.28,512.88,,531.81
2021-08-23 08:00:00,2021,8,1,0,8,0,530.68,20.24,83.9,8.3,0.02,0.02,511.67,513.7,,
2021-08-23 10:00:00,2021,8,1,0,10,0,480.67,17.56,51.97,11.87,0.15,0.14,510.98,513.5,,
2021-08-23 11:00:00,2021,8,1,0,11,0,578.24,37.35,40.78,10.5,0.44,0.36,513.35,513.5,480.67,
2021-08-23 18:00:00,2021,8,1,0,18,0,488.16,16.76,51.93,7.15,0.31,0.27,498.78,512.74,,537.04
2021-08-23 21:00:00,2021,8,1,0,21,0,394.7,21.83,33.14,2.78,0.17,0.16,489.59,511.75,,
2021-08-23 23:00:00,2021,8,1,0,23,0,476.23,32.76,50.8,5.46,0.54,0.43,492.04,511.84,,490.94
2021-08-24 03:00:00,2021,8,2,0,3,0,537.53,26.4,67.08,10.0,0.05,0.05,495.16,511.55,,
2021-08-24 04:00:00,2021,8,2,0,4,0,545.02,16.73,72.7,4.73,0.04,0.04,497.31,511.51,537.53,
2021-08-24 16:00:00,2021,8,2,0,16,0,459.62,25.01,59.96,11.51,0.2,0.18,483.57,509.36,,
2021-08-24 23:00:00,2021,8,2,0,23,0,500.54,15.64,50.4,11.02,0.17,0.16,486.9,509.49,,476.23
2021-08-25 02:00:00,2021,8,3,0,2,0,383.28,15.0,81.61,2.51,0.03,0.03,476.19,507.74,,
2021-08-25 04:00:00,2021,8,3,0,4,0,421.83,15.0,51.6,3.77,0.1,0.1,473.17,506.67,,545.02
2021-08-25 15:00:00,2021,8,3,0,15,0,494.47,25.75,83.0,4.93,0.02,0.02,485.55,509.35,,
2021-08-26 00:00:00,2021,8,4,0,0,0,428.19,29.44,65.71,6.38,0.22,0.2,484.33,509.16,,
2021-08-26 05:00:00,2021,8,4,0,5,0,539.5,25.33,67.39,13.35,0.23,0.21,501.46,509.42,,
2021-08-26 06:00:00,2021,8,4,0,6,0,523.27,16.41,34.25,12.44,0.04,0.04,502.06,509.1,539.5,
2021-08-26 08:00:00,2021,8,4,0,8,0,536.6,37.56,74.2,6.17,0.53,0.43,508.11,509.51,,
2021-08-26 18:00:00,2021,8,4,0,18,0,437.12,23.58,69.21,4.43,0.04,0.04,481.2,506.92,,
2021-08-26 22:00:00,2021,8,4,0,22,0,426.85,17.74,36.12,3.84,0.21,0.19,476.14,505.61,,
2021-08-27 04:00:00,2021,8,5,0,4,0,463.82,27.33,47.5,3.62,0.55,0.44,474.66,505.91,,
2021-08-27 06:00:00,2021,8,5,0,6,0,471.97,29.02,39.43,6.48,0.0,0.0,473.17,505.24,,523.27
2021-08-27 07:00:00,2021,8,5,0,7,0,495.38,27.45,63.55,2.38,0.19,0.17,473.17,505.48,471.97,
2021-08-27 09:00:00,2021,8,5,0,9,0,483.45,24.41,80.84,14.24,0.09,0.09,473.17,505.52,,
2021-08-27 11:00:00,2021,8,5,0,11,0,511.82,31.64,89.51,4.02,0.22,0.2,477.13,505.77,,
2021-08-27 23:00:00,2021,8,5,0,23,0,510.89,23.46,88.66,13.7,0.71,0.54,498.69,504.98,,
2021-08-28 11:00:00,2021,8,6,1,11,1,507.79,19.4,54.69,7.88,0.03,0.03,501.94,503.73,,511.82
2021-08-28 12:00:00,2021,8,6,1,12,1,464.59,26.04,85.87,14.37,0.05,0.05,501.15,503.07,507.79,
2021-08-28 16:00:00,2021,8,6,1,16,1,520.29,25.36,72.6,4.03,0.1,0.1,500.7,502.69,,
2021-08-28 19:00:00,2021,8,6,1,19,1,463.97,20.69,78.25,0.37,0.11,0.1,500.03,502.52,,
2021-08-28 21:00:00,2021,8,6,1,21,1,594.24,26.93,35.25,9.32,0.01,0.01,499.36,502.65,,
2021-08-29 22:00:00,2021,8,7,1,22,1,507.04,33.26,82.39,6.41,0.65,0.5,490.35,500.17,,
2021-08-30 12:00:00,2021,8,1,0,12,0,611.91,27.91,79.33,3.34,0.12,0.11,494.75,500.17,,
2021-08-30 14:00:00,2021,8,1,0,14,0,440.59,27.16,83.11,5.58,0.05,0.05,500.79,500.17,,
2021-08-30 18:00:00,2021,8,1,0,18,0,579.33,15.0,50.33,8.75,0.22,0.2,494.49,500.67,,
2021-08-31 02:00:00,2021,8,2,0,2,0,417.46,33.68,88.91,8.23,0.08,0.08,494.48,500.17,,
2021-08-31 10:00:00,2021,8,2,0,10,0,503.32,36.45,45.8,3.42,0.8,0.59,503.26,500.32,,
2021-08-31 12:00:00,2021,8,2,0,12,0,492.62,20.96,79.81,0.22,0.46,0.38,495.79,500.54,,611.91
2021-08-31 17:00:00,2021,8,2,0,17,0,571.39,23.41,47.49,12.02,0.01,0.01,495.22,501.35,,
2021-08-31 21:00:00,2021,8,2,0,21,0,511.01,26.79,88.43,4.29,0.04,0.04,495.53,501.46,,
2021-08-31 22:00:00,2021,8,2,0,22,0,566.77,22.53,62.73,9.99,0.11,0.1,498.4,502.13,511.01,
2021-09-01 01:00:00,2021,9,3,0,1,0,461.11,29.7,31.75,14.47,0.68,0.52,505.12,502.69,,
2021-09-01 02:00:00,2021,9,3,0,2,0,565.88,19.55,32.55,9.95,0.22,0.2,511.3,503.87,461.11,417.46
2021-09-01 23:00:00,2021,9,3,0,23,0,497.45,24.98,76.42,10.6,0.39,0.33,490.25,502.45,,
2021-09-02 00:00:00,2021,9,4,0,0,0,548.1,33.27,37.47,12.03,0.38,0.32,488.73,503.18,497.45,
2021-09-02 04:00:00,2021,9,4,0,4,0,530.03,25.68,64.08,13.88,0.05,0.05,497.73,503.13,,
2021-09-02 09:00:00,2021,9,4,0,9,0,437.7,33.04,41.03,12.53,0.19,0.17,492.16,501.59,,
2021-09-03 02:00:00,2021,9,5,0,2,0,610.42,19.54,38.2,8.5,0.12,0.11,473.17,501.54,,
2021-09-03 10:00:00,2021,9,5,0,10,0,522.77,23.53,35.7,5.36,0.39,0.33,473.17,501.63,,
2021-09-03 16:00:00,2021,9,5,0,16,0,403.08,25.61,45.87,0.79,0.06,0.06,486.61,501.76,,
2021-09-03 19:00:00,2021,9,5,0,19,0,485.0,27.27,75.59,3.09,0.07,0.07,493.96,502.46,,
2021-09-03 23:00:00,2021,9,5,0,23,0,565.64,24.67,53.53,10.2,0.2,0.18,503.33,502.36,,
2021-09-04 00:00:00,2021,9,6,1,0,1,452.32,28.62,41.4,7.79,0.01,0.01,504.44,501.71,565.64,
2021-09-04 01:00:00,2021,9,6,1,1,1,464.59,31.89,55.53,11.7,0.58,0.46,507.31,501.81,452.32,
2021-09-04 03:00:00,2021,9,6,1,3,1,497.63,15.0,30.73,3.99,0.23,0.21,502.77,501.97,,
2021-09-04 21:00:00,2021,9,6,1,21,1,451.91,31.62,36.11,6.86,0.4,0.34,498.21,502.34,,
2021-09-05 01:00:00,2021,9,7,1,1,1,541.6,20.64,59.05,14.26,0.14,0.13,503.02,502.42,,464.59
2021-09-05 04:00:00,2021,9,7,1,4,1,383.28,15.0,45.0,12.17,0.09,0.09,494.96,501.92,,
2021-09-05 06:00:00,2021,9,7,1,6,1,554.25,26.89,73.59,2.25,0.01,0.01,497.1,502.61,,
2021-09-05 07:00:00,2021,9,7,1,7,1,478.58,28.72,75.64,2.24,0.03,0.03,494.12,502.78,554.25,
2021-09-05 08:00:00,2021,9,7,1,8,1,523.0,24.11,85.3,4.76,0.13,0.12,495.41,502.65,478.58,
2021-09-05 17:00:00,2021,9,7,1,17,1,552.35,15.0,85.77,0.7,0.18,0.17,495.67,502.57,,
2021-09-05 19:00:00,2021,9,7,1,19,1,452.21,24.55,57.7,4.12,0.05,0.05,492.08,502.34,,
2021-09-05 21:00:00,2021,9,7,1,21,1,501.01,19.61,83.9,1.39,0.21,0.19,495.07,502.89,,451.91
2021-09-06 03:00:00,2021,9,1,0,3,0,435.73,15.0,39.37,5.07,0.08,0.08,486.37,503.17,,
2021-09-06 10:00:00,2021,9,1,0,10,0,463.39,29.56,64.76,11.24,0.0,0.0,496.82,504.06,,
2021-09-06 12:00:00,2021,9,1,0,12,0,450.76,17.93,74.88,0.42,0.09,0.09,492.53,502.34,,
2021-09-07 00:00:00,2021,9,2,0,0,0,554.04,17.84,44.15,14.36,0.14,0.13,502.99,503.78,,
2021-09-07 07:00:00,2021,9,2,0,7,0,493.26,28.79,40.93,5.8,0.41,0.34,501.0,503.86,,
2021-09-07 15:00:00,2021,9,2,0,15,0,424.03,18.29,33.64,14.23,0.07,0.07,501.46,503.51,,
2021-09-07 16:00:00,2021,9,2,0,16,0,486.32,16.86,57.86,7.91,0.09,0.09,496.44,503.8,424.03,
2021-09-08 17:00:00,2021,9,3,0,17,0,507.52,38.39,75.87,8.63,0.2,0.18,510.36,504.33,,
2021-09-09 11:00:00,2021,9,4,0,11,0,532.48,26.73,49.01,3.84,0.09,0.09,506.92,506.59,,
2021-09-09 14:00:00,2021,9,4,0,14,0,534.65,33.37,64.72,10.11,0.3,0.26,509.77,508.79,,
2021-09-09 20:00:00,2021,9,4,0,20,0,520.2,23.71,31.51,12.68,0.13,0.12,503.46,509.15,,
2021-09-09 23:00:00,2021,9,4,0,23,0,522.1,33.72,50.5,13.16,0.01,0.01,515.27,510.43,,
2021-09-10 05:00:00,2021,9,5,0,5,0,509.78,18.12,81.03,1.75,0.34,0.29,505.39,510.09,,
2021-09-10 06:00:00,2021,9,5,0,6,0,509.13,23.34,32.55,14.38,0.3,0.26,504.88,510.29,509.78,
2021-09-10 12:00:00,2021,9,5,0,12,0,583.5,18.13,69.41,6.37,0.04,0.04,492.26,508.79,,
2021-09-10 13:00:00,2021,9,5,0,13,0,516.39,21.78,78.42,14.82,0.2,0.18,493.69,508.52,583.5,
2021-09-10 22:00:00,2021,9,5,0,22,0,426.43,27.19,66.44,4.85,0.07,0.07,492.54,509.13,,
2021-09-11 12:00:00,2021,9,6,1,12,1,451.07,32.64,69.32,1.99,0.06,0.06,485.92,506.84,,583.5
2021-09-11 23:00:00,2021,9,6,1,23,1,472.77,32.44,30.74,11.54,0.15,0.14,482.13,506.15,,
2021-09-12 12:00:00,2021,9,7,1,12,1,537.97,28.15,85.39,8.62,0.69,0.52,503.12,508.28,,451.07
2021-09-12 17:00:00,2021,9,7,1,17,1,513.4,24.75,36.32,6.31,0.01,0.01,505.92,508.57,,
2021-09-13 00:00:00,2021,9,1,0,0,0,467.94,30.58,58.49,0.31,0.08,0.08,506.68,508.89,,
2021-09-13 01:00:00,2021,9,1,0,1,0,539.39,34.17,42.45,1.64,0.03,0.03,509.62,509.0,467.94,
2021-09-13 02:00:00,2021,9,1,0,2,0,527.8,26.01,34.09,6.24,0.2,0.18,510.56,509.4,539.39,
2021-09-13 04:00:00,2021,9,1,0,4,0,477.74,34.31,66.33,5.24,0.23,0.21,519.51,510.54,,
2021-09-13 07:00:00,2021,9,1,0,7,0,494.45,20.18,59.57,12.41,0.34,0.29,518.18,510.09,,
2021-09-13 16:00:00,2021,9,1,0,16,0,500.45,18.59,34.36,2.72,0.35,0.3,512.24,510.67,,
2021-09-14 03:00:00,2021,9,2,0,3,0,404.96,34.94,58.85,14.09,0.53,0.43,499.56,510.51,,
2021-09-14 05:00:00,2021,9,2,0,5,0,493.57,40.0,58.8,8.16,0.3,0.26,499.19,509.45,,
2021-09-14 06:00:00,2021,9,2,0,6,0,463.11,34.16,69.5,14.13,0.3,0.26,497.97,509.65,493.57,
2021-09-14 08:00:00,2021,9,2,0,8,0,488.54,22.35,57.8,11.5,0.05,0.05,497.29,509.51,,
2021-09-14 09:00:00,2021,9,2,0,9,0,593.68,15.3,79.23,2.29,0.06,0.06,501.77,510.05,488.54,
2021-09-14 10:00:00,2021,9,2,0,10,0,471.93,21.9,84.28,13.02,0.23,0.21,496.49,509.93,593.68,
2021-09-14 12:00:00,2021,9,2,0,12,0,485.56,25.28,38.34,14.41,0.11,0.1,495.98,509.83,,
2021-09-15 03:00:00,2021,9,3,0,3,0,559.88,29.11,77.71,4.37,0.06,0.06,510.14,512.32,,404.96
2021-09-15 13:00:00,2021,9,3,0,13,0,441.29,26.7,37.78,4.64,0.22,0.2,501.74,510.12,,
2021-09-15 16:00:00,2021,9,3,0,16,0,462.52,23.08,38.68,4.12,0.03,0.03,503.06,510.28,,
2021-09-15 17:00:00,2021,9,3,0,17,0,547.83,25.79,62.34,3.77,0.06,0.06,504.01,510.53,462.52,
2021-09-15 20:00:00,2021,9,3,0,20,0,577.26,27.16,33.51,13.12,0.03,0.03,504.9,510.55,,
2021-09-15 23:00:00,2021,9,3,0,23,0,521.29,39.46,72.8,4.59,0.29,0.25,505.58,511.3,,
2021-09-16 11:00:00,2021,9,4,0,11,0,433.44,27.29,71.31,6.27,0.05,0.05,496.97,508.88,,
2021-09-16 15:00:00,2021,9,4,0,15,0,555.82,29.41,86.06,0.98,0.23,0.21,494.5,508.81,,
2021-09-16 23:00:00,2021,9,4,0,23,0,540.06,15.41,59.54,10.97,0.43,0.36,496.8,508.61,,521.29
2021-09-17 03:00:00,2021,9,5,0,3,0,516.33,28.55,75.24,4.88,0.44,0.36,490.03,508.46,,
2021-09-17 05:00:00,2021,9,5,0,5,0,509.33,19.66,54.0,12.31,0.05,0.05,486.52,508.53,,
2021-09-17 06:00:00,2021,9,5,0,6,0,553.59,26.94,74.78,10.27,0.36,0.31,491.53,508.8,509.33,
2021-09-17 09:00:00,2021,9,5,0,9,0,516.7,33.18,84.26,8.35,0.56,0.44,502.37,509.99,,
2021-09-17 11:00:00,2021,9,5,0,11,0,474.93,20.7,73.11,1.13,0.02,0.02,501.67,510.74,,433.44
2021-09-18 01:00:00,2021,9,6,1,1,1,509.26,29.76,75.1,10.95,0.05,0.05,501.9,509.83,,
2021-09-18 06:00:00,2021,9,6,1,6,1,475.27,28.71,84.78,6.69,0.29,0.25,506.46,511.23,,553.59
2021-09-18 13:00:00,2021,9,6,1,13,1,444.95,17.44,82.22,13.26,0.01,0.01,497.36,512.14,,
2021-09-19 01:00:00,2021,9,7,1,1,1,447.69,28.14,34.86,6.39,0.64,0.49,497.12,511.81,,509.26
2021-09-19 17:00:00,2021,9,7,1,17,1,497.96,36.41,75.44,1.69,0.35,0.3,474.24,508.13,,
2021-09-20 11:00:00,2021,9,1,0,11,0,517.16,16.06,52.05,11.87,0.0,0.0,502.2,506.91,,
2021-09-20 13:00:00,2021,9,1,0,13,0,418.27,25.29,69.07,6.63,0.01,0.01,502.16,507.04,,
2021-09-20 16:00:00,2021,9,1,0,16,0,517.82,27.86,85.47,6.82,0.24,0.22,500.7,506.54,,
2021-09-20 19:00:00,2021,9,1,0,19,0,429.6,32.57,88.2,1.43,0.03,0.03,497.31,506.39,,
2021-09-20 21:00:00,2021,9,1,0,21,0,565.58,33.66,62.49,5.99,0.06,0.06,507.8,507.14,,
2021-09-21 02:00:00,2021,9,2,0,2,0,494.31,15.0,49.98,2.75,0.03,0.03,505.68,507.11,,
2021-09-21 06:00:00,2021,9,2,0,6,0,512.48,21.15,81.96,11.64,0.01,0.01,496.62,507.33,,
2021-09-21 07:00:00,2021,9,2,0,7,0,481.15,20.32,71.21,0.2,0.06,0.06,496.45,506.97,512.48,
2021-09-21 11:00:00,2021,9,2,0,11,0,615.08,15.0,65.86,7.85,0.05,0.05,501.5,507.78,,517.16
2021-09-21 13:00:00,2021,9,2,0,13,0,436.97,28.15,87.73,2.4,0.02,0.02,502.3,507.6,,418.27
2021-09-21 21:00:00,2021,9,2,0,21,0,548.51,25.47,72.77,7.01,0.13,0.12,495.02,507.7,,565.58
2021-09-22 03:00:00,2021,9,3,0,3,0,443.79,40.0,37.57,2.64,0.02,0.02,505.7,506.78,,
2021-09-22 13:00:00,2021,9,3,0,13,0,546.83,15.76,82.42,7.96,0.06,0.06,512.86,509.22,,436.97
2021-09-22 14:00:00,2021,9,3,0,14,0,472.79,28.83,76.06,5.25,0.14,0.13,510.77,508.92,546.83,
2021-09-22 17:00:00,2021,9,3,0,17,0,463.91,35.59,44.33,5.11,0.29,0.25,516.98,508.73,,
2021-09-22 20:00:00,2021,9,3,0,20,0,488.7,24.13,64.78,9.19,0.06,0.06,523.45,509.77,,
2021-09-22 21:00:00,2021,9,3,0,21,0,465.14,36.53,69.8,10.5,0.02,0.02,519.98,509.83,488.7,548.51
2021-09-22 23:00:00,2021,9,3,0,23,0,439.2,17.31,36.59,1.91,0.49,0.4,514.55,509.21,,
2021-09-23 16:00:00,2021,9,4,0,16,0,483.77,29.62,40.41,8.6,0.45,0.37,492.71,508.64,,
2021-09-24 01:00:00,2021,9,5,0,1,0,564.51,28.09,33.31,13.72,0.61,0.48,496.2,510.5,,
2021-09-24 03:00:00,2021,9,5,0,3,0,515.17,23.23,49.23,11.16,0.07,0.07,495.2,510.48,,
2021-09-24 05:00:00,2021,9,5,0,5,0,482.14,22.64,33.69,13.41,0.08,0.08,496.93,510.24,,
2021-09-24 09:00:00,2021,9,5,0,9,0,548.1,22.39,46.95,10.4,0.17,0.16,503.64,509.73,,
2021-09-24 14:00:00,2021,9,5,0,14,0,511.78,21.18,89.92,14.59,0.26,0.23,505.62,508.93,,
2021-09-24 16:00:00,2021,9,5,0,16,0,499.69,25.56,64.56,2.63,0.48,0.39,504.44,508.18,,483.77
2021-09-24 19:00:00,2021,9,5,0,19,0,482.46,36.75,35.09,10.33,0.15,0.14,502.55,508.33,,
2021-09-25 00:00:00,2021,9,6,1,0,1,470.55,15.76,73.25,10.14,0.55,0.44,500.36,509.94,,
2021-09-25 01:00:00,2021,9,6,1,1,1,503.82,25.51,49.13,1.45,0.01,0.01,497.83,509.91,470.55,564.51
2021-09-25 05:00:00,2021,9,6,1,5,1,431.64,36.92,51.24,3.45,0.11,0.1,499.75,508.78,,482.14
2021-09-25 11:00:00,2021,9,6,1,11,1,517.08,18.11,30.57,5.97,0.2,0.18,497.02,509.51,,
2021-09-25 15:00:00,2021,9,6,1,15,1,427.56,26.56,66.48,11.43,0.14,0.13,507.99,509.91,,
2021-09-25 17:00:00,2021,9,6,1,17,1,547.21,36.62,51.01,9.76,0.02,0.02,509.95,510.3,,
2021-09-25 22:00:00,2021,9,6,1,22,1,469.9,15.0,55.71,1.13,0.29,0.25,510.18,511.05,,
2021-09-26 02:00:00,2021,9,7,1,2,1,497.61,24.14,43.38,8.85,0.22,0.2,507.6,511.91,,
2021-09-26 06:00:00,2021,9,7,1,6,1,509.1,33.51,75.14,5.94,0.41,0.34,503.35,511.91,,
2021-09-26 18:00:00,2021,9,7,1,18,1,549.35,30.3,71.67,7.01,0.07,0.07,494.51,513.93,,
2021-09-26 23:00:00,2021,9,7,1,23,1,497.51,15.91,84.19,5.93,0.03,0.03,505.56,514.99,,
2021-09-27 00:00:00,2021,9,1,0,0,0,479.83,34.11,33.14,6.4,0.1,0.1,506.64,515.13,497.51,
2021-09-27 15:00:00,2021,9,1,0,15,0,451.95,28.8,76.53,2.29,0.22,0.2,510.88,514.77,,
2021-09-28 12:00:00,2021,9,2,0,12,0,414.55,15.0,71.45,7.82,0.28,0.25,487.08,512.04,,
2021-09-28 15:00:00,2021,9,2,0,15,0,522.07,34.95,48.72,3.97,0.41,0.34,487.81,512.26,,451.95
2021-09-28 19:00:00,2021,9,2,0,19,0,438.58,29.01,59.94,8.95,0.14,0.13,498.76,513.23,,
2021-09-29 01:00:00,2021,9,3,0,1,0,473.61,27.85,87.81,8.14,0.15,0.14,502.79,513.15,,
2021-09-29 02:00:00,2021,9,3,0,2,0,541.26,19.44,58.21,11.27,0.09,0.09,507.01,512.91,473.61,
2021-09-29 06:00:00,2021,9,3,0,6,0,565.34,15.62,66.27,11.47,0.2,0.18,511.77,513.47,,
2021-09-29 07:00:00,2021,9,3,0,7,0,435.81,33.47,39.42,12.44,0.2,0.18,505.15,513.25,565.34,
2021-09-29 09:00:00,2021,9,3,0,9,0,488.45,27.02,43.88,14.37,0.1,0.1,509.81,512.47,,
2021-09-29 14:00:00,2021,9,3,0,14,0,536.92,34.89,61.86,11.53,0.09,0.09,520.78,513.57,,
2021-09-29 21:00:00,2021,9,3,0,21,0,493.24,18.99,86.46,11.17,0.09,0.09,515.16,512.71,,
2021-09-29 23:00:00,2021,9,3,0,23,0,477.45,24.82,69.59,5.65,0.02,0.02,511.19,512.76,,
2021-09-30 02:00:00,2021,9,4,0,2,0,487.65,23.95,64.76,12.77,0.21,0.19,507.2,511.97,,541.26
2021-09-30 04:00:00,2021,9,4,0,4,0,512.36,19.9,87.42,7.85,0.16,0.15,510.88,512.22,,
2021-09-30 05:00:00,2021,9,4,0,5,0,447.52,24.62,77.12,0.52,0.02,0.02,505.54,512.25,512.36,
2021-09-30 08:00:00,2021,9,4,0,8,0,549.46,15.0,43.78,10.92,0.13,0.12,508.0,512.52,,
2021-09-30 09:00:00,2021,9,4,0,9,0,462.23,25.16,84.79,14.81,0.03,0.03,506.9,512.73,549.46,488.45
2021-09-30 10:00:00,2021,9,4,0,10,0,472.07,15.0,44.19,12.44,0.18,0.17,502.79,512.7,462.23,
2021-09-30 11:00:00,2021,9,4,0,11,0,465.24,22.0,35.02,4.58,0.0,0.0,504.28,513.43,472.07,
2021-09-30 14:00:00,2021,9,4,0,14,0,529.72,36.47,44.37,7.95,0.16,0.15,496.33,513.39,,536.92
2021-10-01 04:00:00,2021,10,5,0,4,0,551.35,27.68,64.82,9.96,0.11,0.1,490.6,511.54,,512.36
2021-10-01 06:00:00,2021,10,5,0,6,0,504.35,26.32,82.8,1.73,0.15,0.14,492.48,511.55,,
2021-10-01 09:00:00,2021,10,5,0,9,0,473.42,35.83,84.01,6.54,0.33,0.29,485.01,510.02,,462.23
2021-10-01 10:00:00,2021,10,5,0,10,0,481.42,40.0,37.98,11.89,0.02,0.02,485.4,509.75,473.42,472.07
2021-10-01 11:00:00,2021,10,5,0,11,0,514.64,25.51,40.63,3.07,0.09,0.09,487.46,510.14,481.42,465.24
2021-10-01 14:00:00,2021,10,5,0,14,0,424.83,23.8,54.15,6.08,0.35,0.3,481.35,509.85,,529.72
2021-10-01 18:00:00,2021,10,5,0,18,0,507.51,30.23,34.17,4.84,0.16,0.15,482.39,510.05,,
2021-10-01 21:00:00,2021,10,5,0,21,0,510.06,27.9,76.44,3.11,0.05,0.05,485.68,510.28,,
2021-10-02 02:00:00,2021,10,6,1,2,1,402.71,31.08,55.47,0.94,0.11,0.1,482.4,509.47,,
2021-10-02 11:00:00,2021,10,6,1,11,1,495.28,20.4,53.01,13.41,0.54,0.43,497.91,510.27,,514.64
2021-10-02 12:00:00,2021,10,6,1,12,1,436.87,25.53,71.69,12.55,0.04,0.04,496.02,509.22,495.28,
2021-10-02 16:00:00,2021,10,6,1,16,1,570.18,15.0,44.32,11.51,0.22,0.2,509.49,510.03,,
2021-10-02 17:00:00,2021,10,6,1,17,1,476.58,27.98,74.63,0.07,0.26,0.23,505.77,509.6,570.18,
2021-10-02 21:00:00,2021,10,6,1,21,1,498.14,32.57,60.41,3.79,0.35,0.3,501.66,508.77,,510.06
2021-10-02 23:00:00,2021,10,6,1,23,1,523.8,23.97,82.38,2.26,0.15,0.14,503.6,509.14,,
2021-10-03 03:00:00,2021,10,7,1,3,1,494.03,24.42,51.5,5.36,0.05,0.05,510.2,509.77,,
2021-10-03 05:00:00,2021,10,7,1,5,1,520.28,23.03,88.59,7.63,0.0,0.0,508.26,510.97,,
2021-10-03 10:00:00,2021,10,7,1,10,1,533.37,38.86,50.62,1.1,0.24,0.22,500.16,510.23,,
2021-10-03 19:00:00,2021,10,7,1,19,1,409.36,25.36,58.97,4.75,0.08,0.08,491.32,508.35,,
2021-10-03 23:00:00,2021,10,7,1,23,1,443.23,31.52,61.71,6.17,0.14,0.13,496.47,507.82,,523.8
2021-10-04 00:00:00,2021,10,1,0,0,0,418.77,31.63,70.67,11.64,0.18,0.17,488.43,507.44,443.23,
2021-10-04 04:00:00,2021,10,1,0,4,0,578.61,39.08,70.9,8.05,0.06,0.06,492.98,506.6,,
2021-10-04 08:00:00,2021,10,1,0,8,0,509.76,31.47,46.2,10.93,0.84,0.61,488.65,507.04,,
2021-10-04 09:00:00,2021,10,1,0,9,0,514.11,33.01,70.9,10.59,0.19,0.17,496.25,507.28,509.76,
2021-10-04 16:00:00,2021,10,1,0,16,0,488.34,38.26,86.99,0.13,0.04,0.04,503.65,508.89,,
2021-10-04 21:00:00,2021,10,1,0,21,0,519.08,33.43,63.75,0.77,0.08,0.08,507.9,510.74,,
2021-10-04 22:00:00,2021,10,1,0,22,0,572.03,31.77,59.78,1.88,0.03,0.03,509.5,511.11,519.08,
2021-10-04 23:00:00,2021,10,1,0,23,0,517.83,16.38,67.07,6.79,0.46,0.38,512.61,510.53,572.03,443.23
2021-10-05 10:00:00,2021,10,2,0,10,0,470.41,18.86,61.78,8.91,0.16,0.15,512.05,510.95,,
2021-10-05 15:00:00,2021,10,2,0,15,0,425.92,37.1,65.88,9.1,0.09,0.09,503.25,510.83,,
2021-10-06 10:00:00,2021,10,3,0,10,0,475.5,40.0,68.42,8.0,0.03,0.03,504.92,510.07,,470.41
2021-10-06 12:00:00,2021,10,3,0,12,0,404.01,31.6,33.36,0.81,0.0,0.0,505.88,509.1,,
2021-10-06 23:00:00,2021,10,3,0,23,0,452.3,26.51,33.35,4.02,0.01,0.01,493.24,507.53,,
2021-10-07 13:00:00,2021,10,4,0,13,0,594.29,32.29,38.19,7.15,0.67,0.51,494.95,507.99,,
2021-10-08 01:00:00,2021,10,5,0,1,0,429.6,30.98,67.46,4.71,0.02,0.02,507.72,509.56,,
2021-10-08 02:00:00,2021,10,5,0,2,0,550.82,19.89,53.07,11.32,0.11,0.1,510.62,510.03,429.6,
2021-10-08 05:00:00,2021,10,5,0,5,0,427.36,29.51,53.5,10.74,0.17,0.16,515.15,510.37,,
2021-10-08 09:00:00,2021,10,5,0,9,0,440.46,27.35,39.26,8.33,0.08,0.08,515.36,511.4,,
2021-10-09 01:00:00,2021,10,6,1,1,1,475.75,18.94,63.53,5.92,0.02,0.02,501.46,511.9,,429.6
2021-10-09 03:00:00,2021,10,6,1,3,1,532.62,32.58,54.43,9.07,0.32,0.28,494.54,512.49,,
2021-10-09 04:00:00,2021,10,6,1,4,1,516.4,25.61,88.37,14.51,0.08,0.08,495.16,512.03,532.62,
2021-10-09 10:00:00,2021,10,6,1,10,1,537.97,22.16,43.23,7.69,0.11,0.1,499.61,511.94,,
2021-10-09 22:00:00,2021,10,6,1,22,1,563.37,23.15,35.18,1.49,0.06,0.06,512.3,513.58,,
2021-10-10 07:00:00,2021,10,7,1,7,1,475.79,25.38,52.58,10.28,0.07,0.07,518.22,512.94,,
2021-10-10 15:00:00,2021,10,7,1,15,1,470.73,30.93,70.38,12.28,0.47,0.39,502.4,514.02,,
2021-10-11 00:00:00,2021,10,1,0,0,0,488.26,37.12,58.4,0.04,0.08,0.08,505.68,514.87,,
2021-10-11 02:00:00,2021,10,1,0,2,0,491.04,29.64,31.5,2.5,0.2,0.18,509.2,515.07,,
2021-10-11 07:00:00,2021,10,1,0,7,0,488.06,27.03,49.9,7.54,0.03,0.03,499.39,514.43,,475.79
2021-10-11 13:00:00,2021,10,1,0,13,0,473.94,23.12,52.67,4.07,0.06,0.06,495.82,512.52,,
2021-10-11 18:00:00,2021,10,1,0,18,0,589.76,18.14,38.83,13.13,0.1,0.1,498.85,513.27,,
2021-10-11 23:00:00,2021,10,1,0,23,0,556.67,25.33,58.56,2.5,0.03,0.03,501.54,512.84,,
2021-10-12 05:00:00,2021,10,2,0,5,0,549.58,19.53,80.9,8.7,0.07,0.07,498.32,512.29,,
2021-10-12 07:00:00,2021,10,2,0,7,0,514.12,16.25,84.61,8.99,0.02,0.02,501.93,512.29,,488.06
2021-10-12 08:00:00,2021,10,2,0,8,0,517.62,22.5,53.26,8.06,0.34,0.29,502.66,512.57,514.12,
2021-10-12 09:00:00,2021,10,2,0,9,0,523.38,26.08,77.21,11.04,0.09,0.09,506.4,512.65,517.62,
2021-10-12 11:00:00,2021,10,2,0,11,0,531.59,22.25,33.49,11.28,0.05,0.05,506.1,513.49,,
2021-10-12 14:00:00,2021,10,2,0,14,0,542.85,30.34,65.69,4.34,0.15,0.14,510.82,513.37,,
2021-10-12 16:00:00,2021,10,2,0,16,0,537.55,37.66,74.68,6.72,0.01,0.01,516.77,514.23,,
2021-10-12 18:00:00,2021,10,2,0,18,0,558.67,37.12,61.13,2.17,0.09,0.09,514.18,515.75,,589.76
2021-10-13 01:00:00,2021,10,3,0,1,0,453.66,23.3,41.06,11.38,0.07,0.07,510.0,514.5,,
2021-10-13 04:00:00,2021,10,3,0,4,0,460.05,38.99,77.8,1.29,0.09,0.09,510.67,513.34,,
2021-10-13 08:00:00,2021,10,3,0,8,0,514.22,19.05,45.33,7.8,1.22,0.8,508.16,512.78,,517.62
2021-10-13 12:00:00,2021,10,3,0,12,0,436.78,35.27,57.43,1.43,0.18,0.17,509.64,513.78,,
2021-10-13 21:00:00,2021,10,3,0,21,0,509.18,29.53,42.87,13.69,1.12,0.75,496.72,515.19,,
2021-10-14 20:00:00,2021,10,4,0,20,0,493.33,15.0,41.4,13.89,0.52,0.42,501.38,514.3,,
2021-10-15 06:00:00,2021,10,5,0,6,0,556.56,33.39,68.1,8.59,0.01,0.01,502.27,513.07,,
2021-10-15 09:00:00,2021,10,5,0,9,0,492.5,27.0,53.54,8.58,0.07,0.07,507.41,513.66,,
2021-10-15 14:00:00,2021,10,5,0,14,0,484.24,26.91,36.05,7.5,0.55,0.44,499.12,512.84,,
2021-10-15 19:00:00,2021,10,5,0,19,0,556.6,29.01,48.66,13.94,0.35,0.3,492.53,512.3,,
2021-10-15 23:00:00,2021,10,5,0,23,0,508.01,17.44,56.73,11.9,0.3,0.26,495.28,512.45,,
2021-10-16 11:00:00,2021,10,6,1,11,1,408.79,17.6,69.99,11.3,0.17,0.16,487.24,511.63,,
2021-10-16 12:00:00,2021,10,6,1,12,1,499.48,21.46,58.41,14.65,0.04,0.04,490.01,511.61,408.79,
2021-10-16 13:00:00,2021,10,6,1,13,1,438.66,15.0,63.63,12.05,0.05,0.05,488.3,510.76,499.48,
2021-10-16 15:00:00,2021,10,6,1,15,1,409.82,27.4,88.03,9.32,0.12,0.11,487.09,509.41,,
2021-10-16 21:00:00,2021,10,6,1,21,1,544.52,22.55,34.22,14.24,0.65,0.5,496.47,510.48,,
2021-10-17 04:00:00,2021,10,7,1,4,1,508.4,24.07,60.87,9.91,0.35,0.3,491.99,510.02,,
2021-10-17 06:00:00,2021,10,7,1,6,1,595.62,15.0,34.46,9.55,0.01,0.01,497.01,510.26,,
2021-10-17 08:00:00,2021,10,7,1,8,1,546.1,25.16,44.98,0.8,0.15,0.14,505.29,510.91,,
2021-10-17 13:00:00,2021,10,7,1,13,1,563.06,21.65,33.05,8.77,0.48,0.39,516.38,512.1,,438.66
2021-10-17 16:00:00,2021,10,7,1,16,1,446.51,30.59,69.49,8.07,0.13,0.12,513.13,511.82,,
2021-10-17 19:00:00,2021,10,7,1,19,1,513.88,18.18,40.19,8.08,0.03,0.03,516.63,511.7,,
2021-10-17 20:00:00,2021,10,7,1,20,1,512.19,15.29,39.39,2.46,0.02,0.02,515.98,512.01,513.88,
2021-10-18 00:00:00,2021,10,1,0,0,0,457.64,25.38,60.61,3.8,0.78,0.58,522.12,512.0,,
2021-10-18 05:00:00,2021,10,1,0,5,0,526.79,26.89,68.09,4.37,0.06,0.06,521.43,512.69,,
2021-10-18 14:00:00,2021,10,1,0,14,0,546.09,22.13,70.97,9.59,0.07,0.07,523.97,516.14,,
2021-10-18 16:00:00,2021,10,1,0,16,0,615.08,40.0,35.06,10.78,0.07,0.07,526.93,517.51,,446.51
2021-10-18 23:00:00,2021,10,1,0,23,0,601.6,33.92,88.22,3.54,0.12,0.11,526.93,517.77,,
2021-10-19 04:00:00,2021,10,2,0,4,0,480.15,23.06,51.96,7.02,0.19,0.17,526.93,517.42,,
2021-10-19 11:00:00,2021,10,2,0,11,0,500.17,27.13,71.68,11.8,0.43,0.36,526.93,517.98,,
2021-10-19 18:00:00,2021,10,2,0,18,0,502.45,23.51,41.68,8.53,0.21,0.19,508.92,515.93,,
2021-10-19 20:00:00,2021,10,2,0,20,0,458.04,33.25,58.83,10.88,0.15,0.14,512.61,516.9,,
2021-10-20 07:00:00,2021,10,3,0,7,0,506.07,29.07,69.48,10.6,0.05,0.05,509.84,517.31,,
2021-10-20 14:00:00,2021,10,3,0,14,0,547.73,15.0,38.02,14.81,0.13,0.12,517.22,518.65,,
2021-10-20 18:00:00,2021,10,3,0,18,0,484.02,15.0,78.94,3.99,0.12,0.11,516.61,518.7,,502.45
2021-10-20 22:00:00,2021,10,3,0,22,0,438.16,34.3,55.02,9.26,0.36,0.31,505.97,517.08,,
2021-10-20 23:00:00,2021,10,3,0,23,0,442.95,15.0,67.49,12.14,0.02,0.02,504.93,516.81,438.16,
2021-10-21 00:00:00,2021,10,4,0,0,0,547.67,35.58,75.16,2.03,0.31,0.27,505.1,517.32,442.95,
2021-10-21 07:00:00,2021,10,4,0,7,0,531.79,28.48,84.6,3.16,0.07,0.07,504.19,518.12,,506.07
2021-10-21 08:00:00,2021,10,4,0,8,0,441.71,30.81,53.14,2.26,0.07,0.07,494.0,518.23,531.79,
2021-10-21 09:00:00,2021,10,4,0,9,0,409.38,40.0,89.18,9.44,0.01,0.01,488.61,517.79,441.71,
2021-10-21 14:00:00,2021,10,4,0,14,0,495.06,19.41,85.28,9.26,0.22,0.2,486.65,517.39,,547.73
2021-10-21 16:00:00,2021,10,4,0,16,0,499.14,16.25,87.55,10.06,0.16,0.15,486.69,516.9,,
2021-10-21 22:00:00,2021,10,4,0,22,0,509.53,18.4,71.79,3.7,0.3,0.26,497.99,517.84,,438.16
2021-10-22 03:00:00,2021,10,5,0,3,0,473.28,26.29,41.62,4.71,0.03,0.03,495.39,517.47,,
2021-10-22 13:00:00,2021,10,5,0,13,0,499.63,16.01,76.28,10.61,0.08,0.08,502.84,517.87,,
2021-10-22 14:00:00,2021,10,5,0,14,0,462.76,15.0,41.51,6.38,0.16,0.15,501.5,517.74,499.63,495.06
2021-10-23 02:00:00,2021,10,6,1,2,1,510.06,32.52,67.63,9.04,0.05,0.05,496.61,517.45,,
2021-10-23 05:00:00,2021,10,6,1,5,1,466.86,31.99,67.68,7.15,0.2,0.18,501.25,517.52,,
2021-10-23 22:00:00,2021,10,6,1,22,1,510.73,18.62,73.48,1.92,0.55,0.44,493.37,518.55,,
2021-10-24 01:00:00,2021,10,7,1,1,1,473.26,24.26,54.98,3.54,0.02,0.02,498.82,518.78,,
2021-10-24 12:00:00,2021,10,7,1,12,1,493.31,22.22,77.44,12.47,0.16,0.15,502.74,518.12,,
2021-10-24 18:00:00,2021,10,7,1,18,1,479.56,29.11,72.32,2.19,0.05,0.05,505.11,517.34,,
2021-10-24 20:00:00,2021,10,7,1,20,1,485.1,31.45,86.12,0.44,0.01,0.01,508.51,517.64,,
2021-10-24 22:00:00,2021,10,7,1,22,1,417.09,24.41,84.68,3.21,0.02,0.02,505.86,516.71,,510.73
2021-10-25 01:00:00,2021,10,1,0,1,0,583.4,16.92,61.53,3.89,0.17,0.16,510.21,517.33,,473.26
2021-10-25 10:00:00,2021,10,1,0,10,0,468.58,26.13,68.82,7.66,0.05,0.05,487.26,513.65,,
2021-10-25 11:00:00,2021,10,1,0,11,0,497.95,24.45,44.81,13.07,0.17,0.16,488.28,513.57,468.58,
2021-10-25 17:00:00,2021,10,1,0,17,0,547.02,22.73,49.93,5.95,0.14,0.13,491.74,511.12,,
2021-10-25 19:00:00,2021,10,1,0,19,0,514.62,17.84,65.19,0.73,0.89,0.64,489.96,511.47,,
2021-10-26 03:00:00,2021,10,2,0,3,0,544.04,39.17,86.58,1.8,0.06,0.06,478.11,508.96,,
2021-10-26 06:00:00,2021,10,2,0,6,0,455.12,31.72,43.03,8.72,0.06,0.06,484.13,509.23,,
2021-10-26 09:00:00,2021,10,2,0,9,0,420.76,32.12,57.6,11.88,0.01,0.01,489.3,508.63,,
2021-10-26 14:00:00,2021,10,2,0,14,0,509.5,18.18,61.12,1.53,0.18,0.17,493.78,508.91,,
2021-10-26 18:00:00,2021,10,2,0,18,0,517.82,18.48,69.51,1.96,0.79,0.58,494.64,509.38,,
2021-10-26 20:00:00,2021,10,2,0,20,0,527.74,19.63,44.37,2.14,0.91,0.65,496.69,508.96,,
2021-10-27 06:00:00,2021,10,3,0,6,0,519.61,24.59,68.47,11.27,0.17,0.16,510.05,509.3,,455.12
2021-10-27 10:00:00,2021,10,3,0,10,0,561.7,22.59,71.51,2.19,0.06,0.06,514.24,508.9,,
2021-10-27 18:00:00,2021,10,3,0,18,0,480.13,16.07,38.63,8.17,0.26,0.23,516.45,509.35,,517.82
2021-10-28 00:00:00,2021,10,4,0,0,0,434.42,15.0,81.84,1.07,0.22,0.2,509.51,510.33,,
2021-10-28 03:00:00,2021,10,4,0,3,0,527.0,31.49,51.49,9.42,0.34,0.29,507.73,509.83,,
2021-10-28 13:00:00,2021,10,4,0,13,0,495.29,38.08,79.01,14.24,0.05,0.05,512.16,512.45,,
2021-10-29 02:00:00,2021,10,5,0,2,0,505.69,30.38,70.69,5.42,0.04,0.04,517.17,512.68,,
2021-10-29 03:00:00,2021,10,5,0,3,0,421.36,19.93,64.24,13.1,0.25,0.22,512.77,512.36,505.69,527.0
2021-10-29 05:00:00,2021,10,5,0,5,0,475.24,35.23,67.18,13.48,0.23,0.21,506.71,512.73,,
2021-10-29 06:00:00,2021,10,5,0,6,0,551.7,19.32,42.69,2.82,0.36,0.31,508.95,512.67,475.24,
2021-10-30 00:00:00,2021,10,6,1,0,1,506.14,31.53,78.88,3.12,0.16,0.15,507.28,514.43,,
2021-10-30 03:00:00,2021,10,6,1,3,1,525.1,28.31,80.57,10.22,0.33,0.29,511.97,514.17,,421.36
2021-10-30 04:00:00,2021,10,6,1,4,1,529.27,29.93,52.41,7.54,0.12,0.11,513.27,514.43,525.1,
2021-10-30 07:00:00,2021,10,6,1,7,1,483.39,32.9,71.45,3.33,0.29,0.25,511.49,514.02,,
2021-10-30 11:00:00,2021,10,6,1,11,1,487.97,15.0,55.34,12.21,0.02,0.02,509.31,512.94,,
2021-10-30 14:00:00,2021,10,6,1,14,1,552.48,33.17,84.74,10.73,0.06,0.06,510.91,513.93,,
2021-10-30 22:00:00,2021,10,6,1,22,1,474.17,15.0,46.88,11.51,0.22,0.2,483.21,512.15,,
2021-10-31 01:00:00,2021,10,7,1,1,1,490.07,24.64,82.67,1.13,0.08,0.08,482.08,512.29,,
2021-10-31 13:00:00,2021,10,7,1,13,1,499.99,17.91,78.09,5.22,0.23,0.21,477.55,508.99,,
2021-10-31 14:00:00,2021,10,7,1,14,1,503.32,20.47,39.16,9.23,0.37,0.31,475.5,509.44,499.99,552.48
2021-11-01 00:00:00,2021,11,1,0,0,0,546.91,17.58,56.07,5.58,1.0,0.69,497.11,510.95,,
2021-11-01 02:00:00,2021,11,1,0,2,0,615.08,21.7,65.22,3.98,0.2,0.18,502.01,510.91,,
2021-11-01 03:00:00,2021,11,1,0,3,0,423.35,25.82,39.0,7.37,0.21,0.19,500.03,510.54,627.1,
2021-11-01 04:00:00,2021,11,1,0,4,0,457.42,26.35,89.91,6.84,0.84,0.61,499.49,510.13,423.35,
2021-11-01 10:00:00,2021,11,1,0,10,0,487.57,15.0,86.87,1.4,0.0,0.0,511.24,512.13,,
2021-11-01 11:00:00,2021,11,1,0,11,0,533.26,26.61,89.85,8.81,0.06,0.06,511.03,512.35,487.57,
2021-11-02 00:00:00,2021,11,2,0,0,0,442.58,15.51,65.25,9.49,0.24,0.22,497.49,513.34,,546.91
2021-11-02 03:00:00,2021,11,2,0,3,0,458.7,32.88,32.57,0.56,0.14,0.13,493.77,512.82,,423.35
2021-11-02 08:00:00,2021,11,2,0,8,0,508.6,20.32,52.41,3.11,0.04,0.04,491.8,511.73,,
2021-11-02 09:00:00,2021,11,2,0,9,0,547.71,19.31,33.3,12.84,0.01,0.01,492.64,512.5,508.6,
2021-11-02 16:00:00,2021,11,2,0,16,0,528.69,15.0,89.4,9.31,0.31,0.27,496.9,512.37,,
2021-11-02 17:00:00,2021,11,2,0,17,0,455.54,16.07,37.78,14.64,0.2,0.18,493.11,512.6,528.69,
2021-11-03 07:00:00,2021,11,3,0,7,0,530.12,21.57,31.78,9.24,0.14,0.13,511.72,512.47,,
2021-11-03 11:00:00,2021,11,3,0,11,0,473.73,21.75,47.96,11.54,0.08,0.08,512.29,511.78,,
2021-11-03 15:00:00,2021,11,3,0,15,0,493.89,32.16,84.42,8.96,0.17,0.16,514.82,512.32,,
2021-11-03 16:00:00,2021,11,3,0,16,0,521.02,33.39,41.76,10.35,0.2,0.18,514.5,512.39,493.89,528.69
2021-11-03 18:00:00,2021,11,3,0,18,0,565.85,29.62,30.54,12.2,0.18,0.17,516.74,512.24,,
2021-11-04 01:00:00,2021,11,4,0,1,0,383.28,36.97,60.09,13.1,0.18,0.17,487.62,509.98,,
2021-11-04 04:00:00,2021,11,4,0,4,0,482.44,22.0,76.75,13.36,0.21,0.19,488.88,509.65,,
2021-11-04 07:00:00,2021,11,4,0,7,0,405.0,28.9,67.34,0.82,0.18,0.17,493.56,509.69,,530.12
2021-11-04 09:00:00,2021,11,4,0,9,0,436.18,15.0,53.62,12.71,0.46,0.38,485.96,507.94,,
2021-11-04 11:00:00,2021,11,4,0,11,0,585.1,21.3,72.18,4.3,0.1,0.1,486.95,508.11,,473.73
2021-11-04 12:00:00,2021,11,4,0,12,0,511.18,22.93,41.85,2.84,0.29,0.25,484.89,508.2,585.1,
2021-11-04 17:00:00,2021,11,4,0,17,0,562.63,24.99,76.24,7.39,0.01,0.01,488.86,508.99,,
2021-11-04 20:00:00,2021,11,4,0,20,0,438.26,15.79,48.76,0.55,0.3,0.26,493.31,508.28,,
2021-11-05 00:00:00,2021,11,5,0,0,0,410.16,30.69,65.67,4.8,0.15,0.14,501.7,507.89,,
2021-11-05 03:00:00,2021,11,5,0,3,0,519.39,15.0,47.69,6.72,0.0,0.0,504.95,509.25,,
2021-11-05 08:00:00,2021,11,5,0,8,0,502.55,29.96,39.26,12.23,0.02,0.02,506.29,509.0,,
2021-11-05 16:00:00,2021,11,5,0,16,0,435.15,19.5,61.2,2.31,1.0,0.69,514.99,510.74,,
2021-11-05 17:00:00,2021,11,5,0,17,0,545.3,40.0,63.97,7.54,0.37,0.31,514.27,510.68,435.15,562.63
2021-11-06 06:00:00,2021,11,6,1,6,1,536.58,25.51,82.49,12.7,0.03,0.03,496.72,506.84,,
2021-11-06 10:00:00,2021,11,6,1,10,1,474.11,28.68,30.2,14.04,0.42,0.35,498.06,508.09,,
2021-11-06 16:00:00,2021,11,6,1,16,1,480.51,31.02,84.33,0.79,0.11,0.1,498.34,509.27,,435.15
2021-11-06 18:00:00,2021,11,6,1,18,1,490.63,21.94,36.61,2.02,0.09,0.09,494.44,510.0,,
2021-11-07 04:00:00,2021,11,7,1,4,1,526.92,18.74,43.93,2.18,0.18,0.17,501.92,510.56,,
2021-11-07 06:00:00,2021,11,7,1,6,1,499.24,33.69,45.53,2.2,0.01,0.01,502.89,510.8,,536.58
2021-11-07 09:00:00,2021,11,7,1,9,1,479.63,32.62,65.1,13.77,0.1,0.1,502.82,512.39,,
2021-11-07 17:00:00,2021,11,7,1,17,1,486.36,28.9,75.01,14.7,0.18,0.17,500.02,511.2,,
2021-11-07 20:00:00,2021,11,7,1,20,1,477.08,38.75,57.24,2.8,0.02,0.02,497.13,510.84,,
2021-11-08 06:00:00,2021,11,1,0,6,0,440.39,22.52,45.09,12.2,0.03,0.03,497.24,509.3,,499.24
2021-11-08 10:00:00,2021,11,1,0,10,0,455.18,19.96,36.52,3.51,0.04,0.04,491.87,509.83,,
2021-11-08 12:00:00,2021,11,1,0,12,0,493.46,27.6,39.13,4.7,0.01,0.01,491.78,508.87,,
2021-11-08 16:00:00,2021,11,1,0,16,0,418.79,22.34,82.4,13.69,0.07,0.07,484.47,508.36,,
2021-11-09 02:00:00,2021,11,2,0,2,0,538.44,32.66,42.54,4.02,0.19,0.17,486.94,509.55,,
2021-11-09 07:00:00,2021,11,2,0,7,0,446.62,22.96,85.0,11.87,0.07,0.07,484.96,509.0,,
2021-11-09 13:00:00,2021,11,2,0,13,0,465.28,29.02,70.05,2.76,0.02,0.02,486.84,508.8,,
2021-11-09 17:00:00,2021,11,2,0,17,0,476.63,36.74,83.97,9.81,0.48,0.39,492.59,508.36,,
2021-11-09 21:00:00,2021,11,2,0,21,0,481.22,29.56,72.62,10.5,0.12,0.11,497.38,508.77,,
2021-11-09 22:00:00,2021,11,2,0,22,0,481.97,21.26,38.85,13.49,0.2,0.18,494.19,507.95,481.22,
2021-11-10 02:00:00,2021,11,3,0,2,0,422.56,29.41,61.15,6.83,0.12,0.11,497.34,507.94,,538.44
2021-11-10 04:00:00,2021,11,3,0,4,0,516.46,22.66,42.42,10.71,1.4,0.88,495.36,507.47,,
2021-11-10 14:00:00,2021,11,3,0,14,0,523.47,24.9,67.55,3.53,0.2,0.18,497.05,505.19,,
2021-11-10 16:00:00,2021,11,3,0,16,0,523.5,27.32,50.79,2.66,0.14,0.13,493.32,505.15,,
2021-11-10 22:00:00,2021,11,3,0,22,0,615.08,25.62,85.79,0.13,0.29,0.25,493.47,507.86,,481.97
2021-11-11 01:00:00,2021,11,4,0,1,0,523.07,32.58,63.56,11.79,0.07,0.07,498.19,509.95,,
2021-11-11 02:00:00,2021,11,4,0,2,0,515.1,26.29,71.34,14.88,1.2,0.79,502.04,509.98,523.07,422.56
2021-11-11 05:00:00,2021,11,4,0,5,0,530.35,19.57,51.94,8.89,0.19,0.17,501.94,509.35,,
2021-11-11 06:00:00,2021,11,4,0,6,0,473.97,15.0,43.08,10.71,0.26,0.23,496.28,508.73,530.35,
2021-11-11 07:00:00,2021,11,4,0,7,0,492.63,20.9,83.23,5.01,0.16,0.15,498.66,509.27,473.97,
2021-11-11 13:00:00,2021,11,4,0,13,0,529.29,21.01,42.08,0.22,0.03,0.03,511.17,509.05,,
2021-11-11 15:00:00,2021,11,4,0,15,0,489.34,32.32,38.58,3.31,0.33,0.29,511.97,509.6,,
2021-11-11 16:00:00,2021,11,4,0,16,0,524.3,40.0,52.54,0.25,0.68,0.52,512.01,509.54,489.34,523.5
2021-11-11 18:00:00,2021,11,4,0,18,0,401.46,21.25,83.01,4.03,0.24,0.22,508.8,508.32,,
2021-11-11 19:00:00,2021,11,4,0,19,0,526.52,21.1,63.22,14.53,0.03,0.03,513.42,508.33,401.46,
2021-11-11 22:00:00,2021,11,4,0,22,0,498.74,23.2,78.54,12.2,0.23,0.21,506.17,508.47,,626.77
2021-11-11 23:00:00,2021,11,4,0,23,0,419.84,21.48,65.19,1.87,0.16,0.15,500.88,507.86,498.74,
2021-11-12 00:00:00,2021,11,5,0,0,0,495.42,35.94,87.39,11.86,0.22,0.2,497.66,508.38,419.84,
2021-11-12 11:00:00,2021,11,5,0,11,0,530.72,38.71,73.06,14.48,0.11,0.1,497.12,506.56,,
2021-11-12 17:00:00,2021,11,5,0,17,0,529.54,36.13,47.65,4.31,0.43,0.36,492.58,505.85,,
2021-11-12 20:00:00,2021,11,5,0,20,0,501.12,30.32,32.32,0.75,0.01,0.01,492.74,505.66,,
2021-11-13 00:00:00,2021,11,6,1,0,1,507.59,26.39,68.18,14.76,0.02,0.02,497.71,507.19,,495.42
2021-11-13 01:00:00,2021,11,6,1,1,1,582.57,24.49,39.91,12.12,0.03,0.03,499.3,507.55,507.59,
2021-11-13 03:00:00,2021,11,6,1,3,1,420.09,16.02,62.58,14.9,0.23,0.21,496.56,507.79,,
2021-11-13 11:00:00,2021,11,6,1,11,1,503.73,26.56,85.19,11.78,0.06,0.06,500.79,507.23,,530.72
2021-11-13 12:00:00,2021,11,6,1,12,1,451.88,34.93,52.04,14.95,0.04,0.04,496.78,506.94,503.73,
2021-11-14 00:00:00,2021,11,7,1,0,1,588.96,25.44,32.28,0.95,0.22,0.2,492.45,506.74,,507.59
2021-11-14 03:00:00,2021,11,7,1,3,1,513.93,36.35,55.17,5.3,0.05,0.05,494.12,507.03,,420.09
2021-11-14 06:00:00,2021,11,7,1,6,1,502.17,25.68,71.02,10.35,0.23,0.21,501.82,508.03,,
2021-11-14 10:00:00,2021,11,7,1,10,1,434.83,25.8,76.63,4.44,0.24,0.22,499.25,506.75,,
2021-11-14 11:00:00,2021,11,7,1,11,1,459.59,40.0,44.23,1.13,0.04,0.04,497.41,506.69,434.83,503.73
2021-11-14 16:00:00,2021,11,7,1,16,1,496.98,23.11,89.72,6.32,0.18,0.17,504.08,506.63,,
2021-11-14 18:00:00,2021,11,7,1,18,1,476.54,22.15,71.43,4.14,0.38,0.32,506.68,506.66,,
2021-11-14 19:00:00,2021,11,7,1,19,1,522.27,27.79,89.32,4.05,0.58,0.46,510.19,507.14,476.54,
2021-11-15 04:00:00,2021,11,1,0,4,0,457.04,31.37,87.3,0.28,0.02,0.02,496.46,506.84,,
2021-11-15 06:00:00,2021,11,1,0,6,0,480.7,24.0,86.1,8.87,0.15,0.14,490.19,507.0,,502.17
2021-11-15 14:00:00,2021,11,1,0,14,0,504.44,32.67,48.85,6.1,0.33,0.29,493.14,507.03,,
2021-11-16 04:00:00,2021,11,2,0,4,0,578.3,20.36,59.6,5.17,0.35,0.3,508.85,509.54,,457.04
2021-11-16 07:00:00,2021,11,2,0,7,0,519.36,39.11,58.57,3.69,0.11,0.1,520.39,511.49,,
2021-11-16 18:00:00,2021,11,2,0,18,0,502.57,26.96,58.47,14.08,0.02,0.02,512.55,510.62,,
2021-11-16 21:00:00,2021,11,2,0,21,0,413.35,21.14,33.13,9.73,0.09,0.09,497.3,509.34,,
2021-11-16 23:00:00,2021,11,2,0,23,0,484.54,15.0,47.67,10.13,0.02,0.02,501.19,509.53,,
2021-11-17 01:00:00,2021,11,3,0,1,0,521.36,15.0,46.61,13.95,0.17,0.16,504.57,509.47,,
2021-11-17 09:00:00,2021,11,3,0,9,0,436.6,20.97,30.9,6.84,0.32,0.28,486.25,509.48,,
2021-11-17 17:00:00,2021,11,3,0,17,0,490.95,25.14,77.4,9.51,0.05,0.05,494.53,511.07,,
2021-11-17 22:00:00,2021,11,3,0,22,0,425.89,15.0,33.56,6.3,0.27,0.24,492.0,509.43,,
2021-11-18 03:00:00,2021,11,4,0,3,0,496.05,20.74,51.42,4.39,0.39,0.33,487.98,507.76,,
2021-11-18 07:00:00,2021,11,4,0,7,0,475.39,28.01,79.56,0.56,0.06,0.06,489.19,507.93,,
2021-11-18 16:00:00,2021,11,4,0,16,0,571.72,32.24,34.94,13.2,0.27,0.24,481.44,506.7,,
2021-11-18 21:00:00,2021,11,4,0,21,0,440.25,28.88,73.46,13.57,0.19,0.17,484.27,506.68,,
2021-11-19 08:00:00,2021,11,5,0,8,0,546.2,19.44,76.33,11.27,1.33,0.85,499.67,509.0,,
2021-11-19 10:00:00,2021,11,5,0,10,0,514.63,34.78,64.98,2.08,0.04,0.04,506.81,509.03,,
2021-11-19 11:00:00,2021,11,5,0,11,0,571.41,21.75,72.66,7.5,0.03,0.03,506.06,509.27,514.63,
2021-11-19 12:00:00,2021,11,5,0,12,0,477.37,38.93,75.52,8.28,0.21,0.19,504.82,508.84,571.41,
2021-11-19 21:00:00,2021,11,5,0,21,0,519.84,17.7,38.76,9.56,0.11,0.1,507.57,508.65,,440.25
2021-11-20 00:00:00,2021,11,6,1,0,1,555.48,26.07,88.21,10.61,0.29,0.25,509.37,508.66,,
2021-11-20 03:00:00,2021,11,6,1,3,1,565.7,40.0,42.12,7.06,0.49,0.4,509.84,508.81,,
2021-11-20 06:00:00,2021,11,6,1,6,1,475.23,21.54,47.94,6.91,0.28,0.25,504.04,508.52,,
2021-11-20 11:00:00,2021,11,6,1,11,1,526.2,20.21,40.55,11.39,0.19,0.17,502.06,509.46,,571.41
2021-11-20 18:00:00,2021,11,6,1,18,1,509.04,32.92,80.03,12.52,0.06,0.06,510.13,511.42,,
2021-11-20 22:00:00,2021,11,6,1,22,1,500.88,29.35,64.47,7.24,0.08,0.08,516.65,512.61,,
2021-11-21 08:00:00,2021,11,7,1,8,1,529.02,22.68,43.91,14.04,0.1,0.1,513.88,510.74,,
2021-11-21 15:00:00,2021,11,7,1,15,1,383.28,23.33,37.72,13.65,0.1,0.1,511.46,511.3,,
2021-11-21 19:00:00,2021,11,7,1,19,1,534.45,26.69,41.97,8.15,0.19,0.17,508.77,511.49,,
2021-11-21 21:00:00,2021,11,7,1,21,1,561.47,29.18,78.01,14.58,0.23,0.21,504.84,511.16,,
2021-11-21 22:00:00,2021,11,7,1,22,1,505.7,28.04,80.85,2.27,0.09,0.09,505.04,511.28,561.47,500.88
2021-11-22 01:00:00,2021,11,1,0,1,0,493.62,20.73,35.87,7.17,0.14,0.13,508.08,511.76,,
2021-11-22 02:00:00,2021,11,1,0,2,0,470.33,21.47,71.48,5.42,0.05,0.05,508.78,511.93,493.62,
2021-11-22 11:00:00,2021,11,1,0,11,0,502.96,28.46,40.55,1.88,0.45,0.37,490.02,511.24,,
2021-11-23 06:00:00,2021,11,2,0,6,0,521.94,28.63,69.42,11.12,0.07,0.07,485.52,508.1,,
2021-11-23 11:00:00,2021,11,2,0,11,0,512.16,32.4,53.81,14.48,0.1,0.1,494.95,507.91,,502.96
2021-11-23 18:00:00,2021,11,2,0,18,0,529.4,19.99,77.09,2.59,0.22,0.2,499.32,508.37,,
2021-11-23 21:00:00,2021,11,2,0,21,0,565.79,27.96,86.09,14.29,0.36,0.31,498.23,508.99,,
2021-11-24 10:00:00,2021,11,3,0,10,0,579.42,26.62,39.55,5.02,0.85,0.62,509.3,510.7,,
2021-11-24 17:00:00,2021,11,3,0,17,0,441.51,39.08,33.79,1.43,0.22,0.2,505.01,509.74,,
2021-11-24 18:00:00,2021,11,3,0,18,0,498.81,29.33,52.11,12.1,0.1,0.1,503.74,510.17,441.51,529.4
2021-11-24 23:00:00,2021,11,3,0,23,0,473.76,18.44,44.49,6.39,0.05,0.05,504.07,511.17,,
2021-11-25 04:00:00,2021,11,4,0,4,0,428.08,19.82,58.66,9.73,1.22,0.8,491.43,509.76,,
2021-11-25 06:00:00,2021,11,4,0,6,0,583.54,25.09,33.91,13.84,0.12,0.11,494.37,510.04,,
2021-11-25 08:00:00,2021,11,4,0,8,0,503.25,32.55,35.36,13.89,0.12,0.11,491.42,510.65,,
2021-11-25 15:00:00,2021,11,4,0,15,0,469.95,15.0,36.35,1.42,0.21,0.19,488.93,511.58,,
2021-11-25 19:00:00,2021,11,4,0,19,0,481.75,23.66,66.8,10.22,0.05,0.05,489.21,510.5,,
2021-11-26 00:00:00,2021,11,5,0,0,0,404.34,38.01,51.54,9.13,0.54,0.43,483.58,510.71,,
2021-11-26 03:00:00,2021,11,5,0,3,0,530.98,28.53,83.38,9.94,0.79,0.58,495.76,510.94,,
2021-11-26 22:00:00,2021,11,5,0,22,0,539.34,23.53,34.66,0.48,0.68,0.52,500.05,509.88,,
2021-11-26 23:00:00,2021,11,5,0,23,0,478.03,18.39,78.91,1.96,1.29,0.83,498.4,510.03,539.34,
2021-11-27 00:00:00,2021,11,6,1,0,1,529.87,25.73,58.07,12.25,0.25,0.22,503.63,509.88,478.03,404.34
2021-11-27 01:00:00,2021,11,6,1,1,1,559.19,32.53,48.62,6.84,0.11,0.1,505.4,510.36,529.87,
2021-11-27 06:00:00,2021,11,6,1,6,1,487.81,15.0,84.73,14.4,0.19,0.17,501.59,510.0,,
2021-11-27 08:00:00,2021,11,6,1,8,1,514.75,28.99,57.4,14.93,0.26,0.23,502.96,509.54,,
2021-11-27 09:00:00,2021,11,6,1,9,1,473.67,31.37,33.76,13.45,0.07,0.07,499.7,509.24,514.75,
2021-11-27 12:00:00,2021,11,6,1,12,1,476.11,24.07,30.03,6.76,0.12,0.11,498.62,508.3,,
2021-11-27 13:00:00,2021,11,6,1,13,1,423.67,26.37,33.55,6.5,0.34,0.29,500.5,508.39,476.11,
2021-11-28 02:00:00,2021,11,7,1,2,1,474.1,27.48,61.7,0.67,0.11,0.1,488.86,507.13,,
2021-11-28 03:00:00,2021,11,7,1,3,1,433.39,26.04,36.41,8.16,0.16,0.15,489.37,506.52,474.1,
2021-11-28 04:00:00,2021,11,7,1,4,1,423.69,22.71,56.3,1.04,0.29,0.25,486.9,506.25,433.39,
2021-11-28 05:00:00,2021,11,7,1,5,1,571.92,20.93,80.11,7.47,0.01,0.01,489.31,506.38,423.69,
2021-11-28 07:00:00,2021,11,7,1,7,1,532.79,29.16,34.45,13.72,0.25,0.22,492.96,506.58,,
2021-11-28 09:00:00,2021,11,7,1,9,1,433.35,29.35,66.43,11.44,0.1,0.1,489.76,505.68,,473.67
2021-11-28 11:00:00,2021,11,7,1,11,1,495.33,36.53,36.76,5.83,0.31,0.27,491.84,505.48,,
2021-11-28 13:00:00,2021,11,7,1,13,1,426.52,24.15,81.13,8.79,0.32,0.28,490.6,504.56,,423.67
2021-11-28 19:00:00,2021,11,7,1,19,1,529.48,24.17,44.69,6.41,0.03,0.03,485.16,504.27,,
2021-11-28 23:00:00,2021,11,7,1,23,1,494.48,30.16,55.8,13.11,0.22,0.2,487.63,503.44,,
2021-11-29 00:00:00,2021,11,1,0,0,0,469.23,30.42,55.9,4.54,0.16,0.15,486.34,503.55,494.48,
2021-11-29 04:00:00,2021,11,1,0,4,0,429.24,15.0,52.95,1.66,0.14,0.13,489.72,503.45,,423.69
2021-11-29 05:00:00,2021,11,1,0,5,0,513.7,27.18,30.99,1.05,0.43,0.36,487.3,503.6,429.24,571.92
2021-11-29 06:00:00,2021,11,1,0,6,0,469.47,24.57,78.64,9.99,0.43,0.36,484.08,503.63,513.7,
2021-11-29 09:00:00,2021,11,1,0,9,0,493.8,22.58,82.49,13.31,0.29,0.25,483.4,503.95,,433.35
2021-11-29 17:00:00,2021,11,1,0,17,0,565.3,17.9,60.91,2.8,0.01,0.01,488.97,504.52,,
2021-11-29 20:00:00,2021,11,1,0,20,0,506.85,20.66,57.49,0.06,0.37,0.31,492.37,505.46,,
2021-11-29 23:00:00,2021,11,1,0,23,0,477.45,29.0,68.72,0.21,0.55,0.44,495.08,505.56,,494.48
2021-11-30 05:00:00,2021,11,2,0,5,0,519.5,21.13,32.16,6.3,0.58,0.46,501.38,506.26,,513.7
2021-11-30 08:00:00,2021,11,2,0,8,0,448.73,15.0,45.07,4.91,0.14,0.13,503.74,506.07,,
2021-11-30 11:00:00,2021,11,2,0,11,0,436.04,40.0,46.96,7.9,0.25,0.22,501.14,505.13,,
2021-11-30 12:00:00,2021,11,2,0,12,0,578.1,35.09,62.75,9.96,0.31,0.27,504.47,505.64,436.04,
2021-11-30 13:00:00,2021,11,2,0,13,0,488.46,21.35,52.04,9.75,0.26,0.23,504.97,505.5,578.1,
2021-11-30 14:00:00,2021,11,2,0,14,0,383.28,20.94,37.78,8.77,0.02,0.02,501.48,504.07,488.46,
2021-11-30 17:00:00,2021,11,2,0,17,0,478.93,32.86,36.56,13.22,0.03,0.03,499.87,504.52,,565.3
2021-12-01 00:00:00,2021,12,3,0,0,0,545.15,17.07,56.38,11.58,0.05,0.05,486.63,503.69,,
2021-12-01 05:00:00,2021,12,3,0,5,0,569.68,27.45,32.59,2.02,0.09,0.09,486.56,503.52,,519.5
2021-12-01 14:00:00,2021,12,3,0,14,0,562.46,15.0,34.95,5.38,0.15,0.14,496.1,502.46,,338.94
2021-12-01 20:00:00,2021,12,3,0,20,0,474.03,31.63,86.84,13.58,0.18,0.17,491.78,501.25,,
2021-12-01 22:00:00,2021,12,3,0,22,0,467.92,29.53,39.47,8.66,0.18,0.17,492.99,501.22,,
2021-12-02 00:00:00,2021,12,4,0,0,0,484.87,16.09,63.37,12.33,0.58,0.46,495.42,501.97,,545.15
2021-12-02 08:00:00,2021,12,4,0,8,0,507.35,26.22,49.92,6.82,0.06,0.06,501.67,504.47,,
2021-12-02 13:00:00,2021,12,4,0,13,0,481.18,24.97,79.07,14.71,0.17,0.16,504.68,504.09,,
2021-12-02 14:00:00,2021,12,4,0,14,0,488.58,23.66,67.28,5.19,0.44,0.36,501.6,504.41,481.18,562.46
2021-12-02 19:00:00,2021,12,4,0,19,0,566.47,31.21,89.19,9.84,0.08,0.08,511.88,505.24,,
2021-12-02 22:00:00,2021,12,4,0,22,0,538.06,32.13,63.21,2.17,0.49,0.4,518.67,505.93,,467.92
2021-12-03 01:00:00,2021,12,5,0,1,0,453.48,27.71,73.55,2.8,0.12,0.11,516.16,506.34,,
2021-12-03 11:00:00,2021,12,5,0,11,0,516.4,18.94,68.42,6.56,0.56,0.44,502.38,506.3,,
2021-12-03 12:00:00,2021,12,5,0,12,0,475.9,27.41,44.67,2.76,0.05,0.05,500.92,505.62,516.4,
2021-12-03 17:00:00,2021,12,5,0,17,0,488.82,27.26,64.11,1.21,0.13,0.12,499.84,505.18,,
2021-12-04 02:00:00,2021,12,6,1,2,1,394.79,20.12,65.21,11.83,0.32,0.28,485.34,503.04,,
2021-12-04 06:00:00,2021,12,6,1,6,1,519.7,19.81,51.36,0.07,0.01,0.01,488.2,503.69,,
2021-12-04 15:00:00,2021,12,6,1,15,1,486.77,20.58,88.66,14.76,0.19,0.17,499.2,505.91,,
2021-12-04 20:00:00,2021,12,6,1,20,1,408.78,17.42,61.99,1.52,0.56,0.44,498.14,505.05,,
2021-12-05 05:00:00,2021,12,7,1,5,1,502.31,30.11,35.64,4.31,0.16,0.15,491.31,503.78,,
2021-12-05 14:00:00,2021,12,7,1,14,1,493.49,30.18,74.75,2.64,0.01,0.01,483.16,505.41,,
2021-12-05 16:00:00,2021,12,7,1,16,1,395.51,25.83,74.52,3.61,0.03,0.03,479.86,505.12,,
2021-12-05 19:00:00,2021,12,7,1,19,1,504.49,22.72,35.86,5.03,0.02,0.02,482.59,505.03,,
2021-12-05 20:00:00,2021,12,7,1,20,1,463.62,18.18,74.56,4.68,0.14,0.13,484.88,504.71,504.49,408.78
2021-12-05 23:00:00,2021,12,7,1,23,1,503.84,15.85,83.84,4.2,0.17,0.16,490.39,504.55,,
2021-12-06 11:00:00,2021,12,1,0,11,0,603.88,15.0,62.48,1.65,0.17,0.16,509.54,507.17,,
2021-12-06 12:00:00,2021,12,1,0,12,0,573.85,15.0,63.54,4.13,0.01,0.01,507.36,507.63,603.88,
2021-12-06 23:00:00,2021,12,1,0,23,0,495.12,31.44,84.76,14.71,0.14,0.13,494.38,504.45,,503.84
2021-12-07 04:00:00,2021,12,2,0,4,0,521.68,25.48,88.48,12.68,0.02,0.02,489.96,503.68,,
2021-12-07 05:00:00,2021,12,2,0,5,0,438.19,31.41,44.41,3.19,0.05,0.05,486.47,503.18,521.68,
2021-12-07 11:00:00,2021,12,2,0,11,0,521.93,26.08,32.24,10.7,0.03,0.03,475.86,503.49,,603.88
2021-12-07 14:00:00,2021,12,2,0,14,0,542.59,32.26,59.66,12.79,0.01,0.01,477.83,504.12,,
2021-12-07 15:00:00,2021,12,2,0,15,0,521.6,15.23,43.86,11.91,0.04,0.04,478.03,504.19,542.59,
2021-12-07 19:00:00,2021,12,2,0,19,0,432.99,28.07,76.71,1.84,0.88,0.63,478.5,504.15,,
2021-12-08 02:00:00,2021,12,3,0,2,0,518.33,22.8,36.31,1.65,0.39,0.33,490.92,504.94,,
2021-12-08 03:00:00,2021,12,3,0,3,0,535.15,40.0,39.84,7.7,0.01,0.01,492.61,504.97,518.33,
2021-12-08 08:00:00,2021,12,3,0,8,0,444.61,19.73,78.21,10.06,0.24,0.22,495.8,504.36,,
2021-12-08 11:00:00,2021,12,3,0,11,0,450.46,28.82,78.9,6.36,0.29,0.25,499.94,504.51,,521.93
2021-12-08 12:00:00,2021,12,3,0,12,0,429.16,26.37,60.8,4.49,0.11,0.1,497.83,504.34,450.46,
2021-12-08 17:00:00,2021,12,3,0,17,0,568.56,21.56,34.34,1.93,0.09,0.09,496.78,504.47,,
2021-12-08 19:00:00,2021,12,3,0,19,0,461.11,20.36,56.94,8.77,0.04,0.04,495.08,504.62,,432.99
2021-12-09 08:00:00,2021,12,4,0,8,0,463.34,31.57,69.02,12.57,0.08,0.08,508.9,505.42,,444.61
2021-12-09 18:00:00,2021,12,4,0,18,0,510.67,18.36,69.08,5.27,0.04,0.04,510.79,505.1,,
2021-12-09 21:00:00,2021,12,4,0,21,0,538.18,18.78,67.14,14.79,0.07,0.07,514.71,504.89,,
2021-12-09 22:00:00,2021,12,4,0,22,0,580.9,24.73,57.07,5.23,0.21,0.19,517.14,505.15,538.18,
2021-12-10 02:00:00,2021,12,5,0,2,0,525.05,22.26,74.07,10.07,0.13,0.12,509.13,505.44,,
2021-12-10 11:00:00,2021,12,5,0,11,0,419.62,15.0,43.18,10.91,0.15,0.14,510.97,506.32,,
2021-12-10 15:00:00,2021,12,5,0,15,0,531.47,23.93,40.04,10.37,0.39,0.33,517.57,507.3,,
2021-12-10 19:00:00,2021,12,5,0,19,0,493.4,26.53,69.66,10.19,0.08,0.08,515.0,508.0,,
2021-12-10 20:00:00,2021,12,5,0,20,0,505.52,16.19,42.45,6.3,0.08,0.08,515.33,508.18,493.4,
2021-12-10 23:00:00,2021,12,5,0,23,0,463.57,27.38,40.16,1.58,0.1,0.1,515.65,508.11,,
2021-12-11 03:00:00,2021,12,6,1,3,1,383.28,25.88,65.9,4.86,0.03,0.03,499.7,507.31,,
2021-12-11 12:00:00,2021,12,6,1,12,1,547.1,24.25,34.62,0.99,0.03,0.03,502.18,507.19,,
2021-12-11 20:00:00,2021,12,6,1,20,1,574.37,22.09,87.79,8.11,0.22,0.2,500.45,508.52,,505.52
2021-12-11 22:00:00,2021,12,6,1,22,1,434.3,16.53,81.5,4.8,0.27,0.24,495.5,508.47,,
2021-12-12 13:00:00,2021,12,7,1,13,1,454.09,23.85,46.19,2.88,0.03,0.03,492.33,508.46,,
2021-12-12 14:00:00,2021,12,7,1,14,1,510.51,22.83,69.83,7.17,0.04,0.04,491.69,508.57,454.09,
2021-12-12 17:00:00,2021,12,7,1,17,1,464.96,15.45,58.67,14.53,0.07,0.07,492.83,508.84,,
2021-12-12 19:00:00,2021,12,7,1,19,1,471.93,29.03,51.99,9.99,0.16,0.15,491.48,508.81,,
2021-12-12 21:00:00,2021,12,7,1,21,1,427.82,20.87,65.18,12.09,0.82,0.6,484.56,508.58,,
2021-12-13 05:00:00,2021,12,1,0,5,0,490.11,27.84,51.52,1.65,0.05,0.05,483.42,506.55,,
2021-12-13 11:00:00,2021,12,1,0,11,0,467.99,18.23,83.9,11.83,0.64,0.49,473.39,504.73,,
2021-12-13 15:00:00,2021,12,1,0,15,0,578.29,29.44,84.13,6.79,0.3,0.26,476.63,505.3,,
2021-12-14 00:00:00,2021,12,2,0,0,0,405.95,22.76,65.79,2.34,0.14,0.13,485.96,507.55,,
2021-12-14 01:00:00,2021,12,2,0,1,0,512.47,32.77,42.93,14.74,0.12,0.11,488.31,507.94,405.95,
2021-12-14 02:00:00,2021,12,2,0,2,0,515.5,18.23,45.52,1.51,0.08,0.08,490.93,507.69,512.47,
2021-12-14 05:00:00,2021,12,2,0,5,0,449.15,26.28,69.36,10.36,0.05,0.05,491.42,507.27,,490.11
2021-12-14 06:00:00,2021,12,2,0,6,0,491.68,26.95,53.74,7.01,0.41,0.34,493.87,507.23,449.15,
2021-12-14 09:00:00,2021,12,2,0,9,0,466.78,26.97,41.14,7.33,0.04,0.04,502.48,508.25,,
2021-12-14 12:00:00,2021,12,2,0,12,0,615.08,15.6,87.48,2.82,0.3,0.26,508.43,509.46,,
2021-12-14 17:00:00,2021,12,2,0,17,0,460.45,29.62,49.74,10.13,0.08,0.08,513.96,510.53,,
2021-12-15 00:00:00,2021,12,3,0,0,0,501.93,30.53,74.96,5.17,0.19,0.17,514.4,511.19,,405.95
2021-12-15 01:00:00,2021,12,3,0,1,0,555.72,19.16,47.63,4.31,0.34,0.29,516.2,511.39,501.93,512.47
2021-12-15 06:00:00,2021,12,3,0,6,0,462.24,22.93,81.02,12.53,0.54,0.43,512.71,510.15,,491.68
2021-12-15 14:00:00,2021,12,3,0,14,0,565.49,15.4,62.07,11.07,0.29,0.25,500.98,510.29,,
2021-12-15 15:00:00,2021,12,3,0,15,0,551.71,37.57,46.49,3.01,0.08,0.08,497.17,510.99,565.49,
2021-12-15 17:00:00,2021,12,3,0,17,0,456.76,15.0,89.97,3.66,0.14,0.13,493.57,510.06,,460.45
2021-12-15 23:00:00,2021,12,3,0,23,0,529.26,32.67,86.56,5.78,0.08,0.08,489.93,509.49,,
2021-12-16 06:00:00,2021,12,4,0,6,0,510.99,40.0,37.39,14.04,0.59,0.46,495.2,508.46,,462.24
2021-12-16 08:00:00,2021,12,4,0,8,0,417.14,27.7,78.68,12.73,0.43,0.36,500.88,507.77,,
2021-12-16 10:00:00,2021,12,4,0,10,0,591.13,25.42,64.47,4.62,0.04,0.04,499.28,508.58,,
2021-12-16 14:00:00,2021,12,4,0,14,0,551.74,19.09,48.82,4.89,0.27,0.24,504.0,509.62,,565.49
2021-12-16 23:00:00,2021,12,4,0,23,0,444.53,25.82,59.5,13.23,0.09,0.09,503.52,508.75,,529.26
2021-12-17 01:00:00,2021,12,5,0,1,0,483.16,21.66,65.04,6.82,0.28,0.25,500.35,507.64,,
2021-12-17 02:00:00,2021,12,5,0,2,0,499.71,15.0,48.18,14.84,0.11,0.1,502.9,507.48,483.16,
2021-12-17 04:00:00,2021,12,5,0,4,0,503.51,23.5,62.63,4.06,0.15,0.14,506.49,508.46,,
2021-12-17 07:00:00,2021,12,5,0,7,0,615.08,19.56,66.47,11.98,0.47,0.39,501.27,507.36,,
2021-12-17 08:00:00,2021,12,5,0,8,0,506.77,22.29,33.81,4.78,0.82,0.6,505.0,507.29,637.88,417.14
2021-12-17 15:00:00,2021,12,5,0,15,0,595.92,30.82,43.18,8.28,0.03,0.03,497.01,506.92,,
2021-12-18 02:00:00,2021,12,6,1,2,1,502.98,21.35,72.04,10.34,0.01,0.01,501.94,507.2,,499.71
2021-12-18 04:00:00,2021,12,6,1,4,1,581.44,30.6,44.5,9.16,0.06,0.06,501.97,509.0,,503.51
2021-12-18 08:00:00,2021,12,6,1,8,1,515.51,30.99,89.11,13.35,0.09,0.09,498.72,507.96,,506.77
2021-12-18 09:00:00,2021,12,6,1,9,1,502.81,15.0,89.08,8.12,0.41,0.34,496.86,508.01,515.51,
2021-12-18 10:00:00,2021,12,6,1,10,1,510.0,26.7,72.77,3.4,0.08,0.08,497.92,507.58,502.81,
2021-12-18 19:00:00,2021,12,6,1,19,1,601.54,35.23,53.63,0.46,0.08,0.08,509.74,508.49,,
2021-12-18 22:00:00,2021,12,6,1,22,1,511.34,15.0,63.17,11.83,0.7,0.53,515.3,508.58,,
2021-12-18 23:00:00,2021,12,6,1,23,1,494.98,33.92,80.61,11.24,0.21,0.19,512.55,508.72,511.34,
2021-12-19 03:00:00,2021,12,7,1,3,1,510.68,22.31,68.51,5.23,0.19,0.17,515.22,510.0,,
2021-12-19 07:00:00,2021,12,7,1,7,1,527.57,32.34,83.57,11.25,0.0,0.0,517.26,510.03,,
2021-12-19 19:00:00,2021,12,7,1,19,1,424.58,15.0,58.07,10.9,0.27,0.24,502.5,510.1,,601.54
2021-12-20 04:00:00,2021,12,1,0,4,0,462.08,15.0,67.73,12.42,0.36,0.31,500.44,512.35,,
2021-12-20 12:00:00,2021,12,1,0,12,0,517.03,20.73,41.57,6.23,0.33,0.29,499.47,514.45,,
2021-12-20 15:00:00,2021,12,1,0,15,0,533.13,21.9,57.45,12.97,0.43,0.36,501.32,514.21,,
2021-12-20 16:00:00,2021,12,1,0,16,0,473.27,27.26,33.54,3.9,0.26,0.23,502.45,514.15,533.13,
2021-12-20 21:00:00,2021,12,1,0,21,0,479.63,33.11,77.7,10.43,0.13,0.12,501.77,512.85,,
2021-12-21 02:00:00,2021,12,2,0,2,0,533.77,19.2,87.61,3.87,0.02,0.02,498.31,513.19,,
2021-12-21 07:00:00,2021,12,2,0,7,0,520.42,15.0,50.47,6.06,0.2,0.18,498.63,513.67,,
2021-12-21 10:00:00,2021,12,2,0,10,0,383.28,32.86,88.24,9.88,0.02,0.02,485.1,512.44,,
2021-12-21 13:00:00,2021,12,2,0,13,0,570.11,31.49,65.8,5.88,0.48,0.39,488.94,511.26,,
2021-12-22 00:00:00,2021,12,3,0,0,0,383.28,24.06,71.47,0.97,0.04,0.04,486.34,508.59,,
2021-12-22 01:00:00,2021,12,3,0,1,0,485.4,30.18,47.95,9.01,0.14,0.13,482.45,508.16,378.19,
2021-12-22 06:00:00,2021,12,3,0,6,0,533.3,15.0,68.23,7.75,0.07,0.07,485.95,509.99,,
2021-12-22 11:00:00,2021,12,3,0,11,0,448.79,18.36,35.87,7.44,0.61,0.48,491.23,509.99,,
2021-12-22 14:00:00,2021,12,3,0,14,0,476.86,29.91,63.25,14.36,0.29,0.25,488.95,509.55,,
2021-12-23 01:00:00,2021,12,4,0,1,0,479.64,25.63,59.45,13.8,0.19,0.17,498.85,509.66,,485.4
2021-12-23 03:00:00,2021,12,4,0,3,0,524.9,27.91,79.56,9.05,0.76,0.57,497.79,510.11,,
2021-12-23 07:00:00,2021,12,4,0,7,0,507.87,28.02,88.34,1.97,0.26,0.23,493.9,509.54,,
2021-12-23 09:00:00,2021,12,4,0,9,0,515.37,20.99,58.29,10.52,0.08,0.08,495.61,510.28,,
2021-12-23 13:00:00,2021,12,4,0,13,0,555.34,25.42,33.23,4.36,0.12,0.11,500.7,509.52,,
2021-12-23 15:00:00,2021,12,4,0,15,0,491.34,26.86,41.82,13.21,0.18,0.17,501.04,508.76,,
2021-12-23 19:00:00,2021,12,4,0,19,0,536.7,25.13,35.29,12.6,0.31,0.27,500.58,509.03,,
2021-12-23 20:00:00,2021,12,4,0,20,0,428.8,15.39,73.08,9.41,0.13,0.12,496.75,509.09,536.7,
2021-12-23 23:00:00,2021,12,4,0,23,0,520.5,18.84,77.09,3.33,0.17,0.16,498.01,509.2,,
2021-12-24 05:00:00,2021,12,5,0,5,0,436.88,23.89,39.22,3.85,0.31,0.27,497.98,509.78,,
2021-12-24 17:00:00,2021,12,5,0,17,0,424.32,27.74,33.07,11.68,0.25,0.22,494.99,509.06,,
2021-12-24 19:00:00,2021,12,5,0,19,0,436.88,27.79,65.46,7.03,0.04,0.04,494.43,508.44,,536.7
2021-12-24 21:00:00,2021,12,5,0,21,0,506.42,15.0,46.54,13.52,0.22,0.2,497.89,508.89,,
2021-12-25 04:00:00,2021,12,6,1,4,1,582.1,16.52,86.03,12.09,0.11,0.1,505.75,509.12,,
2021-12-25 10:00:00,2021,12,6,1,10,1,521.83,29.01,55.42,1.14,0.29,0.25,497.96,509.64,,
2021-12-25 11:00:00,2021,12,6,1,11,1,561.58,27.27,66.02,14.19,0.11,0.1,503.49,510.28,521.83,
2021-12-25 17:00:00,2021,12,6,1,17,1,536.96,15.54,70.5,12.17,0.06,0.06,505.56,508.5,,424.32
2021-12-26 01:00:00,2021,12,7,1,1,1,495.06,22.24,72.44,10.82,0.02,0.02,507.36,507.44,,
2021-12-26 07:00:00,2021,12,7,1,7,1,438.07,25.45,50.49,14.88,0.31,0.27,491.55,505.97,,
2021-12-26 13:00:00,2021,12,7,1,13,1,553.93,30.83,57.14,5.68,0.03,0.03,490.03,505.37,,
2021-12-26 16:00:00,2021,12,7,1,16,1,521.08,24.83,32.17,11.85,0.04,0.04,489.9,505.15,,
2021-12-26 22:00:00,2021,12,7,1,22,1,506.14,15.0,42.53,0.56,0.05,0.05,473.17,503.4,,
2021-12-26 23:00:00,2021,12,7,1,23,1,495.58,34.2,38.84,5.63,0.22,0.2,473.17,503.29,506.14,
2021-12-27 06:00:00,2021,12,1,0,6,0,451.63,24.67,83.73,4.37,0.2,0.18,474.2,502.62,,
2021-12-27 07:00:00,2021,12,1,0,7,0,512.95,28.18,59.57,10.72,0.0,0.0,477.32,502.36,451.63,438.07
2021-12-27 08:00:00,2021,12,1,0,8,0,540.35,22.17,81.91,6.01,0.34,0.29,479.39,502.43,512.95,
2021-12-27 09:00:00,2021,12,1,0,9,0,511.88,22.39,44.35,0.83,0.07,0.07,478.77,501.92,540.35,
2021-12-27 12:00:00,2021,12,1,0,12,0,599.26,21.31,40.08,12.71,0.01,0.01,485.2,502.63,,
2021-12-27 13:00:00,2021,12,1,0,13,0,504.81,23.3,61.22,1.98,0.04,0.04,483.16,502.68,599.26,553.93
2021-12-28 01:00:00,2021,12,2,0,1,0,482.75,29.27,58.68,12.97,0.03,0.03,495.75,502.63,,
2021-12-28 03:00:00,2021,12,2,0,3,0,548.15,30.15,79.87,9.19,0.17,0.16,499.92,501.84,,
2021-12-28 07:00:00,2021,12,2,0,7,0,424.2,26.66,64.46,14.16,0.22,0.2,496.85,502.1,,512.95
2021-12-28 08:00:00,2021,12,2,0,8,0,511.45,15.0,79.78,2.77,0.02,0.02,495.64,502.49,424.2,540.35
2021-12-28 10:00:00,2021,12,2,0,10,0,451.86,23.13,37.02,10.16,0.46,0.38,492.39,502.93,,
2021-12-28 14:00:00,2021,12,2,0,14,0,531.11,21.64,74.38,7.7,0.04,0.04,497.48,504.22,,
2021-12-28 16:00:00,2021,12,2,0,16,0,489.22,15.0,35.07,5.97,0.01,0.01,497.99,504.25,,
2021-12-28 17:00:00,2021,12,2,0,17,0,454.77,16.82,53.32,3.64,0.15,0.14,496.0,504.16,489.22,
2021-12-28 19:00:00,2021,12,2,0,19,0,545.43,25.35,43.7,5.71,0.17,0.16,498.71,504.74,,
2021-12-29 03:00:00,2021,12,3,0,3,0,564.26,23.36,50.18,10.41,0.1,0.1,513.7,506.91,,548.15
2021-12-29 05:00:00,2021,12,3,0,5,0,458.93,30.22,56.96,4.25,0.19,0.17,507.65,505.93,,
2021-12-29 12:00:00,2021,12,3,0,12,0,446.66,25.31,52.16,0.42,0.07,0.07,507.41,506.29,,
2021-12-29 19:00:00,2021,12,3,0,19,0,499.45,20.53,70.51,1.08,0.08,0.08,504.02,506.35,,545.43
2021-12-29 20:00:00,2021,12,3,0,20,0,514.86,31.84,76.46,9.51,0.39,0.33,500.84,506.31,499.45,
2021-12-30 02:00:00,2021,12,4,0,2,0,505.58,34.96,42.84,4.98,0.23,0.21,495.69,506.36,,
2021-12-30 21:00:00,2021,12,4,0,21,0,460.98,32.63,39.68,3.58,0.1,0.1,498.09,506.09,,
2021-12-31 01:00:00,2021,12,5,0,1,0,534.4,20.25,71.05,5.95,0.07,0.07,499.1,505.99,,
2021-12-31 16:00:00,2021,12,5,0,16,0,604.03,37.08,55.86,13.4,0.14,0.13,490.58,505.1,,
2021-12-31 18:00:00,2021,12,5,0,18,0,517.41,15.0,60.5,13.75,0.04,0.04,494.42,505.45,,
2022-01-01 01:00:00,2022,1,6,1,1,1,491.53,26.62,55.07,0.27,0.14,0.13,498.03,506.61,,534.4
2022-01-01 04:00:00,2022,1,6,1,4,1,563.38,15.0,69.22,0.13,0.12,0.11,506.49,505.77,,
2022-01-01 05:00:00,2022,1,6,1,5,1,553.63,15.0,81.9,9.29,0.44,0.36,511.57,506.01,563.38,
2022-01-01 10:00:00,2022,1,6,1,10,1,499.44,32.62,68.38,10.58,0.0,0.0,515.75,506.02,,
2022-01-01 11:00:00,2022,1,6,1,11,1,466.39,28.26,45.63,1.51,0.03,0.03,511.04,505.44,499.44,
2022-01-02 03:00:00,2022,1,7,1,3,1,534.1,25.98,67.41,5.9,0.04,0.04,496.88,505.6,,
2022-01-02 06:00:00,2022,1,7,1,6,1,522.49,31.26,68.03,13.27,0.13,0.12,489.52,505.78,,
2022-01-02 19:00:00,2022,1,7,1,19,1,498.87,15.0,51.26,4.36,0.09,0.09,490.3,507.52,,
2022-01-02 20:00:00,2022,1,7,1,20,1,419.1,21.91,55.65,0.41,0.04,0.04,490.1,507.81,498.87,
2022-01-03 04:00:00,2022,1,1,0,4,0,534.27,37.04,47.42,6.81,0.06,0.06,495.65,508.69,,
2022-01-03 15:00:00,2022,1,1,0,15,0,465.27,15.81,31.32,8.77,0.8,0.59,484.25,505.48,,
2022-01-03 17:00:00,2022,1,1,0,17,0,560.74,32.95,63.99,0.11,0.07,0.07,484.25,506.32,,
2022-01-04 04:00:00,2022,1,2,0,4,0,551.33,28.34,82.8,4.89,0.23,0.21,493.51,507.83,,534.27
2022-01-04 07:00:00,2022,1,2,0,7,0,456.89,24.7,40.49,1.92,0.01,0.01,501.22,508.41,,
2022-01-04 16:00:00,2022,1,2,0,16,0,431.52,21.81,80.95,6.53,0.0,0.0,502.67,506.65,,
2022-01-04 23:00:00,2022,1,2,0,23,0,464.46,28.92,80.77,14.86,0.07,0.07,497.15,507.18,,
2022-01-05 12:00:00,2022,1,3,0,12,0,384.91,26.34,57.29,4.75,0.06,0.06,487.06,505.03,,
2022-01-05 20:00:00,2022,1,3,0,20,0,575.35,18.77,35.97,3.78,0.21,0.19,483.79,503.86,,
2022-01-06 00:00:00,2022,1,4,0,0,0,449.63,27.67,61.36,2.59,0.37,0.31,484.14,503.65,,
2022-01-06 06:00:00,2022,1,4,0,6,0,490.46,37.68,73.92,11.75,0.02,0.02,477.69,502.52,,
2022-01-06 09:00:00,2022,1,4,0,9,0,554.57,25.88,54.91,3.11,0.23,0.21,481.31,502.65,,
2022-01-06 13:00:00,2022,1,4,0,13,0,542.1,24.16,62.77,5.12,0.04,0.04,481.78,501.26,,
2022-01-06 20:00:00,2022,1,4,0,20,0,512.59,22.35,58.79,5.27,0.1,0.1,490.29,502.7,,575.35
2022-01-07 23:00:00,2022,1,5,0,23,0,521.13,24.79,87.17,3.27,0.12,0.11,496.55,503.42,,
2022-01-08 06:00:00,2022,1,6,1,6,1,496.12,40.0,84.14,7.78,0.1,0.1,497.27,501.31,,
2022-01-08 10:00:00,2022,1,6,1,10,1,438.9,15.0,73.19,6.95,0.01,0.01,492.32,501.1,,
2022-01-08 11:00:00,2022,1,6,1,11,1,559.19,22.31,87.8,7.78,0.16,0.15,497.25,501.66,438.9,
2022-01-08 12:00:00,2022,1,6,1,12,1,552.13,25.29,52.75,7.07,0.14,0.13,495.11,502.26,559.19,
2022-01-09 03:00:00,2022,1,7,1,3,1,501.93,20.29,57.16,8.73,0.09,0.09,498.42,502.63,,
2022-01-09 05:00:00,2022,1,7,1,5,1,420.16,32.88,59.6,3.34,0.83,0.6,494.3,502.16,,
2022-01-09 08:00:00,2022,1,7,1,8,1,515.32,20.15,50.1,11.17,0.16,0.15,490.86,501.46,,
2022-01-09 10:00:00,2022,1,7,1,10,1,497.74,17.58,66.82,8.61,0.95,0.67,498.64,502.21,,438.9
2022-01-09 20:00:00,2022,1,7,1,20,1,544.83,28.91,50.13,1.95,0.14,0.13,494.35,503.63,,
2022-01-10 17:00:00,2022,1,1,0,17,0,571.31,26.72,88.62,6.02,0.36,0.31,486.16,502.75,,
2022-01-11 02:00:00,2022,1,2,0,2,0,462.58,15.0,30.3,9.89,0.16,0.15,480.73,501.78,,
2022-01-11 09:00:00,2022,1,2,0,9,0,452.53,35.85,35.92,0.54,0.27,0.24,491.99,501.62,,
2022-01-12 08:00:00,2022,1,3,0,8,0,473.02,16.8,46.49,8.09,0.17,0.16,489.52,502.12,,
2022-01-12 13:00:00,2022,1,3,0,13,0,488.82,30.56,49.78,3.18,0.1,0.1,482.09,501.64,,
2022-01-12 23:00:00,2022,1,3,0,23,0,505.97,26.86,86.56,3.64,0.06,0.06,476.57,501.24,,
2022-01-13 02:00:00,2022,1,4,0,2,0,535.83,34.62,74.4,8.56,0.01,0.01,479.33,501.69,,
2022-01-13 05:00:00,2022,1,4,0,5,0,448.9,20.81,86.13,14.29,0.12,0.11,477.76,501.77,,
2022-01-13 08:00:00,2022,1,4,0,8,0,506.61,33.31,80.3,3.78,0.23,0.21,478.51,502.11,,473.02
2022-01-13 22:00:00,2022,1,4,0,22,0,536.46,25.01,49.36,2.91,0.18,0.17,496.99,501.59,,
2022-01-13 23:00:00,2022,1,4,0,23,0,538.2,21.07,44.08,13.46,0.34,0.29,498.33,501.69,536.46,505.97
2022-01-14 08:00:00,2022,1,5,0,8,0,573.46,35.48,77.75,7.59,0.18,0.17,493.6,502.05,,506.61
2022-01-14 13:00:00,2022,1,5,0,13,0,451.22,25.09,35.34,14.41,0.12,0.11,495.28,500.96,,
2022-01-14 16:00:00,2022,1,5,0,16,0,537.21,19.06,89.75,1.52,0.1,0.1,491.47,502.04,,
2022-01-14 18:00:00,2022,1,5,0,18,0,547.42,15.76,86.63,7.44,0.07,0.07,490.82,501.36,,
2022-01-15 02:00:00,2022,1,6,1,2,1,529.89,27.64,42.34,12.96,0.29,0.25,503.85,501.83,,
2022-01-15 03:00:00,2022,1,6,1,3,1,508.91,24.85,39.74,3.21,0.26,0.23,506.55,502.82,529.89,
2022-01-15 07:00:00,2022,1,6,1,7,1,438.82,15.0,78.19,4.23,0.04,0.04,506.77,502.84,,
2022-01-15 08:00:00,2022,1,6,1,8,1,488.19,28.67,55.57,7.21,0.02,0.02,503.22,502.59,438.82,573.46
2022-01-15 15:00:00,2022,1,6,1,15,1,484.1,29.45,39.22,12.42,0.21,0.19,498.81,501.14,,
2022-01-15 20:00:00,2022,1,6,1,20,1,558.04,29.3,46.41,7.54,0.27,0.24,493.22,500.82,,
2022-01-16 00:00:00,2022,1,7,1,0,1,466.63,27.98,51.87,10.34,0.07,0.07,491.61,501.11,,
2022-01-16 07:00:00,2022,1,7,1,7,1,520.63,31.8,45.15,8.38,0.05,0.05,496.61,503.59,,438.82
2022-01-16 13:00:00,2022,1,7,1,13,1,497.68,24.65,62.17,14.19,0.11,0.1,502.51,502.63,,
2022-01-16 21:00:00,2022,1,7,1,21,1,386.94,37.91,63.45,5.23,0.05,0.05,494.29,500.95,,
2022-01-17 03:00:00,2022,1,1,0,3,0,536.3,29.87,57.77,5.75,0.04,0.04,493.56,500.92,,
2022-01-17 22:00:00,2022,1,1,0,22,0,530.22,19.41,87.55,4.36,0.18,0.17,505.52,503.98,,
2022-01-18 00:00:00,2022,1,2,0,0,0,512.16,24.29,82.6,2.77,0.33,0.29,508.25,503.9,,
2022-01-18 13:00:00,2022,1,2,0,13,0,546.65,29.18,61.38,9.29,0.23,0.21,497.48,503.55,,
2022-01-18 14:00:00,2022,1,2,0,14,0,459.27,21.46,43.17,9.03,0.03,0.03,499.58,503.87,546.65,
2022-01-18 20:00:00,2022,1,2,0,20,0,463.13,22.09,43.0,3.48,0.7,0.53,497.09,503.94,,
2022-01-19 04:00:00,2022,1,3,0,4,0,546.51,15.0,72.17,10.31,0.22,0.2,500.61,505.3,,
2022-01-19 09:00:00,2022,1,3,0,9,0,495.33,25.8,80.22,10.03,0.06,0.06,511.85,506.78,,
2022-01-19 14:00:00,2022,1,3,0,14,0,548.49,21.16,79.56,12.14,0.26,0.23,509.99,507.96,,459.27
2022-01-19 20:00:00,2022,1,3,0,20,0,535.42,22.47,30.35,13.96,0.81,0.59,518.28,508.6,,463.13
2022-01-19 23:00:00,2022,1,3,0,23,0,570.1,22.0,44.45,12.88,0.49,0.4,514.26,509.67,,
2022-01-20 10:00:00,2022,1,4,0,10,0,502.65,28.51,48.09,8.47,0.2,0.18,506.2,510.99,,
2022-01-20 12:00:00,2022,1,4,0,12,0,615.08,21.19,76.44,8.41,0.42,0.35,517.12,511.65,,
2022-01-21 01:00:00,2022,1,5,0,1,0,521.32,27.11,40.81,13.73,0.03,0.03,512.2,511.82,,
2022-01-21 05:00:00,2022,1,5,0,5,0,436.72,24.64,38.19,4.82,0.35,0.3,505.1,512.08,,
2022-01-21 07:00:00,2022,1,5,0,7,0,448.38,29.77,74.04,5.68,0.24,0.22,500.81,512.05,,
2022-01-21 08:00:00,2022,1,5,0,8,0,444.51,33.59,46.56,11.27,0.02,0.02,497.77,511.26,448.38,
2022-01-21 12:00:00,2022,1,5,0,12,0,473.34,15.0,65.35,0.07,0.04,0.04,496.84,511.72,,624.01
2022-01-21 13:00:00,2022,1,5,0,13,0,486.49,31.53,76.75,11.53,0.42,0.35,495.95,511.93,473.34,
2022-01-21 14:00:00,2022,1,5,0,14,0,514.88,30.41,37.24,14.84,0.08,0.08,495.42,511.92,486.49,
2022-01-21 16:00:00,2022,1,5,0,16,0,525.43,15.0,75.88,12.14,0.14,0.13,492.03,511.73,,
2022-01-21 22:00:00,2022,1,5,0,22,0,615.08,25.66,45.62,14.77,0.24,0.22,502.97,511.87,,
2022-01-22 03:00:00,2022,1,6,1,3,1,532.47,24.38,40.79,1.76,0.2,0.18,491.67,510.76,,
2022-01-22 13:00:00,2022,1,6,1,13,1,512.04,20.68,47.83,2.14,0.16,0.15,504.73,513.02,,486.49
2022-01-22 18:00:00,2022,1,6,1,18,1,473.49,26.7,88.88,10.44,0.03,0.03,508.94,514.08,,
2022-01-22 19:00:00,2022,1,6,1,19,1,554.33,17.62,74.77,11.75,0.07,0.07,510.63,514.06,473.49,
2022-01-22 20:00:00,2022,1,6,1,20,1,539.9,32.22,33.2,10.38,0.25,0.22,511.4,513.95,554.33,
2022-01-23 08:00:00,2022,1,7,1,8,1,462.45,20.17,85.64,10.92,0.15,0.14,499.58,511.64,,
2022-01-24 17:00:00,2022,1,1,0,17,0,598.14,27.27,52.12,6.48,0.08,0.08,509.56,513.72,,
2022-01-24 22:00:00,2022,1,1,0,22,0,544.25,15.0,74.21,8.99,0.11,0.1,509.68,513.69,,
2022-01-24 23:00:00,2022,1,1,0,23,0,444.28,15.0,34.08,3.45,0.17,0.16,504.52,513.54,544.25,
2022-01-25 02:00:00,2022,1,2,0,2,0,540.54,23.53,80.01,10.23,0.11,0.1,503.99,512.79,,
2022-01-25 04:00:00,2022,1,2,0,4,0,439.73,35.27,31.27,0.08,0.06,0.06,498.16,511.87,,
2022-01-25 07:00:00,2022,1,2,0,7,0,563.07,22.09,77.3,4.44,0.39,0.33,501.51,513.25,,
2022-01-25 15:00:00,2022,1,2,0,15,0,489.51,15.0,33.55,14.88,0.08,0.08,509.57,514.58,,
2022-01-25 21:00:00,2022,1,2,0,21,0,479.19,35.47,73.95,12.5,0.13,0.12,505.75,514.51,,
2022-01-25 22:00:00,2022,1,2,0,22,0,422.9,19.55,81.53,2.88,0.12,0.11,500.69,514.01,479.19,544.25
2022-01-26 02:00:00,2022,1,3,0,2,0,420.74,27.36,73.89,3.57,0.26,0.23,502.96,512.84,,540.54
2022-01-26 04:00:00,2022,1,3,0,4,0,524.02,19.2,51.14,8.87,0.44,0.36,506.31,512.7,,439.73
2022-01-26 08:00:00,2022,1,3,0,8,0,539.37,27.26,45.39,8.54,0.16,0.15,513.75,512.93,,
2022-01-26 14:00:00,2022,1,3,0,14,0,469.23,35.19,83.95,4.2,0.06,0.06,500.86,512.83,,
2022-01-26 15:00:00,2022,1,3,0,15,0,490.97,19.63,54.29,5.36,0.11,0.1,500.92,513.0,469.23,489.51
2022-01-26 22:00:00,2022,1,3,0,22,0,514.73,24.44,79.58,0.8,0.21,0.19,500.93,512.17,,422.9
2022-01-26 23:00:00,2022,1,3,0,23,0,383.28,29.02,64.89,8.9,0.09,0.09,494.46,510.93,514.73,
2022-01-27 01:00:00,2022,1,4,0,1,0,523.15,15.0,56.57,2.62,0.25,0.22,493.58,511.42,,
2022-01-27 10:00:00,2022,1,4,0,10,0,500.68,23.72,45.02,4.13,0.54,0.43,476.4,508.41,,
2022-01-27 12:00:00,2022,1,4,0,12,0,551.16,36.7,82.78,7.86,0.1,0.1,479.34,508.25,,
2022-01-27 23:00:00,2022,1,4,0,23,0,451.92,34.42,85.24,13.22,0.33,0.29,476.73,506.32,,366.61
2022-01-28 04:00:00,2022,1,5,0,4,0,532.51,27.92,53.31,8.81,0.43,0.36,495.65,508.17,,
2022-01-28 10:00:00,2022,1,5,0,10,0,519.38,27.64,59.27,3.35,0.28,0.25,506.32,509.84,,500.68
2022-01-28 11:00:00,2022,1,5,0,11,0,468.18,31.79,89.81,2.69,0.06,0.06,504.92,508.96,519.38,
2022-01-28 18:00:00,2022,1,5,0,18,0,508.61,23.13,36.43,11.7,0.05,0.05,509.74,509.51,,
2022-01-28 19:00:00,2022,1,5,0,19,0,507.08,30.27,70.64,11.18,0.09,0.09,511.5,509.47,508.61,
2022-01-29 02:00:00,2022,1,6,1,2,1,532.96,20.46,69.94,2.61,0.9,0.64,515.95,510.5,,
2022-01-29 13:00:00,2022,1,6,1,13,1,515.7,26.14,47.57,9.64,0.15,0.14,513.71,509.97,,
2022-01-29 16:00:00,2022,1,6,1,16,1,507.6,25.39,50.02,3.42,0.06,0.06,508.86,509.55,,
2022-01-30 02:00:00,2022,1,7,1,2,1,503.42,34.88,61.58,14.02,0.63,0.49,499.33,509.04,,532.96
2022-01-30 03:00:00,2022,1,7,1,3,1,491.7,27.06,50.0,12.1,0.21,0.19,497.01,509.08,503.42,
2022-01-30 04:00:00,2022,1,7,1,4,1,486.73,19.68,43.47,1.93,0.01,0.01,498.03,508.96,491.7,
2022-01-30 07:00:00,2022,1,7,1,7,1,442.8,27.86,51.9,6.77,0.32,0.28,498.33,509.51,,
2022-01-30 19:00:00,2022,1,7,1,19,1,461.69,25.89,85.34,3.37,0.22,0.2,485.66,508.88,,
2022-01-30 21:00:00,2022,1,7,1,21,1,475.41,15.0,54.13,5.1,0.44,0.36,485.73,508.49,,
2022-01-30 23:00:00,2022,1,7,1,23,1,502.45,35.65,38.37,0.43,0.24,0.22,488.01,508.66,,
2022-01-31 02:00:00,2022,1,1,0,2,0,491.02,20.32,49.69,13.48,0.01,0.01,491.72,509.14,,503.42
2022-01-31 04:00:00,2022,1,1,0,4,0,525.08,40.0,78.89,8.43,0.42,0.35,493.42,508.87,,486.73
2022-01-31 05:00:00,2022,1,1,0,5,0,615.08,21.73,45.72,3.32,0.05,0.05,498.05,509.95,525.08,
2022-01-31 07:00:00,2022,1,1,0,7,0,502.09,39.38,55.83,12.38,0.2,0.18,497.35,509.45,,442.8
2022-01-31 13:00:00,2022,1,1,0,13,0,475.53,24.26,81.36,10.28,0.12,0.11,495.62,508.56,,
2022-01-31 21:00:00,2022,1,1,0,21,0,538.5,17.13,71.13,6.6,0.12,0.11,502.89,508.21,,475.41
2022-01-31 22:00:00,2022,1,1,0,22,0,543.11,23.53,46.64,1.54,0.18,0.17,503.81,508.2,538.5,
2022-02-01 04:00:00,2022,2,2,0,4,0,560.96,18.49,40.61,1.08,0.26,0.23,502.05,509.44,,525.08
2022-02-01 08:00:00,2022,2,2,0,8,0,477.62,19.76,87.14,14.27,0.54,0.43,508.11,510.32,,
2022-02-01 09:00:00,2022,2,2,0,9,0,514.08,15.0,34.95,2.64,0.02,0.02,508.74,509.73,477.62,
2022-02-01 11:00:00,2022,2,2,0,11,0,460.94,33.61,81.83,9.19,0.23,0.21,505.97,508.43,,
2022-02-01 15:00:00,2022,2,2,0,15,0,513.08,30.28,32.62,11.46,0.04,0.04,505.79,508.4,,
2022-02-01 18:00:00,2022,2,2,0,18,0,507.43,28.21,52.82,13.3,0.02,0.02,506.83,508.32,,
2022-02-01 21:00:00,2022,2,2,0,21,0,534.31,17.44,72.08,3.09,0.0,0.0,505.26,508.14,,538.5
2022-02-02 05:00:00,2022,2,3,0,5,0,435.45,15.0,52.64,12.78,0.08,0.08,494.39,507.68,,
2022-02-02 09:00:00,2022,2,3,0,9,0,445.62,29.63,61.42,2.81,0.6,0.47,485.83,506.26,,514.08
2022-02-02 11:00:00,2022,2,3,0,11,0,534.87,27.93,69.59,14.43,0.1,0.1,493.89,507.39,,460.94
2022-02-02 12:00:00,2022,2,3,0,12,0,457.48,28.47,82.68,0.57,0.1,0.1,493.59,506.95,534.87,
2022-02-02 13:00:00,2022,2,3,0,13,0,448.26,30.88,81.66,11.41,0.21,0.19,491.31,506.79,457.48,
2022-02-02 14:00:00,2022,2,3,0,14,0,383.28,29.23,32.32,3.17,0.27,0.24,487.02,506.24,448.26,
2022-02-02 15:00:00,2022,2,3,0,15,0,573.56,22.81,33.29,4.18,0.31,0.27,489.54,506.74,377.48,513.08
2022-02-02 18:00:00,2022,2,3,0,18,0,490.42,32.66,34.23,3.47,0.25,0.22,492.49,507.19,,507.43
2022-02-02 20:00:00,2022,2,3,0,20,0,544.56,27.31,68.17,8.35,0.17,0.16,495.41,507.17,,
2022-02-02 23:00:00,2022,2,3,0,23,0,500.12,37.29,51.01,4.5,0.01,0.01,495.13,509.05,,
2022-02-03 05:00:00,2022,2,4,0,5,0,478.5,35.29,59.2,5.03,0.23,0.21,502.31,510.73,,435.45
2022-02-03 12:00:00,2022,2,4,0,12,0,541.66,26.43,64.12,10.09,0.13,0.12,516.59,512.38,,457.48
2022-02-03 13:00:00,2022,2,4,0,13,0,553.19,36.6,36.41,6.83,0.16,0.15,520.96,512.76,541.66,448.26
2022-02-03 20:00:00,2022,2,4,0,20,0,541.45,20.84,80.62,7.74,0.23,0.21,523.28,514.42,,544.56
2022-02-04 01:00:00,2022,2,5,0,1,0,497.48,20.35,30.48,3.13,0.19,0.17,522.07,515.05,,
2022-02-04 05:00:00,2022,2,5,0,5,0,531.76,29.27,74.99,8.7,0.21,0.19,516.05,512.8,,478.5
2022-02-04 08:00:00,2022,2,5,0,8,0,416.79,25.68,79.56,11.32,0.05,0.05,509.85,512.3,,
2022-02-04 09:00:00,2022,2,5,0,9,0,506.17,24.78,58.35,0.63,0.36,0.31,508.69,512.42,416.79,
2022-02-04 10:00:00,2022,2,5,0,10,0,425.37,15.0,65.02,7.25,0.13,0.12,504.31,511.85,506.17,
2022-02-04 13:00:00,2022,2,5,0,13,0,552.49,30.05,40.98,12.05,0.04,0.04,495.46,512.17,,553.19
2022-02-04 19:00:00,2022,2,5,0,19,0,568.22,31.49,32.86,1.24,0.21,0.19,490.04,511.37,,
2022-02-05 00:00:00,2022,2,6,1,0,1,419.03,24.89,77.7,8.58,0.12,0.11,490.64,511.26,,
2022-02-05 03:00:00,2022,2,6,1,3,1,480.74,35.86,32.81,6.56,0.02,0.02,493.03,510.05,,
2022-02-05 09:00:00,2022,2,6,1,9,1,544.37,36.92,68.35,1.88,0.04,0.04,493.81,510.7,,506.17
2022-02-05 10:00:00,2022,2,6,1,10,1,486.91,15.0,62.94,3.86,0.09,0.09,496.38,510.5,544.37,425.37
2022-02-05 12:00:00,2022,2,6,1,12,1,525.41,30.23,52.67,8.08,0.15,0.14,503.45,510.45,,
2022-02-05 22:00:00,2022,2,6,1,22,1,453.93,33.86,73.64,12.37,0.15,0.14,485.58,508.91,,
2022-02-06 02:00:00,2022,2,7,1,2,1,615.08,26.23,67.21,11.5,0.3,0.26,496.48,510.04,,
2022-02-06 05:00:00,2022,2,7,1,5,1,428.01,27.98,62.9,8.72,0.17,0.16,496.68,509.85,,
2022-02-06 07:00:00,2022,2,7,1,7,1,548.58,34.56,61.3,10.8,0.02,0.02,495.87,510.31,,
2022-02-06 08:00:00,2022,2,7,1,8,1,510.5,29.0,57.12,0.64,0.12,0.11,499.15,510.45,548.58,
2022-02-06 10:00:00,2022,2,7,1,10,1,497.41,17.33,43.74,1.07,0.4,0.34,498.03,511.13,,486.91
2022-02-06 12:00:00,2022,2,7,1,12,1,430.81,18.92,42.47,8.5,0.01,0.01,490.25,510.07,,525.41
2022-02-06 15:00:00,2022,2,7,1,15,1,551.51,33.94,87.7,1.87,0.06,0.06,499.4,510.77,,
2022-02-06 21:00:00,2022,2,7,1,21,1,470.67,27.56,47.85,0.65,0.1,0.1,503.08,511.68,,
2022-02-06 23:00:00,2022,2,7,1,23,1,498.4,20.23,40.77,6.98,0.45,0.37,502.77,511.27,,
2022-02-07 11:00:00,2022,2,1,0,11,0,389.35,15.0,65.41,0.62,0.15,0.14,506.97,512.0,,
2022-02-07 18:00:00,2022,2,1,0,18,0,505.32,21.8,32.62,13.36,0.67,0.51,503.3,512.32,,
2022-02-07 20:00:00,2022,2,1,0,20,0,475.56,15.0,84.5,12.45,0.01,0.01,501.65,511.92,,
2022-02-08 04:00:00,2022,2,2,0,4,0,573.82,29.41,59.97,1.61,0.05,0.05,502.16,510.6,,
2022-02-08 06:00:00,2022,2,2,0,6,0,563.85,25.96,54.03,12.82,0.02,0.02,502.74,510.55,,
2022-02-08 10:00:00,2022,2,2,0,10,0,460.43,18.51,68.96,11.32,0.06,0.06,495.62,510.92,,
2022-02-08 14:00:00,2022,2,2,0,14,0,513.9,20.74,69.02,9.15,0.41,0.34,502.91,511.36,,
2022-02-08 15:00:00,2022,2,2,0,15,0,537.09,40.0,66.71,10.38,0.37,0.31,506.01,511.51,513.9,
2022-02-08 18:00:00,2022,2,2,0,18,0,388.55,40.0,75.07,8.05,0.09,0.09,494.95,510.59,,505.32
2022-02-08 22:00:00,2022,2,2,0,22,0,543.47,15.0,66.6,14.97,0.03,0.03,501.49,510.09,,
2022-02-09 04:00:00,2022,2,3,0,4,0,474.55,20.88,59.97,14.22,0.47,0.39,502.8,510.88,,573.82
2022-02-09 16:00:00,2022,2,3,0,16,0,500.28,30.64,86.37,10.8,0.11,0.1,503.85,513.3,,
2022-02-10 04:00:00,2022,2,4,0,4,0,574.02,18.86,55.93,6.19,0.43,0.36,514.78,512.96,,474.55
2022-02-10 07:00:00,2022,2,4,0,7,0,521.96,23.1,52.06,4.18,0.23,0.21,509.39,512.63,,
2022-02-10 12:00:00,2022,2,4,0,12,0,390.37,19.92,55.56,0.75,0.21,0.19,507.82,510.63,,
2022-02-10 13:00:00,2022,2,4,0,13,0,501.0,15.0,78.72,4.24,0.24,0.22,507.76,510.32,390.37,
2022-02-10 15:00:00,2022,2,4,0,15,0,592.88,15.0,34.96,2.77,0.3,0.26,505.85,509.67,,
2022-02-10 20:00:00,2022,2,4,0,20,0,610.86,21.98,41.89,11.02,0.26,0.23,506.03,510.49,,
2022-02-11 02:00:00,2022,2,5,0,2,0,410.85,27.29,50.88,8.18,0.38,0.32,499.18,509.47,,
2022-02-11 04:00:00,2022,2,5,0,4,0,459.77,20.12,43.37,8.88,0.52,0.42,493.26,509.96,,574.02
2022-02-11 16:00:00,2022,2,5,0,16,0,528.49,33.7,89.75,0.27,0.02,0.02,493.1,510.61,,
2022-02-11 19:00:00,2022,2,5,0,19,0,463.26,21.98,66.62,1.5,0.01,0.01,495.62,510.88,,
2022-02-12 00:00:00,2022,2,6,1,0,1,505.75,17.58,34.34,0.83,0.34,0.29,494.47,510.57,,
2022-02-12 01:00:00,2022,2,6,1,1,1,428.29,39.07,47.71,13.46,0.18,0.17,493.79,510.39,505.75,
2022-02-12 07:00:00,2022,2,6,1,7,1,511.26,20.81,72.43,8.9,0.16,0.15,501.48,511.17,,
2022-02-12 12:00:00,2022,2,6,1,12,1,561.46,21.35,68.02,7.04,0.1,0.1,505.97,511.08,,
2022-02-12 16:00:00,2022,2,6,1,16,1,571.23,31.97,84.19,2.6,0.19,0.17,505.02,511.51,,528.49
2022-02-12 20:00:00,2022,2,6,1,20,1,505.41,22.4,73.91,8.66,0.42,0.35,508.51,512.78,,
2022-02-12 22:00:00,2022,2,6,1,22,1,476.19,17.51,44.26,3.18,0.19,0.17,501.53,512.73,,
2022-02-13 00:00:00,2022,2,7,1,0,1,604.14,22.97,76.29,7.81,0.2,0.18,511.35,513.42,,505.75
2022-02-13 11:00:00,2022,2,7,1,11,1,538.02,19.34,44.68,12.24,0.46,0.38,507.67,512.82,,
2022-02-13 12:00:00,2022,2,7,1,12,1,488.54,24.46,32.61,11.19,0.28,0.25,504.63,513.17,538.02,561.46
2022-02-13 13:00:00,2022,2,7,1,13,1,491.75,28.5,48.73,6.74,0.46,0.38,505.31,512.77,488.54,
2022-02-13 21:00:00,2022,2,7,1,21,1,554.21,15.0,51.94,0.08,0.07,0.07,506.78,513.14,,
2022-02-14 07:00:00,2022,2,1,0,7,0,482.54,28.52,56.82,7.82,0.22,0.2,505.55,512.53,,
2022-02-14 08:00:00,2022,2,1,0,8,0,509.36,26.31,38.75,2.56,0.17,0.16,505.69,512.36,482.54,
2022-02-14 21:00:00,2022,2,1,0,21,0,565.4,30.15,64.95,1.62,0.07,0.07,501.56,513.32,,554.21
2022-02-15 04:00:00,2022,2,2,0,4,0,574.33,26.75,45.86,7.84,0.02,0.02,510.38,515.07,,
2022-02-15 08:00:00,2022,2,2,0,8,0,472.54,18.46,56.95,8.1,0.37,0.31,511.11,514.25,,509.36
2022-02-15 10:00:00,2022,2,2,0,10,0,522.85,40.0,69.68,3.35,0.44,0.36,510.49,514.14,,
2022-02-16 03:00:00,2022,2,3,0,3,0,509.86,15.0,38.47,3.57,0.05,0.05,498.51,513.84,,
2022-02-16 12:00:00,2022,2,3,0,12,0,409.21,20.6,78.39,9.27,0.15,0.14,499.74,514.31,,
2022-02-16 16:00:00,2022,2,3,0,16,0,463.79,29.31,89.98,3.61,0.05,0.05,499.98,512.92,,
2022-02-16 18:00:00,2022,2,3,0,18,0,433.33,32.48,46.39,3.92,0.37,0.31,495.89,512.23,,
2022-02-16 21:00:00,2022,2,3,0,21,0,468.79,20.96,38.31,1.8,0.19,0.17,493.72,511.82,,
2022-02-17 02:00:00,2022,2,4,0,2,0,582.39,27.96,37.69,11.23,0.03,0.03,501.59,512.81,,
2022-02-17 09:00:00,2022,2,4,0,9,0,444.46,23.76,77.05,12.03,0.25,0.22,489.98,511.73,,
2022-02-17 13:00:00,2022,2,4,0,13,0,475.61,26.31,52.7,3.64,0.11,0.1,490.17,511.71,,
2022-02-17 15:00:00,2022,2,4,0,15,0,574.97,21.49,48.67,3.0,0.09,0.09,495.12,511.58,,
2022-02-17 21:00:00,2022,2,4,0,21,0,476.18,24.93,37.74,9.55,0.15,0.14,504.28,511.22,,468.79
2022-02-18 06:00:00,2022,2,5,0,6,0,536.51,21.33,88.33,9.84,0.01,0.01,496.98,512.49,,
2022-02-18 09:00:00,2022,2,5,0,9,0,522.29,15.0,42.23,10.59,0.15,0.14,503.45,512.9,,444.46
2022-02-18 12:00:00,2022,2,5,0,12,0,498.15,24.83,39.21,10.87,0.26,0.23,500.58,512.53,,
2022-02-18 14:00:00,2022,2,5,0,14,0,492.88,28.23,82.69,8.17,0.1,0.1,502.35,512.39,,
2022-02-18 15:00:00,2022,2,5,0,15,0,465.34,25.62,59.92,6.98,0.48,0.39,497.78,512.29,492.88,574.97
2022-02-18 16:00:00,2022,2,5,0,16,0,546.03,15.0,41.57,4.03,0.21,0.19,495.19,512.39,465.34,
2022-02-18 20:00:00,2022,2,5,0,20,0,550.59,23.5,67.82,4.71,0.54,0.43,492.59,511.84,,
2022-02-19 00:00:00,2022,2,6,1,0,1,408.24,31.51,64.13,5.53,0.01,0.01,490.55,511.14,,
2022-02-19 02:00:00,2022,2,6,1,2,1,412.86,28.58,34.1,6.12,0.09,0.09,490.36,510.76,,
2022-02-19 12:00:00,2022,2,6,1,12,1,481.73,40.0,62.37,4.7,0.21,0.19,493.15,510.66,,498.15
2022-02-19 13:00:00,2022,2,6,1,13,1,433.2,15.0,48.9,2.71,0.01,0.01,489.92,510.4,481.73,
2022-02-19 15:00:00,2022,2,6,1,15,1,525.02,33.22,75.39,9.87,0.27,0.24,495.29,511.13,,465.34
2022-02-19 17:00:00,2022,2,6,1,17,1,512.23,25.9,65.67,3.9,0.22,0.2,495.72,510.19,,
2022-02-19 19:00:00,2022,2,6,1,19,1,505.6,17.18,79.45,3.89,0.25,0.22,499.71,510.28,,
2022-02-19 21:00:00,2022,2,6,1,21,1,551.6,34.71,59.06,3.76,0.34,0.29,501.2,510.89,,
2022-02-19 22:00:00,2022,2,6,1,22,1,576.86,36.8,67.61,1.16,0.11,0.1,503.49,511.5,551.6,
2022-02-20 01:00:00,2022,2,7,1,1,1,434.87,25.01,89.68,1.88,0.17,0.16,501.01,509.52,,
2022-02-20 03:00:00,2022,2,7,1,3,1,453.26,26.83,79.28,11.47,0.19,0.17,500.52,509.23,,
2022-02-20 07:00:00,2022,2,7,1,7,1,473.81,32.4,46.26,14.26,0.11,0.1,501.9,509.95,,
2022-02-20 08:00:00,2022,2,7,1,8,1,498.37,22.02,83.16,4.61,0.05,0.05,499.34,509.9,473.81,
2022-02-20 13:00:00,2022,2,7,1,13,1,408.08,23.02,84.93,1.48,0.04,0.04,493.72,508.71,,433.2
2022-02-20 16:00:00,2022,2,7,1,16,1,418.3,25.29,59.63,4.7,0.05,0.05,490.02,508.2,,
2022-02-21 18:00:00,2022,2,1,0,18,0,500.06,22.29,42.87,6.9,0.13,0.12,494.6,507.48,,
2022-02-21 20:00:00,2022,2,1,0,20,0,452.35,39.42,87.69,14.09,0.05,0.05,494.45,507.32,,
2022-02-21 21:00:00,2022,2,1,0,21,0,443.56,39.65,81.14,10.74,0.48,0.39,491.07,506.58,452.35,
2022-02-22 02:00:00,2022,2,2,0,2,0,427.71,35.75,76.41,3.89,0.17,0.16,487.66,505.47,,
2022-02-22 04:00:00,2022,2,2,0,4,0,509.41,18.0,33.35,10.07,0.16,0.15,482.54,504.7,,
2022-02-22 16:00:00,2022,2,2,0,16,0,549.39,18.78,79.17,12.2,0.29,0.25,494.85,505.67,,
2022-02-22 22:00:00,2022,2,2,0,22,0,548.82,28.89,67.54,5.7,0.21,0.19,505.76,506.57,,
2022-02-23 02:00:00,2022,2,3,0,2,0,488.12,38.15,81.29,8.33,0.75,0.56,502.87,506.16,,427.71
2022-02-23 09:00:00,2022,2,3,0,9,0,416.7,19.81,64.53,10.36,0.07,0.07,500.72,504.78,,
2022-02-23 10:00:00,2022,2,3,0,10,0,590.24,23.99,78.25,7.71,0.31,0.27,506.36,505.35,416.7,
2022-02-23 13:00:00,2022,2,3,0,13,0,444.14,23.95,66.37,11.4,0.08,0.08,510.21,505.67,,
2022-02-23 14:00:00,2022,2,3,0,14,0,552.65,15.0,34.76,9.3,0.02,0.02,507.24,506.36,444.14,
2022-02-23 15:00:00,2022,2,3,0,15,0,431.52,30.08,61.81,4.52,0.18,0.17,505.34,505.93,552.65,
2022-02-23 17:00:00,2022,2,3,0,17,0,434.24,20.07,84.85,7.56,0.08,0.08,500.52,505.75,,
2022-02-23 20:00:00,2022,2,3,0,20,0,518.75,38.51,60.29,12.92,0.02,0.02,497.27,506.58,,
2022-02-24 01:00:00,2022,2,4,0,1,0,495.16,38.63,30.1,6.33,0.26,0.23,497.64,506.16,,
2022-02-24 07:00:00,2022,2,4,0,7,0,588.38,30.64,86.39,7.66,0.58,0.46,505.19,506.51,,
2022-02-24 09:00:00,2022,2,4,0,9,0,589.75,29.51,41.69,8.61,0.09,0.09,512.66,508.09,,416.7
2022-02-24 13:00:00,2022,2,4,0,13,0,511.77,19.04,81.34,3.41,0.03,0.03,512.77,508.97,,444.14
2022-02-24 17:00:00,2022,2,4,0,17,0,421.69,26.11,76.81,6.53,0.09,0.09,512.31,507.31,,434.24
2022-02-24 21:00:00,2022,2,4,0,21,0,509.56,30.06,44.49,2.93,0.05,0.05,504.79,507.15,,
2022-02-24 23:00:00,2022,2,4,0,23,0,417.97,21.86,68.15,9.04,0.39,0.33,501.17,506.16,,
2022-02-25 01:00:00,2022,2,5,0,1,0,522.91,23.15,74.16,3.85,0.31,0.27,502.4,507.09,,495.16
2022-02-25 03:00:00,2022,2,5,0,3,0,528.04,19.84,60.38,9.96,0.06,0.06,504.3,506.98,,
2022-02-25 04:00:00,2022,2,5,0,4,0,500.49,19.86,87.09,1.91,0.09,0.09,504.8,507.18,528.04,
2022-02-25 16:00:00,2022,2,5,0,16,0,478.56,36.87,62.58,10.54,0.21,0.19,487.72,506.56,,
2022-02-26 02:00:00,2022,2,6,1,2,1,435.7,25.48,38.83,3.77,0.14,0.13,492.16,506.96,,
2022-02-26 11:00:00,2022,2,6,1,11,1,564.36,31.4,57.45,12.38,0.02,0.02,493.25,507.08,,
2022-02-26 13:00:00,2022,2,6,1,13,1,463.25,22.92,63.72,9.28,0.09,0.09,494.04,507.51,,
2022-02-26 14:00:00,2022,2,6,1,14,1,515.6,21.99,74.21,4.64,0.13,0.12,497.5,507.23,463.25,
2022-02-26 15:00:00,2022,2,6,1,15,1,615.08,22.45,42.25,13.62,0.07,0.07,501.03,507.81,515.6,
2022-02-26 16:00:00,2022,2,6,1,16,1,528.25,24.95,58.82,0.31,0.05,0.05,503.1,508.22,620.93,478.56
2022-02-26 23:00:00,2022,2,6,1,23,1,615.08,27.5,58.66,5.91,0.24,0.22,515.86,508.09,,
2022-02-27 01:00:00,2022,2,7,1,1,1,562.0,15.24,35.25,14.33,0.3,0.26,519.58,509.53,,
2022-02-27 04:00:00,2022,2,7,1,4,1,531.6,15.0,87.34,5.9,0.06,0.06,521.99,510.71,,
2022-02-27 06:00:00,2022,2,7,1,6,1,497.48,21.83,71.15,0.25,0.04,0.04,522.45,509.93,,
2022-02-27 16:00:00,2022,2,7,1,16,1,548.21,26.98,62.11,7.99,0.01,0.01,512.03,511.42,,528.25
2022-02-28 00:00:00,2022,2,1,0,0,0,581.27,22.53,37.17,5.82,0.15,0.14,507.51,511.76,,
2022-02-28 06:00:00,2022,2,1,0,6,0,501.36,19.55,47.38,10.04,0.0,0.0,498.76,510.22,,497.48
2022-02-28 11:00:00,2022,2,1,0,11,0,457.04,27.65,38.55,7.76,0.06,0.06,490.46,509.71,,
2022-03-01 09:00:00,2022,3,2,0,9,0,441.85,15.0,70.84,4.99,0.36,0.31,512.7,513.44,,
2022-03-01 14:00:00,2022,3,2,0,14,0,481.53,20.25,74.06,9.35,0.15,0.14,517.97,514.2,,
2022-03-01 21:00:00,2022,3,2,0,21,0,554.48,15.58,75.59,4.57,0.07,0.07,514.98,513.88,,
2022-03-01 23:00:00,2022,3,2,0,23,0,560.05,23.68,88.4,12.36,0.16,0.15,514.93,513.62,,
2022-03-02 03:00:00,2022,3,3,0,3,0,557.49,25.06,45.46,6.46,0.33,0.29,511.99,514.32,,
2022-03-02 07:00:00,2022,3,3,0,7,0,615.08,27.21,32.45,8.58,0.26,0.23,513.62,515.32,,
2022-03-02 09:00:00,2022,3,3,0,9,0,529.85,21.92,43.46,12.45,0.05,0.05,515.83,515.64,,441.85
2022-03-02 12:00:00,2022,3,3,0,12,0,525.94,19.0,64.91,12.05,0.51,0.41,506.38,514.16,,
2022-03-02 21:00:00,2022,3,3,0,21,0,538.77,34.5,55.85,6.78,0.04,0.04,499.88,513.77,,554.48
2022-03-03 01:00:00,2022,3,4,0,1,0,550.34,25.06,59.14,6.34,0.29,0.25,506.44,514.98,,
2022-03-03 03:00:00,2022,3,4,0,3,0,466.31,28.62,65.69,0.01,0.05,0.05,503.71,515.31,,557.49
2022-03-03 11:00:00,2022,3,4,0,11,0,483.02,21.4,81.35,2.61,0.01,0.01,496.77,512.04,,
2022-03-03 20:00:00,2022,3,4,0,20,0,536.0,19.67,82.0,11.82,0.07,0.07,504.53,513.55,,
2022-03-04 02:00:00,2022,3,5,0,2,0,488.89,30.94,86.31,14.19,0.37,0.31,500.71,515.16,,
2022-03-04 05:00:00,2022,3,5,0,5,0,480.96,17.35,86.11,0.03,0.17,0.16,507.38,514.95,,
2022-03-04 11:00:00,2022,3,5,0,11,0,496.36,15.0,57.96,3.11,0.31,0.27,504.31,514.19,,483.02
2022-03-04 12:00:00,2022,3,5,0,12,0,549.58,28.76,60.55,10.49,0.34,0.29,506.48,514.6,496.36,
2022-03-04 13:00:00,2022,3,5,0,13,0,517.9,34.08,39.77,10.92,0.05,0.05,511.01,514.8,549.58,
2022-03-04 14:00:00,2022,3,5,0,14,0,433.31,24.27,45.92,10.16,0.16,0.15,503.59,514.81,517.9,
2022-03-04 18:00:00,2022,3,5,0,18,0,476.59,17.27,52.12,8.8,0.06,0.06,506.6,515.34,,
2022-03-04 19:00:00,2022,3,5,0,19,0,486.3,23.2,63.49,3.32,0.08,0.08,502.6,515.45,476.59,
2022-03-04 20:00:00,2022,3,5,0,20,0,472.0,40.0,45.37,6.76,0.03,0.03,499.94,515.31,486.3,536.0
2022-03-05 18:00:00,2022,3,6,1,18,1,453.14,25.02,70.73,1.59,0.4,0.34,492.68,513.68,,476.59
2022-03-05 21:00:00,2022,3,6,1,21,1,493.82,16.94,79.24,13.68,0.16,0.15,494.09,512.65,,
2022-03-06 03:00:00,2022,3,7,1,3,1,521.18,33.17,36.33,3.48,0.04,0.04,503.6,511.53,,
2022-03-06 06:00:00,2022,3,7,1,6,1,550.76,34.88,72.51,7.77,0.67,0.51,503.77,511.9,,
2022-03-06 15:00:00,2022,3,7,1,15,1,447.61,22.88,71.68,11.22,0.03,0.03,510.6,513.09,,
2022-03-06 16:00:00,2022,3,7,1,16,1,453.98,22.46,85.01,2.67,0.8,0.59,510.1,512.52,447.61,
2022-03-07 04:00:00,2022,3,1,0,4,0,475.13,25.23,50.28,4.08,0.01,0.01,508.02,512.35,,
2022-03-07 05:00:00,2022,3,1,0,5,0,415.09,28.19,87.57,8.54,0.37,0.31,501.88,512.05,475.13,
2022-03-07 13:00:00,2022,3,1,0,13,0,534.79,17.39,55.79,2.71,0.27,0.24,490.57,512.44,,
2022-03-07 17:00:00,2022,3,1,0,17,0,443.22,29.69,52.01,9.38,0.39,0.33,483.12,510.88,,
2022-03-08 02:00:00,2022,3,2,0,2,0,564.42,36.49,36.29,12.49,0.01,0.01,502.06,512.81,,
2022-03-08 04:00:00,2022,3,2,0,4,0,485.6,15.0,33.84,14.26,0.09,0.09,503.33,512.38,,475.13
2022-03-08 18:00:00,2022,3,2,0,18,0,444.82,30.05,59.28,6.23,0.18,0.17,507.75,511.03,,
2022-03-08 19:00:00,2022,3,2,0,19,0,503.09,28.67,86.74,0.08,0.32,0.28,506.18,511.08,444.82,
2022-03-08 21:00:00,2022,3,2,0,21,0,510.56,25.02,55.04,11.0,0.24,0.22,502.63,510.31,,
2022-03-08 23:00:00,2022,3,2,0,23,0,485.22,19.41,48.83,13.76,0.02,0.02,498.33,509.98,,
2022-03-09 05:00:00,2022,3,3,0,5,0,590.18,23.73,46.37,14.56,0.34,0.29,504.32,510.99,,
2022-03-09 12:00:00,2022,3,3,0,12,0,553.54,30.96,56.12,5.32,0.05,0.05,507.48,511.1,,
2022-03-09 15:00:00,2022,3,3,0,15,0,553.74,27.15,47.01,1.54,0.41,0.34,506.63,511.72,,
2022-03-09 17:00:00,2022,3,3,0,17,0,499.46,17.07,52.52,3.19,0.1,0.1,507.6,512.32,,
2022-03-09 20:00:00,2022,3,3,0,20,0,442.81,17.58,59.44,12.0,0.06,0.06,506.3,511.41,,
2022-03-10 00:00:00,2022,3,4,0,0,0,538.28,22.36,49.61,5.17,0.08,0.08,507.44,510.84,,
2022-03-10 01:00:00,2022,3,4,0,1,0,557.18,15.0,40.58,6.54,0.0,0.0,509.09,510.88,538.28,
2022-03-10 14:00:00,2022,3,4,0,14,0,561.41,15.0,38.27,4.16,0.1,0.1,502.62,511.75,,
2022-03-10 19:00:00,2022,3,4,0,19,0,546.34,27.22,56.69,13.24,0.08,0.08,500.74,511.43,,
2022-03-10 21:00:00,2022,3,4,0,21,0,493.57,28.3,84.06,6.51,0.05,0.05,506.72,511.27,,
2022-03-11 19:00:00,2022,3,5,0,19,0,517.13,20.94,47.14,14.3,0.04,0.04,499.71,511.01,,546.34
2022-03-11 20:00:00,2022,3,5,0,20,0,534.48,15.69,36.32,14.72,0.07,0.07,500.59,511.38,517.13,
2022-03-12 03:00:00,2022,3,6,1,3,1,525.32,24.68,80.51,0.59,0.13,0.12,495.2,512.32,,
2022-03-12 05:00:00,2022,3,6,1,5,1,488.38,33.84,63.79,5.73,0.12,0.11,493.67,511.59,,
2022-03-12 06:00:00,2022,3,6,1,6,1,563.4,19.87,51.41,5.16,0.04,0.04,496.92,512.01,488.38,
2022-03-12 08:00:00,2022,3,6,1,8,1,514.77,23.39,79.99,12.86,0.02,0.02,495.91,511.64,,
2022-03-12 13:00:00,2022,3,6,1,13,1,486.96,15.0,70.98,11.99,0.14,0.13,495.75,512.07,,
2022-03-12 20:00:00,2022,3,6,1,20,1,499.08,16.67,49.65,13.46,0.0,0.0,490.48,511.22,,534.48
2022-03-12 21:00:00,2022,3,6,1,21,1,479.46,19.85,64.6,9.3,0.1,0.1,489.71,511.14,499.08,
2022-03-13 06:00:00,2022,3,7,1,6,1,465.59,40.0,79.22,0.46,0.22,0.2,496.25,510.91,,563.4
2022-03-13 08:00:00,2022,3,7,1,8,1,535.17,15.0,87.29,0.07,0.2,0.18,500.17,511.06,,514.77
2022-03-13 10:00:00,2022,3,7,1,10,1,540.11,15.0,71.56,9.4,0.06,0.06,503.57,511.69,,
2022-03-13 14:00:00,2022,3,7,1,14,1,510.95,15.5,66.32,3.77,0.29,0.25,507.07,510.44,,
2022-03-13 17:00:00,2022,3,7,1,17,1,556.09,17.8,64.78,6.34,0.13,0.12,506.33,510.48,,
2022-03-14 01:00:00,2022,3,1,0,1,0,494.13,18.33,61.46,8.43,0.1,0.1,496.6,509.73,,
2022-03-14 05:00:00,2022,3,1,0,5,0,509.87,27.47,56.48,14.74,0.55,0.44,498.98,511.01,,
2022-03-14 11:00:00,2022,3,1,0,11,0,615.08,19.25,70.81,13.37,0.18,0.17,504.77,513.11,,
2022-03-14 12:00:00,2022,3,1,0,12,0,460.11,18.96,77.53,0.76,0.27,0.24,504.43,513.3,625.23,
2022-03-14 13:00:00,2022,3,1,0,13,0,494.16,15.0,87.29,7.63,0.08,0.08,506.88,513.05,460.11,
2022-03-14 18:00:00,2022,3,1,0,18,0,527.07,21.31,44.09,5.14,0.03,0.03,500.9,513.05,,
2022-03-15 02:00:00,2022,3,2,0,2,0,535.54,38.03,50.34,2.46,0.05,0.05,508.91,511.04,,
2022-03-15 03:00:00,2022,3,2,0,3,0,530.44,20.86,64.18,9.12,0.44,0.36,510.02,511.11,535.54,
2022-03-15 04:00:00,2022,3,2,0,4,0,577.85,29.55,57.58,9.75,0.05,0.05,511.86,511.67,530.44,
2022-03-15 06:00:00,2022,3,2,0,6,0,488.37,30.71,42.08,0.16,0.04,0.04,506.28,511.61,,
2022-03-15 07:00:00,2022,3,2,0,7,0,455.73,35.17,42.41,11.18,0.12,0.11,501.34,510.83,488.37,
2022-03-15 20:00:00,2022,3,2,0,20,0,510.23,25.07,78.98,12.77,0.14,0.13,506.72,513.07,,
2022-03-16 02:00:00,2022,3,3,0,2,0,556.56,29.77,87.7,2.63,0.23,0.21,512.67,513.22,,535.54
2022-03-16 04:00:00,2022,3,3,0,4,0,456.01,26.0,71.38,5.77,0.07,0.07,506.12,512.86,,577.85
2022-03-16 07:00:00,2022,3,3,0,7,0,449.77,21.67,71.23,9.22,0.21,0.19,507.64,511.37,,455.73
2022-03-16 11:00:00,2022,3,3,0,11,0,467.65,18.68,75.24,6.56,0.17,0.16,503.64,512.28,,
2022-03-16 17:00:00,2022,3,3,0,17,0,493.4,18.24,86.17,2.55,0.32,0.28,504.4,511.88,,
2022-03-17 00:00:00,2022,3,4,0,0,0,400.02,15.59,66.99,8.86,0.17,0.16,494.63,511.08,,
2022-03-17 03:00:00,2022,3,4,0,3,0,512.46,23.96,35.37,6.7,0.06,0.06,489.71,510.25,,
2022-03-17 04:00:00,2022,3,4,0,4,0,524.56,25.38,76.53,9.5,0.11,0.1,492.57,510.42,512.46,456.01
2022-03-17 08:00:00,2022,3,4,0,8,0,471.3,15.0,79.1,9.95,0.31,0.27,492.21,510.16,,
2022-03-17 14:00:00,2022,3,4,0,14,0,499.85,31.14,71.91,8.87,0.67,0.51,496.13,510.84,,
2022-03-18 01:00:00,2022,3,5,0,1,0,496.06,22.43,39.83,5.41,0.45,0.37,495.61,509.4,,
2022-03-18 04:00:00,2022,3,5,0,4,0,553.02,25.43,65.91,5.85,0.12,0.11,500.54,510.65,,524.56
2022-03-18 06:00:00,2022,3,5,0,6,0,476.23,31.25,46.05,12.34,0.04,0.04,497.73,510.3,,
2022-03-18 15:00:00,2022,3,5,0,15,0,461.27,16.89,82.76,12.43,0.04,0.04,492.48,509.83,,
2022-03-19 01:00:00,2022,3,6,1,1,1,597.78,25.59,71.47,4.09,0.2,0.18,504.6,511.35,,496.06
2022-03-19 05:00:00,2022,3,6,1,5,1,533.08,19.35,47.38,2.83,0.14,0.13,494.91,510.53,,
2022-03-19 06:00:00,2022,3,6,1,6,1,455.63,33.2,72.72,8.89,0.11,0.1,494.05,509.88,533.08,476.23
2022-03-19 08:00:00,2022,3,6,1,8,1,475.42,26.93,37.5,12.36,0.52,0.42,498.8,510.12,,
2022-03-19 11:00:00,2022,3,6,1,11,1,551.15,17.73,53.82,6.97,0.06,0.06,507.01,510.21,,
2022-03-19 12:00:00,2022,3,6,1,12,1,545.19,27.51,61.65,0.52,0.06,0.06,508.95,510.91,551.15,
2022-03-19 14:00:00,2022,3,6,1,14,1,444.14,17.39,36.13,8.75,0.11,0.1,504.07,511.44,,
2022-03-19 18:00:00,2022,3,6,1,18,1,577.91,20.96,58.21,14.41,0.09,0.09,502.1,511.75,,
2022-03-20 05:00:00,2022,3,7,1,5,1,457.71,20.47,57.24,0.23,0.64,0.49,495.77,509.87,,533.08
2022-03-20 13:00:00,2022,3,7,1,13,1,536.73,18.2,54.71,3.18,1.05,0.72,486.8,508.89,,
2022-03-20 20:00:00,2022,3,7,1,20,1,535.11,24.71,51.11,13.45,0.01,0.01,488.68,509.12,,
2022-03-21 07:00:00,2022,3,1,0,7,0,440.07,25.57,68.89,1.06,0.14,0.13,482.42,506.41,,
2022-03-21 08:00:00,2022,3,1,0,8,0,494.7,28.74,52.61,5.73,0.13,0.12,484.67,506.61,440.07,
2022-03-21 12:00:00,2022,3,1,0,12,0,494.29,23.76,54.02,9.25,0.13,0.12,494.81,506.87,,
2022-03-21 13:00:00,2022,3,1,0,13,0,467.24,21.98,67.2,1.5,0.04,0.04,491.91,506.71,494.29,536.73
2022-03-21 14:00:00,2022,3,1,0,14,0,445.94,32.24,54.65,5.71,0.08,0.08,489.24,506.69,467.24,
2022-03-22 02:00:00,2022,3,2,0,2,0,438.32,31.78,46.86,14.49,0.71,0.54,497.36,506.82,,
2022-03-22 04:00:00,2022,3,2,0,4,0,497.54,15.0,32.01,4.33,0.06,0.06,504.9,506.0,,
2022-03-22 08:00:00,2022,3,2,0,8,0,486.12,24.19,30.19,11.92,0.35,0.3,503.47,506.3,,494.7
2022-03-22 13:00:00,2022,3,2,0,13,0,544.44,25.01,59.91,12.7,0.01,0.01,499.42,505.86,,467.24
2022-03-22 14:00:00,2022,3,2,0,14,0,540.76,29.13,88.52,4.27,0.22,0.2,503.37,506.09,544.44,445.94
2022-03-22 16:00:00,2022,3,2,0,16,0,440.35,25.65,82.69,10.78,0.4,0.34,496.8,505.66,,
2022-03-22 18:00:00,2022,3,2,0,18,0,498.35,31.75,70.36,4.09,0.24,0.22,498.12,505.26,,
2022-03-22 19:00:00,2022,3,2,0,19,0,476.47,24.67,76.91,9.29,0.2,0.18,494.53,505.44,498.35,
2022-03-22 21:00:00,2022,3,2,0,21,0,470.39,26.13,82.08,9.15,0.02,0.02,494.63,505.3,,
2022-03-22 23:00:00,2022,3,2,0,23,0,558.73,33.12,51.58,0.42,0.04,0.04,500.08,505.74,,
2022-03-23 02:00:00,2022,3,3,0,2,0,479.85,20.23,68.91,11.36,0.04,0.04,497.93,504.67,,438.32
2022-03-23 04:00:00,2022,3,3,0,4,0,550.15,26.58,83.98,12.27,0.04,0.04,501.52,505.33,,497.54
2022-03-23 05:00:00,2022,3,3,0,5,0,473.94,21.88,32.45,0.83,0.16,0.15,497.59,504.93,550.15,
2022-03-23 18:00:00,2022,3,3,0,18,0,509.4,33.38,61.33,5.36,0.36,0.31,501.17,506.04,,498.35
2022-03-24 01:00:00,2022,3,4,0,1,0,422.24,24.36,49.38,5.05,0.58,0.46,489.7,504.8,,
2022-03-24 10:00:00,2022,3,4,0,10,0,521.3,35.55,46.76,7.3,0.22,0.2,486.68,505.79,,
2022-03-24 16:00:00,2022,3,4,0,16,0,432.62,35.28,34.56,11.29,0.44,0.36,479.72,504.24,,
2022-03-24 21:00:00,2022,3,4,0,21,0,441.31,24.08,88.07,9.64,0.82,0.6,487.35,504.57,,
2022-03-24 22:00:00,2022,3,4,0,22,0,544.0,25.27,80.22,5.23,0.02,0.02,488.32,504.42,441.31,
2022-03-25 01:00:00,2022,3,5,0,1,0,533.81,27.59,58.67,8.23,0.05,0.05,500.63,505.53,,422.24
2022-03-25 05:00:00,2022,3,5,0,5,0,481.74,27.16,67.07,14.6,0.05,0.05,499.27,504.84,,
2022-03-25 08:00:00,2022,3,5,0,8,0,519.59,18.26,46.16,9.53,0.27,0.24,505.47,506.03,,
2022-03-25 13:00:00,2022,3,5,0,13,0,505.84,23.43,73.29,0.22,0.21,0.19,499.25,506.1,,
2022-03-25 14:00:00,2022,3,5,0,14,0,505.64,29.18,64.96,1.49,0.34,0.29,502.37,506.12,505.84,
2022-03-25 18:00:00,2022,3,5,0,18,0,492.06,31.58,37.07,13.59,0.03,0.03,501.29,504.83,,
2022-03-25 22:00:00,2022,3,5,0,22,0,545.5,29.4,41.77,3.78,0.15,0.14,500.72,505.3,,544.0
2022-03-25 23:00:00,2022,3,5,0,23,0,530.79,38.68,40.17,12.16,0.02,0.02,500.07,505.32,545.5,
2022-03-26 04:00:00,2022,3,6,1,4,1,517.21,15.62,43.3,7.4,0.02,0.02,505.26,506.66,,
2022-03-26 10:00:00,2022,3,6,1,10,1,383.28,20.61,78.85,12.99,0.02,0.02,510.42,507.24,,
2022-03-26 11:00:00,2022,3,6,1,11,1,460.82,32.74,64.75,14.28,0.22,0.2,507.09,506.7,368.23,
2022-03-26 12:00:00,2022,3,6,1,12,1,465.72,26.82,32.6,9.66,0.41,0.34,506.45,506.21,460.82,
2022-03-26 17:00:00,2022,3,6,1,17,1,488.15,25.82,42.82,3.02,0.13,0.12,506.7,506.02,,
2022-03-27 05:00:00,2022,3,7,1,5,1,466.73,28.03,43.57,1.63,0.24,0.22,498.9,506.7,,
2022-03-27 06:00:00,2022,3,7,1,6,1,469.78,20.99,37.42,5.45,0.03,0.03,490.8,506.3,466.73,
2022-03-27 08:00:00,2022,3,7,1,8,1,514.41,27.26,83.4,3.47,0.16,0.15,487.93,507.28,,
2022-03-27 16:00:00,2022,3,7,1,16,1,494.29,28.98,44.18,1.43,0.29,0.25,492.8,506.35,,
2022-03-27 20:00:00,2022,3,7,1,20,1,523.21,27.02,76.98,11.32,0.22,0.2,499.33,507.21,,
2022-03-27 22:00:00,2022,3,7,1,22,1,520.5,24.13,65.2,3.2,0.15,0.14,500.25,507.62,,
2022-03-28 00:00:00,2022,3,1,0,0,0,540.4,24.83,46.67,0.17,0.03,0.03,504.54,507.98,,
2022-03-28 07:00:00,2022,3,1,0,7,0,473.25,15.75,36.54,7.87,0.23,0.21,498.03,509.11,,
2022-03-28 12:00:00,2022,3,1,0,12,0,537.75,34.39,50.38,11.14,0.22,0.2,501.76,507.67,,
2022-03-28 13:00:00,2022,3,1,0,13,0,477.31,30.12,61.15,2.77,0.12,0.11,501.22,507.73,537.75,
2022-03-28 14:00:00,2022,3,1,0,14,0,513.72,38.78,85.83,9.25,0.14,0.13,501.88,508.14,477.31,
2022-03-28 22:00:00,2022,3,1,0,22,0,496.48,22.44,39.52,0.34,0.02,0.02,486.54,506.81,,520.5
2022-03-29 02:00:00,2022,3,2,0,2,0,499.57,35.08,42.71,7.66,0.63,0.49,487.85,507.78,,
2022-03-29 08:00:00,2022,3,2,0,8,0,573.98,24.36,60.99,10.37,0.14,0.13,495.43,507.92,,
2022-03-29 09:00:00,2022,3,2,0,9,0,547.29,34.3,61.45,2.59,0.39,0.33,500.54,508.28,573.98,
2022-03-29 14:00:00,2022,3,2,0,14,0,520.45,35.49,73.72,14.02,0.2,0.18,502.36,507.99,,513.72
2022-03-29 17:00:00,2022,3,2,0,17,0,446.48,15.0,38.89,2.13,0.19,0.17,506.59,508.49,,
2022-03-30 06:00:00,2022,3,3,0,6,0,480.79,16.6,82.54,4.69,0.47,0.39,504.78,507.59,,
2022-03-30 08:00:00,2022,3,3,0,8,0,444.91,32.38,59.2,13.48,0.46,0.38,498.07,507.45,,573.98
2022-03-30 17:00:00,2022,3,3,0,17,0,524.84,31.24,55.87,3.86,0.6,0.47,502.67,508.77,,446.48
2022-03-31 02:00:00,2022,3,4,0,2,0,462.54,18.13,86.47,7.4,0.02,0.02,488.61,509.07,,
2022-03-31 13:00:00,2022,3,4,0,13,0,466.79,29.47,85.52,9.05,0.0,0.0,503.77,509.4,,
2022-03-31 14:00:00,2022,3,4,0,14,0,551.59,34.62,52.68,1.94,0.29,0.25,506.43,510.13,466.79,
2022-04-01 01:00:00,2022,4,5,0,1,0,501.45,15.37,50.88,1.41,0.09,0.09,506.54,509.84,,
2022-04-01 10:00:00,2022,4,5,0,10,0,583.52,27.43,63.8,10.32,0.08,0.08,496.86,509.53,,
2022-04-02 00:00:00,2022,4,6,1,0,1,483.6,25.69,52.57,4.37,0.07,0.07,494.77,509.02,,
2022-04-02 06:00:00,2022,4,6,1,6,1,483.39,26.1,52.01,12.01,0.57,0.45,498.16,507.2,,
2022-04-02 08:00:00,2022,4,6,1,8,1,498.81,28.65,68.75,1.77,0.03,0.03,499.67,506.62,,
2022-04-02 14:00:00,2022,4,6,1,14,1,437.25,16.54,76.67,13.56,0.45,0.37,492.01,506.8,,
2022-04-02 15:00:00,2022,4,6,1,15,1,498.16,23.97,63.8,7.96,0.3,0.26,491.42,506.64,437.25,
2022-04-03 01:00:00,2022,4,7,1,1,1,488.24,35.16,39.81,11.88,0.05,0.05,487.38,506.95,,
2022-04-03 05:00:00,2022,4,7,1,5,1,514.14,16.96,36.2,13.13,0.14,0.13,487.77,506.68,,
2022-04-03 11:00:00,2022,4,7,1,11,1,483.82,31.08,74.36,11.15,0.44,0.36,484.52,506.53,,
2022-04-03 12:00:00,2022,4,7,1,12,1,488.54,16.99,78.9,6.65,0.32,0.28,485.69,506.69,483.82,
2022-04-03 14:00:00,2022,4,7,1,14,1,475.25,33.27,41.65,14.28,0.26,0.23,486.96,506.52,,437.25
2022-04-04 00:00:00,2022,4,1,0,0,0,476.59,18.02,88.19,2.33,0.25,0.22,491.8,505.05,,
2022-04-04 03:00:00,2022,4,1,0,3,0,502.66,19.47,55.39,13.13,0.07,0.07,495.28,505.37,,
2022-04-04 12:00:00,2022,4,1,0,12,0,535.56,26.47,37.21,5.88,0.12,0.11,511.35,508.09,,488.54
2022-04-04 16:00:00,2022,4,1,0,16,0,493.48,28.95,40.79,12.11,0.15,0.14,511.47,508.06,,
2022-04-04 21:00:00,2022,4,1,0,21,0,548.75,27.04,36.71,8.79,0.35,0.3,501.67,508.03,,
2022-04-04 22:00:00,2022,4,1,0,22,0,487.78,32.06,47.59,7.62,0.03,0.03,503.84,507.98,548.75,
2022-04-05 19:00:00,2022,4,2,0,19,0,548.59,21.58,47.2,0.1,0.24,0.22,510.41,508.32,,
2022-04-05 23:00:00,2022,4,2,0,23,0,443.07,27.61,67.96,0.73,0.55,0.44,507.08,508.21,,
2022-04-06 09:00:00,2022,4,3,0,9,0,534.77,34.69,42.88,1.41,0.04,0.04,499.57,508.46,,
2022-04-06 11:00:00,2022,4,3,0,11,0,529.75,20.84,41.95,3.76,0.25,0.22,502.39,509.31,,
2022-04-06 13:00:00,2022,4,3,0,13,0,463.0,19.24,73.64,7.19,0.01,0.01,500.57,508.45,,
2022-04-06 15:00:00,2022,4,3,0,15,0,577.15,20.95,89.51,12.05,0.72,0.54,504.6,508.59,,
2022-04-06 16:00:00,2022,4,3,0,16,0,519.3,16.65,33.89,1.85,0.68,0.52,504.74,508.04,577.15,
2022-04-06 20:00:00,2022,4,3,0,20,0,479.03,32.0,72.26,3.31,0.23,0.21,499.42,508.66,,
2022-04-06 21:00:00,2022,4,3,0,21,0,512.01,19.68,77.83,10.15,0.16,0.15,501.25,509.0,479.03,
2022-04-07 01:00:00,2022,4,4,0,1,0,426.16,20.41,45.83,4.35,0.59,0.46,507.73,509.87,,
2022-04-07 09:00:00,2022,4,4,0,9,0,594.85,32.73,66.33,6.12,0.14,0.13,520.89,510.9,,534.77
2022-04-08 03:00:00,2022,4,5,0,3,0,451.35,34.29,50.66,3.6,0.3,0.26,490.13,508.39,,
2022-04-08 05:00:00,2022,4,5,0,5,0,570.89,21.05,32.37,4.83,0.02,0.02,496.98,509.78,,
2022-04-08 06:00:00,2022,4,5,0,6,0,514.52,20.8,50.24,11.0,0.15,0.14,495.0,510.29,570.89,
2022-04-08 07:00:00,2022,4,5,0,7,0,488.04,24.0,60.86,11.17,0.06,0.06,494.36,510.54,514.52,
2022-04-08 08:00:00,2022,4,5,0,8,0,447.19,25.38,60.77,8.61,0.16,0.15,492.17,510.08,488.04,
2022-04-08 09:00:00,2022,4,5,0,9,0,553.56,31.13,43.16,4.64,0.03,0.03,490.45,510.24,447.19,594.85
2022-04-09 00:00:00,2022,4,6,1,0,1,512.85,27.35,67.13,5.6,0.1,0.1,497.42,509.12,,
2022-04-09 10:00:00,2022,4,6,1,10,1,526.69,26.2,50.35,0.53,0.57,0.45,490.93,509.28,,
2022-04-09 15:00:00,2022,4,6,1,15,1,519.42,22.14,50.99,1.09,0.11,0.1,494.16,509.94,,
2022-04-09 18:00:00,2022,4,6,1,18,1,426.16,18.71,33.8,0.22,0.37,0.31,495.4,509.3,,
2022-04-09 20:00:00,2022,4,6,1,20,1,474.43,19.58,53.2,4.88,0.26,0.23,500.67,510.59,,
2022-04-09 23:00:00,2022,4,6,1,23,1,512.09,31.64,72.66,4.27,0.06,0.06,500.32,510.42,,
2022-04-10 06:00:00,2022,4,7,1,6,1,455.64,26.82,31.04,5.82,0.39,0.33,496.95,510.61,,
2022-04-10 07:00:00,2022,4,7,1,7,1,492.36,24.22,76.33,7.16,0.29,0.25,497.56,510.93,455.64,
2022-04-10 12:00:00,2022,4,7,1,12,1,512.54,26.43,68.07,9.64,0.15,0.14,499.61,511.52,,
2022-04-10 14:00:00,2022,4,7,1,14,1,520.56,20.68,67.81,12.08,0.47,0.39,501.07,511.86,,
2022-04-10 20:00:00,2022,4,7,1,20,1,484.07,15.0,57.76,14.66,0.39,0.33,501.64,511.65,,474.43
2022-04-10 23:00:00,2022,4,7,1,23,1,569.13,40.0,67.34,12.17,0.32,0.28,498.81,511.57,,512.09
2022-04-11 00:00:00,2022,4,1,0,0,0,512.74,40.0,33.97,3.09,0.01,0.01,501.77,511.79,569.13,
2022-04-11 04:00:00,2022,4,1,0,4,0,388.37,23.64,40.06,6.33,0.14,0.13,499.66,511.43,,
2022-04-11 05:00:00,2022,4,1,0,5,0,507.38,20.97,48.35,5.84,0.17,0.16,499.7,511.56,388.37,
2022-04-11 08:00:00,2022,4,1,0,8,0,410.52,15.0,85.36,13.84,0.48,0.39,497.19,509.81,,
2022-04-11 22:00:00,2022,4,1,0,22,0,479.54,19.28,69.87,8.89,0.08,0.08,506.38,511.57,,
2022-04-12 00:00:00,2022,4,2,0,0,0,514.14,28.96,78.87,7.63,0.01,0.01,502.93,511.51,,512.74
2022-04-12 02:00:00,2022,4,2,0,2,0,473.29,24.82,66.12,6.94,0.44,0.36,500.02,512.11,,
2022-04-12 07:00:00,2022,4,2,0,7,0,559.44,27.88,44.46,7.82,0.12,0.11,510.02,511.54,,
2022-04-12 10:00:00,2022,4,2,0,10,0,476.15,38.84,54.54,5.85,0.16,0.15,517.37,511.88,,
2022-04-12 11:00:00,2022,4,2,0,11,0,533.37,27.36,47.92,2.6,0.16,0.15,514.47,512.12,476.15,
2022-04-12 20:00:00,2022,4,2,0,20,0,499.86,24.7,39.69,13.97,0.11,0.1,510.72,511.44,,
2022-04-12 22:00:00,2022,4,2,0,22,0,491.1,16.01,46.54,13.13,0.09,0.09,512.18,511.91,,479.54
2022-04-13 02:00:00,2022,4,3,0,2,0,481.74,29.3,58.04,13.94,0.06,0.06,508.06,512.46,,473.29
2022-04-13 07:00:00,2022,4,3,0,7,0,433.11,22.21,74.68,6.44,0.16,0.15,498.08,511.97,,559.44
2022-04-13 14:00:00,2022,4,3,0,14,0,502.51,22.89,88.56,8.51,0.07,0.07,495.69,511.34,,
2022-04-13 15:00:00,2022,4,3,0,15,0,485.84,20.77,85.37,14.78,0.25,0.22,494.48,510.79,502.51,
2022-04-13 23:00:00,2022,4,3,0,23,0,491.36,24.79,49.49,12.92,0.23,0.21,483.42,508.5,,
2022-04-14 03:00:00,2022,4,4,0,3,0,520.35,27.07,42.11,9.95,0.11,0.1,487.79,508.17,,
2022-04-14 11:00:00,2022,4,4,0,11,0,502.44,24.5,44.46,4.71,0.18,0.17,497.52,508.71,,
2022-04-14 21:00:00,2022,4,4,0,21,0,522.41,20.57,78.66,7.82,0.25,0.22,509.73,509.82,,
2022-04-15 12:00:00,2022,4,5,0,12,0,408.39,31.23,69.41,10.79,0.18,0.17,495.65,509.01,,
2022-04-15 18:00:00,2022,4,5,0,18,0,435.57,34.21,79.97,1.05,0.22,0.2,498.63,511.15,,
2022-04-16 00:00:00,2022,4,6,1,0,1,544.57,15.32,79.71,2.69,0.17,0.16,505.97,511.5,,
2022-04-16 01:00:00,2022,4,6,1,1,1,525.65,28.04,88.92,13.11,0.23,0.21,509.05,511.77,544.57,
2022-04-16 02:00:00,2022,4,6,1,2,1,505.31,20.49,85.61,11.8,0.03,0.03,512.45,512.05,525.65,
2022-04-16 06:00:00,2022,4,6,1,6,1,438.02,30.69,89.63,1.28,0.03,0.03,505.41,510.87,,
2022-04-16 08:00:00,2022,4,6,1,8,1,525.88,34.41,33.16,10.96,0.09,0.09,505.15,510.81,,
2022-04-16 10:00:00,2022,4,6,1,10,1,401.26,21.52,43.92,1.94,0.13,0.12,500.46,510.29,,
2022-04-16 12:00:00,2022,4,6,1,12,1,515.69,22.47,46.7,12.33,0.07,0.07,501.76,510.53,,408.39
2022-04-16 23:00:00,2022,4,6,1,23,1,491.32,27.74,66.87,0.3,0.37,0.31,491.06,509.96,,
2022-04-17 00:00:00,2022,4,7,1,0,1,480.02,21.0,39.63,9.96,0.1,0.1,488.37,510.19,491.32,544.57
2022-04-17 02:00:00,2022,4,7,1,2,1,468.49,29.42,31.12,1.82,0.04,0.04,485.32,509.66,,505.31
2022-04-17 05:00:00,2022,4,7,1,5,1,500.75,28.68,35.99,9.59,0.13,0.12,486.73,509.49,,
2022-04-17 14:00:00,2022,4,7,1,14,1,463.85,15.0,89.86,0.52,0.13,0.12,489.21,508.95,,
2022-04-17 22:00:00,2022,4,7,1,22,1,427.25,24.38,78.57,4.16,0.41,0.34,475.95,507.1,,
2022-04-17 23:00:00,2022,4,7,1,23,1,529.01,22.99,61.93,3.71,0.38,0.32,477.52,506.85,427.25,491.32
2022-04-18 02:00:00,2022,4,1,0,2,0,470.8,26.87,74.84,0.12,0.05,0.05,485.33,506.91,,468.49
2022-04-18 08:00:00,2022,4,1,0,8,0,544.17,16.66,63.9,0.61,0.04,0.04,493.46,509.11,,
2022-04-18 10:00:00,2022,4,1,0,10,0,537.38,19.41,73.18,5.73,0.08,0.08,496.16,509.33,,
2022-04-18 17:00:00,2022,4,1,0,17,0,551.35,32.59,83.54,1.62,0.66,0.51,511.41,508.68,,
2022-04-18 22:00:00,2022,4,1,0,22,0,512.12,22.83,34.52,7.29,0.22,0.2,516.21,508.53,,427.25
2022-04-18 23:00:00,2022,4,1,0,23,0,499.15,17.48,48.75,5.05,0.07,0.07,514.97,508.62,512.12,529.01
2022-04-19 11:00:00,2022,4,2,0,11,0,419.56,32.15,65.6,12.4,0.1,0.1,493.2,506.11,,
2022-04-19 12:00:00,2022,4,2,0,12,0,570.43,32.93,40.99,5.24,0.0,0.0,494.3,506.21,419.56,
2022-04-19 15:00:00,2022,4,2,0,15,0,458.72,23.33,35.11,12.46,0.21,0.19,494.73,506.5,,
2022-04-19 19:00:00,2022,4,2,0,19,0,459.62,27.2,39.04,8.47,0.1,0.1,491.6,505.55,,
2022-04-20 00:00:00,2022,4,3,0,0,0,539.03,30.7,89.52,1.52,0.11,0.1,493.52,506.1,,
2022-04-20 01:00:00,2022,4,3,0,1,0,426.01,28.91,56.27,4.14,0.2,0.18,489.24,505.58,539.03,
2022-04-20 03:00:00,2022,4,3,0,3,0,542.87,37.49,31.27,6.71,0.03,0.03,493.15,505.73,,
2022-04-20 07:00:00,2022,4,3,0,7,0,513.25,33.65,31.39,9.62,0.14,0.13,496.18,506.63,,
2022-04-20 09:00:00,2022,4,3,0,9,0,479.84,30.36,36.28,1.68,0.09,0.09,491.48,505.68,,
2022-04-20 15:00:00,2022,4,3,0,15,0,473.22,24.2,36.78,9.69,0.2,0.18,484.0,504.97,,458.72
2022-04-20 17:00:00,2022,4,3,0,17,0,493.37,28.71,56.75,12.0,0.58,0.46,484.87,504.8,,
2022-04-20 19:00:00,2022,4,3,0,19,0,588.71,15.0,68.74,9.48,0.32,0.28,490.82,506.26,,459.62
2022-04-21 00:00:00,2022,4,4,0,0,0,540.07,23.83,49.02,4.43,0.13,0.12,492.31,507.35,,539.03
2022-04-21 11:00:00,2022,4,4,0,11,0,517.22,33.01,72.37,11.36,0.05,0.05,500.86,506.35,,
2022-04-21 12:00:00,2022,4,4,0,12,0,517.04,15.6,75.89,13.39,0.27,0.24,504.32,506.46,517.22,
2022-04-21 17:00:00,2022,4,4,0,17,0,573.0,29.51,78.27,10.7,0.26,0.23,519.13,507.59,,493.37
2022-04-21 18:00:00,2022,4,4,0,18,0,505.85,27.89,43.29,7.74,0.01,0.01,518.72,507.41,573.0,
2022-04-22 03:00:00,2022,4,5,0,3,0,406.0,18.9,36.25,3.61,0.12,0.11,500.55,507.1,,
2022-04-22 08:00:00,2022,4,5,0,8,0,431.88,31.38,51.42,3.01,0.04,0.04,493.9,505.67,,
2022-04-22 11:00:00,2022,4,5,0,11,0,500.17,26.07,40.67,3.09,0.28,0.25,488.44,504.75,,517.22
2022-04-22 12:00:00,2022,4,5,0,12,0,550.44,19.76,53.29,0.79,0.0,0.0,489.83,505.61,500.17,517.04
2022-04-22 13:00:00,2022,4,5,0,13,0,535.89,21.52,60.79,5.81,0.77,0.57,489.79,505.29,550.44,
2022-04-22 22:00:00,2022,4,5,0,22,0,461.97,28.16,57.93,2.15,0.16,0.15,481.82,504.41,,
2022-04-23 00:00:00,2022,4,6,1,0,1,421.78,15.18,51.43,2.59,0.16,0.15,481.57,503.55,,
2022-04-23 01:00:00,2022,4,6,1,1,1,488.5,20.92,62.79,5.07,0.25,0.22,482.2,503.32,421.78,
2022-04-23 02:00:00,2022,4,6,1,2,1,492.82,27.55,52.68,11.61,0.01,0.01,483.7,503.25,488.5,
2022-04-23 09:00:00,2022,4,6,1,9,1,532.61,25.39,32.81,10.11,0.02,0.02,493.4,503.49,,
2022-04-23 12:00:00,2022,4,6,1,12,1,615.08,28.82,53.23,5.73,0.05,0.05,498.08,505.07,,550.44
2022-04-23 13:00:00,2022,4,6,1,13,1,578.08,21.63,83.68,8.32,0.07,0.07,499.83,505.34,617.99,535.89
2022-04-23 15:00:00,2022,4,6,1,15,1,535.03,24.85,42.15,9.86,0.15,0.14,503.89,506.15,,
2022-04-23 22:00:00,2022,4,6,1,22,1,493.78,24.7,31.39,3.26,0.22,0.2,500.21,505.67,,461.97
2022-04-23 23:00:00,2022,4,6,1,23,1,513.61,35.73,47.2,11.95,0.16,0.15,501.47,505.81,493.78,
2022-04-24 09:00:00,2022,4,7,1,9,1,399.83,26.57,66.0,11.28,0.22,0.2,499.21,505.27,,532.61
2022-04-24 10:00:00,2022,4,7,1,10,1,442.35,17.31,63.85,13.28,0.05,0.05,495.52,505.14,399.83,
2022-04-24 11:00:00,2022,4,7,1,11,1,496.76,23.3,77.12,1.68,0.16,0.15,495.91,505.44,442.35,
2022-04-24 22:00:00,2022,4,7,1,22,1,479.93,18.9,82.06,12.9,0.26,0.23,473.17,505.23,,493.78
2022-04-25 00:00:00,2022,4,1,0,0,0,488.38,31.74,78.64,9.08,0.2,0.18,476.51,504.52,,
2022-04-25 01:00:00,2022,4,1,0,1,0,471.74,23.17,70.84,0.84,0.33,0.29,474.28,503.91,488.38,
2022-04-25 07:00:00,2022,4,1,0,7,0,422.91,27.38,47.35,1.79,0.23,0.21,473.17,501.88,,
2022-04-25 10:00:00,2022,4,1,0,10,0,514.23,28.2,52.19,4.36,0.34,0.29,473.17,501.44,,442.35
2022-04-25 15:00:00,2022,4,1,0,15,0,510.84,20.03,62.83,5.5,0.11,0.1,480.05,501.45,,
2022-04-26 00:00:00,2022,4,2,0,0,0,510.24,16.46,43.28,4.82,0.52,0.42,494.03,502.03,,488.38
2022-04-26 08:00:00,2022,4,2,0,8,0,541.0,15.0,68.95,9.52,0.09,0.09,518.2,503.94,,
2022-04-26 23:00:00,2022,4,2,0,23,0,551.82,18.0,64.25,8.28,0.31,0.27,516.6,505.57,,
2022-04-27 04:00:00,2022,4,3,0,4,0,453.83,15.0,84.4,2.65,0.36,0.31,515.97,505.75,,
2022-04-27 08:00:00,2022,4,3,0,8,0,446.2,28.71,74.08,9.44,0.05,0.05,498.73,505.13,,541.0
2022-04-27 10:00:00,2022,4,3,0,10,0,527.89,15.0,74.21,9.69,0.34,0.29,501.05,505.75,,
2022-04-27 16:00:00,2022,4,3,0,16,0,422.78,15.1,54.67,14.07,0.42,0.35,488.87,505.51,,
2022-04-27 19:00:00,2022,4,3,0,19,0,452.32,19.26,35.1,0.12,0.03,0.03,485.6,504.86,,
2022-04-27 20:00:00,2022,4,3,0,20,0,486.75,39.82,31.41,9.36,0.17,0.16,486.85,504.52,452.32,
2022-04-27 22:00:00,2022,4,3,0,22,0,562.2,20.45,31.97,13.41,0.22,0.2,488.28,504.37,,
2022-04-28 00:00:00,2022,4,4,0,0,0,463.91,30.83,45.32,10.86,0.36,0.31,481.96,504.08,,
2022-04-28 03:00:00,2022,4,4,0,3,0,534.42,32.12,39.45,0.19,0.44,0.36,480.93,504.26,,
2022-04-28 08:00:00,2022,4,4,0,8,0,574.42,31.28,78.37,11.28,0.02,0.02,500.03,505.39,,446.2
2022-04-28 22:00:00,2022,4,4,0,22,0,541.96,28.07,59.25,11.37,0.2,0.18,508.12,504.05,,562.2
2022-04-29 05:00:00,2022,4,5,0,5,0,469.2,22.19,37.94,8.02,0.73,0.55,496.48,505.2,,
2022-04-29 06:00:00,2022,4,5,0,6,0,406.56,27.17,38.46,2.28,0.01,0.01,493.38,504.56,469.2,
2022-04-29 16:00:00,2022,4,5,0,16,0,489.5,21.11,74.04,5.59,1.1,0.74,475.71,503.68,,
2022-04-29 18:00:00,2022,4,5,0,18,0,481.96,24.3,84.06,11.57,0.65,0.5,473.17,503.35,,
2022-04-30 06:00:00,2022,4,6,1,6,1,498.68,22.31,78.06,10.24,0.08,0.08,479.19,502.75,,406.56
2022-04-30 09:00:00,2022,4,6,1,9,1,494.32,25.16,63.16,11.6,0.22,0.2,482.93,503.4,,
2022-04-30 11:00:00,2022,4,6,1,11,1,554.79,27.39,48.57,12.04,0.02,0.02,485.16,503.37,,
2022-04-30 20:00:00,2022,4,6,1,20,1,511.21,30.78,86.05,9.89,0.44,0.36,496.85,502.79,,
2022-05-01 11:00:00,2022,5,7,1,11,1,439.2,16.53,39.43,5.67,0.28,0.25,490.59,502.6,,554.79
2022-05-02 02:00:00,2022,5,1,0,2,0,480.64,15.89,73.07,6.63,0.16,0.15,483.23,503.87,,
2022-05-02 15:00:00,2022,5,1,0,15,0,410.85,26.66,55.91,6.03,0.21,0.19,485.15,504.0,,
2022-05-02 16:00:00,2022,5,1,0,16,0,496.94,27.17,43.62,9.56,0.27,0.24,487.53,503.95,410.85,
2022-05-03 00:00:00,2022,5,2,0,0,0,441.88,30.26,76.38,6.47,0.22,0.2,491.69,503.46,,
2022-05-03 06:00:00,2022,5,2,0,6,0,495.04,15.0,39.67,9.53,0.1,0.1,493.57,502.84,,
2022-05-03 10:00:00,2022,5,2,0,10,0,453.24,21.29,32.64,12.19,0.13,0.12,496.92,502.17,,
2022-05-03 16:00:00,2022,5,2,0,16,0,455.32,28.6,85.43,10.46,0.13,0.12,493.5,500.62,,496.94
2022-05-03 17:00:00,2022,5,2,0,17,0,467.97,28.82,51.94,14.07,0.29,0.25,493.37,500.17,455.32,
2022-05-03 20:00:00,2022,5,2,0,20,0,504.0,15.0,53.2,3.15,0.16,0.15,489.79,500.17,,
2022-05-04 07:00:00,2022,5,3,0,7,0,545.03,39.46,82.0,8.66,0.01,0.01,494.45,501.17,,
2022-05-04 10:00:00,2022,5,3,0,10,0,447.93,15.38,35.41,0.72,0.12,0.11,485.02,500.17,,453.24
2022-05-04 12:00:00,2022,5,3,0,12,0,485.23,16.45,40.81,1.84,0.07,0.07,489.32,500.84,,
2022-05-04 18:00:00,2022,5,3,0,18,0,530.69,16.41,88.94,6.46,0.24,0.22,499.36,501.65,,
2022-05-05 07:00:00,2022,5,4,0,7,0,458.11,23.3,84.54,5.13,0.45,0.37,488.79,500.31,,545.03
2022-05-05 14:00:00,2022,5,4,0,14,0,467.98,29.76,65.08,5.94,0.19,0.17,496.93,500.17,,
2022-05-05 19:00:00,2022,5,4,0,19,0,453.9,24.98,68.0,13.75,0.5,0.41,484.65,500.17,,
2022-05-05 20:00:00,2022,5,4,0,20,0,462.26,22.84,77.27,4.5,0.1,0.1,482.3,500.17,453.9,
2022-05-05 23:00:00,2022,5,4,0,23,0,467.51,16.04,31.76,1.44,0.05,0.05,481.52,500.17,,
2022-05-06 07:00:00,2022,5,5,0,7,0,539.79,30.98,75.84,9.85,0.04,0.04,484.84,500.17,,458.11
2022-05-06 10:00:00,2022,5,5,0,10,0,539.63,21.37,57.34,9.23,0.16,0.15,485.39,500.17,,
2022-05-06 13:00:00,2022,5,5,0,13,0,475.88,15.0,60.11,4.38,0.54,0.43,475.99,500.17,,
2022-05-06 17:00:00,2022,5,5,0,17,0,598.68,18.91,47.32,4.65,0.05,0.05,480.24,500.17,,
2022-05-07 01:00:00,2022,5,6,1,1,1,541.28,20.79,65.6,13.75,0.0,0.0,505.69,501.84,,
2022-05-07 06:00:00,2022,5,6,1,6,1,524.92,25.74,67.14,12.3,0.51,0.41,506.12,502.84,,
2022-05-07 07:00:00,2022,5,6,1,7,1,465.1,22.7,88.37,8.35,0.1,0.1,503.01,502.24,524.92,539.79
2022-05-07 11:00:00,2022,5,6,1,11,1,465.81,17.14,75.43,11.7,0.14,0.13,499.48,501.49,,
2022-05-07 17:00:00,2022,5,6,1,17,1,514.5,24.75,50.94,14.64,0.65,0.5,507.09,501.25,,598.68
2022-05-08 01:00:00,2022,5,7,1,1,1,506.21,19.18,55.24,4.98,0.06,0.06,482.73,500.17,,541.28
2022-05-08 02:00:00,2022,5,7,1,2,1,478.8,31.44,65.21,4.64,0.38,0.32,481.5,500.27,506.21,
2022-05-08 10:00:00,2022,5,7,1,10,1,466.21,23.04,42.71,0.33,0.11,0.1,489.23,501.13,,
2022-05-08 13:00:00,2022,5,7,1,13,1,532.52,32.05,32.58,0.02,0.2,0.18,494.67,502.76,,
2022-05-08 15:00:00,2022,5,7,1,15,1,478.27,28.28,31.15,0.1,0.05,0.05,492.79,501.9,,
2022-05-09 01:00:00,2022,5,1,0,1,0,551.75,35.97,78.91,6.66,0.08,0.08,503.77,503.28,,506.21
2022-05-09 03:00:00,2022,5,1,0,3,0,549.02,31.99,86.42,11.8,0.19,0.17,506.64,503.81,,
2022-05-09 08:00:00,2022,5,1,0,8,0,491.08,24.27,48.4,12.64,0.25,0.22,497.42,503.57,,
2022-05-09 13:00:00,2022,5,1,0,13,0,497.0,25.81,62.94,8.68,0.23,0.21,495.15,503.22,,532.52
2022-05-09 18:00:00,2022,5,1,0,18,0,606.44,28.55,47.8,13.67,0.23,0.21,510.71,506.13,,
2022-05-10 02:00:00,2022,5,2,0,2,0,490.97,25.31,42.26,4.79,0.24,0.22,515.59,506.63,,
2022-05-10 06:00:00,2022,5,2,0,6,0,451.07,34.71,35.3,7.91,0.23,0.21,509.91,505.91,,
2022-05-10 08:00:00,2022,5,2,0,8,0,567.07,18.11,65.04,7.76,0.02,0.02,514.61,505.93,,491.08
2022-05-10 12:00:00,2022,5,2,0,12,0,507.89,24.92,69.12,10.87,0.13,0.12,515.74,506.23,,
2022-05-10 17:00:00,2022,5,2,0,17,0,529.88,29.13,72.1,5.93,0.03,0.03,510.54,507.48,,
2022-05-10 22:00:00,2022,5,2,0,22,0,452.77,29.2,59.11,2.31,0.12,0.11,504.32,508.07,,
2022-05-11 09:00:00,2022,5,3,0,9,0,498.98,25.75,79.1,5.89,0.57,0.45,504.94,508.11,,
2022-05-11 19:00:00,2022,5,3,0,19,0,470.94,16.8,37.55,1.96,0.01,0.01,496.74,507.47,,
2022-05-11 21:00:00,2022,5,3,0,21,0,476.16,33.62,44.55,4.82,0.27,0.24,492.41,506.89,,
2022-05-11 23:00:00,2022,5,3,0,23,0,519.29,22.73,57.55,0.89,0.03,0.03,494.59,507.35,,
2022-05-12 04:00:00,2022,5,4,0,4,0,516.85,23.91,71.09,9.23,0.07,0.07,491.05,507.28,,
2022-05-12 09:00:00,2022,5,4,0,9,0,490.48,36.11,38.85,11.78,0.44,0.36,488.63,507.05,,498.98
2022-05-12 18:00:00,2022,5,4,0,18,0,498.44,24.35,47.12,2.58,0.01,0.01,491.85,508.42,,
2022-05-12 20:00:00,2022,5,4,0,20,0,501.21,21.15,45.96,14.41,0.28,0.25,497.61,509.21,,
2022-05-12 21:00:00,2022,5,4,0,21,0,528.08,15.0,46.46,5.43,0.09,0.09,499.77,509.51,501.21,476.16
2022-05-13 00:00:00,2022,5,5,0,0,0,505.95,24.11,31.39,13.69,0.12,0.11,498.84,510.2,,
2022-05-13 03:00:00,2022,5,5,0,3,0,581.18,20.71,74.19,6.92,1.35,0.85,505.12,511.37,,
2022-05-13 04:00:00,2022,5,5,0,4,0,411.42,34.35,41.4,11.2,0.06,0.06,500.72,510.4,581.18,516.85
2022-05-13 10:00:00,2022,5,5,0,10,0,482.42,15.0,50.82,9.5,0.15,0.14,503.33,510.31,,
2022-05-13 15:00:00,2022,5,5,0,15,0,545.76,39.72,84.43,3.69,0.14,0.13,509.42,512.18,,
2022-05-13 18:00:00,2022,5,5,0,18,0,446.24,24.49,47.09,3.31,0.69,0.52,506.21,511.58,,498.44
2022-05-14 04:00:00,2022,5,6,1,4,1,556.03,15.0,40.53,5.16,0.11,0.1,513.85,511.58,,411.42
2022-05-14 10:00:00,2022,5,6,1,10,1,429.11,28.64,75.51,10.3,0.02,0.02,517.54,512.76,,482.42
2022-05-14 12:00:00,2022,5,6,1,12,1,449.72,36.49,60.84,12.18,0.84,0.61,520.05,512.27,,
2022-05-14 21:00:00,2022,5,6,1,21,1,498.77,21.8,39.9,6.81,0.03,0.03,514.0,515.18,,
2022-05-15 12:00:00,2022,5,7,1,12,1,501.62,25.48,42.6,13.77,0.25,0.22,501.5,513.74,,449.72
2022-05-15 17:00:00,2022,5,7,1,17,1,486.65,28.63,81.72,5.06,0.12,0.11,496.96,513.61,,
2022-05-15 19:00:00,2022,5,7,1,19,1,418.4,20.17,30.42,0.32,0.11,0.1,495.32,513.55,,
2022-05-15 23:00:00,2022,5,7,1,23,1,545.25,20.0,61.71,4.89,0.56,0.44,494.31,513.89,,
2022-05-16 05:00:00,2022,5,1,0,5,0,455.67,16.07,82.4,0.13,0.03,0.03,499.22,513.76,,
2022-05-16 07:00:00,2022,5,1,0,7,0,425.25,16.01,51.32,13.54,0.09,0.09,492.6,513.03,,
2022-05-16 11:00:00,2022,5,1,0,11,0,443.86,23.08,65.94,1.84,0.08,0.08,491.08,512.64,,
2022-05-16 12:00:00,2022,5,1,0,12,0,590.6,32.39,84.61,7.24,0.22,0.2,494.78,513.47,443.86,501.62
2022-05-16 18:00:00,2022,5,1,0,18,0,481.54,17.39,81.88,1.92,0.02,0.02,491.91,511.22,,
2022-05-17 03:00:00,2022,5,2,0,3,0,444.8,28.15,73.5,4.55,0.0,0.0,487.75,510.16,,
2022-05-17 04:00:00,2022,5,2,0,4,0,514.17,32.24,74.31,6.72,0.24,0.22,485.76,510.17,444.8,
2022-05-17 06:00:00,2022,5,2,0,6,0,386.06,20.12,48.81,14.89,0.1,0.1,484.46,509.53,,
2022-05-17 08:00:00,2022,5,2,0,8,0,508.8,28.64,60.05,11.13,0.15,0.14,490.18,509.81,,
2022-05-17 10:00:00,2022,5,2,0,10,0,565.51,15.0,45.77,0.81,0.02,0.02,494.44,510.66,,
2022-05-17 21:00:00,2022,5,2,0,21,0,494.55,17.79,68.73,6.8,0.21,0.19,484.45,508.34,,
2022-05-17 22:00:00,2022,5,2,0,22,0,489.89,33.9,57.27,5.92,0.1,0.1,485.65,508.57,494.55,
2022-05-18 02:00:00,2022,5,3,0,2,0,500.51,27.09,70.15,11.96,0.09,0.09,495.62,509.11,,
2022-05-18 05:00:00,2022,5,3,0,5,0,615.08,24.33,30.24,9.94,0.01,0.01,499.78,509.09,,
2022-05-18 09:00:00,2022,5,3,0,9,0,428.43,25.41,35.61,14.61,0.08,0.08,495.27,508.76,,
2022-05-18 10:00:00,2022,5,3,0,10,0,523.1,20.81,35.68,12.47,0.27,0.24,493.51,509.01,428.43,565.51
2022-05-18 16:00:00,2022,5,3,0,16,0,424.38,25.56,38.04,0.26,0.23,0.21,490.42,508.52,,
2022-05-18 17:00:00,2022,5,3,0,17,0,480.74,38.15,61.65,3.02,0.57,0.45,491.24,508.24,424.38,
2022-05-18 23:00:00,2022,5,3,0,23,0,510.29,33.02,31.89,1.36,0.61,0.48,508.29,510.28,,
2022-05-19 05:00:00,2022,5,4,0,5,0,436.81,29.68,39.48,1.21,0.05,0.05,495.04,509.95,,649.73
2022-05-19 13:00:00,2022,5,4,0,13,0,575.95,28.66,45.14,11.98,0.05,0.05,492.15,509.42,,
2022-05-20 07:00:00,2022,5,5,0,7,0,440.9,18.71,45.85,1.57,0.05,0.05,493.5,508.46,,
2022-05-20 15:00:00,2022,5,5,0,15,0,500.59,29.85,62.72,0.57,0.55,0.44,504.12,507.75,,
2022-05-20 22:00:00,2022,5,5,0,22,0,567.92,24.87,65.3,8.42,0.08,0.08,499.8,506.13,,
2022-05-21 00:00:00,2022,5,6,1,0,1,502.59,29.09,60.1,9.64,0.11,0.1,503.79,506.38,,
2022-05-21 06:00:00,2022,5,6,1,6,1,445.37,22.1,86.4,9.24,0.15,0.14,497.58,506.12,,
2022-05-21 07:00:00,2022,5,6,1,7,1,430.99,28.18,31.22,7.56,0.01,0.01,497.17,505.27,445.37,440.9
2022-05-21 08:00:00,2022,5,6,1,8,1,530.75,31.09,37.6,2.23,0.11,0.1,499.94,505.25,430.99,
2022-05-21 10:00:00,2022,5,6,1,10,1,473.4,18.52,37.15,2.5,0.48,0.39,497.51,505.23,,
2022-05-21 16:00:00,2022,5,6,1,16,1,401.88,23.97,42.25,10.27,0.8,0.59,486.76,503.78,,
2022-05-21 18:00:00,2022,5,6,1,18,1,561.74,25.41,71.53,5.64,0.42,0.35,496.98,504.03,,
2022-05-21 22:00:00,2022,5,6,1,22,1,506.88,26.13,68.53,10.87,0.03,0.03,498.18,503.56,,567.92
2022-05-22 00:00:00,2022,5,7,1,0,1,472.25,36.88,69.3,2.34,0.03,0.03,498.73,504.66,,502.59
2022-05-22 01:00:00,2022,5,7,1,1,1,462.28,18.68,82.91,4.38,0.48,0.39,493.96,504.88,472.25,
2022-05-22 09:00:00,2022,5,7,1,9,1,442.31,35.13,53.86,1.85,0.96,0.67,495.9,505.17,,
2022-05-22 17:00:00,2022,5,7,1,17,1,514.84,25.0,83.69,13.49,0.88,0.63,505.73,505.19,,
2022-05-22 20:00:00,2022,5,7,1,20,1,556.67,29.29,42.9,0.15,0.04,0.04,503.78,505.86,,
2022-05-23 01:00:00,2022,5,1,0,1,0,476.73,23.85,50.23,12.17,0.05,0.05,508.65,506.25,,462.28
2022-05-23 06:00:00,2022,5,1,0,6,0,551.13,24.99,37.41,14.57,0.06,0.06,503.92,506.58,,
2022-05-23 08:00:00,2022,5,1,0,8,0,516.99,17.99,72.68,1.59,0.45,0.37,506.58,506.81,,
2022-05-23 15:00:00,2022,5,1,0,15,0,512.07,28.61,53.91,7.48,0.2,0.18,512.27,507.28,,
2022-05-23 16:00:00,2022,5,1,0,16,0,527.75,28.58,74.76,7.33,0.03,0.03,511.65,507.57,512.07,
2022-05-23 20:00:00,2022,5,1,0,20,0,553.0,21.66,55.77,9.02,0.01,0.01,515.52,508.79,,556.67
2022-05-24 04:00:00,2022,5,2,0,4,0,563.35,31.45,32.42,2.33,0.03,0.03,519.33,510.49,,
2022-05-24 07:00:00,2022,5,2,0,7,0,601.71,23.36,35.6,13.53,0.26,0.23,516.42,510.59,,
2022-05-24 08:00:00,2022,5,2,0,8,0,467.38,21.64,47.71,0.02,0.05,0.05,514.35,510.33,601.71,516.99
2022-05-24 12:00:00,2022,5,2,0,12,0,590.3,30.02,48.58,9.97,0.01,0.01,521.34,510.98,,
2022-05-24 13:00:00,2022,5,2,0,13,0,481.81,25.9,32.24,12.99,0.04,0.04,521.82,511.46,590.3,
2022-05-24 14:00:00,2022,5,2,0,14,0,559.48,24.47,39.49,11.74,0.08,0.08,523.59,511.65,481.81,
2022-05-24 16:00:00,2022,5,2,0,16,0,615.08,25.34,38.0,14.01,0.06,0.06,526.93,512.46,,527.75
2022-05-24 18:00:00,2022,5,2,0,18,0,491.13,19.13,53.69,5.3,0.02,0.02,526.93,513.12,,
2022-05-24 20:00:00,2022,5,2,0,20,0,383.28,19.85,34.74,8.26,0.02,0.02,516.05,512.87,,553.0
2022-05-25 15:00:00,2022,5,3,0,15,0,468.88,23.84,84.87,1.9,0.24,0.22,501.15,512.74,,
2022-05-25 16:00:00,2022,5,3,0,16,0,518.53,40.0,35.29,12.54,0.11,0.1,496.21,513.31,468.88,637.16
2022-05-25 17:00:00,2022,5,3,0,17,0,469.5,24.74,43.53,2.89,0.02,0.02,492.64,513.24,518.53,
2022-05-25 20:00:00,2022,5,3,0,20,0,383.28,27.5,84.34,2.92,0.1,0.1,493.59,511.7,,368.67
2022-05-25 23:00:00,2022,5,3,0,23,0,456.57,20.27,74.49,1.97,0.06,0.06,483.05,510.17,,
2022-05-26 20:00:00,2022,5,4,0,20,0,383.28,21.98,64.89,0.47,0.03,0.03,505.06,514.81,,339.44
2022-05-26 23:00:00,2022,5,4,0,23,0,534.01,30.61,48.27,10.95,0.21,0.19,514.12,515.4,,456.57
2022-05-27 01:00:00,2022,5,5,0,1,0,543.75,31.39,72.02,13.89,0.26,0.23,516.64,516.05,,
2022-05-27 03:00:00,2022,5,5,0,3,0,513.17,29.39,85.01,9.82,0.24,0.22,514.07,515.18,,
2022-05-27 04:00:00,2022,5,5,0,4,0,534.91,28.0,86.97,1.08,0.43,0.36,515.55,515.06,513.17,
2022-05-27 05:00:00,2022,5,5,0,5,0,567.65,21.66,31.9,6.74,0.18,0.17,514.61,515.31,534.91,
2022-05-27 16:00:00,2022,5,5,0,16,0,457.32,16.71,41.07,2.42,0.22,0.2,487.87,513.75,,
2022-05-27 20:00:00,2022,5,5,0,20,0,527.32,32.37,65.58,12.01,0.16,0.15,501.49,515.48,,370.36
2022-05-28 05:00:00,2022,5,6,1,5,1,510.43,22.56,41.16,0.94,0.05,0.05,500.78,515.15,,567.65
2022-05-28 10:00:00,2022,5,6,1,10,1,487.86,31.83,45.01,4.27,0.09,0.09,503.34,516.12,,
2022-05-28 11:00:00,2022,5,6,1,11,1,596.83,31.53,73.94,12.86,0.38,0.32,510.41,517.09,487.86,
2022-05-28 12:00:00,2022,5,6,1,12,1,465.36,15.0,49.81,3.84,0.02,0.02,508.15,517.47,596.83,
2022-05-28 13:00:00,2022,5,6,1,13,1,525.44,29.75,77.91,3.91,0.12,0.11,509.03,518.07,465.36,
2022-05-28 14:00:00,2022,5,6,1,14,1,460.86,29.54,30.87,14.14,0.09,0.09,510.64,517.34,525.44,
2022-05-28 17:00:00,2022,5,6,1,17,1,520.57,29.24,49.72,2.99,0.08,0.08,511.73,516.92,,
2022-05-28 20:00:00,2022,5,6,1,20,1,520.66,40.0,89.72,13.92,0.46,0.38,509.74,516.59,,527.32
2022-05-29 01:00:00,2022,5,7,1,1,1,428.36,27.66,59.03,0.5,0.06,0.06,499.54,515.76,,
2022-05-29 03:00:00,2022,5,7,1,3,1,437.09,21.69,82.89,3.37,0.37,0.31,495.46,514.93,,
2022-05-29 17:00:00,2022,5,7,1,17,1,601.03,17.36,44.21,6.56,0.13,0.12,485.44,513.96,,520.57
2022-05-29 23:00:00,2022,5,7,1,23,1,538.36,31.94,37.2,9.19,0.12,0.11,485.12,513.16,,
2022-05-30 04:00:00,2022,5,1,0,4,0,525.44,15.0,85.53,0.05,0.28,0.25,500.21,513.98,,
2022-05-30 17:00:00,2022,5,1,0,17,0,577.61,32.72,58.23,14.03,0.1,0.1,522.67,515.64,,601.03
2022-05-30 18:00:00,2022,5,1,0,18,0,493.21,27.85,35.77,8.72,0.06,0.06,525.08,515.46,577.61,
2022-05-30 22:00:00,2022,5,1,0,22,0,536.27,24.24,38.64,10.07,0.01,0.01,526.93,515.2,,
2022-05-31 00:00:00,2022,5,2,0,0,0,407.8,30.25,31.59,0.58,0.13,0.12,521.0,514.65,,
2022-05-31 03:00:00,2022,5,2,0,3,0,495.44,17.86,86.27,10.22,0.25,0.22,512.0,513.14,,
2022-05-31 16:00:00,2022,5,2,0,16,0,553.3,23.23,32.85,1.04,0.41,0.34,493.76,510.19,,
2022-05-31 17:00:00,2022,5,2,0,17,0,452.17,29.34,89.07,9.16,0.05,0.05,488.54,509.57,553.3,577.61
2022-05-31 20:00:00,2022,5,2,0,20,0,558.14,25.16,55.52,7.47,0.01,0.01,490.0,511.16,,
2022-06-01 01:00:00,2022,6,3,0,1,0,498.06,28.58,38.8,4.92,0.19,0.17,495.27,511.59,,
2022-06-01 06:00:00,2022,6,3,0,6,0,439.52,22.94,50.67,1.26,0.01,0.01,509.25,511.63,,
2022-06-01 13:00:00,2022,6,3,0,13,0,571.6,34.03,42.74,10.98,0.14,0.13,507.01,511.46,,
2022-06-01 15:00:00,2022,6,3,0,15,0,486.5,34.59,74.68,0.4,0.01,0.01,508.5,511.77,,
2022-06-02 04:00:00,2022,6,4,0,4,0,471.24,20.58,79.21,7.57,0.32,0.28,498.53,513.15,,
2022-06-02 14:00:00,2022,6,4,0,14,0,615.08,34.74,63.52,10.04,0.08,0.08,500.32,511.66,,
2022-06-02 18:00:00,2022,6,4,0,18,0,595.46,15.0,78.87,12.69,0.25,0.22,502.32,511.64,,
2022-06-02 20:00:00,2022,6,4,0,20,0,461.7,36.54,66.96,12.53,0.31,0.27,505.1,512.56,,
2022-06-02 21:00:00,2022,6,4,0,21,0,496.89,22.83,76.18,1.76,0.06,0.06,507.46,512.39,461.7,
2022-06-03 02:00:00,2022,6,5,0,2,0,509.91,19.24,43.03,10.46,0.44,0.36,512.29,512.94,,
2022-06-03 11:00:00,2022,6,5,0,11,0,511.54,21.32,45.64,1.27,0.0,0.0,521.42,513.95,,
2022-06-04 01:00:00,2022,6,6,1,1,1,575.76,35.14,45.66,5.51,0.09,0.09,504.22,513.35,,
2022-06-04 09:00:00,2022,6,6,1,9,1,471.17,34.57,56.47,12.06,0.01,0.01,495.73,512.08,,
2022-06-04 13:00:00,2022,6,6,1,13,1,483.73,30.19,80.32,3.56,0.01,0.01,499.0,512.16,,
2022-06-04 15:00:00,2022,6,6,1,15,1,492.36,27.02,73.91,11.46,0.17,0.16,498.53,512.38,,
2022-06-04 22:00:00,2022,6,6,1,22,1,482.33,40.0,87.85,14.02,0.12,0.11,513.07,514.2,,
2022-06-05 02:00:00,2022,6,7,1,2,1,511.31,20.73,86.06,2.35,0.06,0.06,506.94,514.42,,
2022-06-05 05:00:00,2022,6,7,1,5,1,383.28,19.06,41.49,2.92,0.02,0.02,502.65,514.31,,
2022-06-05 08:00:00,2022,6,7,1,8,1,398.92,20.02,60.07,4.81,0.42,0.35,498.98,514.58,,
2022-06-05 19:00:00,2022,6,7,1,19,1,518.72,31.44,86.01,1.72,0.76,0.57,495.6,516.13,,
2022-06-06 09:00:00,2022,6,1,0,9,0,494.46,28.59,48.22,12.02,0.0,0.0,508.96,514.07,,
2022-06-06 16:00:00,2022,6,1,0,16,0,516.77,24.95,71.13,11.15,0.32,0.28,499.82,513.61,,
2022-06-06 23:00:00,2022,6,1,0,23,0,492.75,31.36,73.91,5.91,0.19,0.17,512.13,513.75,,
2022-06-07 04:00:00,2022,6,2,0,4,0,520.61,32.15,76.97,0.26,0.35,0.3,515.57,515.6,,
2022-06-07 05:00:00,2022,6,2,0,5,0,491.05,21.68,37.07,7.91,0.12,0.11,516.46,515.59,520.61,
2022-06-07 06:00:00,2022,6,2,0,6,0,511.9,25.62,87.76,4.5,0.03,0.03,511.48,515.63,491.05,
2022-06-07 11:00:00,2022,6,2,0,11,0,558.19,31.01,67.79,0.59,0.05,0.05,509.4,515.06,,
2022-06-07 12:00:00,2022,6,2,0,12,0,554.82,31.4,52.16,6.79,0.11,0.1,506.21,515.42,558.19,
2022-06-07 17:00:00,2022,6,2,0,17,0,515.28,23.01,49.07,7.45,0.37,0.31,503.28,515.72,,
2022-06-07 22:00:00,2022,6,2,0,22,0,555.72,21.07,85.83,10.48,0.19,0.17,505.09,516.98,,
2022-06-08 01:00:00,2022,6,3,0,1,0,486.04,20.82,55.4,8.53,0.2,0.18,506.44,516.36,,
2022-06-08 03:00:00,2022,6,3,0,3,0,454.91,35.2,52.35,10.0,0.19,0.17,507.33,515.5,,
2022-06-08 04:00:00,2022,6,3,0,4,0,573.58,24.48,52.61,3.85,0.0,0.0,509.54,515.7,454.91,520.61
2022-06-08 09:00:00,2022,6,3,0,9,0,488.95,18.91,35.63,14.54,0.36,0.31,508.18,516.24,,
2022-06-08 17:00:00,2022,6,3,0,17,0,535.48,25.49,78.2,1.07,0.41,0.34,511.23,516.24,,515.28
2022-06-09 03:00:00,2022,6,4,0,3,0,455.52,15.65,63.14,13.85,0.03,0.03,504.48,515.95,,454.91
2022-06-09 19:00:00,2022,6,4,0,19,0,472.68,26.99,46.29,8.7,0.05,0.05,519.52,518.26,,
2022-06-09 21:00:00,2022,6,4,0,21,0,469.66,16.14,36.98,13.84,0.56,0.44,520.59,518.43,,
2022-06-10 06:00:00,2022,6,5,0,6,0,562.96,30.11,76.87,0.5,0.0,0.0,521.43,517.9,,
2022-06-10 11:00:00,2022,6,5,0,11,0,526.3,26.11,31.08,14.16,0.25,0.22,508.65,516.24,,
2022-06-10 13:00:00,2022,6,5,0,13,0,480.95,34.31,60.38,13.39,0.06,0.06,510.82,516.86,,
2022-06-10 16:00:00,2022,6,5,0,16,0,522.79,31.46,48.7,9.95,0.2,0.18,503.77,517.87,,
2022-06-10 17:00:00,2022,6,5,0,17,0,470.26,17.31,81.45,13.53,0.09,0.09,503.41,517.39,522.79,
2022-06-10 18:00:00,2022,6,5,0,18,0,523.87,20.68,67.0,10.08,0.34,0.29,502.18,517.31,470.26,
2022-06-10 21:00:00,2022,6,5,0,21,0,523.77,15.0,65.04,11.9,0.21,0.19,498.56,516.67,,469.66
2022-06-11 05:00:00,2022,6,6,1,5,1,495.96,20.0,59.07,11.83,0.05,0.05,495.1,516.46,,
2022-06-11 08:00:00,2022,6,6,1,8,1,511.89,15.0,70.49,13.01,0.01,0.01,493.67,516.05,,
2022-06-11 13:00:00,2022,6,6,1,13,1,452.9,19.13,84.67,6.03,0.1,0.1,488.24,515.3,,480.95
2022-06-11 17:00:00,2022,6,6,1,17,1,574.56,18.98,32.55,5.78,0.25,0.22,487.64,514.52,,470.26
2022-06-11 21:00:00,2022,6,6,1,21,1,505.37,28.94,87.41,13.02,0.07,0.07,496.27,514.65,,523.77
2022-06-11 22:00:00,2022,6,6,1,22,1,469.44,33.99,55.81,9.91,0.1,0.1,496.31,514.58,505.37,
2022-06-12 03:00:00,2022,6,7,1,3,1,452.52,33.89,80.17,3.17,0.31,0.27,490.96,514.71,,
2022-06-12 09:00:00,2022,6,7,1,9,1,496.5,15.2,74.32,11.32,0.08,0.08,501.08,516.21,,
2022-06-12 14:00:00,2022,6,7,1,14,1,456.01,32.94,65.37,3.55,0.52,0.42,502.02,514.2,,
2022-06-12 18:00:00,2022,6,7,1,18,1,462.04,20.33,55.58,11.58,0.19,0.17,490.21,513.29,,
2022-06-12 21:00:00,2022,6,7,1,21,1,550.49,31.61,76.44,4.18,0.33,0.29,486.19,512.89,,505.37
2022-06-13 01:00:00,2022,6,1,0,1,0,485.76,39.11,32.99,6.2,0.46,0.38,494.24,514.12,,
2022-06-13 07:00:00,2022,6,1,0,7,0,410.31,33.48,33.09,12.39,0.1,0.1,490.25,513.75,,
2022-06-13 10:00:00,2022,6,1,0,10,0,572.31,15.2,47.52,0.31,0.1,0.1,493.16,513.72,,
2022-06-13 15:00:00,2022,6,1,0,15,0,383.28,21.32,45.23,10.88,0.15,0.14,497.18,512.83,,
2022-06-14 05:00:00,2022,6,2,0,5,0,537.41,25.96,85.44,7.95,0.43,0.36,491.76,511.62,,
2022-06-14 06:00:00,2022,6,2,0,6,0,527.96,21.15,35.9,2.56,0.06,0.06,492.1,511.72,537.41,
2022-06-14 16:00:00,2022,6,2,0,16,0,498.25,26.84,34.6,13.27,0.06,0.06,501.89,511.94,,
2022-06-14 21:00:00,2022,6,2,0,21,0,460.78,22.6,73.01,10.61,1.69,0.99,498.71,510.76,,
2022-06-14 23:00:00,2022,6,2,0,23,0,507.54,23.96,70.15,11.89,0.27,0.24,499.59,510.15,,
2022-06-15 01:00:00,2022,6,3,0,1,0,469.45,27.44,32.92,1.66,0.0,0.0,502.09,510.96,,
2022-06-15 02:00:00,2022,6,3,0,2,0,458.03,23.11,73.82,4.91,0.51,0.41,500.15,510.86,469.45,
2022-06-15 04:00:00,2022,6,3,0,4,0,450.36,15.0,37.84,1.33,0.12,0.11,503.56,510.47,,
2022-06-15 15:00:00,2022,6,3,0,15,0,529.34,16.4,37.03,3.3,0.05,0.05,482.64,507.66,,
2022-06-15 23:00:00,2022,6,3,0,23,0,558.77,23.17,42.86,3.47,0.17,0.16,487.31,508.4,,507.54
2022-06-16 01:00:00,2022,6,4,0,1,0,462.49,15.0,65.73,14.01,0.17,0.16,480.64,507.86,,469.45
2022-06-16 22:00:00,2022,6,4,0,22,0,509.79,15.64,87.23,2.45,0.01,0.01,503.09,504.92,,
2022-06-17 00:00:00,2022,6,5,0,0,0,533.32,19.67,87.71,6.65,0.08,0.08,500.87,505.14,,
2022-06-17 01:00:00,2022,6,5,0,1,0,509.19,30.72,49.04,14.8,0.04,0.04,502.81,505.17,533.32,462.49
2022-06-17 05:00:00,2022,6,5,0,5,0,511.82,32.03,64.0,2.99,0.18,0.17,498.17,504.67,,
2022-06-17 11:00:00,2022,6,5,0,11,0,467.0,20.61,64.24,0.37,0.37,0.31,493.18,503.73,,
2022-06-17 16:00:00,2022,6,5,0,16,0,461.18,18.99,62.3,14.82,0.16,0.15,492.23,502.77,,
2022-06-17 21:00:00,2022,6,5,0,21,0,523.39,27.75,86.19,9.52,0.24,0.22,484.38,503.37,,
2022-06-18 05:00:00,2022,6,6,1,5,1,605.56,19.66,89.01,6.97,0.36,0.31,501.56,505.61,,511.82
2022-06-18 17:00:00,2022,6,6,1,17,1,485.36,24.63,70.85,0.93,0.02,0.02,526.93,509.44,,
2022-06-18 23:00:00,2022,6,6,1,23,1,506.24,24.6,69.71,12.83,0.01,0.01,526.93,509.99,,
2022-06-19 00:00:00,2022,6,7,1,0,1,383.28,32.92,57.98,9.29,0.1,0.1,522.34,508.91,506.24,
2022-06-19 06:00:00,2022,6,7,1,6,1,461.81,18.03,49.03,14.51,0.06,0.06,519.45,508.72,,
2022-06-19 07:00:00,2022,6,7,1,7,1,509.12,15.0,38.08,2.18,0.76,0.57,517.16,508.84,461.81,
2022-06-19 20:00:00,2022,6,7,1,20,1,472.26,27.44,73.62,10.94,0.1,0.1,498.12,511.1,,
2022-06-19 22:00:00,2022,6,7,1,22,1,450.79,18.14,36.48,2.22,0.24,0.22,495.09,510.19,,
2022-06-20 05:00:00,2022,6,1,0,5,0,506.42,15.0,62.19,14.15,0.25,0.22,503.3,510.5,,
2022-06-20 06:00:00,2022,6,1,0,6,0,506.18,16.26,54.81,10.67,0.26,0.23,505.15,510.41,506.42,461.81
2022-06-20 09:00:00,2022,6,1,0,9,0,531.2,18.86,77.98,6.39,0.15,0.14,499.78,510.74,,
2022-06-20 11:00:00,2022,6,1,0,11,0,540.79,17.93,61.1,14.75,0.15,0.14,498.91,510.34,,
2022-06-21 04:00:00,2022,6,2,0,4,0,528.11,18.14,41.03,10.22,0.29,0.25,510.6,513.43,,
2022-06-21 07:00:00,2022,6,2,0,7,0,453.71,28.39,64.41,2.56,0.26,0.23,511.84,512.4,,
2022-06-21 09:00:00,2022,6,2,0,9,0,536.74,37.94,30.3,5.19,0.1,0.1,503.36,511.53,,531.2
2022-06-21 11:00:00,2022,6,2,0,11,0,456.01,19.38,57.4,14.85,0.02,0.02,496.42,510.48,,540.79
2022-06-21 16:00:00,2022,6,2,0,16,0,611.94,15.0,53.76,2.64,0.1,0.1,502.07,511.53,,
2022-06-21 18:00:00,2022,6,2,0,18,0,545.45,31.52,59.36,9.92,0.16,0.15,506.5,512.34,,
2022-06-22 03:00:00,2022,6,3,0,3,0,547.3,32.13,88.5,1.46,0.13,0.12,494.58,511.65,,
2022-06-22 04:00:00,2022,6,3,0,4,0,489.31,19.52,70.66,10.71,0.19,0.17,492.97,511.89,547.3,528.11
2022-06-22 10:00:00,2022,6,3,0,10,0,492.31,22.49,61.17,4.97,0.23,0.21,502.0,513.06,,
2022-06-22 11:00:00,2022,6,3,0,11,0,451.69,16.43,52.53,10.17,0.26,0.23,501.82,513.49,492.31,456.01
2022-06-22 15:00:00,2022,6,3,0,15,0,515.1,33.03,58.6,14.26,0.36,0.31,506.08,514.26,,
2022-06-22 23:00:00,2022,6,3,0,23,0,561.99,36.56,63.58,3.18,0.19,0.17,504.69,514.71,,
2022-06-23 01:00:00,2022,6,4,0,1,0,452.44,32.53,38.38,12.98,0.12,0.11,505.09,515.03,,
2022-06-23 02:00:00,2022,6,4,0,2,0,396.01,33.81,85.98,13.21,0.14,0.13,502.65,514.05,452.44,
2022-06-23 06:00:00,2022,6,4,0,6,0,494.21,21.14,52.34,2.55,0.05,0.05,504.98,514.9,,
2022-06-23 09:00:00,2022,6,4,0,9,0,525.67,29.54,51.87,3.92,0.04,0.04,512.47,515.94,,
2022-06-23 10:00:00,2022,6,4,0,10,0,542.2,25.29,88.86,0.41,0.51,0.41,514.55,516.48,525.67,492.31
2022-06-23 12:00:00,2022,6,4,0,12,0,451.18,17.9,34.68,3.14,0.28,0.25,509.92,515.81,,
2022-06-23 13:00:00,2022,6,4,0,13,0,485.97,26.17,64.88,13.35,0.35,0.3,512.21,515.69,451.18,
2022-06-23 18:00:00,2022,6,4,0,18,0,486.75,36.85,84.01,9.12,0.27,0.24,500.45,514.57,,
2022-06-24 02:00:00,2022,6,5,0,2,0,563.91,21.04,49.44,5.51,0.14,0.13,503.48,514.55,,396.01
2022-06-24 04:00:00,2022,6,5,0,4,0,499.06,15.94,55.72,5.36,0.49,0.4,504.36,515.1,,
2022-06-24 10:00:00,2022,6,5,0,10,0,507.62,15.0,45.09,7.51,0.25,0.22,493.56,515.94,,542.2
2022-06-25 00:00:00,2022,6,6,1,0,1,434.45,30.3,66.85,12.81,0.2,0.18,496.04,514.95,,
2022-06-25 20:00:00,2022,6,6,1,20,1,450.51,38.75,37.64,5.76,0.11,0.1,509.45,511.83,,
2022-06-26 01:00:00,2022,6,7,1,1,1,538.84,27.63,43.5,6.25,0.02,0.02,502.9,512.42,,
2022-06-26 03:00:00,2022,6,7,1,3,1,517.86,31.75,68.7,14.71,0.0,0.0,500.31,511.49,,
2022-06-26 06:00:00,2022,6,7,1,6,1,536.9,25.89,84.11,14.7,0.07,0.07,507.03,512.45,,
2022-06-26 07:00:00,2022,6,7,1,7,1,459.42,15.0,58.85,3.34,0.17,0.16,505.48,512.15,536.9,
2022-06-26 17:00:00,2022,6,7,1,17,1,458.86,15.0,46.8,2.67,0.47,0.39,503.87,512.14,,
2022-06-26 21:00:00,2022,6,7,1,21,1,517.49,29.34,83.82,10.82,0.1,0.1,494.42,512.2,,
2022-06-26 23:00:00,2022,6,7,1,23,1,573.8,31.91,40.17,7.68,0.27,0.24,500.14,512.94,,
2022-06-27 05:00:00,2022,6,1,0,5,0,546.95,17.56,82.89,8.71,0.11,0.1,503.45,512.02,,
2022-06-27 21:00:00,2022,6,1,0,21,0,549.25,19.06,66.97,3.06,0.08,0.08,510.26,512.78,,517.49
2022-06-28 08:00:00,2022,6,2,0,8,0,548.0,27.09,35.3,4.35,0.03,0.03,501.48,513.03,,
2022-06-28 15:00:00,2022,6,2,0,15,0,526.81,15.0,76.87,3.99,0.09,0.09,510.89,514.43,,
2022-06-28 16:00:00,2022,6,2,0,16,0,422.22,30.26,66.17,13.46,0.07,0.07,510.38,513.28,526.81,
2022-06-28 18:00:00,2022,6,2,0,18,0,402.59,25.97,32.75,10.17,0.06,0.06,503.54,511.95,,
2022-06-28 21:00:00,2022,6,2,0,21,0,467.95,33.17,35.87,7.15,0.38,0.32,494.33,511.02,,549.25
2022-06-29 05:00:00,2022,6,3,0,5,0,571.72,29.81,71.76,8.0,0.14,0.13,491.82,511.61,,
2022-06-29 07:00:00,2022,6,3,0,7,0,524.73,30.64,50.93,11.84,0.08,0.08,497.44,511.67,,
2022-06-29 14:00:00,2022,6,3,0,14,0,522.11,29.6,46.76,5.26,0.0,0.0,497.73,513.14,,
2022-06-29 16:00:00,2022,6,3,0,16,0,441.46,18.6,72.65,14.02,0.04,0.04,495.31,512.37,,422.22
2022-06-29 21:00:00,2022,6,3,0,21,0,401.63,16.75,63.49,9.86,0.04,0.04,504.39,511.85,,467.95
2022-06-29 23:00:00,2022,6,3,0,23,0,504.3,22.79,88.08,0.81,0.18,0.17,505.17,511.36,,
2022-06-30 02:00:00,2022,6,4,0,2,0,417.45,22.83,31.73,6.82,0.37,0.31,495.89,510.89,,
2022-06-30 08:00:00,2022,6,4,0,8,0,479.1,20.36,53.96,10.19,0.11,0.1,491.8,509.56,,
2022-06-30 11:00:00,2022,6,4,0,11,0,556.22,25.38,54.25,1.22,0.09,0.09,487.82,509.43,,
2022-06-30 12:00:00,2022,6,4,0,12,0,442.62,26.09,33.31,5.23,0.03,0.03,484.38,509.37,556.22,
2022-06-30 14:00:00,2022,6,4,0,14,0,549.56,28.83,30.79,11.77,0.44,0.36,480.55,509.9,,522.11
2022-06-30 22:00:00,2022,6,4,0,22,0,474.45,23.58,83.17,11.59,0.05,0.05,489.1,510.17,,
2022-07-01 01:00:00,2022,7,5,0,1,0,510.43,23.19,43.65,12.85,0.02,0.02,494.52,510.48,,
2022-07-01 04:00:00,2022,7,5,0,4,0,415.88,35.15,70.8,8.96,0.05,0.05,496.93,509.76,,
2022-07-01 05:00:00,2022,7,5,0,5,0,428.91,24.53,48.1,2.82,0.27,0.24,493.64,509.24,415.88,
2022-07-01 21:00:00,2022,7,5,0,21,0,495.93,32.61,63.67,6.93,0.17,0.16,491.56,509.48,,
2022-07-01 23:00:00,2022,7,5,0,23,0,478.05,25.2,34.95,6.28,0.18,0.17,489.55,508.49,,
2022-07-02 23:00:00,2022,7,6,1,23,1,543.93,18.87,61.85,2.5,0.46,0.38,501.86,507.64,,478.05
2022-07-03 02:00:00,2022,7,7,1,2,1,458.76,29.08,59.16,9.87,0.1,0.1,503.95,508.27,,
2022-07-03 10:00:00,2022,7,7,1,10,1,476.55,23.85,38.03,14.14,0.02,0.02,497.01,508.13,,
2022-07-03 12:00:00,2022,7,7,1,12,1,510.04,23.42,56.68,10.21,0.42,0.35,500.03,507.79,,
2022-07-03 14:00:00,2022,7,7,1,14,1,486.9,28.89,70.7,13.74,0.28,0.25,498.76,507.36,,
2022-07-03 15:00:00,2022,7,7,1,15,1,558.56,36.33,72.02,13.8,0.17,0.16,503.03,508.18,486.9,
2022-07-03 17:00:00,2022,7,7,1,17,1,567.33,30.47,38.75,3.69,0.04,0.04,504.76,508.62,,
2022-07-04 07:00:00,2022,7,1,0,7,0,535.24,15.39,46.34,12.02,0.15,0.14,505.32,508.71,,
2022-07-04 10:00:00,2022,7,1,0,10,0,520.26,29.05,33.97,5.74,0.54,0.43,509.68,508.32,,476.55
2022-07-04 13:00:00,2022,7,1,0,13,0,523.06,25.75,79.63,2.74,0.38,0.32,509.86,508.82,,
2022-07-05 04:00:00,2022,7,2,0,4,0,542.76,33.65,71.24,7.44,0.08,0.08,494.53,505.96,,
2022-07-05 22:00:00,2022,7,2,0,22,0,501.37,21.05,65.87,4.11,0.0,0.0,499.77,507.61,,
2022-07-06 01:00:00,2022,7,3,0,1,0,469.33,17.75,31.15,1.41,0.08,0.08,490.22,506.26,,
2022-07-06 09:00:00,2022,7,3,0,9,0,466.01,32.63,40.88,11.24,0.09,0.09,485.83,504.95,,
2022-07-06 12:00:00,2022,7,3,0,12,0,483.65,35.83,42.06,12.45,0.64,0.49,487.69,504.56,,
2022-07-06 15:00:00,2022,7,3,0,15,0,487.01,23.05,54.63,0.15,0.09,0.09,491.44,504.14,,
2022-07-06 19:00:00,2022,7,3,0,19,0,550.8,32.69,85.36,12.69,0.11,0.1,488.39,504.45,,
2022-07-06 20:00:00,2022,7,3,0,20,0,513.68,18.91,56.64,2.37,0.18,0.17,487.37,504.43,550.8,
2022-07-06 22:00:00,2022,7,3,0,22,0,495.74,25.58,87.55,4.99,0.09,0.09,484.69,504.6,,501.37
2022-07-06 23:00:00,2022,7,3,0,23,0,473.08,28.53,61.47,15.0,0.05,0.05,489.63,504.41,495.74,
2022-07-07 07:00:00,2022,7,4,0,7,0,423.17,20.36,46.3,8.65,0.12,0.11,490.24,505.25,,
2022-07-07 20:00:00,2022,7,4,0,20,0,519.11,29.3,74.2,1.78,0.09,0.09,494.78,506.15,,513.68
2022-07-08 04:00:00,2022,7,5,0,4,0,515.33,25.23,72.33,5.53,0.16,0.15,507.41,507.33,,
2022-07-08 05:00:00,2022,7,5,0,5,0,486.63,22.38,86.03,2.98,0.05,0.05,509.07,507.68,515.33,
2022-07-08 09:00:00,2022,7,5,0,9,0,485.15,30.27,53.71,10.77,0.1,0.1,507.53,507.46,,
2022-07-08 15:00:00,2022,7,5,0,15,0,520.24,15.84,80.35,0.31,0.19,0.17,512.3,508.73,,
2022-07-08 16:00:00,2022,7,5,0,16,0,492.33,27.11,33.29,2.11,0.2,0.18,512.66,509.03,520.24,
2022-07-08 17:00:00,2022,7,5,0,17,0,493.83,28.61,40.04,5.35,0.07,0.07,512.84,508.93,492.33,
2022-07-08 19:00:00,2022,7,5,0,19,0,458.39,25.31,42.73,9.68,0.17,0.16,507.93,508.05,,
2022-07-08 21:00:00,2022,7,5,0,21,0,534.23,31.51,48.13,11.62,0.05,0.05,513.18,508.19,,
2022-07-09 00:00:00,2022,7,6,1,0,1,485.64,29.9,62.01,3.0,0.13,0.12,501.58,508.65,,
2022-07-09 02:00:00,2022,7,6,1,2,1,444.99,22.13,63.65,8.22,0.01,0.01,496.81,509.07,,
2022-07-09 06:00:00,2022,7,6,1,6,1,543.09,28.99,87.58,12.28,0.01,0.01,494.1,508.32,,
2022-07-09 11:00:00,2022,7,6,1,11,1,479.88,32.7,41.24,0.21,0.03,0.03,501.83,507.79,,
2022-07-09 15:00:00,2022,7,6,1,15,1,469.03,27.46,55.57,13.39,0.02,0.02,504.0,508.87,,520.24
2022-07-09 17:00:00,2022,7,6,1,17,1,428.32,24.16,50.5,12.91,0.04,0.04,494.41,507.36,,493.83
2022-07-09 22:00:00,2022,7,6,1,22,1,446.95,31.52,52.24,4.32,0.17,0.16,485.82,506.73,,
2022-07-10 02:00:00,2022,7,7,1,2,1,549.71,20.11,84.97,0.91,0.59,0.46,493.67,507.58,,444.99
2022-07-10 09:00:00,2022,7,7,1,9,1,482.67,22.7,63.11,14.04,0.06,0.06,495.24,507.31,,
2022-07-10 10:00:00,2022,7,7,1,10,1,492.78,28.34,85.3,8.96,0.39,0.33,494.42,507.41,482.67,
2022-07-10 13:00:00,2022,7,7,1,13,1,540.69,23.76,63.99,7.58,0.01,0.01,492.33,507.72,,
2022-07-10 14:00:00,2022,7,7,1,14,1,513.93,35.22,39.36,10.78,0.32,0.28,492.56,507.89,540.69,
2022-07-10 16:00:00,2022,7,7,1,16,1,481.49,18.79,58.61,2.23,0.31,0.27,498.07,507.23,,
2022-07-11 00:00:00,2022,7,1,0,0,0,464.38,15.0,33.81,0.47,0.0,0.0,504.11,506.68,,
2022-07-11 08:00:00,2022,7,1,0,8,0,499.53,31.31,32.13,3.46,0.63,0.49,508.55,507.89,,
2022-07-11 11:00:00,2022,7,1,0,11,0,561.24,22.41,31.21,7.01,0.16,0.15,518.26,508.25,,
2022-07-11 22:00:00,2022,7,1,0,22,0,452.56,34.7,53.48,9.17,0.22,0.2,526.61,511.95,,
2022-07-12 04:00:00,2022,7,2,0,4,0,429.83,21.71,54.91,2.41,0.28,0.25,521.99,511.86,,
2022-07-12 09:00:00,2022,7,2,0,9,0,412.59,28.15,68.14,0.39,0.45,0.37,516.0,511.88,,
2022-07-12 16:00:00,2022,7,2,0,16,0,510.62,22.55,81.15,14.68,0.0,0.0,507.09,514.36,,
2022-07-12 17:00:00,2022,7,2,0,17,0,546.0,18.39,89.49,8.51,0.33,0.29,510.28,514.34,510.62,
2022-07-13 01:00:00,2022,7,3,0,1,0,586.39,25.1,67.23,8.08,0.34,0.29,512.16,515.07,,
2022-07-13 02:00:00,2022,7,3,0,2,0,529.92,19.0,38.85,2.21,0.35,0.3,511.06,515.28,586.39,
2022-07-13 06:00:00,2022,7,3,0,6,0,419.13,17.72,79.61,10.51,0.1,0.1,516.0,515.51,,
2022-07-13 08:00:00,2022,7,3,0,8,0,488.39,27.02,60.22,4.7,0.02,0.02,510.11,515.74,,
2022-07-14 02:00:00,2022,7,4,0,2,0,466.32,21.78,66.44,5.75,0.14,0.13,491.73,514.64,,529.92
2022-07-14 08:00:00,2022,7,4,0,8,0,496.75,27.17,66.28,9.18,0.21,0.19,494.74,516.11,,488.39
2022-07-14 11:00:00,2022,7,4,0,11,0,515.51,16.29,36.65,4.43,0.34,0.29,501.99,516.05,,
2022-07-14 12:00:00,2022,7,4,0,12,0,564.53,18.87,83.04,8.66,0.07,0.07,502.76,516.38,515.51,
2022-07-14 18:00:00,2022,7,4,0,18,0,517.13,15.0,86.53,3.04,0.05,0.05,509.04,517.02,,
2022-07-15 18:00:00,2022,7,5,0,18,0,471.73,33.87,66.62,7.4,0.11,0.1,499.04,515.44,,517.13
2022-07-15 22:00:00,2022,7,5,0,22,0,435.56,25.93,53.27,12.91,0.07,0.07,502.17,514.95,,
2022-07-16 04:00:00,2022,7,6,1,4,1,502.1,29.89,36.27,13.68,0.01,0.01,506.76,517.04,,
2022-07-16 09:00:00,2022,7,6,1,9,1,528.28,23.36,82.34,2.86,0.52,0.42,512.38,516.75,,
2022-07-16 17:00:00,2022,7,6,1,17,1,470.37,19.06,86.55,14.86,0.23,0.21,502.16,516.8,,
2022-07-17 04:00:00,2022,7,7,1,4,1,518.89,20.06,44.42,8.87,0.45,0.37,501.8,518.03,,502.1
2022-07-17 06:00:00,2022,7,7,1,6,1,595.72,25.29,80.42,2.59,0.19,0.17,508.6,518.31,,
2022-07-17 10:00:00,2022,7,7,1,10,1,426.66,25.82,57.07,11.71,0.05,0.05,498.52,517.21,,
2022-07-17 12:00:00,2022,7,7,1,12,1,485.08,24.18,34.07,1.35,0.27,0.24,499.67,516.91,,
2022-07-17 13:00:00,2022,7,7,1,13,1,533.69,29.05,39.62,3.83,0.12,0.11,502.22,516.87,485.08,
2022-07-17 18:00:00,2022,7,7,1,18,1,466.68,26.98,79.13,14.54,0.07,0.07,505.41,517.18,,
2022-07-17 21:00:00,2022,7,7,1,21,1,498.79,15.0,61.32,10.52,0.11,0.1,502.33,516.64,,
2022-07-18 13:00:00,2022,7,1,0,13,0,466.47,26.46,54.12,13.68,0.42,0.35,497.82,513.51,,533.69
2022-07-18 17:00:00,2022,7,1,0,17,0,524.76,28.03,41.46,8.63,0.35,0.3,496.83,512.64,,
2022-07-18 19:00:00,2022,7,1,0,19,0,517.24,15.0,53.82,10.65,0.08,0.08,499.88,513.42,,
2022-07-19 06:00:00,2022,7,2,0,6,0,507.68,32.91,62.08,0.9,0.07,0.07,518.07,516.17,,
2022-07-19 09:00:00,2022,7,2,0,9,0,546.61,28.69,33.9,6.03,0.04,0.04,526.81,516.88,,
2022-07-19 13:00:00,2022,7,2,0,13,0,551.3,15.0,65.02,3.47,0.0,0.0,526.93,516.2,,466.47
2022-07-19 17:00:00,2022,7,2,0,17,0,515.34,30.09,61.09,13.64,0.1,0.1,526.93,516.22,,524.76
2022-07-19 19:00:00,2022,7,2,0,19,0,504.71,23.22,80.54,1.09,0.16,0.15,526.93,515.95,,517.24
2022-07-19 23:00:00,2022,7,2,0,23,0,520.42,15.0,67.8,13.24,0.02,0.02,521.93,516.51,,
2022-07-20 06:00:00,2022,7,3,0,6,0,604.66,33.93,53.41,7.87,0.08,0.08,523.12,517.21,,507.68
2022-07-20 07:00:00,2022,7,3,0,7,0,438.03,29.85,74.53,0.96,0.01,0.01,516.87,517.0,604.66,
2022-07-21 05:00:00,2022,7,4,0,5,0,502.14,21.05,79.69,6.03,0.08,0.08,517.9,518.78,,
2022-07-21 06:00:00,2022,7,4,0,6,0,443.68,15.0,66.6,2.14,0.08,0.08,511.19,518.78,502.14,604.66
2022-07-21 12:00:00,2022,7,4,0,12,0,512.34,27.76,71.84,8.93,0.31,0.27,503.92,518.48,,
2022-07-21 18:00:00,2022,7,4,0,18,0,553.75,22.32,36.57,3.43,0.35,0.3,497.4,517.88,,
2022-07-21 20:00:00,2022,7,4,0,20,0,458.53,23.98,62.81,14.92,0.21,0.19,495.93,517.87,,
2022-07-21 22:00:00,2022,7,4,0,22,0,481.07,34.7,84.84,8.3,0.1,0.1,488.32,517.83,,
2022-07-22 00:00:00,2022,7,5,0,0,0,498.19,19.1,68.3,13.66,0.25,0.22,485.34,517.71,,
2022-07-22 02:00:00,2022,7,5,0,2,0,476.22,35.57,69.25,12.08,0.22,0.2,482.01,517.71,,
2022-07-22 04:00:00,2022,7,5,0,4,0,465.31,22.63,86.67,2.95,0.01,0.01,479.21,516.73,,
2022-07-22 06:00:00,2022,7,5,0,6,0,571.8,25.31,35.87,4.4,0.04,0.04,483.39,516.74,,443.68
2022-07-23 04:00:00,2022,7,6,1,4,1,477.63,37.51,76.91,2.92,0.42,0.35,513.63,517.73,,465.31
2022-07-23 05:00:00,2022,7,6,1,5,1,499.4,21.23,84.18,13.59,0.52,0.42,514.68,517.86,477.63,
2022-07-23 08:00:00,2022,7,6,1,8,1,564.91,33.14,82.7,10.6,0.1,0.1,511.34,517.51,,
2022-07-23 11:00:00,2022,7,6,1,11,1,490.23,28.63,66.31,12.03,0.03,0.03,502.37,517.14,,
2022-07-25 10:00:00,2022,7,1,0,10,0,451.16,25.52,78.24,4.99,0.12,0.11,501.52,518.78,,
2022-07-25 18:00:00,2022,7,1,0,18,0,490.09,24.42,32.49,6.33,0.15,0.14,512.47,518.78,,
2022-07-26 00:00:00,2022,7,2,0,0,0,562.75,32.01,55.87,13.3,0.26,0.23,519.52,518.78,,
2022-07-26 02:00:00,2022,7,2,0,2,0,447.84,34.18,62.9,14.09,0.48,0.39,513.48,518.78,,
2022-07-26 10:00:00,2022,7,2,0,10,0,499.22,26.92,42.78,7.59,0.04,0.04,507.15,517.46,,451.16
2022-07-26 15:00:00,2022,7,2,0,15,0,550.22,32.54,83.56,13.23,0.05,0.05,507.01,518.28,,
2022-07-26 19:00:00,2022,7,2,0,19,0,482.99,29.09,61.34,4.6,0.13,0.12,507.73,518.14,,
2022-07-27 11:00:00,2022,7,3,0,11,0,516.46,15.0,38.4,0.12,0.09,0.09,502.43,515.93,,
2022-07-27 19:00:00,2022,7,3,0,19,0,486.78,15.0,37.27,7.32,0.05,0.05,497.84,515.23,,482.99
2022-07-27 20:00:00,2022,7,3,0,20,0,543.65,30.48,72.51,3.92,0.08,0.08,497.44,515.58,486.78,
2022-07-27 22:00:00,2022,7,3,0,22,0,552.79,29.84,45.07,13.7,0.21,0.19,498.1,515.67,,
2022-07-28 02:00:00,2022,7,4,0,2,0,521.1,27.75,32.69,14.53,0.26,0.23,509.38,515.67,,
2022-07-28 12:00:00,2022,7,4,0,12,0,500.67,25.75,87.47,8.75,0.21,0.19,508.91,515.77,,
2022-07-28 13:00:00,2022,7,4,0,13,0,574.08,15.0,41.02,0.83,0.0,0.0,514.91,516.73,500.67,
2022-07-28 14:00:00,2022,7,4,0,14,0,499.69,17.9,66.14,11.22,0.01,0.01,514.43,516.97,574.08,
2022-07-28 16:00:00,2022,7,4,0,16,0,488.82,16.93,31.29,8.82,0.23,0.21,511.94,516.68,,
2022-07-28 19:00:00,2022,7,4,0,19,0,495.3,27.61,56.09,12.01,0.14,0.13,500.78,515.78,,486.78
2022-07-28 20:00:00,2022,7,4,0,20,0,528.77,22.41,64.75,12.75,0.04,0.04,500.16,516.2,495.3,543.65
2022-07-29 07:00:00,2022,7,5,0,7,0,499.75,31.41,33.52,9.08,0.38,0.32,504.5,517.95,,
2022-07-29 18:00:00,2022,7,5,0,18,0,449.57,30.37,82.18,7.2,0.39,0.33,500.97,516.31,,
2022-07-29 21:00:00,2022,7,5,0,21,0,529.01,21.69,71.88,12.75,0.05,0.05,495.2,516.7,,
2022-07-30 09:00:00,2022,7,6,1,9,1,461.57,33.3,87.15,5.81,0.16,0.15,498.81,516.1,,
2022-07-30 10:00:00,2022,7,6,1,10,1,508.97,22.73,83.19,0.0,0.12,0.11,499.66,515.95,461.57,
2022-07-30 12:00:00,2022,7,6,1,12,1,536.82,18.26,33.5,13.53,0.08,0.08,506.53,516.03,,
2022-07-30 21:00:00,2022,7,6,1,21,1,547.53,19.16,56.7,2.9,0.06,0.06,510.52,515.92,,529.01
2022-07-31 00:00:00,2022,7,7,1,0,1,411.59,23.63,88.13,10.4,0.1,0.1,507.94,514.57,,
2022-07-31 05:00:00,2022,7,7,1,5,1,450.98,23.93,55.12,0.61,0.14,0.13,507.39,514.21,,
2022-07-31 12:00:00,2022,7,7,1,12,1,513.13,20.2,59.07,5.6,0.07,0.07,503.91,513.61,,536.82
2022-07-31 13:00:00,2022,7,7,1,13,1,499.83,25.69,55.99,0.24,0.05,0.05,503.05,513.78,513.13,
2022-07-31 16:00:00,2022,7,7,1,16,1,439.85,26.89,54.5,3.4,0.19,0.17,500.79,514.35,,
2022-07-31 19:00:00,2022,7,7,1,19,1,438.13,32.27,43.92,10.43,0.13,0.12,504.97,514.82,,
2022-07-31 20:00:00,2022,7,7,1,20,1,386.56,37.73,83.28,4.32,0.14,0.13,497.4,514.37,438.13,
2022-08-01 03:00:00,2022,8,1,0,3,0,509.02,27.1,81.16,7.44,0.52,0.42,495.26,513.69,,
2022-08-01 08:00:00,2022,8,1,0,8,0,405.09,24.53,32.03,3.8,0.23,0.21,487.4,511.08,,
2022-08-01 17:00:00,2022,8,1,0,17,0,532.01,25.93,79.63,1.42,0.14,0.13,483.65,510.43,,
2022-08-02 01:00:00,2022,8,2,0,1,0,420.3,15.14,72.49,14.35,0.04,0.04,492.45,511.04,,
2022-08-02 02:00:00,2022,8,2,0,2,0,490.86,35.44,50.31,3.05,0.42,0.35,498.09,511.3,420.3,
2022-08-02 04:00:00,2022,8,2,0,4,0,504.27,19.68,72.12,0.79,0.19,0.17,497.74,510.5,,
2022-08-02 05:00:00,2022,8,2,0,5,0,551.06,37.78,66.17,6.4,0.43,0.36,495.5,510.81,504.27,
2022-08-02 06:00:00,2022,8,2,0,6,0,417.93,20.83,84.64,5.21,0.25,0.22,496.02,510.44,551.06,
2022-08-02 09:00:00,2022,8,2,0,9,0,461.06,24.94,44.15,4.65,0.07,0.07,496.89,509.89,,
2022-08-02 13:00:00,2022,8,2,0,13,0,517.42,31.04,89.35,9.9,0.0,0.0,497.06,509.39,,
2022-08-03 09:00:00,2022,8,3,0,9,0,533.6,34.09,49.07,10.4,0.06,0.06,522.64,513.53,,461.06
2022-08-03 12:00:00,2022,8,3,0,12,0,527.0,28.37,45.15,0.25,0.14,0.13,524.12,513.35,,
2022-08-03 18:00:00,2022,8,3,0,18,0,458.28,23.43,31.22,12.59,0.03,0.03,508.36,511.52,,
2022-08-03 21:00:00,2022,8,3,0,21,0,412.88,22.15,61.98,13.32,0.3,0.26,497.32,510.45,,
2022-08-04 01:00:00,2022,8,4,0,1,0,513.09,28.01,59.3,0.81,0.09,0.09,497.02,509.88,,
2022-08-04 03:00:00,2022,8,4,0,3,0,552.27,19.37,65.74,8.49,0.3,0.26,498.6,510.1,,
2022-08-04 05:00:00,2022,8,4,0,5,0,540.05,26.04,78.29,12.93,0.08,0.08,498.3,510.27,,
2022-08-04 06:00:00,2022,8,4,0,6,0,484.33,21.69,49.61,0.9,0.53,0.43,497.0,510.53,540.05,
2022-08-04 09:00:00,2022,8,4,0,9,0,465.75,18.2,70.49,12.74,0.68,0.52,496.62,511.72,,533.6
2022-08-04 13:00:00,2022,8,4,0,13,0,536.38,29.18,35.5,2.88,0.09,0.09,492.71,510.56,,
2022-08-04 16:00:00,2022,8,4,0,16,0,432.91,30.46,35.59,10.85,0.69,0.52,486.13,509.52,,
2022-08-04 18:00:00,2022,8,4,0,18,0,390.54,23.57,38.66,7.41,0.23,0.21,483.86,509.11,,458.28
2022-08-04 19:00:00,2022,8,4,0,19,0,527.39,30.28,84.7,5.31,0.14,0.13,484.91,509.31,390.54,
2022-08-05 04:00:00,2022,8,5,0,4,0,458.91,31.7,82.82,10.89,0.04,0.04,482.57,507.88,,
2022-08-05 05:00:00,2022,8,5,0,5,0,473.63,37.86,59.5,14.07,0.78,0.58,479.81,507.64,458.91,540.05
2022-08-05 12:00:00,2022,8,5,0,12,0,443.66,15.57,43.81,7.02,0.06,0.06,476.86,507.65,,
2022-08-05 15:00:00,2022,8,5,0,15,0,570.25,26.38,61.98,6.75,0.08,0.08,487.01,507.72,,
2022-08-05 20:00:00,2022,8,5,0,20,0,511.91,15.0,41.14,3.55,0.21,0.19,493.35,508.43,,
2022-08-05 21:00:00,2022,8,5,0,21,0,435.23,32.34,70.74,5.21,0.01,0.01,494.05,507.86,511.91,
2022-08-06 06:00:00,2022,8,6,1,6,1,529.11,22.87,62.8,4.67,0.14,0.13,493.65,507.81,,
2022-08-06 08:00:00,2022,8,6,1,8,1,396.72,20.87,80.17,6.68,0.78,0.58,491.16,506.33,,
2022-08-06 16:00:00,2022,8,6,1,16,1,431.81,28.28,58.42,12.78,0.22,0.2,485.0,504.55,,
2022-08-07 02:00:00,2022,8,7,1,2,1,549.35,26.82,86.6,5.68,0.16,0.15,499.15,505.95,,
2022-08-07 04:00:00,2022,8,7,1,4,1,501.57,28.03,39.12,1.56,0.3,0.26,494.55,505.7,,
2022-08-07 13:00:00,2022,8,7,1,13,1,531.4,17.08,46.58,8.74,0.78,0.58,513.36,507.01,,
2022-08-08 04:00:00,2022,8,1,0,4,0,521.75,15.0,30.19,5.3,0.2,0.18,506.28,507.79,,501.57
2022-08-08 12:00:00,2022,8,1,0,12,0,415.32,26.15,43.05,3.08,0.43,0.36,490.74,507.61,,
2022-08-08 13:00:00,2022,8,1,0,13,0,565.88,29.85,75.17,2.24,0.05,0.05,492.17,508.08,415.32,531.4
2022-08-08 15:00:00,2022,8,1,0,15,0,461.34,20.57,64.78,6.28,0.26,0.23,491.81,507.67,,
2022-08-08 18:00:00,2022,8,1,0,18,0,501.31,33.9,85.99,3.93,0.45,0.37,496.9,507.31,,
2022-08-08 23:00:00,2022,8,1,0,23,0,488.55,15.0,88.67,6.57,0.01,0.01,491.91,506.41,,
2022-08-09 00:00:00,2022,8,2,0,0,0,482.08,30.38,72.41,13.07,0.15,0.14,492.35,506.22,488.55,
2022-08-09 08:00:00,2022,8,2,0,8,0,509.83,24.84,38.49,6.82,0.12,0.11,492.33,507.61,,
2022-08-09 14:00:00,2022,8,2,0,14,0,495.81,15.56,49.8,13.49,0.8,0.59,491.83,506.73,,
2022-08-09 21:00:00,2022,8,2,0,21,0,504.36,26.86,53.28,12.25,0.26,0.23,493.17,504.67,,
2022-08-09 22:00:00,2022,8,2,0,22,0,566.3,26.62,49.34,8.96,0.17,0.16,497.0,505.33,504.36,
2022-08-10 01:00:00,2022,8,3,0,1,0,441.1,32.24,40.48,12.58,0.12,0.11,498.3,505.14,,
2022-08-10 05:00:00,2022,8,3,0,5,0,465.87,24.15,52.5,6.95,0.04,0.04,500.35,504.62,,
2022-08-10 08:00:00,2022,8,3,0,8,0,508.49,19.69,76.0,2.52,0.23,0.21,496.36,504.22,,509.83
2022-08-10 14:00:00,2022,8,3,0,14,0,399.68,26.81,70.86,13.63,0.1,0.1,498.33,503.18,,495.81
2022-08-10 21:00:00,2022,8,3,0,21,0,451.8,22.78,72.09,10.21,0.2,0.18,496.18,504.51,,504.36
2022-08-11 01:00:00,2022,8,4,0,1,0,538.13,15.0,83.64,1.36,0.48,0.39,491.84,504.39,,441.1
2022-08-11 06:00:00,2022,8,4,0,6,0,541.01,20.32,50.58,8.23,0.21,0.19,492.17,503.77,,
2022-08-11 13:00:00,2022,8,4,0,13,0,483.4,24.74,57.56,7.22,0.0,0.0,497.07,504.37,,
2022-08-11 17:00:00,2022,8,4,0,17,0,567.49,21.0,80.03,0.73,0.49,0.4,503.39,506.39,,
2022-08-12 01:00:00,2022,8,5,0,1,0,509.11,16.96,49.32,12.27,0.25,0.22,509.65,507.73,,538.13
2022-08-12 06:00:00,2022,8,5,0,6,0,562.45,28.26,57.51,4.62,0.69,0.52,515.12,508.63,,541.01
2022-08-12 07:00:00,2022,8,5,0,7,0,446.37,20.22,67.93,4.09,0.09,0.09,514.98,508.66,562.45,
2022-08-12 19:00:00,2022,8,5,0,19,0,523.15,34.28,75.12,10.11,0.39,0.33,517.6,510.44,,
2022-08-13 03:00:00,2022,8,6,1,3,1,525.07,28.54,41.91,6.42,0.07,0.07,519.3,511.82,,
2022-08-13 05:00:00,2022,8,6,1,5,1,545.05,20.26,66.73,11.22,0.03,0.03,515.05,511.54,,
2022-08-13 10:00:00,2022,8,6,1,10,1,527.95,23.14,83.34,5.6,0.06,0.06,508.05,512.92,,
2022-08-13 13:00:00,2022,8,6,1,13,1,530.5,15.0,75.91,12.91,0.47,0.39,511.47,513.97,,
2022-08-13 15:00:00,2022,8,6,1,15,1,515.52,15.69,37.17,5.54,0.44,0.36,510.13,513.69,,
2022-08-13 18:00:00,2022,8,6,1,18,1,516.73,26.14,36.05,8.59,0.33,0.29,512.1,514.3,,
2022-08-14 01:00:00,2022,8,7,1,1,1,535.27,24.64,47.06,13.22,0.12,0.11,524.09,516.07,,
2022-08-14 03:00:00,2022,8,7,1,3,1,542.57,23.8,83.14,8.83,0.43,0.36,526.86,516.07,,525.07
2022-08-14 06:00:00,2022,8,7,1,6,1,459.03,34.02,64.52,8.26,0.21,0.19,526.93,516.05,,
2022-08-14 10:00:00,2022,8,7,1,10,1,495.76,22.61,45.26,10.19,0.12,0.11,524.73,515.78,,527.95
2022-08-14 12:00:00,2022,8,7,1,12,1,491.15,17.06,80.22,6.73,0.08,0.08,519.2,514.83,,
2022-08-15 03:00:00,2022,8,1,0,3,0,502.45,31.8,43.32,11.26,0.02,0.02,511.19,516.9,,542.57
2022-08-15 08:00:00,2022,8,1,0,8,0,483.69,38.77,49.16,9.63,0.01,0.01,505.3,516.75,,
2022-08-15 09:00:00,2022,8,1,0,9,0,462.83,31.44,68.59,1.94,0.14,0.13,507.83,517.05,483.69,
2022-08-15 10:00:00,2022,8,1,0,10,0,592.38,22.49,88.08,5.09,1.12,0.75,511.86,517.88,462.83,495.76
2022-08-15 13:00:00,2022,8,1,0,13,0,542.78,31.55,67.32,2.06,0.37,0.31,509.29,517.61,,
2022-08-15 18:00:00,2022,8,1,0,18,0,409.65,22.1,74.02,6.64,0.38,0.32,500.84,516.98,,
2022-08-15 21:00:00,2022,8,1,0,21,0,478.66,15.0,89.62,8.46,0.08,0.08,504.0,517.42,,
2022-08-16 08:00:00,2022,8,2,0,8,0,513.73,27.93,87.13,13.57,0.06,0.06,506.42,518.78,,483.69
2022-08-16 19:00:00,2022,8,2,0,19,0,449.93,23.63,76.42,10.23,0.28,0.25,508.05,518.78,,
2022-08-16 22:00:00,2022,8,2,0,22,0,501.58,27.08,71.04,2.76,0.01,0.01,508.12,518.78,,
2022-08-17 03:00:00,2022,8,3,0,3,0,471.48,15.19,85.87,14.16,0.08,0.08,507.49,518.78,,
2022-08-17 12:00:00,2022,8,3,0,12,0,427.28,25.24,85.72,11.57,0.2,0.18,500.84,518.63,,
2022-08-17 16:00:00,2022,8,3,0,16,0,458.35,26.71,89.31,6.32,0.06,0.06,494.5,518.78,,
2022-08-18 00:00:00,2022,8,4,0,0,0,460.73,29.37,88.39,1.67,0.38,0.32,492.37,518.78,,
2022-08-18 05:00:00,2022,8,4,0,5,0,517.48,23.98,63.76,12.52,0.7,0.53,489.93,518.78,,
2022-08-18 10:00:00,2022,8,4,0,10,0,424.55,28.5,59.44,12.32,0.19,0.17,491.86,518.78,,
2022-08-18 14:00:00,2022,8,4,0,14,0,491.39,17.08,85.47,6.32,0.15,0.14,490.61,518.14,,
2022-08-18 16:00:00,2022,8,4,0,16,0,552.85,18.76,39.73,8.27,0.05,0.05,493.74,518.31,,458.35
2022-08-18 17:00:00,2022,8,4,0,17,0,566.41,22.64,67.42,4.34,0.08,0.08,497.08,518.31,552.85,
2022-08-20 02:00:00,2022,8,6,1,2,1,495.1,27.79,61.16,11.6,0.15,0.14,504.26,517.63,,
2022-08-20 04:00:00,2022,8,6,1,4,1,450.08,36.17,84.1,11.21,0.54,0.43,501.89,517.25,,
2022-08-20 11:00:00,2022,8,6,1,11,1,500.7,26.35,88.34,2.17,0.39,0.33,510.78,516.57,,
2022-08-20 12:00:00,2022,8,6,1,12,1,536.76,31.5,35.62,10.46,0.02,0.02,513.51,516.64,500.7,
2022-08-20 15:00:00,2022,8,6,1,15,1,523.41,24.26,30.48,13.18,0.05,0.05,514.06,516.91,,
2022-08-20 18:00:00,2022,8,6,1,18,1,507.77,34.09,50.88,2.94,0.59,0.46,506.58,516.61,,
2022-08-20 20:00:00,2022,8,6,1,20,1,444.82,25.51,75.8,14.46,0.21,0.19,506.44,515.38,,
2022-08-21 02:00:00,2022,8,7,1,2,1,458.89,28.57,78.52,7.46,0.05,0.05,507.65,514.93,,495.1
2022-08-21 04:00:00,2022,8,7,1,4,1,488.56,32.39,49.57,13.14,0.12,0.11,512.03,514.72,,450.08
2022-08-21 08:00:00,2022,8,7,1,8,1,421.01,29.13,67.28,10.59,0.18,0.17,507.14,513.74,,
2022-08-21 09:00:00,2022,8,7,1,9,1,509.31,19.22,35.67,12.51,0.39,0.33,506.02,514.39,421.01,
2022-08-21 14:00:00,2022,8,7,1,14,1,607.42,19.9,36.1,7.93,0.05,0.05,501.96,513.47,,
2022-08-21 18:00:00,2022,8,7,1,18,1,462.48,20.64,58.57,13.96,0.0,0.0,500.99,513.29,,507.77
2022-08-21 20:00:00,2022,8,7,1,20,1,409.95,36.29,34.38,1.37,0.02,0.02,497.72,512.53,,444.82
2022-08-22 00:00:00,2022,8,1,0,0,0,558.36,20.01,82.82,10.39,0.25,0.22,497.05,512.86,,
2022-08-22 09:00:00,2022,8,1,0,9,0,542.26,32.22,82.7,0.35,0.02,0.02,489.61,511.74,,509.31
2022-08-22 10:00:00,2022,8,1,0,10,0,452.94,24.59,75.24,10.11,0.48,0.39,488.49,510.89,542.26,
2022-08-22 11:00:00,2022,8,1,0,11,0,573.68,27.88,57.48,5.76,0.13,0.12,495.44,511.22,452.94,
2022-08-22 12:00:00,2022,8,1,0,12,0,459.22,22.72,76.54,10.21,0.63,0.49,491.41,511.25,573.68,
2022-08-22 13:00:00,2022,8,1,0,13,0,583.67,24.7,69.5,8.63,0.56,0.44,499.28,511.5,459.22,
2022-08-22 14:00:00,2022,8,1,0,14,0,523.43,22.95,75.49,5.28,0.14,0.13,495.78,511.58,583.67,607.42
2022-08-22 15:00:00,2022,8,1,0,15,0,563.56,23.39,30.82,14.08,0.05,0.05,497.15,511.94,523.43,
2022-08-22 22:00:00,2022,8,1,0,22,0,496.05,29.11,57.68,3.91,0.05,0.05,511.23,513.71,,
2022-08-23 07:00:00,2022,8,2,0,7,0,395.27,15.0,79.96,3.35,0.15,0.14,520.04,513.1,,
2022-08-24 19:00:00,2022,8,3,0,19,0,517.85,30.11,72.16,13.52,0.16,0.15,494.23,512.51,,
2022-08-24 21:00:00,2022,8,3,0,21,0,453.66,18.71,67.18,6.0,0.11,0.1,491.3,511.39,,
2022-08-24 22:00:00,2022,8,3,0,22,0,529.95,26.82,72.43,0.99,0.06,0.06,493.99,512.11,453.66,
2022-08-25 05:00:00,2022,8,4,0,5,0,506.28,31.49,73.31,6.06,0.1,0.1,498.57,512.81,,
2022-08-25 07:00:00,2022,8,4,0,7,0,472.15,34.45,71.76,7.19,0.09,0.09,498.88,512.32,,
2022-08-25 08:00:00,2022,8,4,0,8,0,447.16,30.42,42.59,13.24,0.1,0.1,494.48,512.37,472.15,
2022-08-25 09:00:00,2022,8,4,0,9,0,479.86,24.3,30.36,11.27,0.3,0.26,494.06,511.85,447.16,
2022-08-25 12:00:00,2022,8,4,0,12,0,447.65,24.13,55.68,3.69,0.03,0.03,496.71,512.44,,
2022-08-25 20:00:00,2022,8,4,0,20,0,480.99,25.05,79.17,14.61,0.14,0.13,492.32,511.05,,
2022-08-25 23:00:00,2022,8,4,0,23,0,470.83,24.24,81.52,13.09,0.01,0.01,492.58,510.34,,
2022-08-26 10:00:00,2022,8,5,0,10,0,497.52,26.43,37.76,0.12,0.24,0.22,490.54,509.66,,
2022-08-26 16:00:00,2022,8,5,0,16,0,497.65,28.12,60.59,10.29,0.07,0.07,485.74,508.98,,
2022-08-26 17:00:00,2022,8,5,0,17,0,445.87,39.33,84.75,9.41,0.04,0.04,486.44,508.59,497.65,
2022-08-27 03:00:00,2022,8,6,1,3,1,536.49,29.52,44.32,0.7,0.89,0.64,481.25,506.29,,
2022-08-27 06:00:00,2022,8,6,1,6,1,491.64,15.0,68.42,5.93,0.14,0.13,485.36,506.77,,
2022-08-27 07:00:00,2022,8,6,1,7,1,512.16,34.43,73.41,11.58,0.05,0.05,485.01,506.75,491.64,
2022-08-27 08:00:00,2022,8,6,1,8,1,486.59,17.15,36.24,5.76,0.86,0.62,486.8,506.61,512.16,
2022-08-27 19:00:00,2022,8,6,1,19,1,557.88,24.04,52.92,0.27,0.29,0.25,494.72,506.4,,
2022-08-27 20:00:00,2022,8,6,1,20,1,511.92,22.11,60.32,5.33,0.03,0.03,491.85,506.81,557.88,
2022-08-27 22:00:00,2022,8,6,1,22,1,614.63,27.19,68.3,2.83,0.03,0.03,496.93,506.76,,
2022-08-28 02:00:00,2022,8,7,1,2,1,459.09,23.39,46.89,7.75,0.11,0.1,509.49,506.32,,
2022-08-28 05:00:00,2022,8,7,1,5,1,550.16,15.0,80.79,6.91,0.04,0.04,507.78,506.38,,
2022-08-28 07:00:00,2022,8,7,1,7,1,495.5,23.85,63.04,3.57,0.02,0.02,509.47,506.56,,512.16
2022-08-28 08:00:00,2022,8,7,1,8,1,449.98,31.93,33.91,5.28,0.03,0.03,507.94,506.73,495.5,486.59
2022-08-28 13:00:00,2022,8,7,1,13,1,526.9,15.0,63.46,5.12,0.03,0.03,515.75,508.07,,
2022-08-28 14:00:00,2022,8,7,1,14,1,517.47,15.0,83.4,9.61,0.15,0.14,516.68,507.52,526.9,
2022-08-28 15:00:00,2022,8,7,1,15,1,542.31,24.04,83.44,8.47,0.52,0.42,512.56,507.59,517.47,
2022-08-29 01:00:00,2022,8,1,0,1,0,554.62,20.92,52.72,5.78,0.05,0.05,513.2,509.9,,
2022-08-29 12:00:00,2022,8,1,0,12,0,575.6,35.71,36.1,5.85,0.27,0.24,509.35,509.88,,
2022-08-29 13:00:00,2022,8,1,0,13,0,428.41,33.31,72.1,12.15,0.18,0.17,505.24,508.94,575.6,526.9
2022-08-29 14:00:00,2022,8,1,0,14,0,551.1,16.13,83.73,11.88,0.05,0.05,506.64,509.11,428.41,517.47
2022-08-29 16:00:00,2022,8,1,0,16,0,427.87,20.76,79.15,4.87,0.21,0.19,499.04,507.7,,
2022-08-29 21:00:00,2022,8,1,0,21,0,492.25,23.88,66.44,6.41,0.43,0.36,498.03,507.6,,
2022-08-29 23:00:00,2022,8,1,0,23,0,516.21,26.98,61.72,12.58,0.28,0.25,501.18,508.42,,
2022-08-30 00:00:00,2022,8,2,0,0,0,547.79,31.2,72.68,7.63,0.4,0.34,502.44,508.89,516.21,
2022-08-30 06:00:00,2022,8,2,0,6,0,475.34,28.78,71.77,8.0,0.07,0.07,496.86,506.89,,
2022-08-30 09:00:00,2022,8,2,0,9,0,428.82,20.41,65.18,3.04,0.03,0.03,495.97,507.36,,
2022-08-30 13:00:00,2022,8,2,0,13,0,487.63,21.57,41.44,13.98,0.16,0.15,502.97,507.6,,428.41
2022-08-30 14:00:00,2022,8,2,0,14,0,482.44,26.76,74.37,0.41,0.07,0.07,500.1,507.22,487.63,551.1
2022-08-30 23:00:00,2022,8,2,0,23,0,467.45,37.52,56.37,9.42,0.13,0.12,503.87,509.15,,516.21
2022-08-31 01:00:00,2022,8,3,0,1,0,533.97,23.96,74.85,10.55,0.01,0.01,508.44,508.87,,
2022-08-31 07:00:00,2022,8,3,0,7,0,505.48,18.52,69.72,12.0,0.1,0.1,505.23,509.21,,
2022-08-31 10:00:00,2022,8,3,0,10,0,598.76,35.43,88.68,12.07,0.46,0.38,511.18,509.41,,
2022-08-31 11:00:00,2022,8,3,0,11,0,524.59,31.32,85.46,14.21,0.71,0.54,509.41,509.99,598.76,
2022-08-31 13:00:00,2022,8,3,0,13,0,482.09,16.96,31.22,8.73,0.07,0.07,507.21,509.69,,487.63
2022-08-31 15:00:00,2022,8,3,0,15,0,461.14,25.73,48.38,13.99,0.08,0.08,503.39,509.51,,
2022-09-01 01:00:00,2022,9,4,0,1,0,418.78,25.08,58.45,10.62,0.12,0.11,503.23,510.47,,533.97
2022-09-01 03:00:00,2022,9,4,0,3,0,471.57,36.07,30.01,7.13,0.17,0.16,503.54,510.07,,
2022-09-01 14:00:00,2022,9,4,0,14,0,456.02,35.38,45.75,10.44,0.56,0.44,504.92,510.87,,
2022-09-01 19:00:00,2022,9,4,0,19,0,527.8,33.36,87.75,3.88,0.02,0.02,501.97,511.51,,
2022-09-01 21:00:00,2022,9,4,0,21,0,504.25,15.0,76.52,4.99,0.32,0.28,497.73,512.05,,
2022-09-01 22:00:00,2022,9,4,0,22,0,502.76,22.4,38.78,11.57,0.06,0.06,499.43,511.66,504.25,
2022-09-02 01:00:00,2022,9,5,0,1,0,470.75,23.14,69.51,4.38,0.63,0.49,507.69,513.47,,418.78
2022-09-02 02:00:00,2022,9,5,0,2,0,555.44,37.1,30.29,3.82,0.3,0.26,509.23,513.56,470.75,
2022-09-02 06:00:00,2022,9,5,0,6,0,517.66,17.07,34.81,3.89,0.51,0.41,517.0,514.09,,
2022-09-02 11:00:00,2022,9,5,0,11,0,430.54,17.51,62.44,2.11,0.12,0.11,499.59,512.94,,
2022-09-02 14:00:00,2022,9,5,0,14,0,518.72,36.75,66.91,2.99,1.32,0.84,497.56,512.51,,456.02
2022-09-02 17:00:00,2022,9,5,0,17,0,480.43,23.62,80.88,1.95,0.09,0.09,505.99,513.14,,
2022-09-03 03:00:00,2022,9,6,1,3,1,451.14,15.0,58.73,14.0,0.3,0.26,488.42,514.49,,
2022-09-03 04:00:00,2022,9,6,1,4,1,505.83,31.55,62.99,5.29,0.04,0.04,487.3,514.53,451.14,
2022-09-03 15:00:00,2022,9,6,1,15,1,549.89,34.12,45.69,3.11,0.04,0.04,500.61,514.26,,
2022-09-03 16:00:00,2022,9,6,1,16,1,513.25,32.18,69.41,3.72,0.14,0.13,499.39,514.46,549.89,
2022-09-03 18:00:00,2022,9,6,1,18,1,502.32,31.84,72.45,7.7,0.0,0.0,502.16,514.7,,
2022-09-04 13:00:00,2022,9,7,1,13,1,438.72,23.37,50.02,3.28,0.09,0.09,505.43,513.19,,
2022-09-05 07:00:00,2022,9,1,0,7,0,467.76,15.0,81.0,8.01,0.1,0.1,500.37,511.65,,
2022-09-05 18:00:00,2022,9,1,0,18,0,474.57,23.2,76.74,12.45,0.29,0.25,493.53,512.58,,
2022-09-06 00:00:00,2022,9,2,0,0,0,534.55,17.22,69.47,9.54,0.07,0.07,496.56,510.6,,
2022-09-06 03:00:00,2022,9,2,0,3,0,402.61,33.09,76.96,5.51,0.09,0.09,491.1,510.48,,
2022-09-06 05:00:00,2022,9,2,0,5,0,592.68,28.64,79.11,5.6,0.08,0.08,497.13,510.68,,
2022-09-06 07:00:00,2022,9,2,0,7,0,505.09,32.46,84.05,8.6,0.02,0.02,495.04,511.2,,467.76
2022-09-06 11:00:00,2022,9,2,0,11,0,395.35,20.4,40.6,5.17,0.26,0.23,487.79,509.82,,
2022-09-06 23:00:00,2022,9,2,0,23,0,464.19,26.82,80.8,4.13,0.04,0.04,489.46,508.58,,
2022-09-07 00:00:00,2022,9,3,0,0,0,522.12,32.32,83.32,12.53,0.06,0.06,488.94,508.68,464.19,534.55
2022-09-07 02:00:00,2022,9,3,0,2,0,586.1,28.44,74.83,12.69,0.19,0.17,489.88,508.22,,
2022-09-07 03:00:00,2022,9,3,0,3,0,448.02,19.84,38.79,8.22,0.06,0.06,491.77,508.5,586.1,402.61
2022-09-07 04:00:00,2022,9,3,0,4,0,519.18,28.62,62.09,8.69,0.18,0.17,491.91,509.36,448.02,
2022-09-07 07:00:00,2022,9,3,0,7,0,529.75,28.58,48.19,5.5,0.03,0.03,490.84,509.1,,505.09
2022-09-07 15:00:00,2022,9,3,0,15,0,589.98,22.72,85.45,13.03,0.2,0.18,503.87,508.18,,
2022-09-07 23:00:00,2022,9,3,0,23,0,462.95,36.4,33.24,12.25,0.18,0.17,499.96,507.8,,464.19
2022-09-08 00:00:00,2022,9,4,0,0,0,439.91,20.51,35.15,10.66,0.36,0.31,496.53,507.01,462.95,522.12
2022-09-08 03:00:00,2022,9,4,0,3,0,470.2,32.13,89.48,10.12,0.04,0.04,495.9,507.39,,448.02
2022-09-08 05:00:00,2022,9,4,0,5,0,527.92,15.0,83.04,7.28,0.26,0.23,491.42,507.24,,
2022-09-08 12:00:00,2022,9,4,0,12,0,408.04,25.53,57.96,13.32,0.05,0.05,497.5,505.81,,
2022-09-08 13:00:00,2022,9,4,0,13,0,609.77,23.6,34.47,11.67,0.05,0.05,504.35,506.89,408.04,
2022-09-09 03:00:00,2022,9,5,0,3,0,525.18,19.04,60.68,13.07,0.06,0.06,516.43,507.89,,470.2
2022-09-09 04:00:00,2022,9,5,0,4,0,526.37,39.67,86.31,3.03,0.25,0.22,519.13,507.85,525.18,
2022-09-09 09:00:00,2022,9,5,0,9,0,383.85,31.75,53.59,13.8,0.1,0.1,510.87,508.05,,
2022-09-09 10:00:00,2022,9,5,0,10,0,484.19,24.3,39.35,0.06,0.0,0.0,510.61,508.29,383.85,
2022-09-09 12:00:00,2022,9,5,0,12,0,533.11,15.0,53.57,2.91,0.07,0.07,516.78,509.26,,408.04
2022-09-09 13:00:00,2022,9,5,0,13,0,568.89,20.32,76.49,10.7,0.05,0.05,515.08,509.83,533.11,609.77
2022-09-09 14:00:00,2022,9,5,0,14,0,469.41,32.54,54.1,4.99,0.34,0.29,510.72,509.53,568.89,
2022-09-10 05:00:00,2022,9,6,1,5,1,430.53,31.69,46.28,11.11,0.1,0.1,489.6,508.53,,
2022-09-10 08:00:00,2022,9,6,1,8,1,515.8,25.4,42.5,5.07,0.01,0.01,489.61,508.94,,
2022-09-10 10:00:00,2022,9,6,1,10,1,498.54,23.71,72.44,12.26,0.04,0.04,494.42,508.87,,484.19
2022-09-10 11:00:00,2022,9,6,1,11,1,557.69,17.29,37.21,9.18,0.13,0.12,498.71,509.03,498.54,
2022-09-10 15:00:00,2022,9,6,1,15,1,543.0,32.97,88.06,8.49,0.0,0.0,497.06,508.54,,
2022-09-10 22:00:00,2022,9,6,1,22,1,513.95,18.33,56.66,4.74,0.1,0.1,499.87,508.5,,
2022-09-11 04:00:00,2022,9,7,1,4,1,497.83,15.0,51.44,7.35,0.02,0.02,496.57,508.24,,
2022-09-11 12:00:00,2022,9,7,1,12,1,456.26,30.56,63.17,9.84,0.06,0.06,500.76,508.07,,
2022-09-11 13:00:00,2022,9,7,1,13,1,534.85,19.94,55.39,8.56,0.17,0.16,504.13,508.66,456.26,
2022-09-11 14:00:00,2022,9,7,1,14,1,585.97,20.45,66.87,12.55,0.04,0.04,508.89,508.88,534.85,
2022-09-11 15:00:00,2022,9,7,1,15,1,532.67,34.13,79.59,2.71,0.04,0.04,508.46,509.0,585.97,543.0
2022-09-11 22:00:00,2022,9,7,1,22,1,518.25,34.2,45.86,5.89,0.09,0.09,508.77,509.79,,513.95
2022-09-11 23:00:00,2022,9,7,1,23,1,514.57,27.53,59.59,7.94,0.29,0.25,512.25,510.26,518.25,
2022-09-12 12:00:00,2022,9,1,0,12,0,481.36,18.55,61.95,4.12,0.3,0.26,503.08,509.2,,456.26
2022-09-12 14:00:00,2022,9,1,0,14,0,550.34,39.59,72.51,14.28,0.41,0.34,497.9,509.46,,585.97
2022-09-12 15:00:00,2022,9,1,0,15,0,507.62,20.41,82.74,14.41,0.5,0.41,496.86,509.56,550.34,532.67
2022-09-12 18:00:00,2022,9,1,0,18,0,447.92,20.57,78.79,10.14,0.27,0.24,496.17,509.08,,
2022-09-12 19:00:00,2022,9,1,0,19,0,491.89,16.18,73.79,4.34,0.02,0.02,493.73,509.34,447.92,
2022-09-12 20:00:00,2022,9,1,0,20,0,398.59,37.33,83.89,8.6,0.01,0.01,489.87,509.0,491.89,
2022-09-12 22:00:00,2022,9,1,0,22,0,464.8,22.12,80.84,14.31,0.0,0.0,487.14,509.65,,518.25
2022-09-13 13:00:00,2022,9,2,0,13,0,481.19,21.92,82.04,4.95,0.08,0.08,486.49,509.5,,
2022-09-14 07:00:00,2022,9,3,0,7,0,481.37,16.72,82.67,4.44,0.0,0.0,490.45,507.6,,
2022-09-14 12:00:00,2022,9,3,0,12,0,486.13,15.0,35.6,8.04,0.32,0.28,488.37,508.43,,
2022-09-14 13:00:00,2022,9,3,0,13,0,512.07,24.36,47.92,4.98,0.0,0.0,489.66,508.83,486.13,481.19
2022-09-15 00:00:00,2022,9,4,0,0,0,557.07,23.35,55.36,8.45,0.28,0.25,497.22,508.97,,
2022-09-15 01:00:00,2022,9,4,0,1,0,576.18,16.58,79.84,6.06,0.61,0.48,500.07,509.43,557.07,
2022-09-15 04:00:00,2022,9,4,0,4,0,495.25,19.2,84.32,5.36,0.26,0.23,503.13,509.87,,
2022-09-15 09:00:00,2022,9,4,0,9,0,504.93,27.34,58.96,12.35,0.02,0.02,509.21,509.38,,
2022-09-15 22:00:00,2022,9,4,0,22,0,432.87,34.6,30.5,14.63,0.42,0.35,504.73,507.4,,
2022-09-16 08:00:00,2022,9,5,0,8,0,521.83,33.11,44.06,14.54,0.23,0.21,500.83,507.19,,
2022-09-16 12:00:00,2022,9,5,0,12,0,464.36,35.31,55.07,3.5,0.11,0.1,499.92,507.68,,
2022-09-16 18:00:00,2022,9,5,0,18,0,426.84,27.68,38.55,13.17,0.07,0.07,495.09,507.81,,
2022-09-17 01:00:00,2022,9,6,1,1,1,526.08,26.34,74.01,12.26,0.23,0.21,491.14,506.25,,
2022-09-17 15:00:00,2022,9,6,1,15,1,550.6,27.62,82.28,0.33,0.04,0.04,504.3,509.06,,
2022-09-18 04:00:00,2022,9,7,1,4,1,552.47,28.12,79.47,5.3,0.21,0.19,514.29,509.94,,
2022-09-18 20:00:00,2022,9,7,1,20,1,529.86,25.91,75.25,7.73,0.85,0.62,492.88,507.41,,
2022-09-19 02:00:00,2022,9,1,0,2,0,436.62,24.7,64.27,5.16,0.07,0.07,489.79,506.61,,
2022-09-19 03:00:00,2022,9,1,0,3,0,482.5,19.11,64.96,7.72,0.17,0.16,487.94,506.64,436.62,
2022-09-19 12:00:00,2022,9,1,0,12,0,443.04,23.72,32.16,7.97,0.03,0.03,488.97,506.85,,
2022-09-19 15:00:00,2022,9,1,0,15,0,580.58,24.78,53.41,11.14,0.05,0.05,494.87,507.22,,
2022-09-19 21:00:00,2022,9,1,0,21,0,488.94,23.6,31.38,14.87,0.01,0.01,493.11,507.63,,
2022-09-19 22:00:00,2022,9,1,0,22,0,446.05,17.93,68.25,10.75,0.24,0.22,491.73,507.51,488.94,
2022-09-20 12:00:00,2022,9,2,0,12,0,519.29,27.74,73.94,9.91,0.22,0.2,505.11,509.78,,443.04
2022-09-20 19:00:00,2022,9,2,0,19,0,521.19,25.25,57.32,6.14,0.1,0.1,514.75,511.08,,
2022-09-21 04:00:00,2022,9,3,0,4,0,428.36,29.11,39.93,13.89,0.04,0.04,509.52,510.96,,
2022-09-21 05:00:00,2022,9,3,0,5,0,440.07,36.87,64.54,3.35,0.02,0.02,504.22,510.98,428.36,
2022-09-21 09:00:00,2022,9,3,0,9,0,451.67,25.89,38.13,14.77,0.01,0.01,502.21,511.08,,
2022-09-21 11:00:00,2022,9,3,0,11,0,469.31,23.25,39.72,3.83,0.12,0.11,497.52,510.91,,
2022-09-21 13:00:00,2022,9,3,0,13,0,417.08,18.27,84.74,14.69,0.13,0.12,489.89,510.33,,
2022-09-21 14:00:00,2022,9,3,0,14,0,554.48,32.53,39.58,14.85,0.06,0.06,491.83,510.0,417.08,
2022-09-21 18:00:00,2022,9,3,0,18,0,541.89,16.97,84.42,2.7,0.8,0.59,491.28,510.96,,
2022-09-21 21:00:00,2022,9,3,0,21,0,529.71,33.71,42.39,9.53,0.08,0.08,492.65,510.97,,
2022-09-21 22:00:00,2022,9,3,0,22,0,515.8,28.39,38.98,3.68,0.22,0.2,490.82,511.41,529.71,
2022-09-22 00:00:00,2022,9,4,0,0,0,539.98,16.45,59.2,10.92,0.04,0.04,496.85,511.49,,
2022-09-22 02:00:00,2022,9,4,0,2,0,568.26,18.64,43.03,14.06,0.19,0.17,503.07,511.8,,
2022-09-22 05:00:00,2022,9,4,0,5,0,540.96,24.51,83.37,10.28,1.29,0.83,512.12,511.64,,440.07
2022-09-22 11:00:00,2022,9,4,0,11,0,422.57,20.15,71.11,9.7,0.4,0.34,507.09,510.46,,469.31
2022-09-22 18:00:00,2022,9,4,0,18,0,487.12,31.47,52.24,8.52,0.64,0.49,505.12,510.38,,541.89
2022-09-23 04:00:00,2022,9,5,0,4,0,446.33,36.53,61.79,11.96,0.08,0.08,498.16,510.46,,
2022-09-23 05:00:00,2022,9,5,0,5,0,507.7,25.61,34.15,7.37,0.08,0.08,496.77,510.32,446.33,540.96
2022-09-23 19:00:00,2022,9,5,0,19,0,486.6,25.76,89.7,14.56,0.14,0.13,500.93,511.4,,
2022-09-24 04:00:00,2022,9,6,1,4,1,615.08,24.61,40.57,3.38,0.04,0.04,501.53,512.22,,446.33
2022-09-24 07:00:00,2022,9,6,1,7,1,480.08,33.87,76.43,13.91,0.08,0.08,505.68,511.08,,
2022-09-24 09:00:00,2022,9,6,1,9,1,524.59,24.08,75.55,12.09,0.01,0.01,511.74,511.55,,
2022-09-24 13:00:00,2022,9,6,1,13,1,490.68,28.81,30.81,7.71,0.27,0.24,517.27,512.64,,
2022-09-24 17:00:00,2022,9,6,1,17,1,463.79,33.84,43.3,2.5,0.14,0.13,513.74,511.51,,
2022-09-24 21:00:00,2022,9,6,1,21,1,607.59,30.18,67.06,3.06,0.26,0.23,520.0,512.78,,
2022-09-24 22:00:00,2022,9,6,1,22,1,464.56,37.44,74.4,14.96,0.0,0.0,519.34,512.82,607.59,
2022-09-25 02:00:00,2022,9,7,1,2,1,546.49,22.94,31.43,12.05,0.37,0.31,525.51,513.23,,
2022-09-25 06:00:00,2022,9,7,1,6,1,537.07,25.44,33.65,12.83,0.02,0.02,522.56,512.91,,
2022-09-25 07:00:00,2022,9,7,1,7,1,477.86,21.64,33.22,1.92,0.3,0.26,522.47,513.02,537.07,480.08
2022-09-25 09:00:00,2022,9,7,1,9,1,448.93,15.0,77.44,6.5,0.28,0.25,510.72,512.23,,524.59
2022-09-25 12:00:00,2022,9,7,1,12,1,477.02,20.71,68.36,2.76,0.05,0.05,509.36,513.0,,
2022-09-25 13:00:00,2022,9,7,1,13,1,491.54,32.96,55.74,2.7,0.23,0.21,509.4,512.72,477.02,490.68
2022-09-25 19:00:00,2022,9,7,1,19,1,410.85,23.72,33.53,12.52,0.14,0.13,500.57,513.0,,
2022-09-26 14:00:00,2022,9,1,0,14,0,543.45,24.28,30.44,13.68,0.01,0.01,492.77,513.76,,
2022-09-26 15:00:00,2022,9,1,0,15,0,539.84,16.7,53.1,10.76,0.33,0.29,495.68,513.51,543.45,
2022-09-26 16:00:00,2022,9,1,0,16,0,594.96,19.03,54.63,1.58,0.12,0.11,500.64,514.0,539.84,
2022-09-26 19:00:00,2022,9,1,0,19,0,503.1,22.35,47.62,5.3,0.06,0.06,510.33,515.38,,410.85
2022-09-26 23:00:00,2022,9,1,0,23,0,465.57,17.74,36.34,11.88,0.13,0.12,510.41,515.94,,
2022-09-27 04:00:00,2022,9,2,0,4,0,559.86,28.81,72.77,8.15,0.28,0.25,511.96,516.11,,
2022-09-27 08:00:00,2022,9,2,0,8,0,607.94,31.74,73.55,5.25,0.02,0.02,512.01,515.62,,
2022-09-27 09:00:00,2022,9,2,0,9,0,558.98,24.91,58.47,1.4,0.16,0.15,516.44,515.47,607.94,
2022-09-27 11:00:00,2022,9,2,0,11,0,425.58,37.51,32.22,7.42,0.11,0.1,513.12,514.52,,
2022-09-27 12:00:00,2022,9,2,0,12,0,437.52,30.25,86.42,0.47,0.31,0.27,509.01,514.03,425.58,
2022-09-27 18:00:00,2022,9,2,0,18,0,457.15,21.44,34.26,7.47,0.48,0.39,500.45,513.41,,
2022-09-27 21:00:00,2022,9,2,0,21,0,472.71,26.19,32.14,13.01,0.1,0.1,490.82,512.89,,
2022-09-27 22:00:00,2022,9,2,0,22,0,456.64,21.86,82.68,12.02,0.44,0.36,489.31,512.27,472.71,
2022-09-27 23:00:00,2022,9,2,0,23,0,526.18,20.54,55.43,14.59,0.22,0.2,491.84,512.48,456.64,465.57
2022-09-28 03:00:00,2022,9,3,0,3,0,582.13,15.0,69.58,5.33,0.24,0.22,498.02,513.64,,
2022-09-28 06:00:00,2022,9,3,0,6,0,495.57,15.66,32.98,12.9,0.15,0.14,504.21,514.84,,
2022-09-28 07:00:00,2022,9,3,0,7,0,565.81,28.34,66.91,6.12,0.32,0.28,509.73,515.28,495.57,
2022-09-28 18:00:00,2022,9,3,0,18,0,467.25,16.61,85.79,13.93,0.25,0.22,501.55,514.91,,457.15
2022-09-28 22:00:00,2022,9,3,0,22,0,552.62,24.02,57.86,2.46,0.07,0.07,503.56,514.12,,456.64
2022-09-29 14:00:00,2022,9,4,0,14,0,553.29,30.68,67.27,9.71,0.1,0.1,493.29,513.76,,
2022-09-29 18:00:00,2022,9,4,0,18,0,542.1,23.03,44.13,11.82,0.11,0.1,496.87,513.71,,467.25
2022-09-29 19:00:00,2022,9,4,0,19,0,452.67,34.02,48.23,11.73,0.57,0.45,496.47,513.12,542.1,
2022-09-29 20:00:00,2022,9,4,0,20,0,479.56,29.22,72.62,11.26,0.06,0.06,496.57,512.55,452.67,
2022-09-29 21:00:00,2022,9,4,0,21,0,502.2,24.62,61.04,4.44,0.14,0.13,499.75,512.96,479.56,
2022-09-30 06:00:00,2022,9,5,0,6,0,587.06,27.27,33.69,8.96,0.0,0.0,505.74,513.82,,
2022-09-30 11:00:00,2022,9,5,0,11,0,519.56,36.16,32.52,14.88,0.01,0.01,501.17,514.66,,
2022-09-30 19:00:00,2022,9,5,0,19,0,479.87,22.55,31.32,2.11,0.02,0.02,502.36,513.33,,452.67
2022-09-30 22:00:00,2022,9,5,0,22,0,502.71,25.14,43.6,6.3,0.01,0.01,497.31,513.0,,
2022-10-01 08:00:00,2022,10,6,1,8,1,452.77,40.0,79.58,8.54,0.21,0.19,497.87,512.26,,
2022-10-01 12:00:00,2022,10,6,1,12,1,608.21,24.66,79.21,14.44,0.19,0.17,505.45,512.7,,
2022-10-01 20:00:00,2022,10,6,1,20,1,499.73,28.85,60.95,0.54,0.12,0.11,515.88,513.0,,
2022-10-01 22:00:00,2022,10,6,1,22,1,538.08,33.15,86.84,9.06,0.01,0.01,515.25,512.4,,502.71
2022-10-01 23:00:00,2022,10,6,1,23,1,530.27,16.79,82.4,10.02,0.26,0.23,517.35,512.54,538.08,
2022-10-02 01:00:00,2022,10,7,1,1,1,588.13,35.46,59.42,6.59,0.13,0.12,525.92,513.22,,
2022-10-02 02:00:00,2022,10,7,1,2,1,478.14,24.08,49.96,7.71,0.2,0.18,525.1,512.81,588.13,
2022-10-02 03:00:00,2022,10,7,1,3,1,413.51,15.0,40.49,13.06,0.08,0.08,517.55,512.3,478.14,
2022-10-02 05:00:00,2022,10,7,1,5,1,550.56,23.03,61.01,6.02,0.17,0.16,521.61,512.94,,
2022-10-02 07:00:00,2022,10,7,1,7,1,483.03,32.68,47.71,9.85,0.22,0.2,520.39,512.94,,
2022-10-02 11:00:00,2022,10,7,1,11,1,454.82,17.93,81.26,0.44,0.04,0.04,513.84,512.56,,
2022-10-02 16:00:00,2022,10,7,1,16,1,509.99,22.84,85.23,14.42,0.21,0.19,507.31,513.25,,
2022-10-02 21:00:00,2022,10,7,1,21,1,415.89,31.45,35.01,11.03,0.24,0.22,503.83,513.54,,
2022-10-02 23:00:00,2022,10,7,1,23,1,474.86,15.0,44.47,5.85,0.04,0.04,496.91,512.35,,530.27
2022-10-03 01:00:00,2022,10,1,0,1,0,577.52,28.64,47.77,6.91,0.05,0.05,493.33,512.22,,588.13
2022-10-03 08:00:00,2022,10,1,0,8,0,569.59,19.14,40.32,2.34,0.1,0.1,510.22,515.85,,
2022-10-03 13:00:00,2022,10,1,0,13,0,383.28,36.21,70.31,4.31,0.05,0.05,507.77,515.41,,
2022-10-03 14:00:00,2022,10,1,0,14,0,484.05,25.49,42.13,5.25,0.02,0.02,509.29,515.05,372.19,
2022-10-03 18:00:00,2022,10,1,0,18,0,508.51,21.1,62.14,13.11,0.06,0.06,507.04,513.58,,
2022-10-03 19:00:00,2022,10,1,0,19,0,519.28,23.09,54.66,10.9,0.17,0.16,506.38,513.68,508.51,
2022-10-04 09:00:00,2022,10,2,0,9,0,494.87,20.45,41.83,13.66,0.21,0.19,509.06,514.79,,
2022-10-04 11:00:00,2022,10,2,0,11,0,487.39,28.37,78.9,10.76,0.21,0.19,509.2,515.34,,
2022-10-04 12:00:00,2022,10,2,0,12,0,566.08,34.56,74.16,14.7,0.78,0.58,509.04,516.12,487.39,
2022-10-04 15:00:00,2022,10,2,0,15,0,615.08,19.26,65.07,5.84,0.42,0.35,522.16,516.2,,
2022-10-04 18:00:00,2022,10,2,0,18,0,533.65,15.0,45.54,1.2,0.12,0.11,523.74,516.97,,508.51
2022-10-04 20:00:00,2022,10,2,0,20,0,533.01,40.0,68.85,0.61,0.28,0.25,522.19,517.29,,
2022-10-05 00:00:00,2022,10,3,0,0,0,483.81,26.71,65.94,0.82,0.13,0.12,510.59,516.46,,
2022-10-05 05:00:00,2022,10,3,0,5,0,491.62,25.08,81.21,0.67,0.12,0.11,501.62,514.91,,
2022-10-05 14:00:00,2022,10,3,0,14,0,445.25,34.08,42.56,12.56,0.2,0.18,486.64,513.29,,
2022-10-05 15:00:00,2022,10,3,0,15,0,454.14,16.28,77.97,12.76,0.02,0.02,479.69,512.84,445.25,620.89
2022-10-05 19:00:00,2022,10,3,0,19,0,558.96,20.06,75.42,2.0,0.1,0.1,486.06,514.7,,
2022-10-05 21:00:00,2022,10,3,0,21,0,539.25,25.18,66.19,8.07,0.23,0.21,489.08,515.77,,
2022-10-06 05:00:00,2022,10,4,0,5,0,438.96,26.28,70.53,10.24,0.01,0.01,495.19,515.74,,491.62
2022-10-06 13:00:00,2022,10,4,0,13,0,482.9,28.09,52.01,8.39,0.15,0.14,496.55,514.43,,
2022-10-06 23:00:00,2022,10,4,0,23,0,438.51,15.0,46.65,5.56,0.07,0.07,481.99,513.33,,
2022-10-07 04:00:00,2022,10,5,0,4,0,505.51,27.61,85.95,13.62,0.21,0.19,486.73,514.21,,
2022-10-07 05:00:00,2022,10,5,0,5,0,507.34,25.29,40.86,10.6,0.02,0.02,489.58,514.24,505.51,438.96
2022-10-07 09:00:00,2022,10,5,0,9,0,514.52,40.0,57.23,12.36,0.38,0.32,496.96,514.08,,
2022-10-07 10:00:00,2022,10,5,0,10,0,592.61,33.26,87.18,10.76,0.09,0.09,503.7,514.74,514.52,
2022-10-07 18:00:00,2022,10,5,0,18,0,485.47,20.8,77.99,12.77,0.43,0.36,508.66,514.42,,
2022-10-07 22:00:00,2022,10,5,0,22,0,548.05,36.58,70.19,0.47,0.07,0.07,515.43,516.18,,
2022-10-08 00:00:00,2022,10,6,1,0,1,553.52,16.12,85.1,1.75,0.01,0.01,515.39,517.19,,
2022-10-08 09:00:00,2022,10,6,1,9,1,500.49,23.57,58.18,12.18,0.08,0.08,517.45,517.14,,514.52
2022-10-08 23:00:00,2022,10,6,1,23,1,520.79,21.08,36.34,1.12,0.07,0.07,511.79,515.36,,
2022-10-09 01:00:00,2022,10,7,1,1,1,460.82,23.99,87.55,1.95,0.19,0.17,504.03,514.33,,
2022-10-09 10:00:00,2022,10,7,1,10,1,524.44,15.0,65.85,10.75,0.56,0.44,506.23,515.32,,
2022-10-09 13:00:00,2022,10,7,1,13,1,501.36,17.02,82.42,8.6,0.26,0.23,504.0,515.05,,
2022-10-09 16:00:00,2022,10,7,1,16,1,453.57,23.03,89.41,13.1,0.2,0.18,501.81,514.77,,
2022-10-09 17:00:00,2022,10,7,1,17,1,543.68,27.28,77.14,5.18,0.02,0.02,506.29,514.82,453.57,
2022-10-09 18:00:00,2022,10,7,1,18,1,499.69,15.0,36.01,0.84,0.1,0.1,503.64,514.89,543.68,
2022-10-10 03:00:00,2022,10,1,0,3,0,500.42,31.53,88.36,2.44,0.15,0.14,493.82,514.56,,
2022-10-10 06:00:00,2022,10,1,0,6,0,435.86,26.7,80.48,3.78,0.12,0.11,486.84,512.5,,
2022-10-10 09:00:00,2022,10,1,0,9,0,486.09,15.0,64.93,11.41,0.0,0.0,488.84,511.88,,
2022-10-10 10:00:00,2022,10,1,0,10,0,398.79,21.61,83.08,2.67,0.3,0.26,483.6,510.83,486.09,524.44
2022-10-10 21:00:00,2022,10,1,0,21,0,526.73,30.58,58.32,9.06,0.22,0.2,484.73,510.84,,
2022-10-11 01:00:00,2022,10,2,0,1,0,492.89,26.41,84.33,9.59,0.13,0.12,487.32,509.53,,
2022-10-11 09:00:00,2022,10,2,0,9,0,523.31,17.45,89.26,6.9,0.11,0.1,479.34,507.55,,486.09
2022-10-12 03:00:00,2022,10,3,0,3,0,445.96,35.81,78.08,0.68,0.34,0.29,489.55,506.5,,
2022-10-12 07:00:00,2022,10,3,0,7,0,485.09,26.46,47.89,3.86,0.1,0.1,494.34,506.64,,
2022-10-12 08:00:00,2022,10,3,0,8,0,530.93,40.0,35.87,10.42,0.01,0.01,495.61,506.87,485.09,
2022-10-12 09:00:00,2022,10,3,0,9,0,557.21,33.68,63.02,0.09,0.39,0.33,497.03,506.92,530.93,523.31
2022-10-12 13:00:00,2022,10,3,0,13,0,563.65,28.64,54.35,11.83,0.04,0.04,501.66,507.31,,
2022-10-12 14:00:00,2022,10,3,0,14,0,459.37,37.47,65.02,2.92,0.0,0.0,497.35,507.4,563.65,
2022-10-12 16:00:00,2022,10,3,0,16,0,486.87,23.59,68.69,12.64,0.06,0.06,497.28,507.91,,
2022-10-12 20:00:00,2022,10,3,0,20,0,417.67,39.58,36.67,2.5,0.12,0.11,504.95,508.06,,
2022-10-13 03:00:00,2022,10,4,0,3,0,546.49,23.44,63.36,11.18,0.22,0.2,502.62,506.79,,445.96
2022-10-13 07:00:00,2022,10,4,0,7,0,615.08,34.44,41.75,0.05,0.03,0.03,512.73,509.41,,485.09
2022-10-13 13:00:00,2022,10,4,0,13,0,479.8,21.88,73.93,1.58,0.15,0.14,513.71,509.81,,563.65
2022-10-13 20:00:00,2022,10,4,0,20,0,548.99,25.13,51.19,3.77,0.03,0.03,500.41,509.9,,417.67
2022-10-13 22:00:00,2022,10,4,0,22,0,589.21,29.93,86.97,10.38,0.1,0.1,507.2,509.97,,
2022-10-14 02:00:00,2022,10,5,0,2,0,468.61,37.68,87.96,14.16,0.23,0.21,508.33,509.76,,
2022-10-14 09:00:00,2022,10,5,0,9,0,473.41,24.0,86.79,0.88,0.12,0.11,492.98,508.45,,
2022-10-14 15:00:00,2022,10,5,0,15,0,429.12,30.99,47.96,14.92,0.33,0.29,485.76,507.67,,
2022-10-15 04:00:00,2022,10,6,1,4,1,517.55,24.83,52.35,3.67,0.15,0.14,494.87,505.62,,
2022-10-15 11:00:00,2022,10,6,1,11,1,501.71,19.03,30.7,2.14,0.12,0.11,501.74,505.44,,
2022-10-15 16:00:00,2022,10,6,1,16,1,544.05,17.32,36.37,4.83,0.26,0.23,509.71,506.01,,
2022-10-15 18:00:00,2022,10,6,1,18,1,566.11,25.91,57.28,9.47,0.43,0.36,504.45,506.05,,
2022-10-16 08:00:00,2022,10,7,1,8,1,530.53,15.0,32.67,6.28,0.0,0.0,511.64,506.76,,
2022-10-16 09:00:00,2022,10,7,1,9,1,578.7,38.46,58.51,4.58,0.0,0.0,512.32,506.75,530.53,
2022-10-16 11:00:00,2022,10,7,1,11,1,494.14,27.54,67.38,1.05,0.66,0.51,510.28,506.63,,501.71
2022-10-17 00:00:00,2022,10,1,0,0,0,476.88,21.12,43.01,14.65,0.01,0.01,517.88,509.85,,
2022-10-17 05:00:00,2022,10,1,0,5,0,455.39,15.0,60.06,7.02,0.36,0.31,518.04,509.92,,
2022-10-17 06:00:00,2022,10,1,0,6,0,491.44,20.39,57.28,11.98,0.16,0.15,517.46,510.26,455.39,
2022-10-17 07:00:00,2022,10,1,0,7,0,477.11,31.82,68.15,2.76,0.0,0.0,513.62,509.84,491.44,
2022-10-17 10:00:00,2022,10,1,0,10,0,494.97,24.18,55.0,11.17,0.11,0.1,506.46,509.76,,
2022-10-18 10:00:00,2022,10,2,0,10,0,535.55,33.02,83.34,8.6,0.03,0.03,496.21,511.48,,494.97
2022-10-18 17:00:00,2022,10,2,0,17,0,473.13,22.07,62.62,4.09,0.4,0.34,487.82,511.02,,
2022-10-18 20:00:00,2022,10,2,0,20,0,439.68,21.55,41.79,13.36,0.04,0.04,487.95,510.64,,
2022-10-19 02:00:00,2022,10,3,0,2,0,499.49,19.68,86.93,14.25,0.1,0.1,498.84,511.63,,
2022-10-19 14:00:00,2022,10,3,0,14,0,611.86,22.82,60.63,7.61,0.26,0.23,510.24,513.84,,
2022-10-19 16:00:00,2022,10,3,0,16,0,549.19,16.55,32.11,9.23,0.21,0.19,516.76,514.07,,
2022-10-19 23:00:00,2022,10,3,0,23,0,541.82,37.51,86.33,5.54,0.07,0.07,512.23,512.75,,
2022-10-20 00:00:00,2022,10,4,0,0,0,435.07,29.69,52.49,12.64,0.09,0.09,508.62,512.2,541.82,
2022-10-20 03:00:00,2022,10,4,0,3,0,484.93,27.27,45.07,11.9,0.14,0.13,509.52,512.6,,
2022-10-20 04:00:00,2022,10,4,0,4,0,524.83,35.4,41.34,10.34,0.36,0.31,509.93,512.18,484.93,
2022-10-20 09:00:00,2022,10,4,0,9,0,578.67,28.18,67.07,5.13,0.25,0.22,512.49,512.43,,
2022-10-20 10:00:00,2022,10,4,0,10,0,496.68,23.65,77.75,11.72,0.26,0.23,510.18,512.24,578.67,
2022-10-20 16:00:00,2022,10,4,0,16,0,598.05,22.76,72.26,10.41,0.02,0.02,504.89,513.28,,549.19
2022-10-20 17:00:00,2022,10,4,0,17,0,432.78,24.18,53.83,14.75,0.85,0.62,503.43,513.18,598.05,
2022-10-21 00:00:00,2022,10,5,0,0,0,524.79,22.02,35.18,2.29,0.23,0.21,506.72,511.98,,435.07
2022-10-21 08:00:00,2022,10,5,0,8,0,499.3,33.31,39.29,3.26,0.09,0.09,498.96,512.67,,
2022-10-21 13:00:00,2022,10,5,0,13,0,486.79,30.68,54.37,14.02,0.2,0.18,490.16,512.37,,
2022-10-21 16:00:00,2022,10,5,0,16,0,584.64,24.96,77.89,3.76,0.09,0.09,488.61,513.64,,598.05
2022-10-21 22:00:00,2022,10,5,0,22,0,543.27,29.8,74.01,14.54,0.53,0.43,491.85,512.38,,
2022-10-22 10:00:00,2022,10,6,1,10,1,512.95,37.08,51.07,1.73,0.16,0.15,492.46,511.78,,
2022-10-22 14:00:00,2022,10,6,1,14,1,455.73,34.55,81.19,8.66,0.54,0.43,501.53,512.15,,
2022-10-22 21:00:00,2022,10,6,1,21,1,567.15,24.51,78.94,0.29,0.06,0.06,509.79,513.1,,
2022-10-23 15:00:00,2022,10,7,1,15,1,509.8,27.75,77.8,11.3,0.35,0.3,507.25,510.72,,
2022-10-23 18:00:00,2022,10,7,1,18,1,462.98,17.33,77.33,8.14,0.23,0.21,500.57,509.1,,
2022-10-23 19:00:00,2022,10,7,1,19,1,504.92,29.31,71.58,6.15,0.12,0.11,497.71,509.23,462.98,
2022-10-23 20:00:00,2022,10,7,1,20,1,516.4,26.27,76.61,2.38,0.49,0.4,498.98,509.26,504.92,
2022-10-24 02:00:00,2022,10,1,0,2,0,484.9,21.15,70.65,10.19,0.77,0.57,492.46,508.03,,
2022-10-24 03:00:00,2022,10,1,0,3,0,498.35,23.81,33.56,9.56,0.04,0.04,489.79,508.01,484.9,
2022-10-24 08:00:00,2022,10,1,0,8,0,511.05,20.36,49.8,8.58,0.49,0.4,484.54,507.97,,
2022-10-25 07:00:00,2022,10,2,0,7,0,451.9,30.61,71.02,0.44,0.0,0.0,494.65,508.26,,
2022-10-25 09:00:00,2022,10,2,0,9,0,577.98,36.94,76.07,0.98,0.19,0.17,500.97,509.39,,
2022-10-25 10:00:00,2022,10,2,0,10,0,603.69,22.11,63.24,1.76,0.05,0.05,504.45,509.8,577.98,
2022-10-25 11:00:00,2022,10,2,0,11,0,609.53,19.59,48.28,8.85,0.23,0.21,506.09,510.53,603.69,
2022-10-25 13:00:00,2022,10,2,0,13,0,455.79,25.43,49.41,10.56,0.1,0.1,500.73,510.27,,
2022-10-25 20:00:00,2022,10,2,0,20,0,401.51,23.74,48.92,4.81,0.49,0.4,507.38,511.64,,
2022-10-25 22:00:00,2022,10,2,0,22,0,526.22,23.55,32.62,0.74,0.04,0.04,513.62,511.42,,
2022-10-26 00:00:00,2022,10,3,0,0,0,501.21,19.19,33.21,4.97,0.24,0.22,510.25,511.14,,
2022-10-26 01:00:00,2022,10,3,0,1,0,509.04,27.96,69.09,5.13,0.37,0.31,511.81,510.95,501.21,
2022-10-27 06:00:00,2022,10,4,0,6,0,520.32,31.13,89.6,1.64,0.29,0.25,515.55,512.83,,
2022-10-27 15:00:00,2022,10,4,0,15,0,556.72,15.0,45.8,10.99,0.04,0.04,521.53,512.24,,
2022-10-28 04:00:00,2022,10,5,0,4,0,500.21,17.28,37.24,9.84,0.33,0.29,493.96,511.15,,
2022-10-28 09:00:00,2022,10,5,0,9,0,498.94,26.81,46.1,12.77,0.3,0.26,490.1,511.25,,
2022-10-28 15:00:00,2022,10,5,0,15,0,606.08,31.6,66.5,2.19,0.01,0.01,494.17,512.97,,556.72
2022-10-28 16:00:00,2022,10,5,0,16,0,511.11,31.34,82.95,9.93,0.2,0.18,494.09,512.53,606.08,
2022-10-28 18:00:00,2022,10,5,0,18,0,429.18,31.17,79.29,3.74,0.03,0.03,495.84,513.64,,
2022-10-28 21:00:00,2022,10,5,0,21,0,493.89,24.01,49.45,4.71,0.11,0.1,498.3,513.02,,
2022-10-29 00:00:00,2022,10,6,1,0,1,502.69,30.58,81.09,13.51,0.23,0.21,501.49,512.12,,
2022-10-29 02:00:00,2022,10,6,1,2,1,494.48,28.0,82.67,14.83,0.3,0.26,503.18,513.0,,
2022-10-29 16:00:00,2022,10,6,1,16,1,556.68,22.86,81.17,2.32,0.54,0.43,485.44,510.74,,511.11
2022-10-29 20:00:00,2022,10,6,1,20,1,560.31,24.37,89.4,1.6,0.16,0.15,489.75,510.54,,
2022-10-29 21:00:00,2022,10,6,1,21,1,521.27,19.48,56.73,8.32,0.77,0.57,490.89,510.27,560.31,493.89
2022-10-30 01:00:00,2022,10,7,1,1,1,571.13,31.63,87.63,12.52,0.53,0.43,498.08,511.71,,
2022-10-30 10:00:00,2022,10,7,1,10,1,581.43,25.99,76.37,11.67,0.15,0.14,511.28,512.06,,
2022-10-30 13:00:00,2022,10,7,1,13,1,524.84,27.62,72.17,5.03,0.31,0.27,509.4,511.71,,
2022-10-30 16:00:00,2022,10,7,1,16,1,483.52,36.87,61.13,14.87,0.1,0.1,508.61,511.77,,556.68
2022-10-31 04:00:00,2022,10,1,0,4,0,529.34,23.42,71.82,4.89,0.28,0.25,495.94,512.33,,
2022-10-31 09:00:00,2022,10,1,0,9,0,528.94,34.05,88.91,9.57,0.04,0.04,490.14,512.42,,
2022-10-31 17:00:00,2022,10,1,0,17,0,509.67,24.62,64.11,10.97,0.05,0.05,497.08,512.66,,
2022-11-01 00:00:00,2022,11,2,0,0,0,525.56,28.73,46.98,5.16,0.18,0.17,494.33,513.0,,
2022-11-01 03:00:00,2022,11,2,0,3,0,483.53,29.32,74.07,11.21,0.23,0.21,499.17,513.6,,
2022-11-01 10:00:00,2022,11,2,0,10,0,525.19,34.15,87.76,1.66,0.67,0.51,501.45,511.8,,
2022-11-01 15:00:00,2022,11,2,0,15,0,506.77,28.63,67.61,1.81,0.06,0.06,495.05,510.33,,
2022-11-01 17:00:00,2022,11,2,0,17,0,569.7,29.68,48.58,5.33,0.35,0.3,496.6,510.66,,509.67
2022-11-01 20:00:00,2022,11,2,0,20,0,532.85,36.88,84.81,2.86,0.01,0.01,492.99,511.01,,
2022-11-01 23:00:00,2022,11,2,0,23,0,461.11,18.25,42.49,9.58,0.07,0.07,490.64,510.0,,
2022-11-02 00:00:00,2022,11,3,0,0,0,532.85,35.31,70.87,4.57,0.03,0.03,483.33,509.08,461.11,525.56
2022-11-02 02:00:00,2022,11,3,0,2,0,547.0,28.08,83.66,7.61,0.08,0.08,486.89,509.41,,
2022-11-02 03:00:00,2022,11,3,0,3,0,545.83,24.33,53.11,6.04,0.18,0.17,489.49,509.48,547.0,483.53
2022-11-02 12:00:00,2022,11,3,0,12,0,516.45,36.72,88.66,14.62,0.15,0.14,497.25,509.42,,
2022-11-02 13:00:00,2022,11,3,0,13,0,579.06,24.02,73.38,1.7,0.23,0.21,503.02,510.24,516.45,
2022-11-02 16:00:00,2022,11,3,0,16,0,447.79,40.0,68.59,2.4,0.64,0.49,502.33,510.31,,
2022-11-02 18:00:00,2022,11,3,0,18,0,545.12,27.63,72.48,6.89,0.2,0.18,503.25,510.49,,
2022-11-03 04:00:00,2022,11,4,0,4,0,456.34,21.15,74.81,8.51,0.35,0.3,517.05,510.23,,
2022-11-03 15:00:00,2022,11,4,0,15,0,425.95,21.52,64.23,5.32,0.05,0.05,516.55,509.99,,
2022-11-03 18:00:00,2022,11,4,0,18,0,456.34,40.0,54.09,6.25,0.0,0.0,508.37,508.76,,545.12
2022-11-03 19:00:00,2022,11,4,0,19,0,436.14,25.04,32.7,6.46,0.03,0.03,503.15,508.74,456.34,
2022-11-03 21:00:00,2022,11,4,0,21,0,511.45,23.85,43.09,9.61,0.66,0.51,504.33,509.49,,
2022-11-03 23:00:00,2022,11,4,0,23,0,501.3,24.68,44.11,1.08,0.41,0.34,505.1,509.94,,
2022-11-04 01:00:00,2022,11,5,0,1,0,447.89,40.0,59.0,2.31,0.42,0.35,502.95,510.21,,
2022-11-04 05:00:00,2022,11,5,0,5,0,449.08,15.0,83.18,12.61,0.63,0.49,487.12,509.43,,
2022-11-04 06:00:00,2022,11,5,0,6,0,527.7,20.6,49.11,6.75,0.33,0.29,488.25,509.92,449.08,
2022-11-04 07:00:00,2022,11,5,0,7,0,401.62,27.96,81.47,3.77,0.04,0.04,484.55,509.21,527.7,
2022-11-04 13:00:00,2022,11,5,0,13,0,460.42,18.09,72.63,11.21,0.34,0.29,476.49,508.1,,
2022-11-04 17:00:00,2022,11,5,0,17,0,508.04,33.47,67.37,8.48,0.65,0.5,493.28,508.22,,
2022-11-04 19:00:00,2022,11,5,0,19,0,572.24,25.54,81.87,10.76,0.02,0.02,501.24,509.23,,436.14
2022-11-05 00:00:00,2022,11,6,1,0,1,519.54,19.97,59.09,2.32,0.1,0.1,497.02,509.79,,
2022-11-05 01:00:00,2022,11,6,1,1,1,494.63,22.02,49.84,5.85,0.09,0.09,498.96,509.88,519.54,447.89
2022-11-05 02:00:00,2022,11,6,1,2,1,545.37,29.65,58.07,14.62,0.37,0.31,504.87,510.19,494.63,
2022-11-05 13:00:00,2022,11,6,1,13,1,502.89,20.46,67.51,10.07,0.02,0.02,514.48,511.45,,460.42
2022-11-06 00:00:00,2022,11,7,1,0,1,526.71,15.41,67.55,5.76,0.15,0.14,505.29,511.39,,519.54
2022-11-06 05:00:00,2022,11,7,1,5,1,520.8,29.72,72.35,13.15,0.04,0.04,502.27,509.67,,
2022-11-06 09:00:00,2022,11,7,1,9,1,491.02,25.41,63.0,1.35,0.01,0.01,500.59,510.12,,
2022-11-06 22:00:00,2022,11,7,1,22,1,520.09,25.44,75.25,1.63,0.06,0.06,505.82,512.22,,
2022-11-06 23:00:00,2022,11,7,1,23,1,461.36,15.74,32.1,8.15,0.15,0.14,504.09,511.41,520.09,
2022-11-07 00:00:00,2022,11,1,0,0,0,557.14,25.43,41.24,14.36,0.02,0.02,505.35,511.48,461.36,526.71
2022-11-07 01:00:00,2022,11,1,0,1,0,528.26,23.48,56.07,8.26,0.02,0.02,509.19,511.86,557.14,
2022-11-07 07:00:00,2022,11,1,0,7,0,459.25,26.03,42.9,14.05,0.75,0.56,512.48,513.67,,
2022-11-07 11:00:00,2022,11,1,0,11,0,394.99,30.49,52.88,1.35,0.74,0.55,508.08,512.29,,
2022-11-07 14:00:00,2022,11,1,0,14,0,576.07,30.38,53.35,0.01,0.31,0.27,509.93,512.69,,
2022-11-07 15:00:00,2022,11,1,0,15,0,563.01,34.38,76.82,14.1,0.07,0.07,512.16,513.43,576.07,
2022-11-07 21:00:00,2022,11,1,0,21,0,443.95,38.49,68.28,0.15,0.19,0.17,508.0,513.13,,
2022-11-08 01:00:00,2022,11,2,0,1,0,469.51,32.08,74.43,5.36,0.04,0.04,505.43,513.27,,528.26
2022-11-08 04:00:00,2022,11,2,0,4,0,484.47,21.95,83.93,11.05,0.04,0.04,509.32,513.72,,
2022-11-08 10:00:00,2022,11,2,0,10,0,490.85,15.0,78.13,8.5,0.04,0.04,510.52,514.31,,
2022-11-08 18:00:00,2022,11,2,0,18,0,593.11,25.17,47.45,3.84,0.32,0.28,508.21,515.76,,
2022-11-08 21:00:00,2022,11,2,0,21,0,571.71,15.16,80.94,11.37,0.12,0.11,521.34,517.39,,443.95
2022-11-09 01:00:00,2022,11,3,0,1,0,475.39,17.29,80.99,2.71,0.36,0.31,521.8,518.7,,469.51
2022-11-09 06:00:00,2022,11,3,0,6,0,456.28,21.17,63.17,8.95,0.02,0.02,509.12,516.31,,
2022-11-09 14:00:00,2022,11,3,0,14,0,469.5,19.13,59.71,9.0,0.27,0.24,499.18,514.37,,
2022-11-09 16:00:00,2022,11,3,0,16,0,450.06,28.16,74.96,1.28,0.09,0.09,490.89,514.35,,
2022-11-10 09:00:00,2022,11,4,0,9,0,403.32,20.46,44.01,1.46,0.18,0.17,473.17,509.49,,
2022-11-10 11:00:00,2022,11,4,0,11,0,553.14,38.88,30.89,13.6,0.06,0.06,478.21,510.21,,
2022-11-11 02:00:00,2022,11,5,0,2,0,450.79,16.16,84.87,10.32,0.08,0.08,506.7,513.02,,
2022-11-11 03:00:00,2022,11,5,0,3,0,458.01,25.07,34.6,5.57,0.81,0.59,505.25,512.55,450.79,
2022-11-11 05:00:00,2022,11,5,0,5,0,534.19,19.83,89.62,12.95,0.18,0.17,507.77,513.63,,
2022-11-11 08:00:00,2022,11,5,0,8,0,501.25,28.14,84.41,1.26,0.39,0.33,503.99,513.37,,
2022-11-11 09:00:00,2022,11,5,0,9,0,530.82,35.63,59.0,13.68,0.56,0.44,509.3,514.28,501.25,403.32
2022-11-11 18:00:00,2022,11,5,0,18,0,481.35,30.45,85.96,14.13,0.97,0.68,501.53,512.51,,
2022-11-11 23:00:00,2022,11,5,0,23,0,540.72,32.75,65.02,4.15,0.18,0.17,508.13,513.47,,
2022-11-12 00:00:00,2022,11,6,1,0,1,541.08,33.4,84.06,7.52,0.25,0.22,505.68,513.6,540.72,
2022-11-12 02:00:00,2022,11,6,1,2,1,489.75,15.0,36.74,14.45,0.06,0.06,510.81,513.88,,450.79
2022-11-12 03:00:00,2022,11,6,1,3,1,559.45,21.82,50.42,5.36,0.03,0.03,515.03,514.6,489.75,458.01
2022-11-12 05:00:00,2022,11,6,1,5,1,530.75,30.97,36.82,4.81,0.09,0.09,513.03,514.96,,534.19
2022-11-12 06:00:00,2022,11,6,1,6,1,489.27,27.89,68.45,10.91,0.09,0.09,515.82,514.88,530.75,
2022-11-12 12:00:00,2022,11,6,1,12,1,455.91,15.0,30.94,1.15,0.63,0.49,520.39,513.96,,
2022-11-12 13:00:00,2022,11,6,1,13,1,456.33,37.17,56.51,0.84,0.41,0.34,515.14,513.67,455.91,
2022-11-12 14:00:00,2022,11,6,1,14,1,475.95,28.27,69.52,6.19,0.17,0.16,513.11,513.71,456.33,
2022-11-12 15:00:00,2022,11,6,1,15,1,433.58,27.98,41.27,11.77,0.08,0.08,508.25,513.4,475.95,
2022-11-12 20:00:00,2022,11,6,1,20,1,479.99,21.8,80.1,8.59,0.08,0.08,514.19,513.87,,
2022-11-13 03:00:00,2022,11,7,1,3,1,473.93,36.24,57.75,14.71,0.0,0.0,502.26,514.69,,559.45
2022-11-13 09:00:00,2022,11,7,1,9,1,515.56,25.39,63.89,11.11,0.94,0.66,499.86,514.16,,
2022-11-13 11:00:00,2022,11,7,1,11,1,479.51,24.34,77.66,4.53,0.71,0.54,500.88,514.55,,
2022-11-13 15:00:00,2022,11,7,1,15,1,403.66,24.38,68.72,4.07,0.05,0.05,506.13,513.52,,433.58
2022-11-13 18:00:00,2022,11,7,1,18,1,454.19,40.0,39.74,0.68,0.22,0.2,497.53,512.14,,
2022-11-13 21:00:00,2022,11,7,1,21,1,496.25,28.57,81.55,11.32,0.04,0.04,485.44,511.2,,
2022-11-14 06:00:00,2022,11,1,0,6,0,478.32,26.43,84.24,4.81,0.7,0.53,479.74,509.51,,
2022-11-14 08:00:00,2022,11,1,0,8,0,530.14,20.1,75.35,7.69,0.49,0.4,485.43,509.91,,
2022-11-14 20:00:00,2022,11,1,0,20,0,553.65,39.26,75.25,6.56,0.18,0.17,497.69,509.38,,
2022-11-15 07:00:00,2022,11,2,0,7,0,535.42,29.28,31.74,10.57,0.03,0.03,502.65,509.16,,
2022-11-15 12:00:00,2022,11,2,0,12,0,523.5,15.98,65.11,9.87,0.18,0.17,499.51,508.61,,
2022-11-15 14:00:00,2022,11,2,0,14,0,559.41,22.5,73.3,6.16,0.26,0.23,504.5,509.7,,
2022-11-15 18:00:00,2022,11,2,0,18,0,529.55,23.07,39.81,7.79,0.02,0.02,510.23,509.34,,
2022-11-15 20:00:00,2022,11,2,0,20,0,383.28,25.6,50.26,3.47,0.06,0.06,504.8,507.75,,553.65
2022-11-16 01:00:00,2022,11,3,0,1,0,504.47,26.74,89.73,10.7,0.14,0.13,504.55,507.04,,
2022-11-16 09:00:00,2022,11,3,0,9,0,571.17,25.76,32.65,14.59,0.12,0.11,499.3,507.88,,
2022-11-16 18:00:00,2022,11,3,0,18,0,489.46,31.08,49.25,1.38,0.17,0.16,495.39,510.56,,529.55
2022-11-17 02:00:00,2022,11,4,0,2,0,484.86,25.9,47.04,5.92,0.24,0.22,492.22,510.39,,
2022-11-17 03:00:00,2022,11,4,0,3,0,530.22,33.59,52.59,1.37,0.1,0.1,492.75,510.62,484.86,
2022-11-17 13:00:00,2022,11,4,0,13,0,509.52,23.32,38.08,12.19,0.29,0.25,492.75,510.71,,
2022-11-17 16:00:00,2022,11,4,0,16,0,595.64,23.73,85.35,0.82,0.22,0.2,493.77,510.71,,
2022-11-17 18:00:00,2022,11,4,0,18,0,495.61,30.0,49.52,9.86,0.38,0.32,492.49,510.0,,489.46
2022-11-17 20:00:00,2022,11,4,0,20,0,507.76,24.18,45.22,4.77,0.32,0.28,493.36,509.83,,
2022-11-17 21:00:00,2022,11,4,0,21,0,492.18,16.32,45.71,3.73,0.06,0.06,490.52,509.61,507.76,
2022-11-18 04:00:00,2022,11,5,0,4,0,521.84,30.13,87.0,4.09,0.1,0.1,507.09,509.83,,
2022-11-18 06:00:00,2022,11,5,0,6,0,599.96,24.67,57.24,11.42,0.49,0.4,516.96,510.71,,
2022-11-18 07:00:00,2022,11,5,0,7,0,403.92,17.35,82.96,4.91,0.13,0.12,510.86,510.61,599.96,
2022-11-18 11:00:00,2022,11,5,0,11,0,451.62,25.81,84.45,2.28,0.09,0.09,509.8,510.98,,
2022-11-18 12:00:00,2022,11,5,0,12,0,483.04,32.9,88.65,5.48,0.29,0.25,507.22,511.22,451.62,
2022-11-18 21:00:00,2022,11,5,0,21,0,560.44,36.17,78.52,2.22,0.06,0.06,504.56,509.73,,492.18
2022-11-18 22:00:00,2022,11,5,0,22,0,615.08,24.19,48.5,0.64,0.12,0.11,508.8,510.13,560.44,
2022-11-19 04:00:00,2022,11,6,1,4,1,505.05,34.2,54.66,9.04,0.1,0.1,500.62,508.0,,521.84
2022-11-19 06:00:00,2022,11,6,1,6,1,567.96,23.87,72.53,9.0,0.23,0.21,498.32,508.16,,599.96
2022-11-19 07:00:00,2022,11,6,1,7,1,538.21,17.96,79.19,14.17,0.38,0.32,503.91,508.81,567.96,403.92
2022-11-19 12:00:00,2022,11,6,1,12,1,526.0,29.08,85.03,2.89,0.27,0.24,507.15,509.29,,483.04
2022-11-19 15:00:00,2022,11,6,1,15,1,421.78,32.39,61.6,9.67,0.27,0.24,500.71,509.93,,
2022-11-19 20:00:00,2022,11,6,1,20,1,508.86,26.1,36.78,5.63,0.31,0.27,509.11,508.96,,
2022-11-20 08:00:00,2022,11,7,1,8,1,472.3,17.86,71.19,11.13,0.17,0.16,501.74,509.19,,
2022-11-20 13:00:00,2022,11,7,1,13,1,550.5,30.47,72.92,10.72,0.19,0.17,500.29,508.74,,
2022-11-20 17:00:00,2022,11,7,1,17,1,476.22,28.04,78.27,3.31,0.16,0.15,505.66,510.36,,
2022-11-20 20:00:00,2022,11,7,1,20,1,521.69,15.89,37.19,11.97,0.64,0.49,505.23,511.45,,508.86
2022-11-20 21:00:00,2022,11,7,1,21,1,542.06,28.2,36.94,2.05,0.15,0.14,502.07,511.73,521.69,
2022-11-21 08:00:00,2022,11,1,0,8,0,461.09,28.83,74.11,3.39,0.09,0.09,507.35,512.39,,472.3
2022-11-21 11:00:00,2022,11,1,0,11,0,546.22,26.45,46.8,9.47,0.02,0.02,509.25,511.91,,
2022-11-21 14:00:00,2022,11,1,0,14,0,556.42,20.98,69.03,4.07,0.26,0.23,504.59,511.81,,
2022-11-21 15:00:00,2022,11,1,0,15,0,494.18,36.76,74.46,8.36,0.06,0.06,502.87,512.05,556.42,
2022-11-21 19:00:00,2022,11,1,0,19,0,481.61,30.64,31.85,2.22,0.73,0.55,508.93,513.28,,
2022-11-22 03:00:00,2022,11,2,0,3,0,400.47,17.88,34.25,0.88,0.15,0.14,496.19,511.14,,
2022-11-22 04:00:00,2022,11,2,0,4,0,490.79,18.46,68.5,14.55,0.43,0.36,494.87,511.52,400.47,
2022-11-22 12:00:00,2022,11,2,0,12,0,388.45,30.51,71.96,10.73,0.18,0.17,485.07,509.37,,
2022-11-22 14:00:00,2022,11,2,0,14,0,440.7,31.4,51.79,10.54,0.1,0.1,480.62,508.33,,556.42
2022-11-23 02:00:00,2022,11,3,0,2,0,507.89,34.63,70.07,2.99,0.12,0.11,478.94,508.09,,
2022-11-23 06:00:00,2022,11,3,0,6,0,532.43,25.58,88.38,3.91,0.02,0.02,484.97,508.78,,
2022-11-23 09:00:00,2022,11,3,0,9,0,583.94,29.39,43.28,0.68,0.22,0.2,487.32,508.4,,
2022-11-23 10:00:00,2022,11,3,0,10,0,492.53,38.5,80.93,9.78,0.11,0.1,488.12,508.44,583.94,
2022-11-23 21:00:00,2022,11,3,0,21,0,458.72,24.11,69.18,13.86,0.09,0.09,499.29,508.5,,
2022-11-24 02:00:00,2022,11,4,0,2,0,520.12,27.53,68.67,9.77,0.22,0.2,502.58,509.59,,507.89
2022-11-24 04:00:00,2022,11,4,0,4,0,508.67,25.52,88.35,11.72,0.1,0.1,505.07,510.33,,
2022-11-24 07:00:00,2022,11,4,0,7,0,587.81,26.49,32.34,5.91,0.13,0.12,508.22,511.17,,
2022-11-24 15:00:00,2022,11,4,0,15,0,444.04,24.87,42.62,9.76,0.03,0.03,517.34,511.8,,
2022-11-25 09:00:00,2022,11,5,0,9,0,397.03,25.18,49.58,14.47,0.25,0.22,495.52,509.04,,
2022-11-25 14:00:00,2022,11,5,0,14,0,533.67,16.91,82.82,7.84,0.1,0.1,495.41,510.7,,
2022-11-25 17:00:00,2022,11,5,0,17,0,514.81,32.1,49.54,5.74,0.21,0.19,499.13,511.24,,
2022-11-25 21:00:00,2022,11,5,0,21,0,494.24,30.37,58.54,8.73,0.35,0.3,501.03,511.66,,
2022-11-26 00:00:00,2022,11,6,1,0,1,450.6,16.29,61.26,1.47,0.08,0.08,499.17,510.89,,
2022-11-26 06:00:00,2022,11,6,1,6,1,527.62,24.02,87.89,4.64,0.11,0.1,505.55,510.2,,
2022-11-26 16:00:00,2022,11,6,1,16,1,450.06,31.2,78.19,6.45,0.01,0.01,497.08,510.22,,
2022-11-26 17:00:00,2022,11,6,1,17,1,503.3,31.75,43.79,5.63,0.04,0.04,496.6,510.34,450.06,514.81
2022-11-27 00:00:00,2022,11,7,1,0,1,438.3,15.42,81.44,0.16,0.11,0.1,499.08,509.54,,450.6
2022-11-27 05:00:00,2022,11,7,1,5,1,466.03,26.13,31.18,10.54,0.02,0.02,498.96,508.96,,
2022-11-27 08:00:00,2022,11,7,1,8,1,458.51,34.87,80.43,13.73,0.07,0.07,492.44,508.13,,
2022-11-28 02:00:00,2022,11,1,0,2,0,552.38,19.07,66.72,0.96,0.03,0.03,483.12,506.74,,
2022-11-28 03:00:00,2022,11,1,0,3,0,470.89,15.43,40.78,9.2,0.07,0.07,484.05,506.27,552.38,
2022-11-28 06:00:00,2022,11,1,0,6,0,509.4,25.97,32.75,13.56,0.04,0.04,483.99,505.23,,
2022-11-28 09:00:00,2022,11,1,0,9,0,398.23,29.26,62.08,5.95,0.06,0.06,485.76,505.07,,
2022-11-28 14:00:00,2022,11,1,0,14,0,565.64,16.07,74.27,0.84,0.44,0.36,494.43,505.54,,
2022-11-28 17:00:00,2022,11,1,0,17,0,383.28,37.08,45.5,3.41,0.0,0.0,490.89,503.48,,
2022-11-28 19:00:00,2022,11,1,0,19,0,455.32,22.96,68.51,1.79,0.39,0.33,489.75,503.49,,
2022-11-29 03:00:00,2022,11,2,0,3,0,532.34,23.94,77.88,2.41,0.16,0.15,491.87,505.64,,470.89
2022-11-29 06:00:00,2022,11,2,0,6,0,551.53,22.07,45.09,11.35,0.12,0.11,498.05,506.15,,509.4
2022-11-29 08:00:00,2022,11,2,0,8,0,490.93,28.52,42.16,4.9,0.21,0.19,494.58,505.56,,
2022-11-29 19:00:00,2022,11,2,0,19,0,508.65,15.0,38.76,6.9,0.16,0.15,510.78,508.83,,455.32
2022-11-29 20:00:00,2022,11,2,0,20,0,495.04,22.61,87.54,11.48,0.17,0.16,509.32,508.78,508.65,
2022-11-29 21:00:00,2022,11,2,0,21,0,568.4,15.89,74.22,8.68,0.53,0.43,513.22,509.02,495.04,
2022-11-29 22:00:00,2022,11,2,0,22,0,494.95,27.91,36.77,5.09,0.01,0.01,508.8,508.9,568.4,
2022-11-30 16:00:00,2022,11,3,0,16,0,502.35,26.12,71.47,3.34,0.1,0.1,505.91,508.77,,
2022-11-30 17:00:00,2022,11,3,0,17,0,544.68,24.91,59.36,13.44,0.65,0.5,505.38,508.98,502.35,
2022-11-30 19:00:00,2022,11,3,0,19,0,570.49,20.65,35.78,1.84,0.29,0.25,505.08,509.56,,508.65
2022-11-30 20:00:00,2022,11,3,0,20,0,576.7,15.77,39.49,11.97,0.19,0.17,508.48,509.69,570.49,495.04
2022-11-30 21:00:00,2022,11,3,0,21,0,576.24,20.57,72.43,11.86,0.33,0.29,508.81,510.4,576.7,568.4
2022-11-30 23:00:00,2022,11,3,0,23,0,476.09,24.39,84.6,3.34,0.47,0.39,505.52,510.37,,
2022-12-01 03:00:00,2022,12,4,0,3,0,383.28,23.78,62.92,10.25,0.85,0.62,509.65,509.78,,
2022-12-01 04:00:00,2022,12,4,0,4,0,515.29,36.18,69.07,11.54,0.27,0.24,508.25,509.82,370.24,
2022-12-01 10:00:00,2022,12,4,0,10,0,467.64,24.37,62.86,12.68,0.77,0.57,499.55,508.1,,
2022-12-01 15:00:00,2022,12,4,0,15,0,456.11,37.95,38.17,6.84,0.43,0.36,500.91,507.05,,
2022-12-01 22:00:00,2022,12,4,0,22,0,493.33,30.7,70.29,11.53,0.21,0.19,493.24,507.22,,
2022-12-01 23:00:00,2022,12,4,0,23,0,510.13,25.59,41.15,4.67,0.04,0.04,494.66,507.64,493.33,476.09
2022-12-02 02:00:00,2022,12,5,0,2,0,484.67,15.0,65.94,12.77,0.01,0.01,492.2,507.9,,
2022-12-02 10:00:00,2022,12,5,0,10,0,487.36,34.97,48.21,1.81,0.2,0.18,515.16,510.39,,467.64
2022-12-02 14:00:00,2022,12,5,0,14,0,485.23,23.41,33.32,10.57,0.1,0.1,513.72,509.65,,
2022-12-02 15:00:00,2022,12,5,0,15,0,603.33,15.0,57.14,0.82,0.72,0.54,519.85,509.57,485.23,456.11
2022-12-02 16:00:00,2022,12,5,0,16,0,436.34,21.7,86.0,1.03,0.19,0.17,515.87,508.92,603.33,
2022-12-02 20:00:00,2022,12,5,0,20,0,508.38,24.12,76.48,8.68,0.03,0.03,513.64,508.75,,
2022-12-02 22:00:00,2022,12,5,0,22,0,547.51,25.27,30.21,6.06,0.07,0.07,515.91,509.44,,493.33
2022-12-02 23:00:00,2022,12,5,0,23,0,554.07,35.88,32.49,11.08,0.42,0.35,517.74,509.6,547.51,510.13
2022-12-03 01:00:00,2022,12,6,1,1,1,442.82,24.82,37.74,4.26,0.01,0.01,511.21,509.07,,
2022-12-03 05:00:00,2022,12,6,1,5,1,383.28,33.16,35.1,2.03,0.04,0.04,495.23,508.84,,
2022-12-03 09:00:00,2022,12,6,1,9,1,454.77,16.8,60.87,1.1,0.12,0.11,488.14,508.25,,
2022-12-04 00:00:00,2022,12,7,1,0,1,529.46,28.65,73.67,4.4,0.05,0.05,483.64,507.43,,
2022-12-04 04:00:00,2022,12,7,1,4,1,485.37,16.75,51.6,8.28,1.0,0.69,489.5,508.36,,
2022-12-04 05:00:00,2022,12,7,1,5,1,516.55,26.56,76.28,1.97,0.11,0.1,497.76,508.66,485.37,318.42
2022-12-04 07:00:00,2022,12,7,1,7,1,473.35,15.0,49.01,2.59,0.07,0.07,501.87,509.43,,
2022-12-04 13:00:00,2022,12,7,1,13,1,489.29,15.0,82.68,6.63,0.29,0.25,505.44,510.93,,
2022-12-04 17:00:00,2022,12,7,1,17,1,396.14,25.35,31.23,2.63,0.42,0.35,505.46,511.34,,
2022-12-04 23:00:00,2022,12,7,1,23,1,478.18,34.35,84.42,12.44,0.03,0.03,501.75,510.43,,
2022-12-05 05:00:00,2022,12,1,0,5,0,499.56,27.55,38.31,10.23,0.12,0.11,501.31,511.82,,516.55
2022-12-05 06:00:00,2022,12,1,0,6,0,549.86,22.24,36.66,13.57,0.12,0.11,502.47,512.06,499.56,
2022-12-05 08:00:00,2022,12,1,0,8,0,464.76,31.07,37.81,10.34,0.17,0.16,498.62,511.19,,
2022-12-05 10:00:00,2022,12,1,0,10,0,473.51,15.0,84.3,12.9,0.26,0.23,494.87,511.87,,
2022-12-05 13:00:00,2022,12,1,0,13,0,496.3,30.92,85.75,9.5,0.3,0.26,494.74,511.48,,489.29
2022-12-05 17:00:00,2022,12,1,0,17,0,388.74,31.57,50.06,6.98,0.48,0.39,498.58,512.46,,396.14
2022-12-05 20:00:00,2022,12,1,0,20,0,557.97,15.0,71.23,2.66,0.21,0.19,502.21,513.19,,
2022-12-05 21:00:00,2022,12,1,0,21,0,529.92,15.1,69.69,9.73,0.01,0.01,506.21,513.52,557.97,
2022-12-05 22:00:00,2022,12,1,0,22,0,454.76,32.61,62.02,4.16,0.04,0.04,505.39,512.64,529.92,
2022-12-05 23:00:00,2022,12,1,0,23,0,544.5,26.86,46.12,2.69,0.1,0.1,508.15,512.36,454.76,478.18
2022-12-06 09:00:00,2022,12,2,0,9,0,470.73,34.4,87.94,14.18,0.04,0.04,523.17,515.15,,
2022-12-06 10:00:00,2022,12,2,0,10,0,513.0,18.86,51.07,3.41,0.05,0.05,524.82,515.01,470.73,473.51
2022-12-06 12:00:00,2022,12,2,0,12,0,596.0,20.36,35.05,12.96,0.02,0.02,526.93,515.62,,
2022-12-07 02:00:00,2022,12,3,0,2,0,493.77,17.47,73.98,3.14,0.05,0.05,526.79,516.35,,
2022-12-07 04:00:00,2022,12,3,0,4,0,435.43,20.42,80.83,4.9,0.14,0.13,522.32,516.01,,
2022-12-07 07:00:00,2022,12,3,0,7,0,422.73,29.08,31.91,13.92,0.01,0.01,513.15,515.13,,
2022-12-07 14:00:00,2022,12,3,0,14,0,482.43,22.7,71.51,9.24,0.14,0.13,498.95,514.96,,
2022-12-07 15:00:00,2022,12,3,0,15,0,421.63,27.75,71.93,11.88,0.04,0.04,493.05,514.68,482.43,
2022-12-07 18:00:00,2022,12,3,0,18,0,486.41,16.58,62.41,5.2,0.21,0.19,491.36,513.98,,
2022-12-07 20:00:00,2022,12,3,0,20,0,406.6,22.76,38.03,5.82,0.03,0.03,484.44,512.79,,
2022-12-07 22:00:00,2022,12,3,0,22,0,495.05,18.57,84.64,9.99,0.28,0.25,482.12,512.3,,
2022-12-08 11:00:00,2022,12,4,0,11,0,484.05,23.61,49.84,2.22,0.23,0.21,487.49,513.31,,
2022-12-08 14:00:00,2022,12,4,0,14,0,529.56,34.72,81.79,1.93,0.07,0.07,494.49,513.95,,482.43
2022-12-08 18:00:00,2022,12,4,0,18,0,549.57,21.58,52.21,9.61,0.06,0.06,497.62,513.57,,486.41
2022-12-09 03:00:00,2022,12,5,0,3,0,491.38,20.46,87.5,1.51,0.1,0.1,500.14,512.61,,
2022-12-09 04:00:00,2022,12,5,0,4,0,551.44,21.42,88.29,13.35,0.27,0.24,504.21,512.66,491.38,
2022-12-09 06:00:00,2022,12,5,0,6,0,534.64,19.26,42.19,10.88,0.2,0.18,508.84,512.78,,
2022-12-09 10:00:00,2022,12,5,0,10,0,465.56,22.33,39.47,6.64,0.1,0.1,503.84,511.76,,
2022-12-09 16:00:00,2022,12,5,0,16,0,549.3,29.89,67.52,13.45,0.12,0.11,500.29,511.09,,
2022-12-09 17:00:00,2022,12,5,0,17,0,445.0,31.59,61.47,14.51,0.06,0.06,498.39,510.51,549.3,
2022-12-10 05:00:00,2022,12,6,1,5,1,477.06,19.21,60.92,2.01,0.08,0.08,486.09,510.76,,
2022-12-10 12:00:00,2022,12,6,1,12,1,515.44,40.0,30.17,10.38,0.26,0.23,485.07,511.12,,
2022-12-10 23:00:00,2022,12,6,1,23,1,468.67,25.41,53.62,12.52,0.14,0.13,488.95,511.02,,
2022-12-11 01:00:00,2022,12,7,1,1,1,405.06,27.99,37.3,6.62,0.26,0.23,484.96,509.98,,
2022-12-11 04:00:00,2022,12,7,1,4,1,564.92,23.12,38.35,11.07,0.17,0.16,484.0,508.99,,
2022-12-11 05:00:00,2022,12,7,1,5,1,551.6,36.06,56.49,4.03,0.32,0.28,487.11,509.21,564.92,477.06
2022-12-11 07:00:00,2022,12,7,1,7,1,579.41,32.68,65.69,1.04,0.04,0.04,486.9,509.44,,
2022-12-11 10:00:00,2022,12,7,1,10,1,520.55,17.98,77.6,5.55,0.19,0.17,494.6,510.01,,
2022-12-11 12:00:00,2022,12,7,1,12,1,575.68,21.2,65.43,12.93,0.0,0.0,499.54,510.11,,515.44
2022-12-11 14:00:00,2022,12,7,1,14,1,488.63,25.2,45.16,10.03,0.05,0.05,494.63,509.72,,
2022-12-11 17:00:00,2022,12,7,1,17,1,497.86,21.72,65.77,2.88,0.17,0.16,497.5,510.61,,
2022-12-11 20:00:00,2022,12,7,1,20,1,505.69,36.1,67.79,14.39,0.01,0.01,503.13,510.91,,
2022-12-11 21:00:00,2022,12,7,1,21,1,534.85,15.0,77.7,12.19,0.03,0.03,506.0,511.52,505.69,
2022-12-11 23:00:00,2022,12,7,1,23,1,502.51,37.43,43.05,12.57,0.02,0.02,507.14,511.81,,468.67
2022-12-12 06:00:00,2022,12,1,0,6,0,530.56,26.88,85.25,5.12,0.09,0.09,523.98,511.93,,
2022-12-12 07:00:00,2022,12,1,0,7,0,501.16,15.0,72.05,9.07,0.81,0.59,520.72,512.58,530.56,579.41
2022-12-12 10:00:00,2022,12,1,0,10,0,462.39,22.43,52.91,1.19,0.01,0.01,516.42,513.15,,520.55
2022-12-12 12:00:00,2022,12,1,0,12,0,475.32,39.19,84.27,14.45,0.11,0.1,511.85,512.65,,575.68
2022-12-13 08:00:00,2022,12,2,0,8,0,477.38,25.53,55.1,9.26,0.05,0.05,494.45,509.13,,
2022-12-13 19:00:00,2022,12,2,0,19,0,530.63,29.77,40.52,11.07,0.29,0.25,493.08,507.51,,
2022-12-13 22:00:00,2022,12,2,0,22,0,536.27,17.9,89.88,9.86,0.03,0.03,502.35,507.06,,
2022-12-14 00:00:00,2022,12,3,0,0,0,483.93,35.59,66.4,9.97,0.08,0.08,503.1,506.75,,
2022-12-14 09:00:00,2022,12,3,0,9,0,509.43,24.34,46.53,9.34,0.18,0.17,506.47,508.34,,
2022-12-14 10:00:00,2022,12,3,0,10,0,434.36,35.55,82.36,5.24,0.01,0.01,502.36,507.87,509.43,
2022-12-14 17:00:00,2022,12,3,0,17,0,595.6,24.64,58.59,2.4,0.27,0.24,521.27,511.4,,
2022-12-15 00:00:00,2022,12,4,0,0,0,562.24,19.3,65.11,0.35,0.0,0.0,507.84,511.11,,483.93
2022-12-15 04:00:00,2022,12,4,0,4,0,483.57,28.66,45.24,2.48,0.2,0.18,499.05,509.8,,
2022-12-15 14:00:00,2022,12,4,0,14,0,450.87,23.92,72.87,10.47,0.08,0.08,492.58,509.66,,
2022-12-15 16:00:00,2022,12,4,0,16,0,440.98,18.82,39.86,14.1,0.58,0.46,487.62,509.69,,
2022-12-15 18:00:00,2022,12,4,0,18,0,502.61,24.28,48.49,4.54,0.08,0.08,486.92,509.38,,
2022-12-15 19:00:00,2022,12,4,0,19,0,501.08,25.14,48.16,0.35,0.06,0.06,486.27,509.32,502.61,
2022-12-16 03:00:00,2022,12,5,0,3,0,439.85,26.84,34.98,6.24,0.06,0.06,497.07,509.17,,
2022-12-16 05:00:00,2022,12,5,0,5,0,475.03,16.24,87.54,12.16,0.1,0.1,493.78,508.68,,
2022-12-16 08:00:00,2022,12,5,0,8,0,500.75,15.0,60.11,11.93,0.12,0.11,493.58,508.78,,
2022-12-16 14:00:00,2022,12,5,0,14,0,510.04,20.91,69.47,4.35,0.66,0.51,496.32,509.73,,450.87
2022-12-16 17:00:00,2022,12,5,0,17,0,470.03,21.95,79.83,7.88,0.08,0.08,495.77,509.29,,
2022-12-16 18:00:00,2022,12,5,0,18,0,491.82,21.33,65.78,6.41,0.1,0.1,495.32,509.58,470.03,502.61
2022-12-17 21:00:00,2022,12,6,1,21,1,429.38,28.32,72.87,4.58,0.03,0.03,501.91,511.72,,
2022-12-17 23:00:00,2022,12,6,1,23,1,425.48,27.41,60.64,3.44,0.17,0.16,497.1,511.39,,
2022-12-18 04:00:00,2022,12,7,1,4,1,504.27,38.86,49.24,2.74,0.08,0.08,504.92,513.65,,
2022-12-18 11:00:00,2022,12,7,1,11,1,455.33,28.63,38.54,6.94,0.54,0.43,501.22,511.95,,
2022-12-18 14:00:00,2022,12,7,1,14,1,527.91,25.83,57.76,0.93,0.04,0.04,499.97,511.93,,
2022-12-18 15:00:00,2022,12,7,1,15,1,484.28,30.94,56.66,13.25,0.12,0.11,500.11,511.56,527.91,
2022-12-18 16:00:00,2022,12,7,1,16,1,527.98,35.63,54.15,11.3,0.36,0.31,501.27,511.48,484.28,
2022-12-19 00:00:00,2022,12,1,0,0,0,451.94,28.79,40.21,2.14,0.05,0.05,504.83,511.19,,
2022-12-19 05:00:00,2022,12,1,0,5,0,503.17,31.76,47.03,2.16,0.1,0.1,505.17,511.43,,
2022-12-19 10:00:00,2022,12,1,0,10,0,488.78,27.33,85.96,14.59,0.06,0.06,508.22,511.07,,
2022-12-19 12:00:00,2022,12,1,0,12,0,493.13,34.42,50.75,5.9,0.13,0.12,504.09,510.65,,
2022-12-19 21:00:00,2022,12,1,0,21,0,422.1,23.64,85.08,8.78,0.16,0.15,501.54,510.41,,
2022-12-20 00:00:00,2022,12,2,0,0,0,502.24,15.0,71.21,3.84,0.75,0.56,503.37,511.0,,451.94
2022-12-20 08:00:00,2022,12,2,0,8,0,394.65,21.7,44.08,9.34,0.03,0.03,500.68,511.89,,
2022-12-20 16:00:00,2022,12,2,0,16,0,578.24,26.19,74.88,6.85,0.12,0.11,513.17,513.78,,
2022-12-20 19:00:00,2022,12,2,0,19,0,516.97,20.58,86.25,13.68,0.15,0.14,516.18,514.05,,
2022-12-21 03:00:00,2022,12,3,0,3,0,515.91,40.0,82.21,6.29,0.07,0.07,507.79,512.12,,
2022-12-21 12:00:00,2022,12,3,0,12,0,509.44,21.29,44.27,0.57,0.27,0.24,508.71,512.22,,
2022-12-21 19:00:00,2022,12,3,0,19,0,585.41,15.0,35.46,4.29,0.16,0.15,504.88,512.37,,516.97
2022-12-21 22:00:00,2022,12,3,0,22,0,493.73,30.32,59.25,3.91,0.21,0.19,504.45,512.95,,
2022-12-22 02:00:00,2022,12,4,0,2,0,517.84,27.98,43.03,3.44,0.15,0.14,512.09,513.58,,
2022-12-22 03:00:00,2022,12,4,0,3,0,532.91,24.25,51.45,4.4,0.16,0.15,512.8,514.15,517.84,515.91
2022-12-22 04:00:00,2022,12,4,0,4,0,477.72,27.39,66.09,12.53,0.06,0.06,514.22,514.11,532.91,
2022-12-22 05:00:00,2022,12,4,0,5,0,470.02,24.09,44.27,11.92,0.01,0.01,511.88,513.46,477.72,
2022-12-22 17:00:00,2022,12,4,0,17,0,513.62,23.69,78.02,0.77,0.17,0.16,509.81,515.66,,
2022-12-22 22:00:00,2022,12,4,0,22,0,428.06,21.11,53.22,11.78,0.17,0.16,510.0,515.17,,493.73
2022-12-23 00:00:00,2022,12,5,0,0,0,505.62,26.79,81.11,13.74,0.28,0.25,504.95,514.65,,
2022-12-23 03:00:00,2022,12,5,0,3,0,424.28,24.38,80.28,7.74,0.19,0.17,499.75,514.54,,532.91
2022-12-23 08:00:00,2022,12,5,0,8,0,493.48,36.09,73.93,8.92,0.04,0.04,499.18,513.7,,
2022-12-23 12:00:00,2022,12,5,0,12,0,548.96,27.99,60.23,4.93,0.07,0.07,504.19,514.91,,
2022-12-23 14:00:00,2022,12,5,0,14,0,473.19,26.86,61.17,9.88,0.01,0.01,498.81,513.83,,
2022-12-23 18:00:00,2022,12,5,0,18,0,523.81,37.93,65.15,11.26,0.11,0.1,490.35,514.87,,
2022-12-23 23:00:00,2022,12,5,0,23,0,471.28,35.65,65.4,0.72,0.22,0.2,492.01,513.83,,
2022-12-24 01:00:00,2022,12,6,1,1,1,471.18,16.69,53.07,3.43,0.02,0.02,490.74,513.88,,
2022-12-24 06:00:00,2022,12,6,1,6,1,485.23,17.57,76.27,7.45,0.39,0.33,498.92,513.56,,
2022-12-24 07:00:00,2022,12,6,1,7,1,491.27,31.75,63.61,9.77,0.02,0.02,497.11,513.83,485.23,
2022-12-24 14:00:00,2022,12,6,1,14,1,461.75,15.0,82.92,8.25,0.49,0.4,489.32,512.47,,473.19
2022-12-24 16:00:00,2022,12,6,1,16,1,527.29,27.26,71.79,13.52,0.48,0.39,492.93,513.26,,
2022-12-24 19:00:00,2022,12,6,1,19,1,404.59,25.18,50.81,7.12,0.08,0.08,483.85,510.68,,
2022-12-24 21:00:00,2022,12,6,1,21,1,539.1,24.23,56.39,6.47,0.09,0.09,484.4,511.6,,
2022-12-25 06:00:00,2022,12,7,1,6,1,440.28,29.14,37.79,4.78,0.38,0.32,486.83,510.63,,485.23
2022-12-25 07:00:00,2022,12,7,1,7,1,460.19,25.51,84.09,2.7,0.04,0.04,485.54,510.82,440.28,491.27
2022-12-25 13:00:00,2022,12,7,1,13,1,511.48,18.71,33.58,3.17,0.24,0.22,495.17,512.17,,
2022-12-25 16:00:00,2022,12,7,1,16,1,529.5,26.47,49.63,9.97,0.12,0.11,496.8,512.61,,527.29
2022-12-25 19:00:00,2022,12,7,1,19,1,491.67,26.81,64.99,1.62,0.07,0.07,509.38,512.91,,404.59
2022-12-26 01:00:00,2022,12,1,0,1,0,474.39,16.56,52.28,12.29,0.08,0.08,507.57,512.14,,
2022-12-26 02:00:00,2022,12,1,0,2,0,516.59,28.84,51.17,14.62,0.08,0.08,509.03,512.05,474.39,
2022-12-26 04:00:00,2022,12,1,0,4,0,478.63,16.61,67.08,6.41,0.33,0.29,504.51,511.09,,
2022-12-26 16:00:00,2022,12,1,0,16,0,499.17,16.91,59.08,13.6,0.15,0.14,496.22,510.58,,529.5
2022-12-26 20:00:00,2022,12,1,0,20,0,511.16,24.97,85.24,8.15,0.12,0.11,489.79,510.7,,
2022-12-27 14:00:00,2022,12,2,0,14,0,476.42,35.32,79.11,4.59,0.37,0.31,500.61,509.78,,
2022-12-27 19:00:00,2022,12,2,0,19,0,584.14,23.6,33.08,9.97,0.01,0.01,507.89,508.96,,
2022-12-27 20:00:00,2022,12,2,0,20,0,453.13,17.88,54.44,4.4,0.02,0.02,505.48,508.88,584.14,511.16
2022-12-28 16:00:00,2022,12,3,0,16,0,482.92,15.42,63.38,0.61,0.29,0.25,494.35,506.64,,
2022-12-28 23:00:00,2022,12,3,0,23,0,445.81,15.0,35.98,5.01,1.12,0.75,491.92,505.97,,
2022-12-29 00:00:00,2022,12,4,0,0,0,469.83,15.0,82.9,11.3,0.11,0.1,490.7,505.93,445.81,
2022-12-29 02:00:00,2022,12,4,0,2,0,509.99,27.48,50.18,11.99,0.58,0.46,486.88,506.35,,
2022-12-29 07:00:00,2022,12,4,0,7,0,575.89,19.43,64.32,11.25,0.15,0.14,503.81,508.07,,
2022-12-29 09:00:00,2022,12,4,0,9,0,501.59,29.8,79.69,0.24,0.13,0.12,499.38,507.74,,
2022-12-29 15:00:00,2022,12,4,0,15,0,441.6,17.22,31.3,3.89,0.31,0.27,496.07,505.43,,
2022-12-29 16:00:00,2022,12,4,0,16,0,504.67,26.07,58.64,11.21,0.44,0.36,496.97,505.03,441.6,482.92
2022-12-29 18:00:00,2022,12,4,0,18,0,563.47,23.84,58.85,5.71,0.21,0.19,498.89,504.98,,
2022-12-30 00:00:00,2022,12,5,0,0,0,575.37,34.43,67.53,5.15,0.27,0.24,506.83,506.2,,469.83
2022-12-30 04:00:00,2022,12,5,0,4,0,439.55,15.0,62.05,14.44,0.11,0.1,489.25,505.84,,
2022-12-30 13:00:00,2022,12,5,0,13,0,555.46,23.89,61.03,3.85,0.19,0.17,502.49,506.87,,
2022-12-30 16:00:00,2022,12,5,0,16,0,496.3,32.68,65.77,11.93,0.44,0.36,504.54,507.13,,504.67
2022-12-30 23:00:00,2022,12,5,0,23,0,470.44,15.0,84.44,14.98,0.28,0.25,497.29,506.54,,
2022-12-31 00:00:00,2022,12,6,1,0,1,556.8,25.95,67.88,9.88,0.3,0.26,496.51,506.83,470.44,575.37
2022-12-31 08:00:00,2022,12,6,1,8,1,485.28,34.95,74.88,13.7,0.32,0.28,515.68,508.81,,
2022-12-31 09:00:00,2022,12,6,1,9,1,509.86,20.92,60.24,10.4,0.11,0.1,516.07,509.18,485.28,
2022-12-31 14:00:00,2022,12,6,1,14,1,392.09,21.15,35.66,2.58,0.09,0.09,495.64,508.27,,
2022-12-31 20:00:00,2022,12,6,1,20,1,538.33,28.58,48.09,5.45,0.18,0.17,494.69,508.77,,
2022-12-31 23:00:00,2022,12,6,1,23,1,556.13,20.35,41.82,2.49,0.13,0.12,498.8,508.74,,470.44
2023-01-01 01:00:00,2023,1,7,1,1,1,540.21,19.95,58.01,8.04,0.03,0.03,497.63,509.07,,
2023-01-01 11:00:00,2023,1,7,1,11,1,430.28,32.87,69.41,8.79,0.04,0.04,481.79,507.97,,
2023-01-01 20:00:00,2023,1,7,1,20,1,499.79,39.81,76.22,13.19,0.12,0.11,495.22,506.53,,538.33
2023-01-02 00:00:00,2023,1,1,0,0,0,561.97,23.28,33.79,2.78,0.12,0.11,503.57,508.09,,
2023-01-02 02:00:00,2023,1,1,0,2,0,511.01,31.23,68.14,6.39,0.07,0.07,499.71,508.38,,
2023-01-02 03:00:00,2023,1,1,0,3,0,450.61,23.47,46.95,7.11,0.07,0.07,496.0,508.03,511.01,
2023-01-02 10:00:00,2023,1,1,0,10,0,464.89,25.9,72.11,6.45,0.01,0.01,499.35,507.92,,
2023-01-02 11:00:00,2023,1,1,0,11,0,454.22,28.68,60.77,4.6,0.25,0.22,500.35,507.8,464.89,430.28
2023-01-02 12:00:00,2023,1,1,0,12,0,460.43,20.26,83.94,10.38,0.18,0.17,499.63,507.67,454.22,
2023-01-02 14:00:00,2023,1,1,0,14,0,383.28,27.15,71.38,14.64,0.23,0.21,495.46,506.79,,
2023-01-02 15:00:00,2023,1,1,0,15,0,462.69,20.31,48.35,7.81,0.57,0.45,490.88,506.43,380.97,
2023-01-02 17:00:00,2023,1,1,0,17,0,516.19,23.36,48.01,12.88,0.01,0.01,491.83,507.19,,
2023-01-02 18:00:00,2023,1,1,0,18,0,521.0,23.09,41.02,12.59,0.04,0.04,493.5,507.61,516.19,
2023-01-02 21:00:00,2023,1,1,0,21,0,494.21,20.8,69.39,8.99,0.1,0.1,487.74,506.78,,
2023-01-03 02:00:00,2023,1,2,0,2,0,471.88,26.73,51.32,1.33,0.11,0.1,483.62,507.49,,511.01
2023-01-03 04:00:00,2023,1,2,0,4,0,482.0,40.0,69.09,4.53,0.19,0.17,488.3,507.79,,
2023-01-03 05:00:00,2023,1,2,0,5,0,445.87,32.02,35.4,5.82,0.59,0.46,486.8,507.8,482.0,
2023-01-03 13:00:00,2023,1,2,0,13,0,546.29,15.56,49.32,0.25,0.49,0.4,497.25,506.88,,
2023-01-03 14:00:00,2023,1,2,0,14,0,578.25,25.31,68.8,13.38,0.02,0.02,505.47,507.49,546.29,380.97
2023-01-03 15:00:00,2023,1,2,0,15,0,424.39,18.03,63.71,0.68,0.38,0.32,503.87,506.99,578.25,462.69
2023-01-03 18:00:00,2023,1,2,0,18,0,503.44,30.74,88.4,0.31,0.25,0.22,498.0,506.63,,521.0
2023-01-04 03:00:00,2023,1,3,0,3,0,509.2,15.6,73.77,2.84,0.34,0.29,497.89,506.52,,
2023-01-04 11:00:00,2023,1,3,0,11,0,496.98,20.65,62.85,2.06,0.35,0.3,486.56,504.9,,
2023-01-04 17:00:00,2023,1,3,0,17,0,446.69,34.68,62.72,4.36,0.05,0.05,484.07,505.67,,
2023-01-04 19:00:00,2023,1,3,0,19,0,457.28,20.21,56.49,3.74,0.1,0.1,480.9,505.48,,
2023-01-04 21:00:00,2023,1,3,0,21,0,589.99,15.86,45.49,7.58,0.83,0.6,488.32,506.08,,
2023-01-05 11:00:00,2023,1,4,0,11,0,504.98,18.19,85.04,2.23,0.11,0.1,503.13,506.01,,496.98
2023-01-05 17:00:00,2023,1,4,0,17,0,556.91,23.78,57.72,8.97,0.05,0.05,510.11,507.69,,446.69
2023-01-05 18:00:00,2023,1,4,0,18,0,520.76,24.15,40.46,3.67,0.08,0.08,511.18,507.43,556.91,
2023-01-05 21:00:00,2023,1,4,0,21,0,524.13,26.8,60.57,4.99,0.01,0.01,509.84,507.4,,589.99
2023-01-05 23:00:00,2023,1,4,0,23,0,576.76,39.99,59.77,8.75,0.21,0.19,513.3,508.11,,
2023-01-06 02:00:00,2023,1,5,0,2,0,492.58,29.99,49.76,13.82,0.0,0.0,513.25,509.35,,
2023-01-06 12:00:00,2023,1,5,0,12,0,459.19,19.24,32.08,4.01,0.31,0.27,522.29,509.74,,
2023-01-06 14:00:00,2023,1,5,0,14,0,507.98,28.31,32.18,0.03,0.21,0.19,521.38,509.22,,
2023-01-06 19:00:00,2023,1,5,0,19,0,537.15,24.03,45.86,14.27,0.3,0.26,519.73,509.46,,
2023-01-06 20:00:00,2023,1,5,0,20,0,408.87,26.16,48.12,5.4,0.16,0.15,513.96,509.13,537.15,
2023-01-06 21:00:00,2023,1,5,0,21,0,429.43,24.69,86.79,10.52,0.33,0.29,510.01,508.79,408.87,524.13
2023-01-06 22:00:00,2023,1,5,0,22,0,481.37,28.99,45.17,2.65,0.59,0.46,507.95,509.02,429.43,
2023-01-06 23:00:00,2023,1,5,0,23,0,546.34,28.54,38.62,14.05,0.24,0.22,506.68,509.48,481.37,576.76
2023-01-07 02:00:00,2023,1,6,1,2,1,500.24,36.74,33.82,14.13,0.24,0.22,502.75,509.14,,492.58
2023-01-07 08:00:00,2023,1,6,1,8,1,557.31,20.23,41.23,13.44,0.89,0.64,495.86,507.48,,
2023-01-07 10:00:00,2023,1,6,1,10,1,422.18,15.45,74.87,8.34,0.03,0.03,487.15,506.56,,
2023-01-07 13:00:00,2023,1,6,1,13,1,536.68,31.03,68.71,4.58,0.03,0.03,489.45,507.61,,
2023-01-07 15:00:00,2023,1,6,1,15,1,436.45,17.64,87.35,7.94,0.18,0.17,483.02,508.0,,
2023-01-07 20:00:00,2023,1,6,1,20,1,415.24,39.6,73.02,7.1,0.33,0.29,486.6,507.95,,408.87
2023-01-08 00:00:00,2023,1,7,1,0,1,573.58,30.33,76.91,13.78,0.0,0.0,491.74,508.26,,
2023-01-08 04:00:00,2023,1,7,1,4,1,468.92,37.46,66.79,13.28,0.71,0.54,496.81,508.22,,
2023-01-08 17:00:00,2023,1,7,1,17,1,542.88,31.98,60.1,7.15,0.19,0.17,523.16,512.06,,
2023-01-08 18:00:00,2023,1,7,1,18,1,510.67,28.21,82.46,5.4,0.08,0.08,526.25,512.24,542.88,
2023-01-09 02:00:00,2023,1,1,0,2,0,500.73,31.0,54.71,1.25,0.76,0.57,514.25,510.35,,
2023-01-09 03:00:00,2023,1,1,0,3,0,576.97,27.3,76.76,8.25,0.09,0.09,517.08,511.12,500.73,
2023-01-09 09:00:00,2023,1,1,0,9,0,476.33,29.05,33.1,1.71,0.04,0.04,510.91,512.24,,
2023-01-09 15:00:00,2023,1,1,0,15,0,509.39,31.67,30.08,6.9,0.01,0.01,512.61,514.94,,
2023-01-09 16:00:00,2023,1,1,0,16,0,615.08,23.52,43.63,1.37,0.29,0.25,516.01,515.42,509.39,
2023-01-10 09:00:00,2023,1,2,0,9,0,491.02,21.38,72.27,1.18,0.08,0.08,523.67,517.3,,476.33
2023-01-10 11:00:00,2023,1,2,0,11,0,425.45,15.0,86.16,6.85,0.22,0.2,512.55,516.13,,
2023-01-10 15:00:00,2023,1,2,0,15,0,503.65,17.75,44.96,0.72,0.48,0.39,513.11,516.29,,509.39
2023-01-10 17:00:00,2023,1,2,0,17,0,515.45,27.18,87.59,7.38,0.06,0.06,507.2,516.52,,
2023-01-11 01:00:00,2023,1,3,0,1,0,488.4,18.56,67.75,12.51,0.4,0.34,503.82,517.67,,
2023-01-11 07:00:00,2023,1,3,0,7,0,479.13,30.77,46.81,11.89,0.26,0.23,505.46,518.34,,
2023-01-11 08:00:00,2023,1,3,0,8,0,572.34,18.84,46.93,2.65,0.05,0.05,505.85,518.78,479.13,
2023-01-11 10:00:00,2023,1,3,0,10,0,538.38,17.97,75.36,5.98,0.75,0.56,513.46,518.78,,
2023-01-11 20:00:00,2023,1,3,0,20,0,506.44,20.07,76.51,14.6,0.04,0.04,511.99,518.78,,
2023-01-11 22:00:00,2023,1,3,0,22,0,566.23,29.5,79.27,13.16,0.43,0.36,513.93,518.78,,
2023-01-12 01:00:00,2023,1,4,0,1,0,480.68,35.73,51.15,4.86,0.16,0.15,513.53,518.78,,488.4
2023-01-12 02:00:00,2023,1,4,0,2,0,449.08,26.02,64.7,9.41,0.02,0.02,511.57,518.78,480.68,
2023-01-12 04:00:00,2023,1,4,0,4,0,443.75,25.84,81.04,4.07,0.03,0.03,508.13,518.78,,
2023-01-12 07:00:00,2023,1,4,0,7,0,430.15,23.65,75.84,11.22,0.0,0.0,502.35,518.78,,479.13
2023-01-12 09:00:00,2023,1,4,0,9,0,533.88,15.29,60.49,7.68,0.09,0.09,501.37,518.78,,
2023-01-13 00:00:00,2023,1,5,0,0,0,470.51,27.1,81.29,0.97,0.45,0.37,502.2,518.78,,
2023-01-13 08:00:00,2023,1,5,0,8,0,510.87,29.14,39.63,5.88,0.24,0.22,509.52,517.91,,
2023-01-13 13:00:00,2023,1,5,0,13,0,485.68,16.39,43.79,1.25,0.39,0.33,509.89,517.91,,
2023-01-13 16:00:00,2023,1,5,0,16,0,495.28,17.79,35.78,2.98,0.31,0.27,507.49,517.34,,
2023-01-13 18:00:00,2023,1,5,0,18,0,493.95,15.52,86.83,9.03,0.03,0.03,509.85,518.35,,
2023-01-13 23:00:00,2023,1,5,0,23,0,533.84,22.9,33.75,9.04,0.01,0.01,497.62,518.45,,
2023-01-14 07:00:00,2023,1,6,1,7,1,550.35,27.06,75.02,9.08,0.38,0.32,500.81,518.78,,
2023-01-14 13:00:00,2023,1,6,1,13,1,432.07,24.44,81.71,0.25,0.05,0.05,495.83,518.78,,485.68
2023-01-14 15:00:00,2023,1,6,1,15,1,477.29,28.14,50.02,14.39,0.26,0.23,495.87,518.78,,
2023-01-14 16:00:00,2023,1,6,1,16,1,575.61,39.0,47.14,7.26,0.26,0.23,499.22,518.78,477.29,495.28
2023-01-14 19:00:00,2023,1,6,1,19,1,547.59,24.93,31.98,6.68,0.04,0.04,506.57,518.78,,
2023-01-14 20:00:00,2023,1,6,1,20,1,448.81,34.78,78.43,2.62,0.05,0.05,505.37,518.78,547.59,
2023-01-14 23:00:00,2023,1,6,1,23,1,435.67,25.05,45.08,12.81,0.46,0.38,498.08,518.78,,533.84
2023-01-15 03:00:00,2023,1,7,1,3,1,491.34,18.03,59.91,1.74,0.03,0.03,500.22,518.48,,
2023-01-15 15:00:00,2023,1,7,1,15,1,466.67,24.0,84.49,12.16,0.06,0.06,498.67,515.99,,477.29
2023-01-15 17:00:00,2023,1,7,1,17,1,450.08,27.99,79.1,3.84,0.11,0.1,490.17,515.2,,
2023-01-16 00:00:00,2023,1,1,0,0,0,500.28,18.14,49.91,6.14,0.04,0.04,491.63,515.94,,
2023-01-16 03:00:00,2023,1,1,0,3,0,460.96,16.6,72.6,7.44,0.03,0.03,490.3,514.57,,491.34
2023-01-16 04:00:00,2023,1,1,0,4,0,526.55,16.9,47.65,2.38,0.23,0.21,490.08,514.19,460.96,
2023-01-16 08:00:00,2023,1,1,0,8,0,515.14,19.25,89.03,11.57,0.11,0.1,493.57,514.13,,
2023-01-16 11:00:00,2023,1,1,0,11,0,465.93,25.87,80.92,3.06,0.29,0.25,493.95,513.86,,
2023-01-16 13:00:00,2023,1,1,0,13,0,407.15,18.85,64.73,14.3,0.25,0.22,490.18,513.16,,
2023-01-16 22:00:00,2023,1,1,0,22,0,505.71,17.43,30.9,14.1,0.23,0.21,495.73,511.02,,
2023-01-17 02:00:00,2023,1,2,0,2,0,484.23,26.86,31.78,10.41,0.02,0.02,497.18,510.38,,
2023-01-17 03:00:00,2023,1,2,0,3,0,474.55,32.88,39.51,10.7,0.8,0.59,497.75,510.35,484.23,460.96
2023-01-17 10:00:00,2023,1,2,0,10,0,541.87,26.35,76.46,4.61,0.4,0.34,496.4,511.26,,
2023-01-17 11:00:00,2023,1,2,0,11,0,520.41,24.59,74.97,10.01,0.03,0.03,498.67,511.84,541.87,465.93
2023-01-17 18:00:00,2023,1,2,0,18,0,497.35,24.41,37.07,8.84,0.15,0.14,501.6,510.85,,
2023-01-17 19:00:00,2023,1,2,0,19,0,557.8,26.83,32.09,0.28,0.05,0.05,505.62,510.79,497.35,
2023-01-18 00:00:00,2023,1,3,0,0,0,512.45,18.58,73.25,3.13,0.42,0.35,504.49,510.96,,
2023-01-18 01:00:00,2023,1,3,0,1,0,497.9,30.07,68.66,11.15,0.32,0.28,504.72,511.02,512.45,
2023-01-18 04:00:00,2023,1,3,0,4,0,478.65,24.23,82.88,14.75,0.05,0.05,506.29,511.02,,
2023-01-18 05:00:00,2023,1,3,0,5,0,578.62,24.4,55.84,4.57,0.02,0.02,513.36,510.92,478.65,
2023-01-18 16:00:00,2023,1,3,0,16,0,477.14,15.0,54.56,1.63,0.43,0.36,501.82,509.77,,
2023-01-18 17:00:00,2023,1,3,0,17,0,474.51,19.82,41.58,13.31,0.3,0.26,502.57,509.81,477.14,
2023-01-18 21:00:00,2023,1,3,0,21,0,524.99,27.48,72.0,14.35,0.09,0.09,499.53,508.91,,
2023-01-19 02:00:00,2023,1,4,0,2,0,502.76,31.51,33.94,1.18,0.53,0.43,502.93,509.63,,
2023-01-19 03:00:00,2023,1,4,0,3,0,546.46,23.97,62.16,9.1,0.36,0.31,502.78,510.03,502.76,
2023-01-19 04:00:00,2023,1,4,0,4,0,534.66,15.0,65.64,7.62,0.18,0.17,505.11,510.58,546.46,478.65
2023-01-19 07:00:00,2023,1,4,0,7,0,409.83,28.22,69.48,6.96,0.03,0.03,494.2,510.06,,
2023-01-19 10:00:00,2023,1,4,0,10,0,493.6,15.0,47.03,12.41,0.12,0.11,487.66,508.99,,
2023-01-19 13:00:00,2023,1,4,0,13,0,538.75,33.83,31.65,8.55,0.13,0.12,485.01,508.7,,
2023-01-20 23:00:00,2023,1,5,0,23,0,385.31,28.57,37.59,8.32,0.73,0.55,487.28,504.91,,
2023-01-21 06:00:00,2023,1,6,1,6,1,433.44,25.89,78.34,10.83,0.19,0.17,489.78,504.71,,
2023-01-21 15:00:00,2023,1,6,1,15,1,532.03,17.12,84.66,9.16,0.16,0.15,495.12,505.78,,
2023-01-21 17:00:00,2023,1,6,1,17,1,478.14,27.95,73.01,8.07,0.29,0.25,485.77,503.91,,
2023-01-21 22:00:00,2023,1,6,1,22,1,460.79,25.56,57.68,4.7,0.36,0.31,488.76,503.86,,
2023-01-22 01:00:00,2023,1,7,1,1,1,515.1,23.9,44.84,10.13,0.26,0.23,496.15,504.6,,
2023-01-22 04:00:00,2023,1,7,1,4,1,519.81,24.56,50.52,1.08,0.27,0.24,495.47,504.15,,
2023-01-22 06:00:00,2023,1,7,1,6,1,514.5,15.0,52.33,2.85,0.49,0.4,497.41,504.37,,433.44
2023-01-22 09:00:00,2023,1,7,1,9,1,543.85,22.34,45.53,0.44,0.11,0.1,500.0,505.67,,
2023-01-22 11:00:00,2023,1,7,1,11,1,504.89,26.65,38.38,11.61,0.59,0.46,500.49,505.25,,
2023-01-22 12:00:00,2023,1,7,1,12,1,473.66,24.94,37.86,6.13,0.3,0.26,497.73,504.83,504.89,
2023-01-22 18:00:00,2023,1,7,1,18,1,517.69,28.04,37.58,9.35,0.16,0.15,494.97,504.92,,
2023-01-22 23:00:00,2023,1,7,1,23,1,544.07,16.9,43.59,7.31,0.3,0.26,502.2,505.7,,
2023-01-23 03:00:00,2023,1,1,0,3,0,529.38,18.01,86.66,3.78,0.27,0.24,505.44,506.43,,
2023-01-23 04:00:00,2023,1,1,0,4,0,509.02,17.37,49.22,3.71,0.07,0.07,504.99,506.32,529.38,519.81
2023-01-23 20:00:00,2023,1,1,0,20,0,490.17,24.55,66.17,8.37,0.11,0.1,517.95,508.49,,
2023-01-23 23:00:00,2023,1,1,0,23,0,563.26,28.6,64.86,5.79,0.42,0.35,523.0,509.48,,544.07
2023-01-24 05:00:00,2023,1,2,0,5,0,491.4,17.67,56.08,4.95,0.07,0.07,525.74,511.11,,
2023-01-24 10:00:00,2023,1,2,0,10,0,553.01,28.89,58.46,7.01,0.26,0.23,522.13,510.42,,
2023-01-24 11:00:00,2023,1,2,0,11,0,521.51,22.44,72.84,7.72,0.03,0.03,524.2,510.43,553.01,
2023-01-25 05:00:00,2023,1,3,0,5,0,429.26,26.82,44.65,12.85,0.01,0.01,513.33,511.1,,491.4
2023-01-25 07:00:00,2023,1,3,0,7,0,503.06,28.58,84.76,2.59,0.12,0.11,515.8,511.53,,
2023-01-25 14:00:00,2023,1,3,0,14,0,615.08,21.87,80.3,6.78,0.02,0.02,521.9,512.53,,
2023-01-25 18:00:00,2023,1,3,0,18,0,432.13,22.08,51.28,11.97,0.27,0.24,518.28,513.32,,
2023-01-25 21:00:00,2023,1,3,0,21,0,585.69,15.0,60.95,2.56,0.51,0.41,525.44,514.51,,
2023-01-26 03:00:00,2023,1,4,0,3,0,465.59,15.0,40.84,7.4,0.06,0.06,514.98,513.4,,
2023-01-26 12:00:00,2023,1,4,0,12,0,481.57,22.29,83.19,5.19,0.11,0.1,513.25,515.61,,
2023-01-26 15:00:00,2023,1,4,0,15,0,462.34,28.91,39.7,10.66,0.18,0.17,505.12,515.46,,
2023-01-26 23:00:00,2023,1,4,0,23,0,493.23,19.65,38.88,5.33,0.42,0.35,495.24,515.78,,
2023-01-27 07:00:00,2023,1,5,0,7,0,570.81,18.89,67.05,5.54,0.3,0.26,506.96,517.9,,
2023-01-27 08:00:00,2023,1,5,0,8,0,509.06,40.0,85.61,11.85,0.14,0.13,504.05,517.88,570.81,
2023-01-27 13:00:00,2023,1,5,0,13,0,486.09,31.97,62.24,11.8,0.08,0.08,511.24,518.78,,
2023-01-27 15:00:00,2023,1,5,0,15,0,502.35,25.5,63.16,10.29,0.58,0.46,506.66,517.73,,462.34
2023-01-27 23:00:00,2023,1,5,0,23,0,508.7,17.78,83.73,3.46,0.47,0.39,504.7,518.32,,493.23
2023-01-28 02:00:00,2023,1,6,1,2,1,588.99,15.0,37.55,9.68,0.03,0.03,505.91,518.78,,
2023-01-28 04:00:00,2023,1,6,1,4,1,574.34,25.65,88.13,7.85,0.06,0.06,505.5,518.78,,
2023-01-28 08:00:00,2023,1,6,1,8,1,587.62,22.82,31.93,13.55,0.04,0.04,507.99,518.78,,509.06
2023-01-28 12:00:00,2023,1,6,1,12,1,458.73,33.06,36.97,14.63,0.15,0.14,505.01,518.78,,
2023-01-28 18:00:00,2023,1,6,1,18,1,502.21,32.01,50.05,10.3,0.11,0.1,519.48,518.78,,
2023-01-28 20:00:00,2023,1,6,1,20,1,539.42,21.9,74.86,6.03,0.2,0.18,523.86,518.78,,
2023-01-28 22:00:00,2023,1,6,1,22,1,406.83,16.42,72.98,8.96,0.21,0.19,519.59,518.78,,
2023-01-29 02:00:00,2023,1,7,1,2,1,473.56,24.77,68.05,2.04,0.32,0.28,505.82,518.78,,588.99
2023-01-29 11:00:00,2023,1,7,1,11,1,586.36,20.51,39.02,11.84,0.07,0.07,497.64,518.78,,
2023-01-29 17:00:00,2023,1,7,1,17,1,497.89,23.43,49.45,12.6,0.0,0.0,486.57,518.78,,
2023-01-29 22:00:00,2023,1,7,1,22,1,555.61,34.86,80.25,2.15,0.47,0.39,491.52,518.78,,406.83
2023-01-30 00:00:00,2023,1,1,0,0,0,535.0,28.36,61.83,8.38,0.06,0.06,494.15,518.78,,
2023-01-30 07:00:00,2023,1,1,0,7,0,581.56,27.24,84.13,4.23,0.08,0.08,491.17,518.78,,
2023-01-30 09:00:00,2023,1,1,0,9,0,464.03,25.7,88.26,10.85,0.05,0.05,494.68,518.76,,
2023-01-30 10:00:00,2023,1,1,0,10,0,436.4,20.79,53.71,2.66,0.29,0.25,494.57,518.4,464.03,
2023-01-30 15:00:00,2023,1,1,0,15,0,456.79,25.92,60.75,2.85,0.02,0.02,492.58,517.05,,
2023-01-30 23:00:00,2023,1,1,0,23,0,440.26,21.36,76.11,11.96,0.09,0.09,487.25,514.79,,
2023-01-31 00:00:00,2023,1,2,0,0,0,498.54,28.47,50.97,8.85,0.23,0.21,485.73,514.47,440.26,535.0
2023-01-31 02:00:00,2023,1,2,0,2,0,451.61,31.2,59.39,2.42,0.09,0.09,488.28,514.34,,
2023-01-31 06:00:00,2023,1,2,0,6,0,502.17,15.0,67.41,2.24,0.12,0.11,487.93,513.99,,
2023-01-31 07:00:00,2023,1,2,0,7,0,429.03,31.4,78.07,5.13,0.08,0.08,481.58,513.27,502.17,581.56
2023-01-31 17:00:00,2023,1,2,0,17,0,426.79,15.0,36.21,0.94,0.15,0.14,490.46,512.52,,
2023-01-31 19:00:00,2023,1,2,0,19,0,514.12,23.95,78.83,12.23,0.1,0.1,488.84,512.47,,
2023-01-31 20:00:00,2023,1,2,0,20,0,530.16,29.57,62.31,6.95,0.31,0.27,492.11,511.89,514.12,
2023-01-31 21:00:00,2023,1,2,0,21,0,514.9,26.66,32.79,13.27,0.12,0.11,493.08,512.14,530.16,
2023-02-01 00:00:00,2023,2,3,0,0,0,578.06,40.0,84.08,10.9,0.25,0.22,494.8,511.39,,498.54
2023-02-01 04:00:00,2023,2,3,0,4,0,383.59,34.34,64.2,13.6,0.4,0.34,495.63,510.62,,
2023-02-01 08:00:00,2023,2,3,0,8,0,471.63,32.25,65.09,9.4,0.08,0.08,497.81,510.94,,
2023-02-01 09:00:00,2023,2,3,0,9,0,482.59,19.99,53.67,3.04,0.02,0.02,498.95,511.01,471.63,
2023-02-01 14:00:00,2023,2,3,0,14,0,601.83,29.3,35.54,4.94,0.51,0.41,501.03,510.14,,
2023-02-02 08:00:00,2023,2,4,0,8,0,527.94,29.41,37.12,0.99,0.02,0.02,498.84,508.19,,471.63
2023-02-02 11:00:00,2023,2,4,0,11,0,595.46,25.04,46.21,10.58,0.06,0.06,507.46,509.74,,
2023-02-02 13:00:00,2023,2,4,0,13,0,504.9,29.81,66.57,12.45,0.33,0.29,506.94,509.6,,
2023-02-02 15:00:00,2023,2,4,0,15,0,452.51,26.28,78.53,7.14,0.09,0.09,503.72,509.61,,
2023-02-02 22:00:00,2023,2,4,0,22,0,434.25,40.0,66.11,12.7,0.2,0.18,506.27,510.01,,
2023-02-02 23:00:00,2023,2,4,0,23,0,463.78,30.85,58.2,3.71,0.15,0.14,507.33,509.83,434.25,
2023-02-03 09:00:00,2023,2,5,0,9,0,488.84,15.0,78.05,13.02,0.53,0.43,505.7,508.79,,
2023-02-03 15:00:00,2023,2,5,0,15,0,468.34,20.65,57.64,8.8,0.14,0.13,501.62,508.87,,452.51
2023-02-04 03:00:00,2023,2,6,1,3,1,496.0,17.25,71.16,4.34,0.06,0.06,498.47,508.3,,
2023-02-04 15:00:00,2023,2,6,1,15,1,414.39,21.88,53.89,2.12,0.27,0.24,507.74,507.69,,468.34
2023-02-04 18:00:00,2023,2,6,1,18,1,513.44,24.27,59.76,14.37,0.42,0.35,509.18,507.44,,
2023-02-04 20:00:00,2023,2,6,1,20,1,416.37,34.83,76.44,2.61,0.11,0.1,504.58,506.77,,
2023-02-05 00:00:00,2023,2,7,1,0,1,520.76,29.42,54.52,3.38,0.12,0.11,503.49,507.98,,
2023-02-05 01:00:00,2023,2,7,1,1,1,520.87,30.41,48.57,7.66,0.06,0.06,505.84,508.46,520.76,
2023-02-05 04:00:00,2023,2,7,1,4,1,383.28,15.0,64.51,5.48,0.05,0.05,499.72,507.36,,
2023-02-05 05:00:00,2023,2,7,1,5,1,519.84,27.2,50.54,7.92,0.2,0.18,497.72,507.44,372.41,
2023-02-05 14:00:00,2023,2,7,1,14,1,512.64,29.8,31.55,2.53,0.02,0.02,487.77,508.07,,
2023-02-05 15:00:00,2023,2,7,1,15,1,475.56,23.29,42.06,9.37,0.25,0.22,490.32,508.22,512.64,414.39
2023-02-05 16:00:00,2023,2,7,1,16,1,476.06,18.93,30.7,13.25,0.0,0.0,488.77,508.05,475.56,
2023-02-05 20:00:00,2023,2,7,1,20,1,567.42,24.33,41.83,6.72,1.08,0.73,497.99,508.74,,416.37
2023-02-05 21:00:00,2023,2,7,1,21,1,537.75,23.86,57.09,8.39,0.06,0.06,501.44,508.85,567.42,
2023-02-06 00:00:00,2023,2,1,0,0,0,442.69,29.97,87.37,9.36,0.56,0.44,499.54,508.76,,520.76
2023-02-06 03:00:00,2023,2,1,0,3,0,512.26,25.77,51.69,7.59,0.12,0.11,503.79,510.06,,
2023-02-06 07:00:00,2023,2,1,0,7,0,526.73,28.84,72.94,13.99,0.03,0.03,509.85,509.6,,
2023-02-06 12:00:00,2023,2,1,0,12,0,547.06,35.7,32.21,6.38,0.06,0.06,514.78,511.41,,
2023-02-06 20:00:00,2023,2,1,0,20,0,557.55,15.0,82.85,14.7,0.03,0.03,510.23,512.2,,567.42
2023-02-07 01:00:00,2023,2,2,0,1,0,495.74,26.29,59.46,0.73,0.09,0.09,505.28,511.92,,
2023-02-07 02:00:00,2023,2,2,0,2,0,499.76,32.56,44.51,4.32,0.02,0.02,503.29,512.21,495.74,
2023-02-07 15:00:00,2023,2,2,0,15,0,388.27,32.64,44.3,7.2,0.55,0.44,488.91,511.31,,
2023-02-07 18:00:00,2023,2,2,0,18,0,466.62,29.44,53.21,7.13,0.22,0.2,485.68,511.34,,
2023-02-07 19:00:00,2023,2,2,0,19,0,439.43,26.72,54.78,8.72,0.36,0.31,484.25,510.89,466.62,
2023-02-08 00:00:00,2023,2,3,0,0,0,524.09,31.52,61.9,11.52,0.15,0.14,480.67,510.03,,
2023-02-08 14:00:00,2023,2,3,0,14,0,499.87,25.07,60.82,0.8,0.28,0.25,489.21,509.64,,
2023-02-09 03:00:00,2023,2,4,0,3,0,545.95,24.66,56.67,8.57,0.45,0.37,511.84,511.72,,
2023-02-09 07:00:00,2023,2,4,0,7,0,557.3,30.69,51.15,4.06,0.13,0.12,511.94,512.06,,
2023-02-09 09:00:00,2023,2,4,0,9,0,510.22,35.82,46.23,7.1,0.01,0.01,513.2,511.84,,
2023-02-09 13:00:00,2023,2,4,0,13,0,435.11,28.79,62.27,4.02,0.23,0.21,509.91,510.69,,
2023-02-09 17:00:00,2023,2,4,0,17,0,540.75,25.29,56.07,13.91,0.09,0.09,515.16,511.66,,
2023-02-09 18:00:00,2023,2,4,0,18,0,537.65,40.0,54.45,7.38,0.05,0.05,520.92,511.6,540.75,
2023-02-10 00:00:00,2023,2,5,0,0,0,441.9,26.34,30.19,11.41,0.22,0.2,507.54,511.36,,
2023-02-10 01:00:00,2023,2,5,0,1,0,495.18,23.69,83.67,4.16,0.03,0.03,504.74,510.98,441.9,
2023-02-10 05:00:00,2023,2,5,0,5,0,499.96,16.92,54.39,10.59,0.17,0.16,500.66,509.89,,
2023-02-10 07:00:00,2023,2,5,0,7,0,498.2,15.0,45.33,2.61,0.22,0.2,495.96,509.79,,557.3
2023-02-10 09:00:00,2023,2,5,0,9,0,452.1,22.71,34.81,9.4,0.23,0.21,493.32,510.04,,510.22
2023-02-10 10:00:00,2023,2,5,0,10,0,514.07,25.52,62.13,2.04,0.03,0.03,494.57,510.37,452.1,
2023-02-10 12:00:00,2023,2,5,0,12,0,499.71,27.01,87.19,14.94,0.01,0.01,494.14,509.45,,
2023-02-10 13:00:00,2023,2,5,0,13,0,495.91,15.75,78.98,1.41,0.24,0.22,496.67,509.26,499.71,435.11
2023-02-10 14:00:00,2023,2,5,0,14,0,517.78,25.29,58.32,9.24,0.47,0.39,493.78,509.92,495.91,
2023-02-10 17:00:00,2023,2,5,0,17,0,498.7,37.35,35.6,5.23,0.06,0.06,492.38,510.96,,540.75
2023-02-10 19:00:00,2023,2,5,0,19,0,546.49,36.04,65.96,5.35,0.01,0.01,493.51,510.9,,
2023-02-10 20:00:00,2023,2,5,0,20,0,516.55,26.87,53.36,5.94,0.23,0.21,492.87,510.57,546.49,
2023-02-11 07:00:00,2023,2,6,1,7,1,492.83,25.11,53.54,0.78,0.29,0.25,501.39,509.96,,498.2
2023-02-11 17:00:00,2023,2,6,1,17,1,501.99,36.27,61.03,10.03,0.45,0.37,499.24,509.59,,498.7
2023-02-11 18:00:00,2023,2,6,1,18,1,498.55,26.82,68.53,3.16,0.04,0.04,500.49,509.5,501.99,
2023-02-12 00:00:00,2023,2,7,1,0,1,546.22,33.83,53.36,13.88,0.06,0.06,496.16,509.9,,
2023-02-12 03:00:00,2023,2,7,1,3,1,541.97,30.95,77.24,13.43,0.02,0.02,499.48,509.87,,
2023-02-12 05:00:00,2023,2,7,1,5,1,479.68,24.32,65.99,1.87,0.13,0.12,498.0,509.9,,
2023-02-12 09:00:00,2023,2,7,1,9,1,541.56,21.91,85.82,4.79,0.05,0.05,497.77,510.53,,
2023-02-12 13:00:00,2023,2,7,1,13,1,410.79,18.19,62.12,10.32,0.04,0.04,500.2,510.89,,
2023-02-12 17:00:00,2023,2,7,1,17,1,485.56,21.06,41.4,7.16,0.23,0.21,496.4,509.86,,501.99
2023-02-12 19:00:00,2023,2,7,1,19,1,463.72,27.1,35.0,3.73,0.06,0.06,493.52,509.4,,
2023-02-12 21:00:00,2023,2,7,1,21,1,470.51,24.88,57.15,14.48,0.03,0.03,488.67,508.51,,
2023-02-13 00:00:00,2023,2,1,0,0,0,488.94,24.34,34.0,10.17,0.02,0.02,491.33,508.7,,546.22
2023-02-13 04:00:00,2023,2,1,0,4,0,436.33,16.17,31.08,7.28,0.27,0.24,492.12,507.59,,
2023-02-13 15:00:00,2023,2,1,0,15,0,469.74,26.05,37.01,14.99,0.18,0.17,490.53,507.16,,
2023-02-13 23:00:00,2023,2,1,0,23,0,502.92,23.47,67.48,11.19,0.01,0.01,496.02,507.21,,
2023-02-14 00:00:00,2023,2,2,0,0,0,504.82,18.76,54.78,11.98,0.03,0.03,496.68,506.97,502.92,488.94
2023-02-14 05:00:00,2023,2,2,0,5,0,446.2,15.0,45.73,1.39,0.2,0.18,502.91,507.0,,
2023-02-14 11:00:00,2023,2,2,0,11,0,533.87,15.0,40.01,5.81,0.03,0.03,501.05,509.26,,
2023-02-14 14:00:00,2023,2,2,0,14,0,553.66,24.09,71.87,4.38,0.13,0.12,509.35,509.64,,
2023-02-14 16:00:00,2023,2,2,0,16,0,459.4,25.58,86.03,13.7,0.01,0.01,513.76,510.31,,
2023-02-14 17:00:00,2023,2,2,0,17,0,469.85,19.02,83.18,12.83,0.1,0.1,508.11,509.88,459.4,
2023-02-14 22:00:00,2023,2,2,0,22,0,496.23,15.0,57.73,0.65,0.39,0.33,502.6,510.04,,
2023-02-14 23:00:00,2023,2,2,0,23,0,543.02,31.56,48.38,14.65,0.16,0.15,504.27,510.52,496.23,502.92
2023-02-15 01:00:00,2023,2,3,0,1,0,517.32,15.63,47.28,0.82,0.16,0.15,499.2,509.93,,
2023-02-15 12:00:00,2023,2,3,0,12,0,383.28,27.17,50.54,13.42,0.63,0.49,487.66,509.02,,
2023-02-15 17:00:00,2023,2,3,0,17,0,404.16,25.88,68.46,8.84,0.15,0.14,487.95,508.64,,469.85
2023-02-15 20:00:00,2023,2,3,0,20,0,452.86,16.61,80.46,9.18,0.0,0.0,489.27,508.52,,
2023-02-16 04:00:00,2023,2,4,0,4,0,482.08,23.54,33.58,13.31,0.21,0.19,487.3,507.21,,
2023-02-16 07:00:00,2023,2,4,0,7,0,524.17,30.06,51.78,7.18,0.06,0.06,486.06,506.24,,
2023-02-16 14:00:00,2023,2,4,0,14,0,548.76,21.15,40.26,9.75,0.44,0.36,499.9,507.6,,
2023-02-16 23:00:00,2023,2,4,0,23,0,454.79,27.63,40.4,5.05,0.13,0.12,504.39,506.61,,
2023-02-17 06:00:00,2023,2,5,0,6,0,469.56,16.68,39.22,5.57,0.04,0.04,506.55,507.63,,
2023-02-17 09:00:00,2023,2,5,0,9,0,518.85,16.06,62.09,0.63,0.18,0.17,504.96,507.89,,
2023-02-17 21:00:00,2023,2,5,0,21,0,539.84,18.98,78.45,4.68,0.33,0.29,498.2,507.21,,
2023-02-18 04:00:00,2023,2,6,1,4,1,428.57,33.8,36.25,8.02,1.05,0.72,494.94,506.5,,
2023-02-18 05:00:00,2023,2,6,1,5,1,487.27,25.42,47.92,9.36,0.01,0.01,492.64,506.54,428.57,
2023-02-18 10:00:00,2023,2,6,1,10,1,448.18,20.27,51.06,4.4,0.11,0.1,485.29,505.32,,
2023-02-18 13:00:00,2023,2,6,1,13,1,500.69,34.83,64.94,14.41,0.04,0.04,487.61,505.71,,
2023-02-18 14:00:00,2023,2,6,1,14,1,492.71,32.27,77.07,7.4,0.12,0.11,487.95,505.7,500.69,
2023-02-18 15:00:00,2023,2,6,1,15,1,500.36,15.0,66.65,1.39,0.01,0.01,487.25,505.98,492.71,
2023-02-19 06:00:00,2023,2,7,1,6,1,401.66,24.7,53.43,14.21,0.22,0.2,491.99,505.13,,
2023-02-19 07:00:00,2023,2,7,1,7,1,417.56,32.95,53.31,11.26,0.29,0.25,488.7,504.68,401.66,
2023-02-19 18:00:00,2023,2,7,1,18,1,453.76,34.09,40.35,12.37,0.22,0.2,497.76,506.42,,
2023-02-20 03:00:00,2023,2,1,0,3,0,479.42,34.64,47.6,14.58,0.28,0.25,503.42,507.09,,
2023-02-20 06:00:00,2023,2,1,0,6,0,467.76,19.83,81.35,6.04,0.2,0.18,504.27,507.39,,401.66
2023-02-20 11:00:00,2023,2,1,0,11,0,550.73,26.41,45.69,1.21,0.04,0.04,507.01,506.94,,
2023-02-20 14:00:00,2023,2,1,0,14,0,480.43,27.13,51.04,9.66,0.08,0.08,501.91,508.03,,
2023-02-20 22:00:00,2023,2,1,0,22,0,523.78,33.35,72.01,5.42,0.49,0.4,499.13,507.17,,
2023-02-20 23:00:00,2023,2,1,0,23,0,484.03,15.0,32.61,14.01,0.02,0.02,498.24,507.06,523.78,
2023-02-21 00:00:00,2023,2,2,0,0,0,470.94,26.68,81.62,12.56,0.07,0.07,495.44,506.85,484.03,
2023-02-21 10:00:00,2023,2,2,0,10,0,519.72,20.34,83.71,11.56,0.22,0.2,496.03,506.11,,
2023-02-21 11:00:00,2023,2,2,0,11,0,470.88,32.77,56.72,10.31,0.5,0.41,492.7,505.72,519.72,550.73
2023-02-21 13:00:00,2023,2,2,0,13,0,615.08,23.75,33.19,13.21,0.66,0.51,496.48,506.6,,
2023-02-21 15:00:00,2023,2,2,0,15,0,530.61,30.93,48.05,12.56,0.06,0.06,502.36,506.57,,
2023-02-21 16:00:00,2023,2,2,0,16,0,487.3,26.38,85.04,5.16,0.27,0.24,503.32,506.74,530.61,
2023-02-21 21:00:00,2023,2,2,0,21,0,589.67,39.99,48.25,8.89,0.18,0.17,507.55,507.73,,
2023-02-21 22:00:00,2023,2,2,0,22,0,483.11,32.49,62.78,12.38,0.04,0.04,505.86,507.65,589.67,523.78
2023-02-22 00:00:00,2023,2,3,0,0,0,519.37,36.58,81.72,10.56,0.24,0.22,511.07,508.31,,470.94
2023-02-22 03:00:00,2023,2,3,0,3,0,464.18,32.29,76.72,10.67,0.09,0.09,504.77,507.83,,
2023-02-22 10:00:00,2023,2,3,0,10,0,615.08,23.2,35.05,4.72,0.1,0.1,525.11,510.45,,519.72
2023-02-22 16:00:00,2023,2,3,0,16,0,519.46,25.08,87.95,1.14,0.03,0.03,523.94,511.59,,487.3
2023-02-22 17:00:00,2023,2,3,0,17,0,461.3,21.24,37.42,12.45,0.16,0.15,524.66,511.93,519.46,
2023-02-23 13:00:00,2023,2,4,0,13,0,513.45,23.02,48.27,11.48,0.31,0.27,507.15,512.92,,
2023-02-23 15:00:00,2023,2,4,0,15,0,510.19,34.28,88.09,8.97,0.36,0.31,508.48,512.88,,
2023-02-23 16:00:00,2023,2,4,0,16,0,604.51,27.22,37.89,11.83,0.01,0.01,512.03,513.34,510.19,519.46
2023-02-24 07:00:00,2023,2,5,0,7,0,597.91,31.79,74.05,4.63,0.07,0.07,509.35,514.37,,
2023-02-24 13:00:00,2023,2,5,0,13,0,528.67,29.79,40.78,9.61,0.12,0.11,511.69,514.77,,513.45
2023-02-25 00:00:00,2023,2,6,1,0,1,500.48,27.08,40.18,14.7,0.25,0.22,504.7,514.29,,
2023-02-25 02:00:00,2023,2,6,1,2,1,516.9,15.0,43.9,5.2,0.02,0.02,502.7,514.35,,
2023-02-25 05:00:00,2023,2,6,1,5,1,523.4,35.57,57.61,4.83,0.46,0.38,506.19,515.43,,
2023-02-26 03:00:00,2023,2,7,1,3,1,523.72,20.82,84.87,7.21,0.45,0.37,498.36,515.71,,
2023-02-26 04:00:00,2023,2,7,1,4,1,489.16,18.1,57.04,0.62,0.29,0.25,496.4,515.38,523.72,
2023-02-26 12:00:00,2023,2,7,1,12,1,541.37,16.37,67.45,13.22,0.12,0.11,508.85,517.43,,
2023-02-26 14:00:00,2023,2,7,1,14,1,487.94,16.91,54.41,4.47,0.4,0.34,510.9,516.42,,
2023-02-26 19:00:00,2023,2,7,1,19,1,528.95,15.0,65.44,8.19,0.06,0.06,516.72,517.59,,
2023-02-27 02:00:00,2023,2,1,0,2,0,440.88,32.34,32.01,13.42,0.12,0.11,516.38,517.32,,
2023-02-27 20:00:00,2023,2,1,0,20,0,421.23,22.5,73.6,1.04,0.19,0.17,492.22,517.12,,
2023-02-28 00:00:00,2023,2,2,0,0,0,502.36,21.95,69.17,6.63,0.39,0.33,493.75,517.73,,
2023-02-28 03:00:00,2023,2,2,0,3,0,527.2,17.34,45.22,5.24,0.07,0.07,495.42,517.0,,
2023-02-28 04:00:00,2023,2,2,0,4,0,507.1,24.2,81.07,14.27,0.86,0.62,498.72,516.92,527.2,
2023-02-28 07:00:00,2023,2,2,0,7,0,500.99,30.01,63.87,0.8,0.21,0.19,498.16,517.75,,
2023-02-28 09:00:00,2023,2,2,0,9,0,470.37,25.39,67.18,13.4,0.23,0.21,501.72,518.17,,
2023-02-28 10:00:00,2023,2,2,0,10,0,497.59,24.41,31.73,5.58,0.29,0.25,502.63,518.04,470.37,
2023-02-28 18:00:00,2023,2,2,0,18,0,459.57,20.4,50.44,8.49,0.03,0.03,503.48,517.46,,
2023-03-01 00:00:00,2023,3,3,0,0,0,445.09,15.9,81.11,2.31,0.26,0.23,504.06,516.71,,502.36
2023-03-01 02:00:00,2023,3,3,0,2,0,503.46,22.85,36.14,6.87,0.17,0.16,507.41,517.0,,
2023-03-01 11:00:00,2023,3,3,0,11,0,415.72,28.35,34.46,12.9,0.09,0.09,489.2,512.46,,
2023-03-01 15:00:00,2023,3,3,0,15,0,522.07,26.92,49.78,6.4,0.44,0.36,488.22,512.01,,
2023-03-01 21:00:00,2023,3,3,0,21,0,591.44,22.26,80.09,12.67,0.02,0.02,484.54,511.74,,
2023-03-02 09:00:00,2023,3,4,0,9,0,496.03,31.6,51.55,12.61,0.14,0.13,487.55,510.13,,
2023-03-02 21:00:00,2023,3,4,0,21,0,541.6,25.68,58.65,10.71,0.2,0.18,488.85,508.35,,591.44
2023-03-03 00:00:00,2023,3,5,0,0,0,454.41,31.57,41.62,7.26,0.34,0.29,487.21,508.43,,
2023-03-03 05:00:00,2023,3,5,0,5,0,499.26,22.74,31.49,10.01,0.06,0.06,483.22,507.45,,
2023-03-03 06:00:00,2023,3,5,0,6,0,514.93,37.61,75.65,13.73,0.21,0.19,483.86,507.15,499.26,
2023-03-03 10:00:00,2023,3,5,0,10,0,538.98,28.13,50.05,10.08,0.26,0.23,478.36,505.65,,
2023-03-03 15:00:00,2023,3,5,0,15,0,474.67,19.14,31.79,14.4,0.01,0.01,483.78,506.1,,
2023-03-03 21:00:00,2023,3,5,0,21,0,558.26,28.73,61.85,6.44,0.28,0.25,489.79,506.77,,541.6
2023-03-03 23:00:00,2023,3,5,0,23,0,469.15,31.64,77.45,8.49,0.06,0.06,491.1,506.73,,
2023-03-04 00:00:00,2023,3,6,1,0,1,383.28,17.43,71.38,1.43,0.54,0.43,486.26,505.74,469.15,454.41
2023-03-04 03:00:00,2023,3,6,1,3,1,458.62,15.0,59.83,10.1,0.71,0.54,486.38,505.21,,
2023-03-04 11:00:00,2023,3,6,1,11,1,481.84,15.0,68.44,2.01,0.09,0.09,496.15,505.97,,
2023-03-04 14:00:00,2023,3,6,1,14,1,534.6,22.71,52.67,6.9,0.1,0.1,495.86,506.46,,
2023-03-04 18:00:00,2023,3,6,1,18,1,423.51,24.44,50.96,14.58,0.37,0.31,489.91,506.45,,
2023-03-04 19:00:00,2023,3,6,1,19,1,446.37,20.89,73.07,8.38,0.07,0.07,490.49,506.13,423.51,
2023-03-04 20:00:00,2023,3,6,1,20,1,528.13,23.88,67.59,11.54,0.03,0.03,494.58,506.52,446.37,
2023-03-04 23:00:00,2023,3,6,1,23,1,500.44,17.42,68.94,3.83,0.12,0.11,488.91,505.75,,469.15
2023-03-05 04:00:00,2023,3,7,1,4,1,529.65,19.04,33.48,6.76,0.15,0.14,504.88,506.28,,
2023-03-05 05:00:00,2023,3,7,1,5,1,499.93,21.67,82.82,0.02,0.17,0.16,504.22,506.04,529.65,
2023-03-06 03:00:00,2023,3,1,0,3,0,400.09,22.82,65.72,6.57,0.36,0.31,522.23,507.06,,
2023-03-06 05:00:00,2023,3,1,0,5,0,521.21,20.86,41.8,1.35,0.4,0.34,518.96,506.87,,499.93
2023-03-06 16:00:00,2023,3,1,0,16,0,500.81,25.43,41.0,11.78,0.62,0.48,519.83,509.14,,
2023-03-06 20:00:00,2023,3,1,0,20,0,457.13,22.58,44.04,12.3,0.11,0.1,512.3,509.23,,
2023-03-07 01:00:00,2023,3,2,0,1,0,432.68,15.48,86.26,7.08,0.15,0.14,504.04,508.94,,
2023-03-07 06:00:00,2023,3,2,0,6,0,559.36,30.66,34.46,12.92,0.16,0.15,509.76,508.72,,
2023-03-07 08:00:00,2023,3,2,0,8,0,439.03,26.07,68.37,13.84,0.02,0.02,505.06,508.33,,
2023-03-07 09:00:00,2023,3,2,0,9,0,511.17,27.34,32.03,1.09,0.06,0.06,500.13,508.58,439.03,
2023-03-07 18:00:00,2023,3,2,0,18,0,391.6,24.45,48.42,7.28,1.05,0.72,499.23,507.91,,
2023-03-07 22:00:00,2023,3,2,0,22,0,473.73,15.0,40.94,3.89,0.23,0.21,498.19,507.63,,
2023-03-08 17:00:00,2023,3,3,0,17,0,509.07,32.13,41.43,7.72,0.25,0.22,485.74,509.1,,
2023-03-09 10:00:00,2023,3,4,0,10,0,511.99,19.76,61.74,2.16,0.01,0.01,507.85,510.28,,
2023-03-09 15:00:00,2023,3,4,0,15,0,490.63,31.75,52.21,11.15,0.42,0.35,516.52,511.93,,
2023-03-09 18:00:00,2023,3,4,0,18,0,589.01,22.97,89.62,0.23,0.09,0.09,516.47,512.29,,
2023-03-10 01:00:00,2023,3,5,0,1,0,483.5,15.0,79.53,10.97,0.06,0.06,514.93,513.49,,
2023-03-10 04:00:00,2023,3,5,0,4,0,464.51,28.86,76.14,12.0,0.08,0.08,511.36,514.86,,
2023-03-10 06:00:00,2023,3,5,0,6,0,508.27,26.54,87.23,12.37,0.03,0.03,513.21,514.49,,
2023-03-10 10:00:00,2023,3,5,0,10,0,608.71,16.66,39.46,2.24,0.35,0.3,505.17,514.19,,511.99
2023-03-10 11:00:00,2023,3,5,0,11,0,477.64,30.56,61.02,3.95,0.1,0.1,503.54,514.34,608.71,
2023-03-10 22:00:00,2023,3,5,0,22,0,418.75,23.06,61.13,10.59,0.16,0.15,495.54,513.17,,
2023-03-11 00:00:00,2023,3,6,1,0,1,491.82,21.85,32.05,12.83,0.07,0.07,493.14,514.46,,
2023-03-11 01:00:00,2023,3,6,1,1,1,541.32,23.94,44.39,2.99,0.59,0.46,495.55,514.69,491.82,483.5
2023-03-11 02:00:00,2023,3,6,1,2,1,502.55,32.81,72.79,3.87,0.0,0.0,492.92,515.17,541.32,
2023-03-11 15:00:00,2023,3,6,1,15,1,468.0,29.58,57.95,11.06,0.36,0.31,492.45,513.4,,
2023-03-12 00:00:00,2023,3,7,1,0,1,446.33,22.22,67.69,2.04,0.07,0.07,497.46,514.46,,491.82
2023-03-12 02:00:00,2023,3,7,1,2,1,450.22,20.12,30.86,14.06,0.01,0.01,494.03,514.14,,502.55
2023-03-12 03:00:00,2023,3,7,1,3,1,569.69,26.48,35.77,9.04,0.07,0.07,499.79,514.38,450.22,
2023-03-12 13:00:00,2023,3,7,1,13,1,458.35,33.79,62.32,7.54,0.5,0.41,489.94,510.95,,
2023-03-12 14:00:00,2023,3,7,1,14,1,476.84,27.72,36.07,12.35,0.22,0.2,486.66,510.61,458.35,
2023-03-12 15:00:00,2023,3,7,1,15,1,499.0,31.52,37.51,8.66,0.02,0.02,487.95,510.25,476.84,468.0
2023-03-12 17:00:00,2023,3,7,1,17,1,498.67,28.22,62.51,10.0,0.11,0.1,484.83,510.04,,
2023-03-12 20:00:00,2023,3,7,1,20,1,437.71,28.07,54.83,5.66,0.15,0.14,486.07,509.15,,
2023-03-13 01:00:00,2023,3,1,0,1,0,501.4,30.65,83.48,13.18,0.24,0.22,480.48,507.58,,
2023-03-13 04:00:00,2023,3,1,0,4,0,516.54,31.24,46.0,9.21,0.14,0.13,478.65,507.77,,
2023-03-13 07:00:00,2023,3,1,0,7,0,507.81,38.35,55.56,7.3,0.46,0.38,478.75,506.99,,
2023-03-13 10:00:00,2023,3,1,0,10,0,462.21,32.5,88.21,12.78,0.14,0.13,483.85,506.04,,
2023-03-13 18:00:00,2023,3,1,0,18,0,503.03,24.65,40.48,13.14,0.25,0.22,491.01,506.38,,
2023-03-13 20:00:00,2023,3,1,0,20,0,439.97,33.35,73.46,3.95,0.13,0.12,488.42,505.67,,437.71
2023-03-13 23:00:00,2023,3,1,0,23,0,533.89,18.86,40.18,6.28,0.17,0.16,496.48,506.06,,
2023-03-14 02:00:00,2023,3,2,0,2,0,473.1,32.69,47.71,3.66,0.06,0.06,499.84,506.32,,
2023-03-14 23:00:00,2023,3,2,0,23,0,505.3,23.93,73.36,7.13,0.33,0.29,487.23,505.17,,533.89
2023-03-15 01:00:00,2023,3,3,0,1,0,393.6,25.71,57.04,8.59,0.1,0.1,487.08,505.46,,
2023-03-15 07:00:00,2023,3,3,0,7,0,523.35,15.0,86.6,14.83,0.46,0.38,479.52,505.16,,
2023-03-15 14:00:00,2023,3,3,0,14,0,482.37,27.8,57.2,7.33,0.11,0.1,478.31,505.22,,
2023-03-15 20:00:00,2023,3,3,0,20,0,385.41,19.28,50.76,3.38,0.13,0.12,484.4,504.99,,
2023-03-15 22:00:00,2023,3,3,0,22,0,466.82,17.16,52.91,7.66,0.12,0.11,489.15,504.45,,
2023-03-16 02:00:00,2023,3,4,0,2,0,540.04,27.7,65.0,5.1,0.04,0.04,491.36,504.17,,
2023-03-16 09:00:00,2023,3,4,0,9,0,524.34,34.16,80.92,3.13,0.18,0.17,502.34,503.65,,
2023-03-16 12:00:00,2023,3,4,0,12,0,553.92,23.46,42.46,4.69,0.18,0.17,505.84,503.22,,
2023-03-16 18:00:00,2023,3,4,0,18,0,583.87,16.48,71.9,14.6,0.0,0.0,496.02,502.46,,
2023-03-16 19:00:00,2023,3,4,0,19,0,472.53,21.28,31.47,9.59,0.03,0.03,493.93,502.68,583.87,
2023-03-16 21:00:00,2023,3,4,0,21,0,449.08,26.46,63.21,5.52,0.02,0.02,498.71,502.15,,
2023-03-17 03:00:00,2023,3,5,0,3,0,488.65,23.75,50.25,9.06,0.79,0.58,500.13,501.54,,
2023-03-17 07:00:00,2023,3,5,0,7,0,435.19,22.11,72.59,5.91,0.24,0.22,493.82,501.8,,
2023-03-17 08:00:00,2023,3,5,0,8,0,508.95,40.0,48.93,12.18,0.58,0.46,496.89,502.74,435.19,
2023-03-17 09:00:00,2023,3,5,0,9,0,399.51,23.9,73.65,2.74,0.07,0.07,491.69,502.27,508.95,524.34
2023-03-17 21:00:00,2023,3,5,0,21,0,422.53,39.1,64.65,3.89,0.06,0.06,502.67,502.86,,449.08
2023-03-17 22:00:00,2023,3,5,0,22,0,448.22,16.24,70.25,0.88,0.02,0.02,505.76,503.97,422.53,
2023-03-18 09:00:00,2023,3,6,1,9,1,448.22,33.33,36.69,9.93,0.45,0.37,521.83,504.81,,399.51
2023-03-18 17:00:00,2023,3,6,1,17,1,497.59,30.28,77.81,8.24,0.09,0.09,507.93,504.69,,
2023-03-18 18:00:00,2023,3,6,1,18,1,428.82,32.91,79.67,3.04,0.11,0.1,503.66,504.21,497.59,
2023-03-18 22:00:00,2023,3,6,1,22,1,566.32,25.15,47.58,0.63,0.04,0.04,501.4,504.35,,601.65
2023-03-19 15:00:00,2023,3,7,1,15,1,533.14,24.47,81.45,10.16,0.44,0.36,501.77,507.09,,
2023-03-19 16:00:00,2023,3,7,1,16,1,468.96,25.82,74.66,2.55,0.24,0.22,501.86,507.18,533.14,
2023-03-19 17:00:00,2023,3,7,1,17,1,544.76,23.3,86.67,1.83,0.01,0.01,503.83,507.46,468.96,497.59
2023-03-19 22:00:00,2023,3,7,1,22,1,497.29,16.85,82.35,12.3,0.2,0.18,509.36,508.15,,566.32
2023-03-20 04:00:00,2023,3,1,0,4,0,494.85,29.79,86.15,13.15,0.02,0.02,509.5,510.16,,
2023-03-20 09:00:00,2023,3,1,0,9,0,422.97,25.73,42.02,7.87,0.46,0.38,500.08,509.41,,
2023-03-20 15:00:00,2023,3,1,0,15,0,602.95,20.37,77.47,7.0,0.06,0.06,516.17,511.71,,533.14
2023-03-20 16:00:00,2023,3,1,0,16,0,465.79,22.13,34.47,4.57,0.04,0.04,516.04,511.15,602.95,468.96
2023-03-21 01:00:00,2023,3,2,0,1,0,497.39,15.67,80.97,5.3,0.13,0.12,500.15,509.92,,
2023-03-21 08:00:00,2023,3,2,0,8,0,469.68,20.27,50.32,13.05,0.24,0.22,502.56,510.44,,
2023-03-21 09:00:00,2023,3,2,0,9,0,526.79,30.08,45.93,3.59,0.05,0.05,506.88,510.94,469.68,422.97
2023-03-21 13:00:00,2023,3,2,0,13,0,603.72,15.0,44.7,10.43,0.22,0.2,504.48,511.27,,
2023-03-21 16:00:00,2023,3,2,0,16,0,565.49,33.02,75.56,4.45,0.08,0.08,499.91,510.99,,465.79
2023-03-22 00:00:00,2023,3,3,0,0,0,495.03,31.05,69.43,11.67,0.2,0.18,501.81,511.43,,
2023-03-22 02:00:00,2023,3,3,0,2,0,506.29,27.38,33.04,9.94,0.59,0.46,498.01,512.24,,
2023-03-22 05:00:00,2023,3,3,0,5,0,533.47,24.2,50.81,14.15,0.29,0.25,502.72,513.52,,
2023-03-23 01:00:00,2023,3,4,0,1,0,514.82,30.33,58.1,6.87,0.33,0.29,495.08,512.99,,
2023-03-23 03:00:00,2023,3,4,0,3,0,515.71,15.0,78.91,1.4,0.62,0.48,494.33,512.45,,
2023-03-23 14:00:00,2023,3,4,0,14,0,463.35,30.99,68.58,4.05,0.01,0.01,495.73,512.69,,
2023-03-23 15:00:00,2023,3,4,0,15,0,601.68,36.04,35.22,3.93,0.02,0.02,499.05,513.4,463.35,
2023-03-23 16:00:00,2023,3,4,0,16,0,524.32,20.07,54.27,13.75,0.24,0.22,500.8,513.62,601.68,
2023-03-23 19:00:00,2023,3,4,0,19,0,555.66,23.66,76.81,8.32,0.11,0.1,502.3,513.79,,
2023-03-23 20:00:00,2023,3,4,0,20,0,472.72,36.68,55.95,4.79,0.08,0.08,502.7,513.39,555.66,
2023-03-23 22:00:00,2023,3,4,0,22,0,610.15,20.71,70.68,14.57,0.02,0.02,508.16,514.24,,
2023-03-24 06:00:00,2023,3,5,0,6,0,477.2,29.89,78.14,8.1,0.06,0.06,507.19,514.08,,
2023-03-24 12:00:00,2023,3,5,0,12,0,462.12,21.67,77.5,9.44,0.14,0.13,495.7,512.95,,
2023-03-25 00:00:00,2023,3,6,1,0,1,571.17,34.19,87.07,8.47,0.02,0.02,509.75,514.54,,
2023-03-25 01:00:00,2023,3,6,1,1,1,383.28,23.58,87.78,1.6,0.2,0.18,503.45,513.56,571.17,
2023-03-25 07:00:00,2023,3,6,1,7,1,482.85,31.97,79.15,7.18,0.02,0.02,523.58,514.5,,
2023-03-25 10:00:00,2023,3,6,1,10,1,546.54,28.51,88.04,4.67,0.04,0.04,526.49,514.65,,
2023-03-26 01:00:00,2023,3,7,1,1,1,615.08,31.07,53.49,11.04,1.69,0.99,513.93,515.48,,363.13
2023-03-26 02:00:00,2023,3,7,1,2,1,536.32,27.52,53.21,6.01,0.19,0.17,510.57,515.39,623.91,
2023-03-26 08:00:00,2023,3,7,1,8,1,479.93,17.19,55.48,7.7,0.08,0.08,509.34,515.04,,
2023-03-26 11:00:00,2023,3,7,1,11,1,561.57,32.61,47.44,1.4,0.07,0.07,515.36,516.02,,
2023-03-26 14:00:00,2023,3,7,1,14,1,531.25,19.09,35.83,12.49,0.35,0.3,516.07,517.17,,
2023-03-26 20:00:00,2023,3,7,1,20,1,475.74,15.0,34.08,7.79,0.02,0.02,517.38,515.9,,
2023-03-27 04:00:00,2023,3,1,0,4,0,439.4,37.4,45.52,13.82,0.41,0.34,506.67,515.62,,
2023-03-27 10:00:00,2023,3,1,0,10,0,416.45,15.29,65.26,3.88,0.01,0.01,503.36,515.31,,
2023-03-27 15:00:00,2023,3,1,0,15,0,598.41,33.9,68.64,2.42,0.2,0.18,499.53,514.6,,
2023-03-27 16:00:00,2023,3,1,0,16,0,564.25,24.56,61.89,10.78,0.06,0.06,501.54,515.2,598.41,
2023-03-27 19:00:00,2023,3,1,0,19,0,551.62,22.31,72.03,5.15,0.03,0.03,507.07,515.47,,
2023-03-28 07:00:00,2023,3,2,0,7,0,552.53,23.84,60.27,5.51,0.08,0.08,500.68,515.13,,
2023-03-28 11:00:00,2023,3,2,0,11,0,442.14,24.24,41.21,4.61,0.29,0.25,501.31,515.01,,
2023-03-28 17:00:00,2023,3,2,0,17,0,422.04,28.42,69.68,11.11,0.34,0.29,489.7,514.06,,
2023-03-29 07:00:00,2023,3,3,0,7,0,473.18,15.0,75.24,10.38,0.1,0.1,487.87,513.22,,552.53
2023-03-29 08:00:00,2023,3,3,0,8,0,507.51,23.0,33.92,12.62,0.04,0.04,487.91,513.45,473.18,
2023-03-30 01:00:00,2023,3,4,0,1,0,563.3,26.43,76.52,11.05,0.06,0.06,492.91,515.18,,
2023-03-30 02:00:00,2023,3,4,0,2,0,512.4,21.58,78.74,4.59,0.81,0.59,494.82,515.55,563.3,
2023-03-30 03:00:00,2023,3,4,0,3,0,483.06,33.25,68.23,0.78,0.19,0.17,499.9,515.35,512.4,
2023-03-30 20:00:00,2023,3,4,0,20,0,497.59,30.13,39.79,0.38,0.7,0.53,509.44,516.17,,
2023-03-30 22:00:00,2023,3,4,0,22,0,453.12,28.2,53.23,5.05,0.6,0.47,514.29,515.38,,
2023-03-31 03:00:00,2023,3,5,0,3,0,554.19,22.93,62.34,12.82,0.36,0.31,511.1,515.29,,483.06
2023-03-31 16:00:00,2023,3,5,0,16,0,516.8,26.58,73.31,13.65,0.04,0.04,525.55,518.78,,
2023-03-31 20:00:00,2023,3,5,0,20,0,536.98,27.37,51.33,8.38,0.15,0.14,517.71,518.44,,497.59
2023-03-31 21:00:00,2023,3,5,0,21,0,460.1,22.15,45.42,13.26,0.12,0.11,514.63,517.81,536.98,
2023-04-01 07:00:00,2023,4,6,1,7,1,490.17,20.34,51.44,13.12,0.15,0.14,493.48,513.07,,
2023-04-01 13:00:00,2023,4,6,1,13,1,470.19,37.46,38.8,6.12,1.02,0.7,478.1,513.19,,
2023-04-01 16:00:00,2023,4,6,1,16,1,525.6,31.54,67.05,5.12,0.25,0.22,474.68,513.35,,516.8
2023-04-01 17:00:00,2023,4,6,1,17,1,507.08,21.62,38.94,13.21,0.17,0.16,477.04,513.57,525.6,
2023-04-01 18:00:00,2023,4,6,1,18,1,508.54,26.73,63.69,10.2,0.27,0.24,479.18,513.6,507.08,
2023-04-01 19:00:00,2023,4,6,1,19,1,483.05,20.44,71.9,11.56,0.01,0.01,477.61,513.23,508.54,
2023-04-02 00:00:00,2023,4,7,1,0,1,443.76,31.36,48.15,6.99,0.09,0.09,476.33,511.97,,
2023-04-02 02:00:00,2023,4,7,1,2,1,421.25,27.14,65.1,9.89,0.02,0.02,479.3,510.75,,
2023-04-02 09:00:00,2023,4,7,1,9,1,439.98,23.81,47.84,12.15,0.05,0.05,483.58,509.61,,
2023-04-02 14:00:00,2023,4,7,1,14,1,498.82,17.06,81.7,7.46,0.6,0.47,487.53,508.25,,
2023-04-02 17:00:00,2023,4,7,1,17,1,527.55,35.94,58.54,7.02,0.19,0.17,492.43,508.74,,507.08
2023-04-02 22:00:00,2023,4,7,1,22,1,464.95,25.43,65.45,9.16,0.08,0.08,491.41,508.94,,
2023-04-03 01:00:00,2023,4,1,0,1,0,459.15,15.98,75.3,2.02,0.08,0.08,489.5,507.59,,
2023-04-03 14:00:00,2023,4,1,0,14,0,525.45,29.35,69.78,7.83,0.04,0.04,501.02,509.0,,498.82
2023-04-03 21:00:00,2023,4,1,0,21,0,452.24,36.08,64.89,2.13,0.08,0.08,506.58,509.02,,
2023-04-04 03:00:00,2023,4,2,0,3,0,492.17,22.74,65.52,8.1,0.21,0.19,510.3,509.32,,
2023-04-04 04:00:00,2023,4,2,0,4,0,495.18,29.35,52.99,6.98,0.06,0.06,512.26,509.58,492.17,
2023-04-04 09:00:00,2023,4,2,0,9,0,524.36,23.34,82.67,0.35,0.07,0.07,512.57,509.9,,
2023-04-04 18:00:00,2023,4,2,0,18,0,582.86,15.0,31.95,7.25,0.12,0.11,497.15,509.89,,
2023-04-04 19:00:00,2023,4,2,0,19,0,503.77,24.86,49.96,2.4,0.26,0.23,494.85,509.92,582.86,
2023-04-04 20:00:00,2023,4,2,0,20,0,510.85,31.12,75.13,6.73,0.47,0.39,493.55,509.66,503.77,
2023-04-04 21:00:00,2023,4,2,0,21,0,437.16,26.35,49.78,10.82,0.12,0.11,492.93,509.11,510.85,452.24
2023-04-05 00:00:00,2023,4,3,0,0,0,570.85,18.89,79.2,14.14,0.14,0.13,490.59,508.41,,
2023-04-05 04:00:00,2023,4,3,0,4,0,438.61,31.27,51.85,6.66,0.31,0.27,488.02,508.82,,495.18
2023-04-05 07:00:00,2023,4,3,0,7,0,504.86,18.51,71.51,12.51,0.06,0.06,486.65,508.93,,
2023-04-05 10:00:00,2023,4,3,0,10,0,462.08,23.57,66.18,10.74,0.13,0.12,483.45,507.79,,
2023-04-05 14:00:00,2023,4,3,0,14,0,552.68,27.87,68.01,12.73,0.01,0.01,489.06,508.68,,
2023-04-05 19:00:00,2023,4,3,0,19,0,464.3,25.37,31.69,1.94,0.15,0.14,488.26,507.45,,503.77
2023-04-05 21:00:00,2023,4,3,0,21,0,550.9,27.45,55.06,0.87,0.2,0.18,492.86,508.21,,437.16
2023-04-06 10:00:00,2023,4,4,0,10,0,496.94,24.32,65.98,2.7,0.32,0.28,506.81,508.49,,462.08
2023-04-06 15:00:00,2023,4,4,0,15,0,493.61,28.79,41.96,11.28,0.17,0.16,497.39,507.08,,
2023-04-06 17:00:00,2023,4,4,0,17,0,495.4,15.16,84.3,6.28,0.04,0.04,500.72,507.83,,
2023-04-07 09:00:00,2023,4,5,0,9,0,463.34,15.0,58.15,4.37,0.02,0.02,504.8,505.44,,
2023-04-07 15:00:00,2023,4,5,0,15,0,451.18,40.0,57.49,5.84,0.28,0.25,514.13,505.64,,493.61
2023-04-07 16:00:00,2023,4,5,0,16,0,547.83,16.25,79.11,11.23,0.42,0.35,512.49,505.83,451.18,
2023-04-08 03:00:00,2023,4,6,1,3,1,495.58,19.93,47.06,14.27,0.71,0.54,511.27,507.54,,
2023-04-08 06:00:00,2023,4,6,1,6,1,524.56,35.04,59.69,13.44,0.43,0.36,504.05,507.73,,
2023-04-08 20:00:00,2023,4,6,1,20,1,557.94,29.12,66.9,12.99,0.05,0.05,501.54,509.08,,
2023-04-09 04:00:00,2023,4,7,1,4,1,401.5,31.87,61.58,11.25,0.25,0.22,488.19,508.57,,
2023-04-09 19:00:00,2023,4,7,1,19,1,543.85,19.48,71.49,14.87,0.07,0.07,496.4,509.41,,
2023-04-09 22:00:00,2023,4,7,1,22,1,472.4,19.21,86.79,2.18,0.01,0.01,494.86,509.1,,
2023-04-09 23:00:00,2023,4,7,1,23,1,386.38,21.07,34.3,10.55,0.28,0.25,486.79,508.44,472.4,
2023-04-10 01:00:00,2023,4,1,0,1,0,465.75,20.85,70.7,8.27,0.03,0.03,487.62,508.66,,
2023-04-10 03:00:00,2023,4,1,0,3,0,559.07,23.46,85.37,4.03,0.01,0.01,488.67,509.04,,
2023-04-10 05:00:00,2023,4,1,0,5,0,464.09,29.21,81.63,12.57,0.24,0.22,488.05,508.34,,
2023-04-10 11:00:00,2023,4,1,0,11,0,439.98,20.03,85.05,8.44,0.03,0.03,493.93,508.58,,
2023-04-10 12:00:00,2023,4,1,0,12,0,509.96,22.08,86.11,3.03,0.13,0.12,492.99,508.13,439.98,
2023-04-10 18:00:00,2023,4,1,0,18,0,533.86,21.96,46.09,4.97,0.25,0.22,486.54,506.72,,
2023-04-11 03:00:00,2023,4,2,0,3,0,514.96,39.48,56.27,7.61,0.08,0.08,509.92,508.98,,559.07
2023-04-11 05:00:00,2023,4,2,0,5,0,429.13,34.45,72.21,2.72,0.02,0.02,512.14,509.02,,464.09
2023-04-11 06:00:00,2023,4,2,0,6,0,535.0,21.69,31.46,8.51,0.29,0.25,515.97,508.99,429.13,
2023-04-11 10:00:00,2023,4,2,0,10,0,571.06,19.95,60.57,8.41,0.11,0.1,512.57,509.42,,
2023-04-11 12:00:00,2023,4,2,0,12,0,450.64,33.74,52.63,6.96,0.16,0.15,510.8,508.61,,509.96
2023-04-11 17:00:00,2023,4,2,0,17,0,497.67,22.71,73.71,10.61,0.05,0.05,512.91,509.31,,
2023-04-12 09:00:00,2023,4,3,0,9,0,501.43,21.76,59.84,5.17,0.84,0.61,499.66,511.12,,
2023-04-12 20:00:00,2023,4,3,0,20,0,544.15,21.47,62.38,10.25,0.05,0.05,497.88,510.52,,
2023-04-12 21:00:00,2023,4,3,0,21,0,555.95,17.41,86.12,13.53,0.03,0.03,500.38,510.55,544.15,
2023-04-12 22:00:00,2023,4,3,0,22,0,544.15,23.26,48.79,1.07,0.32,0.28,494.73,509.57,555.95,
2023-04-13 00:00:00,2023,4,4,0,0,0,488.97,27.54,80.52,14.85,0.19,0.17,495.25,509.8,,
2023-04-13 11:00:00,2023,4,4,0,11,0,575.18,35.4,64.2,0.73,0.17,0.16,496.43,509.9,,
2023-04-13 18:00:00,2023,4,4,0,18,0,484.72,24.96,64.32,5.13,0.56,0.44,499.27,509.86,,
2023-04-13 20:00:00,2023,4,4,0,20,0,383.28,35.86,63.23,11.29,0.09,0.09,493.88,509.07,,544.15
2023-04-13 21:00:00,2023,4,4,0,21,0,593.46,32.51,43.93,11.3,0.06,0.06,495.45,509.65,339.97,555.95
2023-04-13 22:00:00,2023,4,4,0,22,0,490.71,29.7,57.9,0.62,0.37,0.31,500.61,509.36,593.46,366.82
2023-04-14 06:00:00,2023,4,5,0,6,0,457.93,29.5,36.34,1.92,0.01,0.01,509.95,510.57,,
2023-04-14 07:00:00,2023,4,5,0,7,0,417.55,24.55,40.35,0.56,0.4,0.34,504.5,509.64,457.93,
2023-04-14 09:00:00,2023,4,5,0,9,0,554.37,20.73,82.02,8.46,0.2,0.18,507.89,509.9,,
2023-04-14 14:00:00,2023,4,5,0,14,0,501.93,22.84,34.68,1.9,0.83,0.6,501.64,508.12,,
2023-04-14 20:00:00,2023,4,5,0,20,0,538.54,35.55,64.73,5.44,0.11,0.1,510.73,509.53,,339.97
2023-04-15 00:00:00,2023,4,6,1,0,1,513.11,15.0,66.19,12.65,0.07,0.07,504.51,509.05,,
2023-04-15 04:00:00,2023,4,6,1,4,1,420.73,25.94,60.85,11.16,0.41,0.34,498.32,509.08,,
2023-04-15 10:00:00,2023,4,6,1,10,1,483.58,35.16,46.72,11.78,0.66,0.51,499.63,508.72,,
2023-04-15 14:00:00,2023,4,6,1,14,1,497.57,22.59,63.0,14.09,0.4,0.34,499.79,507.79,,501.93
2023-04-15 15:00:00,2023,4,6,1,15,1,544.24,33.04,33.87,10.08,0.06,0.06,500.37,508.38,497.57,
2023-04-15 23:00:00,2023,4,6,1,23,1,519.57,28.46,44.42,3.84,0.31,0.27,483.63,507.48,,
2023-04-16 00:00:00,2023,4,7,1,0,1,383.28,21.93,53.63,13.6,0.05,0.05,477.52,506.94,519.57,513.11
2023-04-16 17:00:00,2023,4,7,1,17,1,430.62,27.89,43.18,9.64,0.0,0.0,482.73,507.26,,
2023-04-16 20:00:00,2023,4,7,1,20,1,538.88,34.82,86.52,2.34,0.09,0.09,488.04,506.78,,
2023-04-16 21:00:00,2023,4,7,1,21,1,530.34,15.0,44.07,12.29,0.43,0.36,492.61,507.46,538.88,
2023-04-16 23:00:00,2023,4,7,1,23,1,527.91,18.79,45.81,6.21,0.1,0.1,496.3,508.87,,519.57
2023-04-17 06:00:00,2023,4,1,0,6,0,530.01,15.43,82.54,3.59,0.06,0.06,499.85,509.74,,
2023-04-17 07:00:00,2023,4,1,0,7,0,596.9,29.82,61.28,2.96,1.2,0.79,506.42,510.0,530.01,
2023-04-17 20:00:00,2023,4,1,0,20,0,462.88,27.08,71.54,5.12,0.01,0.01,503.38,508.76,,538.88
2023-04-18 00:00:00,2023,4,2,0,0,0,577.14,28.47,57.26,8.35,0.06,0.06,503.89,507.95,,
2023-04-18 03:00:00,2023,4,2,0,3,0,561.84,22.46,49.75,2.07,0.43,0.36,506.43,507.9,,
2023-04-18 06:00:00,2023,4,2,0,6,0,519.16,26.06,71.13,9.72,0.26,0.23,503.1,507.86,,530.01
2023-04-18 13:00:00,2023,4,2,0,13,0,485.16,15.0,35.33,1.69,0.13,0.12,495.3,507.47,,
2023-04-18 16:00:00,2023,4,2,0,16,0,491.54,20.02,64.52,9.39,0.26,0.23,504.88,508.59,,
2023-04-18 21:00:00,2023,4,2,0,21,0,503.59,24.91,72.44,3.74,0.72,0.54,508.5,508.6,,
2023-04-19 01:00:00,2023,4,3,0,1,0,561.01,26.26,69.6,2.87,0.01,0.01,506.14,509.22,,
2023-04-19 03:00:00,2023,4,3,0,3,0,509.4,15.0,73.73,8.72,0.26,0.23,504.4,508.62,,561.84
2023-04-19 05:00:00,2023,4,3,0,5,0,501.88,23.83,54.4,8.38,0.57,0.45,508.68,508.65,,
2023-04-19 14:00:00,2023,4,3,0,14,0,553.04,22.32,75.71,6.41,0.11,0.1,502.48,507.83,,
2023-04-19 16:00:00,2023,4,3,0,16,0,463.78,23.08,45.7,1.71,0.02,0.02,501.12,508.39,,491.54
2023-04-19 19:00:00,2023,4,3,0,19,0,509.86,19.92,49.53,6.45,0.01,0.01,507.68,510.28,,
2023-04-19 20:00:00,2023,4,3,0,20,0,575.0,27.37,45.76,1.96,0.61,0.48,511.02,510.47,509.86,
2023-04-19 21:00:00,2023,4,3,0,21,0,467.91,31.3,81.65,4.64,0.95,0.67,509.54,509.93,575.0,503.59
2023-04-19 23:00:00,2023,4,3,0,23,0,523.16,30.21,56.16,8.46,0.05,0.05,512.61,510.67,,
2023-04-20 00:00:00,2023,4,4,0,0,0,465.4,18.76,61.88,9.6,0.17,0.16,509.59,510.52,523.16,
2023-04-20 01:00:00,2023,4,4,0,1,0,435.78,21.6,56.47,2.8,0.02,0.02,504.37,510.11,465.4,561.01
2023-04-20 15:00:00,2023,4,4,0,15,0,490.74,24.38,70.57,4.17,0.27,0.24,503.03,509.45,,
2023-04-20 17:00:00,2023,4,4,0,17,0,462.34,16.61,74.73,8.14,0.43,0.36,492.13,508.32,,
2023-04-21 03:00:00,2023,4,5,0,3,0,523.99,35.02,50.83,13.93,0.31,0.27,492.56,507.28,,
2023-04-21 04:00:00,2023,4,5,0,4,0,430.91,22.94,81.76,6.5,0.21,0.19,488.71,506.73,523.99,
2023-04-21 09:00:00,2023,4,5,0,9,0,544.84,16.03,53.27,8.9,0.09,0.09,484.23,506.39,,
2023-04-21 10:00:00,2023,4,5,0,10,0,551.82,30.55,56.82,4.97,0.37,0.31,482.92,506.99,544.84,
2023-04-21 16:00:00,2023,4,5,0,16,0,514.89,24.23,66.02,2.34,0.08,0.08,486.98,506.24,,
2023-04-21 20:00:00,2023,4,5,0,20,0,508.38,40.0,59.89,8.03,0.24,0.22,479.34,505.18,,
2023-04-21 23:00:00,2023,4,5,0,23,0,459.73,20.86,41.79,0.71,0.25,0.22,482.01,505.11,,
2023-04-22 04:00:00,2023,4,6,1,4,1,561.91,36.85,65.0,4.98,0.67,0.51,489.67,505.47,,430.91
2023-04-22 06:00:00,2023,4,6,1,6,1,477.1,31.24,31.32,5.66,0.13,0.12,490.61,505.07,,
2023-04-22 07:00:00,2023,4,6,1,7,1,566.23,17.49,71.54,5.53,0.08,0.08,495.67,505.89,477.1,
2023-04-22 09:00:00,2023,4,6,1,9,1,505.86,24.34,48.84,12.35,0.45,0.37,496.43,506.11,,544.84
2023-04-22 11:00:00,2023,4,6,1,11,1,532.79,24.62,45.77,7.35,0.04,0.04,495.78,506.67,,
2023-04-22 17:00:00,2023,4,6,1,17,1,500.06,17.44,81.46,13.77,0.13,0.12,505.08,507.18,,
2023-04-22 18:00:00,2023,4,6,1,18,1,577.6,15.0,57.08,0.09,0.35,0.3,510.56,507.41,500.06,
2023-04-22 23:00:00,2023,4,6,1,23,1,463.04,33.16,82.57,3.46,0.19,0.17,512.67,509.34,,459.73
2023-04-23 04:00:00,2023,4,7,1,4,1,453.09,23.52,88.17,8.48,0.08,0.08,511.22,510.97,,561.91
2023-04-23 06:00:00,2023,4,7,1,6,1,537.98,26.13,88.71,3.38,0.1,0.1,515.25,510.27,,477.1
2023-04-23 08:00:00,2023,4,7,1,8,1,615.08,15.0,58.77,6.14,0.28,0.25,515.21,511.1,,
2023-04-23 10:00:00,2023,4,7,1,10,1,546.28,21.53,56.4,4.16,0.07,0.07,513.15,510.87,,
2023-04-23 14:00:00,2023,4,7,1,14,1,477.3,32.22,67.14,6.71,0.45,0.37,507.98,510.79,,
2023-04-23 15:00:00,2023,4,7,1,15,1,579.58,27.91,82.07,8.66,0.35,0.3,508.49,510.83,477.3,
2023-04-23 17:00:00,2023,4,7,1,17,1,528.11,34.31,72.16,14.38,0.7,0.53,507.29,510.76,,500.06
2023-04-24 10:00:00,2023,4,1,0,10,0,543.43,32.18,89.12,0.09,0.21,0.19,508.45,511.08,,546.28
2023-04-24 16:00:00,2023,4,1,0,16,0,472.28,18.63,80.28,12.29,0.37,0.31,511.7,512.03,,
2023-04-24 20:00:00,2023,4,1,0,20,0,494.77,24.9,47.5,3.01,0.41,0.34,509.66,512.17,,
2023-04-24 22:00:00,2023,4,1,0,22,0,464.09,31.58,45.81,6.57,0.12,0.11,507.79,511.32,,
2023-04-25 02:00:00,2023,4,2,0,2,0,560.39,31.83,47.17,5.69,0.19,0.17,511.64,511.63,,
2023-04-25 04:00:00,2023,4,2,0,4,0,544.67,22.56,44.8,9.37,0.16,0.15,506.13,511.29,,
2023-04-25 07:00:00,2023,4,2,0,7,0,450.16,28.75,88.73,2.01,0.11,0.1,501.23,511.46,,
2023-04-25 09:00:00,2023,4,2,0,9,0,531.46,15.0,75.54,7.33,0.05,0.05,501.68,511.74,,
2023-04-25 11:00:00,2023,4,2,0,11,0,470.91,21.58,78.31,11.58,0.14,0.13,499.58,510.85,,
2023-04-25 13:00:00,2023,4,2,0,13,0,467.44,35.62,88.71,4.67,0.05,0.05,495.31,511.07,,
2023-04-25 19:00:00,2023,4,2,0,19,0,543.17,28.04,69.67,10.18,0.22,0.2,489.18,509.45,,
2023-04-26 02:00:00,2023,4,3,0,2,0,602.59,37.42,77.2,4.17,0.17,0.16,497.19,510.26,,560.39
2023-04-26 03:00:00,2023,4,3,0,3,0,500.56,29.01,42.81,11.48,0.11,0.1,499.61,510.21,602.59,
2023-04-26 09:00:00,2023,4,3,0,9,0,461.0,16.65,64.4,8.13,0.06,0.06,486.76,508.44,,531.46
2023-04-26 11:00:00,2023,4,3,0,11,0,508.38,28.67,51.54,10.01,0.19,0.17,493.14,509.34,,470.91
2023-04-26 12:00:00,2023,4,3,0,12,0,418.15,22.44,51.75,1.04,0.16,0.15,488.66,509.05,508.38,
2023-04-26 17:00:00,2023,4,3,0,17,0,525.12,19.87,59.87,12.45,0.06,0.06,499.15,508.33,,
2023-04-26 21:00:00,2023,4,3,0,21,0,615.08,30.22,41.35,3.29,0.01,0.01,511.32,509.51,,
2023-04-27 00:00:00,2023,4,4,0,0,0,471.59,34.15,78.11,2.06,0.04,0.04,506.62,509.61,,
2023-04-27 01:00:00,2023,4,4,0,1,0,473.87,30.63,84.45,2.4,0.08,0.08,506.56,509.85,471.59,
2023-04-27 03:00:00,2023,4,4,0,3,0,470.87,33.0,89.23,8.36,0.06,0.06,501.35,510.06,,500.56
2023-04-27 04:00:00,2023,4,4,0,4,0,383.28,18.22,45.14,2.96,0.07,0.07,500.33,509.14,470.87,
2023-04-27 07:00:00,2023,4,4,0,7,0,503.64,35.63,40.14,9.82,0.31,0.27,506.77,509.74,,
2023-04-27 19:00:00,2023,4,4,0,19,0,428.73,24.21,89.52,8.02,0.05,0.05,500.98,510.13,,
2023-04-27 21:00:00,2023,4,4,0,21,0,545.09,19.61,44.15,13.94,0.01,0.01,494.97,510.43,,620.04
2023-04-27 22:00:00,2023,4,4,0,22,0,543.9,31.57,65.5,4.15,0.01,0.01,496.76,510.83,545.09,
2023-04-28 01:00:00,2023,4,5,0,1,0,615.08,20.56,52.34,6.19,0.48,0.39,503.59,511.77,,473.87
2023-04-28 02:00:00,2023,4,5,0,2,0,501.7,15.51,67.27,5.7,0.46,0.38,503.36,511.95,618.57,
2023-04-28 05:00:00,2023,4,5,0,5,0,610.6,21.86,60.67,7.84,0.18,0.17,514.67,513.05,,
2023-04-28 16:00:00,2023,4,5,0,16,0,426.48,31.23,74.66,7.55,0.18,0.17,493.58,512.69,,
2023-04-29 01:00:00,2023,4,6,1,1,1,413.53,30.86,84.65,12.31,0.21,0.19,497.87,513.88,,618.57
2023-04-29 09:00:00,2023,4,6,1,9,1,517.14,33.72,54.99,1.27,0.2,0.18,501.37,513.41,,
2023-04-29 16:00:00,2023,4,6,1,16,1,440.69,23.36,31.35,13.81,0.02,0.02,505.76,512.99,,426.48
2023-04-29 21:00:00,2023,4,6,1,21,1,454.43,15.0,54.9,11.82,0.13,0.12,494.52,511.19,,
2023-04-29 22:00:00,2023,4,6,1,22,1,500.39,18.22,67.96,6.6,0.16,0.15,493.23,511.12,454.43,
2023-04-30 00:00:00,2023,4,7,1,0,1,496.34,27.59,88.3,0.57,0.12,0.11,489.66,510.89,,
2023-04-30 02:00:00,2023,4,7,1,2,1,493.94,19.48,58.86,1.66,0.52,0.42,496.26,510.39,,
2023-04-30 03:00:00,2023,4,7,1,3,1,519.67,15.19,67.71,13.58,0.14,0.13,496.54,510.44,493.94,
2023-04-30 07:00:00,2023,4,7,1,7,1,551.16,25.03,30.87,8.16,0.3,0.26,492.85,510.7,,
2023-04-30 08:00:00,2023,4,7,1,8,1,563.82,19.16,38.56,12.94,0.03,0.03,494.06,510.26,551.16,
2023-04-30 12:00:00,2023,4,7,1,12,1,490.9,33.25,35.14,3.71,0.0,0.0,485.32,510.04,,
2023-04-30 13:00:00,2023,4,7,1,13,1,427.42,23.36,55.12,11.94,0.34,0.29,481.13,509.43,490.9,
2023-05-01 05:00:00,2023,5,1,0,5,0,508.49,27.4,88.88,11.13,0.12,0.11,490.0,508.04,,
2023-05-01 16:00:00,2023,5,1,0,16,0,481.04,23.8,77.57,6.51,0.11,0.1,482.99,505.05,,
2023-05-01 21:00:00,2023,5,1,0,21,0,445.51,15.0,83.05,11.07,0.4,0.34,486.59,505.34,,
2023-05-02 09:00:00,2023,5,2,0,9,0,432.94,21.37,35.32,1.65,0.26,0.23,482.04,504.39,,
2023-05-02 12:00:00,2023,5,2,0,12,0,525.65,18.98,71.83,9.05,0.05,0.05,483.03,505.26,,
2023-05-03 03:00:00,2023,5,3,0,3,0,488.36,22.1,34.69,1.49,0.13,0.12,488.74,503.88,,
2023-05-03 04:00:00,2023,5,3,0,4,0,482.11,17.36,73.36,10.15,0.43,0.36,487.34,504.41,488.36,
2023-05-03 10:00:00,2023,5,3,0,10,0,516.53,25.97,75.74,11.88,0.02,0.02,497.59,505.6,,
2023-05-03 16:00:00,2023,5,3,0,16,0,520.46,29.6,36.79,11.24,0.5,0.41,514.05,507.29,,
2023-05-03 18:00:00,2023,5,3,0,18,0,437.07,24.68,82.28,14.94,0.21,0.19,507.82,506.04,,
2023-05-03 21:00:00,2023,5,3,0,21,0,485.92,29.39,56.39,11.08,0.0,0.0,503.03,503.91,,
2023-05-04 02:00:00,2023,5,4,0,2,0,479.1,15.0,65.19,2.8,0.02,0.02,502.65,503.97,,
2023-05-04 13:00:00,2023,5,4,0,13,0,481.26,30.61,86.88,3.85,0.04,0.04,489.18,503.15,,
2023-05-04 15:00:00,2023,5,4,0,15,0,510.33,19.2,85.47,6.23,0.37,0.31,487.73,503.07,,
2023-05-04 18:00:00,2023,5,4,0,18,0,533.79,15.0,53.89,2.01,0.2,0.18,499.38,504.66,,437.07
2023-05-05 05:00:00,2023,5,5,0,5,0,433.84,32.17,63.6,13.28,0.02,0.02,500.78,503.15,,
2023-05-05 07:00:00,2023,5,5,0,7,0,440.84,25.36,53.7,14.93,0.16,0.15,492.62,502.4,,
2023-05-05 08:00:00,2023,5,5,0,8,0,578.56,15.49,44.78,8.74,0.48,0.39,500.36,503.23,440.84,
2023-05-05 09:00:00,2023,5,5,0,9,0,436.61,21.49,31.05,11.45,0.26,0.23,499.47,503.35,578.56,
2023-05-05 12:00:00,2023,5,5,0,12,0,420.42,24.22,71.78,1.36,0.36,0.31,495.22,503.5,,
2023-05-05 13:00:00,2023,5,5,0,13,0,456.38,40.0,55.55,4.25,0.06,0.06,494.19,502.91,420.42,481.26
2023-05-05 14:00:00,2023,5,5,0,14,0,533.84,26.5,41.51,14.48,0.04,0.04,494.64,502.85,456.38,
2023-05-05 16:00:00,2023,5,5,0,16,0,584.17,40.0,51.24,1.6,0.35,0.3,495.33,503.22,,
2023-05-05 19:00:00,2023,5,5,0,19,0,478.11,24.3,47.63,2.02,0.1,0.1,481.64,502.46,,
2023-05-05 22:00:00,2023,5,5,0,22,0,470.98,31.11,35.27,6.56,0.04,0.04,475.45,501.15,,
2023-05-06 03:00:00,2023,5,6,1,3,1,502.45,28.86,45.68,6.12,0.04,0.04,484.59,502.56,,
2023-05-06 13:00:00,2023,5,6,1,13,1,442.92,26.46,78.48,12.27,0.15,0.14,498.57,501.43,,456.38
2023-05-06 15:00:00,2023,5,6,1,15,1,530.69,27.09,55.77,1.16,0.07,0.07,500.85,501.63,,
2023-05-06 17:00:00,2023,5,6,1,17,1,536.51,26.93,84.27,12.82,0.23,0.21,501.9,502.33,,
2023-05-06 23:00:00,2023,5,6,1,23,1,469.61,34.93,53.98,14.69,0.18,0.17,506.79,503.72,,
2023-05-07 03:00:00,2023,5,7,1,3,1,550.3,16.69,48.59,9.56,0.01,0.01,509.87,504.5,,502.45
2023-05-07 04:00:00,2023,5,7,1,4,1,555.31,23.82,63.76,8.14,0.0,0.0,510.9,504.96,550.3,
2023-05-07 11:00:00,2023,5,7,1,11,1,462.92,33.83,64.97,13.14,0.01,0.01,514.26,505.79,,
2023-05-07 12:00:00,2023,5,7,1,12,1,492.07,22.79,71.52,11.47,0.52,0.42,511.78,505.8,462.92,
2023-05-07 23:00:00,2023,5,7,1,23,1,522.65,29.94,52.06,0.9,0.11,0.1,509.72,507.05,,469.61
2023-05-08 03:00:00,2023,5,1,0,3,0,504.76,15.0,70.21,4.47,0.04,0.04,502.11,507.13,,550.3
2023-05-08 16:00:00,2023,5,1,0,16,0,421.86,23.23,60.32,14.86,0.04,0.04,485.44,506.94,,
2023-05-09 01:00:00,2023,5,2,0,1,0,523.33,23.06,79.01,0.69,0.1,0.1,484.82,505.93,,
2023-05-09 09:00:00,2023,5,2,0,9,0,417.01,15.0,44.74,14.4,0.39,0.33,478.88,506.22,,
2023-05-09 20:00:00,2023,5,2,0,20,0,437.28,29.86,79.79,0.31,0.09,0.09,488.92,507.44,,
2023-05-09 22:00:00,2023,5,2,0,22,0,427.3,19.56,66.17,6.99,0.26,0.23,483.78,506.43,,
2023-05-10 09:00:00,2023,5,3,0,9,0,529.46,15.73,31.89,7.41,0.41,0.34,494.79,505.92,,417.01
2023-05-10 15:00:00,2023,5,3,0,15,0,456.17,18.64,35.08,10.74,0.05,0.05,491.13,504.52,,
2023-05-10 21:00:00,2023,5,3,0,21,0,464.67,28.84,45.0,11.76,0.0,0.0,493.7,505.29,,
2023-05-10 23:00:00,2023,5,3,0,23,0,461.41,22.77,55.49,2.47,0.01,0.01,495.13,505.31,,
2023-05-11 00:00:00,2023,5,4,0,0,0,504.52,28.17,74.84,13.53,0.08,0.08,495.53,505.02,461.41,
2023-05-11 02:00:00,2023,5,4,0,2,0,589.66,15.0,49.67,1.78,0.19,0.17,506.71,506.57,,
2023-05-11 09:00:00,2023,5,4,0,9,0,464.43,35.67,36.4,8.0,0.46,0.38,509.81,507.87,,529.46
2023-05-12 05:00:00,2023,5,5,0,5,0,560.43,35.19,39.13,11.66,0.12,0.11,504.67,507.75,,
2023-05-12 12:00:00,2023,5,5,0,12,0,568.43,29.12,84.32,13.78,0.31,0.27,499.97,508.55,,
2023-05-12 14:00:00,2023,5,5,0,14,0,525.21,17.42,89.95,4.85,0.25,0.22,486.43,507.96,,
2023-05-12 17:00:00,2023,5,5,0,17,0,488.18,32.23,70.02,8.62,0.06,0.06,491.73,508.61,,
2023-05-12 23:00:00,2023,5,5,0,23,0,463.15,20.15,63.71,14.55,0.09,0.09,486.3,508.13,,
2023-05-13 07:00:00,2023,5,6,1,7,1,393.87,27.98,41.73,13.71,0.31,0.27,479.64,506.31,,
2023-05-13 12:00:00,2023,5,6,1,12,1,541.9,27.71,80.76,8.24,0.15,0.14,486.97,506.78,,568.43
2023-05-13 14:00:00,2023,5,6,1,14,1,520.32,19.4,43.91,6.89,0.3,0.26,494.54,507.36,,525.21
2023-05-13 15:00:00,2023,5,6,1,15,1,590.15,31.35,36.62,0.19,0.15,0.14,497.7,507.72,520.32,
2023-05-13 17:00:00,2023,5,6,1,17,1,599.96,20.48,59.03,11.31,0.22,0.2,499.52,508.26,,488.18
2023-05-13 21:00:00,2023,5,6,1,21,1,498.13,29.08,40.9,0.03,0.13,0.12,499.58,507.28,,
2023-05-14 04:00:00,2023,5,7,1,4,1,515.86,29.6,86.45,8.75,0.37,0.31,507.96,506.82,,
2023-05-14 05:00:00,2023,5,7,1,5,1,416.19,27.9,44.46,14.9,0.29,0.25,504.16,506.37,515.86,
2023-05-14 07:00:00,2023,5,7,1,7,1,521.68,34.14,46.77,2.39,0.04,0.04,515.14,506.4,,393.87
2023-05-15 15:00:00,2023,5,1,0,15,0,473.57,28.65,50.77,8.1,0.01,0.01,501.83,509.22,,
2023-05-15 16:00:00,2023,5,1,0,16,0,497.4,20.13,89.84,3.14,0.95,0.67,498.32,509.68,473.57,
2023-05-15 18:00:00,2023,5,1,0,18,0,438.28,30.99,60.81,14.71,0.08,0.08,495.15,508.86,,
2023-05-15 19:00:00,2023,5,1,0,19,0,502.05,20.83,70.6,4.76,0.08,0.08,493.31,508.98,438.28,
2023-05-16 04:00:00,2023,5,2,0,4,0,434.46,26.17,74.63,7.79,0.01,0.01,483.68,508.66,,
2023-05-16 06:00:00,2023,5,2,0,6,0,527.88,22.51,76.86,8.06,0.16,0.15,477.02,508.02,,
2023-05-16 11:00:00,2023,5,2,0,11,0,554.86,33.45,88.28,14.89,0.15,0.14,478.24,508.96,,
2023-05-16 16:00:00,2023,5,2,0,16,0,507.83,36.62,53.05,1.26,0.04,0.04,485.58,508.83,,497.4
2023-05-16 17:00:00,2023,5,2,0,17,0,447.58,15.0,67.06,6.1,0.15,0.14,485.66,508.57,507.83,
2023-05-17 01:00:00,2023,5,3,0,1,0,489.38,31.09,65.47,13.31,0.06,0.06,496.97,510.45,,
2023-05-17 03:00:00,2023,5,3,0,3,0,439.19,27.55,62.62,12.28,0.17,0.16,493.9,509.89,,
2023-05-17 07:00:00,2023,5,3,0,7,0,487.66,20.06,42.83,8.09,0.05,0.05,498.37,509.31,,
2023-05-17 08:00:00,2023,5,3,0,8,0,502.35,36.99,64.18,1.04,0.02,0.02,499.29,509.89,487.66,
2023-05-17 09:00:00,2023,5,3,0,9,0,590.64,38.95,70.11,11.17,0.05,0.05,503.01,510.26,502.35,
2023-05-17 14:00:00,2023,5,3,0,14,0,563.2,15.03,73.56,2.84,0.23,0.21,497.53,509.59,,
2023-05-17 22:00:00,2023,5,3,0,22,0,432.63,32.61,79.61,13.37,0.06,0.06,494.85,508.87,,
2023-05-18 03:00:00,2023,5,4,0,3,0,553.52,19.42,60.95,13.97,0.09,0.09,492.69,507.15,,439.19
2023-05-18 06:00:00,2023,5,4,0,6,0,569.02,25.7,88.81,4.46,0.58,0.46,493.87,507.49,,
2023-05-18 10:00:00,2023,5,4,0,10,0,512.61,32.4,80.96,8.64,0.03,0.03,489.37,507.53,,
2023-05-18 20:00:00,2023,5,4,0,20,0,472.67,21.77,41.4,12.95,0.27,0.24,497.16,505.39,,
2023-05-18 22:00:00,2023,5,4,0,22,0,467.55,28.51,51.52,5.74,0.33,0.29,500.48,506.0,,432.63
2023-05-18 23:00:00,2023,5,4,0,23,0,575.44,15.0,74.33,1.99,0.02,0.02,503.26,506.9,467.55,
2023-05-19 03:00:00,2023,5,5,0,3,0,489.57,21.41,49.57,14.07,0.44,0.36,496.33,506.48,,553.52
2023-05-19 05:00:00,2023,5,5,0,5,0,561.53,23.09,61.83,2.04,0.06,0.06,501.27,506.66,,
2023-05-19 08:00:00,2023,5,5,0,8,0,479.14,19.38,38.16,2.4,0.02,0.02,500.06,506.77,,
2023-05-19 11:00:00,2023,5,5,0,11,0,528.46,40.0,85.07,12.44,0.05,0.05,501.88,507.98,,
2023-05-19 14:00:00,2023,5,5,0,14,0,546.94,16.46,63.28,14.44,0.39,0.33,505.78,508.99,,
2023-05-20 02:00:00,2023,5,6,1,2,1,438.73,18.63,88.42,8.32,0.36,0.31,489.92,506.85,,
2023-05-20 03:00:00,2023,5,6,1,3,1,539.81,20.2,76.24,10.6,0.03,0.03,492.02,507.15,438.73,489.57
2023-05-20 09:00:00,2023,5,6,1,9,1,523.31,32.16,66.32,1.33,0.01,0.01,486.17,507.72,,
2023-05-20 14:00:00,2023,5,6,1,14,1,476.02,16.98,68.85,3.14,0.02,0.02,478.44,506.64,,546.94
2023-05-21 02:00:00,2023,5,7,1,2,1,543.9,28.82,66.41,14.01,0.54,0.43,506.17,506.94,,438.73
2023-05-21 03:00:00,2023,5,7,1,3,1,450.65,15.0,58.73,5.9,0.31,0.27,502.45,506.27,543.9,539.81
2023-05-21 04:00:00,2023,5,7,1,4,1,494.7,24.92,69.44,10.18,0.32,0.28,503.91,506.15,450.65,
2023-05-21 12:00:00,2023,5,7,1,12,1,427.98,21.35,83.11,13.46,0.36,0.31,490.67,504.16,,
2023-05-21 20:00:00,2023,5,7,1,20,1,530.8,24.78,80.5,13.59,0.0,0.0,479.03,501.79,,
2023-05-22 00:00:00,2023,5,1,0,0,0,409.26,33.93,36.12,4.37,0.07,0.07,473.17,500.89,,
2023-05-22 05:00:00,2023,5,1,0,5,0,615.08,36.5,63.85,5.48,0.01,0.01,479.12,500.76,,
2023-05-22 11:00:00,2023,5,1,0,11,0,392.21,16.03,86.97,7.88,0.11,0.1,483.05,500.17,,
2023-05-22 15:00:00,2023,5,1,0,15,0,503.78,23.96,73.0,2.89,0.02,0.02,478.41,500.22,,
2023-05-22 17:00:00,2023,5,1,0,17,0,489.76,29.89,70.69,0.21,0.22,0.2,479.22,500.17,,
2023-05-22 19:00:00,2023,5,1,0,19,0,457.51,40.0,44.12,11.14,0.27,0.24,482.34,500.17,,
2023-05-22 20:00:00,2023,5,1,0,20,0,473.28,32.88,37.77,9.57,0.01,0.01,479.95,500.17,457.51,530.8
2023-05-22 22:00:00,2023,5,1,0,22,0,523.22,25.02,81.46,10.41,0.0,0.0,483.48,500.32,,
2023-05-23 07:00:00,2023,5,2,0,7,0,440.93,37.42,85.38,2.27,0.4,0.34,473.17,500.17,,
2023-05-23 10:00:00,2023,5,2,0,10,0,498.92,32.69,85.7,2.41,0.03,0.03,476.31,500.77,,
2023-05-23 11:00:00,2023,5,2,0,11,0,515.8,25.3,34.19,11.57,0.15,0.14,481.46,500.54,498.92,392.21
2023-05-23 12:00:00,2023,5,2,0,12,0,394.24,23.94,33.41,8.34,0.09,0.09,481.71,500.17,515.8,
2023-05-23 16:00:00,2023,5,2,0,16,0,467.12,31.72,77.21,14.46,0.48,0.39,481.99,500.17,,
2023-05-24 00:00:00,2023,5,3,0,0,0,548.84,22.42,65.06,9.51,0.05,0.05,486.04,500.17,,
2023-05-24 01:00:00,2023,5,3,0,1,0,458.69,28.04,59.0,9.18,0.03,0.03,482.32,500.17,548.84,
2023-05-24 18:00:00,2023,5,3,0,18,0,441.41,28.62,60.69,12.5,0.18,0.17,485.69,500.17,,
2023-05-25 01:00:00,2023,5,4,0,1,0,523.91,35.23,64.07,12.33,0.13,0.12,481.87,500.17,,458.69
2023-05-25 02:00:00,2023,5,4,0,2,0,518.15,26.22,62.76,0.07,0.02,0.02,482.06,500.17,523.91,
2023-05-25 04:00:00,2023,5,4,0,4,0,589.25,21.17,65.9,3.17,0.15,0.14,483.03,500.17,,
2023-05-25 05:00:00,2023,5,4,0,5,0,493.85,34.42,67.69,11.3,0.11,0.1,487.0,500.17,589.25,
2023-05-25 11:00:00,2023,5,4,0,11,0,492.69,21.93,57.65,7.26,0.02,0.02,483.23,500.17,,
2023-05-25 23:00:00,2023,5,4,0,23,0,493.55,31.1,42.66,13.25,0.0,0.0,493.11,500.17,,
2023-05-26 09:00:00,2023,5,5,0,9,0,502.53,20.64,67.47,11.72,0.23,0.21,488.04,500.17,,
2023-05-26 11:00:00,2023,5,5,0,11,0,545.36,24.09,40.95,0.95,0.21,0.19,486.69,500.17,,492.69
2023-05-26 14:00:00,2023,5,5,0,14,0,468.02,28.32,88.0,3.99,0.03,0.03,488.8,500.17,,
2023-05-26 23:00:00,2023,5,5,0,23,0,475.38,22.57,67.24,5.05,0.17,0.16,475.66,500.17,,493.55
2023-05-27 00:00:00,2023,5,6,1,0,1,429.94,15.91,78.27,11.69,0.11,0.1,473.17,500.17,475.38,
2023-05-27 10:00:00,2023,5,6,1,10,1,459.27,25.05,41.66,13.94,0.14,0.13,494.86,500.17,,
2023-05-27 12:00:00,2023,5,6,1,12,1,555.77,17.29,83.82,6.9,0.04,0.04,494.38,500.17,,
2023-05-27 17:00:00,2023,5,6,1,17,1,549.17,37.24,50.53,1.25,0.49,0.4,505.48,500.17,,
2023-05-27 18:00:00,2023,5,6,1,18,1,531.1,22.19,32.75,0.36,0.27,0.24,509.81,500.17,549.17,
2023-05-28 00:00:00,2023,5,7,1,0,1,555.49,15.0,61.89,6.47,0.22,0.2,526.3,500.17,,429.94
2023-05-28 06:00:00,2023,5,7,1,6,1,544.17,17.72,47.11,3.4,0.33,0.29,526.93,500.17,,
2023-05-28 07:00:00,2023,5,7,1,7,1,477.9,22.47,41.52,7.57,0.4,0.34,523.24,500.17,544.17,
2023-05-28 08:00:00,2023,5,7,1,8,1,536.55,16.83,35.21,1.53,0.32,0.28,521.51,500.17,477.9,
2023-05-28 16:00:00,2023,5,7,1,16,1,534.81,30.43,85.28,4.7,0.21,0.19,514.5,500.17,,
2023-05-28 19:00:00,2023,5,7,1,19,1,441.08,27.46,54.13,13.36,0.25,0.22,505.27,500.71,,
2023-05-28 22:00:00,2023,5,7,1,22,1,468.2,23.36,48.65,1.92,0.05,0.05,497.91,500.68,,
2023-05-29 04:00:00,2023,5,1,0,4,0,481.86,37.27,59.26,11.04,0.54,0.43,487.2,500.57,,
2023-05-29 07:00:00,2023,5,1,0,7,0,551.19,26.48,34.53,13.45,0.46,0.38,488.22,500.17,,477.9
2023-05-29 18:00:00,2023,5,1,0,18,0,600.61,33.73,30.84,12.99,0.02,0.02,487.15,501.51,,
2023-05-29 22:00:00,2023,5,1,0,22,0,529.39,30.39,74.71,13.13,0.05,0.05,498.45,502.86,,468.2
2023-05-30 01:00:00,2023,5,2,0,1,0,436.73,15.0,33.2,6.24,0.0,0.0,495.39,502.63,,
2023-05-30 07:00:00,2023,5,2,0,7,0,422.47,28.05,79.05,8.67,0.12,0.11,505.14,504.66,,551.19
2023-05-30 10:00:00,2023,5,2,0,10,0,476.45,28.13,78.21,3.06,0.04,0.04,501.3,503.55,,
2023-05-30 14:00:00,2023,5,2,0,14,0,461.67,18.71,61.81,9.18,0.26,0.23,502.1,504.02,,
2023-05-30 16:00:00,2023,5,2,0,16,0,527.13,23.33,39.27,13.08,0.17,0.16,510.21,504.95,,
2023-05-31 02:00:00,2023,5,3,0,2,0,526.95,19.78,80.8,0.86,0.48,0.39,488.58,503.54,,
2023-05-31 17:00:00,2023,5,3,0,17,0,441.49,23.39,62.06,11.26,0.32,0.28,478.08,503.84,,
2023-05-31 22:00:00,2023,5,3,0,22,0,469.63,19.42,82.38,11.49,0.1,0.1,500.45,506.28,,
2023-06-01 03:00:00,2023,6,4,0,3,0,507.1,36.63,79.47,9.98,0.12,0.11,506.09,507.17,,
2023-06-01 05:00:00,2023,6,4,0,5,0,565.17,29.72,43.6,3.44,0.11,0.1,515.37,507.38,,
2023-06-01 19:00:00,2023,6,4,0,19,0,486.39,32.23,42.21,5.07,0.39,0.33,519.24,510.05,,
2023-06-01 22:00:00,2023,6,4,0,22,0,452.77,28.48,81.75,11.1,0.45,0.37,512.4,509.02,,469.63
2023-06-01 23:00:00,2023,6,4,0,23,0,495.93,26.1,33.44,9.84,0.02,0.02,512.58,509.04,452.77,
2023-06-02 06:00:00,2023,6,5,0,6,0,436.83,27.0,35.92,12.65,0.02,0.02,497.62,509.35,,
2023-06-02 07:00:00,2023,6,5,0,7,0,517.56,23.77,31.67,14.4,0.06,0.06,497.88,509.51,436.83,
2023-06-02 08:00:00,2023,6,5,0,8,0,498.11,22.45,58.02,13.02,0.0,0.0,496.59,509.59,517.56,
2023-06-02 10:00:00,2023,6,5,0,10,0,558.5,30.45,38.37,6.3,0.04,0.04,493.89,509.91,,
2023-06-02 21:00:00,2023,6,5,0,21,0,557.13,15.58,69.58,10.48,0.28,0.25,488.19,511.0,,
2023-06-03 02:00:00,2023,6,6,1,2,1,529.43,24.41,71.26,2.67,0.63,0.49,493.81,511.97,,
2023-06-03 03:00:00,2023,6,6,1,3,1,477.81,15.35,53.87,9.89,0.19,0.17,496.48,511.35,529.43,
2023-06-03 04:00:00,2023,6,6,1,4,1,557.56,30.52,81.84,8.83,0.19,0.17,500.11,512.04,477.81,
2023-06-03 05:00:00,2023,6,6,1,5,1,478.78,15.0,33.27,0.05,0.23,0.21,502.94,512.05,557.56,
2023-06-03 09:00:00,2023,6,6,1,9,1,505.14,25.15,83.67,6.25,0.09,0.09,508.16,511.25,,
2023-06-03 10:00:00,2023,6,6,1,10,1,441.37,33.62,33.05,1.62,0.1,0.1,503.28,511.14,505.14,558.5
2023-06-03 19:00:00,2023,6,6,1,19,1,547.0,20.07,70.13,0.43,0.25,0.22,508.89,509.99,,
2023-06-03 20:00:00,2023,6,6,1,20,1,525.82,26.34,69.91,13.13,0.02,0.02,512.41,510.52,547.0,
2023-06-03 23:00:00,2023,6,6,1,23,1,556.76,24.6,46.25,4.38,0.01,0.01,511.9,510.37,,
2023-06-04 01:00:00,2023,6,7,1,1,1,444.31,24.26,38.74,14.91,0.12,0.11,509.62,509.94,,
2023-06-04 09:00:00,2023,6,7,1,9,1,445.26,18.86,36.67,14.32,0.25,0.22,513.82,509.98,,505.14
2023-06-04 13:00:00,2023,6,7,1,13,1,489.94,31.17,41.05,2.72,0.29,0.25,514.66,510.68,,
2023-06-04 17:00:00,2023,6,7,1,17,1,524.59,15.11,43.01,13.49,0.25,0.22,512.95,510.82,,
2023-06-04 23:00:00,2023,6,7,1,23,1,484.38,24.22,86.9,6.46,0.16,0.15,506.46,511.61,,556.76
2023-06-05 02:00:00,2023,6,1,0,2,0,513.23,15.0,50.75,11.62,0.23,0.21,502.75,511.77,,
2023-06-05 13:00:00,2023,6,1,0,13,0,515.74,28.72,50.64,9.05,0.42,0.35,501.07,512.42,,489.94
2023-06-05 21:00:00,2023,6,1,0,21,0,482.04,29.64,54.99,12.09,0.02,0.02,494.55,511.48,,
2023-06-05 22:00:00,2023,6,1,0,22,0,574.08,28.16,70.04,12.29,0.02,0.02,499.07,511.75,482.04,
2023-06-06 02:00:00,2023,6,2,0,2,0,439.08,15.66,78.64,0.99,0.17,0.16,503.67,512.11,,513.23
2023-06-06 19:00:00,2023,6,2,0,19,0,522.9,21.3,31.27,14.76,0.87,0.63,502.91,512.91,,
2023-06-06 20:00:00,2023,6,2,0,20,0,561.5,24.08,69.49,2.91,0.01,0.01,509.79,513.82,522.9,
2023-06-07 00:00:00,2023,6,3,0,0,0,465.56,18.62,79.88,3.81,0.08,0.08,504.93,514.77,,
2023-06-07 02:00:00,2023,6,3,0,2,0,498.42,25.59,71.08,9.01,0.29,0.25,504.75,514.47,,439.08
2023-06-07 11:00:00,2023,6,3,0,11,0,436.0,40.0,81.73,0.14,0.3,0.26,495.58,515.7,,
2023-06-07 14:00:00,2023,6,3,0,14,0,451.36,21.94,57.67,12.55,0.07,0.07,499.4,514.67,,
2023-06-07 17:00:00,2023,6,3,0,17,0,457.08,28.51,39.08,9.69,0.01,0.01,502.52,516.33,,
2023-06-07 20:00:00,2023,6,3,0,20,0,569.76,24.86,31.56,1.58,0.08,0.08,506.77,515.69,,561.5
2023-06-08 05:00:00,2023,6,4,0,5,0,522.55,33.4,71.82,4.53,0.06,0.06,508.09,514.29,,
2023-06-08 14:00:00,2023,6,4,0,14,0,547.22,37.09,47.7,13.06,0.28,0.25,518.98,514.98,,451.36
2023-06-09 06:00:00,2023,6,5,0,6,0,523.32,33.96,57.31,10.6,0.09,0.09,520.29,518.63,,
2023-06-09 08:00:00,2023,6,5,0,8,0,550.48,31.15,67.19,1.97,0.01,0.01,525.5,518.78,,
2023-06-09 17:00:00,2023,6,5,0,17,0,425.02,20.62,74.17,2.09,0.34,0.29,519.03,518.78,,
2023-06-09 18:00:00,2023,6,5,0,18,0,480.24,27.13,81.05,7.31,0.16,0.15,518.17,518.78,425.02,
2023-06-10 08:00:00,2023,6,6,1,8,1,492.36,39.44,58.31,10.05,0.09,0.09,488.87,516.57,,550.48
2023-06-10 12:00:00,2023,6,6,1,12,1,451.2,25.03,50.89,14.48,0.03,0.03,474.44,516.05,,
2023-06-10 14:00:00,2023,6,6,1,14,1,425.1,17.53,61.95,12.62,0.08,0.08,476.97,515.98,,
2023-06-10 16:00:00,2023,6,6,1,16,1,543.41,19.77,51.26,7.62,0.41,0.34,479.87,515.76,,
2023-06-10 18:00:00,2023,6,6,1,18,1,533.6,25.61,53.95,13.42,0.23,0.21,484.38,515.96,,480.24
2023-06-10 21:00:00,2023,6,6,1,21,1,439.9,28.96,67.94,5.88,0.27,0.24,491.86,515.44,,
2023-06-10 23:00:00,2023,6,6,1,23,1,490.63,39.79,82.64,4.82,0.78,0.58,487.9,514.71,,
2023-06-11 02:00:00,2023,6,7,1,2,1,460.75,25.14,85.16,0.68,0.05,0.05,493.65,514.86,,
2023-06-11 09:00:00,2023,6,7,1,9,1,545.57,34.18,42.36,12.98,0.11,0.1,502.54,514.78,,
2023-06-11 14:00:00,2023,6,7,1,14,1,494.48,40.0,32.18,9.27,0.04,0.04,515.29,515.55,,425.1
2023-06-12 00:00:00,2023,6,1,0,0,0,463.91,15.0,57.47,9.82,0.45,0.37,517.55,517.28,,
2023-06-12 12:00:00,2023,6,1,0,12,0,534.38,29.37,58.94,8.7,0.37,0.31,501.56,515.72,,
2023-06-12 18:00:00,2023,6,1,0,18,0,507.14,22.34,31.45,11.8,0.08,0.08,489.47,514.57,,
2023-06-12 23:00:00,2023,6,1,0,23,0,533.17,23.14,77.96,8.89,0.21,0.19,494.31,515.49,,
2023-06-13 02:00:00,2023,6,2,0,2,0,474.87,25.91,78.83,0.78,0.75,0.56,508.19,516.44,,
2023-06-13 03:00:00,2023,6,2,0,3,0,489.57,23.19,43.08,4.15,0.24,0.22,508.75,516.34,474.87,
2023-06-13 20:00:00,2023,6,2,0,20,0,519.3,37.98,77.81,14.37,0.23,0.21,486.23,512.54,,
2023-06-14 01:00:00,2023,6,3,0,1,0,432.67,29.79,30.26,13.56,0.02,0.02,475.17,512.27,,
2023-06-14 05:00:00,2023,6,3,0,5,0,604.28,26.82,37.5,5.26,0.09,0.09,489.09,513.42,,
2023-06-14 16:00:00,2023,6,3,0,16,0,474.37,21.46,83.75,2.7,0.02,0.02,512.55,513.52,,
2023-06-14 18:00:00,2023,6,3,0,18,0,483.39,40.0,69.92,4.19,0.15,0.14,509.28,513.86,,
2023-06-14 20:00:00,2023,6,3,0,20,0,540.41,27.55,88.6,5.62,0.15,0.14,513.14,513.46,,519.3
2023-06-15 01:00:00,2023,6,4,0,1,0,395.09,34.54,45.56,9.7,0.41,0.34,514.09,512.82,,432.67
2023-06-15 02:00:00,2023,6,4,0,2,0,508.7,29.69,60.95,13.94,0.45,0.37,510.73,512.69,395.09,
2023-06-15 08:00:00,2023,6,4,0,8,0,539.51,27.56,31.39,6.75,0.18,0.17,500.79,512.61,,
2023-06-15 09:00:00,2023,6,4,0,9,0,491.31,37.07,80.65,1.39,0.2,0.18,498.1,512.47,539.51,
2023-06-15 14:00:00,2023,6,4,0,14,0,531.53,17.7,47.57,10.31,0.01,0.01,492.33,511.14,,
2023-06-15 20:00:00,2023,6,4,0,20,0,453.46,31.63,80.69,12.93,0.06,0.06,486.18,509.58,,540.41
2023-06-16 01:00:00,2023,6,5,0,1,0,485.48,30.95,60.79,6.65,0.04,0.04,487.96,508.81,,395.09
2023-06-16 02:00:00,2023,6,5,0,2,0,531.61,15.77,82.8,12.64,0.06,0.06,488.91,508.92,485.48,508.7
2023-06-16 05:00:00,2023,6,5,0,5,0,504.74,27.36,33.68,3.91,0.3,0.26,496.88,508.68,,
2023-06-16 06:00:00,2023,6,5,0,6,0,469.41,30.67,83.5,4.94,0.22,0.2,495.79,508.35,504.74,
2023-06-16 07:00:00,2023,6,5,0,7,0,480.4,25.3,85.0,0.49,0.55,0.44,495.02,508.24,469.41,
2023-06-16 13:00:00,2023,6,5,0,13,0,477.67,18.52,81.01,3.2,0.32,0.28,505.7,507.16,,
2023-06-16 15:00:00,2023,6,5,0,15,0,534.47,28.49,71.49,11.13,0.18,0.17,503.65,507.82,,
2023-06-16 18:00:00,2023,6,5,0,18,0,481.29,33.4,61.17,14.49,0.04,0.04,506.46,508.92,,
2023-06-16 20:00:00,2023,6,5,0,20,0,514.21,21.1,44.71,3.93,0.08,0.08,513.94,510.22,,453.46
2023-06-17 05:00:00,2023,6,6,1,5,1,386.48,15.0,79.55,14.14,0.02,0.02,501.62,510.27,,504.74
2023-06-17 07:00:00,2023,6,6,1,7,1,549.45,25.42,67.3,3.04,0.01,0.01,506.26,510.42,,480.4
2023-06-17 15:00:00,2023,6,6,1,15,1,434.95,20.81,60.85,12.38,0.31,0.27,501.06,511.31,,534.47
2023-06-18 03:00:00,2023,6,7,1,3,1,424.51,29.81,59.77,1.41,0.24,0.22,491.85,510.22,,
2023-06-18 05:00:00,2023,6,7,1,5,1,472.01,32.27,51.54,14.25,0.16,0.15,498.5,510.37,,386.48
2023-06-18 06:00:00,2023,6,7,1,6,1,459.59,28.63,78.98,10.63,0.37,0.31,496.32,509.67,472.01,
2023-06-18 10:00:00,2023,6,7,1,10,1,556.14,23.6,59.74,8.77,0.21,0.19,489.57,509.23,,
2023-06-18 11:00:00,2023,6,7,1,11,1,526.05,25.99,84.45,2.62,0.57,0.45,493.48,509.4,556.14,
2023-06-18 15:00:00,2023,6,7,1,15,1,489.31,33.55,41.23,9.92,0.62,0.48,503.5,509.56,,434.95
2023-06-18 17:00:00,2023,6,7,1,17,1,585.38,15.0,61.82,14.43,0.0,0.0,510.02,509.25,,
2023-06-18 22:00:00,2023,6,7,1,22,1,538.21,21.84,36.7,14.83,0.07,0.07,514.49,509.77,,
2023-06-19 04:00:00,2023,6,1,0,4,0,399.07,29.42,30.8,2.72,0.01,0.01,510.04,510.3,,
2023-06-19 11:00:00,2023,6,1,0,11,0,545.16,26.99,67.74,4.51,0.19,0.17,514.93,511.18,,526.05
2023-06-19 12:00:00,2023,6,1,0,12,0,571.26,38.86,66.82,5.78,0.16,0.15,516.58,511.4,545.16,
2023-06-19 20:00:00,2023,6,1,0,20,0,570.97,15.0,56.99,14.01,0.52,0.42,516.39,512.78,,
2023-06-20 00:00:00,2023,6,2,0,0,0,523.0,36.34,53.14,2.54,0.75,0.56,519.64,512.5,,
2023-06-20 02:00:00,2023,6,2,0,2,0,432.3,28.26,77.12,1.33,0.14,0.13,514.87,512.0,,
2023-06-20 06:00:00,2023,6,2,0,6,0,383.28,38.07,40.18,7.74,0.4,0.34,511.76,512.43,,
2023-06-20 07:00:00,2023,6,2,0,7,0,538.37,23.97,44.83,4.58,0.46,0.38,510.7,512.8,365.51,
2023-06-20 12:00:00,2023,6,2,0,12,0,458.4,22.43,51.97,6.95,0.03,0.03,500.1,513.54,,571.26
2023-06-20 15:00:00,2023,6,2,0,15,0,477.85,23.05,49.21,1.97,0.43,0.36,499.23,514.16,,
2023-06-20 17:00:00,2023,6,2,0,17,0,409.78,31.07,62.72,4.65,0.13,0.12,487.95,512.81,,
2023-06-20 21:00:00,2023,6,2,0,21,0,462.32,23.8,76.73,12.42,0.19,0.17,483.36,512.37,,
2023-06-21 10:00:00,2023,6,3,0,10,0,533.28,38.45,76.18,2.03,0.0,0.0,483.05,510.5,,
2023-06-21 15:00:00,2023,6,3,0,15,0,589.6,23.24,49.11,1.46,0.18,0.17,482.62,509.57,,477.85
2023-06-21 16:00:00,2023,6,3,0,16,0,477.73,18.84,59.32,14.87,0.28,0.25,487.17,509.59,589.6,
2023-06-21 17:00:00,2023,6,3,0,17,0,529.6,21.77,61.34,7.76,0.03,0.03,492.16,509.77,477.73,409.78
2023-06-21 19:00:00,2023,6,3,0,19,0,545.63,26.89,53.17,7.59,0.37,0.31,492.71,509.77,,
2023-06-21 23:00:00,2023,6,3,0,23,0,482.46,27.21,77.23,9.42,0.13,0.12,490.03,508.62,,
2023-06-22 10:00:00,2023,6,4,0,10,0,508.12,15.0,49.38,5.19,0.7,0.53,476.76,507.37,,533.28
2023-06-22 14:00:00,2023,6,4,0,14,0,572.16,17.85,86.5,12.89,0.4,0.34,487.71,508.18,,
2023-06-22 22:00:00,2023,6,4,0,22,0,434.54,15.0,85.95,2.82,0.11,0.1,473.17,507.1,,
2023-06-23 03:00:00,2023,6,5,0,3,0,457.99,33.29,81.77,11.74,0.51,0.41,475.61,505.34,,
2023-06-23 05:00:00,2023,6,5,0,5,0,544.59,22.8,49.74,10.35,0.06,0.06,478.15,505.6,,
2023-06-24 02:00:00,2023,6,6,1,2,1,486.53,20.53,61.47,5.61,0.26,0.23,481.88,501.86,,
2023-06-24 13:00:00,2023,6,6,1,13,1,564.33,18.1,45.26,8.69,0.17,0.16,487.2,502.8,,
2023-06-24 17:00:00,2023,6,6,1,17,1,522.95,22.76,83.09,9.19,0.27,0.24,498.24,503.79,,
2023-06-24 21:00:00,2023,6,6,1,21,1,426.35,23.15,54.59,13.32,0.02,0.02,500.04,503.42,,
2023-06-25 17:00:00,2023,6,7,1,17,1,475.98,27.87,46.98,7.38,0.26,0.23,499.75,502.3,,522.95
2023-06-25 18:00:00,2023,6,7,1,18,1,500.96,30.54,59.56,8.85,0.2,0.18,502.06,502.57,475.98,
2023-06-25 19:00:00,2023,6,7,1,19,1,521.53,37.27,57.12,13.27,0.33,0.29,500.96,502.83,500.96,
2023-06-26 00:00:00,2023,6,1,0,0,0,512.14,17.42,32.22,1.67,0.07,0.07,509.69,502.22,,
2023-06-26 11:00:00,2023,6,1,0,11,0,518.15,30.56,71.02,10.89,0.01,0.01,504.64,501.94,,
2023-06-26 14:00:00,2023,6,1,0,14,0,545.26,21.66,50.57,14.24,0.01,0.01,504.95,501.42,,
2023-06-26 21:00:00,2023,6,1,0,21,0,450.55,32.63,42.23,14.71,0.03,0.03,501.2,500.2,,
2023-06-27 00:00:00,2023,6,2,0,0,0,481.34,25.48,41.43,9.82,0.04,0.04,500.9,500.17,,512.14
2023-06-27 01:00:00,2023,6,2,0,1,0,485.74,17.65,63.03,4.69,0.07,0.07,497.93,500.17,481.34,
2023-06-27 06:00:00,2023,6,2,0,6,0,439.19,24.0,75.58,8.81,0.09,0.09,500.66,501.35,,
2023-06-27 09:00:00,2023,6,2,0,9,0,480.58,15.6,40.12,11.41,0.58,0.46,498.04,500.52,,
2023-06-27 10:00:00,2023,6,2,0,10,0,450.98,31.33,41.98,9.57,0.31,0.27,499.34,500.38,480.58,
2023-06-27 12:00:00,2023,6,2,0,12,0,493.0,19.81,89.94,12.25,0.57,0.45,502.02,501.75,,
2023-06-27 14:00:00,2023,6,2,0,14,0,446.39,27.32,86.47,13.97,0.42,0.35,499.27,501.16,,545.26
2023-06-27 17:00:00,2023,6,2,0,17,0,526.07,31.83,62.17,13.86,0.26,0.23,494.79,502.23,,
2023-06-28 01:00:00,2023,6,3,0,1,0,527.76,15.67,74.34,8.08,0.22,0.2,504.18,503.8,,485.74
2023-06-28 09:00:00,2023,6,3,0,9,0,430.96,37.22,48.53,2.63,0.01,0.01,512.43,505.16,,480.58
2023-06-28 11:00:00,2023,6,3,0,11,0,502.82,15.0,75.96,2.73,0.14,0.13,513.07,505.1,,
2023-06-28 12:00:00,2023,6,3,0,12,0,546.84,19.82,42.37,5.88,0.53,0.43,515.32,505.7,502.82,493.0
2023-06-28 19:00:00,2023,6,3,0,19,0,533.18,22.48,71.91,0.14,0.03,0.03,522.03,506.51,,
2023-06-29 05:00:00,2023,6,4,0,5,0,546.61,33.16,63.06,13.7,0.17,0.16,506.16,508.2,,
2023-06-29 07:00:00,2023,6,4,0,7,0,491.47,26.17,58.02,8.58,0.31,0.27,503.27,507.96,,
2023-06-29 15:00:00,2023,6,4,0,15,0,542.15,28.25,58.26,12.15,0.03,0.03,505.07,510.55,,
2023-06-29 16:00:00,2023,6,4,0,16,0,549.45,40.0,51.86,1.89,0.0,0.0,509.4,511.15,542.15,
2023-06-29 17:00:00,2023,6,4,0,17,0,513.91,26.63,34.0,7.73,0.42,0.35,508.86,511.26,549.45,
2023-06-30 03:00:00,2023,6,5,0,3,0,582.84,21.08,32.43,12.56,0.05,0.05,525.95,515.83,,
2023-06-30 12:00:00,2023,6,5,0,12,0,480.59,19.23,46.33,14.09,0.0,0.0,525.8,515.69,,
2023-06-30 16:00:00,2023,6,5,0,16,0,486.92,15.0,58.05,1.62,0.17,0.16,522.89,517.36,,549.45
