timestamp,predicted_demand_mw,actual_demand_mw,source,missing_features
2026-07-01 00:00:00,23785.349609375,22829.5,actual_period_prediction,
2026-07-01 01:00:00,23477.86328125,22117.0,actual_period_prediction,
2026-07-01 02:00:00,22995.765625,21612.5,actual_period_prediction,
2026-07-01 03:00:00,22235.50390625,20720.0,actual_period_prediction,
2026-07-01 04:00:00,21502.08984375,20095.0,actual_period_prediction,
2026-07-01 05:00:00,21399.341796875,20060.0,actual_period_prediction,
2026-07-01 06:00:00,23561.501953125,21990.5,actual_period_prediction,
2026-07-01 07:00:00,25318.01953125,23831.5,actual_period_prediction,
2026-07-01 08:00:00,25752.634765625,24322.5,actual_period_prediction,
2026-07-01 09:00:00,24830.052734375,24100.0,actual_period_prediction,
2026-07-01 10:00:00,21705.892578125,23922.5,actual_period_prediction,
2026-07-01 11:00:00,21574.287109375,23686.5,actual_period_prediction,
2026-07-01 12:00:00,22731.037109375,23432.5,actual_period_prediction,
2026-07-01 13:00:00,21629.7421875,22548.5,actual_period_prediction,
2026-07-01 14:00:00,22785.66015625,22142.0,actual_period_prediction,
2026-07-01 15:00:00,23693.12109375,21920.5,actual_period_prediction,
2026-07-01 16:00:00,26014.359375,23040.5,actual_period_prediction,
2026-07-01 17:00:00,28162.59765625,24088.5,actual_period_prediction,
2026-07-01 18:00:00,29057.146484375,25342.0,actual_period_prediction,
2026-07-01 19:00:00,28409.0078125,26428.0,actual_period_prediction,
2026-07-01 20:00:00,28390.2578125,26014.0,actual_period_prediction,
2026-07-01 21:00:00,27352.9765625,25055.5,actual_period_prediction,
2026-07-01 22:00:00,25923.9609375,23019.5,actual_period_prediction,
2026-07-01 23:00:00,24296.947265625,20862.5,actual_period_prediction,
2026-07-02 00:00:00,21980.951171875,20266.0,actual_period_prediction,
2026-07-02 01:00:00,21535.9296875,18837.5,actual_period_prediction,
2026-07-02 02:00:00,20989.84765625,16967.0,actual_period_prediction,
2026-07-02 03:00:00,20564.720703125,16576.0,actual_period_prediction,
2026-07-02 04:00:00,19349.841796875,16035.0,actual_period_prediction,
2026-07-02 05:00:00,19295.197265625,16018.0,actual_period_prediction,
2026-07-02 06:00:00,20848.830078125,18384.0,actual_period_prediction,
2026-07-02 07:00:00,22964.22265625,21017.5,actual_period_prediction,
2026-07-02 08:00:00,22890.998046875,21310.5,actual_period_prediction,
2026-07-02 09:00:00,21479.490234375,19764.0,actual_period_prediction,
2026-07-02 10:00:00,19592.453125,17980.0,actual_period_prediction,
2026-07-02 11:00:00,17989.755859375,16281.5,actual_period_prediction,
2026-07-02 12:00:00,17516.5390625,15524.5,actual_period_prediction,
2026-07-02 13:00:00,17557.98046875,14980.0,actual_period_prediction,
2026-07-02 14:00:00,17805.609375,14642.0,actual_period_prediction,
2026-07-02 15:00:00,17567.845703125,15563.0,actual_period_prediction,
2026-07-02 16:00:00,19607.384765625,17994.0,actual_period_prediction,
2026-07-02 17:00:00,22193.671875,20767.0,actual_period_prediction,
2026-07-02 18:00:00,23338.267578125,23699.5,actual_period_prediction,
2026-07-02 19:00:00,26398.826171875,26000.0,actual_period_prediction,
2026-07-02 20:00:00,26539.8203125,25918.0,actual_period_prediction,
2026-07-02 21:00:00,26586.064453125,25633.0,actual_period_prediction,
2026-07-02 22:00:00,24261.8046875,24875.0,actual_period_prediction,
2026-07-02 23:00:00,22912.05078125,22399.0,actual_period_prediction,
2026-07-03 00:00:00,22564.587890625,21183.0,actual_period_prediction,
2026-07-03 01:00:00,22075.212890625,20703.5,actual_period_prediction,
2026-07-03 02:00:00,21662.439453125,19956.5,actual_period_prediction,
2026-07-03 03:00:00,21269.259765625,19295.0,actual_period_prediction,
2026-07-03 04:00:00,20656.119140625,18689.5,actual_period_prediction,
2026-07-03 05:00:00,20997.2265625,18554.5,actual_period_prediction,
2026-07-03 06:00:00,22628.048828125,20302.5,actual_period_prediction,
2026-07-03 07:00:00,24089.77734375,22252.0,actual_period_prediction,
2026-07-03 08:00:00,24158.3671875,22203.0,actual_period_prediction,
2026-07-03 09:00:00,22670.177734375,20823.5,actual_period_prediction,
2026-07-03 10:00:00,21146.00390625,19133.0,actual_period_prediction,
2026-07-03 11:00:00,19449.451171875,17881.5,actual_period_prediction,
2026-07-03 12:00:00,18742.5390625,17127.0,actual_period_prediction,
2026-07-03 13:00:00,18355.26953125,16491.0,actual_period_prediction,
2026-07-03 14:00:00,18596.857421875,16624.0,actual_period_prediction,
2026-07-03 15:00:00,18646.431640625,17157.5,actual_period_prediction,
2026-07-03 16:00:00,19786.509765625,19623.5,actual_period_prediction,
2026-07-03 17:00:00,22336.9453125,22297.5,actual_period_prediction,
2026-07-03 18:00:00,24993.369140625,24746.0,actual_period_prediction,
2026-07-03 19:00:00,26022.47265625,26554.5,actual_period_prediction,
2026-07-03 20:00:00,26373.76171875,26006.0,actual_period_prediction,
2026-07-03 21:00:00,26409.232421875,25317.0,actual_period_prediction,
2026-07-03 22:00:00,25783.3046875,24532.0,actual_period_prediction,
2026-07-03 23:00:00,23614.853515625,22480.5,actual_period_prediction,
2026-07-04 00:00:00,22211.951171875,21220.0,actual_period_prediction,
2026-07-04 01:00:00,21962.18359375,20315.5,actual_period_prediction,
2026-07-04 02:00:00,20340.4609375,19363.0,actual_period_prediction,
2026-07-04 03:00:00,19720.177734375,18391.0,actual_period_prediction,
2026-07-04 04:00:00,18756.080078125,17733.5,actual_period_prediction,
2026-07-04 05:00:00,18337.501953125,16914.5,actual_period_prediction,
2026-07-04 06:00:00,18817.9453125,17430.5,actual_period_prediction,
2026-07-04 07:00:00,19194.490234375,17843.0,actual_period_prediction,
2026-07-04 08:00:00,19363.884765625,18178.5,actual_period_prediction,
2026-07-04 09:00:00,18564.482421875,18340.0,actual_period_prediction,
2026-07-04 10:00:00,19109.658203125,18193.0,actual_period_prediction,
2026-07-04 11:00:00,20406.396484375,18040.5,actual_period_prediction,
2026-07-04 12:00:00,18846.546875,17339.5,actual_period_prediction,
2026-07-04 13:00:00,16980.314453125,16241.0,actual_period_prediction,
2026-07-04 14:00:00,18553.732421875,15255.0,actual_period_prediction,
2026-07-04 15:00:00,17435.7734375,15567.5,actual_period_prediction,
2026-07-04 16:00:00,18028.37109375,17345.0,actual_period_prediction,
2026-07-04 17:00:00,20523.064453125,20248.0,actual_period_prediction,
2026-07-04 18:00:00,22912.013671875,21887.5,actual_period_prediction,
2026-07-04 19:00:00,24711.109375,23491.5,actual_period_prediction,
2026-07-04 20:00:00,24774.10546875,24116.5,actual_period_prediction,
2026-07-04 21:00:00,25133.73046875,23414.0,actual_period_prediction,
2026-07-04 22:00:00,24077.3203125,22737.5,actual_period_prediction,
2026-07-04 23:00:00,22433.9296875,21676.5,actual_period_prediction,
2026-07-05 00:00:00,21164.048828125,21289.0,actual_period_prediction,
2026-07-05 01:00:00,20932.5546875,20257.0,actual_period_prediction,
2026-07-05 02:00:00,19314.95703125,19348.0,actual_period_prediction,
2026-07-05 03:00:00,18915.630859375,18875.5,actual_period_prediction,
2026-07-05 04:00:00,18236.630859375,18239.5,actual_period_prediction,
2026-07-05 05:00:00,18082.76953125,17168.0,actual_period_prediction,
2026-07-05 06:00:00,18186.51953125,17319.5,actual_period_prediction,
2026-07-05 07:00:00,18201.505859375,17516.0,actual_period_prediction,
2026-07-05 08:00:00,18788.783203125,18256.5,actual_period_prediction,
2026-07-05 09:00:00,18778.607421875,19071.5,actual_period_prediction,
2026-07-05 10:00:00,19276.5859375,18785.5,actual_period_prediction,
2026-07-05 11:00:00,20398.54296875,17779.0,actual_period_prediction,
2026-07-05 12:00:00,19643.009765625,17632.5,actual_period_prediction,
2026-07-05 13:00:00,19030.466796875,17032.5,actual_period_prediction,
2026-07-05 14:00:00,17728.36328125,16543.5,actual_period_prediction,
2026-07-05 15:00:00,19802.251953125,16979.5,actual_period_prediction,
2026-07-05 16:00:00,21548.31640625,19002.5,actual_period_prediction,
2026-07-05 17:00:00,22062.421875,22599.5,actual_period_prediction,
2026-07-05 18:00:00,23716.15234375,24868.0,actual_period_prediction,
2026-07-05 19:00:00,23639.912109375,26137.5,actual_period_prediction,
2026-07-05 20:00:00,23888.6171875,25171.0,actual_period_prediction,
2026-07-05 21:00:00,23168.38671875,25208.0,actual_period_prediction,
2026-07-05 22:00:00,22476.822265625,23716.5,actual_period_prediction,
2026-07-05 23:00:00,21478.736328125,22106.5,actual_period_prediction,
2026-07-06 00:00:00,21072.283203125,20860.5,actual_period_prediction,
2026-07-06 01:00:00,19971.8125,20234.5,actual_period_prediction,
2026-07-06 02:00:00,19903.5,19403.5,actual_period_prediction,
2026-07-06 03:00:00,19282.970703125,18615.0,actual_period_prediction,
2026-07-06 04:00:00,19108.013671875,18048.5,actual_period_prediction,
2026-07-06 05:00:00,19014.392578125,17432.0,actual_period_prediction,
2026-07-06 06:00:00,20569.533203125,19778.0,actual_period_prediction,
2026-07-06 07:00:00,22844.107421875,21719.0,actual_period_prediction,
2026-07-06 08:00:00,23043.630859375,21729.0,actual_period_prediction,
2026-07-06 09:00:00,23210.390625,21191.5,actual_period_prediction,
2026-07-06 10:00:00,22703.66015625,19927.0,actual_period_prediction,
2026-07-06 11:00:00,22451.88671875,19149.0,actual_period_prediction,
2026-07-06 12:00:00,22264.13671875,18346.5,actual_period_prediction,
2026-07-06 13:00:00,21108.345703125,18500.5,actual_period_prediction,
2026-07-06 14:00:00,20871.705078125,18399.5,actual_period_prediction,
2026-07-06 15:00:00,21257.283203125,19689.0,actual_period_prediction,
2026-07-06 16:00:00,23343.845703125,22407.5,actual_period_prediction,
2026-07-06 17:00:00,24723.591796875,24910.5,actual_period_prediction,
2026-07-06 18:00:00,25167.607421875,27142.5,actual_period_prediction,
2026-07-06 19:00:00,26784.322265625,28003.5,actual_period_prediction,
2026-07-06 20:00:00,26050.6875,28021.5,actual_period_prediction,
2026-07-06 21:00:00,25720.189453125,26964.5,actual_period_prediction,
2026-07-06 22:00:00,24677.5546875,25013.0,actual_period_prediction,
2026-07-06 23:00:00,23485.0703125,22770.5,actual_period_prediction,
2026-07-07 00:00:00,21480.576171875,22276.5,actual_period_prediction,
2026-07-07 01:00:00,20565.576171875,20972.0,actual_period_prediction,
2026-07-07 02:00:00,20375.107421875,19926.0,actual_period_prediction,
2026-07-07 03:00:00,19293.34375,19399.5,actual_period_prediction,
2026-07-07 04:00:00,19297.853515625,18805.5,actual_period_prediction,
2026-07-07 05:00:00,19405.826171875,18421.0,actual_period_prediction,
2026-07-07 06:00:00,21138.673828125,20680.5,actual_period_prediction,
2026-07-07 07:00:00,24134.619140625,23103.0,actual_period_prediction,
2026-07-07 08:00:00,24148.1015625,23235.0,actual_period_prediction,
2026-07-07 09:00:00,24397.556640625,22223.0,actual_period_prediction,
2026-07-07 10:00:00,23639.537109375,20479.5,actual_period_prediction,
2026-07-07 11:00:00,22471.04296875,19430.5,actual_period_prediction,
2026-07-07 12:00:00,22023.544921875,19364.5,actual_period_prediction,
2026-07-07 13:00:00,21017.607421875,19339.0,actual_period_prediction,
2026-07-07 14:00:00,20881.349609375,19559.5,actual_period_prediction,
2026-07-07 15:00:00,21734.896484375,20290.5,actual_period_prediction,
2026-07-07 16:00:00,23032.025390625,22311.0,actual_period_prediction,
2026-07-07 17:00:00,25336.009765625,25542.5,actual_period_prediction,
2026-07-07 18:00:00,27310.20703125,27870.0,actual_period_prediction,
2026-07-07 19:00:00,28428.74609375,29884.5,actual_period_prediction,
2026-07-07 20:00:00,28520.23046875,29522.5,actual_period_prediction,
2026-07-07 21:00:00,27800.4921875,29022.0,actual_period_prediction,
2026-07-07 22:00:00,25685.67578125,27237.0,actual_period_prediction,
2026-07-07 23:00:00,24088.2109375,25115.0,actual_period_prediction,
2026-07-08 00:00:00,22848.48828125,24013.5,actual_period_prediction,
2026-07-08 01:00:00,22488.62890625,23254.0,actual_period_prediction,
2026-07-08 02:00:00,21909.755859375,22269.0,actual_period_prediction,
2026-07-08 03:00:00,21519.869140625,21749.5,actual_period_prediction,
2026-07-08 04:00:00,20921.31640625,21193.0,actual_period_prediction,
2026-07-08 05:00:00,20690.18359375,21522.5,actual_period_prediction,
2026-07-08 06:00:00,22019.724609375,23028.5,actual_period_prediction,
2026-07-08 07:00:00,24531.00390625,25274.0,actual_period_prediction,
2026-07-08 08:00:00,24452.74609375,24943.0,actual_period_prediction,
2026-07-08 09:00:00,23964.615234375,23874.5,actual_period_prediction,
2026-07-08 10:00:00,23037.29296875,22222.0,actual_period_prediction,
2026-07-08 11:00:00,22002.4765625,21898.0,actual_period_prediction,
2026-07-08 12:00:00,22124.390625,21637.5,actual_period_prediction,
2026-07-08 13:00:00,22332.4296875,21292.0,actual_period_prediction,
2026-07-08 14:00:00,22142.662109375,21461.0,actual_period_prediction,
2026-07-08 15:00:00,22656.205078125,22270.5,actual_period_prediction,
2026-07-08 16:00:00,24103.634765625,24471.5,actual_period_prediction,
2026-07-08 17:00:00,24779.966796875,27160.5,actual_period_prediction,
2026-07-08 18:00:00,27292.787109375,29151.5,actual_period_prediction,
2026-07-08 19:00:00,29842.44921875,30946.5,actual_period_prediction,
2026-07-08 20:00:00,30172.71875,30699.5,actual_period_prediction,
2026-07-08 21:00:00,28839.87890625,30272.0,actual_period_prediction,
2026-07-08 22:00:00,26562.759765625,28506.5,actual_period_prediction,
2026-07-08 23:00:00,24696.76171875,26161.5,actual_period_prediction,
2026-07-09 00:00:00,23756.939453125,25231.0,actual_period_prediction,
2026-07-09 01:00:00,23519.552734375,24296.5,actual_period_prediction,
2026-07-09 02:00:00,22742.0234375,23041.0,actual_period_prediction,
2026-07-09 03:00:00,21802.599609375,22259.0,actual_period_prediction,
2026-07-09 04:00:00,21222.75390625,21645.5,actual_period_prediction,
2026-07-09 05:00:00,21046.134765625,21335.0,actual_period_prediction,
2026-07-09 06:00:00,22505.736328125,23350.0,actual_period_prediction,
2026-07-09 07:00:00,24462.90234375,25804.5,actual_period_prediction,
2026-07-09 08:00:00,24842.412109375,25642.5,actual_period_prediction,
2026-07-09 09:00:00,23126.060546875,24047.5,actual_period_prediction,
2026-07-09 10:00:00,21921.724609375,22446.0,actual_period_prediction,
2026-07-09 11:00:00,22435.587890625,21699.0,actual_period_prediction,
2026-07-09 12:00:00,21954.35546875,21313.5,actual_period_prediction,
2026-07-09 13:00:00,21935.173828125,20945.5,actual_period_prediction,
2026-07-09 14:00:00,21809.216796875,21049.5,actual_period_prediction,
2026-07-09 15:00:00,22748.732421875,21901.5,actual_period_prediction,
2026-07-09 16:00:00,22486.890625,24463.0,actual_period_prediction,
2026-07-09 17:00:00,23356.580078125,27213.5,actual_period_prediction,
2026-07-09 18:00:00,27117.990234375,29198.0,actual_period_prediction,
2026-07-09 19:00:00,30418.927734375,30156.5,actual_period_prediction,
2026-07-09 20:00:00,30623.431640625,30104.5,actual_period_prediction,
2026-07-09 21:00:00,29660.279296875,30316.0,actual_period_prediction,
2026-07-09 22:00:00,28118.044921875,28818.0,actual_period_prediction,
2026-07-09 23:00:00,26016.150390625,26275.0,actual_period_prediction,
2026-07-10 00:00:00,24833.857421875,25588.0,actual_period_prediction,
2026-07-10 01:00:00,23601.76953125,24517.5,actual_period_prediction,
2026-07-10 02:00:00,23371.44140625,23417.0,actual_period_prediction,
2026-07-10 03:00:00,22676.8203125,22482.0,actual_period_prediction,
2026-07-10 04:00:00,21473.08203125,21862.0,actual_period_prediction,
2026-07-10 05:00:00,21102.5078125,21624.0,actual_period_prediction,
2026-07-10 06:00:00,23321.419921875,23644.0,actual_period_prediction,
2026-07-10 07:00:00,25293.990234375,25762.0,actual_period_prediction,
2026-07-10 08:00:00,24772.990234375,25751.5,actual_period_prediction,
2026-07-10 09:00:00,23711.501953125,24391.5,actual_period_prediction,
2026-07-10 10:00:00,22464.947265625,22865.0,actual_period_prediction,
2026-07-10 11:00:00,22073.61328125,22036.5,actual_period_prediction,
2026-07-10 12:00:00,21942.89453125,21670.5,actual_period_prediction,
2026-07-10 13:00:00,21417.623046875,21513.0,actual_period_prediction,
2026-07-10 14:00:00,21438.05078125,21581.0,actual_period_prediction,
2026-07-10 15:00:00,22556.869140625,21985.5,actual_period_prediction,
2026-07-10 16:00:00,22504.59375,23743.0,actual_period_prediction,
2026-07-10 17:00:00,24450.330078125,25526.0,actual_period_prediction,
2026-07-10 18:00:00,27584.65234375,27397.0,actual_period_prediction,
2026-07-10 19:00:00,29248.216796875,28669.0,actual_period_prediction,
2026-07-10 20:00:00,29088.60546875,28542.5,actual_period_prediction,
2026-07-10 21:00:00,28917.34375,28231.5,actual_period_prediction,
2026-07-10 22:00:00,27569.912109375,27591.5,actual_period_prediction,
2026-07-10 23:00:00,24959.74609375,25368.0,actual_period_prediction,
2026-07-11 00:00:00,23436.41796875,24008.5,actual_period_prediction,
2026-07-11 01:00:00,22569.064453125,23022.0,actual_period_prediction,
2026-07-11 02:00:00,21503.935546875,21917.0,actual_period_prediction,
2026-07-11 03:00:00,20319.26171875,20688.0,actual_period_prediction,
2026-07-11 04:00:00,19517.630859375,19903.0,actual_period_prediction,
2026-07-11 05:00:00,19162.443359375,19549.5,actual_period_prediction,
2026-07-11 06:00:00,20492.173828125,20086.0,actual_period_prediction,
2026-07-11 07:00:00,20659.150390625,20662.5,actual_period_prediction,
2026-07-11 08:00:00,20811.07421875,20490.5,actual_period_prediction,
2026-07-11 09:00:00,20514.5,19709.5,actual_period_prediction,
2026-07-11 10:00:00,19640.78125,18514.0,actual_period_prediction,
2026-07-11 11:00:00,18115.72265625,17268.5,actual_period_prediction,
2026-07-11 12:00:00,17400.322265625,16466.5,actual_period_prediction,
2026-07-11 13:00:00,17239.958984375,15611.5,actual_period_prediction,
2026-07-11 14:00:00,18388.005859375,15603.5,actual_period_prediction,
2026-07-11 15:00:00,18863.080078125,16598.0,actual_period_prediction,
2026-07-11 16:00:00,20202.4609375,18665.0,actual_period_prediction,
2026-07-11 17:00:00,21630.267578125,21676.5,actual_period_prediction,
2026-07-11 18:00:00,24064.162109375,23718.5,actual_period_prediction,
2026-07-11 19:00:00,24694.291015625,25750.5,actual_period_prediction,
2026-07-11 20:00:00,25017.48046875,26080.5,actual_period_prediction,
2026-07-11 21:00:00,24388.865234375,24877.5,actual_period_prediction,
2026-07-11 22:00:00,23711.875,24094.5,actual_period_prediction,
2026-07-11 23:00:00,23200.392578125,22857.0,actual_period_prediction,
2026-07-12 00:00:00,22086.142578125,22371.0,actual_period_prediction,
2026-07-12 01:00:00,21251.193359375,21571.0,actual_period_prediction,
2026-07-12 02:00:00,19964.763671875,20305.5,actual_period_prediction,
2026-07-12 03:00:00,18466.4765625,19303.5,actual_period_prediction,
2026-07-12 04:00:00,18066.04296875,18625.0,actual_period_prediction,
2026-07-12 05:00:00,17904.46484375,17645.0,actual_period_prediction,
2026-07-12 06:00:00,17988.609375,17245.5,actual_period_prediction,
2026-07-12 07:00:00,17942.259765625,16831.5,actual_period_prediction,
2026-07-12 08:00:00,18022.8828125,16258.5,actual_period_prediction,
2026-07-12 09:00:00,18116.951171875,14802.5,actual_period_prediction,
2026-07-12 10:00:00,17620.037109375,13887.0,actual_period_prediction,
2026-07-12 11:00:00,16350.1640625,13046.0,actual_period_prediction,
2026-07-12 12:00:00,15654.005859375,13010.0,actual_period_prediction,
2026-07-12 13:00:00,15234.400390625,12954.0,actual_period_prediction,
2026-07-12 14:00:00,15072.2744140625,13012.5,actual_period_prediction,
2026-07-12 15:00:00,15332.2509765625,14011.5,actual_period_prediction,
2026-07-12 16:00:00,16729.240234375,16423.5,actual_period_prediction,
2026-07-12 17:00:00,20226.130859375,19800.5,actual_period_prediction,
2026-07-12 18:00:00,22356.771484375,22183.5,actual_period_prediction,
2026-07-12 19:00:00,24893.14453125,24446.0,actual_period_prediction,
2026-07-12 20:00:00,25231.896484375,25214.5,actual_period_prediction,
2026-07-12 21:00:00,24325.19921875,24940.5,actual_period_prediction,
2026-07-12 22:00:00,22640.134765625,24047.0,actual_period_prediction,
2026-07-12 23:00:00,21734.25390625,22403.0,actual_period_prediction,
2026-07-13 00:00:00,21840.453125,21261.0,actual_period_prediction,
2026-07-13 01:00:00,20634.94140625,20714.0,actual_period_prediction,
2026-07-13 02:00:00,19768.49609375,19909.5,actual_period_prediction,
2026-07-13 03:00:00,19268.59375,19065.0,actual_period_prediction,
2026-07-13 04:00:00,19001.431640625,18337.5,actual_period_prediction,
2026-07-13 05:00:00,18635.220703125,18079.0,actual_period_prediction,
2026-07-13 06:00:00,20089.8359375,20757.0,actual_period_prediction,
2026-07-13 07:00:00,21917.623046875,23216.0,actual_period_prediction,
2026-07-13 08:00:00,21822.05859375,23444.5,actual_period_prediction,
2026-07-13 09:00:00,21748.189453125,22661.0,actual_period_prediction,
2026-07-13 10:00:00,20495.84375,20917.5,actual_period_prediction,
2026-07-13 11:00:00,19195.06640625,19417.0,actual_period_prediction,
2026-07-13 12:00:00,18028.31640625,18329.5,actual_period_prediction,
2026-07-13 13:00:00,18059.1328125,17300.5,actual_period_prediction,
2026-07-13 14:00:00,18010.447265625,17060.5,actual_period_prediction,
2026-07-13 15:00:00,18316.671875,17664.5,actual_period_prediction,
2026-07-13 16:00:00,18993.80078125,19485.0,actual_period_prediction,
2026-07-13 17:00:00,21901.185546875,22289.5,actual_period_prediction,
2026-07-13 18:00:00,24438.02734375,25172.0,actual_period_prediction,
2026-07-13 19:00:00,25800.591796875,26826.0,actual_period_prediction,
2026-07-13 20:00:00,26638.6640625,26833.5,actual_period_prediction,
2026-07-13 21:00:00,25516.99609375,26831.5,actual_period_prediction,
2026-07-13 22:00:00,24456.59765625,24789.0,actual_period_prediction,
2026-07-13 23:00:00,23013.541015625,22982.0,actual_period_prediction,
2026-07-14 00:00:00,21127.068359375,21916.0,actual_period_prediction,
2026-07-14 01:00:00,21028.025390625,20934.5,actual_period_prediction,
2026-07-14 02:00:00,20061.939453125,20599.0,actual_period_prediction,
2026-07-14 03:00:00,19720.873046875,19717.5,actual_period_prediction,
2026-07-14 04:00:00,19303.6484375,19134.0,actual_period_prediction,
2026-07-14 05:00:00,18870.0546875,18888.5,actual_period_prediction,
2026-07-14 06:00:00,20347.16796875,20808.0,actual_period_prediction,
2026-07-14 07:00:00,23646.345703125,23123.0,actual_period_prediction,
2026-07-14 08:00:00,23462.109375,24291.0,actual_period_prediction,
2026-07-14 09:00:00,22860.1328125,23204.5,actual_period_prediction,
2026-07-14 10:00:00,21020.3828125,21815.5,actual_period_prediction,
2026-07-14 11:00:00,19984.966796875,20306.5,actual_period_prediction,
2026-07-14 12:00:00,19386.3984375,19229.5,actual_period_prediction,
2026-07-14 13:00:00,19162.541015625,17884.0,actual_period_prediction,
2026-07-14 14:00:00,19278.419921875,17782.5,actual_period_prediction,
2026-07-14 15:00:00,19405.689453125,18607.5,actual_period_prediction,
2026-07-14 16:00:00,20755.2578125,21221.5,actual_period_prediction,
2026-07-14 17:00:00,23085.587890625,23691.0,actual_period_prediction,
2026-07-14 18:00:00,25301.9921875,26245.5,actual_period_prediction,
2026-07-14 19:00:00,27151.62890625,28020.5,actual_period_prediction,
2026-07-14 20:00:00,27854.59765625,28268.0,actual_period_prediction,
2026-07-14 21:00:00,27601.755859375,27681.5,actual_period_prediction,
2026-07-14 22:00:00,26146.923828125,26584.5,actual_period_prediction,
2026-07-14 23:00:00,24252.765625,24201.0,actual_period_prediction,
2026-07-15 00:00:00,22669.16015625,23450.5,actual_period_prediction,
2026-07-15 01:00:00,22245.673828125,22737.5,actual_period_prediction,
2026-07-15 02:00:00,21297.0625,21503.0,actual_period_prediction,
2026-07-15 03:00:00,20591.302734375,20803.0,actual_period_prediction,
2026-07-15 04:00:00,20402.25390625,20040.5,actual_period_prediction,
2026-07-15 05:00:00,20479.5859375,19863.0,actual_period_prediction,
2026-07-15 06:00:00,21971.68359375,21910.0,actual_period_prediction,
2026-07-15 07:00:00,24325.015625,24773.0,actual_period_prediction,
2026-07-15 08:00:00,24606.59765625,25894.0,actual_period_prediction,
2026-07-15 09:00:00,24016.08203125,24827.5,actual_period_prediction,
2026-07-15 10:00:00,22130.06640625,22739.0,actual_period_prediction,
2026-07-15 11:00:00,20539.728515625,20825.5,actual_period_prediction,
2026-07-15 12:00:00,19497.275390625,19242.0,actual_period_prediction,
2026-07-15 13:00:00,19144.759765625,18348.0,actual_period_prediction,
2026-07-15 14:00:00,19541.6171875,18697.0,actual_period_prediction,
2026-07-15 15:00:00,20180.91015625,19530.5,actual_period_prediction,
2026-07-15 16:00:00,21681.837890625,21529.0,actual_period_prediction,
2026-07-15 17:00:00,25261.095703125,24375.0,actual_period_prediction,
2026-07-15 18:00:00,25768.958984375,27025.0,actual_period_prediction,
2026-07-15 19:00:00,27785.693359375,28692.5,actual_period_prediction,
2026-07-15 20:00:00,28576.66015625,27821.5,actual_period_prediction,
2026-07-15 21:00:00,28247.583984375,27043.0,actual_period_prediction,
2026-07-15 22:00:00,27135.357421875,26081.0,actual_period_prediction,
2026-07-15 23:00:00,24827.8828125,24476.5,actual_period_prediction,
2026-07-16 00:00:00,24002.98046875,23589.5,actual_period_prediction,
2026-07-16 01:00:00,23163.98828125,22430.0,actual_period_prediction,
2026-07-16 02:00:00,22017.189453125,21532.5,actual_period_prediction,
2026-07-16 03:00:00,21259.890625,20509.0,actual_period_prediction,
2026-07-16 04:00:00,20624.767578125,20115.0,actual_period_prediction,
2026-07-16 05:00:00,20623.140625,20002.5,actual_period_prediction,
2026-07-16 06:00:00,22589.1484375,21918.0,actual_period_prediction,
2026-07-16 07:00:00,25323.62890625,24423.5,actual_period_prediction,
2026-07-16 08:00:00,25467.23828125,24489.5,actual_period_prediction,
2026-07-16 09:00:00,24014.314453125,22944.0,actual_period_prediction,
2026-07-16 10:00:00,21857.732421875,21315.0,actual_period_prediction,
2026-07-16 11:00:00,19867.048828125,19866.0,actual_period_prediction,
2026-07-16 12:00:00,19633.53515625,19351.0,actual_period_prediction,
2026-07-16 13:00:00,20699.34375,19225.5,actual_period_prediction,
2026-07-16 14:00:00,20178.552734375,19744.5,actual_period_prediction,
2026-07-16 15:00:00,20555.7578125,20452.5,actual_period_prediction,
2026-07-16 16:00:00,22725.111328125,22748.0,actual_period_prediction,
2026-07-16 17:00:00,26193.99609375,25049.5,actual_period_prediction,
2026-07-16 18:00:00,26496.193359375,26762.5,actual_period_prediction,
2026-07-16 19:00:00,28520.642578125,28189.0,actual_period_prediction,
2026-07-16 20:00:00,28189.15625,28393.0,actual_period_prediction,
2026-07-16 21:00:00,28129.109375,28314.5,actual_period_prediction,
2026-07-16 22:00:00,26718.158203125,27074.0,actual_period_prediction,
2026-07-16 23:00:00,25168.66015625,25180.5,actual_period_prediction,
2026-07-17 00:00:00,24174.12109375,24189.5,actual_period_prediction,
2026-07-17 01:00:00,23509.1015625,22966.5,actual_period_prediction,
2026-07-17 02:00:00,22435.875,21767.5,actual_period_prediction,
2026-07-17 03:00:00,21775.201171875,20950.0,actual_period_prediction,
2026-07-17 04:00:00,21094.2265625,20646.0,actual_period_prediction,
2026-07-17 05:00:00,20926.9453125,20512.5,actual_period_prediction,
2026-07-17 06:00:00,22794.193359375,22422.0,actual_period_prediction,
2026-07-17 07:00:00,25017.591796875,24710.5,actual_period_prediction,
2026-07-17 08:00:00,25002.3125,24560.5,actual_period_prediction,
2026-07-17 09:00:00,24176.916015625,23224.0,actual_period_prediction,
2026-07-17 10:00:00,22222.4296875,21174.0,actual_period_prediction,
2026-07-17 11:00:00,20813.46484375,19952.5,actual_period_prediction,
2026-07-17 12:00:00,20031.310546875,19179.5,actual_period_prediction,
2026-07-17 13:00:00,19959.576171875,18685.0,actual_period_prediction,
2026-07-17 14:00:00,19922.138671875,18752.5,actual_period_prediction,
2026-07-17 15:00:00,20585.94921875,19167.0,actual_period_prediction,
2026-07-17 16:00:00,23092.435546875,20892.5,actual_period_prediction,
2026-07-17 17:00:00,25167.486328125,23217.5,actual_period_prediction,
2026-07-17 18:00:00,26294.830078125,25419.0,actual_period_prediction,
2026-07-17 19:00:00,28063.126953125,26897.0,actual_period_prediction,
2026-07-17 20:00:00,28209.08984375,27058.0,actual_period_prediction,
2026-07-17 21:00:00,28255.640625,26767.5,actual_period_prediction,
2026-07-17 22:00:00,27396.42578125,25552.0,actual_period_prediction,
2026-07-17 23:00:00,25158.79296875,24296.0,actual_period_prediction,
2026-07-18 00:00:00,23410.12890625,23305.5,actual_period_prediction,
2026-07-18 01:00:00,22492.28125,21981.5,actual_period_prediction,
2026-07-18 02:00:00,21034.73828125,21228.5,actual_period_prediction,
2026-07-18 03:00:00,19812.326171875,20241.0,actual_period_prediction,
2026-07-18 04:00:00,19278.865234375,19506.0,actual_period_prediction,
2026-07-18 05:00:00,19054.822265625,18654.5,actual_period_prediction,
2026-07-18 06:00:00,20005.873046875,19081.5,actual_period_prediction,
2026-07-18 07:00:00,21085.38671875,19583.0,actual_period_prediction,
2026-07-18 08:00:00,21054.181640625,19763.0,actual_period_prediction,
2026-07-18 09:00:00,20535.177734375,19719.5,actual_period_prediction,
2026-07-18 10:00:00,18808.392578125,19133.0,actual_period_prediction,
2026-07-18 11:00:00,18997.2890625,18178.5,actual_period_prediction,
2026-07-18 12:00:00,17558.513671875,17672.5,actual_period_prediction,
2026-07-18 13:00:00,17635.71875,17171.5,actual_period_prediction,
2026-07-18 14:00:00,17732.015625,16955.0,actual_period_prediction,
2026-07-18 15:00:00,17621.45703125,16884.5,actual_period_prediction,
2026-07-18 16:00:00,19227.763671875,18296.0,actual_period_prediction,
2026-07-18 17:00:00,21118.6640625,20912.0,actual_period_prediction,
2026-07-18 18:00:00,24513.0859375,22855.5,actual_period_prediction,
2026-07-18 19:00:00,26354.794921875,23885.0,actual_period_prediction,
2026-07-18 20:00:00,26320.962890625,24094.5,actual_period_prediction,
2026-07-18 21:00:00,25966.11328125,24021.0,actual_period_prediction,
2026-07-18 22:00:00,24337.896484375,23502.5,actual_period_prediction,
2026-07-18 23:00:00,23305.59765625,21982.0,actual_period_prediction,
2026-07-19 00:00:00,22600.400390625,21354.0,actual_period_prediction,
2026-07-19 01:00:00,21689.76171875,20004.0,actual_period_prediction,
2026-07-19 02:00:00,19778.765625,19014.5,actual_period_prediction,
2026-07-19 03:00:00,19152.7421875,18449.0,actual_period_prediction,
2026-07-19 04:00:00,18051.970703125,17970.5,actual_period_prediction,
2026-07-19 05:00:00,17728.09765625,16613.0,actual_period_prediction,
2026-07-19 06:00:00,17912.041015625,16605.5,actual_period_prediction,
2026-07-19 07:00:00,18085.83203125,16663.0,actual_period_prediction,
2026-07-19 08:00:00,18197.51953125,16721.0,actual_period_prediction,
2026-07-19 09:00:00,18054.01953125,16060.5,actual_period_prediction,
2026-07-19 10:00:00,17521.833984375,15332.5,actual_period_prediction,
2026-07-19 11:00:00,16715.51171875,15206.0,actual_period_prediction,
2026-07-19 12:00:00,16164.45703125,15441.5,actual_period_prediction,
2026-07-19 13:00:00,15431.0625,14794.5,actual_period_prediction,
2026-07-19 14:00:00,15424.908203125,13913.5,actual_period_prediction,
2026-07-19 15:00:00,15625.75390625,14245.0,actual_period_prediction,
2026-07-19 16:00:00,17576.46484375,16351.5,actual_period_prediction,
2026-07-19 17:00:00,20343.16796875,19239.5,actual_period_prediction,
2026-07-19 18:00:00,23322.69921875,22673.0,actual_period_prediction,
2026-07-19 19:00:00,25073.814453125,24722.0,actual_period_prediction,
2026-07-19 20:00:00,24992.50390625,24879.0,actual_period_prediction,
2026-07-19 21:00:00,25047.431640625,25200.5,actual_period_prediction,
2026-07-19 22:00:00,23944.611328125,23858.5,actual_period_prediction,
2026-07-19 23:00:00,22640.521484375,22254.5,actual_period_prediction,
2026-07-20 00:00:00,21800.982421875,21607.5,actual_period_prediction,
2026-07-20 01:00:00,20872.4453125,20700.0,actual_period_prediction,
2026-07-20 02:00:00,20684.9140625,19759.5,actual_period_prediction,
2026-07-20 03:00:00,20389.509765625,18922.5,actual_period_prediction,
2026-07-20 04:00:00,19965.060546875,18414.0,actual_period_prediction,
2026-07-20 05:00:00,19662.021484375,18692.5,actual_period_prediction,
2026-07-20 06:00:00,20974.60546875,21011.5,actual_period_prediction,
2026-07-20 07:00:00,22768.33203125,22644.0,actual_period_prediction,
2026-07-20 08:00:00,22792.853515625,22574.5,actual_period_prediction,
2026-07-20 09:00:00,22422.78125,21182.0,actual_period_prediction,
2026-07-20 10:00:00,21663.89453125,19469.5,actual_period_prediction,
2026-07-20 11:00:00,20088.939453125,18178.5,actual_period_prediction,
2026-07-20 12:00:00,19512.72265625,17649.5,actual_period_prediction,
2026-07-20 13:00:00,19218.4140625,17410.0,actual_period_prediction,
2026-07-20 14:00:00,19194.390625,17591.5,actual_period_prediction,
2026-07-20 15:00:00,19749.546875,18725.0,actual_period_prediction,
2026-07-20 16:00:00,21354.162109375,21014.0,actual_period_prediction,
2026-07-20 17:00:00,23998.232421875,23824.0,actual_period_prediction,
2026-07-20 18:00:00,25914.26953125,26040.0,actual_period_prediction,
2026-07-20 19:00:00,26215.48828125,27304.0,actual_period_prediction,
2026-07-20 20:00:00,26234.708984375,27282.0,actual_period_prediction,
2026-07-20 21:00:00,26365.240234375,26535.0,actual_period_prediction,
2026-07-20 22:00:00,25299.142578125,25288.5,actual_period_prediction,
2026-07-20 23:00:00,23961.166015625,23685.0,actual_period_prediction,
2026-07-21 00:00:00,22315.7109375,22658.5,actual_period_prediction,
2026-07-21 01:00:00,21718.537109375,21580.5,actual_period_prediction,
2026-07-21 02:00:00,20815.767578125,21077.5,actual_period_prediction,
2026-07-21 03:00:00,20429.833984375,20452.5,actual_period_prediction,
2026-07-21 04:00:00,20199.14453125,19889.0,actual_period_prediction,
2026-07-21 05:00:00,19878.572265625,19589.0,actual_period_prediction,
2026-07-21 06:00:00,21355.234375,21497.5,actual_period_prediction,
2026-07-21 07:00:00,23646.3515625,23845.5,actual_period_prediction,
2026-07-21 08:00:00,23974.517578125,24294.5,actual_period_prediction,
2026-07-21 09:00:00,23297.640625,23683.5,actual_period_prediction,
2026-07-21 10:00:00,22073.75390625,22707.5,actual_period_prediction,
2026-07-21 11:00:00,21079.796875,22481.0,actual_period_prediction,
2026-07-21 12:00:00,20325.794921875,22090.0,actual_period_prediction,
2026-07-21 13:00:00,19674.98828125,21818.5,actual_period_prediction,
2026-07-21 14:00:00,19637.017578125,21782.5,actual_period_prediction,
2026-07-21 15:00:00,20235.359375,21849.0,actual_period_prediction,
2026-07-21 16:00:00,22208.2421875,22976.0,actual_period_prediction,
2026-07-21 17:00:00,23167.3671875,25054.5,actual_period_prediction,
2026-07-21 18:00:00,26023.525390625,26033.5,actual_period_prediction,
2026-07-21 19:00:00,28173.833984375,27356.0,actual_period_prediction,
2026-07-21 20:00:00,28055.453125,27226.5,actual_period_prediction,
2026-07-21 21:00:00,27782.37109375,27149.0,actual_period_prediction,
2026-07-21 22:00:00,26001.759765625,26055.5,actual_period_prediction,
2026-07-21 23:00:00,24484.419921875,23769.5,actual_period_prediction,
2026-07-22 00:00:00,23120.865234375,22828.5,actual_period_prediction,
2026-07-22 01:00:00,22370.658203125,21962.5,actual_period_prediction,
2026-07-22 02:00:00,21729.443359375,21533.0,actual_period_prediction,
2026-07-22 03:00:00,20971.888671875,20757.0,actual_period_prediction,
2026-07-22 04:00:00,20171.056640625,20522.5,actual_period_prediction,
2026-07-22 05:00:00,20170.208984375,20126.5,actual_period_prediction,
2026-07-22 06:00:00,21327.376953125,21951.5,actual_period_prediction,
2026-07-22 07:00:00,24533.126953125,24828.5,actual_period_prediction,
2026-07-22 08:00:00,24804.916015625,25334.0,actual_period_prediction,
2026-07-22 09:00:00,24500.919921875,24793.5,actual_period_prediction,
2026-07-22 10:00:00,23008.1875,23315.0,actual_period_prediction,
2026-07-22 11:00:00,22952.55859375,23015.5,actual_period_prediction,
2026-07-22 12:00:00,22439.1953125,22967.5,actual_period_prediction,
2026-07-22 13:00:00,21705.79296875,22356.5,actual_period_prediction,
2026-07-22 14:00:00,21746.673828125,21684.0,actual_period_prediction,
2026-07-22 15:00:00,21752.73046875,22191.5,actual_period_prediction,
2026-07-22 16:00:00,24127.041015625,23526.0,actual_period_prediction,
2026-07-22 17:00:00,25869.1953125,25611.0,actual_period_prediction,
2026-07-22 18:00:00,26722.078125,27487.5,actual_period_prediction,
2026-07-22 19:00:00,27844.80859375,28457.0,actual_period_prediction,
2026-07-22 20:00:00,28017.5625,27864.0,actual_period_prediction,
2026-07-22 21:00:00,28030.9453125,27207.0,actual_period_prediction,
2026-07-22 22:00:00,26273.091796875,25876.5,actual_period_prediction,
2026-07-22 23:00:00,24985.208984375,24170.5,actual_period_prediction,
2026-07-23 00:00:00,22953.646484375,23645.5,actual_period_prediction,
2026-07-23 01:00:00,22512.1640625,22867.5,actual_period_prediction,
2026-07-23 02:00:00,21578.140625,21843.5,actual_period_prediction,
2026-07-23 03:00:00,20813.49609375,21182.0,actual_period_prediction,
2026-07-23 04:00:00,20364.23046875,20143.5,actual_period_prediction,
2026-07-23 05:00:00,20173.572265625,19938.5,actual_period_prediction,
2026-07-23 06:00:00,22135.6015625,21819.5,actual_period_prediction,
2026-07-23 07:00:00,25150.494140625,23822.0,actual_period_prediction,
2026-07-23 08:00:00,25215.001953125,24684.5,actual_period_prediction,
2026-07-23 09:00:00,24954.0625,23553.5,actual_period_prediction,
2026-07-23 10:00:00,23531.01171875,22580.5,actual_period_prediction,
2026-07-23 11:00:00,22117.248046875,22331.5,actual_period_prediction,
2026-07-23 12:00:00,20979.1484375,22151.5,actual_period_prediction,
2026-07-23 13:00:00,20456.640625,22162.5,actual_period_prediction,
2026-07-23 14:00:00,20697.83203125,22032.0,actual_period_prediction,
2026-07-23 15:00:00,21427.724609375,22128.0,actual_period_prediction,
2026-07-23 16:00:00,21315.740234375,23079.0,actual_period_prediction,
2026-07-23 17:00:00,25360.2890625,25065.5,actual_period_prediction,
2026-07-23 18:00:00,27128.7265625,26680.0,actual_period_prediction,
2026-07-23 19:00:00,28044.32421875,28007.5,actual_period_prediction,
2026-07-23 20:00:00,27719.236328125,27738.5,actual_period_prediction,
2026-07-23 21:00:00,27432.8203125,26923.0,actual_period_prediction,
2026-07-23 22:00:00,26242.24609375,25491.0,actual_period_prediction,
2026-07-23 23:00:00,24586.666015625,23631.0,actual_period_prediction,
2026-07-24 00:00:00,23575.69921875,22677.0,actual_period_prediction,
2026-07-24 01:00:00,22295.046875,22013.5,actual_period_prediction,
2026-07-24 02:00:00,21303.623046875,21160.5,actual_period_prediction,
2026-07-24 03:00:00,20762.607421875,20439.0,actual_period_prediction,
2026-07-24 04:00:00,19482.310546875,19553.5,actual_period_prediction,
2026-07-24 05:00:00,19553.41015625,19143.5,actual_period_prediction,
2026-07-24 06:00:00,21359.611328125,20820.0,actual_period_prediction,
2026-07-24 07:00:00,24229.16796875,22951.5,actual_period_prediction,
2026-07-24 08:00:00,24732.767578125,23281.0,actual_period_prediction,
2026-07-24 09:00:00,23241.4453125,21919.0,actual_period_prediction,
2026-07-24 10:00:00,22536.93359375,20259.5,actual_period_prediction,
2026-07-24 11:00:00,22032.265625,18962.0,actual_period_prediction,
2026-07-24 12:00:00,20813.279296875,18451.0,actual_period_prediction,
2026-07-24 13:00:00,20601.771484375,17729.5,actual_period_prediction,
2026-07-24 14:00:00,20397.154296875,17937.5,actual_period_prediction,
2026-07-24 15:00:00,21207.248046875,18503.0,actual_period_prediction,
2026-07-24 16:00:00,22020.076171875,20265.0,actual_period_prediction,
2026-07-24 17:00:00,23273.46875,22789.5,actual_period_prediction,
2026-07-24 18:00:00,25159.78515625,24690.0,actual_period_prediction,
2026-07-24 19:00:00,26721.015625,25843.0,actual_period_prediction,
2026-07-24 20:00:00,26879.92578125,26028.0,actual_period_prediction,
2026-07-24 21:00:00,26417.94140625,26226.5,actual_period_prediction,
2026-07-24 22:00:00,25143.30859375,24747.0,actual_period_prediction,
2026-07-24 23:00:00,24223.916015625,22785.0,actual_period_prediction,
2026-07-25 00:00:00,22745.921875,21792.5,actual_period_prediction,
2026-07-25 01:00:00,21869.544921875,20848.5,actual_period_prediction,
2026-07-25 02:00:00,20282.119140625,19796.5,actual_period_prediction,
2026-07-25 03:00:00,18642.31640625,18633.5,actual_period_prediction,
2026-07-25 04:00:00,18288.68359375,17914.0,actual_period_prediction,
2026-07-25 05:00:00,17461.939453125,17250.0,actual_period_prediction,
2026-07-25 06:00:00,18057.1015625,17703.5,actual_period_prediction,
2026-07-25 07:00:00,19371.556640625,18076.0,actual_period_prediction,
2026-07-25 08:00:00,18994.861328125,17668.5,actual_period_prediction,
2026-07-25 09:00:00,17899.62890625,16560.0,actual_period_prediction,
2026-07-25 10:00:00,17709.408203125,15519.0,actual_period_prediction,
2026-07-25 11:00:00,16506.32421875,14993.0,actual_period_prediction,
2026-07-25 12:00:00,15624.302734375,14619.5,actual_period_prediction,
2026-07-25 13:00:00,15370.7919921875,14512.5,actual_period_prediction,
2026-07-25 14:00:00,14660.01171875,14879.5,actual_period_prediction,
2026-07-25 15:00:00,15157.1103515625,16170.5,actual_period_prediction,
2026-07-25 16:00:00,17312.166015625,18455.5,actual_period_prediction,
2026-07-25 17:00:00,20513.3671875,21604.0,actual_period_prediction,
2026-07-25 18:00:00,22467.9609375,23442.5,actual_period_prediction,
2026-07-25 19:00:00,23449.12109375,24273.0,actual_period_prediction,
2026-07-25 20:00:00,24108.083984375,24877.5,actual_period_prediction,
2026-07-25 21:00:00,24009.6640625,24639.0,actual_period_prediction,
2026-07-25 22:00:00,22676.35546875,23577.0,actual_period_prediction,
2026-07-25 23:00:00,22590.03515625,22149.0,actual_period_prediction,
2026-07-26 00:00:00,21349.29296875,21212.0,actual_period_prediction,
2026-07-26 01:00:00,20557.904296875,20431.5,actual_period_prediction,
2026-07-26 02:00:00,19492.267578125,19018.5,actual_period_prediction,
2026-07-26 03:00:00,18797.814453125,17988.0,actual_period_prediction,
2026-07-26 04:00:00,18181.34765625,17339.5,actual_period_prediction,
2026-07-26 05:00:00,18113.640625,16577.0,actual_period_prediction,
2026-07-26 06:00:00,18326.560546875,16826.0,actual_period_prediction,
2026-07-26 07:00:00,17805.486328125,17052.5,actual_period_prediction,
2026-07-26 08:00:00,18116.509765625,17848.0,actual_period_prediction,
2026-07-26 09:00:00,17971.294921875,17769.0,actual_period_prediction,
2026-07-26 10:00:00,18418.59375,17449.0,actual_period_prediction,
2026-07-26 11:00:00,20075.033203125,16411.5,actual_period_prediction,
2026-07-26 12:00:00,19996.771484375,16159.0,actual_period_prediction,
2026-07-26 13:00:00,17203.033203125,15609.0,actual_period_prediction,
2026-07-26 14:00:00,16676.130859375,15275.5,actual_period_prediction,
2026-07-26 15:00:00,17137.962890625,15872.0,actual_period_prediction,
2026-07-26 16:00:00,18367.076171875,17801.0,actual_period_prediction,
2026-07-26 17:00:00,21785.609375,20131.0,actual_period_prediction,
2026-07-26 18:00:00,22771.732421875,22496.5,actual_period_prediction,
2026-07-26 19:00:00,24079.36328125,23662.0,actual_period_prediction,
2026-07-26 20:00:00,24493.240234375,23894.0,actual_period_prediction,
2026-07-26 21:00:00,24445.509765625,23385.0,actual_period_prediction,
2026-07-26 22:00:00,23055.462890625,22285.0,actual_period_prediction,
2026-07-26 23:00:00,22355.322265625,20546.5,actual_period_prediction,
2026-07-27 00:00:00,20764.4921875,20519.5,actual_period_prediction,
2026-07-27 01:00:00,20148.84765625,20115.5,actual_period_prediction,
2026-07-27 02:00:00,19891.6640625,19553.0,actual_period_prediction,
2026-07-27 03:00:00,19295.15234375,18692.5,actual_period_prediction,
2026-07-27 04:00:00,19074.662109375,18422.5,actual_period_prediction,
2026-07-27 05:00:00,18744.72265625,18358.5,actual_period_prediction,
2026-07-27 06:00:00,20522.56640625,20474.5,actual_period_prediction,
2026-07-27 07:00:00,23178.544921875,22145.5,actual_period_prediction,
2026-07-27 08:00:00,22986.892578125,22686.5,actual_period_prediction,
2026-07-27 09:00:00,21771.5390625,22878.5,actual_period_prediction,
2026-07-27 10:00:00,21395.748046875,22710.0,actual_period_prediction,
2026-07-27 11:00:00,21810.3984375,21540.5,actual_period_prediction,
2026-07-27 12:00:00,21969.453125,20268.5,actual_period_prediction,
2026-07-27 13:00:00,21963.892578125,19173.0,actual_period_prediction,
2026-07-27 14:00:00,22018.162109375,18858.0,actual_period_prediction,
2026-07-27 15:00:00,22339.427734375,19318.5,actual_period_prediction,
2026-07-27 16:00:00,23785.8828125,21333.5,actual_period_prediction,
2026-07-27 17:00:00,25282.177734375,24509.0,actual_period_prediction,
2026-07-27 18:00:00,26150.56640625,26535.5,actual_period_prediction,
2026-07-27 19:00:00,26770.076171875,28181.5,actual_period_prediction,
2026-07-27 20:00:00,26428.181640625,28022.5,actual_period_prediction,
2026-07-27 21:00:00,25811.1328125,27118.5,actual_period_prediction,
2026-07-27 22:00:00,24932.025390625,25130.0,actual_period_prediction,
2026-07-27 23:00:00,23704.166015625,23273.5,actual_period_prediction,
2026-07-28 00:00:00,21799.166015625,22473.0,actual_period_prediction,
2026-07-28 01:00:00,21431.0859375,21865.0,actual_period_prediction,
2026-07-28 02:00:00,21674.865234375,21117.0,actual_period_prediction,
2026-07-28 03:00:00,20873.767578125,19964.5,actual_period_prediction,
2026-07-28 04:00:00,20695.423828125,19405.0,actual_period_prediction,
2026-07-28 05:00:00,20668.841796875,18968.5,actual_period_prediction,
2026-07-28 06:00:00,21901.0703125,20864.0,actual_period_prediction,
2026-07-28 07:00:00,24120.806640625,23485.0,actual_period_prediction,
2026-07-28 08:00:00,24626.564453125,24721.5,actual_period_prediction,
2026-07-28 09:00:00,24133.119140625,24280.0,actual_period_prediction,
2026-07-28 10:00:00,23948.619140625,22417.0,actual_period_prediction,
2026-07-28 11:00:00,22972.232421875,21482.5,actual_period_prediction,
2026-07-28 12:00:00,21423.826171875,21398.0,actual_period_prediction,
2026-07-28 13:00:00,21854.849609375,21204.0,actual_period_prediction,
2026-07-28 14:00:00,21832.78125,21393.0,actual_period_prediction,
2026-07-28 15:00:00,22472.751953125,22099.0,actual_period_prediction,
2026-07-28 16:00:00,24282.529296875,24244.0,actual_period_prediction,
2026-07-28 17:00:00,25493.255859375,26331.5,actual_period_prediction,
2026-07-28 18:00:00,26750.541015625,27616.0,actual_period_prediction,
2026-07-28 19:00:00,28848.771484375,28290.0,actual_period_prediction,
2026-07-28 20:00:00,28701.7421875,27942.0,actual_period_prediction,
2026-07-28 21:00:00,28187.705078125,27800.5,actual_period_prediction,
2026-07-28 22:00:00,25517.63671875,26119.5,actual_period_prediction,
2026-07-28 23:00:00,24658.84375,24348.5,actual_period_prediction,
2026-07-29 00:00:00,23325.470703125,23211.0,actual_period_prediction,
2026-07-29 01:00:00,22846.0234375,22803.0,actual_period_prediction,
2026-07-29 02:00:00,22238.732421875,22200.0,actual_period_prediction,
2026-07-29 03:00:00,21485.466796875,21467.5,actual_period_prediction,
2026-07-29 04:00:00,20825.955078125,21299.5,actual_period_prediction,
2026-07-29 05:00:00,20850.4140625,20861.0,actual_period_prediction,
2026-07-29 06:00:00,22309.326171875,22626.0,actual_period_prediction,
2026-07-29 07:00:00,25219.53125,24703.0,actual_period_prediction,
2026-07-29 08:00:00,25750.650390625,25673.5,actual_period_prediction,
2026-07-29 09:00:00,25370.830078125,24373.0,actual_period_prediction,
2026-07-29 10:00:00,23672.21484375,22843.0,actual_period_prediction,
2026-07-29 11:00:00,22149.2421875,21926.5,actual_period_prediction,
2026-07-29 12:00:00,21643.2109375,22183.5,actual_period_prediction,
2026-07-29 13:00:00,21054.703125,22206.5,actual_period_prediction,
2026-07-29 14:00:00,21753.5859375,22127.5,actual_period_prediction,
2026-07-29 15:00:00,23599.333984375,22191.5,actual_period_prediction,
2026-07-29 16:00:00,23879.5703125,23881.5,actual_period_prediction,
2026-07-29 17:00:00,26685.1171875,26152.5,actual_period_prediction,
2026-07-29 18:00:00,27845.10546875,27660.0,actual_period_prediction,
2026-07-29 19:00:00,28215.650390625,28805.5,actual_period_prediction,
2026-07-29 20:00:00,28004.296875,28656.0,actual_period_prediction,
2026-07-29 21:00:00,27884.654296875,28952.0,actual_period_prediction,
2026-07-29 22:00:00,25944.9921875,26934.5,actual_period_prediction,
2026-07-29 23:00:00,24838.58984375,24692.0,actual_period_prediction,
2026-07-30 00:00:00,23992.53515625,23642.0,actual_period_prediction,
2026-07-30 01:00:00,23176.775390625,22860.5,actual_period_prediction,
2026-07-30 02:00:00,22874.443359375,22225.5,actual_period_prediction,
2026-07-30 03:00:00,21571.228515625,21199.5,actual_period_prediction,
2026-07-30 04:00:00,21308.494140625,20823.0,actual_period_prediction,
2026-07-30 05:00:00,21090.0546875,20600.0,actual_period_prediction,
2026-07-30 06:00:00,22243.515625,22390.5,actual_period_prediction,
2026-07-30 07:00:00,24934.560546875,24530.0,actual_period_prediction,
2026-07-30 08:00:00,25284.2265625,25016.0,actual_period_prediction,
2026-07-30 09:00:00,24359.849609375,24384.0,actual_period_prediction,
2026-07-30 10:00:00,23804.34375,23834.5,actual_period_prediction,
2026-07-30 11:00:00,22697.38671875,22941.0,actual_period_prediction,
2026-07-30 12:00:00,21155.99609375,22289.0,actual_period_prediction,
2026-07-30 13:00:00,20684.705078125,21542.5,actual_period_prediction,
2026-07-30 14:00:00,20422.759765625,21704.5,actual_period_prediction,
2026-07-30 15:00:00,20643.611328125,21647.5,actual_period_prediction,
2026-07-30 16:00:00,21038.064453125,22449.0,actual_period_prediction,
2026-07-30 17:00:00,24656.7265625,24400.5,actual_period_prediction,
2026-07-30 18:00:00,26085.337890625,26815.5,actual_period_prediction,
2026-07-30 19:00:00,28301.21875,27566.5,actual_period_prediction,
2026-07-30 20:00:00,27735.34375,27550.5,actual_period_prediction,
2026-07-30 21:00:00,27787.939453125,27344.0,actual_period_prediction,
2026-07-30 22:00:00,26963.78515625,25843.5,actual_period_prediction,
2026-07-30 23:00:00,24460.232421875,23786.0,actual_period_prediction,
2026-07-31 00:00:00,23890.275390625,22714.0,actual_period_prediction,
2026-07-31 01:00:00,22605.224609375,22074.0,actual_period_prediction,
2026-07-31 02:00:00,22254.6484375,21289.5,actual_period_prediction,
2026-07-31 03:00:00,21091.720703125,20616.0,actual_period_prediction,
2026-07-31 04:00:00,20268.6640625,20050.5,actual_period_prediction,
2026-07-31 05:00:00,20010.970703125,19671.5,actual_period_prediction,
2026-07-31 06:00:00,21888.39453125,21297.5,actual_period_prediction,
2026-07-31 07:00:00,24523.517578125,23322.0,actual_period_prediction,
2026-07-31 08:00:00,24488.90234375,23442.5,actual_period_prediction,
2026-07-31 09:00:00,23678.935546875,21427.5,actual_period_prediction,
2026-07-31 10:00:00,22119.87890625,19710.0,actual_period_prediction,
2026-07-31 11:00:00,21972.4140625,18853.5,actual_period_prediction,
2026-07-31 12:00:00,21286.259765625,18919.5,actual_period_prediction,
2026-07-31 13:00:00,20771.052734375,18070.5,actual_period_prediction,
2026-07-31 14:00:00,20581.84765625,17394.0,actual_period_prediction,
2026-07-31 15:00:00,20848.42578125,17686.5,actual_period_prediction,
2026-07-31 16:00:00,21301.748046875,18660.0,actual_period_prediction,
2026-07-31 17:00:00,21850.12109375,20817.5,actual_period_prediction,
2026-07-31 18:00:00,24801.794921875,23778.0,actual_period_prediction,
2026-07-31 19:00:00,25999.486328125,26225.0,actual_period_prediction,
2026-07-31 20:00:00,26388.21875,26301.5,actual_period_prediction,
2026-07-31 21:00:00,26644.61328125,25947.5,actual_period_prediction,
2026-07-31 22:00:00,25001.826171875,24240.0,actual_period_prediction,
2026-07-31 23:00:00,23572.39453125,22243.0,actual_period_prediction,
2026-08-01 00:00:00,22303.123046875,21362.0,actual_period_prediction,
2026-08-01 01:00:00,22030.638671875,20666.5,actual_period_prediction,
2026-08-01 02:00:00,20301.783203125,20015.0,actual_period_prediction,
2026-08-01 03:00:00,19619.13671875,19759.0,actual_period_prediction,
2026-08-01 04:00:00,18960.34765625,19000.5,actual_period_prediction,
2026-08-01 05:00:00,18596.357421875,18422.5,actual_period_prediction,
2026-08-01 06:00:00,18982.966796875,18967.5,actual_period_prediction,
2026-08-01 07:00:00,20256.498046875,19160.5,actual_period_prediction,
2026-08-01 08:00:00,20707.490234375,18396.0,actual_period_prediction,
2026-08-01 09:00:00,19666.400390625,16980.0,actual_period_prediction,
2026-08-01 10:00:00,19477.515625,15984.0,actual_period_prediction,
2026-08-01 11:00:00,18519.60546875,15673.0,actual_period_prediction,
2026-08-01 12:00:00,17554.5234375,15205.5,actual_period_prediction,
2026-08-01 13:00:00,17493.78125,14477.0,actual_period_prediction,
2026-08-01 14:00:00,17126.79296875,14115.0,actual_period_prediction,
2026-08-01 15:00:00,17353.1875,14305.0,actual_period_prediction,
2026-08-01 16:00:00,18630.25390625,16050.5,actual_period_prediction,
2026-08-01 17:00:00,21178.658203125,19107.5,actual_period_prediction,
2026-08-01 18:00:00,22714.6796875,21583.5,actual_period_prediction,
2026-08-01 19:00:00,24799.904296875,23139.5,actual_period_prediction,
2026-08-01 20:00:00,25722.86328125,24068.0,actual_period_prediction,
2026-08-01 21:00:00,25307.4296875,23780.5,actual_period_prediction,
2026-08-01 22:00:00,23699.39453125,23159.5,actual_period_prediction,
2026-08-01 23:00:00,22758.828125,21652.0,actual_period_prediction,
2026-08-02 00:00:00,21633.5546875,21029.0,actual_period_prediction,
2026-08-02 01:00:00,20726.478515625,20326.5,actual_period_prediction,
2026-08-02 02:00:00,19543.599609375,19592.5,actual_period_prediction,
2026-08-02 03:00:00,18975.408203125,18694.0,actual_period_prediction,
2026-08-02 04:00:00,18195.435546875,18202.0,actual_period_prediction,
2026-08-02 05:00:00,18211.35546875,17727.5,actual_period_prediction,
2026-08-02 06:00:00,18062.7265625,17597.5,actual_period_prediction,
2026-08-02 07:00:00,18165.20703125,17463.0,actual_period_prediction,
2026-08-02 08:00:00,18723.615234375,17138.0,actual_period_prediction,
2026-08-02 09:00:00,18804.51953125,16513.0,actual_period_prediction,
2026-08-02 10:00:00,18980.357421875,15497.0,actual_period_prediction,
2026-08-02 11:00:00,18701.810546875,15024.0,actual_period_prediction,
2026-08-02 12:00:00,18160.140625,14874.0,actual_period_prediction,
2026-08-02 13:00:00,17900.9453125,15134.0,actual_period_prediction,
2026-08-02 14:00:00,17771.693359375,15551.5,actual_period_prediction,
2026-08-02 15:00:00,18288.654296875,16767.5,actual_period_prediction,
2026-08-02 16:00:00,20268.69140625,19394.0,actual_period_prediction,
2026-08-02 17:00:00,22866.091796875,22208.5,actual_period_prediction,
2026-08-02 18:00:00,24659.94140625,24203.5,actual_period_prediction,
2026-08-02 19:00:00,25854.435546875,24996.0,actual_period_prediction,
2026-08-02 20:00:00,25027.4140625,25226.5,actual_period_prediction,
2026-08-02 21:00:00,24259.654296875,25172.5,actual_period_prediction,
2026-08-02 22:00:00,23370.337890625,23857.5,actual_period_prediction,
2026-08-02 23:00:00,22138.0625,22370.5,actual_period_prediction,
2026-08-03 00:00:00,21827.546875,21465.0,actual_period_prediction,
2026-08-03 01:00:00,20897.4140625,21116.5,actual_period_prediction,
2026-08-03 02:00:00,20335.966796875,20317.5,actual_period_prediction,
2026-08-03 03:00:00,19421.826171875,19575.0,actual_period_prediction,
2026-08-03 04:00:00,19023.853515625,18750.5,actual_period_prediction,
2026-08-03 05:00:00,18648.126953125,18677.5,actual_period_prediction,
2026-08-03 06:00:00,19712.17578125,20303.5,actual_period_prediction,
2026-08-03 07:00:00,21783.23046875,22710.0,actual_period_prediction,
2026-08-03 08:00:00,22834.728515625,23412.5,actual_period_prediction,
2026-08-03 09:00:00,22914.474609375,22199.5,actual_period_prediction,
2026-08-03 10:00:00,22587.73046875,20092.5,actual_period_prediction,
2026-08-03 11:00:00,22162.302734375,19415.5,actual_period_prediction,
2026-08-03 12:00:00,21212.296875,19262.0,actual_period_prediction,
2026-08-03 13:00:00,20379.76171875,19698.0,actual_period_prediction,
2026-08-03 14:00:00,20676.73828125,20118.5,actual_period_prediction,
2026-08-03 15:00:00,21005.26953125,21296.5,actual_period_prediction,
2026-08-03 16:00:00,22551.646484375,23213.0,actual_period_prediction,
2026-08-03 17:00:00,25984.494140625,26227.5,actual_period_prediction,
2026-08-03 18:00:00,26887.71484375,28008.5,actual_period_prediction,
2026-08-03 19:00:00,27773.92578125,28307.5,actual_period_prediction,
2026-08-03 20:00:00,27301.23828125,27874.0,actual_period_prediction,
2026-08-03 21:00:00,26618.529296875,27340.0,actual_period_prediction,
2026-08-03 22:00:00,25505.046875,25241.5,actual_period_prediction,
2026-08-03 23:00:00,24152.146484375,23110.0,actual_period_prediction,
2026-08-04 00:00:00,21975.28125,22298.0,actual_period_prediction,
2026-08-04 01:00:00,22670.02734375,22412.0,actual_period_prediction,
2026-08-04 02:00:00,21520.4453125,21835.0,actual_period_prediction,
2026-08-04 03:00:00,20680.287109375,20541.5,actual_period_prediction,
2026-08-04 04:00:00,20027.24609375,19918.0,actual_period_prediction,
2026-08-04 05:00:00,19651.4375,19759.0,actual_period_prediction,
2026-08-04 06:00:00,21291.677734375,21427.0,actual_period_prediction,
2026-08-04 07:00:00,24157.21484375,24265.5,actual_period_prediction,
2026-08-04 08:00:00,24037.181640625,25685.5,actual_period_prediction,
2026-08-04 09:00:00,23662.3828125,25695.0,actual_period_prediction,
2026-08-04 10:00:00,22700.408203125,25287.0,actual_period_prediction,
2026-08-04 11:00:00,23428.90625,24729.5,actual_period_prediction,
2026-08-04 12:00:00,22559.40625,24174.5,actual_period_prediction,
2026-08-04 13:00:00,21217.529296875,23823.0,actual_period_prediction,
2026-08-04 14:00:00,21438.068359375,23668.0,actual_period_prediction,
2026-08-04 15:00:00,21686.150390625,23855.5,actual_period_prediction,
2026-08-04 16:00:00,23057.73046875,24475.0,actual_period_prediction,
2026-08-04 17:00:00,26276.25390625,25980.0,actual_period_prediction,
2026-08-04 18:00:00,28471.21484375,27644.5,actual_period_prediction,
2026-08-04 19:00:00,28379.8203125,27902.0,actual_period_prediction,
2026-08-04 20:00:00,27942.861328125,27646.5,actual_period_prediction,
2026-08-04 21:00:00,27903.470703125,27347.0,actual_period_prediction,
2026-08-04 22:00:00,25105.791015625,25522.0,actual_period_prediction,
2026-08-04 23:00:00,23960.8125,22562.0,actual_period_prediction,
2026-08-05 00:00:00,22425.24609375,21131.0,actual_period_prediction,
2026-08-05 01:00:00,22186.3125,20756.5,actual_period_prediction,
2026-08-05 02:00:00,21406.037109375,20368.0,actual_period_prediction,
2026-08-05 03:00:00,20547.677734375,19510.5,actual_period_prediction,
2026-08-05 04:00:00,20194.78125,19146.0,actual_period_prediction,
2026-08-05 05:00:00,20034.35546875,19070.5,actual_period_prediction,
2026-08-05 06:00:00,21430.279296875,20970.5,actual_period_prediction,
2026-08-05 07:00:00,24222.783203125,22840.5,actual_period_prediction,
2026-08-05 08:00:00,24357.337890625,23217.5,actual_period_prediction,
2026-08-05 09:00:00,23852.375,22625.0,actual_period_prediction,
2026-08-05 10:00:00,23011.435546875,21305.5,actual_period_prediction,
2026-08-05 11:00:00,20133.384765625,20080.5,actual_period_prediction,
2026-08-05 12:00:00,19737.75390625,19483.5,actual_period_prediction,
2026-08-05 13:00:00,19479.486328125,18143.0,actual_period_prediction,
2026-08-05 14:00:00,19748.189453125,17535.0,actual_period_prediction,
2026-08-05 15:00:00,20263.81640625,17516.5,actual_period_prediction,
2026-08-05 16:00:00,22390.8046875,18423.0,actual_period_prediction,
2026-08-05 17:00:00,24518.296875,20927.0,actual_period_prediction,
2026-08-05 18:00:00,26066.689453125,22964.5,actual_period_prediction,
2026-08-05 19:00:00,26634.44140625,24281.0,actual_period_prediction,
2026-08-05 20:00:00,26093.951171875,24475.5,actual_period_prediction,
2026-08-05 21:00:00,25986.42578125,24476.0,actual_period_prediction,
2026-08-05 22:00:00,24816.244140625,22758.0,actual_period_prediction,
2026-08-05 23:00:00,22725.57421875,20662.0,actual_period_prediction,
2026-08-06 00:00:00,21033.083984375,19767.0,actual_period_prediction,
2026-08-06 01:00:00,20614.953125,19245.0,actual_period_prediction,
2026-08-06 02:00:00,20216.11328125,18670.0,actual_period_prediction,
2026-08-06 03:00:00,19483.658203125,18113.0,actual_period_prediction,
2026-08-06 04:00:00,19235.4921875,18054.0,actual_period_prediction,
2026-08-06 05:00:00,19037.998046875,18237.0,actual_period_prediction,
2026-08-06 06:00:00,21053.447265625,19953.5,actual_period_prediction,
2026-08-06 07:00:00,23779.720703125,22099.0,actual_period_prediction,
2026-08-06 08:00:00,24184.478515625,22833.5,actual_period_prediction,
2026-08-06 09:00:00,23484.240234375,22137.0,actual_period_prediction,
2026-08-06 10:00:00,22445.35546875,21516.5,actual_period_prediction,
2026-08-06 11:00:00,21096.380859375,21858.0,actual_period_prediction,
2026-08-06 12:00:00,21490.05078125,21938.5,actual_period_prediction,
2026-08-06 13:00:00,21759.783203125,21598.5,actual_period_prediction,
2026-08-06 14:00:00,21515.203125,21047.0,actual_period_prediction,
2026-08-06 15:00:00,21611.673828125,21163.5,actual_period_prediction,
2026-08-06 16:00:00,23176.98046875,22367.5,actual_period_prediction,
2026-08-06 17:00:00,24288.876953125,25223.5,actual_period_prediction,
2026-08-06 18:00:00,24833.392578125,27326.5,actual_period_prediction,
2026-08-06 19:00:00,26190.1171875,28364.0,actual_period_prediction,
2026-08-06 20:00:00,26444.482421875,27589.5,actual_period_prediction,
2026-08-06 21:00:00,26094.474609375,26737.5,actual_period_prediction,
2026-08-06 22:00:00,24212.2109375,24465.0,actual_period_prediction,
2026-08-06 23:00:00,22977.36328125,22420.5,actual_period_prediction,
2026-08-07 00:00:00,21637.18359375,21711.5,actual_period_prediction,
2026-08-07 01:00:00,21300.755859375,21254.0,actual_period_prediction,
2026-08-07 02:00:00,20811.09375,20218.0,actual_period_prediction,
2026-08-07 03:00:00,20276.935546875,19342.0,actual_period_prediction,
2026-08-07 04:00:00,20017.166015625,18571.0,actual_period_prediction,
2026-08-07 05:00:00,19935.814453125,18519.5,actual_period_prediction,
2026-08-07 06:00:00,21064.19140625,19893.0,actual_period_prediction,
2026-08-07 07:00:00,23232.814453125,21883.0,actual_period_prediction,
2026-08-07 08:00:00,23430.654296875,21410.5,actual_period_prediction,
2026-08-07 09:00:00,23169.02734375,20014.0,actual_period_prediction,
2026-08-07 10:00:00,20837.19921875,18520.5,actual_period_prediction,
2026-08-07 11:00:00,20798.2109375,17277.5,actual_period_prediction,
2026-08-07 12:00:00,20737.11328125,17064.5,actual_period_prediction,
2026-08-07 13:00:00,20342.4609375,16548.5,actual_period_prediction,
2026-08-07 14:00:00,19374.490234375,16489.5,actual_period_prediction,
2026-08-07 15:00:00,19339.1875,16595.5,actual_period_prediction,
2026-08-07 16:00:00,22561.84765625,18254.0,actual_period_prediction,
2026-08-07 17:00:00,23962.73046875,21206.5,actual_period_prediction,
2026-08-07 18:00:00,26150.697265625,23917.5,actual_period_prediction,
2026-08-07 19:00:00,27189.462890625,25652.5,actual_period_prediction,
2026-08-07 20:00:00,26932.556640625,25447.0,actual_period_prediction,
2026-08-07 21:00:00,26478.810546875,24881.0,actual_period_prediction,
2026-08-07 22:00:00,24392.677734375,24018.0,actual_period_prediction,
2026-08-07 23:00:00,22839.185546875,22324.0,actual_period_prediction,
2026-08-08 00:00:00,21484.2578125,21087.0,actual_period_prediction,
2026-08-08 01:00:00,20888.623046875,20434.5,actual_period_prediction,
2026-08-08 02:00:00,19754.001953125,19682.5,actual_period_prediction,
2026-08-08 03:00:00,19066.908203125,18670.0,actual_period_prediction,
2026-08-08 04:00:00,18341.505859375,18162.5,actual_period_prediction,
2026-08-08 05:00:00,17939.623046875,17781.5,actual_period_prediction,
2026-08-08 06:00:00,18587.5625,18533.5,actual_period_prediction,
2026-08-08 07:00:00,19442.587890625,18815.0,actual_period_prediction,
2026-08-08 08:00:00,18962.30859375,18196.5,actual_period_prediction,
2026-08-08 09:00:00,19054.05859375,17164.0,actual_period_prediction,
2026-08-08 10:00:00,18864.79296875,15894.0,actual_period_prediction,
2026-08-08 11:00:00,17488.880859375,14432.0,actual_period_prediction,
2026-08-08 12:00:00,16565.595703125,13639.5,actual_period_prediction,
2026-08-08 13:00:00,16189.1650390625,13294.5,actual_period_prediction,
2026-08-08 14:00:00,16022.521484375,13462.5,actual_period_prediction,
2026-08-08 15:00:00,16641.7265625,14248.0,actual_period_prediction,
2026-08-08 16:00:00,18105.578125,17426.5,actual_period_prediction,
2026-08-08 17:00:00,21169.560546875,21208.5,actual_period_prediction,
2026-08-08 18:00:00,23931.1328125,23572.5,actual_period_prediction,
2026-08-08 19:00:00,24696.28125,24240.0,actual_period_prediction,
2026-08-08 20:00:00,24772.708984375,24576.5,actual_period_prediction,
2026-08-08 21:00:00,24546.533203125,24526.0,actual_period_prediction,
2026-08-08 22:00:00,23716.97265625,23310.0,actual_period_prediction,
2026-08-08 23:00:00,22921.662109375,21836.0,actual_period_prediction,
2026-08-09 00:00:00,21437.22265625,21147.0,actual_period_prediction,
2026-08-09 01:00:00,20378.73828125,20345.0,actual_period_prediction,
2026-08-09 02:00:00,19527.05859375,19264.5,actual_period_prediction,
2026-08-09 03:00:00,18619.8359375,18103.5,actual_period_prediction,
2026-08-09 04:00:00,17849.658203125,17993.5,actual_period_prediction,
2026-08-09 05:00:00,17459.30078125,17600.0,actual_period_prediction,
2026-08-09 06:00:00,17714.6640625,17877.5,actual_period_prediction,
2026-08-09 07:00:00,17918.828125,17673.0,actual_period_prediction,
2026-08-09 08:00:00,18125.732421875,17393.0,actual_period_prediction,
2026-08-09 09:00:00,18512.740234375,17078.0,actual_period_prediction,
2026-08-09 10:00:00,18821.248046875,16127.0,actual_period_prediction,
2026-08-09 11:00:00,18645.95703125,15274.5,actual_period_prediction,
2026-08-09 12:00:00,18196.173828125,15186.5,actual_period_prediction,
2026-08-09 13:00:00,18587.318359375,14988.0,actual_period_prediction,
2026-08-09 14:00:00,17396.90625,14889.5,actual_period_prediction,
2026-08-09 15:00:00,18250.923828125,16123.5,actual_period_prediction,
2026-08-09 16:00:00,20638.525390625,18833.5,actual_period_prediction,
2026-08-09 17:00:00,22340.845703125,21983.0,actual_period_prediction,
2026-08-09 18:00:00,23258.185546875,24328.0,actual_period_prediction,
2026-08-09 19:00:00,24529.966796875,25258.0,actual_period_prediction,
2026-08-09 20:00:00,25611.201171875,25461.0,actual_period_prediction,
2026-08-09 21:00:00,25045.7109375,25344.0,actual_period_prediction,
2026-08-09 22:00:00,23557.41015625,23761.5,actual_period_prediction,
2026-08-09 23:00:00,21724.306640625,21912.5,actual_period_prediction,
2026-08-10 00:00:00,21472.328125,21486.5,actual_period_prediction,
2026-08-10 01:00:00,20922.869140625,20928.0,actual_period_prediction,
2026-08-10 02:00:00,20348.220703125,20623.5,actual_period_prediction,
2026-08-10 03:00:00,20223.515625,19186.0,actual_period_prediction,
2026-08-10 04:00:00,19931.24609375,18699.5,actual_period_prediction,
2026-08-10 05:00:00,20042.2421875,18851.5,actual_period_prediction,
2026-08-10 06:00:00,21223.849609375,20387.0,actual_period_prediction,
2026-08-10 07:00:00,22915.83203125,22644.5,actual_period_prediction,
2026-08-10 08:00:00,23010.908203125,23669.0,actual_period_prediction,
2026-08-10 09:00:00,22318.142578125,22581.0,actual_period_prediction,
2026-08-10 10:00:00,21354.71484375,20638.0,actual_period_prediction,
2026-08-10 11:00:00,21196.48828125,19188.5,actual_period_prediction,
2026-08-10 12:00:00,20163.611328125,18574.0,actual_period_prediction,
2026-08-10 13:00:00,19665.79296875,18026.0,actual_period_prediction,
2026-08-10 14:00:00,19465.265625,18371.5,actual_period_prediction,
2026-08-10 15:00:00,20531.2578125,19543.0,actual_period_prediction,
2026-08-10 16:00:00,23356.22265625,21835.5,actual_period_prediction,
2026-08-10 17:00:00,25779.404296875,24839.5,actual_period_prediction,
2026-08-10 18:00:00,27194.42578125,27026.0,actual_period_prediction,
2026-08-10 19:00:00,27548.953125,28557.5,actual_period_prediction,
2026-08-10 20:00:00,27692.126953125,28273.5,actual_period_prediction,
2026-08-10 21:00:00,27120.279296875,27473.0,actual_period_prediction,
2026-08-10 22:00:00,25445.974609375,25269.0,actual_period_prediction,
2026-08-10 23:00:00,23699.865234375,23264.0,actual_period_prediction,
2026-08-11 00:00:00,21992.166015625,22379.5,actual_period_prediction,
2026-08-11 01:00:00,21840.732421875,21636.0,actual_period_prediction,
2026-08-11 02:00:00,21561.15234375,21007.5,actual_period_prediction,
2026-08-11 03:00:00,20406.9609375,19813.5,actual_period_prediction,
2026-08-11 04:00:00,20181.55859375,19499.0,actual_period_prediction,
2026-08-11 05:00:00,20269.669921875,19550.5,actual_period_prediction,
2026-08-11 06:00:00,21448.3515625,21665.0,actual_period_prediction,
2026-08-11 07:00:00,24023.548828125,23501.5,actual_period_prediction,
2026-08-11 08:00:00,24857.822265625,23528.5,actual_period_prediction,
2026-08-11 09:00:00,24286.400390625,21788.5,actual_period_prediction,
2026-08-11 10:00:00,23205.234375,19614.5,actual_period_prediction,
2026-08-11 11:00:00,20803.408203125,18405.0,actual_period_prediction,
2026-08-11 12:00:00,20075.150390625,17566.5,actual_period_prediction,
2026-08-11 13:00:00,20187.619140625,17227.5,actual_period_prediction,
2026-08-11 14:00:00,20392.701171875,17452.5,actual_period_prediction,
2026-08-11 15:00:00,20489.33984375,18781.5,actual_period_prediction,
2026-08-11 16:00:00,22413.6875,20995.0,actual_period_prediction,
2026-08-11 17:00:00,26001.87109375,23727.0,actual_period_prediction,
2026-08-11 18:00:00,28271.169921875,26199.0,actual_period_prediction,
2026-08-11 19:00:00,29193.958984375,27709.0,actual_period_prediction,
2026-08-11 20:00:00,28950.634765625,27825.0,actual_period_prediction,
2026-08-11 21:00:00,28170.412109375,27583.5,actual_period_prediction,
2026-08-11 22:00:00,25818.20703125,25333.5,actual_period_prediction,
2026-08-11 23:00:00,24409.333984375,23159.0,actual_period_prediction,
2026-08-12 00:00:00,22645.103515625,22271.5,actual_period_prediction,
2026-08-12 01:00:00,21845.45703125,21299.0,actual_period_prediction,
2026-08-12 02:00:00,21464.046875,20922.5,actual_period_prediction,
2026-08-12 03:00:00,20499.419921875,20013.5,actual_period_prediction,
2026-08-12 04:00:00,20078.60546875,19539.5,actual_period_prediction,
2026-08-12 05:00:00,19853.83984375,19714.0,actual_period_prediction,
2026-08-12 06:00:00,21561.751953125,21701.0,actual_period_prediction,
2026-08-12 07:00:00,24233.357421875,23745.5,actual_period_prediction,
2026-08-12 08:00:00,24289.8515625,24054.0,actual_period_prediction,
2026-08-12 09:00:00,23257.599609375,22648.5,actual_period_prediction,
2026-08-12 10:00:00,22006.861328125,20832.0,actual_period_prediction,
2026-08-12 11:00:00,20586.896484375,19667.5,actual_period_prediction,
2026-08-12 12:00:00,20915.234375,19433.0,actual_period_prediction,
2026-08-12 13:00:00,20422.4140625,19306.0,actual_period_prediction,
2026-08-12 14:00:00,20424.72265625,19599.0,actual_period_prediction,
2026-08-12 15:00:00,20992.9453125,20723.5,actual_period_prediction,
2026-08-12 16:00:00,23027.869140625,23442.5,actual_period_prediction,
2026-08-12 17:00:00,23944.251953125,26147.5,actual_period_prediction,
2026-08-12 18:00:00,26939.048828125,28041.5,actual_period_prediction,
2026-08-12 19:00:00,27934.958984375,29187.0,actual_period_prediction,
2026-08-12 20:00:00,28453.029296875,29702.5,actual_period_prediction,
2026-08-12 21:00:00,28029.779296875,29326.5,actual_period_prediction,
2026-08-12 22:00:00,25892.12890625,27048.5,actual_period_prediction,
2026-08-12 23:00:00,24506.94921875,25001.0,actual_period_prediction,
2026-08-13 00:00:00,23271.15625,23920.0,actual_period_prediction,
2026-08-13 01:00:00,21951.423828125,23574.0,actual_period_prediction,
2026-08-13 02:00:00,21767.330078125,22316.5,actual_period_prediction,
2026-08-13 03:00:00,20580.203125,21407.0,actual_period_prediction,
2026-08-13 04:00:00,20250.8671875,20813.5,actual_period_prediction,
2026-08-13 05:00:00,20026.1015625,20929.5,actual_period_prediction,
2026-08-13 06:00:00,21642.662109375,22472.5,actual_period_prediction,
2026-08-13 07:00:00,24296.671875,24970.0,actual_period_prediction,
2026-08-13 08:00:00,24402.51171875,25453.5,actual_period_prediction,
2026-08-13 09:00:00,23942.705078125,24266.0,actual_period_prediction,
2026-08-13 10:00:00,22511.931640625,22937.5,actual_period_prediction,
2026-08-13 11:00:00,21648.5,21604.5,actual_period_prediction,
2026-08-13 12:00:00,20991.341796875,21491.5,actual_period_prediction,
2026-08-13 13:00:00,21329.177734375,21437.5,actual_period_prediction,
2026-08-13 14:00:00,21221.734375,22242.0,actual_period_prediction,
2026-08-13 15:00:00,21767.53515625,23139.0,actual_period_prediction,
2026-08-13 16:00:00,23241.0546875,25385.5,actual_period_prediction,
2026-08-13 17:00:00,25858.3203125,27680.0,actual_period_prediction,
2026-08-13 18:00:00,27457.048828125,29108.0,actual_period_prediction,
2026-08-13 19:00:00,29138.296875,30133.0,actual_period_prediction,
2026-08-13 20:00:00,29988.2890625,30333.0,actual_period_prediction,
2026-08-13 21:00:00,28630.78125,30341.5,actual_period_prediction,
2026-08-13 22:00:00,27778.970703125,28313.5,actual_period_prediction,
2026-08-13 23:00:00,25821.0078125,25536.0,actual_period_prediction,
2026-08-14 00:00:00,24555.4609375,24929.0,actual_period_prediction,
2026-08-14 01:00:00,24053.7578125,24051.0,actual_period_prediction,
2026-08-14 02:00:00,23048.1484375,23548.5,actual_period_prediction,
2026-08-14 03:00:00,21912.6015625,22163.5,actual_period_prediction,
2026-08-14 04:00:00,20990.396484375,21513.5,actual_period_prediction,
2026-08-14 05:00:00,21757.5234375,21447.0,actual_period_prediction,
2026-08-14 06:00:00,23252.921875,23004.0,actual_period_prediction,
2026-08-14 07:00:00,25210.427734375,25517.0,actual_period_prediction,
2026-08-14 08:00:00,25502.283203125,26181.0,actual_period_prediction,
2026-08-14 09:00:00,24021.123046875,25241.5,actual_period_prediction,
2026-08-14 10:00:00,23625.26953125,23345.5,actual_period_prediction,
2026-08-14 11:00:00,22280.7421875,22179.5,actual_period_prediction,
2026-08-14 12:00:00,22206.455078125,21541.5,actual_period_prediction,
2026-08-14 13:00:00,22322.25390625,21533.0,actual_period_prediction,
2026-08-14 14:00:00,23039.662109375,21650.0,actual_period_prediction,
2026-08-14 15:00:00,23104.3984375,22529.5,actual_period_prediction,
2026-08-14 16:00:00,21942.47265625,24135.5,actual_period_prediction,
2026-08-14 17:00:00,24545.4140625,26417.0,actual_period_prediction,
2026-08-14 18:00:00,26939.732421875,28092.0,actual_period_prediction,
2026-08-14 19:00:00,28648.7734375,29083.0,actual_period_prediction,
2026-08-14 20:00:00,28384.310546875,28593.0,actual_period_prediction,
2026-08-14 21:00:00,28535.880859375,28561.5,actual_period_prediction,
2026-08-14 22:00:00,26342.916015625,26818.0,actual_period_prediction,
2026-08-14 23:00:00,24517.767578125,24637.0,actual_period_prediction,
2026-08-15 00:00:00,23138.1796875,23202.5,actual_period_prediction,
2026-08-15 01:00:00,22130.705078125,22509.5,actual_period_prediction,
2026-08-15 02:00:00,21362.42578125,21149.5,actual_period_prediction,
2026-08-15 03:00:00,20529.9453125,20641.0,actual_period_prediction,
2026-08-15 04:00:00,19163.76953125,19753.0,actual_period_prediction,
2026-08-15 05:00:00,18611.208984375,19520.0,actual_period_prediction,
2026-08-15 06:00:00,19785.205078125,20044.0,actual_period_prediction,
2026-08-15 07:00:00,20290.32421875,21212.5,actual_period_prediction,
2026-08-15 08:00:00,20503.24609375,21259.0,actual_period_prediction,
2026-08-15 09:00:00,20808.923828125,20775.0,actual_period_prediction,
2026-08-15 10:00:00,20354.859375,19840.5,actual_period_prediction,
2026-08-15 11:00:00,19074.5546875,18774.5,actual_period_prediction,
2026-08-15 12:00:00,18492.2890625,18097.0,actual_period_prediction,
2026-08-15 13:00:00,18290.330078125,17112.5,actual_period_prediction,
2026-08-15 14:00:00,18395.248046875,16920.5,actual_period_prediction,
2026-08-15 15:00:00,19156.87109375,18072.5,actual_period_prediction,
2026-08-15 16:00:00,21209.71875,19809.5,actual_period_prediction,
2026-08-15 17:00:00,24277.60546875,22346.0,actual_period_prediction,
2026-08-15 18:00:00,25386.986328125,24396.5,actual_period_prediction,
2026-08-15 19:00:00,26045.435546875,25380.5,actual_period_prediction,
2026-08-15 20:00:00,26519.9921875,25789.5,actual_period_prediction,
2026-08-15 21:00:00,26442.541015625,25462.5,actual_period_prediction,
2026-08-15 22:00:00,24586.111328125,24071.0,actual_period_prediction,
2026-08-15 23:00:00,23489.49609375,22534.5,actual_period_prediction,
2026-08-16 00:00:00,22274.1171875,21875.5,actual_period_prediction,
2026-08-16 01:00:00,21379.10546875,21459.5,actual_period_prediction,
2026-08-16 02:00:00,19757.201171875,20399.0,actual_period_prediction,
2026-08-16 03:00:00,18909.333984375,19160.0,actual_period_prediction,
2026-08-16 04:00:00,18312.634765625,18813.0,actual_period_prediction,
2026-08-16 05:00:00,18230.59765625,18381.5,actual_period_prediction,
2026-08-16 06:00:00,18568.48828125,18598.5,actual_period_prediction,
2026-08-16 07:00:00,19054.626953125,19520.5,actual_period_prediction,
2026-08-16 08:00:00,19704.03125,20341.0,actual_period_prediction,
2026-08-16 09:00:00,19253.451171875,20454.0,actual_period_prediction,
2026-08-16 10:00:00,19476.154296875,19956.5,actual_period_prediction,
2026-08-16 11:00:00,20709.916015625,19446.0,actual_period_prediction,
2026-08-16 12:00:00,20811.775390625,18930.0,actual_period_prediction,
2026-08-16 13:00:00,20743.833984375,18021.0,actual_period_prediction,
2026-08-16 14:00:00,18663.751953125,18168.0,actual_period_prediction,
2026-08-16 15:00:00,19110.6875,19575.0,actual_period_prediction,
2026-08-16 16:00:00,22396.234375,21948.5,actual_period_prediction,
2026-08-16 17:00:00,24760.794921875,23996.5,actual_period_prediction,
2026-08-16 18:00:00,25616.591796875,26291.0,actual_period_prediction,
2026-08-16 19:00:00,26392.1796875,26482.5,actual_period_prediction,
2026-08-16 20:00:00,25925.353515625,25998.0,actual_period_prediction,
2026-08-16 21:00:00,25737.396484375,25469.5,actual_period_prediction,
2026-08-16 22:00:00,24335.19140625,23963.0,actual_period_prediction,
2026-08-16 23:00:00,23004.369140625,22223.5,actual_period_prediction,
2026-08-17 00:00:00,23017.841796875,21743.0,actual_period_prediction,
2026-08-17 01:00:00,21969.724609375,21352.0,actual_period_prediction,
2026-08-17 02:00:00,20953.228515625,21134.5,actual_period_prediction,
2026-08-17 03:00:00,20545.14453125,20487.5,actual_period_prediction,
2026-08-17 04:00:00,20283.37109375,19755.0,actual_period_prediction,
2026-08-17 05:00:00,20269.0546875,19715.5,actual_period_prediction,
2026-08-17 06:00:00,21603.1875,21056.5,actual_period_prediction,
2026-08-17 07:00:00,23981.634765625,24422.0,actual_period_prediction,
2026-08-17 08:00:00,24710.736328125,25641.0,actual_period_prediction,
2026-08-17 09:00:00,24247.4921875,26044.0,actual_period_prediction,
2026-08-17 10:00:00,23949.099609375,25518.0,actual_period_prediction,
2026-08-17 11:00:00,23912.875,25351.0,actual_period_prediction,
2026-08-17 12:00:00,24043.69140625,25235.5,actual_period_prediction,
2026-08-17 13:00:00,23967.29296875,24877.0,actual_period_prediction,
2026-08-17 14:00:00,23482.390625,24371.0,actual_period_prediction,
2026-08-17 15:00:00,24321.048828125,24681.0,actual_period_prediction,
2026-08-17 16:00:00,26782.70703125,26258.0,actual_period_prediction,
2026-08-17 17:00:00,26912.71484375,27972.0,actual_period_prediction,
2026-08-17 18:00:00,27524.162109375,28966.5,actual_period_prediction,
2026-08-17 19:00:00,27943.326171875,29104.0,actual_period_prediction,
2026-08-17 20:00:00,27495.15625,28868.0,actual_period_prediction,
2026-08-17 21:00:00,27103.677734375,27549.5,actual_period_prediction,
2026-08-17 22:00:00,25679.517578125,25471.0,actual_period_prediction,
2026-08-17 23:00:00,24221.037109375,23204.5,actual_period_prediction,
2026-08-18 00:00:00,22111.869140625,22289.5,actual_period_prediction,
2026-08-18 01:00:00,21576.818359375,21120.5,actual_period_prediction,
2026-08-18 02:00:00,21110.388671875,20851.0,actual_period_prediction,
2026-08-18 03:00:00,19640.580078125,19761.5,actual_period_prediction,
2026-08-18 04:00:00,19496.279296875,19269.5,actual_period_prediction,
2026-08-18 05:00:00,19914.474609375,19483.0,actual_period_prediction,
2026-08-18 06:00:00,21378.796875,21692.0,actual_period_prediction,
2026-08-18 07:00:00,23867.802734375,24349.5,actual_period_prediction,
2026-08-18 08:00:00,23657.431640625,25918.0,actual_period_prediction,
2026-08-18 09:00:00,24579.984375,25974.0,actual_period_prediction,
2026-08-18 10:00:00,24049.208984375,24990.0,actual_period_prediction,
2026-08-18 11:00:00,23632.06640625,24198.0,actual_period_prediction,
2026-08-18 12:00:00,23871.609375,24000.0,actual_period_prediction,
2026-08-18 13:00:00,23400.65234375,22898.5,actual_period_prediction,
2026-08-18 14:00:00,23697.693359375,22532.0,actual_period_prediction,
2026-08-18 15:00:00,24158.62109375,23026.0,actual_period_prediction,
2026-08-18 16:00:00,25347.3203125,24678.5,actual_period_prediction,
2026-08-18 17:00:00,26943.90625,26598.5,actual_period_prediction,
2026-08-18 18:00:00,28011.123046875,28084.0,actual_period_prediction,
2026-08-18 19:00:00,29512.716796875,28833.5,actual_period_prediction,
2026-08-18 20:00:00,29002.228515625,28354.0,actual_period_prediction,
2026-08-18 21:00:00,27838.05078125,27059.5,actual_period_prediction,
2026-08-18 22:00:00,25163.1484375,24935.5,actual_period_prediction,
2026-08-18 23:00:00,24000.603515625,22648.0,actual_period_prediction,
2026-08-19 00:00:00,22199.7734375,22416.5,actual_period_prediction,
2026-08-19 01:00:00,21114.849609375,22143.5,actual_period_prediction,
2026-08-19 02:00:00,21525.34375,21657.0,actual_period_prediction,
2026-08-19 03:00:00,20274.7265625,20840.5,actual_period_prediction,
2026-08-19 04:00:00,20237.0,20039.5,actual_period_prediction,
2026-08-19 05:00:00,20242.603515625,19892.0,actual_period_prediction,
2026-08-19 06:00:00,21370.1484375,21752.0,actual_period_prediction,
2026-08-19 07:00:00,24520.23828125,24412.5,actual_period_prediction,
2026-08-19 08:00:00,24978.892578125,25540.5,actual_period_prediction,
2026-08-19 09:00:00,24695.587890625,25723.5,actual_period_prediction,
2026-08-19 10:00:00,23632.802734375,24238.5,actual_period_prediction,
2026-08-19 11:00:00,23297.16015625,22951.5,actual_period_prediction,
2026-08-19 12:00:00,22763.259765625,22093.5,actual_period_prediction,
2026-08-19 13:00:00,23966.873046875,21901.5,actual_period_prediction,
2026-08-19 14:00:00,23045.5,21884.0,actual_period_prediction,
2026-08-19 15:00:00,24268.01953125,21577.0,actual_period_prediction,
2026-08-19 16:00:00,24038.810546875,22479.0,actual_period_prediction,
2026-08-19 17:00:00,26648.4609375,25409.0,actual_period_prediction,
2026-08-19 18:00:00,28093.658203125,27502.0,actual_period_prediction,
2026-08-19 19:00:00,28788.125,28579.0,actual_period_prediction,
2026-08-19 20:00:00,28394.302734375,28426.0,actual_period_prediction,
2026-08-19 21:00:00,27841.19140625,27177.5,actual_period_prediction,
2026-08-19 22:00:00,25642.171875,24385.0,actual_period_prediction,
2026-08-19 23:00:00,23533.3984375,22095.0,actual_period_prediction,
2026-08-20 00:00:00,22334.189453125,21365.0,actual_period_prediction,
2026-08-20 01:00:00,22505.34375,20807.0,actual_period_prediction,
2026-08-20 02:00:00,21625.689453125,20319.0,actual_period_prediction,
2026-08-20 03:00:00,20879.7421875,19355.0,actual_period_prediction,
2026-08-20 04:00:00,20476.333984375,19140.5,actual_period_prediction,
2026-08-20 05:00:00,20476.333984375,19138.0,actual_period_prediction,
2026-08-20 06:00:00,22165.572265625,21428.5,actual_period_prediction,
2026-08-20 07:00:00,24499.544921875,23947.0,actual_period_prediction,
2026-08-20 08:00:00,24703.560546875,24440.0,actual_period_prediction,
2026-08-20 09:00:00,24437.916015625,24126.5,actual_period_prediction,
2026-08-20 10:00:00,24181.1640625,23155.5,actual_period_prediction,
2026-08-20 11:00:00,22036.326171875,22558.0,actual_period_prediction,
2026-08-20 12:00:00,22059.70703125,22275.0,actual_period_prediction,
2026-08-20 13:00:00,21836.064453125,21778.5,actual_period_prediction,
2026-08-20 14:00:00,21159.96875,21971.0,actual_period_prediction,
2026-08-20 15:00:00,21550.3125,22741.5,actual_period_prediction,
2026-08-20 16:00:00,23629.859375,24159.0,actual_period_prediction,
2026-08-20 17:00:00,25557.974609375,26230.5,actual_period_prediction,
2026-08-20 18:00:00,27448.029296875,27550.0,actual_period_prediction,
2026-08-20 19:00:00,28269.787109375,28445.0,actual_period_prediction,
2026-08-20 20:00:00,28281.08984375,27469.0,actual_period_prediction,
2026-08-20 21:00:00,28036.69921875,26604.5,actual_period_prediction,
2026-08-20 22:00:00,25973.103515625,24635.0,actual_period_prediction,
2026-08-20 23:00:00,24053.6484375,23057.5,actual_period_prediction,
2026-08-21 00:00:00,23254.734375,22667.5,actual_period_prediction,
2026-08-21 01:00:00,22713.0625,21555.5,actual_period_prediction,
2026-08-21 02:00:00,22500.599609375,20384.0,actual_period_prediction,
2026-08-21 03:00:00,21078.56640625,19901.0,actual_period_prediction,
2026-08-21 04:00:00,20853.087890625,19404.0,actual_period_prediction,
2026-08-21 05:00:00,20666.013671875,19264.0,actual_period_prediction,
2026-08-21 06:00:00,22223.619140625,21143.5,actual_period_prediction,
2026-08-21 07:00:00,24623.4765625,23578.5,actual_period_prediction,
2026-08-21 08:00:00,25155.03125,23666.0,actual_period_prediction,
2026-08-21 09:00:00,24750.611328125,21836.0,actual_period_prediction,
2026-08-21 10:00:00,23611.25,20671.5,actual_period_prediction,
2026-08-21 11:00:00,22721.921875,20467.0,actual_period_prediction,
2026-08-21 12:00:00,22789.693359375,20875.0,actual_period_prediction,
2026-08-21 13:00:00,22829.900390625,20833.5,actual_period_prediction,
2026-08-21 14:00:00,24160.09765625,20877.5,actual_period_prediction,
2026-08-21 15:00:00,24551.533203125,21670.0,actual_period_prediction,
2026-08-21 16:00:00,24877.517578125,22889.5,actual_period_prediction,
2026-08-21 17:00:00,26134.640625,24999.0,actual_period_prediction,
2026-08-21 18:00:00,28221.82421875,26280.0,actual_period_prediction,
2026-08-21 19:00:00,28269.232421875,27068.5,actual_period_prediction,
2026-08-21 20:00:00,27654.7265625,27100.5,actual_period_prediction,
2026-08-21 21:00:00,27288.607421875,26475.0,actual_period_prediction,
2026-08-21 22:00:00,25554.82421875,24179.0,actual_period_prediction,
2026-08-21 23:00:00,24002.380859375,22493.0,actual_period_prediction,
2026-08-22 00:00:00,22653.220703125,21895.5,actual_period_prediction,
2026-08-22 01:00:00,21686.30859375,20623.0,actual_period_prediction,
2026-08-22 02:00:00,20289.6015625,20242.5,actual_period_prediction,
2026-08-22 03:00:00,19417.42578125,19412.0,actual_period_prediction,
2026-08-22 04:00:00,18643.2265625,18553.0,actual_period_prediction,
2026-08-22 05:00:00,18547.6796875,18371.0,actual_period_prediction,
2026-08-22 06:00:00,18961.365234375,19049.5,actual_period_prediction,
2026-08-22 07:00:00,20440.951171875,19978.0,actual_period_prediction,
2026-08-22 08:00:00,21366.529296875,19770.0,actual_period_prediction,
2026-08-22 09:00:00,19874.7265625,18744.5,actual_period_prediction,
2026-08-22 10:00:00,18924.865234375,17813.5,actual_period_prediction,
2026-08-22 11:00:00,18733.025390625,17048.5,actual_period_prediction,
2026-08-22 12:00:00,18942.560546875,16655.5,actual_period_prediction,
2026-08-22 13:00:00,18644.86328125,16322.0,actual_period_prediction,
2026-08-22 14:00:00,18097.1484375,16131.5,actual_period_prediction,
2026-08-22 15:00:00,20488.919921875,16765.0,actual_period_prediction,
2026-08-22 16:00:00,22543.498046875,18861.5,actual_period_prediction,
2026-08-22 17:00:00,24109.935546875,22231.0,actual_period_prediction,
2026-08-22 18:00:00,25632.244140625,24514.0,actual_period_prediction,
2026-08-22 19:00:00,26187.984375,25468.5,actual_period_prediction,
2026-08-22 20:00:00,26016.92578125,25828.0,actual_period_prediction,
2026-08-22 21:00:00,25777.255859375,24674.5,actual_period_prediction,
2026-08-22 22:00:00,23764.400390625,23415.5,actual_period_prediction,
2026-08-22 23:00:00,22943.12109375,21690.0,actual_period_prediction,
2026-08-23 00:00:00,22044.46875,20824.0,actual_period_prediction,
2026-08-23 01:00:00,20817.890625,20172.5,actual_period_prediction,
2026-08-23 02:00:00,19529.951171875,19488.0,actual_period_prediction,
2026-08-23 03:00:00,18596.041015625,18665.5,actual_period_prediction,
2026-08-23 04:00:00,17921.595703125,18303.5,actual_period_prediction,
2026-08-23 05:00:00,17675.26171875,18035.5,actual_period_prediction,
2026-08-23 06:00:00,17903.177734375,18154.0,actual_period_prediction,
2026-08-23 07:00:00,18619.07421875,18143.5,actual_period_prediction,
2026-08-23 08:00:00,18529.55078125,17555.5,actual_period_prediction,
2026-08-23 09:00:00,18332.35546875,16374.5,actual_period_prediction,
2026-08-23 10:00:00,18050.5859375,15495.0,actual_period_prediction,
2026-08-23 11:00:00,17571.892578125,15359.5,actual_period_prediction,
2026-08-23 12:00:00,16256.7685546875,15709.0,actual_period_prediction,
2026-08-23 13:00:00,16319.0517578125,15334.0,actual_period_prediction,
2026-08-23 14:00:00,16135.0908203125,15160.5,actual_period_prediction,
2026-08-23 15:00:00,17128.525390625,15853.0,actual_period_prediction,
2026-08-23 16:00:00,21400.43359375,18441.0,actual_period_prediction,
2026-08-23 17:00:00,23742.61328125,21872.5,actual_period_prediction,
2026-08-23 18:00:00,25171.208984375,24663.0,actual_period_prediction,
2026-08-23 19:00:00,25753.986328125,25977.0,actual_period_prediction,
2026-08-23 20:00:00,25963.47265625,26156.5,actual_period_prediction,
2026-08-23 21:00:00,25331.236328125,25309.0,actual_period_prediction,
2026-08-23 22:00:00,23849.208984375,23432.0,actual_period_prediction,
2026-08-23 23:00:00,22002.431640625,21510.0,actual_period_prediction,
2026-08-24 00:00:00,21459.06640625,21040.0,actual_period_prediction,
2026-08-24 01:00:00,21116.736328125,20610.5,actual_period_prediction,
2026-08-24 02:00:00,20952.37109375,19966.0,actual_period_prediction,
2026-08-24 03:00:00,20306.6953125,19195.0,actual_period_prediction,
2026-08-24 04:00:00,20101.265625,18388.0,actual_period_prediction,
2026-08-24 05:00:00,20101.265625,18762.5,actual_period_prediction,
2026-08-24 06:00:00,21416.224609375,21180.5,actual_period_prediction,
2026-08-24 07:00:00,24415.123046875,23601.5,actual_period_prediction,
2026-08-24 08:00:00,23382.369140625,23395.5,actual_period_prediction,
2026-08-24 09:00:00,22869.265625,21891.5,actual_period_prediction,
2026-08-24 10:00:00,22299.9375,20191.0,actual_period_prediction,
2026-08-24 11:00:00,20601.45703125,19257.0,actual_period_prediction,
2026-08-24 12:00:00,20181.572265625,18489.5,actual_period_prediction,
2026-08-24 13:00:00,21160.33203125,17885.0,actual_period_prediction,
2026-08-24 14:00:00,20144.03515625,18216.5,actual_period_prediction,
2026-08-24 15:00:00,20073.03125,18778.5,actual_period_prediction,
2026-08-24 16:00:00,23762.6875,20606.0,actual_period_prediction,
2026-08-24 17:00:00,26162.359375,24054.5,actual_period_prediction,
2026-08-24 18:00:00,26616.66015625,26182.5,actual_period_prediction,
2026-08-24 19:00:00,26970.025390625,27242.0,actual_period_prediction,
2026-08-24 20:00:00,27137.771484375,27724.0,actual_period_prediction,
2026-08-24 21:00:00,26472.6015625,26679.0,actual_period_prediction,
2026-08-24 22:00:00,24298.8046875,24011.5,actual_period_prediction,
2026-08-24 23:00:00,23062.095703125,21904.5,actual_period_prediction,
2026-08-25 00:00:00,21412.369140625,21232.0,actual_period_prediction,
2026-08-25 01:00:00,21251.51953125,20673.5,actual_period_prediction,
2026-08-25 02:00:00,21032.408203125,19701.0,actual_period_prediction,
2026-08-25 03:00:00,19900.111328125,19243.5,actual_period_prediction,
2026-08-25 04:00:00,20166.34375,18817.5,actual_period_prediction,
2026-08-25 05:00:00,20166.34375,19204.5,actual_period_prediction,
2026-08-25 06:00:00,21656.744140625,21181.0,actual_period_prediction,
2026-08-25 07:00:00,24589.4765625,23566.0,actual_period_prediction,
2026-08-25 08:00:00,24464.080078125,24505.5,actual_period_prediction,
2026-08-25 09:00:00,23840.447265625,22895.0,actual_period_prediction,
2026-08-25 10:00:00,23675.7421875,21176.5,actual_period_prediction,
2026-08-25 11:00:00,22576.615234375,19606.5,actual_period_prediction,
2026-08-25 12:00:00,21436.017578125,19371.5,actual_period_prediction,
2026-08-25 13:00:00,21072.302734375,18738.5,actual_period_prediction,
2026-08-25 14:00:00,21876.01953125,19153.5,actual_period_prediction,
2026-08-25 15:00:00,21971.7890625,20575.5,actual_period_prediction,
2026-08-25 16:00:00,23747.09375,22395.0,actual_period_prediction,
2026-08-25 17:00:00,25246.388671875,25771.0,actual_period_prediction,
2026-08-25 18:00:00,26980.302734375,27663.0,actual_period_prediction,
2026-08-25 19:00:00,27928.19140625,28254.5,actual_period_prediction,
2026-08-25 20:00:00,27697.845703125,28304.5,actual_period_prediction,
2026-08-25 21:00:00,27259.9140625,26880.0,actual_period_prediction,
2026-08-25 22:00:00,25119.08203125,24568.5,actual_period_prediction,
2026-08-25 23:00:00,23488.9609375,22057.5,actual_period_prediction,
2026-08-26 00:00:00,22230.154296875,21925.0,actual_period_prediction,
2026-08-26 01:00:00,22251.8828125,21186.0,actual_period_prediction,
2026-08-26 02:00:00,21644.802734375,20546.0,actual_period_prediction,
2026-08-26 03:00:00,21198.8984375,20033.5,actual_period_prediction,
2026-08-26 04:00:00,20386.291015625,19641.0,actual_period_prediction,
2026-08-26 05:00:00,20573.474609375,19711.0,actual_period_prediction,
2026-08-26 06:00:00,21704.275390625,21573.0,actual_period_prediction,
2026-08-26 07:00:00,25155.703125,24769.5,actual_period_prediction,
2026-08-26 08:00:00,26221.083984375,26558.0,actual_period_prediction,
2026-08-26 09:00:00,25256.732421875,25965.5,actual_period_prediction,
2026-08-26 10:00:00,24395.458984375,24456.0,actual_period_prediction,
2026-08-26 11:00:00,23849.908203125,23555.0,actual_period_prediction,
2026-08-26 12:00:00,23101.068359375,22760.0,actual_period_prediction,
2026-08-26 13:00:00,22373.060546875,22293.5,actual_period_prediction,
2026-08-26 14:00:00,22268.5,22090.0,actual_period_prediction,
2026-08-26 15:00:00,23061.453125,22393.0,actual_period_prediction,
2026-08-26 16:00:00,25013.609375,24127.5,actual_period_prediction,
2026-08-26 17:00:00,27087.330078125,26528.5,actual_period_prediction,
2026-08-26 18:00:00,28959.923828125,28322.5,actual_period_prediction,
2026-08-26 19:00:00,29181.9609375,29732.0,actual_period_prediction,
2026-08-26 20:00:00,28529.240234375,29504.0,actual_period_prediction,
2026-08-26 21:00:00,27450.375,27557.0,actual_period_prediction,
2026-08-26 22:00:00,25679.341796875,25473.0,actual_period_prediction,
2026-08-26 23:00:00,23922.423828125,23345.5,actual_period_prediction,
2026-08-27 00:00:00,22706.42578125,22740.0,actual_period_prediction,
2026-08-27 01:00:00,21767.02734375,22100.0,actual_period_prediction,
2026-08-27 02:00:00,21131.646484375,21274.5,actual_period_prediction,
2026-08-27 03:00:00,20721.27734375,20294.5,actual_period_prediction,
2026-08-27 04:00:00,20352.271484375,19766.5,actual_period_prediction,
2026-08-27 05:00:00,20264.1171875,19702.0,actual_period_prediction,
2026-08-27 06:00:00,22113.466796875,22082.5,actual_period_prediction,
2026-08-27 07:00:00,24970.455078125,25127.0,actual_period_prediction,
2026-08-27 08:00:00,26320.982421875,27426.5,actual_period_prediction,
2026-08-27 09:00:00,25740.806640625,28179.0,actual_period_prediction,
2026-08-27 10:00:00,24999.9375,28070.0,actual_period_prediction,
2026-08-27 11:00:00,25029.318359375,28119.0,actual_period_prediction,
2026-08-27 12:00:00,24940.576171875,27760.5,actual_period_prediction,
2026-08-27 13:00:00,25124.5,26621.0,actual_period_prediction,
2026-08-27 14:00:00,24020.712890625,26178.0,actual_period_prediction,
2026-08-27 15:00:00,25364.06640625,25613.0,actual_period_prediction,
2026-08-27 16:00:00,25513.814453125,26243.0,actual_period_prediction,
2026-08-27 17:00:00,26840.69921875,27745.5,actual_period_prediction,
2026-08-27 18:00:00,28882.173828125,29080.0,actual_period_prediction,
2026-08-27 19:00:00,30285.453125,29404.0,actual_period_prediction,
2026-08-27 20:00:00,29853.91796875,28823.0,actual_period_prediction,
2026-08-27 21:00:00,27306.384765625,27791.5,actual_period_prediction,
2026-08-27 22:00:00,25297.767578125,25614.5,actual_period_prediction,
2026-08-27 23:00:00,24277.6171875,23559.5,actual_period_prediction,
2026-08-28 00:00:00,22684.14453125,22966.5,actual_period_prediction,
2026-08-28 01:00:00,22261.248046875,22431.5,actual_period_prediction,
2026-08-28 02:00:00,21385.68359375,21925.5,actual_period_prediction,
2026-08-28 03:00:00,20426.328125,20770.0,actual_period_prediction,
2026-08-28 04:00:00,20035.978515625,19392.0,actual_period_prediction,
2026-08-28 05:00:00,19889.099609375,19700.5,actual_period_prediction,
2026-08-28 06:00:00,21912.84375,22127.0,actual_period_prediction,
2026-08-28 07:00:00,24271.6015625,24710.5,actual_period_prediction,
2026-08-28 08:00:00,25708.228515625,25468.5,actual_period_prediction,
2026-08-28 09:00:00,24851.09765625,24551.0,actual_period_prediction,
2026-08-28 10:00:00,23977.86328125,23424.0,actual_period_prediction,
2026-08-28 11:00:00,23772.62890625,21967.0,actual_period_prediction,
2026-08-28 12:00:00,24162.83203125,21730.5,actual_period_prediction,
2026-08-28 13:00:00,23991.15234375,22003.5,actual_period_prediction,
2026-08-28 14:00:00,22508.3203125,22426.0,actual_period_prediction,
2026-08-28 15:00:00,23540.091796875,22876.0,actual_period_prediction,
2026-08-28 16:00:00,24756.966796875,23740.0,actual_period_prediction,
2026-08-28 17:00:00,26705.00390625,25731.0,actual_period_prediction,
2026-08-28 18:00:00,27052.267578125,26677.5,actual_period_prediction,
2026-08-28 19:00:00,28019.732421875,27264.0,actual_period_prediction,
2026-08-28 20:00:00,27835.580078125,27285.0,actual_period_prediction,
2026-08-28 21:00:00,26810.919921875,25596.5,actual_period_prediction,
2026-08-28 22:00:00,24546.09765625,23745.0,actual_period_prediction,
2026-08-28 23:00:00,23462.65234375,22422.5,actual_period_prediction,
2026-08-29 00:00:00,22061.5390625,21676.0,actual_period_prediction,
2026-08-29 01:00:00,21518.650390625,21282.0,actual_period_prediction,
2026-08-29 02:00:00,20393.4609375,20521.0,actual_period_prediction,
2026-08-29 03:00:00,19273.4140625,19513.0,actual_period_prediction,
2026-08-29 04:00:00,18318.412109375,18976.5,actual_period_prediction,
2026-08-29 05:00:00,18420.259765625,18749.5,actual_period_prediction,
2026-08-29 06:00:00,19782.1875,19599.5,actual_period_prediction,
2026-08-29 07:00:00,21417.1484375,20978.5,actual_period_prediction,
2026-08-29 08:00:00,21178.7265625,22734.0,actual_period_prediction,
2026-08-29 09:00:00,21741.73046875,24178.5,actual_period_prediction,
2026-08-29 10:00:00,20852.708984375,24419.5,actual_period_prediction,
2026-08-29 11:00:00,21420.98828125,24287.0,actual_period_prediction,
2026-08-29 12:00:00,21828.025390625,24149.5,actual_period_prediction,
2026-08-29 13:00:00,23068.466796875,23848.5,actual_period_prediction,
2026-08-29 14:00:00,22894.65234375,23362.0,actual_period_prediction,
2026-08-29 15:00:00,22639.7421875,23559.0,actual_period_prediction,
2026-08-29 16:00:00,22975.251953125,24000.0,actual_period_prediction,
2026-08-29 17:00:00,24464.73046875,25846.0,actual_period_prediction,
2026-08-29 18:00:00,26224.390625,26948.5,actual_period_prediction,
2026-08-29 19:00:00,26355.7578125,26731.5,actual_period_prediction,
2026-08-29 20:00:00,26080.408203125,26888.0,actual_period_prediction,
2026-08-29 21:00:00,25089.54296875,25519.0,actual_period_prediction,
2026-08-29 22:00:00,23344.33984375,23534.5,actual_period_prediction,
2026-08-29 23:00:00,22357.265625,22046.5,actual_period_prediction,
2026-08-30 00:00:00,21297.876953125,21404.0,actual_period_prediction,
2026-08-30 01:00:00,20522.009765625,20895.0,actual_period_prediction,
2026-08-30 02:00:00,19399.25390625,19888.5,actual_period_prediction,
2026-08-30 03:00:00,18389.865234375,19116.5,actual_period_prediction,
2026-08-30 04:00:00,18100.013671875,18829.0,actual_period_prediction,
2026-08-30 05:00:00,17930.875,18592.5,actual_period_prediction,
2026-08-30 06:00:00,18319.984375,18536.5,actual_period_prediction,
2026-08-30 07:00:00,18273.51953125,19140.0,actual_period_prediction,
2026-08-30 08:00:00,18838.634765625,19402.5,actual_period_prediction,
2026-08-30 09:00:00,20659.8828125,19178.0,actual_period_prediction,
2026-08-30 10:00:00,20666.744140625,18866.0,actual_period_prediction,
2026-08-30 11:00:00,21573.201171875,18876.5,actual_period_prediction,
2026-08-30 12:00:00,21889.373046875,19588.5,actual_period_prediction,
2026-08-30 13:00:00,22000.30078125,19669.0,actual_period_prediction,
2026-08-30 14:00:00,21596.16796875,19765.0,actual_period_prediction,
2026-08-30 15:00:00,22191.66796875,21057.0,actual_period_prediction,
2026-08-30 16:00:00,23360.25390625,23041.0,actual_period_prediction,
2026-08-30 17:00:00,25230.841796875,25764.5,actual_period_prediction,
2026-08-30 18:00:00,27339.31640625,26230.5,actual_period_prediction,
2026-08-30 19:00:00,26363.328125,26441.0,actual_period_prediction,
2026-08-30 20:00:00,26432.9375,25796.0,actual_period_prediction,
2026-08-30 21:00:00,25294.12109375,24925.5,actual_period_prediction,
2026-08-30 22:00:00,23453.193359375,23277.5,actual_period_prediction,
2026-08-30 23:00:00,23401.13671875,21810.5,actual_period_prediction,
2026-08-31 00:00:00,21578.1015625,21231.0,actual_period_prediction,
2026-08-31 01:00:00,22150.341796875,20349.5,actual_period_prediction,
2026-08-31 02:00:00,20782.205078125,19501.0,actual_period_prediction,
2026-08-31 03:00:00,19990.662109375,19137.5,actual_period_prediction,
2026-08-31 04:00:00,19592.662109375,18405.0,actual_period_prediction,
2026-08-31 05:00:00,19581.935546875,17781.0,actual_period_prediction,
2026-08-31 06:00:00,20292.25390625,18371.0,actual_period_prediction,
2026-08-31 07:00:00,22155.60546875,19512.5,actual_period_prediction,
2026-08-31 08:00:00,22153.80078125,19945.0,actual_period_prediction,
2026-08-31 09:00:00,21050.751953125,19570.5,actual_period_prediction,
2026-08-31 10:00:00,21467.087890625,19117.0,actual_period_prediction,
2026-08-31 11:00:00,22800.52734375,18594.5,actual_period_prediction,
2026-08-31 12:00:00,21721.259765625,18426.5,actual_period_prediction,
2026-08-31 13:00:00,21572.318359375,18124.5,actual_period_prediction,
2026-08-31 14:00:00,22473.12890625,17840.5,actual_period_prediction,
2026-08-31 15:00:00,23007.208984375,18714.0,actual_period_prediction,
2026-08-31 16:00:00,23853.5703125,21258.0,actual_period_prediction,
2026-08-31 17:00:00,24563.5546875,23959.5,actual_period_prediction,
2026-08-31 18:00:00,26119.51171875,25521.0,actual_period_prediction,
2026-08-31 19:00:00,27376.474609375,26925.5,actual_period_prediction,
2026-08-31 20:00:00,26926.6015625,26962.0,actual_period_prediction,
2026-08-31 21:00:00,25476.728515625,26250.5,actual_period_prediction,
2026-08-31 22:00:00,23886.623046875,23797.5,actual_period_prediction,
2026-08-31 23:00:00,22493.4140625,21616.5,actual_period_prediction,
2026-09-01 00:00:00,21271.126953125,21732.5,actual_period_prediction,
2026-09-01 01:00:00,20451.435546875,21449.5,actual_period_prediction,
2026-09-01 02:00:00,20523.333984375,20858.5,actual_period_prediction,
2026-09-01 03:00:00,20220.07421875,19791.0,actual_period_prediction,
2026-09-01 04:00:00,19939.5546875,19290.5,actual_period_prediction,
2026-09-01 05:00:00,19654.716796875,19797.0,actual_period_prediction,
2026-09-01 06:00:00,20920.916015625,21843.5,actual_period_prediction,
2026-09-01 07:00:00,23045.8125,24329.5,actual_period_prediction,
2026-09-01 08:00:00,23649.0234375,24654.5,actual_period_prediction,
2026-09-01 09:00:00,23037.47265625,22759.5,actual_period_prediction,
2026-09-01 10:00:00,22997.76953125,20632.0,actual_period_prediction,
2026-09-01 11:00:00,22374.875,19575.5,actual_period_prediction,
2026-09-01 12:00:00,22740.818359375,19990.5,actual_period_prediction,
2026-09-01 13:00:00,22175.84375,20547.5,actual_period_prediction,
2026-09-01 14:00:00,22874.04296875,21080.0,actual_period_prediction,
2026-09-01 15:00:00,23592.546875,23064.5,actual_period_prediction,
2026-09-01 16:00:00,24881.626953125,25569.0,actual_period_prediction,
2026-09-01 17:00:00,25545.58984375,28508.5,actual_period_prediction,
2026-09-01 18:00:00,27330.53125,29686.0,actual_period_prediction,
2026-09-01 19:00:00,27599.130859375,29879.5,actual_period_prediction,
2026-09-01 20:00:00,28152.130859375,30311.0,actual_period_prediction,
2026-09-01 21:00:00,26449.521484375,28498.0,actual_period_prediction,
2026-09-01 22:00:00,24690.01953125,26302.0,actual_period_prediction,
2026-09-01 23:00:00,22752.912109375,23592.5,actual_period_prediction,
2026-09-02 00:00:00,22339.11328125,22724.0,actual_period_prediction,
2026-09-02 01:00:00,21958.216796875,22172.0,actual_period_prediction,
2026-09-02 02:00:00,21750.751953125,21683.5,actual_period_prediction,
2026-09-02 03:00:00,20508.615234375,20592.5,actual_period_prediction,
2026-09-02 04:00:00,20455.232421875,20171.0,actual_period_prediction,
2026-09-02 05:00:00,20357.46875,20541.0,actual_period_prediction,
2026-09-02 06:00:00,21837.642578125,22722.0,actual_period_prediction,
2026-09-02 07:00:00,25192.91015625,26223.0,actual_period_prediction,
2026-09-02 08:00:00,25805.958984375,28214.5,actual_period_prediction,
2026-09-02 09:00:00,25011.28515625,28492.0,actual_period_prediction,
2026-09-02 10:00:00,24795.7265625,27946.5,actual_period_prediction,
2026-09-02 11:00:00,24297.8828125,27487.0,actual_period_prediction,
2026-09-02 12:00:00,24526.923828125,27826.5,actual_period_prediction,
2026-09-02 13:00:00,25517.703125,27903.5,actual_period_prediction,
2026-09-02 14:00:00,24140.0703125,28112.5,actual_period_prediction,
2026-09-02 15:00:00,26055.8046875,28073.5,actual_period_prediction,
2026-09-02 16:00:00,26878.20703125,29194.5,actual_period_prediction,
2026-09-02 17:00:00,29016.162109375,29986.0,actual_period_prediction,
2026-09-02 18:00:00,30364.0625,30019.5,actual_period_prediction,
2026-09-02 19:00:00,30095.845703125,29964.0,actual_period_prediction,
2026-09-02 20:00:00,29679.265625,29683.0,actual_period_prediction,
2026-09-02 21:00:00,28392.197265625,27612.0,actual_period_prediction,
2026-09-02 22:00:00,26521.59375,24860.0,actual_period_prediction,
2026-09-02 23:00:00,24485.087890625,22686.5,actual_period_prediction,
2026-09-03 00:00:00,22465.185546875,21595.0,actual_period_prediction,
2026-09-03 01:00:00,22067.3984375,20698.5,actual_period_prediction,
2026-09-03 02:00:00,21495.376953125,20124.0,actual_period_prediction,
2026-09-03 03:00:00,19845.7578125,19450.5,actual_period_prediction,
2026-09-03 04:00:00,19653.97265625,18941.5,actual_period_prediction,
2026-09-03 05:00:00,19482.474609375,19308.0,actual_period_prediction,
2026-09-03 06:00:00,21480.873046875,21965.0,actual_period_prediction,
2026-09-03 07:00:00,25013.431640625,25695.5,actual_period_prediction,
2026-09-03 08:00:00,27395.490234375,26957.5,actual_period_prediction,
2026-09-03 09:00:00,27582.505859375,25825.0,actual_period_prediction,
2026-09-03 10:00:00,26962.623046875,24055.5,actual_period_prediction,
2026-09-03 11:00:00,26620.515625,23304.0,actual_period_prediction,
2026-09-03 12:00:00,25863.03125,23270.0,actual_period_prediction,
2026-09-03 13:00:00,25479.0390625,22915.5,actual_period_prediction,
2026-09-03 14:00:00,25460.31640625,22406.0,actual_period_prediction,
2026-09-03 15:00:00,25696.849609375,23150.0,actual_period_prediction,
2026-09-03 16:00:00,27304.150390625,25428.5,actual_period_prediction,
2026-09-03 17:00:00,29110.451171875,28179.0,actual_period_prediction,
2026-09-03 18:00:00,27831.1328125,29529.5,actual_period_prediction,
2026-09-03 19:00:00,28487.931640625,29282.0,actual_period_prediction,
2026-09-03 20:00:00,27978.5234375,29180.5,actual_period_prediction,
2026-09-03 21:00:00,27256.97265625,26881.5,actual_period_prediction,
2026-09-03 22:00:00,24911.220703125,23987.5,actual_period_prediction,
2026-09-03 23:00:00,22721.654296875,21932.0,actual_period_prediction,
2026-09-04 00:00:00,21231.564453125,21225.5,actual_period_prediction,
2026-09-04 01:00:00,21135.521484375,21113.5,actual_period_prediction,
2026-09-04 02:00:00,20825.451171875,20706.0,actual_period_prediction,
2026-09-04 03:00:00,20103.208984375,19867.5,actual_period_prediction,
2026-09-04 04:00:00,19154.630859375,19754.0,actual_period_prediction,
2026-09-04 05:00:00,19121.353515625,19587.0,actual_period_prediction,
2026-09-04 06:00:00,20775.30859375,22080.5,actual_period_prediction,
2026-09-04 07:00:00,23537.8515625,25590.0,actual_period_prediction,
2026-09-04 08:00:00,24604.09375,26762.0,actual_period_prediction,
2026-09-04 09:00:00,23796.763671875,25861.5,actual_period_prediction,
2026-09-04 10:00:00,23091.408203125,24175.0,actual_period_prediction,
2026-09-04 11:00:00,22642.21484375,22873.0,actual_period_prediction,
2026-09-04 12:00:00,22189.685546875,22168.5,actual_period_prediction,
2026-09-04 13:00:00,21770.91796875,21491.0,actual_period_prediction,
2026-09-04 14:00:00,21347.052734375,21026.0,actual_period_prediction,
2026-09-04 15:00:00,22013.94921875,21538.0,actual_period_prediction,
2026-09-04 16:00:00,23396.40234375,23443.5,actual_period_prediction,
2026-09-04 17:00:00,25210.14453125,25297.5,actual_period_prediction,
2026-09-04 18:00:00,26013.11328125,26012.5,actual_period_prediction,
2026-09-04 19:00:00,25650.119140625,26699.0,actual_period_prediction,
2026-09-04 20:00:00,25913.3203125,26657.5,actual_period_prediction,
2026-09-04 21:00:00,25414.4921875,24741.0,actual_period_prediction,
2026-09-04 22:00:00,23193.3203125,23043.0,actual_period_prediction,
2026-09-04 23:00:00,21420.455078125,21172.5,actual_period_prediction,
2026-09-05 00:00:00,20084.875,20695.5,actual_period_prediction,
2026-09-05 01:00:00,19945.642578125,19961.0,actual_period_prediction,
2026-09-05 02:00:00,18367.42578125,19307.0,actual_period_prediction,
2026-09-05 03:00:00,18038.30078125,18647.5,actual_period_prediction,
2026-09-05 04:00:00,17663.416015625,18178.5,actual_period_prediction,
2026-09-05 05:00:00,17683.072265625,17966.5,actual_period_prediction,
2026-09-05 06:00:00,19078.12890625,18692.5,actual_period_prediction,
2026-09-05 07:00:00,20361.142578125,19784.0,actual_period_prediction,
2026-09-05 08:00:00,21851.291015625,19503.5,actual_period_prediction,
2026-09-05 09:00:00,23044.859375,18124.0,actual_period_prediction,
2026-09-05 10:00:00,22433.30859375,17266.0,actual_period_prediction,
2026-09-05 11:00:00,21257.7421875,17090.5,actual_period_prediction,
2026-09-05 12:00:00,19985.5546875,16504.0,actual_period_prediction,
2026-09-05 13:00:00,19652.669921875,15552.0,actual_period_prediction,
2026-09-05 14:00:00,19281.02734375,14877.0,actual_period_prediction,
2026-09-05 15:00:00,20237.978515625,16148.5,actual_period_prediction,
2026-09-05 16:00:00,22280.5859375,18718.0,actual_period_prediction,
2026-09-05 17:00:00,25519.796875,22603.0,actual_period_prediction,
2026-09-05 18:00:00,25778.873046875,25472.0,actual_period_prediction,
2026-09-05 19:00:00,26046.162109375,26573.0,actual_period_prediction,
2026-09-05 20:00:00,26034.900390625,26669.0,actual_period_prediction,
2026-09-05 21:00:00,25282.35546875,25324.0,actual_period_prediction,
2026-09-05 22:00:00,23352.162109375,23625.5,actual_period_prediction,
2026-09-05 23:00:00,22045.46484375,21996.0,actual_period_prediction,
2026-09-06 00:00:00,21038.3515625,21312.5,actual_period_prediction,
2026-09-06 01:00:00,20799.017578125,20258.5,actual_period_prediction,
2026-09-06 02:00:00,19287.095703125,19446.0,actual_period_prediction,
2026-09-06 03:00:00,18725.94921875,18510.5,actual_period_prediction,
2026-09-06 04:00:00,18110.390625,17759.5,actual_period_prediction,
2026-09-06 05:00:00,17622.798828125,17104.5,actual_period_prediction,
2026-09-06 06:00:00,18119.9765625,17405.5,actual_period_prediction,
2026-09-06 07:00:00,18651.921875,18059.5,actual_period_prediction,
2026-09-06 08:00:00,19232.81640625,18295.0,actual_period_prediction,
2026-09-06 09:00:00,19357.703125,18383.0,actual_period_prediction,
2026-09-06 10:00:00,20254.564453125,17805.0,actual_period_prediction,
2026-09-06 11:00:00,20965.400390625,16760.0,actual_period_prediction,
2026-09-06 12:00:00,20452.310546875,16661.5,actual_period_prediction,
2026-09-06 13:00:00,20668.8671875,16256.5,actual_period_prediction,
2026-09-06 14:00:00,17410.654296875,16285.5,actual_period_prediction,
2026-09-06 15:00:00,19463.73046875,17800.0,actual_period_prediction,
2026-09-06 16:00:00,21759.80078125,20461.0,actual_period_prediction,
2026-09-06 17:00:00,23984.384765625,24061.0,actual_period_prediction,
2026-09-06 18:00:00,25577.474609375,25463.0,actual_period_prediction,
2026-09-06 19:00:00,26399.666015625,25814.0,actual_period_prediction,
2026-09-06 20:00:00,26238.6953125,25816.0,actual_period_prediction,
2026-09-06 21:00:00,25230.482421875,24701.5,actual_period_prediction,
2026-09-06 22:00:00,23517.51171875,22411.0,actual_period_prediction,
2026-09-06 23:00:00,22729.34375,20706.5,actual_period_prediction,
2026-09-07 00:00:00,21615.212890625,20392.0,actual_period_prediction,
2026-09-07 01:00:00,20613.90625,20282.5,actual_period_prediction,
2026-09-07 02:00:00,20663.01953125,19921.0,actual_period_prediction,
2026-09-07 03:00:00,20202.63671875,19044.5,actual_period_prediction,
2026-09-07 04:00:00,19758.29296875,18617.0,actual_period_prediction,
2026-09-07 05:00:00,19634.875,19243.0,actual_period_prediction,
2026-09-07 06:00:00,20789.806640625,22288.0,actual_period_prediction,
2026-09-07 07:00:00,22075.296875,25241.0,actual_period_prediction,
2026-09-07 08:00:00,23925.6640625,26315.0,actual_period_prediction,
2026-09-07 09:00:00,23786.990234375,26396.0,actual_period_prediction,
2026-09-07 10:00:00,24073.931640625,25056.5,actual_period_prediction,
2026-09-07 11:00:00,23461.013671875,24842.5,actual_period_prediction,
2026-09-07 12:00:00,23439.630859375,24292.5,actual_period_prediction,
2026-09-07 13:00:00,23394.5859375,23432.0,actual_period_prediction,
2026-09-07 14:00:00,23227.4140625,22986.0,actual_period_prediction,
2026-09-07 15:00:00,23329.48828125,22696.0,actual_period_prediction,
2026-09-07 16:00:00,23710.69921875,24697.5,actual_period_prediction,
2026-09-07 17:00:00,25446.181640625,27041.5,actual_period_prediction,
2026-09-07 18:00:00,26054.546875,28252.0,actual_period_prediction,
2026-09-07 19:00:00,26801.873046875,28935.0,actual_period_prediction,
2026-09-07 20:00:00,25632.376953125,28467.5,actual_period_prediction,
2026-09-07 21:00:00,25101.791015625,25960.0,actual_period_prediction,
2026-09-07 22:00:00,22954.619140625,23198.5,actual_period_prediction,
2026-09-07 23:00:00,21152.736328125,21003.5,actual_period_prediction,
2026-09-08 00:00:00,19879.12890625,20392.5,actual_period_prediction,
2026-09-08 01:00:00,19916.23828125,20059.5,actual_period_prediction,
2026-09-08 02:00:00,19691.8046875,19761.5,actual_period_prediction,
2026-09-08 03:00:00,18719.234375,19609.5,actual_period_prediction,
2026-09-08 04:00:00,18639.890625,19206.0,actual_period_prediction,
2026-09-08 05:00:00,18659.86328125,20241.5,actual_period_prediction,
2026-09-08 06:00:00,20832.44921875,22819.5,actual_period_prediction,
2026-09-08 07:00:00,23976.16796875,26583.0,actual_period_prediction,
2026-09-08 08:00:00,25392.279296875,28370.0,actual_period_prediction,
2026-09-08 09:00:00,24913.693359375,28409.5,actual_period_prediction,
2026-09-08 10:00:00,23127.416015625,27213.5,actual_period_prediction,
2026-09-08 11:00:00,23954.09375,26401.0,actual_period_prediction,
2026-09-08 12:00:00,24178.14453125,25281.0,actual_period_prediction,
2026-09-08 13:00:00,23523.345703125,23613.5,actual_period_prediction,
2026-09-08 14:00:00,22694.7109375,21824.0,actual_period_prediction,
2026-09-08 15:00:00,22704.2109375,21698.0,actual_period_prediction,
2026-09-08 16:00:00,24115.171875,22921.5,actual_period_prediction,
2026-09-08 17:00:00,26054.8203125,25793.5,actual_period_prediction,
2026-09-08 18:00:00,26980.052734375,27891.0,actual_period_prediction,
2026-09-08 19:00:00,27248.34375,28438.5,actual_period_prediction,
2026-09-08 20:00:00,27000.537109375,28193.5,actual_period_prediction,
2026-09-08 21:00:00,25244.208984375,25911.5,actual_period_prediction,
2026-09-08 22:00:00,23256.134765625,23472.0,actual_period_prediction,
2026-09-08 23:00:00,21427.126953125,21622.5,actual_period_prediction,
2026-09-09 00:00:00,20624.107421875,21219.0,actual_period_prediction,
2026-09-09 01:00:00,20432.68359375,21109.5,actual_period_prediction,
2026-09-09 02:00:00,20117.626953125,20696.0,actual_period_prediction,
2026-09-09 03:00:00,19203.59765625,20275.0,actual_period_prediction,
2026-09-09 04:00:00,19169.68359375,19544.0,actual_period_prediction,
2026-09-09 05:00:00,19420.71875,20101.0,actual_period_prediction,
2026-09-09 06:00:00,22161.130859375,23245.5,actual_period_prediction,
2026-09-09 07:00:00,26114.47265625,26198.0,actual_period_prediction,
2026-09-09 08:00:00,27738.57421875,26170.0,actual_period_prediction,
2026-09-09 09:00:00,27556.935546875,24710.5,actual_period_prediction,
2026-09-09 10:00:00,26759.828125,23261.5,actual_period_prediction,
2026-09-09 11:00:00,26641.591796875,23661.5,actual_period_prediction,
2026-09-09 12:00:00,26220.314453125,24172.5,actual_period_prediction,
2026-09-09 13:00:00,25378.708984375,24233.5,actual_period_prediction,
2026-09-09 14:00:00,24263.79296875,23935.0,actual_period_prediction,
2026-09-09 15:00:00,24742.7578125,24345.5,actual_period_prediction,
2026-09-09 16:00:00,25875.125,26328.5,actual_period_prediction,
2026-09-09 17:00:00,27612.1953125,28795.0,actual_period_prediction,
2026-09-09 18:00:00,28175.548828125,30305.0,actual_period_prediction,
2026-09-09 19:00:00,28958.505859375,31321.0,actual_period_prediction,
2026-09-09 20:00:00,28790.865234375,30552.5,actual_period_prediction,
2026-09-09 21:00:00,27066.822265625,28428.0,actual_period_prediction,
2026-09-09 22:00:00,24827.576171875,26076.5,actual_period_prediction,
2026-09-09 23:00:00,22800.43359375,23340.5,actual_period_prediction,
2026-09-10 00:00:00,21851.0078125,22789.5,actual_period_prediction,
2026-09-10 01:00:00,21607.03125,22494.5,actual_period_prediction,
2026-09-10 02:00:00,21097.458984375,21974.5,actual_period_prediction,
2026-09-10 03:00:00,20487.603515625,21142.0,actual_period_prediction,
2026-09-10 04:00:00,19826.572265625,20559.5,actual_period_prediction,
2026-09-10 05:00:00,19977.208984375,20643.0,actual_period_prediction,
2026-09-10 06:00:00,24277.587890625,22815.0,actual_period_prediction,
2026-09-10 07:00:00,26020.623046875,26248.0,actual_period_prediction,
2026-09-10 08:00:00,26217.984375,26301.5,actual_period_prediction,
2026-09-10 09:00:00,25613.421875,24567.0,actual_period_prediction,
2026-09-10 10:00:00,24617.662109375,22579.5,actual_period_prediction,
2026-09-10 11:00:00,24571.720703125,21646.0,actual_period_prediction,
2026-09-10 12:00:00,24024.84375,21830.0,actual_period_prediction,
2026-09-10 13:00:00,24258.935546875,22229.5,actual_period_prediction,
2026-09-10 14:00:00,24814.365234375,22382.0,actual_period_prediction,
2026-09-10 15:00:00,25327.443359375,23630.5,actual_period_prediction,
2026-09-10 16:00:00,26390.3671875,25959.5,actual_period_prediction,
2026-09-10 17:00:00,27813.6171875,28089.5,actual_period_prediction,
2026-09-10 18:00:00,28847.87890625,28947.0,actual_period_prediction,
2026-09-10 19:00:00,29465.357421875,29231.0,actual_period_prediction,
2026-09-10 20:00:00,29218.28515625,29033.5,actual_period_prediction,
2026-09-10 21:00:00,26598.71484375,27040.5,actual_period_prediction,
2026-09-10 22:00:00,24747.560546875,24172.0,actual_period_prediction,
2026-09-10 23:00:00,22651.390625,22076.0,actual_period_prediction,
2026-09-11 00:00:00,22073.5625,21924.5,actual_period_prediction,
2026-09-11 01:00:00,21973.9921875,21822.5,actual_period_prediction,
2026-09-11 02:00:00,21767.525390625,20848.0,actual_period_prediction,
2026-09-11 03:00:00,20834.505859375,20317.5,actual_period_prediction,
2026-09-11 04:00:00,20059.0390625,19440.0,actual_period_prediction,
2026-09-11 05:00:00,20187.4140625,19758.5,actual_period_prediction,
2026-09-11 06:00:00,22456.25,22523.0,actual_period_prediction,
2026-09-11 07:00:00,25469.666015625,25730.5,actual_period_prediction,
2026-09-11 08:00:00,26168.361328125,26108.5,actual_period_prediction,
2026-09-11 09:00:00,25494.494140625,24790.5,actual_period_prediction,
2026-09-11 10:00:00,24180.72265625,24081.0,actual_period_prediction,
2026-09-11 11:00:00,22752.453125,24135.0,actual_period_prediction,
2026-09-11 12:00:00,22348.189453125,24815.5,actual_period_prediction,
2026-09-11 13:00:00,22882.611328125,24261.0,actual_period_prediction,
2026-09-11 14:00:00,23190.416015625,23561.0,actual_period_prediction,
2026-09-11 15:00:00,24343.375,23555.0,actual_period_prediction,
2026-09-11 16:00:00,25243.30078125,24806.0,actual_period_prediction,
2026-09-11 17:00:00,27192.591796875,27125.5,actual_period_prediction,
2026-09-11 18:00:00,27643.232421875,28645.5,actual_period_prediction,
2026-09-11 19:00:00,27850.208984375,29965.0,actual_period_prediction,
2026-09-11 20:00:00,27738.375,29149.0,actual_period_prediction,
2026-09-11 21:00:00,26775.78125,27154.0,actual_period_prediction,
2026-09-11 22:00:00,24185.087890625,24838.0,actual_period_prediction,
2026-09-11 23:00:00,23179.685546875,22373.0,actual_period_prediction,
2026-09-12 00:00:00,21716.828125,21304.5,actual_period_prediction,
2026-09-12 01:00:00,21149.517578125,20354.0,actual_period_prediction,
2026-09-12 02:00:00,19794.912109375,19097.5,actual_period_prediction,
2026-09-12 03:00:00,19244.001953125,17647.5,actual_period_prediction,
2026-09-12 04:00:00,18272.001953125,16992.5,actual_period_prediction,
2026-09-12 05:00:00,18147.44140625,16899.0,actual_period_prediction,
2026-09-12 06:00:00,18446.66796875,17795.0,actual_period_prediction,
2026-09-12 07:00:00,20978.3359375,19020.5,actual_period_prediction,
2026-09-12 08:00:00,19881.4140625,20043.5,actual_period_prediction,
2026-09-12 09:00:00,19376.333984375,20420.0,actual_period_prediction,
2026-09-12 10:00:00,20839.220703125,20397.5,actual_period_prediction,
2026-09-12 11:00:00,21711.201171875,20496.5,actual_period_prediction,
2026-09-12 12:00:00,21624.48828125,20016.0,actual_period_prediction,
2026-09-12 13:00:00,20502.20703125,18554.0,actual_period_prediction,
2026-09-12 14:00:00,20361.185546875,18152.5,actual_period_prediction,
2026-09-12 15:00:00,21899.345703125,19178.0,actual_period_prediction,
2026-09-12 16:00:00,23034.466796875,21386.5,actual_period_prediction,
2026-09-12 17:00:00,25545.1640625,24259.0,actual_period_prediction,
2026-09-12 18:00:00,26755.9921875,26396.0,actual_period_prediction,
2026-09-12 19:00:00,27492.982421875,26908.0,actual_period_prediction,
2026-09-12 20:00:00,26025.58203125,26549.0,actual_period_prediction,
2026-09-12 21:00:00,25735.34375,25112.0,actual_period_prediction,
2026-09-12 22:00:00,23571.12890625,23319.5,actual_period_prediction,
2026-09-12 23:00:00,23007.796875,22434.0,actual_period_prediction,
2026-09-13 00:00:00,21661.40625,22111.0,actual_period_prediction,
2026-09-13 01:00:00,20736.376953125,21059.0,actual_period_prediction,
2026-09-13 02:00:00,19798.6796875,19822.0,actual_period_prediction,
2026-09-13 03:00:00,18606.5859375,19445.0,actual_period_prediction,
2026-09-13 04:00:00,18622.859375,18695.5,actual_period_prediction,
2026-09-13 05:00:00,18429.90234375,18609.5,actual_period_prediction,
2026-09-13 06:00:00,18314.146484375,19271.0,actual_period_prediction,
2026-09-13 07:00:00,18904.51171875,20617.5,actual_period_prediction,
2026-09-13 08:00:00,19177.435546875,22077.0,actual_period_prediction,
2026-09-13 09:00:00,18997.189453125,23071.0,actual_period_prediction,
2026-09-13 10:00:00,19475.779296875,23397.5,actual_period_prediction,
2026-09-13 11:00:00,20626.41796875,23467.5,actual_period_prediction,
2026-09-13 12:00:00,20746.884765625,23496.5,actual_period_prediction,
2026-09-13 13:00:00,20240.41796875,23226.0,actual_period_prediction,
2026-09-13 14:00:00,20262.119140625,22860.0,actual_period_prediction,
2026-09-13 15:00:00,21005.5078125,23229.5,actual_period_prediction,
2026-09-13 16:00:00,23040.435546875,25079.0,actual_period_prediction,
2026-09-13 17:00:00,24803.166015625,27570.0,actual_period_prediction,
2026-09-13 18:00:00,27076.1328125,29002.5,actual_period_prediction,
2026-09-13 19:00:00,27502.734375,29259.0,actual_period_prediction,
2026-09-13 20:00:00,26624.3046875,28113.5,actual_period_prediction,
2026-09-13 21:00:00,25559.46484375,26246.0,actual_period_prediction,
2026-09-13 22:00:00,23335.689453125,24082.0,actual_period_prediction,
2026-09-13 23:00:00,22448.92578125,22212.0,actual_period_prediction,
2026-09-14 00:00:00,22884.306640625,21610.5,actual_period_prediction,
2026-09-14 01:00:00,21839.568359375,21092.0,actual_period_prediction,
2026-09-14 02:00:00,20979.578125,20304.0,actual_period_prediction,
2026-09-14 03:00:00,20676.705078125,19537.0,actual_period_prediction,
2026-09-14 04:00:00,20453.24609375,19235.0,actual_period_prediction,
2026-09-14 05:00:00,20338.896484375,19501.0,actual_period_prediction,
2026-09-14 06:00:00,22539.66015625,22811.5,actual_period_prediction,
2026-09-14 07:00:00,24892.97265625,25905.0,actual_period_prediction,
2026-09-14 08:00:00,25614.205078125,27476.5,actual_period_prediction,
2026-09-14 09:00:00,25624.6484375,27950.0,actual_period_prediction,
2026-09-14 10:00:00,25449.01953125,27448.0,actual_period_prediction,
2026-09-14 11:00:00,25499.47265625,26688.5,actual_period_prediction,
2026-09-14 12:00:00,25480.45703125,26092.0,actual_period_prediction,
2026-09-14 13:00:00,25481.08984375,24990.5,actual_period_prediction,
2026-09-14 14:00:00,25117.212890625,24307.5,actual_period_prediction,
2026-09-14 15:00:00,24922.568359375,23874.0,actual_period_prediction,
2026-09-14 16:00:00,25891.7109375,25660.5,actual_period_prediction,
2026-09-14 17:00:00,28024.69140625,28247.0,actual_period_prediction,
2026-09-14 18:00:00,29190.708984375,29729.0,actual_period_prediction,
2026-09-14 19:00:00,29667.17578125,30250.0,actual_period_prediction,
2026-09-14 20:00:00,28927.4453125,29530.5,actual_period_prediction,
2026-09-14 21:00:00,26699.7890625,27163.0,actual_period_prediction,
2026-09-14 22:00:00,25381.904296875,24500.5,actual_period_prediction,
2026-09-14 23:00:00,23927.689453125,22207.5,actual_period_prediction,
2026-09-15 00:00:00,21483.966796875,21550.5,actual_period_prediction,
2026-09-15 01:00:00,21154.236328125,21001.0,actual_period_prediction,
2026-09-15 02:00:00,20550.521484375,20422.0,actual_period_prediction,
2026-09-15 03:00:00,20540.841796875,19613.0,actual_period_prediction,
2026-09-15 04:00:00,20144.548828125,19086.0,actual_period_prediction,
2026-09-15 05:00:00,19514.77734375,19480.0,actual_period_prediction,
2026-09-15 06:00:00,22202.546875,22218.0,actual_period_prediction,
2026-09-15 07:00:00,25357.603515625,25645.0,actual_period_prediction,
2026-09-15 08:00:00,27550.046875,26754.0,actual_period_prediction,
2026-09-15 09:00:00,27420.97265625,25698.5,actual_period_prediction,
2026-09-15 10:00:00,26348.865234375,23622.0,actual_period_prediction,
2026-09-15 11:00:00,26134.689453125,22250.0,actual_period_prediction,
2026-09-15 12:00:00,25789.96875,21165.5,actual_period_prediction,
2026-09-15 13:00:00,23981.4296875,20439.0,actual_period_prediction,
2026-09-15 14:00:00,23852.400390625,20027.5,actual_period_prediction,
2026-09-15 15:00:00,23707.671875,20589.5,actual_period_prediction,
2026-09-15 16:00:00,24871.376953125,22981.0,actual_period_prediction,
2026-09-15 17:00:00,27065.177734375,26291.5,actual_period_prediction,
2026-09-15 18:00:00,28974.658203125,28902.0,actual_period_prediction,
2026-09-15 19:00:00,28797.369140625,30198.0,actual_period_prediction,
2026-09-15 20:00:00,28815.662109375,29353.0,actual_period_prediction,
2026-09-15 21:00:00,26495.294921875,27282.0,actual_period_prediction,
2026-09-15 22:00:00,23559.908203125,24690.5,actual_period_prediction,
2026-09-15 23:00:00,22307.509765625,23110.0,actual_period_prediction,
2026-09-16 00:00:00,21157.837890625,22060.5,actual_period_prediction,
2026-09-16 01:00:00,21185.34765625,21494.0,actual_period_prediction,
2026-09-16 02:00:00,20460.3515625,20807.0,actual_period_prediction,
2026-09-16 03:00:00,19884.400390625,19825.5,actual_period_prediction,
2026-09-16 04:00:00,19689.64453125,19126.5,actual_period_prediction,
2026-09-16 05:00:00,19465.287109375,19802.0,actual_period_prediction,
2026-09-16 06:00:00,22576.02734375,22937.0,actual_period_prediction,
2026-09-16 07:00:00,25575.375,26441.0,actual_period_prediction,
2026-09-16 08:00:00,26445.201171875,27496.0,actual_period_prediction,
2026-09-16 09:00:00,25694.720703125,25731.5,actual_period_prediction,
2026-09-16 10:00:00,24676.744140625,24130.0,actual_period_prediction,
2026-09-16 11:00:00,24373.5859375,23457.5,actual_period_prediction,
2026-09-16 12:00:00,24424.56640625,23791.0,actual_period_prediction,
2026-09-16 13:00:00,24503.92578125,23175.0,actual_period_prediction,
2026-09-16 14:00:00,23889.220703125,23139.0,actual_period_prediction,
2026-09-16 15:00:00,24066.166015625,24036.0,actual_period_prediction,
2026-09-16 16:00:00,25069.908203125,25515.0,actual_period_prediction,
2026-09-16 17:00:00,26984.837890625,27931.5,actual_period_prediction,
2026-09-16 18:00:00,29075.4296875,29929.5,actual_period_prediction,
2026-09-16 19:00:00,30077.142578125,30761.0,actual_period_prediction,
2026-09-16 20:00:00,29085.173828125,29112.5,actual_period_prediction,
2026-09-16 21:00:00,28018.76171875,26536.0,actual_period_prediction,
2026-09-16 22:00:00,25116.615234375,23296.5,actual_period_prediction,
2026-09-16 23:00:00,23140.724609375,20767.0,actual_period_prediction,
2026-09-17 00:00:00,21253.908203125,19875.5,actual_period_prediction,
2026-09-17 01:00:00,20667.94921875,19459.5,actual_period_prediction,
2026-09-17 02:00:00,20293.791015625,18091.0,actual_period_prediction,
2026-09-17 03:00:00,19447.83984375,17728.5,actual_period_prediction,
2026-09-17 04:00:00,18595.34765625,16945.0,actual_period_prediction,
2026-09-17 05:00:00,18833.544921875,17915.0,actual_period_prediction,
2026-09-17 06:00:00,21603.912109375,21196.0,actual_period_prediction,
2026-09-17 07:00:00,25355.294921875,25116.5,actual_period_prediction,
2026-09-17 08:00:00,25556.783203125,26236.0,actual_period_prediction,
2026-09-17 09:00:00,23930.6484375,25396.5,actual_period_prediction,
2026-09-17 10:00:00,23209.3359375,23063.5,actual_period_prediction,
2026-09-17 11:00:00,23117.412109375,21217.5,actual_period_prediction,
2026-09-17 12:00:00,23315.384765625,20799.0,actual_period_prediction,
2026-09-17 13:00:00,22763.669921875,19583.0,actual_period_prediction,
2026-09-17 14:00:00,22826.333984375,19605.0,actual_period_prediction,
2026-09-17 15:00:00,22883.41015625,20220.5,actual_period_prediction,
2026-09-17 16:00:00,23653.96875,23110.5,actual_period_prediction,
2026-09-17 17:00:00,25564.03515625,26236.0,actual_period_prediction,
2026-09-17 18:00:00,27370.962890625,28096.5,actual_period_prediction,
2026-09-17 19:00:00,28041.369140625,29358.0,actual_period_prediction,
2026-09-17 20:00:00,26979.3984375,28583.0,actual_period_prediction,
2026-09-17 21:00:00,25665.1484375,26235.5,actual_period_prediction,
2026-09-17 22:00:00,23075.841796875,23325.5,actual_period_prediction,
2026-09-17 23:00:00,21086.73828125,21295.0,actual_period_prediction,
2026-09-18 00:00:00,20214.48828125,20660.5,actual_period_prediction,
2026-09-18 01:00:00,20109.80859375,20417.0,actual_period_prediction,
2026-09-18 02:00:00,19692.919921875,19854.5,actual_period_prediction,
2026-09-18 03:00:00,18708.572265625,18996.0,actual_period_prediction,
2026-09-18 04:00:00,18846.244140625,18400.5,actual_period_prediction,
2026-09-18 05:00:00,18770.701171875,19031.0,actual_period_prediction,
2026-09-18 06:00:00,21201.5546875,22097.0,actual_period_prediction,
2026-09-18 07:00:00,24671.646484375,25615.5,actual_period_prediction,
2026-09-18 08:00:00,25105.513671875,26011.0,actual_period_prediction,
2026-09-18 09:00:00,24462.115234375,24585.5,actual_period_prediction,
2026-09-18 10:00:00,23101.119140625,22605.5,actual_period_prediction,
2026-09-18 11:00:00,22889.525390625,21613.5,actual_period_prediction,
2026-09-18 12:00:00,23053.9921875,21357.0,actual_period_prediction,
2026-09-18 13:00:00,22313.90625,21913.0,actual_period_prediction,
2026-09-18 14:00:00,23251.2734375,22670.0,actual_period_prediction,
2026-09-18 15:00:00,23917.86328125,23770.5,actual_period_prediction,
2026-09-18 16:00:00,25310.40625,25883.5,actual_period_prediction,
2026-09-18 17:00:00,25505.603515625,27574.0,actual_period_prediction,
2026-09-18 18:00:00,27015.93359375,27951.5,actual_period_prediction,
2026-09-18 19:00:00,27359.7109375,28018.5,actual_period_prediction,
2026-09-18 20:00:00,26446.12890625,26484.0,actual_period_prediction,
2026-09-18 21:00:00,24726.375,24662.5,actual_period_prediction,
2026-09-18 22:00:00,22916.6640625,22223.0,actual_period_prediction,
2026-09-18 23:00:00,21327.572265625,20096.0,actual_period_prediction,
2026-09-19 00:00:00,19694.796875,19589.0,actual_period_prediction,
2026-09-19 01:00:00,19207.322265625,18584.5,actual_period_prediction,
2026-09-19 02:00:00,18594.7109375,17657.0,actual_period_prediction,
2026-09-19 03:00:00,17956.03515625,17200.0,actual_period_prediction,
2026-09-19 04:00:00,17613.83984375,16524.0,actual_period_prediction,
2026-09-19 05:00:00,17543.7421875,16464.5,actual_period_prediction,
2026-09-19 06:00:00,18407.533203125,17624.0,actual_period_prediction,
2026-09-19 07:00:00,19808.025390625,19154.0,actual_period_prediction,
2026-09-19 08:00:00,20106.578125,20729.5,actual_period_prediction,
2026-09-19 09:00:00,19101.49609375,21271.0,actual_period_prediction,
2026-09-19 10:00:00,18004.8359375,20508.0,actual_period_prediction,
2026-09-19 11:00:00,19721.798828125,19892.5,actual_period_prediction,
2026-09-19 12:00:00,20255.931640625,19441.5,actual_period_prediction,
2026-09-19 13:00:00,19912.220703125,19049.5,actual_period_prediction,
2026-09-19 14:00:00,20248.564453125,18674.0,actual_period_prediction,
2026-09-19 15:00:00,20667.70703125,19170.5,actual_period_prediction,
2026-09-19 16:00:00,23117.0625,21029.0,actual_period_prediction,
2026-09-19 17:00:00,23903.490234375,24430.0,actual_period_prediction,
2026-09-19 18:00:00,25677.126953125,25897.5,actual_period_prediction,
2026-09-19 19:00:00,26074.7578125,26324.5,actual_period_prediction,
2026-09-19 20:00:00,25208.3203125,25999.0,actual_period_prediction,
2026-09-19 21:00:00,24021.455078125,24088.0,actual_period_prediction,
2026-09-19 22:00:00,21812.53515625,22022.0,actual_period_prediction,
2026-09-19 23:00:00,20139.29296875,20124.5,actual_period_prediction,
2026-09-20 00:00:00,19836.138671875,19434.0,actual_period_prediction,
2026-09-20 01:00:00,19243.55859375,18868.5,actual_period_prediction,
2026-09-20 02:00:00,17692.0703125,18165.0,actual_period_prediction,
2026-09-20 03:00:00,17293.318359375,17391.0,actual_period_prediction,
2026-09-20 04:00:00,16622.576171875,16884.0,actual_period_prediction,
2026-09-20 05:00:00,16619.091796875,16265.5,actual_period_prediction,
2026-09-20 06:00:00,17202.54296875,17131.0,actual_period_prediction,
2026-09-20 07:00:00,17482.796875,18548.5,actual_period_prediction,
2026-09-20 08:00:00,19591.669921875,19581.5,actual_period_prediction,
2026-09-20 09:00:00,20008.611328125,18689.0,actual_period_prediction,
2026-09-20 10:00:00,20649.302734375,17063.5,actual_period_prediction,
2026-09-20 11:00:00,20834.673828125,15753.0,actual_period_prediction,
2026-09-20 12:00:00,19578.68359375,15357.0,actual_period_prediction,
2026-09-20 13:00:00,19181.017578125,14438.0,actual_period_prediction,
2026-09-20 14:00:00,18524.01953125,14256.5,actual_period_prediction,
2026-09-20 15:00:00,18956.853515625,16069.0,actual_period_prediction,
2026-09-20 16:00:00,21887.287109375,20134.0,actual_period_prediction,
2026-09-20 17:00:00,24705.087890625,25321.5,actual_period_prediction,
2026-09-20 18:00:00,26580.92578125,27796.5,actual_period_prediction,
2026-09-20 19:00:00,26997.359375,28634.0,actual_period_prediction,
2026-09-20 20:00:00,26982.5,27075.5,actual_period_prediction,
2026-09-20 21:00:00,25316.5859375,25204.0,actual_period_prediction,
2026-09-20 22:00:00,23397.337890625,23615.0,actual_period_prediction,
2026-09-20 23:00:00,21563.345703125,21941.5,actual_period_prediction,
2026-09-21 00:00:00,21269.041015625,21834.0,actual_period_prediction,
2026-09-21 01:00:00,21099.12109375,21289.5,actual_period_prediction,
2026-09-21 02:00:00,20581.9453125,20807.0,actual_period_prediction,
2026-09-21 03:00:00,19863.421875,19614.5,actual_period_prediction,
2026-09-21 04:00:00,19763.265625,19991.5,actual_period_prediction,
2026-09-21 05:00:00,19688.865234375,20370.5,actual_period_prediction,
2026-09-21 06:00:00,21926.484375,23499.5,actual_period_prediction,
2026-09-21 07:00:00,24593.587890625,26663.0,actual_period_prediction,
2026-09-21 08:00:00,25489.0546875,27559.5,actual_period_prediction,
2026-09-21 09:00:00,25138.46875,26057.0,actual_period_prediction,
2026-09-21 10:00:00,24558.72265625,23646.0,actual_period_prediction,
2026-09-21 11:00:00,23576.29296875,22616.5,actual_period_prediction,
2026-09-21 12:00:00,23548.78125,22078.0,actual_period_prediction,
2026-09-21 13:00:00,23213.552734375,21291.0,actual_period_prediction,
2026-09-21 14:00:00,23005.21484375,21625.0,actual_period_prediction,
2026-09-21 15:00:00,23012.865234375,23156.0,actual_period_prediction,
2026-09-21 16:00:00,25638.9765625,25753.5,actual_period_prediction,
2026-09-21 17:00:00,27281.474609375,28874.0,actual_period_prediction,
2026-09-21 18:00:00,29086.564453125,30912.0,actual_period_prediction,
2026-09-21 19:00:00,29683.228515625,32033.0,actual_period_prediction,
2026-09-21 20:00:00,28938.619140625,30618.0,actual_period_prediction,
2026-09-21 21:00:00,26890.478515625,27904.0,actual_period_prediction,
2026-09-21 22:00:00,25207.595703125,25086.5,actual_period_prediction,
2026-09-21 23:00:00,24106.712890625,22980.5,actual_period_prediction,
2026-09-22 00:00:00,22446.12109375,22711.5,actual_period_prediction,
2026-09-22 01:00:00,22028.96484375,22270.0,actual_period_prediction,
2026-09-22 02:00:00,21372.865234375,21317.0,actual_period_prediction,
2026-09-22 03:00:00,20696.904296875,20530.5,actual_period_prediction,
2026-09-22 04:00:00,20383.015625,19946.5,actual_period_prediction,
2026-09-22 05:00:00,20670.990234375,20257.0,actual_period_prediction,
2026-09-22 06:00:00,23419.203125,23925.0,actual_period_prediction,
2026-09-22 07:00:00,26744.79296875,27297.5,actual_period_prediction,
2026-09-22 08:00:00,27179.611328125,28208.5,actual_period_prediction,
2026-09-22 09:00:00,26221.73828125,27158.0,actual_period_prediction,
2026-09-22 10:00:00,24687.734375,25378.5,actual_period_prediction,
2026-09-22 11:00:00,24298.03515625,23692.0,actual_period_prediction,
2026-09-22 12:00:00,23816.89453125,22975.0,actual_period_prediction,
2026-09-22 13:00:00,22498.203125,22496.5,actual_period_prediction,
2026-09-22 14:00:00,22072.51171875,23045.0,actual_period_prediction,
2026-09-22 15:00:00,24058.533203125,24559.5,actual_period_prediction,
2026-09-22 16:00:00,25900.76171875,26866.5,actual_period_prediction,
2026-09-22 17:00:00,28704.814453125,29828.5,actual_period_prediction,
2026-09-22 18:00:00,30848.357421875,31127.5,actual_period_prediction,
2026-09-22 19:00:00,30938.859375,31807.5,actual_period_prediction,
2026-09-22 20:00:00,30593.91015625,30482.0,actual_period_prediction,
2026-09-22 21:00:00,28350.67578125,27735.0,actual_period_prediction,
2026-09-22 22:00:00,25612.1328125,25100.0,actual_period_prediction,
2026-09-22 23:00:00,23872.619140625,22522.5,actual_period_prediction,
2026-09-23 00:00:00,23064.1015625,22094.0,actual_period_prediction,
2026-09-23 01:00:00,22774.328125,21715.5,actual_period_prediction,
2026-09-23 02:00:00,21903.798828125,21303.5,actual_period_prediction,
2026-09-23 03:00:00,20930.18359375,19819.5,actual_period_prediction,
2026-09-23 04:00:00,20767.37890625,19730.0,actual_period_prediction,
2026-09-23 05:00:00,21015.96875,20433.5,actual_period_prediction,
2026-09-23 06:00:00,24277.185546875,22857.0,actual_period_prediction,
2026-09-23 07:00:00,27109.0078125,26178.5,actual_period_prediction,
2026-09-23 08:00:00,27913.939453125,27695.5,actual_period_prediction,
2026-09-23 09:00:00,26688.5390625,26344.5,actual_period_prediction,
2026-09-23 10:00:00,24704.66796875,24542.0,actual_period_prediction,
2026-09-23 11:00:00,23525.869140625,23425.5,actual_period_prediction,
2026-09-23 12:00:00,22054.85546875,23503.5,actual_period_prediction,
2026-09-23 13:00:00,21682.9296875,22944.5,actual_period_prediction,
2026-09-23 14:00:00,22118.875,21972.5,actual_period_prediction,
2026-09-23 15:00:00,23215.484375,22197.5,actual_period_prediction,
2026-09-23 16:00:00,25183.75390625,24413.5,actual_period_prediction,
2026-09-23 17:00:00,29066.333984375,27605.5,actual_period_prediction,
2026-09-23 18:00:00,29749.287109375,30004.0,actual_period_prediction,
2026-09-23 19:00:00,30574.529296875,31644.0,actual_period_prediction,
2026-09-23 20:00:00,30503.41796875,30815.0,actual_period_prediction,
2026-09-23 21:00:00,27407.01953125,28574.5,actual_period_prediction,
2026-09-23 22:00:00,24912.580078125,25504.5,actual_period_prediction,
2026-09-23 23:00:00,23343.8046875,23848.5,actual_period_prediction,
2026-09-24 00:00:00,22720.248046875,22794.0,actual_period_prediction,
2026-09-24 01:00:00,21964.21875,22557.5,actual_period_prediction,
2026-09-24 02:00:00,21290.130859375,21742.5,actual_period_prediction,
2026-09-24 03:00:00,20011.068359375,20989.5,actual_period_prediction,
2026-09-24 04:00:00,19753.580078125,20581.0,actual_period_prediction,
2026-09-24 05:00:00,19917.783203125,20747.5,actual_period_prediction,
2026-09-24 06:00:00,22405.90625,23702.5,actual_period_prediction,
2026-09-24 07:00:00,25521.443359375,27211.5,actual_period_prediction,
2026-09-24 08:00:00,26962.576171875,28052.5,actual_period_prediction,
2026-09-24 09:00:00,25849.232421875,26110.0,actual_period_prediction,
2026-09-24 10:00:00,24774.04296875,23594.0,actual_period_prediction,
2026-09-24 11:00:00,24304.619140625,22001.5,actual_period_prediction,
2026-09-24 12:00:00,23610.806640625,21084.0,actual_period_prediction,
2026-09-24 13:00:00,22045.98046875,20544.0,actual_period_prediction,
2026-09-24 14:00:00,21950.3046875,20699.0,actual_period_prediction,
2026-09-24 15:00:00,22983.2890625,21278.5,actual_period_prediction,
2026-09-24 16:00:00,25424.736328125,24220.0,actual_period_prediction,
2026-09-24 17:00:00,27934.51953125,27485.0,actual_period_prediction,
2026-09-24 18:00:00,29584.94921875,29999.5,actual_period_prediction,
2026-09-24 19:00:00,30229.171875,31480.0,actual_period_prediction,
2026-09-24 20:00:00,30041.48046875,29544.0,actual_period_prediction,
2026-09-24 21:00:00,27510.24609375,26918.5,actual_period_prediction,
2026-09-24 22:00:00,24967.470703125,23808.0,actual_period_prediction,
2026-09-24 23:00:00,24232.716796875,22410.5,actual_period_prediction,
2026-09-25 00:00:00,22671.21875,21858.0,actual_period_prediction,
2026-09-25 01:00:00,22797.73828125,22170.5,actual_period_prediction,
2026-09-25 02:00:00,21882.517578125,21503.0,actual_period_prediction,
2026-09-25 03:00:00,21374.92578125,20138.5,actual_period_prediction,
2026-09-25 04:00:00,20390.390625,19664.0,actual_period_prediction,
2026-09-25 05:00:00,20513.255859375,20183.0,actual_period_prediction,
2026-09-25 06:00:00,23567.4921875,23183.5,actual_period_prediction,
2026-09-25 07:00:00,26715.38671875,26823.0,actual_period_prediction,
2026-09-25 08:00:00,27041.068359375,28122.5,actual_period_prediction,
2026-09-25 09:00:00,25383.693359375,27420.5,actual_period_prediction,
2026-09-25 10:00:00,24227.78125,25451.5,actual_period_prediction,
2026-09-25 11:00:00,23706.951171875,24025.5,actual_period_prediction,
2026-09-25 12:00:00,23053.869140625,23776.0,actual_period_prediction,
2026-09-25 13:00:00,22523.15625,23060.0,actual_period_prediction,
2026-09-25 14:00:00,22671.388671875,23329.0,actual_period_prediction,
2026-09-25 15:00:00,23915.462890625,25011.5,actual_period_prediction,
2026-09-25 16:00:00,25461.671875,27755.5,actual_period_prediction,
2026-09-25 17:00:00,27657.521484375,29544.5,actual_period_prediction,
2026-09-25 18:00:00,29591.994140625,30337.5,actual_period_prediction,
2026-09-25 19:00:00,30008.833984375,30804.5,actual_period_prediction,
2026-09-25 20:00:00,28632.16796875,29354.0,actual_period_prediction,
2026-09-25 21:00:00,26918.27734375,27305.5,actual_period_prediction,
2026-09-25 22:00:00,24104.87109375,24860.0,actual_period_prediction,
2026-09-25 23:00:00,22835.943359375,22523.0,actual_period_prediction,
2026-09-26 00:00:00,21356.630859375,21602.5,actual_period_prediction,
2026-09-26 01:00:00,21369.8984375,20798.5,actual_period_prediction,
2026-09-26 02:00:00,19780.626953125,20228.5,actual_period_prediction,
2026-09-26 03:00:00,19234.939453125,19354.5,actual_period_prediction,
2026-09-26 04:00:00,18373.646484375,18581.0,actual_period_prediction,
2026-09-26 05:00:00,18296.330078125,18253.5,actual_period_prediction,
2026-09-26 06:00:00,19389.884765625,19348.0,actual_period_prediction,
2026-09-26 07:00:00,19821.609375,21289.5,actual_period_prediction,
2026-09-26 08:00:00,21076.92578125,22243.0,actual_period_prediction,
2026-09-26 09:00:00,22670.943359375,20861.5,actual_period_prediction,
2026-09-26 10:00:00,20847.306640625,18889.5,actual_period_prediction,
2026-09-26 11:00:00,21071.884765625,17453.0,actual_period_prediction,
2026-09-26 12:00:00,20684.7734375,16548.5,actual_period_prediction,
2026-09-26 13:00:00,21402.96484375,15776.0,actual_period_prediction,
2026-09-26 14:00:00,20715.01953125,15414.0,actual_period_prediction,
2026-09-26 15:00:00,21916.69921875,17082.0,actual_period_prediction,
2026-09-26 16:00:00,23721.892578125,20598.5,actual_period_prediction,
2026-09-26 17:00:00,27250.921875,24818.5,actual_period_prediction,
2026-09-26 18:00:00,27521.40625,26818.5,actual_period_prediction,
2026-09-26 19:00:00,28477.708984375,27707.0,actual_period_prediction,
2026-09-26 20:00:00,26628.8359375,26907.5,actual_period_prediction,
2026-09-26 21:00:00,25018.365234375,24992.5,actual_period_prediction,
2026-09-26 22:00:00,23754.796875,22897.5,actual_period_prediction,
2026-09-26 23:00:00,22178.33203125,21449.5,actual_period_prediction,
2026-09-27 00:00:00,20833.1171875,20677.5,actual_period_prediction,
2026-09-27 01:00:00,19825.455078125,19850.0,actual_period_prediction,
2026-09-27 02:00:00,18904.86328125,19116.0,actual_period_prediction,
2026-09-27 03:00:00,18193.806640625,18344.5,actual_period_prediction,
2026-09-27 04:00:00,17368.4453125,17892.5,actual_period_prediction,
2026-09-27 05:00:00,17313.017578125,17355.0,actual_period_prediction,
2026-09-27 06:00:00,17529.87109375,17872.5,actual_period_prediction,
2026-09-27 07:00:00,18083.4921875,19262.5,actual_period_prediction,
2026-09-27 08:00:00,19792.40234375,20740.5,actual_period_prediction,
2026-09-27 09:00:00,18585.5703125,21497.0,actual_period_prediction,
2026-09-27 10:00:00,18710.19921875,21490.5,actual_period_prediction,
2026-09-27 11:00:00,19655.70703125,22058.0,actual_period_prediction,
2026-09-27 12:00:00,20070.0078125,22996.0,actual_period_prediction,
2026-09-27 13:00:00,21060.26171875,23371.5,actual_period_prediction,
2026-09-27 14:00:00,22541.470703125,23764.5,actual_period_prediction,
2026-09-27 15:00:00,24073.416015625,24946.0,actual_period_prediction,
2026-09-27 16:00:00,21600.662109375,26292.5,actual_period_prediction,
2026-09-27 17:00:00,25058.525390625,28162.0,actual_period_prediction,
2026-09-27 18:00:00,26742.81640625,28858.0,actual_period_prediction,
2026-09-27 19:00:00,26798.326171875,29303.5,actual_period_prediction,
2026-09-27 20:00:00,26666.744140625,28101.5,actual_period_prediction,
2026-09-27 21:00:00,25224.423828125,26139.0,actual_period_prediction,
2026-09-27 22:00:00,23269.302734375,23626.0,actual_period_prediction,
2026-09-27 23:00:00,21672.810546875,21949.5,actual_period_prediction,
2026-09-28 00:00:00,21639.1328125,21655.0,actual_period_prediction,
2026-09-28 01:00:00,21219.759765625,21180.0,actual_period_prediction,
2026-09-28 02:00:00,21044.77734375,20961.5,actual_period_prediction,
2026-09-28 03:00:00,20374.478515625,20030.0,actual_period_prediction,
2026-09-28 04:00:00,19977.126953125,19395.5,actual_period_prediction,
2026-09-28 05:00:00,20887.46484375,19918.5,actual_period_prediction,
2026-09-28 06:00:00,22646.564453125,23576.5,actual_period_prediction,
2026-09-28 07:00:00,24761.619140625,27915.0,actual_period_prediction,
2026-09-28 08:00:00,25467.650390625,28772.0,actual_period_prediction,
2026-09-28 09:00:00,24470.107421875,27955.5,actual_period_prediction,
2026-09-28 10:00:00,24121.72265625,25723.5,actual_period_prediction,
2026-09-28 11:00:00,24457.025390625,23901.0,actual_period_prediction,
2026-09-28 12:00:00,23805.646484375,23451.5,actual_period_prediction,
2026-09-28 13:00:00,23978.52734375,22813.0,actual_period_prediction,
2026-09-28 14:00:00,23663.5234375,23036.5,actual_period_prediction,
2026-09-28 15:00:00,25036.84765625,24665.5,actual_period_prediction,
2026-09-28 16:00:00,26171.732421875,27223.0,actual_period_prediction,
2026-09-28 17:00:00,29050.693359375,29650.0,actual_period_prediction,
2026-09-28 18:00:00,30550.6953125,30788.0,actual_period_prediction,
2026-09-28 19:00:00,30742.544921875,32579.0,actual_period_prediction,
2026-09-28 20:00:00,29508.533203125,30752.0,actual_period_prediction,
2026-09-28 21:00:00,27298.861328125,27785.0,actual_period_prediction,
2026-09-28 22:00:00,25123.140625,25242.5,actual_period_prediction,
2026-09-28 23:00:00,23377.4375,22464.5,actual_period_prediction,
2026-09-29 00:00:00,22179.080078125,22167.5,actual_period_prediction,
2026-09-29 01:00:00,21778.01953125,21968.5,actual_period_prediction,
2026-09-29 02:00:00,21612.91015625,21285.5,actual_period_prediction,
2026-09-29 03:00:00,20331.580078125,20488.0,actual_period_prediction,
2026-09-29 04:00:00,20126.150390625,19949.0,actual_period_prediction,
2026-09-29 05:00:00,19856.888671875,20443.0,actual_period_prediction,
2026-09-29 06:00:00,23989.708984375,23344.5,actual_period_prediction,
2026-09-29 07:00:00,27778.484375,27220.0,actual_period_prediction,
2026-09-29 08:00:00,28941.451171875,29155.5,actual_period_prediction,
2026-09-29 09:00:00,27467.330078125,28535.0,actual_period_prediction,
2026-09-29 10:00:00,25409.958984375,26687.5,actual_period_prediction,
2026-09-29 11:00:00,23920.396484375,24947.5,actual_period_prediction,
2026-09-29 12:00:00,24497.76171875,24745.0,actual_period_prediction,
2026-09-29 13:00:00,24233.3671875,24648.5,actual_period_prediction,
2026-09-29 14:00:00,24178.62890625,24833.5,actual_period_prediction,
2026-09-29 15:00:00,25239.28125,25830.0,actual_period_prediction,
2026-09-29 16:00:00,27424.30078125,27358.0,actual_period_prediction,
2026-09-29 17:00:00,29086.23828125,29363.0,actual_period_prediction,
2026-09-29 18:00:00,29890.166015625,30719.5,actual_period_prediction,
2026-09-29 19:00:00,31260.21484375,31490.5,actual_period_prediction,
2026-09-29 20:00:00,29827.1953125,29480.5,actual_period_prediction,
2026-09-29 21:00:00,27417.845703125,27168.5,actual_period_prediction,
2026-09-29 22:00:00,24817.341796875,24483.5,actual_period_prediction,
2026-09-29 23:00:00,22876.09375,22333.0,actual_period_prediction,
2026-09-30 00:00:00,21676.921875,21781.0,actual_period_prediction,
2026-09-30 01:00:00,21846.833984375,21056.0,actual_period_prediction,
2026-09-30 02:00:00,21166.8046875,20125.5,actual_period_prediction,
2026-09-30 03:00:00,20257.38671875,19236.5,actual_period_prediction,
2026-09-30 04:00:00,19629.697265625,18602.5,actual_period_prediction,
2026-09-30 05:00:00,20279.611328125,19025.0,actual_period_prediction,
2026-09-30 06:00:00,22955.6640625,22858.0,actual_period_prediction,
2026-09-30 07:00:00,26061.38671875,27893.0,actual_period_prediction,
2026-09-30 08:00:00,28057.60546875,28451.5,actual_period_prediction,
2026-09-30 09:00:00,26783.87890625,28058.5,actual_period_prediction,
2026-09-30 10:00:00,25579.935546875,26094.0,actual_period_prediction,
2026-09-30 11:00:00,23674.548828125,24005.5,actual_period_prediction,
2026-09-30 12:00:00,23475.767578125,22217.0,actual_period_prediction,
2026-09-30 13:00:00,22647.3671875,21413.0,actual_period_prediction,
2026-09-30 14:00:00,23306.298828125,20654.0,actual_period_prediction,
2026-09-30 15:00:00,24394.783203125,21668.0,actual_period_prediction,
2026-09-30 16:00:00,25885.603515625,24922.0,actual_period_prediction,
2026-09-30 17:00:00,28198.59375,28778.5,actual_period_prediction,
2026-09-30 18:00:00,29570.06640625,30898.0,actual_period_prediction,
2026-09-30 19:00:00,29617.681640625,31602.0,actual_period_prediction,
2026-09-30 20:00:00,29036.42578125,30383.0,actual_period_prediction,
2026-09-30 21:00:00,27558.763671875,28262.5,actual_period_prediction,
2026-09-30 22:00:00,25434.9609375,25709.5,actual_period_prediction,
2026-09-30 23:00:00,23552.171875,23835.0,actual_period_prediction,
2026-10-01 00:00:00,21971.482421875,22873.0,actual_period_prediction,
2026-10-01 01:00:00,22052.76171875,21946.0,actual_period_prediction,
2026-10-01 02:00:00,20973.15625,21184.5,actual_period_prediction,
2026-10-01 03:00:00,20656.515625,20133.0,actual_period_prediction,
2026-10-01 04:00:00,20010.892578125,19726.5,actual_period_prediction,
2026-10-01 05:00:00,20499.177734375,20436.5,actual_period_prediction,
2026-10-01 06:00:00,23320.07421875,23332.0,actual_period_prediction,
2026-10-01 07:00:00,27411.884765625,27586.0,actual_period_prediction,
2026-10-01 08:00:00,27836.802734375,,recursive_forecast_prediction,
2026-10-01 09:00:00,27076.162109375,,recursive_forecast_prediction,
2026-10-01 10:00:00,25027.31640625,,recursive_forecast_prediction,
2026-10-01 11:00:00,24382.171875,,recursive_forecast_prediction,
