timestamp,predicted_demand_mw,actual_demand_mw,source,missing_features
2026-07-01 00:00:00,23256.7578125,22829.5,actual_period_prediction,
2026-07-01 01:00:00,23304.056640625,22117.0,actual_period_prediction,
2026-07-01 02:00:00,22684.875,21612.5,actual_period_prediction,
2026-07-01 03:00:00,21655.947265625,20720.0,actual_period_prediction,
2026-07-01 04:00:00,21152.25390625,20095.0,actual_period_prediction,
2026-07-01 05:00:00,21212.91796875,20060.0,actual_period_prediction,
2026-07-01 06:00:00,23180.875,21990.5,actual_period_prediction,
2026-07-01 07:00:00,25352.267578125,23831.5,actual_period_prediction,
2026-07-01 08:00:00,25473.884765625,24322.5,actual_period_prediction,
2026-07-01 09:00:00,24667.076171875,24100.0,actual_period_prediction,
2026-07-01 10:00:00,22138.634765625,23922.5,actual_period_prediction,
2026-07-01 11:00:00,21906.17578125,23686.5,actual_period_prediction,
2026-07-01 12:00:00,22457.892578125,23432.5,actual_period_prediction,
2026-07-01 13:00:00,21762.654296875,22548.5,actual_period_prediction,
2026-07-01 14:00:00,22355.076171875,22142.0,actual_period_prediction,
2026-07-01 15:00:00,23522.056640625,21920.5,actual_period_prediction,
2026-07-01 16:00:00,25462.134765625,23040.5,actual_period_prediction,
2026-07-01 17:00:00,27832.0078125,24088.5,actual_period_prediction,
2026-07-01 18:00:00,29315.6328125,25342.0,actual_period_prediction,
2026-07-01 19:00:00,28895.689453125,26428.0,actual_period_prediction,
2026-07-01 20:00:00,28525.3828125,26014.0,actual_period_prediction,
2026-07-01 21:00:00,27491.88671875,25055.5,actual_period_prediction,
2026-07-01 22:00:00,25956.708984375,23019.5,actual_period_prediction,
2026-07-01 23:00:00,23743.51171875,20862.5,actual_period_prediction,
2026-07-02 00:00:00,21563.66796875,20266.0,actual_period_prediction,
2026-07-02 01:00:00,21833.4375,18837.5,actual_period_prediction,
2026-07-02 02:00:00,21131.4765625,16967.0,actual_period_prediction,
2026-07-02 03:00:00,20624.7109375,16576.0,actual_period_prediction,
2026-07-02 04:00:00,19189.478515625,16035.0,actual_period_prediction,
2026-07-02 05:00:00,19241.66796875,16018.0,actual_period_prediction,
2026-07-02 06:00:00,21251.169921875,18384.0,actual_period_prediction,
2026-07-02 07:00:00,22928.974609375,21017.5,actual_period_prediction,
2026-07-02 08:00:00,23548.87109375,21310.5,actual_period_prediction,
2026-07-02 09:00:00,22241.234375,19764.0,actual_period_prediction,
2026-07-02 10:00:00,20314.853515625,17980.0,actual_period_prediction,
2026-07-02 11:00:00,19580.423828125,16281.5,actual_period_prediction,
2026-07-02 12:00:00,19187.259765625,15524.5,actual_period_prediction,
2026-07-02 13:00:00,18770.6484375,14980.0,actual_period_prediction,
2026-07-02 14:00:00,18783.134765625,14642.0,actual_period_prediction,
2026-07-02 15:00:00,19204.380859375,15563.0,actual_period_prediction,
2026-07-02 16:00:00,20260.53125,17994.0,actual_period_prediction,
2026-07-02 17:00:00,22334.958984375,20767.0,actual_period_prediction,
2026-07-02 18:00:00,24169.8671875,23699.5,actual_period_prediction,
2026-07-02 19:00:00,26113.48828125,26000.0,actual_period_prediction,
2026-07-02 20:00:00,26161.365234375,25918.0,actual_period_prediction,
2026-07-02 21:00:00,26161.8046875,25633.0,actual_period_prediction,
2026-07-02 22:00:00,24025.236328125,24875.0,actual_period_prediction,
2026-07-02 23:00:00,22905.67578125,22399.0,actual_period_prediction,
2026-07-03 00:00:00,22541.201171875,21183.0,actual_period_prediction,
2026-07-03 01:00:00,22569.505859375,20703.5,actual_period_prediction,
2026-07-03 02:00:00,21156.900390625,19956.5,actual_period_prediction,
2026-07-03 03:00:00,20821.841796875,19295.0,actual_period_prediction,
2026-07-03 04:00:00,19735.158203125,18689.5,actual_period_prediction,
2026-07-03 05:00:00,20507.486328125,18554.5,actual_period_prediction,
2026-07-03 06:00:00,22934.24609375,20302.5,actual_period_prediction,
2026-07-03 07:00:00,24162.87109375,22252.0,actual_period_prediction,
2026-07-03 08:00:00,24024.068359375,22203.0,actual_period_prediction,
2026-07-03 09:00:00,22979.94140625,20823.5,actual_period_prediction,
2026-07-03 10:00:00,20631.111328125,19133.0,actual_period_prediction,
2026-07-03 11:00:00,19668.021484375,17881.5,actual_period_prediction,
2026-07-03 12:00:00,19061.5625,17127.0,actual_period_prediction,
2026-07-03 13:00:00,18553.55078125,16491.0,actual_period_prediction,
2026-07-03 14:00:00,18937.171875,16624.0,actual_period_prediction,
2026-07-03 15:00:00,18759.583984375,17157.5,actual_period_prediction,
2026-07-03 16:00:00,19992.974609375,19623.5,actual_period_prediction,
2026-07-03 17:00:00,22263.59375,22297.5,actual_period_prediction,
2026-07-03 18:00:00,24386.44921875,24746.0,actual_period_prediction,
2026-07-03 19:00:00,25456.6484375,26554.5,actual_period_prediction,
2026-07-03 20:00:00,25685.966796875,26006.0,actual_period_prediction,
2026-07-03 21:00:00,25992.517578125,25317.0,actual_period_prediction,
2026-07-03 22:00:00,25904.666015625,24532.0,actual_period_prediction,
2026-07-03 23:00:00,23410.26953125,22480.5,actual_period_prediction,
2026-07-04 00:00:00,22830.0859375,21220.0,actual_period_prediction,
2026-07-04 01:00:00,21715.96484375,20315.5,actual_period_prediction,
2026-07-04 02:00:00,20376.4921875,19363.0,actual_period_prediction,
2026-07-04 03:00:00,19414.041015625,18391.0,actual_period_prediction,
2026-07-04 04:00:00,18507.669921875,17733.5,actual_period_prediction,
2026-07-04 05:00:00,18146.201171875,16914.5,actual_period_prediction,
2026-07-04 06:00:00,18040.439453125,17430.5,actual_period_prediction,
2026-07-04 07:00:00,19130.0390625,17843.0,actual_period_prediction,
2026-07-04 08:00:00,18869.673828125,18178.5,actual_period_prediction,
2026-07-04 09:00:00,17660.451171875,18340.0,actual_period_prediction,
2026-07-04 10:00:00,18827.72265625,18193.0,actual_period_prediction,
2026-07-04 11:00:00,19828.599609375,18040.5,actual_period_prediction,
2026-07-04 12:00:00,18603.302734375,17339.5,actual_period_prediction,
2026-07-04 13:00:00,16878.451171875,16241.0,actual_period_prediction,
2026-07-04 14:00:00,17652.376953125,15255.0,actual_period_prediction,
2026-07-04 15:00:00,16780.357421875,15567.5,actual_period_prediction,
2026-07-04 16:00:00,17920.78515625,17345.0,actual_period_prediction,
2026-07-04 17:00:00,20474.513671875,20248.0,actual_period_prediction,
2026-07-04 18:00:00,22753.296875,21887.5,actual_period_prediction,
2026-07-04 19:00:00,24149.33984375,23491.5,actual_period_prediction,
2026-07-04 20:00:00,24683.140625,24116.5,actual_period_prediction,
2026-07-04 21:00:00,24499.265625,23414.0,actual_period_prediction,
2026-07-04 22:00:00,23843.28125,22737.5,actual_period_prediction,
2026-07-04 23:00:00,22315.787109375,21676.5,actual_period_prediction,
2026-07-05 00:00:00,21126.015625,21289.0,actual_period_prediction,
2026-07-05 01:00:00,20229.734375,20257.0,actual_period_prediction,
2026-07-05 02:00:00,19199.142578125,19348.0,actual_period_prediction,
2026-07-05 03:00:00,18666.51953125,18875.5,actual_period_prediction,
2026-07-05 04:00:00,17147.771484375,18239.5,actual_period_prediction,
2026-07-05 05:00:00,17223.912109375,17168.0,actual_period_prediction,
2026-07-05 06:00:00,17449.6875,17319.5,actual_period_prediction,
2026-07-05 07:00:00,17930.330078125,17516.0,actual_period_prediction,
2026-07-05 08:00:00,18444.3203125,18256.5,actual_period_prediction,
2026-07-05 09:00:00,18677.041015625,19071.5,actual_period_prediction,
2026-07-05 10:00:00,18689.623046875,18785.5,actual_period_prediction,
2026-07-05 11:00:00,19211.470703125,17779.0,actual_period_prediction,
2026-07-05 12:00:00,19340.27734375,17632.5,actual_period_prediction,
2026-07-05 13:00:00,18028.076171875,17032.5,actual_period_prediction,
2026-07-05 14:00:00,17303.021484375,16543.5,actual_period_prediction,
2026-07-05 15:00:00,18878.13671875,16979.5,actual_period_prediction,
2026-07-05 16:00:00,19981.013671875,19002.5,actual_period_prediction,
2026-07-05 17:00:00,21580.873046875,22599.5,actual_period_prediction,
2026-07-05 18:00:00,23560.533203125,24868.0,actual_period_prediction,
2026-07-05 19:00:00,23577.3359375,26137.5,actual_period_prediction,
2026-07-05 20:00:00,23630.837890625,25171.0,actual_period_prediction,
2026-07-05 21:00:00,23123.08984375,25208.0,actual_period_prediction,
2026-07-05 22:00:00,22398.158203125,23716.5,actual_period_prediction,
2026-07-05 23:00:00,21280.4765625,22106.5,actual_period_prediction,
2026-07-06 00:00:00,20568.6953125,20860.5,actual_period_prediction,
2026-07-06 01:00:00,19892.7421875,20234.5,actual_period_prediction,
2026-07-06 02:00:00,19728.958984375,19403.5,actual_period_prediction,
2026-07-06 03:00:00,19326.451171875,18615.0,actual_period_prediction,
2026-07-06 04:00:00,18657.603515625,18048.5,actual_period_prediction,
2026-07-06 05:00:00,18529.8515625,17432.0,actual_period_prediction,
2026-07-06 06:00:00,20045.841796875,19778.0,actual_period_prediction,
2026-07-06 07:00:00,22726.80859375,21719.0,actual_period_prediction,
2026-07-06 08:00:00,22739.51171875,21729.0,actual_period_prediction,
2026-07-06 09:00:00,22864.15234375,21191.5,actual_period_prediction,
2026-07-06 10:00:00,22791.64453125,19927.0,actual_period_prediction,
2026-07-06 11:00:00,21910.5234375,19149.0,actual_period_prediction,
2026-07-06 12:00:00,22175.943359375,18346.5,actual_period_prediction,
2026-07-06 13:00:00,20978.048828125,18500.5,actual_period_prediction,
2026-07-06 14:00:00,20577.400390625,18399.5,actual_period_prediction,
2026-07-06 15:00:00,20401.2890625,19689.0,actual_period_prediction,
2026-07-06 16:00:00,23255.19140625,22407.5,actual_period_prediction,
2026-07-06 17:00:00,25000.84375,24910.5,actual_period_prediction,
2026-07-06 18:00:00,25316.72265625,27142.5,actual_period_prediction,
2026-07-06 19:00:00,26640.708984375,28003.5,actual_period_prediction,
2026-07-06 20:00:00,26273.927734375,28021.5,actual_period_prediction,
2026-07-06 21:00:00,25970.0,26964.5,actual_period_prediction,
2026-07-06 22:00:00,25179.3359375,25013.0,actual_period_prediction,
2026-07-06 23:00:00,23487.84765625,22770.5,actual_period_prediction,
2026-07-07 00:00:00,21343.099609375,22276.5,actual_period_prediction,
2026-07-07 01:00:00,20602.09375,20972.0,actual_period_prediction,
2026-07-07 02:00:00,20359.533203125,19926.0,actual_period_prediction,
2026-07-07 03:00:00,19404.0546875,19399.5,actual_period_prediction,
2026-07-07 04:00:00,19055.861328125,18805.5,actual_period_prediction,
2026-07-07 05:00:00,19070.2421875,18421.0,actual_period_prediction,
2026-07-07 06:00:00,20964.154296875,20680.5,actual_period_prediction,
2026-07-07 07:00:00,24209.5390625,23103.0,actual_period_prediction,
2026-07-07 08:00:00,24328.615234375,23235.0,actual_period_prediction,
2026-07-07 09:00:00,24533.583984375,22223.0,actual_period_prediction,
2026-07-07 10:00:00,24100.84375,20479.5,actual_period_prediction,
2026-07-07 11:00:00,22246.6640625,19430.5,actual_period_prediction,
2026-07-07 12:00:00,21535.125,19364.5,actual_period_prediction,
2026-07-07 13:00:00,20915.357421875,19339.0,actual_period_prediction,
2026-07-07 14:00:00,20523.689453125,19559.5,actual_period_prediction,
2026-07-07 15:00:00,21312.310546875,20290.5,actual_period_prediction,
2026-07-07 16:00:00,23017.08984375,22311.0,actual_period_prediction,
2026-07-07 17:00:00,26024.708984375,25542.5,actual_period_prediction,
2026-07-07 18:00:00,27762.25,27870.0,actual_period_prediction,
2026-07-07 19:00:00,28386.15625,29884.5,actual_period_prediction,
2026-07-07 20:00:00,28482.203125,29522.5,actual_period_prediction,
2026-07-07 21:00:00,27685.52734375,29022.0,actual_period_prediction,
2026-07-07 22:00:00,26040.767578125,27237.0,actual_period_prediction,
2026-07-07 23:00:00,24080.8515625,25115.0,actual_period_prediction,
2026-07-08 00:00:00,22755.962890625,24013.5,actual_period_prediction,
2026-07-08 01:00:00,22238.083984375,23254.0,actual_period_prediction,
2026-07-08 02:00:00,21782.2578125,22269.0,actual_period_prediction,
2026-07-08 03:00:00,21053.943359375,21749.5,actual_period_prediction,
2026-07-08 04:00:00,20547.88671875,21193.0,actual_period_prediction,
2026-07-08 05:00:00,20456.83984375,21522.5,actual_period_prediction,
2026-07-08 06:00:00,22081.10546875,23028.5,actual_period_prediction,
2026-07-08 07:00:00,24413.83984375,25274.0,actual_period_prediction,
2026-07-08 08:00:00,24502.80078125,24943.0,actual_period_prediction,
2026-07-08 09:00:00,23992.09375,23874.5,actual_period_prediction,
2026-07-08 10:00:00,23282.302734375,22222.0,actual_period_prediction,
2026-07-08 11:00:00,22054.06640625,21898.0,actual_period_prediction,
2026-07-08 12:00:00,22343.2890625,21637.5,actual_period_prediction,
2026-07-08 13:00:00,22253.04296875,21292.0,actual_period_prediction,
2026-07-08 14:00:00,22290.556640625,21461.0,actual_period_prediction,
2026-07-08 15:00:00,22562.4140625,22270.5,actual_period_prediction,
2026-07-08 16:00:00,24085.5703125,24471.5,actual_period_prediction,
2026-07-08 17:00:00,25539.01171875,27160.5,actual_period_prediction,
2026-07-08 18:00:00,27392.421875,29151.5,actual_period_prediction,
2026-07-08 19:00:00,29735.6875,30946.5,actual_period_prediction,
2026-07-08 20:00:00,30210.833984375,30699.5,actual_period_prediction,
2026-07-08 21:00:00,29276.146484375,30272.0,actual_period_prediction,
2026-07-08 22:00:00,26672.48046875,28506.5,actual_period_prediction,
2026-07-08 23:00:00,25654.099609375,26161.5,actual_period_prediction,
2026-07-09 00:00:00,23510.44140625,25231.0,actual_period_prediction,
2026-07-09 01:00:00,23315.23046875,24296.5,actual_period_prediction,
2026-07-09 02:00:00,22953.75,23041.0,actual_period_prediction,
2026-07-09 03:00:00,22010.068359375,22259.0,actual_period_prediction,
2026-07-09 04:00:00,21197.306640625,21645.5,actual_period_prediction,
2026-07-09 05:00:00,21009.283203125,21335.0,actual_period_prediction,
2026-07-09 06:00:00,22675.990234375,23350.0,actual_period_prediction,
2026-07-09 07:00:00,25067.0,25804.5,actual_period_prediction,
2026-07-09 08:00:00,25348.029296875,25642.5,actual_period_prediction,
2026-07-09 09:00:00,23154.76171875,24047.5,actual_period_prediction,
2026-07-09 10:00:00,21816.11328125,22446.0,actual_period_prediction,
2026-07-09 11:00:00,22200.845703125,21699.0,actual_period_prediction,
2026-07-09 12:00:00,21801.845703125,21313.5,actual_period_prediction,
2026-07-09 13:00:00,21486.140625,20945.5,actual_period_prediction,
2026-07-09 14:00:00,21492.923828125,21049.5,actual_period_prediction,
2026-07-09 15:00:00,22643.19921875,21901.5,actual_period_prediction,
2026-07-09 16:00:00,24027.490234375,24463.0,actual_period_prediction,
2026-07-09 17:00:00,25668.732421875,27213.5,actual_period_prediction,
2026-07-09 18:00:00,27264.419921875,29198.0,actual_period_prediction,
2026-07-09 19:00:00,30735.44140625,30156.5,actual_period_prediction,
2026-07-09 20:00:00,30724.787109375,30104.5,actual_period_prediction,
2026-07-09 21:00:00,30022.6484375,30316.0,actual_period_prediction,
2026-07-09 22:00:00,28188.798828125,28818.0,actual_period_prediction,
2026-07-09 23:00:00,26483.744140625,26275.0,actual_period_prediction,
2026-07-10 00:00:00,25020.298828125,25588.0,actual_period_prediction,
2026-07-10 01:00:00,23337.404296875,24517.5,actual_period_prediction,
2026-07-10 02:00:00,22949.94921875,23417.0,actual_period_prediction,
2026-07-10 03:00:00,22531.224609375,22482.0,actual_period_prediction,
2026-07-10 04:00:00,21607.32421875,21862.0,actual_period_prediction,
2026-07-10 05:00:00,20965.287109375,21624.0,actual_period_prediction,
2026-07-10 06:00:00,22659.765625,23644.0,actual_period_prediction,
2026-07-10 07:00:00,25467.673828125,25762.0,actual_period_prediction,
2026-07-10 08:00:00,25473.365234375,25751.5,actual_period_prediction,
2026-07-10 09:00:00,23420.806640625,24391.5,actual_period_prediction,
2026-07-10 10:00:00,22392.443359375,22865.0,actual_period_prediction,
2026-07-10 11:00:00,21934.462890625,22036.5,actual_period_prediction,
2026-07-10 12:00:00,21717.728515625,21670.5,actual_period_prediction,
2026-07-10 13:00:00,20941.673828125,21513.0,actual_period_prediction,
2026-07-10 14:00:00,20927.251953125,21581.0,actual_period_prediction,
2026-07-10 15:00:00,21778.56640625,21985.5,actual_period_prediction,
2026-07-10 16:00:00,22834.396484375,23743.0,actual_period_prediction,
2026-07-10 17:00:00,24115.8984375,25526.0,actual_period_prediction,
2026-07-10 18:00:00,26749.53125,27397.0,actual_period_prediction,
2026-07-10 19:00:00,29052.384765625,28669.0,actual_period_prediction,
2026-07-10 20:00:00,28720.560546875,28542.5,actual_period_prediction,
2026-07-10 21:00:00,28698.603515625,28231.5,actual_period_prediction,
2026-07-10 22:00:00,27365.0625,27591.5,actual_period_prediction,
2026-07-10 23:00:00,25014.4609375,25368.0,actual_period_prediction,
2026-07-11 00:00:00,22761.37109375,24008.5,actual_period_prediction,
2026-07-11 01:00:00,22242.28125,23022.0,actual_period_prediction,
2026-07-11 02:00:00,21120.49609375,21917.0,actual_period_prediction,
2026-07-11 03:00:00,20356.51171875,20688.0,actual_period_prediction,
2026-07-11 04:00:00,19444.20703125,19903.0,actual_period_prediction,
2026-07-11 05:00:00,19029.404296875,19549.5,actual_period_prediction,
2026-07-11 06:00:00,20739.7421875,20086.0,actual_period_prediction,
2026-07-11 07:00:00,20736.927734375,20662.5,actual_period_prediction,
2026-07-11 08:00:00,20664.869140625,20490.5,actual_period_prediction,
2026-07-11 09:00:00,20288.36328125,19709.5,actual_period_prediction,
2026-07-11 10:00:00,19670.501953125,18514.0,actual_period_prediction,
2026-07-11 11:00:00,18555.98046875,17268.5,actual_period_prediction,
2026-07-11 12:00:00,17443.978515625,16466.5,actual_period_prediction,
2026-07-11 13:00:00,17673.66015625,15611.5,actual_period_prediction,
2026-07-11 14:00:00,18780.7421875,15603.5,actual_period_prediction,
2026-07-11 15:00:00,19332.8359375,16598.0,actual_period_prediction,
2026-07-11 16:00:00,20710.013671875,18665.0,actual_period_prediction,
2026-07-11 17:00:00,22289.560546875,21676.5,actual_period_prediction,
2026-07-11 18:00:00,23272.43359375,23718.5,actual_period_prediction,
2026-07-11 19:00:00,24613.708984375,25750.5,actual_period_prediction,
2026-07-11 20:00:00,24944.212890625,26080.5,actual_period_prediction,
2026-07-11 21:00:00,24087.994140625,24877.5,actual_period_prediction,
2026-07-11 22:00:00,23632.689453125,24094.5,actual_period_prediction,
2026-07-11 23:00:00,23103.0234375,22857.0,actual_period_prediction,
2026-07-12 00:00:00,21962.798828125,22371.0,actual_period_prediction,
2026-07-12 01:00:00,20723.390625,21571.0,actual_period_prediction,
2026-07-12 02:00:00,19956.369140625,20305.5,actual_period_prediction,
2026-07-12 03:00:00,18573.64453125,19303.5,actual_period_prediction,
2026-07-12 04:00:00,17873.248046875,18625.0,actual_period_prediction,
2026-07-12 05:00:00,17478.294921875,17645.0,actual_period_prediction,
2026-07-12 06:00:00,17489.30859375,17245.5,actual_period_prediction,
2026-07-12 07:00:00,17329.51953125,16831.5,actual_period_prediction,
2026-07-12 08:00:00,17515.5546875,16258.5,actual_period_prediction,
2026-07-12 09:00:00,17807.998046875,14802.5,actual_period_prediction,
2026-07-12 10:00:00,17453.251953125,13887.0,actual_period_prediction,
2026-07-12 11:00:00,16230.5244140625,13046.0,actual_period_prediction,
2026-07-12 12:00:00,15783.173828125,13010.0,actual_period_prediction,
2026-07-12 13:00:00,15351.4306640625,12954.0,actual_period_prediction,
2026-07-12 14:00:00,15598.3984375,13012.5,actual_period_prediction,
2026-07-12 15:00:00,15613.4775390625,14011.5,actual_period_prediction,
2026-07-12 16:00:00,17784.701171875,16423.5,actual_period_prediction,
2026-07-12 17:00:00,19585.044921875,19800.5,actual_period_prediction,
2026-07-12 18:00:00,22339.08203125,22183.5,actual_period_prediction,
2026-07-12 19:00:00,24322.5859375,24446.0,actual_period_prediction,
2026-07-12 20:00:00,25123.056640625,25214.5,actual_period_prediction,
2026-07-12 21:00:00,24205.884765625,24940.5,actual_period_prediction,
2026-07-12 22:00:00,22895.32421875,24047.0,actual_period_prediction,
2026-07-12 23:00:00,21970.228515625,22403.0,actual_period_prediction,
2026-07-13 00:00:00,21790.724609375,21261.0,actual_period_prediction,
2026-07-13 01:00:00,20554.978515625,20714.0,actual_period_prediction,
2026-07-13 02:00:00,19845.20703125,19909.5,actual_period_prediction,
2026-07-13 03:00:00,19092.109375,19065.0,actual_period_prediction,
2026-07-13 04:00:00,18437.564453125,18337.5,actual_period_prediction,
2026-07-13 05:00:00,18222.310546875,18079.0,actual_period_prediction,
2026-07-13 06:00:00,19826.302734375,20757.0,actual_period_prediction,
2026-07-13 07:00:00,21696.65234375,23216.0,actual_period_prediction,
2026-07-13 08:00:00,21522.6640625,23444.5,actual_period_prediction,
2026-07-13 09:00:00,21422.3984375,22661.0,actual_period_prediction,
2026-07-13 10:00:00,20845.458984375,20917.5,actual_period_prediction,
2026-07-13 11:00:00,19482.9921875,19417.0,actual_period_prediction,
2026-07-13 12:00:00,18189.349609375,18329.5,actual_period_prediction,
2026-07-13 13:00:00,18126.259765625,17300.5,actual_period_prediction,
2026-07-13 14:00:00,18133.04296875,17060.5,actual_period_prediction,
2026-07-13 15:00:00,18795.529296875,17664.5,actual_period_prediction,
2026-07-13 16:00:00,19312.146484375,19485.0,actual_period_prediction,
2026-07-13 17:00:00,23225.857421875,22289.5,actual_period_prediction,
2026-07-13 18:00:00,24281.451171875,25172.0,actual_period_prediction,
2026-07-13 19:00:00,25732.20703125,26826.0,actual_period_prediction,
2026-07-13 20:00:00,26385.673828125,26833.5,actual_period_prediction,
2026-07-13 21:00:00,25796.369140625,26831.5,actual_period_prediction,
2026-07-13 22:00:00,24772.923828125,24789.0,actual_period_prediction,
2026-07-13 23:00:00,22482.609375,22982.0,actual_period_prediction,
2026-07-14 00:00:00,20838.408203125,21916.0,actual_period_prediction,
2026-07-14 01:00:00,20693.255859375,20934.5,actual_period_prediction,
2026-07-14 02:00:00,20011.712890625,20599.0,actual_period_prediction,
2026-07-14 03:00:00,19544.22265625,19717.5,actual_period_prediction,
2026-07-14 04:00:00,18858.990234375,19134.0,actual_period_prediction,
2026-07-14 05:00:00,18561.42578125,18888.5,actual_period_prediction,
2026-07-14 06:00:00,20064.150390625,20808.0,actual_period_prediction,
2026-07-14 07:00:00,23598.65234375,23123.0,actual_period_prediction,
2026-07-14 08:00:00,23407.828125,24291.0,actual_period_prediction,
2026-07-14 09:00:00,22690.794921875,23204.5,actual_period_prediction,
2026-07-14 10:00:00,21740.572265625,21815.5,actual_period_prediction,
2026-07-14 11:00:00,20075.99609375,20306.5,actual_period_prediction,
2026-07-14 12:00:00,19518.380859375,19229.5,actual_period_prediction,
2026-07-14 13:00:00,19732.517578125,17884.0,actual_period_prediction,
2026-07-14 14:00:00,19796.083984375,17782.5,actual_period_prediction,
2026-07-14 15:00:00,20576.873046875,18607.5,actual_period_prediction,
2026-07-14 16:00:00,21196.65234375,21221.5,actual_period_prediction,
2026-07-14 17:00:00,23958.55859375,23691.0,actual_period_prediction,
2026-07-14 18:00:00,25754.7578125,26245.5,actual_period_prediction,
2026-07-14 19:00:00,27376.994140625,28020.5,actual_period_prediction,
2026-07-14 20:00:00,28055.177734375,28268.0,actual_period_prediction,
2026-07-14 21:00:00,27448.283203125,27681.5,actual_period_prediction,
2026-07-14 22:00:00,25930.9296875,26584.5,actual_period_prediction,
2026-07-14 23:00:00,23856.3984375,24201.0,actual_period_prediction,
2026-07-15 00:00:00,22191.474609375,23450.5,actual_period_prediction,
2026-07-15 01:00:00,21610.853515625,22737.5,actual_period_prediction,
2026-07-15 02:00:00,20878.783203125,21503.0,actual_period_prediction,
2026-07-15 03:00:00,20310.18359375,20803.0,actual_period_prediction,
2026-07-15 04:00:00,19996.0078125,20040.5,actual_period_prediction,
2026-07-15 05:00:00,20218.232421875,19863.0,actual_period_prediction,
2026-07-15 06:00:00,22018.419921875,21910.0,actual_period_prediction,
2026-07-15 07:00:00,24077.3203125,24773.0,actual_period_prediction,
2026-07-15 08:00:00,24440.294921875,25894.0,actual_period_prediction,
2026-07-15 09:00:00,23306.140625,24827.5,actual_period_prediction,
2026-07-15 10:00:00,22021.96875,22739.0,actual_period_prediction,
2026-07-15 11:00:00,20518.2890625,20825.5,actual_period_prediction,
2026-07-15 12:00:00,19510.494140625,19242.0,actual_period_prediction,
2026-07-15 13:00:00,19274.408203125,18348.0,actual_period_prediction,
2026-07-15 14:00:00,19788.244140625,18697.0,actual_period_prediction,
2026-07-15 15:00:00,20318.9296875,19530.5,actual_period_prediction,
2026-07-15 16:00:00,22352.830078125,21529.0,actual_period_prediction,
2026-07-15 17:00:00,24599.361328125,24375.0,actual_period_prediction,
2026-07-15 18:00:00,26195.333984375,27025.0,actual_period_prediction,
2026-07-15 19:00:00,28069.451171875,28692.5,actual_period_prediction,
2026-07-15 20:00:00,28379.6484375,27821.5,actual_period_prediction,
2026-07-15 21:00:00,27882.33984375,27043.0,actual_period_prediction,
2026-07-15 22:00:00,27205.76171875,26081.0,actual_period_prediction,
2026-07-15 23:00:00,25163.126953125,24476.5,actual_period_prediction,
2026-07-16 00:00:00,23832.66015625,23589.5,actual_period_prediction,
2026-07-16 01:00:00,22860.22265625,22430.0,actual_period_prediction,
2026-07-16 02:00:00,21769.966796875,21532.5,actual_period_prediction,
2026-07-16 03:00:00,20875.548828125,20509.0,actual_period_prediction,
2026-07-16 04:00:00,20599.388671875,20115.0,actual_period_prediction,
2026-07-16 05:00:00,20423.869140625,20002.5,actual_period_prediction,
2026-07-16 06:00:00,22813.1640625,21918.0,actual_period_prediction,
2026-07-16 07:00:00,24984.7734375,24423.5,actual_period_prediction,
2026-07-16 08:00:00,25284.849609375,24489.5,actual_period_prediction,
2026-07-16 09:00:00,23491.873046875,22944.0,actual_period_prediction,
2026-07-16 10:00:00,22222.625,21315.0,actual_period_prediction,
2026-07-16 11:00:00,19763.40625,19866.0,actual_period_prediction,
2026-07-16 12:00:00,19409.9375,19351.0,actual_period_prediction,
2026-07-16 13:00:00,20258.1484375,19225.5,actual_period_prediction,
2026-07-16 14:00:00,19994.59765625,19744.5,actual_period_prediction,
2026-07-16 15:00:00,20668.515625,20452.5,actual_period_prediction,
2026-07-16 16:00:00,23241.533203125,22748.0,actual_period_prediction,
2026-07-16 17:00:00,25743.62890625,25049.5,actual_period_prediction,
2026-07-16 18:00:00,26795.068359375,26762.5,actual_period_prediction,
2026-07-16 19:00:00,28738.962890625,28189.0,actual_period_prediction,
2026-07-16 20:00:00,28151.541015625,28393.0,actual_period_prediction,
2026-07-16 21:00:00,27986.646484375,28314.5,actual_period_prediction,
2026-07-16 22:00:00,26745.8125,27074.0,actual_period_prediction,
2026-07-16 23:00:00,25469.53515625,25180.5,actual_period_prediction,
2026-07-17 00:00:00,24025.994140625,24189.5,actual_period_prediction,
2026-07-17 01:00:00,23312.724609375,22966.5,actual_period_prediction,
2026-07-17 02:00:00,22067.373046875,21767.5,actual_period_prediction,
2026-07-17 03:00:00,21167.44140625,20950.0,actual_period_prediction,
2026-07-17 04:00:00,20592.57421875,20646.0,actual_period_prediction,
2026-07-17 05:00:00,20524.36328125,20512.5,actual_period_prediction,
2026-07-17 06:00:00,22938.955078125,22422.0,actual_period_prediction,
2026-07-17 07:00:00,25180.2109375,24710.5,actual_period_prediction,
2026-07-17 08:00:00,25144.208984375,24560.5,actual_period_prediction,
2026-07-17 09:00:00,23958.751953125,23224.0,actual_period_prediction,
2026-07-17 10:00:00,21688.095703125,21174.0,actual_period_prediction,
2026-07-17 11:00:00,20613.390625,19952.5,actual_period_prediction,
2026-07-17 12:00:00,19741.328125,19179.5,actual_period_prediction,
2026-07-17 13:00:00,19562.275390625,18685.0,actual_period_prediction,
2026-07-17 14:00:00,19814.71484375,18752.5,actual_period_prediction,
2026-07-17 15:00:00,19870.326171875,19167.0,actual_period_prediction,
2026-07-17 16:00:00,22417.091796875,20892.5,actual_period_prediction,
2026-07-17 17:00:00,25255.3359375,23217.5,actual_period_prediction,
2026-07-17 18:00:00,26230.2578125,25419.0,actual_period_prediction,
2026-07-17 19:00:00,28173.44140625,26897.0,actual_period_prediction,
2026-07-17 20:00:00,28147.48828125,27058.0,actual_period_prediction,
2026-07-17 21:00:00,27999.55859375,26767.5,actual_period_prediction,
2026-07-17 22:00:00,27285.078125,25552.0,actual_period_prediction,
2026-07-17 23:00:00,25028.1953125,24296.0,actual_period_prediction,
2026-07-18 00:00:00,23600.451171875,23305.5,actual_period_prediction,
2026-07-18 01:00:00,22266.568359375,21981.5,actual_period_prediction,
2026-07-18 02:00:00,21366.548828125,21228.5,actual_period_prediction,
2026-07-18 03:00:00,19894.396484375,20241.0,actual_period_prediction,
2026-07-18 04:00:00,19058.109375,19506.0,actual_period_prediction,
2026-07-18 05:00:00,18770.4453125,18654.5,actual_period_prediction,
2026-07-18 06:00:00,20118.775390625,19081.5,actual_period_prediction,
2026-07-18 07:00:00,20999.17578125,19583.0,actual_period_prediction,
2026-07-18 08:00:00,20721.6796875,19763.0,actual_period_prediction,
2026-07-18 09:00:00,19642.759765625,19719.5,actual_period_prediction,
2026-07-18 10:00:00,18789.412109375,19133.0,actual_period_prediction,
2026-07-18 11:00:00,18378.927734375,18178.5,actual_period_prediction,
2026-07-18 12:00:00,17970.482421875,17672.5,actual_period_prediction,
2026-07-18 13:00:00,17625.4765625,17171.5,actual_period_prediction,
2026-07-18 14:00:00,17880.75,16955.0,actual_period_prediction,
2026-07-18 15:00:00,17862.283203125,16884.5,actual_period_prediction,
2026-07-18 16:00:00,19597.30078125,18296.0,actual_period_prediction,
2026-07-18 17:00:00,22685.826171875,20912.0,actual_period_prediction,
2026-07-18 18:00:00,24239.734375,22855.5,actual_period_prediction,
2026-07-18 19:00:00,26131.466796875,23885.0,actual_period_prediction,
2026-07-18 20:00:00,26166.755859375,24094.5,actual_period_prediction,
2026-07-18 21:00:00,25927.51953125,24021.0,actual_period_prediction,
2026-07-18 22:00:00,24417.14453125,23502.5,actual_period_prediction,
2026-07-18 23:00:00,23458.505859375,21982.0,actual_period_prediction,
2026-07-19 00:00:00,22377.470703125,21354.0,actual_period_prediction,
2026-07-19 01:00:00,21555.55859375,20004.0,actual_period_prediction,
2026-07-19 02:00:00,19849.423828125,19014.5,actual_period_prediction,
2026-07-19 03:00:00,19117.14453125,18449.0,actual_period_prediction,
2026-07-19 04:00:00,18343.50390625,17970.5,actual_period_prediction,
2026-07-19 05:00:00,17962.767578125,16613.0,actual_period_prediction,
2026-07-19 06:00:00,17963.98828125,16605.5,actual_period_prediction,
2026-07-19 07:00:00,18254.263671875,16663.0,actual_period_prediction,
2026-07-19 08:00:00,18024.00390625,16721.0,actual_period_prediction,
2026-07-19 09:00:00,18110.28125,16060.5,actual_period_prediction,
2026-07-19 10:00:00,17434.67578125,15332.5,actual_period_prediction,
2026-07-19 11:00:00,16769.640625,15206.0,actual_period_prediction,
2026-07-19 12:00:00,16005.78125,15441.5,actual_period_prediction,
2026-07-19 13:00:00,15506.814453125,14794.5,actual_period_prediction,
2026-07-19 14:00:00,15555.4228515625,13913.5,actual_period_prediction,
2026-07-19 15:00:00,16163.435546875,14245.0,actual_period_prediction,
2026-07-19 16:00:00,18162.8359375,16351.5,actual_period_prediction,
2026-07-19 17:00:00,20935.39453125,19239.5,actual_period_prediction,
2026-07-19 18:00:00,23281.076171875,22673.0,actual_period_prediction,
2026-07-19 19:00:00,25394.31640625,24722.0,actual_period_prediction,
2026-07-19 20:00:00,25462.376953125,24879.0,actual_period_prediction,
2026-07-19 21:00:00,25189.044921875,25200.5,actual_period_prediction,
2026-07-19 22:00:00,24112.5625,23858.5,actual_period_prediction,
2026-07-19 23:00:00,22944.025390625,22254.5,actual_period_prediction,
2026-07-20 00:00:00,21784.734375,21607.5,actual_period_prediction,
2026-07-20 01:00:00,20860.2890625,20700.0,actual_period_prediction,
2026-07-20 02:00:00,20744.1796875,19759.5,actual_period_prediction,
2026-07-20 03:00:00,20134.732421875,18922.5,actual_period_prediction,
2026-07-20 04:00:00,19480.927734375,18414.0,actual_period_prediction,
2026-07-20 05:00:00,19321.0234375,18692.5,actual_period_prediction,
2026-07-20 06:00:00,20826.4296875,21011.5,actual_period_prediction,
2026-07-20 07:00:00,22931.66015625,22644.0,actual_period_prediction,
2026-07-20 08:00:00,23007.23046875,22574.5,actual_period_prediction,
2026-07-20 09:00:00,21659.08203125,21182.0,actual_period_prediction,
2026-07-20 10:00:00,21368.078125,19469.5,actual_period_prediction,
2026-07-20 11:00:00,20187.22265625,18178.5,actual_period_prediction,
2026-07-20 12:00:00,19735.919921875,17649.5,actual_period_prediction,
2026-07-20 13:00:00,19426.48828125,17410.0,actual_period_prediction,
2026-07-20 14:00:00,19616.744140625,17591.5,actual_period_prediction,
2026-07-20 15:00:00,20354.443359375,18725.0,actual_period_prediction,
2026-07-20 16:00:00,22351.1640625,21014.0,actual_period_prediction,
2026-07-20 17:00:00,24106.25,23824.0,actual_period_prediction,
2026-07-20 18:00:00,26126.796875,26040.0,actual_period_prediction,
2026-07-20 19:00:00,26526.248046875,27304.0,actual_period_prediction,
2026-07-20 20:00:00,26592.81640625,27282.0,actual_period_prediction,
2026-07-20 21:00:00,26496.375,26535.0,actual_period_prediction,
2026-07-20 22:00:00,25737.734375,25288.5,actual_period_prediction,
2026-07-20 23:00:00,23887.048828125,23685.0,actual_period_prediction,
2026-07-21 00:00:00,22544.875,22658.5,actual_period_prediction,
2026-07-21 01:00:00,21560.060546875,21580.5,actual_period_prediction,
2026-07-21 02:00:00,20877.59765625,21077.5,actual_period_prediction,
2026-07-21 03:00:00,20439.70703125,20452.5,actual_period_prediction,
2026-07-21 04:00:00,20084.205078125,19889.0,actual_period_prediction,
2026-07-21 05:00:00,20113.0859375,19589.0,actual_period_prediction,
2026-07-21 06:00:00,21712.810546875,21497.5,actual_period_prediction,
2026-07-21 07:00:00,23905.501953125,23845.5,actual_period_prediction,
2026-07-21 08:00:00,23896.02734375,24294.5,actual_period_prediction,
2026-07-21 09:00:00,23450.0,23683.5,actual_period_prediction,
2026-07-21 10:00:00,22375.583984375,22707.5,actual_period_prediction,
2026-07-21 11:00:00,21507.05859375,22481.0,actual_period_prediction,
2026-07-21 12:00:00,20983.150390625,22090.0,actual_period_prediction,
2026-07-21 13:00:00,20378.724609375,21818.5,actual_period_prediction,
2026-07-21 14:00:00,20315.556640625,21782.5,actual_period_prediction,
2026-07-21 15:00:00,21299.94921875,21849.0,actual_period_prediction,
2026-07-21 16:00:00,22370.2734375,22976.0,actual_period_prediction,
2026-07-21 17:00:00,23527.546875,25054.5,actual_period_prediction,
2026-07-21 18:00:00,26503.9296875,26033.5,actual_period_prediction,
2026-07-21 19:00:00,28316.404296875,27356.0,actual_period_prediction,
2026-07-21 20:00:00,28040.546875,27226.5,actual_period_prediction,
2026-07-21 21:00:00,27324.181640625,27149.0,actual_period_prediction,
2026-07-21 22:00:00,25989.7265625,26055.5,actual_period_prediction,
2026-07-21 23:00:00,24606.791015625,23769.5,actual_period_prediction,
2026-07-22 00:00:00,23190.7890625,22828.5,actual_period_prediction,
2026-07-22 01:00:00,22222.953125,21962.5,actual_period_prediction,
2026-07-22 02:00:00,21929.28515625,21533.0,actual_period_prediction,
2026-07-22 03:00:00,21204.421875,20757.0,actual_period_prediction,
2026-07-22 04:00:00,20277.837890625,20522.5,actual_period_prediction,
2026-07-22 05:00:00,20277.837890625,20126.5,actual_period_prediction,
2026-07-22 06:00:00,21957.857421875,21951.5,actual_period_prediction,
2026-07-22 07:00:00,24765.291015625,24828.5,actual_period_prediction,
2026-07-22 08:00:00,24945.451171875,25334.0,actual_period_prediction,
2026-07-22 09:00:00,24611.14453125,24793.5,actual_period_prediction,
2026-07-22 10:00:00,23425.439453125,23315.0,actual_period_prediction,
2026-07-22 11:00:00,22347.701171875,23015.5,actual_period_prediction,
2026-07-22 12:00:00,22323.263671875,22967.5,actual_period_prediction,
2026-07-22 13:00:00,21825.76171875,22356.5,actual_period_prediction,
2026-07-22 14:00:00,22118.853515625,21684.0,actual_period_prediction,
2026-07-22 15:00:00,21753.421875,22191.5,actual_period_prediction,
2026-07-22 16:00:00,23335.6484375,23526.0,actual_period_prediction,
2026-07-22 17:00:00,25819.875,25611.0,actual_period_prediction,
2026-07-22 18:00:00,27012.306640625,27487.5,actual_period_prediction,
2026-07-22 19:00:00,27897.908203125,28457.0,actual_period_prediction,
2026-07-22 20:00:00,27936.970703125,27864.0,actual_period_prediction,
2026-07-22 21:00:00,27881.978515625,27207.0,actual_period_prediction,
2026-07-22 22:00:00,26301.46875,25876.5,actual_period_prediction,
2026-07-22 23:00:00,25009.462890625,24170.5,actual_period_prediction,
2026-07-23 00:00:00,23150.1015625,23645.5,actual_period_prediction,
2026-07-23 01:00:00,22868.6328125,22867.5,actual_period_prediction,
2026-07-23 02:00:00,21809.330078125,21843.5,actual_period_prediction,
2026-07-23 03:00:00,20607.625,21182.0,actual_period_prediction,
2026-07-23 04:00:00,20487.484375,20143.5,actual_period_prediction,
2026-07-23 05:00:00,20292.4296875,19938.5,actual_period_prediction,
2026-07-23 06:00:00,22566.5390625,21819.5,actual_period_prediction,
2026-07-23 07:00:00,24953.388671875,23822.0,actual_period_prediction,
2026-07-23 08:00:00,24969.11328125,24684.5,actual_period_prediction,
2026-07-23 09:00:00,24996.138671875,23553.5,actual_period_prediction,
2026-07-23 10:00:00,23347.765625,22580.5,actual_period_prediction,
2026-07-23 11:00:00,22165.626953125,22331.5,actual_period_prediction,
2026-07-23 12:00:00,20956.642578125,22151.5,actual_period_prediction,
2026-07-23 13:00:00,20476.357421875,22162.5,actual_period_prediction,
2026-07-23 14:00:00,20951.337890625,22032.0,actual_period_prediction,
2026-07-23 15:00:00,21830.697265625,22128.0,actual_period_prediction,
2026-07-23 16:00:00,22555.46875,23079.0,actual_period_prediction,
2026-07-23 17:00:00,25202.865234375,25065.5,actual_period_prediction,
2026-07-23 18:00:00,27126.05078125,26680.0,actual_period_prediction,
2026-07-23 19:00:00,28009.564453125,28007.5,actual_period_prediction,
2026-07-23 20:00:00,27701.87890625,27738.5,actual_period_prediction,
2026-07-23 21:00:00,27567.81640625,26923.0,actual_period_prediction,
2026-07-23 22:00:00,26106.591796875,25491.0,actual_period_prediction,
2026-07-23 23:00:00,24761.626953125,23631.0,actual_period_prediction,
2026-07-24 00:00:00,23353.2421875,22677.0,actual_period_prediction,
2026-07-24 01:00:00,22375.703125,22013.5,actual_period_prediction,
2026-07-24 02:00:00,21710.84375,21160.5,actual_period_prediction,
2026-07-24 03:00:00,20562.689453125,20439.0,actual_period_prediction,
2026-07-24 04:00:00,19533.798828125,19553.5,actual_period_prediction,
2026-07-24 05:00:00,19533.798828125,19143.5,actual_period_prediction,
2026-07-24 06:00:00,21508.16015625,20820.0,actual_period_prediction,
2026-07-24 07:00:00,24421.669921875,22951.5,actual_period_prediction,
2026-07-24 08:00:00,24671.2890625,23281.0,actual_period_prediction,
2026-07-24 09:00:00,23243.478515625,21919.0,actual_period_prediction,
2026-07-24 10:00:00,22370.3984375,20259.5,actual_period_prediction,
2026-07-24 11:00:00,21749.974609375,18962.0,actual_period_prediction,
2026-07-24 12:00:00,20896.025390625,18451.0,actual_period_prediction,
2026-07-24 13:00:00,20123.03515625,17729.5,actual_period_prediction,
2026-07-24 14:00:00,20018.546875,17937.5,actual_period_prediction,
2026-07-24 15:00:00,20609.359375,18503.0,actual_period_prediction,
2026-07-24 16:00:00,21499.107421875,20265.0,actual_period_prediction,
2026-07-24 17:00:00,23477.046875,22789.5,actual_period_prediction,
2026-07-24 18:00:00,25204.845703125,24690.0,actual_period_prediction,
2026-07-24 19:00:00,26685.646484375,25843.0,actual_period_prediction,
2026-07-24 20:00:00,26775.376953125,26028.0,actual_period_prediction,
2026-07-24 21:00:00,26340.38671875,26226.5,actual_period_prediction,
2026-07-24 22:00:00,24972.74609375,24747.0,actual_period_prediction,
2026-07-24 23:00:00,24031.8828125,22785.0,actual_period_prediction,
2026-07-25 00:00:00,22929.09765625,21792.5,actual_period_prediction,
2026-07-25 01:00:00,21893.740234375,20848.5,actual_period_prediction,
2026-07-25 02:00:00,20404.205078125,19796.5,actual_period_prediction,
2026-07-25 03:00:00,18707.470703125,18633.5,actual_period_prediction,
2026-07-25 04:00:00,17862.552734375,17914.0,actual_period_prediction,
2026-07-25 05:00:00,17020.01953125,17250.0,actual_period_prediction,
2026-07-25 06:00:00,17545.021484375,17703.5,actual_period_prediction,
2026-07-25 07:00:00,19380.419921875,18076.0,actual_period_prediction,
2026-07-25 08:00:00,18944.08984375,17668.5,actual_period_prediction,
2026-07-25 09:00:00,18539.69921875,16560.0,actual_period_prediction,
2026-07-25 10:00:00,17734.91015625,15519.0,actual_period_prediction,
2026-07-25 11:00:00,16350.8857421875,14993.0,actual_period_prediction,
2026-07-25 12:00:00,15091.92578125,14619.5,actual_period_prediction,
2026-07-25 13:00:00,15692.421875,14512.5,actual_period_prediction,
2026-07-25 14:00:00,14165.9091796875,14879.5,actual_period_prediction,
2026-07-25 15:00:00,14730.9345703125,16170.5,actual_period_prediction,
2026-07-25 16:00:00,17127.96484375,18455.5,actual_period_prediction,
2026-07-25 17:00:00,20560.25390625,21604.0,actual_period_prediction,
2026-07-25 18:00:00,23103.537109375,23442.5,actual_period_prediction,
2026-07-25 19:00:00,24016.0546875,24273.0,actual_period_prediction,
2026-07-25 20:00:00,24097.984375,24877.5,actual_period_prediction,
2026-07-25 21:00:00,24225.021484375,24639.0,actual_period_prediction,
2026-07-25 22:00:00,23253.318359375,23577.0,actual_period_prediction,
2026-07-25 23:00:00,22891.76171875,22149.0,actual_period_prediction,
2026-07-26 00:00:00,21527.31640625,21212.0,actual_period_prediction,
2026-07-26 01:00:00,20163.48828125,20431.5,actual_period_prediction,
2026-07-26 02:00:00,19700.919921875,19018.5,actual_period_prediction,
2026-07-26 03:00:00,18694.59765625,17988.0,actual_period_prediction,
2026-07-26 04:00:00,17986.658203125,17339.5,actual_period_prediction,
2026-07-26 05:00:00,17458.033203125,16577.0,actual_period_prediction,
2026-07-26 06:00:00,18097.06640625,16826.0,actual_period_prediction,
2026-07-26 07:00:00,18015.076171875,17052.5,actual_period_prediction,
2026-07-26 08:00:00,18042.51171875,17848.0,actual_period_prediction,
2026-07-26 09:00:00,17953.2578125,17769.0,actual_period_prediction,
2026-07-26 10:00:00,18690.66015625,17449.0,actual_period_prediction,
2026-07-26 11:00:00,19162.556640625,16411.5,actual_period_prediction,
2026-07-26 12:00:00,19664.09375,16159.0,actual_period_prediction,
2026-07-26 13:00:00,17427.51171875,15609.0,actual_period_prediction,
2026-07-26 14:00:00,16516.34765625,15275.5,actual_period_prediction,
2026-07-26 15:00:00,16893.50390625,15872.0,actual_period_prediction,
2026-07-26 16:00:00,17871.298828125,17801.0,actual_period_prediction,
2026-07-26 17:00:00,21318.51171875,20131.0,actual_period_prediction,
2026-07-26 18:00:00,22933.416015625,22496.5,actual_period_prediction,
2026-07-26 19:00:00,24035.291015625,23662.0,actual_period_prediction,
2026-07-26 20:00:00,24465.962890625,23894.0,actual_period_prediction,
2026-07-26 21:00:00,24527.080078125,23385.0,actual_period_prediction,
2026-07-26 22:00:00,23036.97265625,22285.0,actual_period_prediction,
2026-07-26 23:00:00,22429.982421875,20546.5,actual_period_prediction,
2026-07-27 00:00:00,20864.326171875,20519.5,actual_period_prediction,
2026-07-27 01:00:00,20242.306640625,20115.5,actual_period_prediction,
2026-07-27 02:00:00,20164.765625,19553.0,actual_period_prediction,
2026-07-27 03:00:00,19259.880859375,18692.5,actual_period_prediction,
2026-07-27 04:00:00,18648.9140625,18422.5,actual_period_prediction,
2026-07-27 05:00:00,18437.1953125,18358.5,actual_period_prediction,
2026-07-27 06:00:00,20167.25,20474.5,actual_period_prediction,
2026-07-27 07:00:00,23157.52734375,22145.5,actual_period_prediction,
2026-07-27 08:00:00,23141.65234375,22686.5,actual_period_prediction,
2026-07-27 09:00:00,21951.970703125,22878.5,actual_period_prediction,
2026-07-27 10:00:00,21514.03125,22710.0,actual_period_prediction,
2026-07-27 11:00:00,21874.521484375,21540.5,actual_period_prediction,
2026-07-27 12:00:00,21843.46875,20268.5,actual_period_prediction,
2026-07-27 13:00:00,21886.41015625,19173.0,actual_period_prediction,
2026-07-27 14:00:00,21829.837890625,18858.0,actual_period_prediction,
2026-07-27 15:00:00,22037.431640625,19318.5,actual_period_prediction,
2026-07-27 16:00:00,22550.77734375,21333.5,actual_period_prediction,
2026-07-27 17:00:00,25494.111328125,24509.0,actual_period_prediction,
2026-07-27 18:00:00,25737.349609375,26535.5,actual_period_prediction,
2026-07-27 19:00:00,26513.39453125,28181.5,actual_period_prediction,
2026-07-27 20:00:00,26177.841796875,28022.5,actual_period_prediction,
2026-07-27 21:00:00,25708.5859375,27118.5,actual_period_prediction,
2026-07-27 22:00:00,24539.712890625,25130.0,actual_period_prediction,
2026-07-27 23:00:00,23798.087890625,23273.5,actual_period_prediction,
2026-07-28 00:00:00,21397.6171875,22473.0,actual_period_prediction,
2026-07-28 01:00:00,21081.314453125,21865.0,actual_period_prediction,
2026-07-28 02:00:00,21303.53515625,21117.0,actual_period_prediction,
2026-07-28 03:00:00,20572.681640625,19964.5,actual_period_prediction,
2026-07-28 04:00:00,20312.14453125,19405.0,actual_period_prediction,
2026-07-28 05:00:00,20312.14453125,18968.5,actual_period_prediction,
2026-07-28 06:00:00,21954.357421875,20864.0,actual_period_prediction,
2026-07-28 07:00:00,24107.89453125,23485.0,actual_period_prediction,
2026-07-28 08:00:00,24801.17578125,24721.5,actual_period_prediction,
2026-07-28 09:00:00,24024.845703125,24280.0,actual_period_prediction,
2026-07-28 10:00:00,24252.201171875,22417.0,actual_period_prediction,
2026-07-28 11:00:00,23099.5078125,21482.5,actual_period_prediction,
2026-07-28 12:00:00,21771.400390625,21398.0,actual_period_prediction,
2026-07-28 13:00:00,22165.51171875,21204.0,actual_period_prediction,
2026-07-28 14:00:00,22117.767578125,21393.0,actual_period_prediction,
2026-07-28 15:00:00,22773.291015625,22099.0,actual_period_prediction,
2026-07-28 16:00:00,23475.10546875,24244.0,actual_period_prediction,
2026-07-28 17:00:00,25150.384765625,26331.5,actual_period_prediction,
2026-07-28 18:00:00,26932.9375,27616.0,actual_period_prediction,
2026-07-28 19:00:00,28429.232421875,28290.0,actual_period_prediction,
2026-07-28 20:00:00,28210.21875,27942.0,actual_period_prediction,
2026-07-28 21:00:00,27598.3125,27800.5,actual_period_prediction,
2026-07-28 22:00:00,25835.775390625,26119.5,actual_period_prediction,
2026-07-28 23:00:00,24330.341796875,24348.5,actual_period_prediction,
2026-07-29 00:00:00,23101.060546875,23211.0,actual_period_prediction,
2026-07-29 01:00:00,22478.064453125,22803.0,actual_period_prediction,
2026-07-29 02:00:00,22040.34765625,22200.0,actual_period_prediction,
2026-07-29 03:00:00,20975.115234375,21467.5,actual_period_prediction,
2026-07-29 04:00:00,20352.056640625,21299.5,actual_period_prediction,
2026-07-29 05:00:00,20256.869140625,20861.0,actual_period_prediction,
2026-07-29 06:00:00,22093.220703125,22626.0,actual_period_prediction,
2026-07-29 07:00:00,25105.794921875,24703.0,actual_period_prediction,
2026-07-29 08:00:00,25543.88671875,25673.5,actual_period_prediction,
2026-07-29 09:00:00,25414.162109375,24373.0,actual_period_prediction,
2026-07-29 10:00:00,23195.4453125,22843.0,actual_period_prediction,
2026-07-29 11:00:00,21824.990234375,21926.5,actual_period_prediction,
2026-07-29 12:00:00,21369.921875,22183.5,actual_period_prediction,
2026-07-29 13:00:00,21080.26953125,22206.5,actual_period_prediction,
2026-07-29 14:00:00,21564.9921875,22127.5,actual_period_prediction,
2026-07-29 15:00:00,22995.662109375,22191.5,actual_period_prediction,
2026-07-29 16:00:00,23477.673828125,23881.5,actual_period_prediction,
2026-07-29 17:00:00,26896.849609375,26152.5,actual_period_prediction,
2026-07-29 18:00:00,27873.6171875,27660.0,actual_period_prediction,
2026-07-29 19:00:00,28472.177734375,28805.5,actual_period_prediction,
2026-07-29 20:00:00,27972.9140625,28656.0,actual_period_prediction,
2026-07-29 21:00:00,27659.318359375,28952.0,actual_period_prediction,
2026-07-29 22:00:00,26079.185546875,26934.5,actual_period_prediction,
2026-07-29 23:00:00,24845.75,24692.0,actual_period_prediction,
2026-07-30 00:00:00,23568.39453125,23642.0,actual_period_prediction,
2026-07-30 01:00:00,23070.37890625,22860.5,actual_period_prediction,
2026-07-30 02:00:00,22884.515625,22225.5,actual_period_prediction,
2026-07-30 03:00:00,21313.357421875,21199.5,actual_period_prediction,
2026-07-30 04:00:00,21113.5625,20823.0,actual_period_prediction,
2026-07-30 05:00:00,21034.544921875,20600.0,actual_period_prediction,
2026-07-30 06:00:00,22181.41796875,22390.5,actual_period_prediction,
2026-07-30 07:00:00,24528.626953125,24530.0,actual_period_prediction,
2026-07-30 08:00:00,25033.0703125,25016.0,actual_period_prediction,
2026-07-30 09:00:00,23951.42578125,24384.0,actual_period_prediction,
2026-07-30 10:00:00,23492.55859375,23834.5,actual_period_prediction,
2026-07-30 11:00:00,22510.470703125,22941.0,actual_period_prediction,
2026-07-30 12:00:00,20745.84375,22289.0,actual_period_prediction,
2026-07-30 13:00:00,20628.126953125,21542.5,actual_period_prediction,
2026-07-30 14:00:00,20155.998046875,21704.5,actual_period_prediction,
2026-07-30 15:00:00,20416.5546875,21647.5,actual_period_prediction,
2026-07-30 16:00:00,21302.009765625,22449.0,actual_period_prediction,
2026-07-30 17:00:00,25003.375,24400.5,actual_period_prediction,
2026-07-30 18:00:00,26533.853515625,26815.5,actual_period_prediction,
2026-07-30 19:00:00,28022.203125,27566.5,actual_period_prediction,
2026-07-30 20:00:00,28164.982421875,27550.5,actual_period_prediction,
2026-07-30 21:00:00,27731.587890625,27344.0,actual_period_prediction,
2026-07-30 22:00:00,26461.57421875,25843.5,actual_period_prediction,
2026-07-30 23:00:00,24450.923828125,23786.0,actual_period_prediction,
2026-07-31 00:00:00,23444.9765625,22714.0,actual_period_prediction,
2026-07-31 01:00:00,22822.4375,22074.0,actual_period_prediction,
2026-07-31 02:00:00,22476.83203125,21289.5,actual_period_prediction,
2026-07-31 03:00:00,20927.400390625,20616.0,actual_period_prediction,
2026-07-31 04:00:00,19988.712890625,20050.5,actual_period_prediction,
2026-07-31 05:00:00,19912.5859375,19671.5,actual_period_prediction,
2026-07-31 06:00:00,22091.443359375,21297.5,actual_period_prediction,
2026-07-31 07:00:00,24568.92578125,23322.0,actual_period_prediction,
2026-07-31 08:00:00,24965.25,23442.5,actual_period_prediction,
2026-07-31 09:00:00,23716.76171875,21427.5,actual_period_prediction,
2026-07-31 10:00:00,22563.66015625,19710.0,actual_period_prediction,
2026-07-31 11:00:00,21789.47265625,18853.5,actual_period_prediction,
2026-07-31 12:00:00,20661.94921875,18919.5,actual_period_prediction,
2026-07-31 13:00:00,19805.369140625,18070.5,actual_period_prediction,
2026-07-31 14:00:00,19871.0703125,17394.0,actual_period_prediction,
2026-07-31 15:00:00,20121.96875,17686.5,actual_period_prediction,
2026-07-31 16:00:00,20491.10546875,18660.0,actual_period_prediction,
2026-07-31 17:00:00,21631.14453125,20817.5,actual_period_prediction,
2026-07-31 18:00:00,24393.357421875,23778.0,actual_period_prediction,
2026-07-31 19:00:00,25811.42578125,26225.0,actual_period_prediction,
2026-07-31 20:00:00,26451.220703125,26301.5,actual_period_prediction,
2026-07-31 21:00:00,26378.765625,25947.5,actual_period_prediction,
2026-07-31 22:00:00,25023.654296875,24240.0,actual_period_prediction,
2026-07-31 23:00:00,23327.068359375,22243.0,actual_period_prediction,
2026-08-01 00:00:00,22469.21875,21362.0,actual_period_prediction,
2026-08-01 01:00:00,21877.578125,20666.5,actual_period_prediction,
2026-08-01 02:00:00,20283.865234375,20015.0,actual_period_prediction,
2026-08-01 03:00:00,19463.599609375,19759.0,actual_period_prediction,
2026-08-01 04:00:00,19159.1015625,19000.5,actual_period_prediction,
2026-08-01 05:00:00,18671.849609375,18422.5,actual_period_prediction,
2026-08-01 06:00:00,18865.779296875,18967.5,actual_period_prediction,
2026-08-01 07:00:00,20378.736328125,19160.5,actual_period_prediction,
2026-08-01 08:00:00,20329.28125,18396.0,actual_period_prediction,
2026-08-01 09:00:00,19263.021484375,16980.0,actual_period_prediction,
2026-08-01 10:00:00,19129.494140625,15984.0,actual_period_prediction,
2026-08-01 11:00:00,19224.759765625,15673.0,actual_period_prediction,
2026-08-01 12:00:00,18286.232421875,15205.5,actual_period_prediction,
2026-08-01 13:00:00,17760.546875,14477.0,actual_period_prediction,
2026-08-01 14:00:00,17615.57421875,14115.0,actual_period_prediction,
2026-08-01 15:00:00,17630.15234375,14305.0,actual_period_prediction,
2026-08-01 16:00:00,18939.74609375,16050.5,actual_period_prediction,
2026-08-01 17:00:00,20227.458984375,19107.5,actual_period_prediction,
2026-08-01 18:00:00,23311.64453125,21583.5,actual_period_prediction,
2026-08-01 19:00:00,24821.63671875,23139.5,actual_period_prediction,
2026-08-01 20:00:00,26239.916015625,24068.0,actual_period_prediction,
2026-08-01 21:00:00,25612.97265625,23780.5,actual_period_prediction,
2026-08-01 22:00:00,24060.408203125,23159.5,actual_period_prediction,
2026-08-01 23:00:00,22933.423828125,21652.0,actual_period_prediction,
2026-08-02 00:00:00,21473.853515625,21029.0,actual_period_prediction,
2026-08-02 01:00:00,20316.8125,20326.5,actual_period_prediction,
2026-08-02 02:00:00,19741.13671875,19592.5,actual_period_prediction,
2026-08-02 03:00:00,19112.376953125,18694.0,actual_period_prediction,
2026-08-02 04:00:00,19262.8984375,18202.0,actual_period_prediction,
2026-08-02 05:00:00,18669.638671875,17727.5,actual_period_prediction,
2026-08-02 06:00:00,19073.248046875,17597.5,actual_period_prediction,
2026-08-02 07:00:00,19210.185546875,17463.0,actual_period_prediction,
2026-08-02 08:00:00,18727.96875,17138.0,actual_period_prediction,
2026-08-02 09:00:00,18421.673828125,16513.0,actual_period_prediction,
2026-08-02 10:00:00,18582.455078125,15497.0,actual_period_prediction,
2026-08-02 11:00:00,18177.4453125,15024.0,actual_period_prediction,
2026-08-02 12:00:00,18017.85546875,14874.0,actual_period_prediction,
2026-08-02 13:00:00,17449.4453125,15134.0,actual_period_prediction,
2026-08-02 14:00:00,17768.619140625,15551.5,actual_period_prediction,
2026-08-02 15:00:00,18528.0390625,16767.5,actual_period_prediction,
2026-08-02 16:00:00,19904.044921875,19394.0,actual_period_prediction,
2026-08-02 17:00:00,22994.20703125,22208.5,actual_period_prediction,
2026-08-02 18:00:00,23360.109375,24203.5,actual_period_prediction,
2026-08-02 19:00:00,24710.423828125,24996.0,actual_period_prediction,
2026-08-02 20:00:00,24978.787109375,25226.5,actual_period_prediction,
2026-08-02 21:00:00,24616.34375,25172.5,actual_period_prediction,
2026-08-02 22:00:00,23517.72265625,23857.5,actual_period_prediction,
2026-08-02 23:00:00,22213.146484375,22370.5,actual_period_prediction,
2026-08-03 00:00:00,21739.640625,21465.0,actual_period_prediction,
2026-08-03 01:00:00,20838.103515625,21116.5,actual_period_prediction,
2026-08-03 02:00:00,20609.830078125,20317.5,actual_period_prediction,
2026-08-03 03:00:00,19583.265625,19575.0,actual_period_prediction,
2026-08-03 04:00:00,18955.326171875,18750.5,actual_period_prediction,
2026-08-03 05:00:00,18674.42578125,18677.5,actual_period_prediction,
2026-08-03 06:00:00,20006.6640625,20303.5,actual_period_prediction,
2026-08-03 07:00:00,21862.8203125,22710.0,actual_period_prediction,
2026-08-03 08:00:00,22896.654296875,23412.5,actual_period_prediction,
2026-08-03 09:00:00,22646.740234375,22199.5,actual_period_prediction,
2026-08-03 10:00:00,22419.74609375,20092.5,actual_period_prediction,
2026-08-03 11:00:00,21104.6015625,19415.5,actual_period_prediction,
2026-08-03 12:00:00,21241.80078125,19262.0,actual_period_prediction,
2026-08-03 13:00:00,20910.33984375,19698.0,actual_period_prediction,
2026-08-03 14:00:00,20983.833984375,20118.5,actual_period_prediction,
2026-08-03 15:00:00,20934.595703125,21296.5,actual_period_prediction,
2026-08-03 16:00:00,22645.87890625,23213.0,actual_period_prediction,
2026-08-03 17:00:00,25945.701171875,26227.5,actual_period_prediction,
2026-08-03 18:00:00,27017.833984375,28008.5,actual_period_prediction,
2026-08-03 19:00:00,27499.615234375,28307.5,actual_period_prediction,
2026-08-03 20:00:00,27017.296875,27874.0,actual_period_prediction,
2026-08-03 21:00:00,26355.8828125,27340.0,actual_period_prediction,
2026-08-03 22:00:00,25575.203125,25241.5,actual_period_prediction,
2026-08-03 23:00:00,23910.033203125,23110.0,actual_period_prediction,
2026-08-04 00:00:00,21473.35546875,22298.0,actual_period_prediction,
2026-08-04 01:00:00,22416.15234375,22412.0,actual_period_prediction,
2026-08-04 02:00:00,21335.494140625,21835.0,actual_period_prediction,
2026-08-04 03:00:00,20617.904296875,20541.5,actual_period_prediction,
2026-08-04 04:00:00,19922.572265625,19918.0,actual_period_prediction,
2026-08-04 05:00:00,19588.890625,19759.0,actual_period_prediction,
2026-08-04 06:00:00,20559.357421875,21427.0,actual_period_prediction,
2026-08-04 07:00:00,24255.373046875,24265.5,actual_period_prediction,
2026-08-04 08:00:00,24630.400390625,25685.5,actual_period_prediction,
2026-08-04 09:00:00,23855.7734375,25695.0,actual_period_prediction,
2026-08-04 10:00:00,22964.9296875,25287.0,actual_period_prediction,
2026-08-04 11:00:00,23938.82421875,24729.5,actual_period_prediction,
2026-08-04 12:00:00,23052.91015625,24174.5,actual_period_prediction,
2026-08-04 13:00:00,21688.689453125,23823.0,actual_period_prediction,
2026-08-04 14:00:00,22534.265625,23668.0,actual_period_prediction,
2026-08-04 15:00:00,22323.025390625,23855.5,actual_period_prediction,
2026-08-04 16:00:00,23028.640625,24475.0,actual_period_prediction,
2026-08-04 17:00:00,26623.3125,25980.0,actual_period_prediction,
2026-08-04 18:00:00,28760.607421875,27644.5,actual_period_prediction,
2026-08-04 19:00:00,28705.876953125,27902.0,actual_period_prediction,
2026-08-04 20:00:00,28186.095703125,27646.5,actual_period_prediction,
2026-08-04 21:00:00,27943.09765625,27347.0,actual_period_prediction,
2026-08-04 22:00:00,25804.265625,25522.0,actual_period_prediction,
2026-08-04 23:00:00,24063.21484375,22562.0,actual_period_prediction,
2026-08-05 00:00:00,22562.1015625,21131.0,actual_period_prediction,
2026-08-05 01:00:00,22437.9609375,20756.5,actual_period_prediction,
2026-08-05 02:00:00,21710.744140625,20368.0,actual_period_prediction,
2026-08-05 03:00:00,20271.033203125,19510.5,actual_period_prediction,
2026-08-05 04:00:00,20068.93359375,19146.0,actual_period_prediction,
2026-08-05 05:00:00,19654.14453125,19070.5,actual_period_prediction,
2026-08-05 06:00:00,21531.291015625,20970.5,actual_period_prediction,
2026-08-05 07:00:00,24738.26953125,22840.5,actual_period_prediction,
2026-08-05 08:00:00,24710.98046875,23217.5,actual_period_prediction,
2026-08-05 09:00:00,24377.4296875,22625.0,actual_period_prediction,
2026-08-05 10:00:00,23408.447265625,21305.5,actual_period_prediction,
2026-08-05 11:00:00,20627.357421875,20080.5,actual_period_prediction,
2026-08-05 12:00:00,20235.390625,19483.5,actual_period_prediction,
2026-08-05 13:00:00,20200.892578125,18143.0,actual_period_prediction,
2026-08-05 14:00:00,20305.66796875,17535.0,actual_period_prediction,
2026-08-05 15:00:00,20608.826171875,17516.5,actual_period_prediction,
2026-08-05 16:00:00,22358.298828125,18423.0,actual_period_prediction,
2026-08-05 17:00:00,24249.4140625,20927.0,actual_period_prediction,
2026-08-05 18:00:00,26388.212890625,22964.5,actual_period_prediction,
2026-08-05 19:00:00,26369.845703125,24281.0,actual_period_prediction,
2026-08-05 20:00:00,26367.365234375,24475.5,actual_period_prediction,
2026-08-05 21:00:00,26373.234375,24476.0,actual_period_prediction,
2026-08-05 22:00:00,25090.296875,22758.0,actual_period_prediction,
2026-08-05 23:00:00,22615.06640625,20662.0,actual_period_prediction,
2026-08-06 00:00:00,21068.146484375,19767.0,actual_period_prediction,
2026-08-06 01:00:00,20718.548828125,19245.0,actual_period_prediction,
2026-08-06 02:00:00,20424.046875,18670.0,actual_period_prediction,
2026-08-06 03:00:00,19826.45703125,18113.0,actual_period_prediction,
2026-08-06 04:00:00,19440.15625,18054.0,actual_period_prediction,
2026-08-06 05:00:00,19226.474609375,18237.0,actual_period_prediction,
2026-08-06 06:00:00,21195.1015625,19953.5,actual_period_prediction,
2026-08-06 07:00:00,24231.0,22099.0,actual_period_prediction,
2026-08-06 08:00:00,24366.09765625,22833.5,actual_period_prediction,
2026-08-06 09:00:00,23828.9375,22137.0,actual_period_prediction,
2026-08-06 10:00:00,23247.9609375,21516.5,actual_period_prediction,
2026-08-06 11:00:00,21618.44140625,21858.0,actual_period_prediction,
2026-08-06 12:00:00,21521.296875,21938.5,actual_period_prediction,
2026-08-06 13:00:00,21824.77734375,21598.5,actual_period_prediction,
2026-08-06 14:00:00,21513.25390625,21047.0,actual_period_prediction,
2026-08-06 15:00:00,21280.798828125,21163.5,actual_period_prediction,
2026-08-06 16:00:00,22197.576171875,22367.5,actual_period_prediction,
2026-08-06 17:00:00,24516.771484375,25223.5,actual_period_prediction,
2026-08-06 18:00:00,24725.53515625,27326.5,actual_period_prediction,
2026-08-06 19:00:00,26121.791015625,28364.0,actual_period_prediction,
2026-08-06 20:00:00,26147.990234375,27589.5,actual_period_prediction,
2026-08-06 21:00:00,26227.373046875,26737.5,actual_period_prediction,
2026-08-06 22:00:00,23862.408203125,24465.0,actual_period_prediction,
2026-08-06 23:00:00,23208.677734375,22420.5,actual_period_prediction,
2026-08-07 00:00:00,21327.0234375,21711.5,actual_period_prediction,
2026-08-07 01:00:00,21030.966796875,21254.0,actual_period_prediction,
2026-08-07 02:00:00,20880.203125,20218.0,actual_period_prediction,
2026-08-07 03:00:00,19778.453125,19342.0,actual_period_prediction,
2026-08-07 04:00:00,19561.353515625,18571.0,actual_period_prediction,
2026-08-07 05:00:00,19561.353515625,18519.5,actual_period_prediction,
2026-08-07 06:00:00,20967.021484375,19893.0,actual_period_prediction,
2026-08-07 07:00:00,23499.59375,21883.0,actual_period_prediction,
2026-08-07 08:00:00,23537.92578125,21410.5,actual_period_prediction,
2026-08-07 09:00:00,23122.095703125,20014.0,actual_period_prediction,
2026-08-07 10:00:00,21559.03515625,18520.5,actual_period_prediction,
2026-08-07 11:00:00,20929.962890625,17277.5,actual_period_prediction,
2026-08-07 12:00:00,20390.11328125,17064.5,actual_period_prediction,
2026-08-07 13:00:00,20137.13671875,16548.5,actual_period_prediction,
2026-08-07 14:00:00,19521.890625,16489.5,actual_period_prediction,
2026-08-07 15:00:00,19623.75,16595.5,actual_period_prediction,
2026-08-07 16:00:00,21910.185546875,18254.0,actual_period_prediction,
2026-08-07 17:00:00,24677.13671875,21206.5,actual_period_prediction,
2026-08-07 18:00:00,26334.5078125,23917.5,actual_period_prediction,
2026-08-07 19:00:00,27023.181640625,25652.5,actual_period_prediction,
2026-08-07 20:00:00,26691.14453125,25447.0,actual_period_prediction,
2026-08-07 21:00:00,26478.08203125,24881.0,actual_period_prediction,
2026-08-07 22:00:00,24587.0703125,24018.0,actual_period_prediction,
2026-08-07 23:00:00,22935.904296875,22324.0,actual_period_prediction,
2026-08-08 00:00:00,21957.32421875,21087.0,actual_period_prediction,
2026-08-08 01:00:00,20771.849609375,20434.5,actual_period_prediction,
2026-08-08 02:00:00,19987.333984375,19682.5,actual_period_prediction,
2026-08-08 03:00:00,18994.12890625,18670.0,actual_period_prediction,
2026-08-08 04:00:00,18476.86328125,18162.5,actual_period_prediction,
2026-08-08 05:00:00,18199.896484375,17781.5,actual_period_prediction,
2026-08-08 06:00:00,18855.6796875,18533.5,actual_period_prediction,
2026-08-08 07:00:00,19954.05078125,18815.0,actual_period_prediction,
2026-08-08 08:00:00,19024.14453125,18196.5,actual_period_prediction,
2026-08-08 09:00:00,18788.576171875,17164.0,actual_period_prediction,
2026-08-08 10:00:00,18693.265625,15894.0,actual_period_prediction,
2026-08-08 11:00:00,17550.6328125,14432.0,actual_period_prediction,
2026-08-08 12:00:00,16657.111328125,13639.5,actual_period_prediction,
2026-08-08 13:00:00,16218.869140625,13294.5,actual_period_prediction,
2026-08-08 14:00:00,16074.69140625,13462.5,actual_period_prediction,
2026-08-08 15:00:00,16776.1484375,14248.0,actual_period_prediction,
2026-08-08 16:00:00,18452.79296875,17426.5,actual_period_prediction,
2026-08-08 17:00:00,21927.359375,21208.5,actual_period_prediction,
2026-08-08 18:00:00,24461.953125,23572.5,actual_period_prediction,
2026-08-08 19:00:00,25182.759765625,24240.0,actual_period_prediction,
2026-08-08 20:00:00,25049.9765625,24576.5,actual_period_prediction,
2026-08-08 21:00:00,24899.7109375,24526.0,actual_period_prediction,
2026-08-08 22:00:00,24330.248046875,23310.0,actual_period_prediction,
2026-08-08 23:00:00,23173.61328125,21836.0,actual_period_prediction,
2026-08-09 00:00:00,21296.51953125,21147.0,actual_period_prediction,
2026-08-09 01:00:00,20174.427734375,20345.0,actual_period_prediction,
2026-08-09 02:00:00,19676.00390625,19264.5,actual_period_prediction,
2026-08-09 03:00:00,18790.498046875,18103.5,actual_period_prediction,
2026-08-09 04:00:00,18094.658203125,17993.5,actual_period_prediction,
2026-08-09 05:00:00,17438.15625,17600.0,actual_period_prediction,
2026-08-09 06:00:00,17917.072265625,17877.5,actual_period_prediction,
2026-08-09 07:00:00,17978.33203125,17673.0,actual_period_prediction,
2026-08-09 08:00:00,18018.2578125,17393.0,actual_period_prediction,
2026-08-09 09:00:00,18286.67578125,17078.0,actual_period_prediction,
2026-08-09 10:00:00,18754.826171875,16127.0,actual_period_prediction,
2026-08-09 11:00:00,18510.001953125,15274.5,actual_period_prediction,
2026-08-09 12:00:00,18482.78515625,15186.5,actual_period_prediction,
2026-08-09 13:00:00,18630.828125,14988.0,actual_period_prediction,
2026-08-09 14:00:00,17340.837890625,14889.5,actual_period_prediction,
2026-08-09 15:00:00,18743.4609375,16123.5,actual_period_prediction,
2026-08-09 16:00:00,20048.806640625,18833.5,actual_period_prediction,
2026-08-09 17:00:00,21895.90234375,21983.0,actual_period_prediction,
2026-08-09 18:00:00,23681.9375,24328.0,actual_period_prediction,
2026-08-09 19:00:00,24670.703125,25258.0,actual_period_prediction,
2026-08-09 20:00:00,25416.0078125,25461.0,actual_period_prediction,
2026-08-09 21:00:00,25059.873046875,25344.0,actual_period_prediction,
2026-08-09 22:00:00,23991.7890625,23761.5,actual_period_prediction,
2026-08-09 23:00:00,21818.1171875,21912.5,actual_period_prediction,
2026-08-10 00:00:00,21335.27734375,21486.5,actual_period_prediction,
2026-08-10 01:00:00,20919.099609375,20928.0,actual_period_prediction,
2026-08-10 02:00:00,20411.578125,20623.5,actual_period_prediction,
2026-08-10 03:00:00,20089.830078125,19186.0,actual_period_prediction,
2026-08-10 04:00:00,19506.6875,18699.5,actual_period_prediction,
2026-08-10 05:00:00,19664.49609375,18851.5,actual_period_prediction,
2026-08-10 06:00:00,21233.634765625,20387.0,actual_period_prediction,
2026-08-10 07:00:00,23293.158203125,22644.5,actual_period_prediction,
2026-08-10 08:00:00,23776.74609375,23669.0,actual_period_prediction,
2026-08-10 09:00:00,22419.685546875,22581.0,actual_period_prediction,
2026-08-10 10:00:00,21738.26171875,20638.0,actual_period_prediction,
2026-08-10 11:00:00,20865.263671875,19188.5,actual_period_prediction,
2026-08-10 12:00:00,19897.298828125,18574.0,actual_period_prediction,
2026-08-10 13:00:00,19747.77734375,18026.0,actual_period_prediction,
2026-08-10 14:00:00,19620.197265625,18371.5,actual_period_prediction,
2026-08-10 15:00:00,20729.546875,19543.0,actual_period_prediction,
2026-08-10 16:00:00,23380.748046875,21835.5,actual_period_prediction,
2026-08-10 17:00:00,25909.337890625,24839.5,actual_period_prediction,
2026-08-10 18:00:00,26996.25,27026.0,actual_period_prediction,
2026-08-10 19:00:00,27413.498046875,28557.5,actual_period_prediction,
2026-08-10 20:00:00,27460.01171875,28273.5,actual_period_prediction,
2026-08-10 21:00:00,27088.126953125,27473.0,actual_period_prediction,
2026-08-10 22:00:00,25620.275390625,25269.0,actual_period_prediction,
2026-08-10 23:00:00,23586.146484375,23264.0,actual_period_prediction,
2026-08-11 00:00:00,21831.92578125,22379.5,actual_period_prediction,
2026-08-11 01:00:00,21807.693359375,21636.0,actual_period_prediction,
2026-08-11 02:00:00,21568.0078125,21007.5,actual_period_prediction,
2026-08-11 03:00:00,20303.21484375,19813.5,actual_period_prediction,
2026-08-11 04:00:00,20144.826171875,19499.0,actual_period_prediction,
2026-08-11 05:00:00,20144.826171875,19550.5,actual_period_prediction,
2026-08-11 06:00:00,21597.521484375,21665.0,actual_period_prediction,
2026-08-11 07:00:00,23771.658203125,23501.5,actual_period_prediction,
2026-08-11 08:00:00,25030.57421875,23528.5,actual_period_prediction,
2026-08-11 09:00:00,24234.78515625,21788.5,actual_period_prediction,
2026-08-11 10:00:00,23448.49609375,19614.5,actual_period_prediction,
2026-08-11 11:00:00,21592.11328125,18405.0,actual_period_prediction,
2026-08-11 12:00:00,19820.623046875,17566.5,actual_period_prediction,
2026-08-11 13:00:00,20200.1640625,17227.5,actual_period_prediction,
2026-08-11 14:00:00,20214.791015625,17452.5,actual_period_prediction,
2026-08-11 15:00:00,20493.552734375,18781.5,actual_period_prediction,
2026-08-11 16:00:00,22993.947265625,20995.0,actual_period_prediction,
2026-08-11 17:00:00,25957.78515625,23727.0,actual_period_prediction,
2026-08-11 18:00:00,27844.376953125,26199.0,actual_period_prediction,
2026-08-11 19:00:00,29017.681640625,27709.0,actual_period_prediction,
2026-08-11 20:00:00,28866.90625,27825.0,actual_period_prediction,
2026-08-11 21:00:00,27708.060546875,27583.5,actual_period_prediction,
2026-08-11 22:00:00,25748.017578125,25333.5,actual_period_prediction,
2026-08-11 23:00:00,23894.125,23159.0,actual_period_prediction,
2026-08-12 00:00:00,22196.515625,22271.5,actual_period_prediction,
2026-08-12 01:00:00,21569.015625,21299.0,actual_period_prediction,
2026-08-12 02:00:00,21184.2578125,20922.5,actual_period_prediction,
2026-08-12 03:00:00,20402.7421875,20013.5,actual_period_prediction,
2026-08-12 04:00:00,20160.103515625,19539.5,actual_period_prediction,
2026-08-12 05:00:00,19948.650390625,19714.0,actual_period_prediction,
2026-08-12 06:00:00,21592.873046875,21701.0,actual_period_prediction,
2026-08-12 07:00:00,24030.623046875,23745.5,actual_period_prediction,
2026-08-12 08:00:00,24049.150390625,24054.0,actual_period_prediction,
2026-08-12 09:00:00,23091.185546875,22648.5,actual_period_prediction,
2026-08-12 10:00:00,21860.328125,20832.0,actual_period_prediction,
2026-08-12 11:00:00,20974.974609375,19667.5,actual_period_prediction,
2026-08-12 12:00:00,21232.03125,19433.0,actual_period_prediction,
2026-08-12 13:00:00,20878.8984375,19306.0,actual_period_prediction,
2026-08-12 14:00:00,20954.56640625,19599.0,actual_period_prediction,
2026-08-12 15:00:00,21623.794921875,20723.5,actual_period_prediction,
2026-08-12 16:00:00,23226.3125,23442.5,actual_period_prediction,
2026-08-12 17:00:00,24261.48046875,26147.5,actual_period_prediction,
2026-08-12 18:00:00,26578.6875,28041.5,actual_period_prediction,
2026-08-12 19:00:00,27955.6484375,29187.0,actual_period_prediction,
2026-08-12 20:00:00,28172.51953125,29702.5,actual_period_prediction,
2026-08-12 21:00:00,27604.939453125,29326.5,actual_period_prediction,
2026-08-12 22:00:00,25939.31640625,27048.5,actual_period_prediction,
2026-08-12 23:00:00,24267.09765625,25001.0,actual_period_prediction,
2026-08-13 00:00:00,22955.375,23920.0,actual_period_prediction,
2026-08-13 01:00:00,21649.8125,23574.0,actual_period_prediction,
2026-08-13 02:00:00,21569.25,22316.5,actual_period_prediction,
2026-08-13 03:00:00,20259.21875,21407.0,actual_period_prediction,
2026-08-13 04:00:00,20099.873046875,20813.5,actual_period_prediction,
2026-08-13 05:00:00,19958.24609375,20929.5,actual_period_prediction,
2026-08-13 06:00:00,21640.921875,22472.5,actual_period_prediction,
2026-08-13 07:00:00,24175.5078125,24970.0,actual_period_prediction,
2026-08-13 08:00:00,24323.28125,25453.5,actual_period_prediction,
2026-08-13 09:00:00,23676.583984375,24266.0,actual_period_prediction,
2026-08-13 10:00:00,22171.390625,22937.5,actual_period_prediction,
2026-08-13 11:00:00,21819.36328125,21604.5,actual_period_prediction,
2026-08-13 12:00:00,21253.46484375,21491.5,actual_period_prediction,
2026-08-13 13:00:00,21051.482421875,21437.5,actual_period_prediction,
2026-08-13 14:00:00,21230.875,22242.0,actual_period_prediction,
2026-08-13 15:00:00,21559.44921875,23139.0,actual_period_prediction,
2026-08-13 16:00:00,23773.8125,25385.5,actual_period_prediction,
2026-08-13 17:00:00,25726.166015625,27680.0,actual_period_prediction,
2026-08-13 18:00:00,27797.220703125,29108.0,actual_period_prediction,
2026-08-13 19:00:00,29059.87890625,30133.0,actual_period_prediction,
2026-08-13 20:00:00,29811.48046875,30333.0,actual_period_prediction,
2026-08-13 21:00:00,28508.23046875,30341.5,actual_period_prediction,
2026-08-13 22:00:00,27410.455078125,28313.5,actual_period_prediction,
2026-08-13 23:00:00,25787.2734375,25536.0,actual_period_prediction,
2026-08-14 00:00:00,23875.4921875,24929.0,actual_period_prediction,
2026-08-14 01:00:00,23670.125,24051.0,actual_period_prediction,
2026-08-14 02:00:00,22809.521484375,23548.5,actual_period_prediction,
2026-08-14 03:00:00,21297.798828125,22163.5,actual_period_prediction,
2026-08-14 04:00:00,20380.74609375,21513.5,actual_period_prediction,
2026-08-14 05:00:00,21637.6484375,21447.0,actual_period_prediction,
2026-08-14 06:00:00,23204.1796875,23004.0,actual_period_prediction,
2026-08-14 07:00:00,25568.048828125,25517.0,actual_period_prediction,
2026-08-14 08:00:00,25606.73046875,26181.0,actual_period_prediction,
2026-08-14 09:00:00,24203.49609375,25241.5,actual_period_prediction,
2026-08-14 10:00:00,23133.265625,23345.5,actual_period_prediction,
2026-08-14 11:00:00,21992.0703125,22179.5,actual_period_prediction,
2026-08-14 12:00:00,21943.509765625,21541.5,actual_period_prediction,
2026-08-14 13:00:00,21880.279296875,21533.0,actual_period_prediction,
2026-08-14 14:00:00,22378.439453125,21650.0,actual_period_prediction,
2026-08-14 15:00:00,22731.037109375,22529.5,actual_period_prediction,
2026-08-14 16:00:00,23257.703125,24135.5,actual_period_prediction,
2026-08-14 17:00:00,24885.572265625,26417.0,actual_period_prediction,
2026-08-14 18:00:00,26832.6796875,28092.0,actual_period_prediction,
2026-08-14 19:00:00,28136.521484375,29083.0,actual_period_prediction,
2026-08-14 20:00:00,28366.8046875,28593.0,actual_period_prediction,
2026-08-14 21:00:00,28343.826171875,28561.5,actual_period_prediction,
2026-08-14 22:00:00,26526.447265625,26818.0,actual_period_prediction,
2026-08-14 23:00:00,24790.1484375,24637.0,actual_period_prediction,
2026-08-15 00:00:00,23062.568359375,23202.5,actual_period_prediction,
2026-08-15 01:00:00,22259.203125,22509.5,actual_period_prediction,
2026-08-15 02:00:00,21334.896484375,21149.5,actual_period_prediction,
2026-08-15 03:00:00,20841.826171875,20641.0,actual_period_prediction,
2026-08-15 04:00:00,19131.240234375,19753.0,actual_period_prediction,
2026-08-15 05:00:00,18428.70703125,19520.0,actual_period_prediction,
2026-08-15 06:00:00,19900.455078125,20044.0,actual_period_prediction,
2026-08-15 07:00:00,20710.0703125,21212.5,actual_period_prediction,
2026-08-15 08:00:00,20725.798828125,21259.0,actual_period_prediction,
2026-08-15 09:00:00,20744.517578125,20775.0,actual_period_prediction,
2026-08-15 10:00:00,20293.97265625,19840.5,actual_period_prediction,
2026-08-15 11:00:00,19605.91796875,18774.5,actual_period_prediction,
2026-08-15 12:00:00,18633.587890625,18097.0,actual_period_prediction,
2026-08-15 13:00:00,18567.720703125,17112.5,actual_period_prediction,
2026-08-15 14:00:00,18256.994140625,16920.5,actual_period_prediction,
2026-08-15 15:00:00,19857.154296875,18072.5,actual_period_prediction,
2026-08-15 16:00:00,21304.42578125,19809.5,actual_period_prediction,
2026-08-15 17:00:00,24055.982421875,22346.0,actual_period_prediction,
2026-08-15 18:00:00,25735.833984375,24396.5,actual_period_prediction,
2026-08-15 19:00:00,26702.306640625,25380.5,actual_period_prediction,
2026-08-15 20:00:00,26806.810546875,25789.5,actual_period_prediction,
2026-08-15 21:00:00,26641.16796875,25462.5,actual_period_prediction,
2026-08-15 22:00:00,25071.400390625,24071.0,actual_period_prediction,
2026-08-15 23:00:00,23709.8515625,22534.5,actual_period_prediction,
2026-08-16 00:00:00,22076.46875,21875.5,actual_period_prediction,
2026-08-16 01:00:00,21291.80078125,21459.5,actual_period_prediction,
2026-08-16 02:00:00,20011.95703125,20399.0,actual_period_prediction,
2026-08-16 03:00:00,19184.287109375,19160.0,actual_period_prediction,
2026-08-16 04:00:00,18768.001953125,18813.0,actual_period_prediction,
2026-08-16 05:00:00,18189.54296875,18381.5,actual_period_prediction,
2026-08-16 06:00:00,18795.232421875,18598.5,actual_period_prediction,
2026-08-16 07:00:00,19211.51953125,19520.5,actual_period_prediction,
2026-08-16 08:00:00,19586.123046875,20341.0,actual_period_prediction,
2026-08-16 09:00:00,18785.451171875,20454.0,actual_period_prediction,
2026-08-16 10:00:00,18926.138671875,19956.5,actual_period_prediction,
2026-08-16 11:00:00,19378.466796875,19446.0,actual_period_prediction,
2026-08-16 12:00:00,19832.541015625,18930.0,actual_period_prediction,
2026-08-16 13:00:00,19687.552734375,18021.0,actual_period_prediction,
2026-08-16 14:00:00,18077.7890625,18168.0,actual_period_prediction,
2026-08-16 15:00:00,18810.037109375,19575.0,actual_period_prediction,
2026-08-16 16:00:00,22315.287109375,21948.5,actual_period_prediction,
2026-08-16 17:00:00,24019.0625,23996.5,actual_period_prediction,
2026-08-16 18:00:00,24998.36328125,26291.0,actual_period_prediction,
2026-08-16 19:00:00,25773.263671875,26482.5,actual_period_prediction,
2026-08-16 20:00:00,25638.689453125,25998.0,actual_period_prediction,
2026-08-16 21:00:00,25640.544921875,25469.5,actual_period_prediction,
2026-08-16 22:00:00,24410.068359375,23963.0,actual_period_prediction,
2026-08-16 23:00:00,23221.4375,22223.5,actual_period_prediction,
2026-08-17 00:00:00,22872.666015625,21743.0,actual_period_prediction,
2026-08-17 01:00:00,21638.8125,21352.0,actual_period_prediction,
2026-08-17 02:00:00,20859.2734375,21134.5,actual_period_prediction,
2026-08-17 03:00:00,20417.935546875,20487.5,actual_period_prediction,
2026-08-17 04:00:00,20252.212890625,19755.0,actual_period_prediction,
2026-08-17 05:00:00,20073.65625,19715.5,actual_period_prediction,
2026-08-17 06:00:00,21693.658203125,21056.5,actual_period_prediction,
2026-08-17 07:00:00,23914.759765625,24422.0,actual_period_prediction,
2026-08-17 08:00:00,24941.27734375,25641.0,actual_period_prediction,
2026-08-17 09:00:00,24165.43359375,26044.0,actual_period_prediction,
2026-08-17 10:00:00,23512.564453125,25518.0,actual_period_prediction,
2026-08-17 11:00:00,23593.18359375,25351.0,actual_period_prediction,
2026-08-17 12:00:00,23968.21875,25235.5,actual_period_prediction,
2026-08-17 13:00:00,23138.724609375,24877.0,actual_period_prediction,
2026-08-17 14:00:00,22713.998046875,24371.0,actual_period_prediction,
2026-08-17 15:00:00,23824.359375,24681.0,actual_period_prediction,
2026-08-17 16:00:00,26126.40625,26258.0,actual_period_prediction,
2026-08-17 17:00:00,26807.6953125,27972.0,actual_period_prediction,
2026-08-17 18:00:00,27591.548828125,28966.5,actual_period_prediction,
2026-08-17 19:00:00,28333.611328125,29104.0,actual_period_prediction,
2026-08-17 20:00:00,27844.615234375,28868.0,actual_period_prediction,
2026-08-17 21:00:00,26864.880859375,27549.5,actual_period_prediction,
2026-08-17 22:00:00,25900.267578125,25471.0,actual_period_prediction,
2026-08-17 23:00:00,24186.263671875,23204.5,actual_period_prediction,
2026-08-18 00:00:00,21996.87890625,22289.5,actual_period_prediction,
2026-08-18 01:00:00,21233.04296875,21120.5,actual_period_prediction,
2026-08-18 02:00:00,20945.318359375,20851.0,actual_period_prediction,
2026-08-18 03:00:00,20016.84765625,19761.5,actual_period_prediction,
2026-08-18 04:00:00,19409.55078125,19269.5,actual_period_prediction,
2026-08-18 05:00:00,19948.154296875,19483.0,actual_period_prediction,
2026-08-18 06:00:00,21184.345703125,21692.0,actual_period_prediction,
2026-08-18 07:00:00,24165.072265625,24349.5,actual_period_prediction,
2026-08-18 08:00:00,24604.7890625,25918.0,actual_period_prediction,
2026-08-18 09:00:00,25528.611328125,25974.0,actual_period_prediction,
2026-08-18 10:00:00,24425.3828125,24990.0,actual_period_prediction,
2026-08-18 11:00:00,24162.1796875,24198.0,actual_period_prediction,
2026-08-18 12:00:00,24008.779296875,24000.0,actual_period_prediction,
2026-08-18 13:00:00,24303.80078125,22898.5,actual_period_prediction,
2026-08-18 14:00:00,23279.55078125,22532.0,actual_period_prediction,
2026-08-18 15:00:00,24141.162109375,23026.0,actual_period_prediction,
2026-08-18 16:00:00,25624.1015625,24678.5,actual_period_prediction,
2026-08-18 17:00:00,27067.498046875,26598.5,actual_period_prediction,
2026-08-18 18:00:00,28083.623046875,28084.0,actual_period_prediction,
2026-08-18 19:00:00,29057.6171875,28833.5,actual_period_prediction,
2026-08-18 20:00:00,28986.73828125,28354.0,actual_period_prediction,
2026-08-18 21:00:00,27891.53515625,27059.5,actual_period_prediction,
2026-08-18 22:00:00,25227.595703125,24935.5,actual_period_prediction,
2026-08-18 23:00:00,23631.255859375,22648.0,actual_period_prediction,
2026-08-19 00:00:00,22322.6875,22416.5,actual_period_prediction,
2026-08-19 01:00:00,21526.75390625,22143.5,actual_period_prediction,
2026-08-19 02:00:00,21755.71484375,21657.0,actual_period_prediction,
2026-08-19 03:00:00,20298.931640625,20840.5,actual_period_prediction,
2026-08-19 04:00:00,20146.125,20039.5,actual_period_prediction,
2026-08-19 05:00:00,20146.125,19892.0,actual_period_prediction,
2026-08-19 06:00:00,21947.90625,21752.0,actual_period_prediction,
2026-08-19 07:00:00,24776.771484375,24412.5,actual_period_prediction,
2026-08-19 08:00:00,25267.79296875,25540.5,actual_period_prediction,
2026-08-19 09:00:00,25784.0625,25723.5,actual_period_prediction,
2026-08-19 10:00:00,24818.375,24238.5,actual_period_prediction,
2026-08-19 11:00:00,23769.05078125,22951.5,actual_period_prediction,
2026-08-19 12:00:00,23074.3984375,22093.5,actual_period_prediction,
2026-08-19 13:00:00,23978.419921875,21901.5,actual_period_prediction,
2026-08-19 14:00:00,23640.390625,21884.0,actual_period_prediction,
2026-08-19 15:00:00,23815.0703125,21577.0,actual_period_prediction,
2026-08-19 16:00:00,24221.7890625,22479.0,actual_period_prediction,
2026-08-19 17:00:00,27255.98828125,25409.0,actual_period_prediction,
2026-08-19 18:00:00,28607.6640625,27502.0,actual_period_prediction,
2026-08-19 19:00:00,28793.513671875,28579.0,actual_period_prediction,
2026-08-19 20:00:00,28845.392578125,28426.0,actual_period_prediction,
2026-08-19 21:00:00,28050.103515625,27177.5,actual_period_prediction,
2026-08-19 22:00:00,25671.634765625,24385.0,actual_period_prediction,
2026-08-19 23:00:00,23233.23046875,22095.0,actual_period_prediction,
2026-08-20 00:00:00,22437.705078125,21365.0,actual_period_prediction,
2026-08-20 01:00:00,22703.462890625,20807.0,actual_period_prediction,
2026-08-20 02:00:00,21999.9765625,20319.0,actual_period_prediction,
2026-08-20 03:00:00,20634.37109375,19355.0,actual_period_prediction,
2026-08-20 04:00:00,20251.845703125,19140.5,actual_period_prediction,
2026-08-20 05:00:00,20257.16015625,19138.0,actual_period_prediction,
2026-08-20 06:00:00,22714.708984375,21428.5,actual_period_prediction,
2026-08-20 07:00:00,25045.0,23947.0,actual_period_prediction,
2026-08-20 08:00:00,25087.328125,24440.0,actual_period_prediction,
2026-08-20 09:00:00,24877.8125,24126.5,actual_period_prediction,
2026-08-20 10:00:00,24395.65625,23155.5,actual_period_prediction,
2026-08-20 11:00:00,23261.111328125,22558.0,actual_period_prediction,
2026-08-20 12:00:00,22720.169921875,22275.0,actual_period_prediction,
2026-08-20 13:00:00,22454.86328125,21778.5,actual_period_prediction,
2026-08-20 14:00:00,22429.2421875,21971.0,actual_period_prediction,
2026-08-20 15:00:00,21761.880859375,22741.5,actual_period_prediction,
2026-08-20 16:00:00,24010.130859375,24159.0,actual_period_prediction,
2026-08-20 17:00:00,26416.384765625,26230.5,actual_period_prediction,
2026-08-20 18:00:00,27829.0390625,27550.0,actual_period_prediction,
2026-08-20 19:00:00,28709.7109375,28445.0,actual_period_prediction,
2026-08-20 20:00:00,28989.078125,27469.0,actual_period_prediction,
2026-08-20 21:00:00,28510.240234375,26604.5,actual_period_prediction,
2026-08-20 22:00:00,25949.990234375,24635.0,actual_period_prediction,
2026-08-20 23:00:00,23572.009765625,23057.5,actual_period_prediction,
2026-08-21 00:00:00,23393.896484375,22667.5,actual_period_prediction,
2026-08-21 01:00:00,22779.642578125,21555.5,actual_period_prediction,
2026-08-21 02:00:00,22461.3984375,20384.0,actual_period_prediction,
2026-08-21 03:00:00,20834.046875,19901.0,actual_period_prediction,
2026-08-21 04:00:00,20682.515625,19404.0,actual_period_prediction,
2026-08-21 05:00:00,20637.728515625,19264.0,actual_period_prediction,
2026-08-21 06:00:00,22195.365234375,21143.5,actual_period_prediction,
2026-08-21 07:00:00,24924.189453125,23578.5,actual_period_prediction,
2026-08-21 08:00:00,24857.802734375,23666.0,actual_period_prediction,
2026-08-21 09:00:00,24979.203125,21836.0,actual_period_prediction,
2026-08-21 10:00:00,23460.93359375,20671.5,actual_period_prediction,
2026-08-21 11:00:00,22317.0703125,20467.0,actual_period_prediction,
2026-08-21 12:00:00,22078.8359375,20875.0,actual_period_prediction,
2026-08-21 13:00:00,22872.736328125,20833.5,actual_period_prediction,
2026-08-21 14:00:00,23794.73046875,20877.5,actual_period_prediction,
2026-08-21 15:00:00,24209.14453125,21670.0,actual_period_prediction,
2026-08-21 16:00:00,24405.3515625,22889.5,actual_period_prediction,
2026-08-21 17:00:00,26167.119140625,24999.0,actual_period_prediction,
2026-08-21 18:00:00,27507.451171875,26280.0,actual_period_prediction,
2026-08-21 19:00:00,27988.974609375,27068.5,actual_period_prediction,
2026-08-21 20:00:00,27534.01953125,27100.5,actual_period_prediction,
2026-08-21 21:00:00,27315.095703125,26475.0,actual_period_prediction,
2026-08-21 22:00:00,25573.806640625,24179.0,actual_period_prediction,
2026-08-21 23:00:00,23614.4140625,22493.0,actual_period_prediction,
2026-08-22 00:00:00,22836.8671875,21895.5,actual_period_prediction,
2026-08-22 01:00:00,21354.203125,20623.0,actual_period_prediction,
2026-08-22 02:00:00,20376.447265625,20242.5,actual_period_prediction,
2026-08-22 03:00:00,19436.517578125,19412.0,actual_period_prediction,
2026-08-22 04:00:00,18533.03125,18553.0,actual_period_prediction,
2026-08-22 05:00:00,18239.40234375,18371.0,actual_period_prediction,
2026-08-22 06:00:00,18898.224609375,19049.5,actual_period_prediction,
2026-08-22 07:00:00,20291.583984375,19978.0,actual_period_prediction,
2026-08-22 08:00:00,21026.33984375,19770.0,actual_period_prediction,
2026-08-22 09:00:00,19478.140625,18744.5,actual_period_prediction,
2026-08-22 10:00:00,18672.681640625,17813.5,actual_period_prediction,
2026-08-22 11:00:00,18461.541015625,17048.5,actual_period_prediction,
2026-08-22 12:00:00,18790.58984375,16655.5,actual_period_prediction,
2026-08-22 13:00:00,18285.115234375,16322.0,actual_period_prediction,
2026-08-22 14:00:00,18119.455078125,16131.5,actual_period_prediction,
2026-08-22 15:00:00,20378.572265625,16765.0,actual_period_prediction,
2026-08-22 16:00:00,22463.30859375,18861.5,actual_period_prediction,
2026-08-22 17:00:00,24063.419921875,22231.0,actual_period_prediction,
2026-08-22 18:00:00,25571.130859375,24514.0,actual_period_prediction,
2026-08-22 19:00:00,26198.275390625,25468.5,actual_period_prediction,
2026-08-22 20:00:00,26006.6875,25828.0,actual_period_prediction,
2026-08-22 21:00:00,25744.91015625,24674.5,actual_period_prediction,
2026-08-22 22:00:00,23839.453125,23415.5,actual_period_prediction,
2026-08-22 23:00:00,22774.59765625,21690.0,actual_period_prediction,
2026-08-23 00:00:00,22049.263671875,20824.0,actual_period_prediction,
2026-08-23 01:00:00,20484.537109375,20172.5,actual_period_prediction,
2026-08-23 02:00:00,19574.8984375,19488.0,actual_period_prediction,
2026-08-23 03:00:00,18647.875,18665.5,actual_period_prediction,
2026-08-23 04:00:00,17989.453125,18303.5,actual_period_prediction,
2026-08-23 05:00:00,17586.38671875,18035.5,actual_period_prediction,
2026-08-23 06:00:00,17826.25390625,18154.0,actual_period_prediction,
2026-08-23 07:00:00,18545.591796875,18143.5,actual_period_prediction,
2026-08-23 08:00:00,18262.810546875,17555.5,actual_period_prediction,
2026-08-23 09:00:00,17862.072265625,16374.5,actual_period_prediction,
2026-08-23 10:00:00,17557.5859375,15495.0,actual_period_prediction,
2026-08-23 11:00:00,16847.423828125,15359.5,actual_period_prediction,
2026-08-23 12:00:00,15872.8916015625,15709.0,actual_period_prediction,
2026-08-23 13:00:00,15868.3974609375,15334.0,actual_period_prediction,
2026-08-23 14:00:00,15879.720703125,15160.5,actual_period_prediction,
2026-08-23 15:00:00,16668.07421875,15853.0,actual_period_prediction,
2026-08-23 16:00:00,20655.685546875,18441.0,actual_period_prediction,
2026-08-23 17:00:00,23959.556640625,21872.5,actual_period_prediction,
2026-08-23 18:00:00,25420.166015625,24663.0,actual_period_prediction,
2026-08-23 19:00:00,25744.66015625,25977.0,actual_period_prediction,
2026-08-23 20:00:00,25789.24609375,26156.5,actual_period_prediction,
2026-08-23 21:00:00,25144.2578125,25309.0,actual_period_prediction,
2026-08-23 22:00:00,23873.416015625,23432.0,actual_period_prediction,
2026-08-23 23:00:00,22083.908203125,21510.0,actual_period_prediction,
2026-08-24 00:00:00,21490.751953125,21040.0,actual_period_prediction,
2026-08-24 01:00:00,21384.287109375,20610.5,actual_period_prediction,
2026-08-24 02:00:00,21131.947265625,19966.0,actual_period_prediction,
2026-08-24 03:00:00,20229.638671875,19195.0,actual_period_prediction,
2026-08-24 04:00:00,19793.84375,18388.0,actual_period_prediction,
2026-08-24 05:00:00,19793.84375,18762.5,actual_period_prediction,
2026-08-24 06:00:00,21404.423828125,21180.5,actual_period_prediction,
2026-08-24 07:00:00,24682.4140625,23601.5,actual_period_prediction,
2026-08-24 08:00:00,22805.15625,23395.5,actual_period_prediction,
2026-08-24 09:00:00,22511.33984375,21891.5,actual_period_prediction,
2026-08-24 10:00:00,21925.015625,20191.0,actual_period_prediction,
2026-08-24 11:00:00,20126.439453125,19257.0,actual_period_prediction,
2026-08-24 12:00:00,19788.744140625,18489.5,actual_period_prediction,
2026-08-24 13:00:00,20991.681640625,17885.0,actual_period_prediction,
2026-08-24 14:00:00,20060.830078125,18216.5,actual_period_prediction,
2026-08-24 15:00:00,19926.521484375,18778.5,actual_period_prediction,
2026-08-24 16:00:00,23463.12890625,20606.0,actual_period_prediction,
2026-08-24 17:00:00,26126.98046875,24054.5,actual_period_prediction,
2026-08-24 18:00:00,26138.794921875,26182.5,actual_period_prediction,
2026-08-24 19:00:00,26733.154296875,27242.0,actual_period_prediction,
2026-08-24 20:00:00,27191.201171875,27724.0,actual_period_prediction,
2026-08-24 21:00:00,26436.55078125,26679.0,actual_period_prediction,
2026-08-24 22:00:00,24712.455078125,24011.5,actual_period_prediction,
2026-08-24 23:00:00,23032.63671875,21904.5,actual_period_prediction,
2026-08-25 00:00:00,21236.783203125,21232.0,actual_period_prediction,
2026-08-25 01:00:00,20856.44921875,20673.5,actual_period_prediction,
2026-08-25 02:00:00,21097.033203125,19701.0,actual_period_prediction,
2026-08-25 03:00:00,19786.3828125,19243.5,actual_period_prediction,
2026-08-25 04:00:00,19906.802734375,18817.5,actual_period_prediction,
2026-08-25 05:00:00,20146.59765625,19204.5,actual_period_prediction,
2026-08-25 06:00:00,21802.859375,21181.0,actual_period_prediction,
2026-08-25 07:00:00,24997.880859375,23566.0,actual_period_prediction,
2026-08-25 08:00:00,24632.748046875,24505.5,actual_period_prediction,
2026-08-25 09:00:00,24319.078125,22895.0,actual_period_prediction,
2026-08-25 10:00:00,24343.009765625,21176.5,actual_period_prediction,
2026-08-25 11:00:00,23105.5703125,19606.5,actual_period_prediction,
2026-08-25 12:00:00,20885.484375,19371.5,actual_period_prediction,
2026-08-25 13:00:00,20294.89453125,18738.5,actual_period_prediction,
2026-08-25 14:00:00,21251.5078125,19153.5,actual_period_prediction,
2026-08-25 15:00:00,21564.443359375,20575.5,actual_period_prediction,
2026-08-25 16:00:00,23958.3828125,22395.0,actual_period_prediction,
2026-08-25 17:00:00,25523.224609375,25771.0,actual_period_prediction,
2026-08-25 18:00:00,27145.248046875,27663.0,actual_period_prediction,
2026-08-25 19:00:00,27870.474609375,28254.5,actual_period_prediction,
2026-08-25 20:00:00,27935.1015625,28304.5,actual_period_prediction,
2026-08-25 21:00:00,27475.60546875,26880.0,actual_period_prediction,
2026-08-25 22:00:00,25347.783203125,24568.5,actual_period_prediction,
2026-08-25 23:00:00,23293.505859375,22057.5,actual_period_prediction,
2026-08-26 00:00:00,21886.38671875,21925.0,actual_period_prediction,
2026-08-26 01:00:00,21692.408203125,21186.0,actual_period_prediction,
2026-08-26 02:00:00,21317.08984375,20546.0,actual_period_prediction,
2026-08-26 03:00:00,20682.083984375,20033.5,actual_period_prediction,
2026-08-26 04:00:00,20013.564453125,19641.0,actual_period_prediction,
2026-08-26 05:00:00,20673.4140625,19711.0,actual_period_prediction,
2026-08-26 06:00:00,21954.111328125,21573.0,actual_period_prediction,
2026-08-26 07:00:00,25080.267578125,24769.5,actual_period_prediction,
2026-08-26 08:00:00,26107.73828125,26558.0,actual_period_prediction,
2026-08-26 09:00:00,24698.458984375,25965.5,actual_period_prediction,
2026-08-26 10:00:00,24419.673828125,24456.0,actual_period_prediction,
2026-08-26 11:00:00,23327.45703125,23555.0,actual_period_prediction,
2026-08-26 12:00:00,22712.419921875,22760.0,actual_period_prediction,
2026-08-26 13:00:00,22171.63671875,22293.5,actual_period_prediction,
2026-08-26 14:00:00,22126.630859375,22090.0,actual_period_prediction,
2026-08-26 15:00:00,22797.353515625,22393.0,actual_period_prediction,
2026-08-26 16:00:00,24909.923828125,24127.5,actual_period_prediction,
2026-08-26 17:00:00,27073.55859375,26528.5,actual_period_prediction,
2026-08-26 18:00:00,28994.31640625,28322.5,actual_period_prediction,
2026-08-26 19:00:00,29519.400390625,29732.0,actual_period_prediction,
2026-08-26 20:00:00,29111.525390625,29504.0,actual_period_prediction,
2026-08-26 21:00:00,27579.76953125,27557.0,actual_period_prediction,
2026-08-26 22:00:00,25708.15234375,25473.0,actual_period_prediction,
2026-08-26 23:00:00,23528.50390625,23345.5,actual_period_prediction,
2026-08-27 00:00:00,22143.0546875,22740.0,actual_period_prediction,
2026-08-27 01:00:00,21070.298828125,22100.0,actual_period_prediction,
2026-08-27 02:00:00,20723.71875,21274.5,actual_period_prediction,
2026-08-27 03:00:00,20213.658203125,20294.5,actual_period_prediction,
2026-08-27 04:00:00,19907.224609375,19766.5,actual_period_prediction,
2026-08-27 05:00:00,19829.212890625,19702.0,actual_period_prediction,
2026-08-27 06:00:00,21605.904296875,22082.5,actual_period_prediction,
2026-08-27 07:00:00,24825.197265625,25127.0,actual_period_prediction,
2026-08-27 08:00:00,26036.224609375,27426.5,actual_period_prediction,
2026-08-27 09:00:00,25217.4140625,28179.0,actual_period_prediction,
2026-08-27 10:00:00,24900.775390625,28070.0,actual_period_prediction,
2026-08-27 11:00:00,24894.115234375,28119.0,actual_period_prediction,
2026-08-27 12:00:00,24881.447265625,27760.5,actual_period_prediction,
2026-08-27 13:00:00,24399.115234375,26621.0,actual_period_prediction,
2026-08-27 14:00:00,24328.201171875,26178.0,actual_period_prediction,
2026-08-27 15:00:00,25251.35546875,25613.0,actual_period_prediction,
2026-08-27 16:00:00,25107.552734375,26243.0,actual_period_prediction,
2026-08-27 17:00:00,27244.16796875,27745.5,actual_period_prediction,
2026-08-27 18:00:00,28784.07421875,29080.0,actual_period_prediction,
2026-08-27 19:00:00,30071.205078125,29404.0,actual_period_prediction,
2026-08-27 20:00:00,29753.525390625,28823.0,actual_period_prediction,
2026-08-27 21:00:00,27511.5390625,27791.5,actual_period_prediction,
2026-08-27 22:00:00,25438.19140625,25614.5,actual_period_prediction,
2026-08-27 23:00:00,23884.091796875,23559.5,actual_period_prediction,
2026-08-28 00:00:00,22694.73046875,22966.5,actual_period_prediction,
2026-08-28 01:00:00,22615.11328125,22431.5,actual_period_prediction,
2026-08-28 02:00:00,21132.900390625,21925.5,actual_period_prediction,
2026-08-28 03:00:00,20004.380859375,20770.0,actual_period_prediction,
2026-08-28 04:00:00,19595.935546875,19392.0,actual_period_prediction,
2026-08-28 05:00:00,19670.859375,19700.5,actual_period_prediction,
2026-08-28 06:00:00,21991.880859375,22127.0,actual_period_prediction,
2026-08-28 07:00:00,24725.298828125,24710.5,actual_period_prediction,
2026-08-28 08:00:00,26105.94921875,25468.5,actual_period_prediction,
2026-08-28 09:00:00,25330.876953125,24551.0,actual_period_prediction,
2026-08-28 10:00:00,24908.01953125,23424.0,actual_period_prediction,
2026-08-28 11:00:00,24791.935546875,21967.0,actual_period_prediction,
2026-08-28 12:00:00,25376.2265625,21730.5,actual_period_prediction,
2026-08-28 13:00:00,25316.23046875,22003.5,actual_period_prediction,
2026-08-28 14:00:00,23767.685546875,22426.0,actual_period_prediction,
2026-08-28 15:00:00,23763.150390625,22876.0,actual_period_prediction,
2026-08-28 16:00:00,24835.515625,23740.0,actual_period_prediction,
2026-08-28 17:00:00,26743.310546875,25731.0,actual_period_prediction,
2026-08-28 18:00:00,27323.361328125,26677.5,actual_period_prediction,
2026-08-28 19:00:00,27757.197265625,27264.0,actual_period_prediction,
2026-08-28 20:00:00,27507.99609375,27285.0,actual_period_prediction,
2026-08-28 21:00:00,26650.833984375,25596.5,actual_period_prediction,
2026-08-28 22:00:00,24664.640625,23745.0,actual_period_prediction,
2026-08-28 23:00:00,23224.658203125,22422.5,actual_period_prediction,
2026-08-29 00:00:00,22220.05859375,21676.0,actual_period_prediction,
2026-08-29 01:00:00,21446.796875,21282.0,actual_period_prediction,
2026-08-29 02:00:00,20697.484375,20521.0,actual_period_prediction,
2026-08-29 03:00:00,19418.76171875,19513.0,actual_period_prediction,
2026-08-29 04:00:00,18358.412109375,18976.5,actual_period_prediction,
2026-08-29 05:00:00,18372.794921875,18749.5,actual_period_prediction,
2026-08-29 06:00:00,19914.65234375,19599.5,actual_period_prediction,
2026-08-29 07:00:00,21298.658203125,20978.5,actual_period_prediction,
2026-08-29 08:00:00,21023.373046875,22734.0,actual_period_prediction,
2026-08-29 09:00:00,22639.388671875,24178.5,actual_period_prediction,
2026-08-29 10:00:00,21043.87890625,24419.5,actual_period_prediction,
2026-08-29 11:00:00,21302.8671875,24287.0,actual_period_prediction,
2026-08-29 12:00:00,21998.87109375,24149.5,actual_period_prediction,
2026-08-29 13:00:00,23458.177734375,23848.5,actual_period_prediction,
2026-08-29 14:00:00,22603.99609375,23362.0,actual_period_prediction,
2026-08-29 15:00:00,22509.33203125,23559.0,actual_period_prediction,
2026-08-29 16:00:00,23069.7578125,24000.0,actual_period_prediction,
2026-08-29 17:00:00,24598.205078125,25846.0,actual_period_prediction,
2026-08-29 18:00:00,26353.9921875,26948.5,actual_period_prediction,
2026-08-29 19:00:00,26395.91796875,26731.5,actual_period_prediction,
2026-08-29 20:00:00,26502.689453125,26888.0,actual_period_prediction,
2026-08-29 21:00:00,24889.412109375,25519.0,actual_period_prediction,
2026-08-29 22:00:00,23780.326171875,23534.5,actual_period_prediction,
2026-08-29 23:00:00,22731.609375,22046.5,actual_period_prediction,
2026-08-30 00:00:00,21243.900390625,21404.0,actual_period_prediction,
2026-08-30 01:00:00,20355.650390625,20895.0,actual_period_prediction,
2026-08-30 02:00:00,19535.41796875,19888.5,actual_period_prediction,
2026-08-30 03:00:00,18860.244140625,19116.5,actual_period_prediction,
2026-08-30 04:00:00,18150.453125,18829.0,actual_period_prediction,
2026-08-30 05:00:00,17980.03125,18592.5,actual_period_prediction,
2026-08-30 06:00:00,18352.291015625,18536.5,actual_period_prediction,
2026-08-30 07:00:00,18547.240234375,19140.0,actual_period_prediction,
2026-08-30 08:00:00,20057.49609375,19402.5,actual_period_prediction,
2026-08-30 09:00:00,20737.3984375,19178.0,actual_period_prediction,
2026-08-30 10:00:00,21233.01171875,18866.0,actual_period_prediction,
2026-08-30 11:00:00,21846.5234375,18876.5,actual_period_prediction,
2026-08-30 12:00:00,21783.193359375,19588.5,actual_period_prediction,
2026-08-30 13:00:00,21871.369140625,19669.0,actual_period_prediction,
2026-08-30 14:00:00,21721.380859375,19765.0,actual_period_prediction,
2026-08-30 15:00:00,22079.55078125,21057.0,actual_period_prediction,
2026-08-30 16:00:00,23737.513671875,23041.0,actual_period_prediction,
2026-08-30 17:00:00,25050.359375,25764.5,actual_period_prediction,
2026-08-30 18:00:00,27066.33203125,26230.5,actual_period_prediction,
2026-08-30 19:00:00,26885.638671875,26441.0,actual_period_prediction,
2026-08-30 20:00:00,26843.751953125,25796.0,actual_period_prediction,
2026-08-30 21:00:00,25595.54296875,24925.5,actual_period_prediction,
2026-08-30 22:00:00,23847.44140625,23277.5,actual_period_prediction,
2026-08-30 23:00:00,23472.173828125,21810.5,actual_period_prediction,
2026-08-31 00:00:00,21256.638671875,21231.0,actual_period_prediction,
2026-08-31 01:00:00,21882.728515625,20349.5,actual_period_prediction,
2026-08-31 02:00:00,21168.763671875,19501.0,actual_period_prediction,
2026-08-31 03:00:00,19757.251953125,19137.5,actual_period_prediction,
2026-08-31 04:00:00,19452.634765625,18405.0,actual_period_prediction,
2026-08-31 05:00:00,19090.703125,17781.0,actual_period_prediction,
2026-08-31 06:00:00,20099.677734375,18371.0,actual_period_prediction,
2026-08-31 07:00:00,22265.421875,19512.5,actual_period_prediction,
2026-08-31 08:00:00,22140.607421875,19945.0,actual_period_prediction,
2026-08-31 09:00:00,20786.12890625,19570.5,actual_period_prediction,
2026-08-31 10:00:00,21066.818359375,19117.0,actual_period_prediction,
2026-08-31 11:00:00,22214.013671875,18594.5,actual_period_prediction,
2026-08-31 12:00:00,21705.615234375,18426.5,actual_period_prediction,
2026-08-31 13:00:00,21499.4921875,18124.5,actual_period_prediction,
2026-08-31 14:00:00,21968.36328125,17840.5,actual_period_prediction,
2026-08-31 15:00:00,22361.580078125,18714.0,actual_period_prediction,
2026-08-31 16:00:00,23472.6796875,21258.0,actual_period_prediction,
2026-08-31 17:00:00,25434.03125,23959.5,actual_period_prediction,
2026-08-31 18:00:00,26639.732421875,25521.0,actual_period_prediction,
2026-08-31 19:00:00,27156.111328125,26925.5,actual_period_prediction,
2026-08-31 20:00:00,26367.966796875,26962.0,actual_period_prediction,
2026-08-31 21:00:00,25956.431640625,26250.5,actual_period_prediction,
2026-08-31 22:00:00,24111.6953125,23797.5,actual_period_prediction,
2026-08-31 23:00:00,22644.439453125,21616.5,actual_period_prediction,
2026-09-01 00:00:00,21067.263671875,21732.5,actual_period_prediction,
2026-09-01 01:00:00,20383.7890625,21449.5,actual_period_prediction,
2026-09-01 02:00:00,20642.705078125,20858.5,actual_period_prediction,
2026-09-01 03:00:00,20222.953125,19791.0,actual_period_prediction,
2026-09-01 04:00:00,19782.1796875,19290.5,actual_period_prediction,
2026-09-01 05:00:00,19522.572265625,19797.0,actual_period_prediction,
2026-09-01 06:00:00,20826.669921875,21843.5,actual_period_prediction,
2026-09-01 07:00:00,23710.705078125,24329.5,actual_period_prediction,
2026-09-01 08:00:00,24058.107421875,24654.5,actual_period_prediction,
2026-09-01 09:00:00,23239.376953125,22759.5,actual_period_prediction,
2026-09-01 10:00:00,22904.423828125,20632.0,actual_period_prediction,
2026-09-01 11:00:00,22469.578125,19575.5,actual_period_prediction,
2026-09-01 12:00:00,22484.68359375,19990.5,actual_period_prediction,
2026-09-01 13:00:00,22069.248046875,20547.5,actual_period_prediction,
2026-09-01 14:00:00,22862.068359375,21080.0,actual_period_prediction,
2026-09-01 15:00:00,23675.564453125,23064.5,actual_period_prediction,
2026-09-01 16:00:00,24692.42578125,25569.0,actual_period_prediction,
2026-09-01 17:00:00,25850.232421875,28508.5,actual_period_prediction,
2026-09-01 18:00:00,26981.76171875,29686.0,actual_period_prediction,
2026-09-01 19:00:00,27921.58203125,29879.5,actual_period_prediction,
2026-09-01 20:00:00,28299.87890625,30311.0,actual_period_prediction,
2026-09-01 21:00:00,26368.677734375,28498.0,actual_period_prediction,
2026-09-01 22:00:00,24667.822265625,26302.0,actual_period_prediction,
2026-09-01 23:00:00,22401.376953125,23592.5,actual_period_prediction,
2026-09-02 00:00:00,22405.6328125,22724.0,actual_period_prediction,
2026-09-02 01:00:00,21710.4921875,22172.0,actual_period_prediction,
2026-09-02 02:00:00,21796.087890625,21683.5,actual_period_prediction,
2026-09-02 03:00:00,20537.59375,20592.5,actual_period_prediction,
2026-09-02 04:00:00,20478.357421875,20171.0,actual_period_prediction,
2026-09-02 05:00:00,20552.90625,20541.0,actual_period_prediction,
2026-09-02 06:00:00,22307.765625,22722.0,actual_period_prediction,
2026-09-02 07:00:00,25387.00390625,26223.0,actual_period_prediction,
2026-09-02 08:00:00,25862.396484375,28214.5,actual_period_prediction,
2026-09-02 09:00:00,24773.509765625,28492.0,actual_period_prediction,
2026-09-02 10:00:00,24928.810546875,27946.5,actual_period_prediction,
2026-09-02 11:00:00,24466.876953125,27487.0,actual_period_prediction,
2026-09-02 12:00:00,24552.177734375,27826.5,actual_period_prediction,
2026-09-02 13:00:00,25146.814453125,27903.5,actual_period_prediction,
2026-09-02 14:00:00,24740.439453125,28112.5,actual_period_prediction,
2026-09-02 15:00:00,25209.482421875,28073.5,actual_period_prediction,
2026-09-02 16:00:00,26468.1796875,29194.5,actual_period_prediction,
2026-09-02 17:00:00,28584.853515625,29986.0,actual_period_prediction,
2026-09-02 18:00:00,30289.048828125,30019.5,actual_period_prediction,
2026-09-02 19:00:00,30423.4375,29964.0,actual_period_prediction,
2026-09-02 20:00:00,30139.767578125,29683.0,actual_period_prediction,
2026-09-02 21:00:00,28304.0234375,27612.0,actual_period_prediction,
2026-09-02 22:00:00,26354.271484375,24860.0,actual_period_prediction,
2026-09-02 23:00:00,24388.576171875,22686.5,actual_period_prediction,
2026-09-03 00:00:00,22603.31640625,21595.0,actual_period_prediction,
2026-09-03 01:00:00,22123.212890625,20698.5,actual_period_prediction,
2026-09-03 02:00:00,21655.740234375,20124.0,actual_period_prediction,
2026-09-03 03:00:00,19892.283203125,19450.5,actual_period_prediction,
2026-09-03 04:00:00,19453.94140625,18941.5,actual_period_prediction,
2026-09-03 05:00:00,19389.556640625,19308.0,actual_period_prediction,
2026-09-03 06:00:00,21661.923828125,21965.0,actual_period_prediction,
2026-09-03 07:00:00,25278.123046875,25695.5,actual_period_prediction,
2026-09-03 08:00:00,27101.279296875,26957.5,actual_period_prediction,
2026-09-03 09:00:00,27006.193359375,25825.0,actual_period_prediction,
2026-09-03 10:00:00,26489.283203125,24055.5,actual_period_prediction,
2026-09-03 11:00:00,26344.94140625,23304.0,actual_period_prediction,
2026-09-03 12:00:00,25049.353515625,23270.0,actual_period_prediction,
2026-09-03 13:00:00,24833.919921875,22915.5,actual_period_prediction,
2026-09-03 14:00:00,24780.2578125,22406.0,actual_period_prediction,
2026-09-03 15:00:00,24937.146484375,23150.0,actual_period_prediction,
2026-09-03 16:00:00,27315.30859375,25428.5,actual_period_prediction,
2026-09-03 17:00:00,28443.87109375,28179.0,actual_period_prediction,
2026-09-03 18:00:00,27573.44921875,29529.5,actual_period_prediction,
2026-09-03 19:00:00,29239.376953125,29282.0,actual_period_prediction,
2026-09-03 20:00:00,28320.447265625,29180.5,actual_period_prediction,
2026-09-03 21:00:00,27549.791015625,26881.5,actual_period_prediction,
2026-09-03 22:00:00,25345.29296875,23987.5,actual_period_prediction,
2026-09-03 23:00:00,22726.376953125,21932.0,actual_period_prediction,
2026-09-04 00:00:00,21043.2265625,21225.5,actual_period_prediction,
2026-09-04 01:00:00,20536.75390625,21113.5,actual_period_prediction,
2026-09-04 02:00:00,20515.923828125,20706.0,actual_period_prediction,
2026-09-04 03:00:00,19847.56640625,19867.5,actual_period_prediction,
2026-09-04 04:00:00,18673.078125,19754.0,actual_period_prediction,
2026-09-04 05:00:00,18549.423828125,19587.0,actual_period_prediction,
2026-09-04 06:00:00,20829.255859375,22080.5,actual_period_prediction,
2026-09-04 07:00:00,23966.69921875,25590.0,actual_period_prediction,
2026-09-04 08:00:00,25058.0625,26762.0,actual_period_prediction,
2026-09-04 09:00:00,24213.267578125,25861.5,actual_period_prediction,
2026-09-04 10:00:00,23218.625,24175.0,actual_period_prediction,
2026-09-04 11:00:00,22523.6796875,22873.0,actual_period_prediction,
2026-09-04 12:00:00,22114.49609375,22168.5,actual_period_prediction,
2026-09-04 13:00:00,22036.505859375,21491.0,actual_period_prediction,
2026-09-04 14:00:00,21891.25390625,21026.0,actual_period_prediction,
2026-09-04 15:00:00,22533.001953125,21538.0,actual_period_prediction,
2026-09-04 16:00:00,24227.662109375,23443.5,actual_period_prediction,
2026-09-04 17:00:00,25650.712890625,25297.5,actual_period_prediction,
2026-09-04 18:00:00,25672.14453125,26012.5,actual_period_prediction,
2026-09-04 19:00:00,25918.298828125,26699.0,actual_period_prediction,
2026-09-04 20:00:00,25971.701171875,26657.5,actual_period_prediction,
2026-09-04 21:00:00,25171.146484375,24741.0,actual_period_prediction,
2026-09-04 22:00:00,22977.314453125,23043.0,actual_period_prediction,
2026-09-04 23:00:00,21338.19921875,21172.5,actual_period_prediction,
2026-09-05 00:00:00,20238.0234375,20695.5,actual_period_prediction,
2026-09-05 01:00:00,19777.86328125,19961.0,actual_period_prediction,
2026-09-05 02:00:00,18739.755859375,19307.0,actual_period_prediction,
2026-09-05 03:00:00,18299.412109375,18647.5,actual_period_prediction,
2026-09-05 04:00:00,17783.740234375,18178.5,actual_period_prediction,
2026-09-05 05:00:00,17862.537109375,17966.5,actual_period_prediction,
2026-09-05 06:00:00,19301.24609375,18692.5,actual_period_prediction,
2026-09-05 07:00:00,20798.958984375,19784.0,actual_period_prediction,
2026-09-05 08:00:00,21151.60546875,19503.5,actual_period_prediction,
2026-09-05 09:00:00,22172.044921875,18124.0,actual_period_prediction,
2026-09-05 10:00:00,22519.85546875,17266.0,actual_period_prediction,
2026-09-05 11:00:00,20781.220703125,17090.5,actual_period_prediction,
2026-09-05 12:00:00,19905.93359375,16504.0,actual_period_prediction,
2026-09-05 13:00:00,19274.255859375,15552.0,actual_period_prediction,
2026-09-05 14:00:00,18788.9609375,14877.0,actual_period_prediction,
2026-09-05 15:00:00,19695.626953125,16148.5,actual_period_prediction,
2026-09-05 16:00:00,21771.3359375,18718.0,actual_period_prediction,
2026-09-05 17:00:00,25218.3671875,22603.0,actual_period_prediction,
2026-09-05 18:00:00,25776.037109375,25472.0,actual_period_prediction,
2026-09-05 19:00:00,26106.041015625,26573.0,actual_period_prediction,
2026-09-05 20:00:00,26289.17578125,26669.0,actual_period_prediction,
2026-09-05 21:00:00,25377.41015625,25324.0,actual_period_prediction,
2026-09-05 22:00:00,23435.24609375,23625.5,actual_period_prediction,
2026-09-05 23:00:00,22098.14453125,21996.0,actual_period_prediction,
2026-09-06 00:00:00,21013.228515625,21312.5,actual_period_prediction,
2026-09-06 01:00:00,20305.484375,20258.5,actual_period_prediction,
2026-09-06 02:00:00,19275.03125,19446.0,actual_period_prediction,
2026-09-06 03:00:00,18742.173828125,18510.5,actual_period_prediction,
2026-09-06 04:00:00,18016.52734375,17759.5,actual_period_prediction,
2026-09-06 05:00:00,17410.169921875,17104.5,actual_period_prediction,
2026-09-06 06:00:00,17996.314453125,17405.5,actual_period_prediction,
2026-09-06 07:00:00,18567.771484375,18059.5,actual_period_prediction,
2026-09-06 08:00:00,18658.056640625,18295.0,actual_period_prediction,
2026-09-06 09:00:00,19058.88671875,18383.0,actual_period_prediction,
2026-09-06 10:00:00,19473.51953125,17805.0,actual_period_prediction,
2026-09-06 11:00:00,20149.865234375,16760.0,actual_period_prediction,
2026-09-06 12:00:00,19916.333984375,16661.5,actual_period_prediction,
2026-09-06 13:00:00,19757.42578125,16256.5,actual_period_prediction,
2026-09-06 14:00:00,16980.4375,16285.5,actual_period_prediction,
2026-09-06 15:00:00,18393.24609375,17800.0,actual_period_prediction,
2026-09-06 16:00:00,21290.80859375,20461.0,actual_period_prediction,
2026-09-06 17:00:00,23948.654296875,24061.0,actual_period_prediction,
2026-09-06 18:00:00,25437.666015625,25463.0,actual_period_prediction,
2026-09-06 19:00:00,26577.58203125,25814.0,actual_period_prediction,
2026-09-06 20:00:00,26409.3046875,25816.0,actual_period_prediction,
2026-09-06 21:00:00,25230.3203125,24701.5,actual_period_prediction,
2026-09-06 22:00:00,24410.173828125,22411.0,actual_period_prediction,
2026-09-06 23:00:00,23094.435546875,20706.5,actual_period_prediction,
2026-09-07 00:00:00,21407.78515625,20392.0,actual_period_prediction,
2026-09-07 01:00:00,20535.939453125,20282.5,actual_period_prediction,
2026-09-07 02:00:00,20533.6953125,19921.0,actual_period_prediction,
2026-09-07 03:00:00,19959.734375,19044.5,actual_period_prediction,
2026-09-07 04:00:00,19473.35546875,18617.0,actual_period_prediction,
2026-09-07 05:00:00,19103.7109375,19243.0,actual_period_prediction,
2026-09-07 06:00:00,20472.259765625,22288.0,actual_period_prediction,
2026-09-07 07:00:00,22064.05859375,25241.0,actual_period_prediction,
2026-09-07 08:00:00,23413.138671875,26315.0,actual_period_prediction,
2026-09-07 09:00:00,23370.787109375,26396.0,actual_period_prediction,
2026-09-07 10:00:00,23364.083984375,25056.5,actual_period_prediction,
2026-09-07 11:00:00,22677.3671875,24842.5,actual_period_prediction,
2026-09-07 12:00:00,22306.228515625,24292.5,actual_period_prediction,
2026-09-07 13:00:00,22411.556640625,23432.0,actual_period_prediction,
2026-09-07 14:00:00,22260.806640625,22986.0,actual_period_prediction,
2026-09-07 15:00:00,22525.125,22696.0,actual_period_prediction,
2026-09-07 16:00:00,23763.90234375,24697.5,actual_period_prediction,
2026-09-07 17:00:00,25381.021484375,27041.5,actual_period_prediction,
2026-09-07 18:00:00,25846.310546875,28252.0,actual_period_prediction,
2026-09-07 19:00:00,26149.923828125,28935.0,actual_period_prediction,
2026-09-07 20:00:00,25717.87890625,28467.5,actual_period_prediction,
2026-09-07 21:00:00,25447.6640625,25960.0,actual_period_prediction,
2026-09-07 22:00:00,23069.240234375,23198.5,actual_period_prediction,
2026-09-07 23:00:00,21542.958984375,21003.5,actual_period_prediction,
2026-09-08 00:00:00,20033.203125,20392.5,actual_period_prediction,
2026-09-08 01:00:00,20135.171875,20059.5,actual_period_prediction,
2026-09-08 02:00:00,19665.404296875,19761.5,actual_period_prediction,
2026-09-08 03:00:00,18934.376953125,19609.5,actual_period_prediction,
2026-09-08 04:00:00,18505.109375,19206.0,actual_period_prediction,
2026-09-08 05:00:00,18789.060546875,20241.5,actual_period_prediction,
2026-09-08 06:00:00,21116.533203125,22819.5,actual_period_prediction,
2026-09-08 07:00:00,24055.498046875,26583.0,actual_period_prediction,
2026-09-08 08:00:00,25416.287109375,28370.0,actual_period_prediction,
2026-09-08 09:00:00,25138.87890625,28409.5,actual_period_prediction,
2026-09-08 10:00:00,24065.625,27213.5,actual_period_prediction,
2026-09-08 11:00:00,24283.6640625,26401.0,actual_period_prediction,
2026-09-08 12:00:00,23570.412109375,25281.0,actual_period_prediction,
2026-09-08 13:00:00,23045.93359375,23613.5,actual_period_prediction,
2026-09-08 14:00:00,23083.322265625,21824.0,actual_period_prediction,
2026-09-08 15:00:00,23148.583984375,21698.0,actual_period_prediction,
2026-09-08 16:00:00,24630.99609375,22921.5,actual_period_prediction,
2026-09-08 17:00:00,26415.4921875,25793.5,actual_period_prediction,
2026-09-08 18:00:00,27178.45703125,27891.0,actual_period_prediction,
2026-09-08 19:00:00,27049.26171875,28438.5,actual_period_prediction,
2026-09-08 20:00:00,27130.8515625,28193.5,actual_period_prediction,
2026-09-08 21:00:00,25821.533203125,25911.5,actual_period_prediction,
2026-09-08 22:00:00,23849.291015625,23472.0,actual_period_prediction,
2026-09-08 23:00:00,21841.068359375,21622.5,actual_period_prediction,
2026-09-09 00:00:00,20412.439453125,21219.0,actual_period_prediction,
2026-09-09 01:00:00,20378.4921875,21109.5,actual_period_prediction,
2026-09-09 02:00:00,20485.24609375,20696.0,actual_period_prediction,
2026-09-09 03:00:00,19525.431640625,20275.0,actual_period_prediction,
2026-09-09 04:00:00,19351.16796875,19544.0,actual_period_prediction,
2026-09-09 05:00:00,19758.56640625,20101.0,actual_period_prediction,
2026-09-09 06:00:00,22932.037109375,23245.5,actual_period_prediction,
2026-09-09 07:00:00,26248.94140625,26198.0,actual_period_prediction,
2026-09-09 08:00:00,27284.4453125,26170.0,actual_period_prediction,
2026-09-09 09:00:00,27254.076171875,24710.5,actual_period_prediction,
2026-09-09 10:00:00,26613.361328125,23261.5,actual_period_prediction,
2026-09-09 11:00:00,26536.888671875,23661.5,actual_period_prediction,
2026-09-09 12:00:00,25459.3125,24172.5,actual_period_prediction,
2026-09-09 13:00:00,24775.271484375,24233.5,actual_period_prediction,
2026-09-09 14:00:00,24132.03125,23935.0,actual_period_prediction,
2026-09-09 15:00:00,24730.255859375,24345.5,actual_period_prediction,
2026-09-09 16:00:00,25211.041015625,26328.5,actual_period_prediction,
2026-09-09 17:00:00,27455.125,28795.0,actual_period_prediction,
2026-09-09 18:00:00,27947.490234375,30305.0,actual_period_prediction,
2026-09-09 19:00:00,28517.927734375,31321.0,actual_period_prediction,
2026-09-09 20:00:00,28836.185546875,30552.5,actual_period_prediction,
2026-09-09 21:00:00,27246.673828125,28428.0,actual_period_prediction,
2026-09-09 22:00:00,24712.826171875,26076.5,actual_period_prediction,
2026-09-09 23:00:00,22670.451171875,23340.5,actual_period_prediction,
2026-09-10 00:00:00,21961.828125,22789.5,actual_period_prediction,
2026-09-10 01:00:00,21619.212890625,22494.5,actual_period_prediction,
2026-09-10 02:00:00,20868.3359375,21974.5,actual_period_prediction,
2026-09-10 03:00:00,20449.869140625,21142.0,actual_period_prediction,
2026-09-10 04:00:00,20094.22265625,20559.5,actual_period_prediction,
2026-09-10 05:00:00,20192.953125,20643.0,actual_period_prediction,
2026-09-10 06:00:00,24095.279296875,22815.0,actual_period_prediction,
2026-09-10 07:00:00,25933.1015625,26248.0,actual_period_prediction,
2026-09-10 08:00:00,26247.41796875,26301.5,actual_period_prediction,
2026-09-10 09:00:00,25655.568359375,24567.0,actual_period_prediction,
2026-09-10 10:00:00,24558.69921875,22579.5,actual_period_prediction,
2026-09-10 11:00:00,24498.216796875,21646.0,actual_period_prediction,
2026-09-10 12:00:00,24222.0546875,21830.0,actual_period_prediction,
2026-09-10 13:00:00,24321.671875,22229.5,actual_period_prediction,
2026-09-10 14:00:00,24469.462890625,22382.0,actual_period_prediction,
2026-09-10 15:00:00,24807.75390625,23630.5,actual_period_prediction,
2026-09-10 16:00:00,25816.095703125,25959.5,actual_period_prediction,
2026-09-10 17:00:00,27292.103515625,28089.5,actual_period_prediction,
2026-09-10 18:00:00,28505.587890625,28947.0,actual_period_prediction,
2026-09-10 19:00:00,29546.05078125,29231.0,actual_period_prediction,
2026-09-10 20:00:00,29847.685546875,29033.5,actual_period_prediction,
2026-09-10 21:00:00,27571.38671875,27040.5,actual_period_prediction,
2026-09-10 22:00:00,25033.09375,24172.0,actual_period_prediction,
2026-09-10 23:00:00,22979.841796875,22076.0,actual_period_prediction,
2026-09-11 00:00:00,22103.783203125,21924.5,actual_period_prediction,
2026-09-11 01:00:00,21857.0,21822.5,actual_period_prediction,
2026-09-11 02:00:00,21767.673828125,20848.0,actual_period_prediction,
2026-09-11 03:00:00,20459.578125,20317.5,actual_period_prediction,
2026-09-11 04:00:00,19570.087890625,19440.0,actual_period_prediction,
2026-09-11 05:00:00,19544.458984375,19758.5,actual_period_prediction,
2026-09-11 06:00:00,22325.03125,22523.0,actual_period_prediction,
2026-09-11 07:00:00,25512.056640625,25730.5,actual_period_prediction,
2026-09-11 08:00:00,25868.423828125,26108.5,actual_period_prediction,
2026-09-11 09:00:00,25237.236328125,24790.5,actual_period_prediction,
2026-09-11 10:00:00,24069.376953125,24081.0,actual_period_prediction,
2026-09-11 11:00:00,23057.740234375,24135.0,actual_period_prediction,
2026-09-11 12:00:00,21931.302734375,24815.5,actual_period_prediction,
2026-09-11 13:00:00,22366.42578125,24261.0,actual_period_prediction,
2026-09-11 14:00:00,22273.646484375,23561.0,actual_period_prediction,
2026-09-11 15:00:00,23485.04296875,23555.0,actual_period_prediction,
2026-09-11 16:00:00,25395.27734375,24806.0,actual_period_prediction,
2026-09-11 17:00:00,26993.828125,27125.5,actual_period_prediction,
2026-09-11 18:00:00,27271.7421875,28645.5,actual_period_prediction,
2026-09-11 19:00:00,27610.33203125,29965.0,actual_period_prediction,
2026-09-11 20:00:00,27622.748046875,29149.0,actual_period_prediction,
2026-09-11 21:00:00,26664.73828125,27154.0,actual_period_prediction,
2026-09-11 22:00:00,23912.0,24838.0,actual_period_prediction,
2026-09-11 23:00:00,22772.697265625,22373.0,actual_period_prediction,
2026-09-12 00:00:00,21850.08203125,21304.5,actual_period_prediction,
2026-09-12 01:00:00,20945.86328125,20354.0,actual_period_prediction,
2026-09-12 02:00:00,19895.798828125,19097.5,actual_period_prediction,
2026-09-12 03:00:00,19281.169921875,17647.5,actual_period_prediction,
2026-09-12 04:00:00,18303.177734375,16992.5,actual_period_prediction,
2026-09-12 05:00:00,17831.517578125,16899.0,actual_period_prediction,
2026-09-12 06:00:00,18754.923828125,17795.0,actual_period_prediction,
2026-09-12 07:00:00,20727.611328125,19020.5,actual_period_prediction,
2026-09-12 08:00:00,19723.625,20043.5,actual_period_prediction,
2026-09-12 09:00:00,19566.275390625,20420.0,actual_period_prediction,
2026-09-12 10:00:00,20510.052734375,20397.5,actual_period_prediction,
2026-09-12 11:00:00,21849.96484375,20496.5,actual_period_prediction,
2026-09-12 12:00:00,20502.37109375,20016.0,actual_period_prediction,
2026-09-12 13:00:00,19988.029296875,18554.0,actual_period_prediction,
2026-09-12 14:00:00,19477.1875,18152.5,actual_period_prediction,
2026-09-12 15:00:00,20852.796875,19178.0,actual_period_prediction,
2026-09-12 16:00:00,22412.708984375,21386.5,actual_period_prediction,
2026-09-12 17:00:00,24261.134765625,24259.0,actual_period_prediction,
2026-09-12 18:00:00,26117.060546875,26396.0,actual_period_prediction,
2026-09-12 19:00:00,26692.923828125,26908.0,actual_period_prediction,
2026-09-12 20:00:00,25788.205078125,26549.0,actual_period_prediction,
2026-09-12 21:00:00,25345.98046875,25112.0,actual_period_prediction,
2026-09-12 22:00:00,23715.681640625,23319.5,actual_period_prediction,
2026-09-12 23:00:00,23106.673828125,22434.0,actual_period_prediction,
2026-09-13 00:00:00,21466.953125,22111.0,actual_period_prediction,
2026-09-13 01:00:00,20271.5078125,21059.0,actual_period_prediction,
2026-09-13 02:00:00,19418.48046875,19822.0,actual_period_prediction,
2026-09-13 03:00:00,18602.07421875,19445.0,actual_period_prediction,
2026-09-13 04:00:00,18275.05078125,18695.5,actual_period_prediction,
2026-09-13 05:00:00,18159.904296875,18609.5,actual_period_prediction,
2026-09-13 06:00:00,17901.443359375,19271.0,actual_period_prediction,
2026-09-13 07:00:00,18224.5703125,20617.5,actual_period_prediction,
2026-09-13 08:00:00,18633.353515625,22077.0,actual_period_prediction,
2026-09-13 09:00:00,18553.21484375,23071.0,actual_period_prediction,
2026-09-13 10:00:00,19008.76171875,23397.5,actual_period_prediction,
2026-09-13 11:00:00,19649.916015625,23467.5,actual_period_prediction,
2026-09-13 12:00:00,20038.798828125,23496.5,actual_period_prediction,
2026-09-13 13:00:00,19519.390625,23226.0,actual_period_prediction,
2026-09-13 14:00:00,19345.716796875,22860.0,actual_period_prediction,
2026-09-13 15:00:00,20010.666015625,23229.5,actual_period_prediction,
2026-09-13 16:00:00,22601.248046875,25079.0,actual_period_prediction,
2026-09-13 17:00:00,24931.310546875,27570.0,actual_period_prediction,
2026-09-13 18:00:00,26860.5703125,29002.5,actual_period_prediction,
2026-09-13 19:00:00,27341.84765625,29259.0,actual_period_prediction,
2026-09-13 20:00:00,26633.21875,28113.5,actual_period_prediction,
2026-09-13 21:00:00,25466.921875,26246.0,actual_period_prediction,
2026-09-13 22:00:00,23908.998046875,24082.0,actual_period_prediction,
2026-09-13 23:00:00,23257.984375,22212.0,actual_period_prediction,
2026-09-14 00:00:00,22648.0625,21610.5,actual_period_prediction,
2026-09-14 01:00:00,21503.205078125,21092.0,actual_period_prediction,
2026-09-14 02:00:00,20855.013671875,20304.0,actual_period_prediction,
2026-09-14 03:00:00,20512.529296875,19537.0,actual_period_prediction,
2026-09-14 04:00:00,20277.505859375,19235.0,actual_period_prediction,
2026-09-14 05:00:00,20070.40234375,19501.0,actual_period_prediction,
2026-09-14 06:00:00,22112.400390625,22811.5,actual_period_prediction,
2026-09-14 07:00:00,25061.798828125,25905.0,actual_period_prediction,
2026-09-14 08:00:00,25398.34765625,27476.5,actual_period_prediction,
2026-09-14 09:00:00,25186.1640625,27950.0,actual_period_prediction,
2026-09-14 10:00:00,25236.126953125,27448.0,actual_period_prediction,
2026-09-14 11:00:00,25488.015625,26688.5,actual_period_prediction,
2026-09-14 12:00:00,25068.509765625,26092.0,actual_period_prediction,
2026-09-14 13:00:00,25089.20703125,24990.5,actual_period_prediction,
2026-09-14 14:00:00,24787.810546875,24307.5,actual_period_prediction,
2026-09-14 15:00:00,24844.0078125,23874.0,actual_period_prediction,
2026-09-14 16:00:00,25786.390625,25660.5,actual_period_prediction,
2026-09-14 17:00:00,28070.14453125,28247.0,actual_period_prediction,
2026-09-14 18:00:00,30065.759765625,29729.0,actual_period_prediction,
2026-09-14 19:00:00,30110.40234375,30250.0,actual_period_prediction,
2026-09-14 20:00:00,29628.0078125,29530.5,actual_period_prediction,
2026-09-14 21:00:00,26764.994140625,27163.0,actual_period_prediction,
2026-09-14 22:00:00,25392.380859375,24500.5,actual_period_prediction,
2026-09-14 23:00:00,23639.361328125,22207.5,actual_period_prediction,
2026-09-15 00:00:00,21667.4296875,21550.5,actual_period_prediction,
2026-09-15 01:00:00,21095.166015625,21001.0,actual_period_prediction,
2026-09-15 02:00:00,20585.626953125,20422.0,actual_period_prediction,
2026-09-15 03:00:00,20596.13671875,19613.0,actual_period_prediction,
2026-09-15 04:00:00,20035.33984375,19086.0,actual_period_prediction,
2026-09-15 05:00:00,19023.103515625,19480.0,actual_period_prediction,
2026-09-15 06:00:00,22270.369140625,22218.0,actual_period_prediction,
2026-09-15 07:00:00,25517.8828125,25645.0,actual_period_prediction,
2026-09-15 08:00:00,26821.26953125,26754.0,actual_period_prediction,
2026-09-15 09:00:00,26925.544921875,25698.5,actual_period_prediction,
2026-09-15 10:00:00,26141.677734375,23622.0,actual_period_prediction,
2026-09-15 11:00:00,26045.154296875,22250.0,actual_period_prediction,
2026-09-15 12:00:00,25648.36328125,21165.5,actual_period_prediction,
2026-09-15 13:00:00,23466.212890625,20439.0,actual_period_prediction,
2026-09-15 14:00:00,23059.267578125,20027.5,actual_period_prediction,
2026-09-15 15:00:00,23835.671875,20589.5,actual_period_prediction,
2026-09-15 16:00:00,25057.390625,22981.0,actual_period_prediction,
2026-09-15 17:00:00,27062.916015625,26291.5,actual_period_prediction,
2026-09-15 18:00:00,28920.361328125,28902.0,actual_period_prediction,
2026-09-15 19:00:00,29167.962890625,30198.0,actual_period_prediction,
2026-09-15 20:00:00,28978.16796875,29353.0,actual_period_prediction,
2026-09-15 21:00:00,26783.009765625,27282.0,actual_period_prediction,
2026-09-15 22:00:00,23581.984375,24690.5,actual_period_prediction,
2026-09-15 23:00:00,22141.15234375,23110.0,actual_period_prediction,
2026-09-16 00:00:00,21219.185546875,22060.5,actual_period_prediction,
2026-09-16 01:00:00,21216.6640625,21494.0,actual_period_prediction,
2026-09-16 02:00:00,20599.177734375,20807.0,actual_period_prediction,
2026-09-16 03:00:00,19917.88671875,19825.5,actual_period_prediction,
2026-09-16 04:00:00,19705.033203125,19126.5,actual_period_prediction,
2026-09-16 05:00:00,19533.8515625,19802.0,actual_period_prediction,
2026-09-16 06:00:00,22799.041015625,22937.0,actual_period_prediction,
2026-09-16 07:00:00,25179.63671875,26441.0,actual_period_prediction,
2026-09-16 08:00:00,26072.072265625,27496.0,actual_period_prediction,
2026-09-16 09:00:00,25323.123046875,25731.5,actual_period_prediction,
2026-09-16 10:00:00,24627.0078125,24130.0,actual_period_prediction,
2026-09-16 11:00:00,24527.5390625,23457.5,actual_period_prediction,
2026-09-16 12:00:00,24675.544921875,23791.0,actual_period_prediction,
2026-09-16 13:00:00,24368.5078125,23175.0,actual_period_prediction,
2026-09-16 14:00:00,24008.458984375,23139.0,actual_period_prediction,
2026-09-16 15:00:00,24290.880859375,24036.0,actual_period_prediction,
2026-09-16 16:00:00,24494.03515625,25515.0,actual_period_prediction,
2026-09-16 17:00:00,26903.16796875,27931.5,actual_period_prediction,
2026-09-16 18:00:00,28756.78515625,29929.5,actual_period_prediction,
2026-09-16 19:00:00,30081.505859375,30761.0,actual_period_prediction,
2026-09-16 20:00:00,29161.89453125,29112.5,actual_period_prediction,
2026-09-16 21:00:00,27720.83203125,26536.0,actual_period_prediction,
2026-09-16 22:00:00,25149.6328125,23296.5,actual_period_prediction,
2026-09-16 23:00:00,23123.11328125,20767.0,actual_period_prediction,
2026-09-17 00:00:00,21540.873046875,19875.5,actual_period_prediction,
2026-09-17 01:00:00,20778.5,19459.5,actual_period_prediction,
2026-09-17 02:00:00,20337.5078125,18091.0,actual_period_prediction,
2026-09-17 03:00:00,19587.90625,17728.5,actual_period_prediction,
2026-09-17 04:00:00,18913.201171875,16945.0,actual_period_prediction,
2026-09-17 05:00:00,18925.705078125,17915.0,actual_period_prediction,
2026-09-17 06:00:00,21984.9765625,21196.0,actual_period_prediction,
2026-09-17 07:00:00,25471.861328125,25116.5,actual_period_prediction,
2026-09-17 08:00:00,25993.150390625,26236.0,actual_period_prediction,
2026-09-17 09:00:00,24231.236328125,25396.5,actual_period_prediction,
2026-09-17 10:00:00,23332.126953125,23063.5,actual_period_prediction,
2026-09-17 11:00:00,23535.80859375,21217.5,actual_period_prediction,
2026-09-17 12:00:00,23263.1640625,20799.0,actual_period_prediction,
2026-09-17 13:00:00,23215.421875,19583.0,actual_period_prediction,
2026-09-17 14:00:00,23341.759765625,19605.0,actual_period_prediction,
2026-09-17 15:00:00,23241.947265625,20220.5,actual_period_prediction,
2026-09-17 16:00:00,24213.369140625,23110.5,actual_period_prediction,
2026-09-17 17:00:00,26361.3671875,26236.0,actual_period_prediction,
2026-09-17 18:00:00,27230.080078125,28096.5,actual_period_prediction,
2026-09-17 19:00:00,28504.1640625,29358.0,actual_period_prediction,
2026-09-17 20:00:00,27561.96484375,28583.0,actual_period_prediction,
2026-09-17 21:00:00,26166.75,26235.5,actual_period_prediction,
2026-09-17 22:00:00,23251.10546875,23325.5,actual_period_prediction,
2026-09-17 23:00:00,21279.447265625,21295.0,actual_period_prediction,
2026-09-18 00:00:00,19947.830078125,20660.5,actual_period_prediction,
2026-09-18 01:00:00,19917.349609375,20417.0,actual_period_prediction,
2026-09-18 02:00:00,19680.505859375,19854.5,actual_period_prediction,
2026-09-18 03:00:00,18488.99609375,18996.0,actual_period_prediction,
2026-09-18 04:00:00,18436.537109375,18400.5,actual_period_prediction,
2026-09-18 05:00:00,18436.537109375,19031.0,actual_period_prediction,
2026-09-18 06:00:00,21032.681640625,22097.0,actual_period_prediction,
2026-09-18 07:00:00,25099.9609375,25615.5,actual_period_prediction,
2026-09-18 08:00:00,25496.220703125,26011.0,actual_period_prediction,
2026-09-18 09:00:00,24735.310546875,24585.5,actual_period_prediction,
2026-09-18 10:00:00,23880.837890625,22605.5,actual_period_prediction,
2026-09-18 11:00:00,23234.126953125,21613.5,actual_period_prediction,
2026-09-18 12:00:00,23538.43359375,21357.0,actual_period_prediction,
2026-09-18 13:00:00,22885.302734375,21913.0,actual_period_prediction,
2026-09-18 14:00:00,23279.712890625,22670.0,actual_period_prediction,
2026-09-18 15:00:00,23653.953125,23770.5,actual_period_prediction,
2026-09-18 16:00:00,24937.17578125,25883.5,actual_period_prediction,
2026-09-18 17:00:00,25667.373046875,27574.0,actual_period_prediction,
2026-09-18 18:00:00,26715.234375,27951.5,actual_period_prediction,
2026-09-18 19:00:00,26937.564453125,28018.5,actual_period_prediction,
2026-09-18 20:00:00,26394.81640625,26484.0,actual_period_prediction,
2026-09-18 21:00:00,25205.38671875,24662.5,actual_period_prediction,
2026-09-18 22:00:00,23030.05859375,22223.0,actual_period_prediction,
2026-09-18 23:00:00,21008.400390625,20096.0,actual_period_prediction,
2026-09-19 00:00:00,20119.50390625,19589.0,actual_period_prediction,
2026-09-19 01:00:00,19224.51953125,18584.5,actual_period_prediction,
2026-09-19 02:00:00,18905.794921875,17657.0,actual_period_prediction,
2026-09-19 03:00:00,17960.494140625,17200.0,actual_period_prediction,
2026-09-19 04:00:00,17114.85546875,16524.0,actual_period_prediction,
2026-09-19 05:00:00,16959.83984375,16464.5,actual_period_prediction,
2026-09-19 06:00:00,17951.958984375,17624.0,actual_period_prediction,
2026-09-19 07:00:00,19239.16015625,19154.0,actual_period_prediction,
2026-09-19 08:00:00,18913.21484375,20729.5,actual_period_prediction,
2026-09-19 09:00:00,18600.17578125,21271.0,actual_period_prediction,
2026-09-19 10:00:00,18160.552734375,20508.0,actual_period_prediction,
2026-09-19 11:00:00,19071.765625,19892.5,actual_period_prediction,
2026-09-19 12:00:00,19655.931640625,19441.5,actual_period_prediction,
2026-09-19 13:00:00,19483.15234375,19049.5,actual_period_prediction,
2026-09-19 14:00:00,19730.044921875,18674.0,actual_period_prediction,
2026-09-19 15:00:00,19990.62109375,19170.5,actual_period_prediction,
2026-09-19 16:00:00,22149.80078125,21029.0,actual_period_prediction,
2026-09-19 17:00:00,24496.1953125,24430.0,actual_period_prediction,
2026-09-19 18:00:00,25727.76953125,25897.5,actual_period_prediction,
2026-09-19 19:00:00,25668.623046875,26324.5,actual_period_prediction,
2026-09-19 20:00:00,25165.6328125,25999.0,actual_period_prediction,
2026-09-19 21:00:00,24362.205078125,24088.0,actual_period_prediction,
2026-09-19 22:00:00,22004.212890625,22022.0,actual_period_prediction,
2026-09-19 23:00:00,20357.9609375,20124.5,actual_period_prediction,
2026-09-20 00:00:00,19911.275390625,19434.0,actual_period_prediction,
2026-09-20 01:00:00,19021.185546875,18868.5,actual_period_prediction,
2026-09-20 02:00:00,17702.255859375,18165.0,actual_period_prediction,
2026-09-20 03:00:00,17014.158203125,17391.0,actual_period_prediction,
2026-09-20 04:00:00,16243.3408203125,16884.0,actual_period_prediction,
2026-09-20 05:00:00,16208.658203125,16265.5,actual_period_prediction,
2026-09-20 06:00:00,16812.638671875,17131.0,actual_period_prediction,
2026-09-20 07:00:00,17291.6640625,18548.5,actual_period_prediction,
2026-09-20 08:00:00,18805.8359375,18585.071,actual_period_prediction,
2026-09-20 09:00:00,18959.05859375,18621.642,actual_period_prediction,
2026-09-20 10:00:00,20073.544921875,18658.214,actual_period_prediction,
2026-09-20 11:00:00,19960.875,18694.785,actual_period_prediction,
2026-09-20 12:00:00,19279.44921875,18731.356,actual_period_prediction,
2026-09-20 13:00:00,19117.951171875,18767.927,actual_period_prediction,
2026-09-20 14:00:00,17926.966796875,18804.498,actual_period_prediction,
2026-09-20 15:00:00,18784.91796875,18841.07,actual_period_prediction,
2026-09-20 16:00:00,22355.154296875,18877.641,actual_period_prediction,
2026-09-20 17:00:00,24406.734375,18914.212,actual_period_prediction,
2026-09-20 18:00:00,25364.8671875,18950.783,actual_period_prediction,
2026-09-20 19:00:00,26498.767578125,18987.354,actual_period_prediction,
2026-09-20 20:00:00,26497.86328125,19023.926,actual_period_prediction,
2026-09-20 21:00:00,25110.291015625,19060.497,actual_period_prediction,
2026-09-20 22:00:00,23155.58203125,19097.068,actual_period_prediction,
2026-09-20 23:00:00,21519.705078125,19133.639,actual_period_prediction,
2026-09-21 00:00:00,21479.81640625,19170.21,actual_period_prediction,
2026-09-21 01:00:00,21147.544921875,19206.782,actual_period_prediction,
2026-09-21 02:00:00,20455.03515625,19243.353,actual_period_prediction,
2026-09-21 03:00:00,19859.056640625,19279.924,actual_period_prediction,
2026-09-21 04:00:00,19401.431640625,19316.495,actual_period_prediction,
2026-09-21 05:00:00,19865.66015625,19353.066,actual_period_prediction,
2026-09-21 06:00:00,22181.306640625,19389.638,actual_period_prediction,
2026-09-21 07:00:00,24955.07421875,19426.209,actual_period_prediction,
2026-09-21 08:00:00,25353.158203125,19462.78,actual_period_prediction,
2026-09-21 09:00:00,25089.986328125,19499.351,actual_period_prediction,
2026-09-21 10:00:00,25005.017578125,19535.922,actual_period_prediction,
2026-09-21 11:00:00,24558.3125,19572.494,actual_period_prediction,
2026-09-21 12:00:00,24379.654296875,19609.065,actual_period_prediction,
2026-09-21 13:00:00,24259.427734375,19645.636,actual_period_prediction,
2026-09-21 14:00:00,24012.140625,19682.207,actual_period_prediction,
2026-09-21 15:00:00,24196.16796875,19718.778,actual_period_prediction,
2026-09-21 16:00:00,25264.376953125,19755.35,actual_period_prediction,
2026-09-21 17:00:00,26579.140625,19791.921,actual_period_prediction,
2026-09-21 18:00:00,27548.513671875,19828.492,actual_period_prediction,
2026-09-21 19:00:00,26791.861328125,19865.063,actual_period_prediction,
2026-09-21 20:00:00,26857.638671875,19901.634,actual_period_prediction,
2026-09-21 21:00:00,25006.35546875,19938.206,actual_period_prediction,
2026-09-21 22:00:00,24398.099609375,19974.777,actual_period_prediction,
2026-09-21 23:00:00,22844.943359375,20011.348,actual_period_prediction,
2026-09-22 00:00:00,21517.646484375,20047.919,actual_period_prediction,
2026-09-22 01:00:00,21312.892578125,20084.491,actual_period_prediction,
2026-09-22 02:00:00,20900.93359375,20121.062,actual_period_prediction,
2026-09-22 03:00:00,20611.2265625,20157.633,actual_period_prediction,
2026-09-22 04:00:00,20432.5234375,20194.204,actual_period_prediction,
2026-09-22 05:00:00,20391.322265625,20230.775,actual_period_prediction,
2026-09-22 06:00:00,21663.3203125,20267.347,actual_period_prediction,
2026-09-22 07:00:00,24172.095703125,20303.918,actual_period_prediction,
2026-09-22 08:00:00,24092.306640625,20340.489,actual_period_prediction,
2026-09-22 09:00:00,24166.68359375,20377.06,actual_period_prediction,
2026-09-22 10:00:00,23832.39453125,20413.631,actual_period_prediction,
2026-09-22 11:00:00,23356.689453125,20450.203,actual_period_prediction,
2026-09-22 12:00:00,22806.876953125,20486.774,actual_period_prediction,
2026-09-22 13:00:00,22180.951171875,20523.345,actual_period_prediction,
2026-09-22 14:00:00,21962.8203125,20559.916,actual_period_prediction,
2026-09-22 15:00:00,22696.646484375,20596.487,actual_period_prediction,
2026-09-22 16:00:00,24393.15234375,20633.059,actual_period_prediction,
2026-09-22 17:00:00,25752.056640625,20669.63,actual_period_prediction,
2026-09-22 18:00:00,26236.916015625,20706.201,actual_period_prediction,
2026-09-22 19:00:00,26233.53125,20742.772,actual_period_prediction,
2026-09-22 20:00:00,25567.533203125,20779.343,actual_period_prediction,
2026-09-22 21:00:00,24564.125,20815.915,actual_period_prediction,
2026-09-22 22:00:00,23856.658203125,20852.486,actual_period_prediction,
2026-09-22 23:00:00,22480.416015625,20889.057,actual_period_prediction,
2026-09-23 00:00:00,21521.166015625,20925.628,actual_period_prediction,
2026-09-23 01:00:00,21417.142578125,20962.199,actual_period_prediction,
2026-09-23 02:00:00,21388.359375,20998.771,actual_period_prediction,
2026-09-23 03:00:00,20505.951171875,21035.342,actual_period_prediction,
2026-09-23 04:00:00,20730.8046875,21071.913,actual_period_prediction,
2026-09-23 05:00:00,20635.982421875,21108.484,actual_period_prediction,
2026-09-23 06:00:00,23051.71875,21145.055,actual_period_prediction,
2026-09-23 07:00:00,24449.955078125,21181.627,actual_period_prediction,
2026-09-23 08:00:00,25137.9921875,21218.198,actual_period_prediction,
2026-09-23 09:00:00,24007.97265625,21254.769,actual_period_prediction,
2026-09-23 10:00:00,23986.873046875,21291.34,actual_period_prediction,
2026-09-23 11:00:00,23242.939453125,21327.911,actual_period_prediction,
2026-09-23 12:00:00,22338.16015625,21364.483,actual_period_prediction,
2026-09-23 13:00:00,21538.40625,21401.054,actual_period_prediction,
2026-09-23 14:00:00,21569.3984375,21437.625,actual_period_prediction,
2026-09-23 15:00:00,22593.099609375,21474.196,actual_period_prediction,
2026-09-23 16:00:00,23483.607421875,21510.767,actual_period_prediction,
2026-09-23 17:00:00,24887.705078125,21547.339,actual_period_prediction,
2026-09-23 18:00:00,25432.384765625,21583.91,actual_period_prediction,
2026-09-23 19:00:00,25987.28515625,21620.481,actual_period_prediction,
2026-09-23 20:00:00,25295.033203125,21657.052,actual_period_prediction,
2026-09-23 21:00:00,24494.14453125,21693.623,actual_period_prediction,
2026-09-23 22:00:00,23471.96875,21730.195,actual_period_prediction,
2026-09-23 23:00:00,22706.193359375,21766.766,actual_period_prediction,
2026-09-24 00:00:00,21634.517578125,21803.337,actual_period_prediction,
2026-09-24 01:00:00,21616.98046875,21839.908,actual_period_prediction,
2026-09-24 02:00:00,21437.53125,21876.479,actual_period_prediction,
2026-09-24 03:00:00,21015.9453125,21913.051,actual_period_prediction,
2026-09-24 04:00:00,20862.599609375,21949.622,actual_period_prediction,
2026-09-24 05:00:00,20778.009765625,21986.193,actual_period_prediction,
2026-09-24 06:00:00,21405.53125,22022.764,actual_period_prediction,
2026-09-24 07:00:00,24063.748046875,22059.335,actual_period_prediction,
2026-09-24 08:00:00,24035.50390625,22095.907,actual_period_prediction,
2026-09-24 09:00:00,23870.271484375,22132.478,actual_period_prediction,
2026-09-24 10:00:00,23249.19140625,22169.049,actual_period_prediction,
2026-09-24 11:00:00,22652.7109375,22205.62,actual_period_prediction,
2026-09-24 12:00:00,22502.099609375,22242.191,actual_period_prediction,
2026-09-24 13:00:00,21709.966796875,22278.763,actual_period_prediction,
2026-09-24 14:00:00,22100.826171875,22315.334,actual_period_prediction,
2026-09-24 15:00:00,22543.19921875,22351.905,actual_period_prediction,
2026-09-24 16:00:00,24353.185546875,22388.476,actual_period_prediction,
2026-09-24 17:00:00,24741.9921875,22425.047,actual_period_prediction,
2026-09-24 18:00:00,25578.791015625,22461.619,actual_period_prediction,
2026-09-24 19:00:00,25064.697265625,22498.19,actual_period_prediction,
2026-09-24 20:00:00,25072.650390625,22534.761,actual_period_prediction,
2026-09-24 21:00:00,24007.841796875,22571.332,actual_period_prediction,
2026-09-24 22:00:00,23022.970703125,22607.903,actual_period_prediction,
2026-09-24 23:00:00,22212.32421875,22644.475,actual_period_prediction,
2026-09-25 00:00:00,21708.080078125,22681.046,actual_period_prediction,
2026-09-25 01:00:00,21585.23046875,22717.617,actual_period_prediction,
2026-09-25 02:00:00,22397.318359375,22754.188,actual_period_prediction,
2026-09-25 03:00:00,22235.40234375,22790.759,actual_period_prediction,
2026-09-25 04:00:00,21731.064453125,22827.331,actual_period_prediction,
2026-09-25 05:00:00,21641.8515625,22863.902,actual_period_prediction,
2026-09-25 06:00:00,22108.5078125,22900.473,actual_period_prediction,
2026-09-25 07:00:00,24113.66796875,22937.044,actual_period_prediction,
2026-09-25 08:00:00,23779.822265625,22973.616,actual_period_prediction,
2026-09-25 09:00:00,24138.896484375,23010.187,actual_period_prediction,
2026-09-25 10:00:00,23995.85546875,23046.758,actual_period_prediction,
2026-09-25 11:00:00,23782.02734375,23083.329,actual_period_prediction,
2026-09-25 12:00:00,23676.578125,23119.9,actual_period_prediction,
2026-09-25 13:00:00,23214.1875,23156.472,actual_period_prediction,
2026-09-25 14:00:00,23523.07421875,23193.043,actual_period_prediction,
2026-09-25 15:00:00,23647.58203125,23229.614,actual_period_prediction,
2026-09-25 16:00:00,24356.150390625,23266.185,actual_period_prediction,
2026-09-25 17:00:00,24853.14453125,23302.756,actual_period_prediction,
2026-09-25 18:00:00,25210.900390625,23339.328,actual_period_prediction,
2026-09-25 19:00:00,24803.162109375,23375.899,actual_period_prediction,
2026-09-25 20:00:00,24225.66015625,23412.47,actual_period_prediction,
2026-09-25 21:00:00,23594.3828125,23449.041,actual_period_prediction,
2026-09-25 22:00:00,22973.794921875,23485.612,actual_period_prediction,
2026-09-25 23:00:00,22629.8359375,23522.184,actual_period_prediction,
2026-09-26 00:00:00,21951.52734375,23558.755,actual_period_prediction,
2026-09-26 01:00:00,21304.439453125,23595.326,actual_period_prediction,
2026-09-26 02:00:00,20882.1484375,23631.897,actual_period_prediction,
2026-09-26 03:00:00,20367.552734375,23668.468,actual_period_prediction,
2026-09-26 04:00:00,19726.642578125,23705.04,actual_period_prediction,
2026-09-26 05:00:00,18988.970703125,23741.611,actual_period_prediction,
2026-09-26 06:00:00,19408.984375,23778.182,actual_period_prediction,
2026-09-26 07:00:00,19458.12890625,23814.753,actual_period_prediction,
2026-09-26 08:00:00,20411.2578125,23851.324,actual_period_prediction,
2026-09-26 09:00:00,20526.94921875,23887.896,actual_period_prediction,
2026-09-26 10:00:00,20354.119140625,23924.467,actual_period_prediction,
2026-09-26 11:00:00,20190.02734375,23961.038,actual_period_prediction,
2026-09-26 12:00:00,20150.203125,23997.609,actual_period_prediction,
2026-09-26 13:00:00,18654.271484375,24034.18,actual_period_prediction,
2026-09-26 14:00:00,19106.9765625,24070.752,actual_period_prediction,
2026-09-26 15:00:00,20511.4765625,24107.323,actual_period_prediction,
2026-09-26 16:00:00,21862.91796875,24143.894,actual_period_prediction,
2026-09-26 17:00:00,24504.080078125,24180.465,actual_period_prediction,
2026-09-26 18:00:00,24509.6953125,24217.036,actual_period_prediction,
2026-09-26 19:00:00,24647.837890625,24253.608,actual_period_prediction,
2026-09-26 20:00:00,24383.20703125,24290.179,actual_period_prediction,
2026-09-26 21:00:00,23785.5859375,24326.75,actual_period_prediction,
2026-09-26 22:00:00,23329.70703125,24363.321,actual_period_prediction,
2026-09-26 23:00:00,22248.244140625,24399.892,actual_period_prediction,
2026-09-27 00:00:00,21604.96484375,24436.464,actual_period_prediction,
2026-09-27 01:00:00,21292.998046875,24473.035,actual_period_prediction,
2026-09-27 02:00:00,21800.283203125,24509.606,actual_period_prediction,
2026-09-27 03:00:00,21493.046875,24546.177,actual_period_prediction,
2026-09-27 04:00:00,20916.388671875,24582.748,actual_period_prediction,
2026-09-27 05:00:00,20426.966796875,24619.32,actual_period_prediction,
2026-09-27 06:00:00,20274.228515625,24655.891,actual_period_prediction,
2026-09-27 07:00:00,19919.345703125,24692.462,actual_period_prediction,
2026-09-27 08:00:00,20127.51171875,24729.033,actual_period_prediction,
2026-09-27 09:00:00,20341.779296875,24765.604,actual_period_prediction,
2026-09-27 10:00:00,20841.46484375,24802.176,actual_period_prediction,
2026-09-27 11:00:00,20867.306640625,24838.747,actual_period_prediction,
2026-09-27 12:00:00,20508.279296875,24875.318,actual_period_prediction,
2026-09-27 13:00:00,20979.302734375,24911.889,actual_period_prediction,
2026-09-27 14:00:00,20580.61328125,24948.46,actual_period_prediction,
2026-09-27 15:00:00,20765.919921875,24985.032,actual_period_prediction,
2026-09-27 16:00:00,21747.630859375,25021.603,actual_period_prediction,
2026-09-27 17:00:00,22285.490234375,25058.174,actual_period_prediction,
2026-09-27 18:00:00,22889.94921875,25094.745,actual_period_prediction,
2026-09-27 19:00:00,22678.90625,25131.316,actual_period_prediction,
2026-09-27 20:00:00,23047.74609375,25167.888,actual_period_prediction,
2026-09-27 21:00:00,23241.212890625,25204.459,actual_period_prediction,
2026-09-27 22:00:00,23043.59375,25241.03,actual_period_prediction,
2026-09-27 23:00:00,22724.5390625,25277.601,actual_period_prediction,
2026-09-28 00:00:00,23465.96875,25314.172,actual_period_prediction,
2026-09-28 01:00:00,23636.3515625,25350.744,actual_period_prediction,
2026-09-28 02:00:00,23532.5234375,25387.315,actual_period_prediction,
2026-09-28 03:00:00,23481.826171875,25423.886,actual_period_prediction,
2026-09-28 04:00:00,23320.568359375,25460.457,actual_period_prediction,
2026-09-28 05:00:00,24213.314453125,25497.028,actual_period_prediction,
2026-09-28 06:00:00,23433.59375,25533.6,actual_period_prediction,
2026-09-28 07:00:00,23901.669921875,25570.171,actual_period_prediction,
2026-09-28 08:00:00,23803.12109375,25606.742,actual_period_prediction,
2026-09-28 09:00:00,24251.115234375,25643.313,actual_period_prediction,
2026-09-28 10:00:00,24589.509765625,25679.884,actual_period_prediction,
2026-09-28 11:00:00,24482.236328125,25716.456,actual_period_prediction,
2026-09-28 12:00:00,24045.361328125,25753.027,actual_period_prediction,
2026-09-28 13:00:00,23865.5703125,25789.598,actual_period_prediction,
2026-09-28 14:00:00,23683.427734375,25826.169,actual_period_prediction,
2026-09-28 15:00:00,24564.65234375,25862.741,actual_period_prediction,
2026-09-28 16:00:00,25563.552734375,25899.312,actual_period_prediction,
2026-09-28 17:00:00,25824.94140625,25935.883,actual_period_prediction,
2026-09-28 18:00:00,25770.0859375,25972.454,actual_period_prediction,
2026-09-28 19:00:00,25604.294921875,26009.025,actual_period_prediction,
2026-09-28 20:00:00,25236.79296875,26045.597,actual_period_prediction,
2026-09-28 21:00:00,25146.2734375,26082.168,actual_period_prediction,
2026-09-28 22:00:00,24452.96484375,26118.739,actual_period_prediction,
2026-09-28 23:00:00,24012.767578125,26155.31,actual_period_prediction,
2026-09-29 00:00:00,23760.392578125,26191.881,actual_period_prediction,
2026-09-29 01:00:00,23842.908203125,26228.453,actual_period_prediction,
2026-09-29 02:00:00,23814.662109375,26265.024,actual_period_prediction,
2026-09-29 03:00:00,23631.845703125,26301.595,actual_period_prediction,
2026-09-29 04:00:00,23448.03125,26338.166,actual_period_prediction,
2026-09-29 05:00:00,23098.34375,26374.737,actual_period_prediction,
2026-09-29 06:00:00,23721.533203125,26411.309,actual_period_prediction,
2026-09-29 07:00:00,23847.017578125,26447.88,actual_period_prediction,
2026-09-29 08:00:00,23969.6796875,26484.451,actual_period_prediction,
2026-09-29 09:00:00,24089.08203125,26521.022,actual_period_prediction,
2026-09-29 10:00:00,24601.982421875,26557.593,actual_period_prediction,
2026-09-29 11:00:00,24188.40625,26594.165,actual_period_prediction,
2026-09-29 12:00:00,24593.1640625,26630.736,actual_period_prediction,
2026-09-29 13:00:00,24789.4375,26667.307,actual_period_prediction,
2026-09-29 14:00:00,24454.705078125,26703.878,actual_period_prediction,
2026-09-29 15:00:00,25071.498046875,26740.449,actual_period_prediction,
2026-09-29 16:00:00,26034.08984375,26777.021,actual_period_prediction,
2026-09-29 17:00:00,26032.673828125,26813.592,actual_period_prediction,
2026-09-29 18:00:00,25643.302734375,26850.163,actual_period_prediction,
2026-09-29 19:00:00,25607.51171875,26886.734,actual_period_prediction,
2026-09-29 20:00:00,26026.638671875,26923.305,actual_period_prediction,
2026-09-29 21:00:00,26248.8359375,26959.877,actual_period_prediction,
2026-09-29 22:00:00,25645.880859375,26996.448,actual_period_prediction,
2026-09-29 23:00:00,25974.259765625,27033.019,actual_period_prediction,
2026-09-30 00:00:00,23955.8125,27069.59,actual_period_prediction,
2026-09-30 01:00:00,24266.208984375,27106.161,actual_period_prediction,
2026-09-30 02:00:00,24087.3515625,27142.733,actual_period_prediction,
2026-09-30 03:00:00,24178.96484375,27179.304,actual_period_prediction,
2026-09-30 04:00:00,23413.265625,27215.875,actual_period_prediction,
2026-09-30 05:00:00,23978.314453125,27252.446,actual_period_prediction,
2026-09-30 06:00:00,24119.30859375,27289.017,actual_period_prediction,
2026-09-30 07:00:00,24299.544921875,27325.589,actual_period_prediction,
2026-09-30 08:00:00,24725.259765625,27362.16,actual_period_prediction,
2026-09-30 09:00:00,25410.37890625,27398.731,actual_period_prediction,
2026-09-30 10:00:00,25365.51953125,27435.302,actual_period_prediction,
2026-09-30 11:00:00,25727.845703125,27471.873,actual_period_prediction,
2026-09-30 12:00:00,24370.66796875,27508.445,actual_period_prediction,
2026-09-30 13:00:00,23952.73046875,27545.016,actual_period_prediction,
2026-09-30 14:00:00,24031.666015625,27581.587,actual_period_prediction,
2026-09-30 15:00:00,24440.82421875,27618.158,actual_period_prediction,
2026-09-30 16:00:00,25696.16796875,27654.729,actual_period_prediction,
2026-09-30 17:00:00,26230.119140625,27691.301,actual_period_prediction,
2026-09-30 18:00:00,26238.9140625,27727.872,actual_period_prediction,
2026-09-30 19:00:00,26068.62109375,27764.443,actual_period_prediction,
2026-09-30 20:00:00,25895.134765625,27801.014,actual_period_prediction,
2026-09-30 21:00:00,26088.24609375,27837.585,actual_period_prediction,
2026-09-30 22:00:00,25722.232421875,27874.157,actual_period_prediction,
2026-09-30 23:00:00,25445.923828125,27910.728,actual_period_prediction,
2026-10-01 00:00:00,24702.10546875,27947.299,actual_period_prediction,
2026-10-01 01:00:00,25222.12890625,27983.87,actual_period_prediction,
2026-10-01 02:00:00,25143.041015625,28020.441,actual_period_prediction,
2026-10-01 03:00:00,24927.4921875,28057.013,actual_period_prediction,
2026-10-01 04:00:00,24987.943359375,28093.584,actual_period_prediction,
2026-10-01 05:00:00,24984.3828125,28130.155,actual_period_prediction,
2026-10-01 06:00:00,25057.724609375,28166.726,actual_period_prediction,
2026-10-01 07:00:00,25362.056640625,28203.297,actual_period_prediction,
2026-10-01 08:00:00,25322.23046875,28239.869,actual_period_prediction,
2026-10-01 09:00:00,25659.494140625,28276.44,actual_period_prediction,
2026-10-01 10:00:00,25469.796875,28313.011,actual_period_prediction,
2026-10-01 11:00:00,24477.404296875,28349.582,actual_period_prediction,
2026-10-01 12:00:00,24474.55859375,28386.153,actual_period_prediction,
2026-10-01 13:00:00,24670.5703125,28422.725,actual_period_prediction,
2026-10-01 14:00:00,24187.203125,28459.296,actual_period_prediction,
2026-10-01 15:00:00,24996.39453125,28495.867,actual_period_prediction,
2026-10-01 16:00:00,26019.5703125,28532.438,actual_period_prediction,
2026-10-01 17:00:00,26823.80859375,28569.009,actual_period_prediction,
2026-10-01 18:00:00,26644.015625,28605.581,actual_period_prediction,
2026-10-01 19:00:00,26192.36328125,28642.152,actual_period_prediction,
2026-10-01 20:00:00,26273.78125,28678.723,actual_period_prediction,
2026-10-01 21:00:00,26074.58203125,28715.294,actual_period_prediction,
2026-10-01 22:00:00,25345.115234375,28751.866,actual_period_prediction,
2026-10-01 23:00:00,25064.990234375,28788.437,actual_period_prediction,
2026-10-02 00:00:00,24705.537109375,28825.008,actual_period_prediction,
2026-10-02 01:00:00,24725.607421875,28861.579,actual_period_prediction,
2026-10-02 02:00:00,24148.2578125,28898.15,actual_period_prediction,
2026-10-02 03:00:00,24169.275390625,28934.722,actual_period_prediction,
2026-10-02 04:00:00,24174.55859375,28971.293,actual_period_prediction,
2026-10-02 05:00:00,24253.11328125,29007.864,actual_period_prediction,
2026-10-02 06:00:00,24409.462890625,29044.435,actual_period_prediction,
2026-10-02 07:00:00,25059.0,29081.006,actual_period_prediction,
2026-10-02 08:00:00,25143.013671875,29117.578,actual_period_prediction,
2026-10-02 09:00:00,24916.99609375,29154.149,actual_period_prediction,
2026-10-02 10:00:00,24660.779296875,29190.72,actual_period_prediction,
2026-10-02 11:00:00,24635.296875,29227.291,actual_period_prediction,
2026-10-02 12:00:00,25251.970703125,29263.862,actual_period_prediction,
2026-10-02 13:00:00,25104.7578125,29300.434,actual_period_prediction,
2026-10-02 14:00:00,25538.693359375,29337.005,actual_period_prediction,
2026-10-02 15:00:00,25190.578125,29373.576,actual_period_prediction,
2026-10-02 16:00:00,26257.5,29410.147,actual_period_prediction,
2026-10-02 17:00:00,25746.55078125,29446.718,actual_period_prediction,
2026-10-02 18:00:00,25225.92578125,29483.29,actual_period_prediction,
2026-10-02 19:00:00,25134.349609375,29519.861,actual_period_prediction,
2026-10-02 20:00:00,24923.478515625,29556.432,actual_period_prediction,
2026-10-02 21:00:00,25020.869140625,29593.003,actual_period_prediction,
2026-10-02 22:00:00,24897.41015625,29629.574,actual_period_prediction,
2026-10-02 23:00:00,24532.994140625,29666.146,actual_period_prediction,
2026-10-03 00:00:00,23459.650390625,29702.717,actual_period_prediction,
2026-10-03 01:00:00,23481.94921875,29739.288,actual_period_prediction,
2026-10-03 02:00:00,23468.1328125,29775.859,actual_period_prediction,
2026-10-03 03:00:00,23784.798828125,29812.43,actual_period_prediction,
2026-10-03 04:00:00,23765.193359375,29849.002,actual_period_prediction,
2026-10-03 05:00:00,23711.296875,29885.573,actual_period_prediction,
2026-10-03 06:00:00,24075.408203125,29922.144,actual_period_prediction,
2026-10-03 07:00:00,24030.9765625,29958.715,actual_period_prediction,
2026-10-03 08:00:00,23776.431640625,29995.286,actual_period_prediction,
2026-10-03 09:00:00,23633.015625,30031.858,actual_period_prediction,
2026-10-03 10:00:00,24250.625,30068.429,actual_period_prediction,
2026-10-03 11:00:00,24352.3671875,30105.0,actual_period_prediction,
2026-10-03 12:00:00,23893.90234375,29947.0,actual_period_prediction,
2026-10-03 13:00:00,23933.572265625,29789.0,actual_period_prediction,
2026-10-03 14:00:00,24103.48828125,29109.625,actual_period_prediction,
2026-10-03 15:00:00,25495.900390625,28430.25,actual_period_prediction,
2026-10-03 16:00:00,25670.623046875,27750.875,actual_period_prediction,
2026-10-03 17:00:00,26944.826171875,27071.5,actual_period_prediction,
2026-10-03 18:00:00,26925.49609375,27655.5,actual_period_prediction,
2026-10-03 19:00:00,26904.185546875,28694.75,actual_period_prediction,
2026-10-03 20:00:00,26807.955078125,29734.0,actual_period_prediction,
2026-10-03 21:00:00,26800.205078125,28088.0,actual_period_prediction,
2026-10-03 22:00:00,27318.5234375,26626.0,actual_period_prediction,
2026-10-03 23:00:00,27084.6953125,25886.5,actual_period_prediction,
2026-10-04 00:00:00,27454.76171875,25147.0,actual_period_prediction,
2026-10-04 01:00:00,27454.76171875,24407.5,actual_period_prediction,
2026-10-04 02:00:00,27204.9140625,23668.0,actual_period_prediction,
2026-10-04 03:00:00,26770.6796875,22928.5,actual_period_prediction,
2026-10-04 04:00:00,26719.314453125,22189.0,actual_period_prediction,
2026-10-04 05:00:00,26719.314453125,21449.5,actual_period_prediction,
2026-10-04 06:00:00,27207.5078125,20710.0,actual_period_prediction,
2026-10-04 07:00:00,27149.591796875,19970.5,actual_period_prediction,
2026-10-04 08:00:00,27199.244140625,22661.5,actual_period_prediction,
2026-10-04 09:00:00,27038.287109375,24340.1,actual_period_prediction,
2026-10-04 10:00:00,27071.80078125,26018.7,actual_period_prediction,
2026-10-04 11:00:00,27508.69921875,27697.3,actual_period_prediction,
2026-10-04 12:00:00,26050.783203125,29375.9,actual_period_prediction,
2026-10-04 13:00:00,24500.58203125,31054.5,actual_period_prediction,
2026-10-04 14:00:00,25097.087890625,30235.0,actual_period_prediction,
2026-10-04 15:00:00,26130.4375,29252.5,actual_period_prediction,
2026-10-04 16:00:00,25975.12890625,29236.75,actual_period_prediction,
2026-10-04 17:00:00,26457.212890625,29221.0,actual_period_prediction,
2026-10-04 18:00:00,26825.419921875,30803.0,actual_period_prediction,
2026-10-04 19:00:00,27492.568359375,31412.0,actual_period_prediction,
2026-10-04 20:00:00,27919.4453125,31778.0,actual_period_prediction,
2026-10-04 21:00:00,26614.314453125,30007.0,actual_period_prediction,
2026-10-04 22:00:00,25669.400390625,27680.5,actual_period_prediction,
2026-10-04 23:00:00,24783.134765625,24580.0,actual_period_prediction,
2026-10-05 00:00:00,24103.8203125,12738.0,actual_period_prediction,
2026-10-05 01:00:00,24305.037109375,17586.5,actual_period_prediction,
2026-10-05 02:00:00,23848.21875,22435.0,actual_period_prediction,
2026-10-05 03:00:00,22721.927734375,22225.5,actual_period_prediction,
2026-10-05 04:00:00,22375.51171875,,recursive_forecast_prediction,
2026-10-05 05:00:00,22262.392578125,,recursive_forecast_prediction,
