timestamp,fold,horizon,actual_mw,predicted_mw,actual_demand_mw,predicted_demand_mw
2025-08-01 00:00:00,aug_2025,1,20662.0,21474.486328125,20662.0,21474.486328125
2025-08-01 01:00:00,aug_2025,1,19764.5,20622.548828125,19764.5,20622.548828125
2025-08-01 02:00:00,aug_2025,1,19067.0,20118.666015625,19067.0,20118.666015625
2025-08-01 03:00:00,aug_2025,1,18522.5,19214.283203125,18522.5,19214.283203125
2025-08-01 04:00:00,aug_2025,1,18466.0,18791.30078125,18466.0,18791.30078125
2025-08-01 05:00:00,aug_2025,1,18436.5,19722.90625,18436.5,19722.90625
2025-08-01 06:00:00,aug_2025,1,20102.5,20555.849609375,20102.5,20555.849609375
2025-08-01 07:00:00,aug_2025,1,22422.5,23175.2890625,22422.5,23175.2890625
2025-08-01 08:00:00,aug_2025,1,23988.0,24686.06640625,23988.0,24686.06640625
2025-08-01 09:00:00,aug_2025,1,23891.0,24475.861328125,23891.0,24475.861328125
2025-08-01 10:00:00,aug_2025,1,23335.5,23909.1484375,23335.5,23909.1484375
2025-08-01 11:00:00,aug_2025,1,23116.0,23013.115234375,23116.0,23013.115234375
2025-08-01 12:00:00,aug_2025,1,23050.5,22964.765625,23050.5,22964.765625
2025-08-01 13:00:00,aug_2025,1,22454.5,22662.994140625,22454.5,22662.994140625
2025-08-01 14:00:00,aug_2025,1,21852.5,21861.26953125,21852.5,21861.26953125
2025-08-01 15:00:00,aug_2025,1,21989.0,22068.650390625,21989.0,22068.650390625
2025-08-01 16:00:00,aug_2025,1,22397.5,23259.10546875,22397.5,23259.10546875
2025-08-01 17:00:00,aug_2025,1,23859.0,24377.6171875,23859.0,24377.6171875
2025-08-01 18:00:00,aug_2025,1,25076.5,25772.896484375,25076.5,25772.896484375
2025-08-01 19:00:00,aug_2025,1,25848.0,26578.84375,25848.0,26578.84375
2025-08-01 20:00:00,aug_2025,1,25689.0,27149.490234375,25689.0,27149.490234375
2025-08-01 21:00:00,aug_2025,1,25218.5,26110.541015625,25218.5,26110.541015625
2025-08-01 22:00:00,aug_2025,1,23982.5,24279.884765625,23982.5,24279.884765625
2025-08-01 23:00:00,aug_2025,1,21941.0,23248.396484375,21941.0,23248.396484375
2025-08-02 00:00:00,aug_2025,1,20841.5,21620.91015625,20841.5,21620.91015625
2025-08-02 01:00:00,aug_2025,1,19969.0,20874.755859375,19969.0,20874.755859375
2025-08-02 02:00:00,aug_2025,1,19341.0,20450.412109375,19341.0,20450.412109375
2025-08-02 03:00:00,aug_2025,1,18578.5,19634.861328125,18578.5,19634.861328125
2025-08-02 04:00:00,aug_2025,1,18070.0,18970.84765625,18070.0,18970.84765625
2025-08-02 05:00:00,aug_2025,1,17747.5,18872.83984375,17747.5,18872.83984375
2025-08-02 06:00:00,aug_2025,1,18334.5,19234.568359375,18334.5,19234.568359375
2025-08-02 07:00:00,aug_2025,1,19290.5,20314.083984375,19290.5,20314.083984375
2025-08-02 08:00:00,aug_2025,1,20270.0,20845.796875,20270.0,20845.796875
2025-08-02 09:00:00,aug_2025,1,20266.5,21053.68359375,20266.5,21053.68359375
2025-08-02 10:00:00,aug_2025,1,19806.0,21128.056640625,19806.0,21128.056640625
2025-08-02 11:00:00,aug_2025,1,19341.5,20543.345703125,19341.5,20543.345703125
2025-08-02 12:00:00,aug_2025,1,19288.0,19866.07421875,19288.0,19866.07421875
2025-08-02 13:00:00,aug_2025,1,18790.0,19976.03515625,18790.0,19976.03515625
2025-08-02 14:00:00,aug_2025,1,17827.5,19633.8828125,17827.5,19633.8828125
2025-08-02 15:00:00,aug_2025,1,17621.490234375,19596.716796875,17621.490234375,19596.716796875
2025-08-02 16:00:00,aug_2025,1,18202.5,20025.17578125,18202.5,20025.17578125
2025-08-02 17:00:00,aug_2025,1,20612.0,20804.517578125,20612.0,20804.517578125
2025-08-02 18:00:00,aug_2025,1,22956.5,23847.119140625,22956.5,23847.119140625
2025-08-02 19:00:00,aug_2025,1,23908.0,25438.80078125,23908.0,25438.80078125
2025-08-02 20:00:00,aug_2025,1,23878.5,25674.982421875,23878.5,25674.982421875
2025-08-02 21:00:00,aug_2025,1,23833.5,24576.4375,23833.5,24576.4375
2025-08-02 22:00:00,aug_2025,1,22541.5,23259.67578125,22541.5,23259.67578125
2025-08-02 23:00:00,aug_2025,1,20503.5,22065.765625,20503.5,22065.765625
2025-08-03 00:00:00,aug_2025,1,19493.0,20731.759765625,19493.0,20731.759765625
2025-08-03 01:00:00,aug_2025,1,18561.5,20054.85546875,18561.5,20054.85546875
2025-08-03 02:00:00,aug_2025,1,17748.5,19657.552734375,17748.5,19657.552734375
2025-08-03 03:00:00,aug_2025,1,17621.490234375,18967.666015625,17621.490234375,18967.666015625
2025-08-03 04:00:00,aug_2025,1,17621.490234375,18796.166015625,17621.490234375,18796.166015625
2025-08-03 05:00:00,aug_2025,1,17621.490234375,18938.19921875,17621.490234375,18938.19921875
2025-08-03 06:00:00,aug_2025,1,17621.490234375,18903.1171875,17621.490234375,18903.1171875
2025-08-03 07:00:00,aug_2025,1,17621.490234375,18996.498046875,17621.490234375,18996.498046875
2025-08-03 08:00:00,aug_2025,1,18139.5,19202.505859375,18139.5,19202.505859375
2025-08-03 09:00:00,aug_2025,1,19184.0,19502.939453125,19184.0,19502.939453125
2025-08-03 10:00:00,aug_2025,1,19456.5,20392.4609375,19456.5,20392.4609375
2025-08-03 11:00:00,aug_2025,1,19943.5,20246.11328125,19943.5,20246.11328125
2025-08-03 12:00:00,aug_2025,1,20576.5,20719.9921875,20576.5,20719.9921875
2025-08-03 13:00:00,aug_2025,1,19987.0,21121.986328125,19987.0,21121.986328125
2025-08-03 14:00:00,aug_2025,1,18822.0,20769.869140625,18822.0,20769.869140625
2025-08-03 15:00:00,aug_2025,1,18222.5,20407.240234375,18222.5,20407.240234375
2025-08-03 16:00:00,aug_2025,1,19592.0,20662.701171875,19592.0,20662.701171875
2025-08-03 17:00:00,aug_2025,1,21606.5,21906.091796875,21606.5,21906.091796875
2025-08-03 18:00:00,aug_2025,1,23688.5,24037.228515625,23688.5,24037.228515625
2025-08-03 19:00:00,aug_2025,1,24717.0,25753.232421875,24717.0,25753.232421875
2025-08-03 20:00:00,aug_2025,1,24393.5,26107.384765625,24393.5,26107.384765625
2025-08-03 21:00:00,aug_2025,1,23725.0,24403.345703125,23725.0,24403.345703125
2025-08-03 22:00:00,aug_2025,1,22689.0,23493.990234375,22689.0,23493.990234375
2025-08-03 23:00:00,aug_2025,1,21122.0,22530.232421875,21122.0,22530.232421875
2025-08-04 00:00:00,aug_2025,1,19993.5,21119.24609375,19993.5,21119.24609375
2025-08-04 01:00:00,aug_2025,1,19537.0,20291.7578125,19537.0,20291.7578125
2025-08-04 02:00:00,aug_2025,1,18647.0,20111.302734375,18647.0,20111.302734375
2025-08-04 03:00:00,aug_2025,1,18267.0,19109.375,18267.0,19109.375
2025-08-04 04:00:00,aug_2025,1,17822.5,18985.654296875,17822.5,18985.654296875
2025-08-04 05:00:00,aug_2025,1,17656.0,19276.013671875,17656.0,19276.013671875
2025-08-04 06:00:00,aug_2025,1,18892.0,19658.134765625,18892.0,19658.134765625
2025-08-04 07:00:00,aug_2025,1,21240.5,21818.962890625,21240.5,21818.962890625
2025-08-04 08:00:00,aug_2025,1,23068.5,23734.92578125,23068.5,23734.92578125
2025-08-04 09:00:00,aug_2025,1,24007.5,24046.376953125,24007.5,24046.376953125
2025-08-04 10:00:00,aug_2025,1,24337.5,24819.720703125,24337.5,24819.720703125
2025-08-04 11:00:00,aug_2025,1,24054.5,24499.515625,24054.5,24499.515625
2025-08-04 12:00:00,aug_2025,1,24265.5,24051.900390625,24265.5,24051.900390625
2025-08-04 13:00:00,aug_2025,1,23484.5,24114.095703125,23484.5,24114.095703125
2025-08-04 14:00:00,aug_2025,1,22766.0,22716.986328125,22766.0,22716.986328125
2025-08-04 15:00:00,aug_2025,1,21492.0,23014.13671875,21492.0,23014.13671875
2025-08-04 16:00:00,aug_2025,1,21359.5,22639.052734375,21359.5,22639.052734375
2025-08-04 17:00:00,aug_2025,1,22916.5,22978.765625,22916.5,22978.765625
2025-08-04 18:00:00,aug_2025,1,23729.0,25063.34765625,23729.0,25063.34765625
2025-08-04 19:00:00,aug_2025,1,24986.0,25599.896484375,24986.0,25599.896484375
2025-08-04 20:00:00,aug_2025,1,24634.5,26721.919921875,24634.5,26721.919921875
2025-08-04 21:00:00,aug_2025,1,23920.0,25147.20703125,23920.0,25147.20703125
2025-08-04 22:00:00,aug_2025,1,22389.0,23895.41015625,22389.0,23895.41015625
2025-08-04 23:00:00,aug_2025,1,20071.5,22506.568359375,20071.5,22506.568359375
2025-08-05 00:00:00,aug_2025,1,18940.0,20633.498046875,18940.0,20633.498046875
2025-08-05 01:00:00,aug_2025,1,17766.5,19814.888671875,17766.5,19814.888671875
2025-08-05 02:00:00,aug_2025,1,17621.490234375,19030.193359375,17621.490234375,19030.193359375
2025-08-05 03:00:00,aug_2025,1,17621.490234375,18811.767578125,17621.490234375,18811.767578125
2025-08-05 04:00:00,aug_2025,1,17621.490234375,18765.54296875,17621.490234375,18765.54296875
2025-08-05 05:00:00,aug_2025,1,17621.490234375,19420.14453125,17621.490234375,19420.14453125
2025-08-05 06:00:00,aug_2025,1,18661.0,20292.73828125,18661.0,20292.73828125
2025-08-05 07:00:00,aug_2025,1,20519.5,22066.65234375,20519.5,22066.65234375
2025-08-05 08:00:00,aug_2025,1,20472.5,23229.599609375,20472.5,23229.599609375
2025-08-05 09:00:00,aug_2025,1,20057.5,21577.84375,20057.5,21577.84375
2025-08-05 10:00:00,aug_2025,1,19137.0,21760.7421875,19137.0,21760.7421875
2025-08-05 11:00:00,aug_2025,1,18964.5,20575.904296875,18964.5,20575.904296875
2025-08-05 12:00:00,aug_2025,1,18731.0,20533.41015625,18731.0,20533.41015625
2025-08-05 13:00:00,aug_2025,1,18202.0,20199.13671875,18202.0,20199.13671875
2025-08-05 14:00:00,aug_2025,1,17645.5,19802.150390625,17645.5,19802.150390625
2025-08-05 15:00:00,aug_2025,1,17621.490234375,19860.60546875,17621.490234375,19860.60546875
2025-08-05 16:00:00,aug_2025,1,19225.5,20621.341796875,19225.5,20621.341796875
2025-08-05 17:00:00,aug_2025,1,22265.0,22579.798828125,22265.0,22579.798828125
2025-08-05 18:00:00,aug_2025,1,23948.0,26122.205078125,23948.0,26122.205078125
2025-08-05 19:00:00,aug_2025,1,25277.5,25887.2109375,25277.5,25887.2109375
2025-08-05 20:00:00,aug_2025,1,25692.0,27058.37109375,25692.0,27058.37109375
2025-08-05 21:00:00,aug_2025,1,24971.0,25609.0,24971.0,25609.0
2025-08-05 22:00:00,aug_2025,1,23094.5,24087.810546875,23094.5,24087.810546875
2025-08-05 23:00:00,aug_2025,1,20965.0,22447.978515625,20965.0,22447.978515625
2025-08-06 00:00:00,aug_2025,1,20090.5,20881.216796875,20090.5,20881.216796875
2025-08-06 01:00:00,aug_2025,1,19562.5,20352.67578125,19562.5,20352.67578125
2025-08-06 02:00:00,aug_2025,1,19170.5,20094.787109375,19170.5,20094.787109375
2025-08-06 03:00:00,aug_2025,1,18116.0,19437.517578125,18116.0,19437.517578125
2025-08-06 04:00:00,aug_2025,1,17849.0,18669.0,17849.0,18669.0
2025-08-06 05:00:00,aug_2025,1,18200.5,19657.421875,18200.5,19657.421875
2025-08-06 06:00:00,aug_2025,1,20055.5,20705.259765625,20055.5,20705.259765625
2025-08-06 07:00:00,aug_2025,1,22163.5,22968.705078125,22163.5,22968.705078125
2025-08-06 08:00:00,aug_2025,1,22967.5,23834.595703125,22967.5,23834.595703125
2025-08-06 09:00:00,aug_2025,1,21485.0,23387.841796875,21485.0,23387.841796875
2025-08-06 10:00:00,aug_2025,1,19981.0,21870.587890625,19981.0,21870.587890625
2025-08-06 11:00:00,aug_2025,1,18865.5,20688.5234375,18865.5,20688.5234375
2025-08-06 12:00:00,aug_2025,1,18331.0,19936.591796875,18331.0,19936.591796875
2025-08-06 13:00:00,aug_2025,1,18426.0,19977.220703125,18426.0,19977.220703125
2025-08-06 14:00:00,aug_2025,1,19450.5,19991.701171875,19450.5,19991.701171875
2025-08-06 15:00:00,aug_2025,1,21220.0,21191.77734375,21220.0,21191.77734375
2025-08-06 16:00:00,aug_2025,1,23613.5,23768.0390625,23613.5,23768.0390625
2025-08-06 17:00:00,aug_2025,1,26358.0,26363.47265625,26358.0,26363.47265625
2025-08-06 18:00:00,aug_2025,1,27514.5,28269.146484375,27514.5,28269.146484375
2025-08-06 19:00:00,aug_2025,1,27462.5,28732.193359375,27462.5,28732.193359375
2025-08-06 20:00:00,aug_2025,1,27101.0,27402.68359375,27101.0,27402.68359375
2025-08-06 21:00:00,aug_2025,1,26499.5,25657.0078125,26499.5,25657.0078125
2025-08-06 22:00:00,aug_2025,1,23682.0,25025.396484375,23682.0,25025.396484375
2025-08-06 23:00:00,aug_2025,1,21642.0,22408.033203125,21642.0,22408.033203125
2025-08-07 00:00:00,aug_2025,1,19924.5,21136.869140625,19924.5,21136.869140625
2025-08-07 01:00:00,aug_2025,1,19155.5,20215.93359375,19155.5,20215.93359375
2025-08-07 02:00:00,aug_2025,1,18294.0,19431.291015625,18294.0,19431.291015625
2025-08-07 03:00:00,aug_2025,1,17621.490234375,18559.173828125,17621.490234375,18559.173828125
2025-08-07 04:00:00,aug_2025,1,17621.490234375,18393.541015625,17621.490234375,18393.541015625
2025-08-07 05:00:00,aug_2025,1,17621.490234375,19947.5625,17621.490234375,19947.5625
2025-08-07 06:00:00,aug_2025,1,19571.5,20568.650390625,19571.5,20568.650390625
2025-08-07 07:00:00,aug_2025,1,21732.5,23248.728515625,21732.5,23248.728515625
2025-08-07 08:00:00,aug_2025,1,23553.5,24274.134765625,23553.5,24274.134765625
2025-08-07 09:00:00,aug_2025,1,24073.0,24838.763671875,24073.0,24838.763671875
2025-08-07 10:00:00,aug_2025,1,23180.5,24071.451171875,23180.5,24071.451171875
2025-08-07 11:00:00,aug_2025,1,22816.0,23008.56640625,22816.0,23008.56640625
2025-08-07 12:00:00,aug_2025,1,22571.0,22882.71875,22571.0,22882.71875
2025-08-07 13:00:00,aug_2025,1,21660.5,22478.375,21660.5,22478.375
2025-08-07 14:00:00,aug_2025,1,21162.5,21564.849609375,21162.5,21564.849609375
2025-08-07 15:00:00,aug_2025,1,21783.5,22079.947265625,21783.5,22079.947265625
2025-08-07 16:00:00,aug_2025,1,22800.5,23740.78125,22800.5,23740.78125
2025-08-07 17:00:00,aug_2025,1,24770.5,25293.9921875,24770.5,25293.9921875
2025-08-07 18:00:00,aug_2025,1,25939.5,26851.345703125,25939.5,26851.345703125
2025-08-07 19:00:00,aug_2025,1,26249.0,27550.078125,26249.0,27550.078125
2025-08-07 20:00:00,aug_2025,1,26137.0,27336.59765625,26137.0,27336.59765625
2025-08-07 21:00:00,aug_2025,1,26452.5,26198.4453125,26452.5,26198.4453125
2025-08-07 22:00:00,aug_2025,1,24211.5,25620.955078125,24211.5,25620.955078125
2025-08-07 23:00:00,aug_2025,1,21662.5,22997.67578125,21662.5,22997.67578125
2025-08-08 00:00:00,aug_2025,1,20720.5,21226.701171875,20720.5,21226.701171875
2025-08-08 01:00:00,aug_2025,1,19970.5,20710.1640625,19970.5,20710.1640625
2025-08-08 02:00:00,aug_2025,1,19128.5,20254.427734375,19128.5,20254.427734375
2025-08-08 03:00:00,aug_2025,1,18502.5,19215.775390625,18502.5,19215.775390625
2025-08-08 04:00:00,aug_2025,1,18092.0,18874.9765625,18092.0,18874.9765625
2025-08-08 05:00:00,aug_2025,1,18090.5,19509.732421875,18090.5,19509.732421875
2025-08-08 06:00:00,aug_2025,1,19590.0,20188.1953125,19590.0,20188.1953125
2025-08-08 07:00:00,aug_2025,1,21719.0,22676.998046875,21719.0,22676.998046875
2025-08-08 08:00:00,aug_2025,1,22272.0,23883.732421875,22272.0,23883.732421875
2025-08-08 09:00:00,aug_2025,1,21189.0,22762.375,21189.0,22762.375
2025-08-08 10:00:00,aug_2025,1,20688.0,21887.009765625,20688.0,21887.009765625
2025-08-08 11:00:00,aug_2025,1,20201.5,21217.34765625,20201.5,21217.34765625
2025-08-08 12:00:00,aug_2025,1,19524.5,20735.427734375,19524.5,20735.427734375
2025-08-08 13:00:00,aug_2025,1,18202.5,20334.466796875,18202.5,20334.466796875
2025-08-08 14:00:00,aug_2025,1,17621.490234375,19336.458984375,17621.490234375,19336.458984375
2025-08-08 15:00:00,aug_2025,1,17621.490234375,19740.58203125,17621.490234375,19740.58203125
2025-08-08 16:00:00,aug_2025,1,18630.0,20514.021484375,18630.0,20514.021484375
2025-08-08 17:00:00,aug_2025,1,21521.0,21738.880859375,21521.0,21738.880859375
2025-08-08 18:00:00,aug_2025,1,24141.5,24935.6484375,24141.5,24935.6484375
2025-08-08 19:00:00,aug_2025,1,25298.0,26676.49609375,25298.0,26676.49609375
2025-08-08 20:00:00,aug_2025,1,25378.0,26697.39453125,25378.0,26697.39453125
2025-08-08 21:00:00,aug_2025,1,25096.5,25762.427734375,25096.5,25762.427734375
2025-08-08 22:00:00,aug_2025,1,23549.0,23944.177734375,23549.0,23944.177734375
2025-08-08 23:00:00,aug_2025,1,21119.0,22610.6640625,21119.0,22610.6640625
2025-08-09 00:00:00,aug_2025,1,20010.0,21106.021484375,20010.0,21106.021484375
2025-08-09 01:00:00,aug_2025,1,19007.0,20345.837890625,19007.0,20345.837890625
2025-08-09 02:00:00,aug_2025,1,18029.5,19956.984375,18029.5,19956.984375
2025-08-09 03:00:00,aug_2025,1,17621.490234375,19075.98828125,17621.490234375,19075.98828125
2025-08-09 04:00:00,aug_2025,1,17621.490234375,18718.720703125,17621.490234375,18718.720703125
2025-08-09 05:00:00,aug_2025,1,17621.490234375,19185.35546875,17621.490234375,19185.35546875
2025-08-09 06:00:00,aug_2025,1,17621.490234375,19660.0390625,17621.490234375,19660.0390625
2025-08-09 07:00:00,aug_2025,1,18030.5,19642.337890625,18030.5,19642.337890625
2025-08-09 08:00:00,aug_2025,1,18356.0,19922.62890625,18356.0,19922.62890625
2025-08-09 09:00:00,aug_2025,1,17621.490234375,19520.2734375,17621.490234375,19520.2734375
2025-08-09 10:00:00,aug_2025,1,17621.490234375,19282.32421875,17621.490234375,19282.32421875
2025-08-09 11:00:00,aug_2025,1,17621.490234375,19395.349609375,17621.490234375,19395.349609375
2025-08-09 12:00:00,aug_2025,1,17621.490234375,19127.826171875,17621.490234375,19127.826171875
2025-08-09 13:00:00,aug_2025,1,17621.490234375,19138.193359375,17621.490234375,19138.193359375
2025-08-09 14:00:00,aug_2025,1,17621.490234375,19138.94140625,17621.490234375,19138.94140625
2025-08-09 15:00:00,aug_2025,1,17621.490234375,19411.048828125,17621.490234375,19411.048828125
2025-08-09 16:00:00,aug_2025,1,17621.490234375,19997.716796875,17621.490234375,19997.716796875
2025-08-09 17:00:00,aug_2025,1,18966.5,20370.1875,18966.5,20370.1875
2025-08-09 18:00:00,aug_2025,1,21882.0,22001.8046875,21882.0,22001.8046875
2025-08-09 19:00:00,aug_2025,1,22953.5,24987.935546875,22953.5,24987.935546875
2025-08-09 20:00:00,aug_2025,1,23344.0,25012.189453125,23344.0,25012.189453125
2025-08-09 21:00:00,aug_2025,1,23636.5,24770.57421875,23636.5,24770.57421875
2025-08-09 22:00:00,aug_2025,1,23009.5,23574.08984375,23009.5,23574.08984375
2025-08-09 23:00:00,aug_2025,1,21265.0,22549.3125,21265.0,22549.3125
2025-08-10 00:00:00,aug_2025,1,19910.5,21282.806640625,19910.5,21282.806640625
2025-08-10 01:00:00,aug_2025,1,19353.0,20364.501953125,19353.0,20364.501953125
2025-08-10 02:00:00,aug_2025,1,18666.0,20105.595703125,18666.0,20105.595703125
2025-08-10 03:00:00,aug_2025,1,18001.5,19544.73828125,18001.5,19544.73828125
2025-08-10 04:00:00,aug_2025,1,17741.0,18942.720703125,17741.0,18942.720703125
2025-08-10 05:00:00,aug_2025,1,17621.490234375,18954.40234375,17621.490234375,18954.40234375
2025-08-10 06:00:00,aug_2025,1,17621.490234375,19098.15234375,17621.490234375,19098.15234375
2025-08-10 07:00:00,aug_2025,1,17621.490234375,18917.935546875,17621.490234375,18917.935546875
2025-08-10 08:00:00,aug_2025,1,17621.490234375,19248.927734375,17621.490234375,19248.927734375
2025-08-10 09:00:00,aug_2025,1,17621.490234375,19018.787109375,17621.490234375,19018.787109375
2025-08-10 10:00:00,aug_2025,1,17621.490234375,19050.384765625,17621.490234375,19050.384765625
2025-08-10 11:00:00,aug_2025,1,17621.490234375,18920.369140625,17621.490234375,18920.369140625
2025-08-10 12:00:00,aug_2025,1,17621.490234375,19155.568359375,17621.490234375,19155.568359375
2025-08-10 13:00:00,aug_2025,1,17621.490234375,19195.111328125,17621.490234375,19195.111328125
2025-08-10 14:00:00,aug_2025,1,17621.490234375,19417.525390625,17621.490234375,19417.525390625
2025-08-10 15:00:00,aug_2025,1,17621.490234375,19600.8828125,17621.490234375,19600.8828125
2025-08-10 16:00:00,aug_2025,1,17958.0,20256.498046875,17958.0,20256.498046875
2025-08-10 17:00:00,aug_2025,1,21237.0,20798.2890625,21237.0,20798.2890625
2025-08-10 18:00:00,aug_2025,1,24171.0,24727.162109375,24171.0,24727.162109375
2025-08-10 19:00:00,aug_2025,1,25212.5,26864.73828125,25212.5,26864.73828125
2025-08-10 20:00:00,aug_2025,1,25495.5,26397.431640625,25495.5,26397.431640625
2025-08-10 21:00:00,aug_2025,1,25634.0,25191.361328125,25634.0,25191.361328125
2025-08-10 22:00:00,aug_2025,1,23548.5,24833.328125,23548.5,24833.328125
2025-08-10 23:00:00,aug_2025,1,21408.5,22766.041015625,21408.5,22766.041015625
2025-08-11 00:00:00,aug_2025,1,20295.5,21070.5,20295.5,21070.5
2025-08-11 01:00:00,aug_2025,1,19785.5,20312.828125,19785.5,20312.828125
2025-08-11 02:00:00,aug_2025,1,19375.0,20165.580078125,19375.0,20165.580078125
2025-08-11 03:00:00,aug_2025,1,18875.5,19431.083984375,18875.5,19431.083984375
2025-08-11 04:00:00,aug_2025,1,18148.0,19072.6484375,18148.0,19072.6484375
2025-08-11 05:00:00,aug_2025,1,18792.0,19502.125,18792.0,19502.125
2025-08-11 06:00:00,aug_2025,1,20928.5,21374.572265625,20928.5,21374.572265625
2025-08-11 07:00:00,aug_2025,1,23648.0,24524.330078125,23648.0,24524.330078125
2025-08-11 08:00:00,aug_2025,1,24945.0,25246.513671875,24945.0,25246.513671875
2025-08-11 09:00:00,aug_2025,1,24168.5,25321.720703125,24168.5,25321.720703125
2025-08-11 10:00:00,aug_2025,1,22640.0,23987.759765625,22640.0,23987.759765625
2025-08-11 11:00:00,aug_2025,1,21918.5,22817.763671875,21918.5,22817.763671875
2025-08-11 12:00:00,aug_2025,1,22034.5,22167.162109375,22034.5,22167.162109375
2025-08-11 13:00:00,aug_2025,1,22309.0,22564.89453125,22309.0,22564.89453125
2025-08-11 14:00:00,aug_2025,1,23237.0,22453.435546875,23237.0,22453.435546875
2025-08-11 15:00:00,aug_2025,1,24857.5,23875.056640625,24857.5,23875.056640625
2025-08-11 16:00:00,aug_2025,1,27272.0,26880.25,27272.0,26880.25
2025-08-11 17:00:00,aug_2025,1,29154.5,29520.443359375,29154.5,29520.443359375
2025-08-11 18:00:00,aug_2025,1,29672.5,30597.47265625,29672.5,30597.47265625
2025-08-11 19:00:00,aug_2025,1,29163.5,30142.744140625,29163.5,30142.744140625
2025-08-11 20:00:00,aug_2025,1,29159.0,28556.451171875,29159.0,28556.451171875
2025-08-11 21:00:00,aug_2025,1,28417.0,27764.6328125,28417.0,27764.6328125
2025-08-11 22:00:00,aug_2025,1,25849.5,26042.328125,25849.5,26042.328125
2025-08-11 23:00:00,aug_2025,1,23431.0,23525.34765625,23431.0,23525.34765625
2025-08-12 00:00:00,aug_2025,1,22006.0,22258.71875,22006.0,22258.71875
2025-08-12 01:00:00,aug_2025,1,20945.5,21548.6171875,20945.5,21548.6171875
2025-08-12 02:00:00,aug_2025,1,20584.0,20616.345703125,20584.0,20616.345703125
2025-08-12 03:00:00,aug_2025,1,19914.5,20194.431640625,19914.5,20194.431640625
2025-08-12 04:00:00,aug_2025,1,19520.5,19719.658203125,19520.5,19719.658203125
2025-08-12 05:00:00,aug_2025,1,19701.5,20867.33203125,19701.5,20867.33203125
2025-08-12 06:00:00,aug_2025,1,21791.0,22421.470703125,21791.0,22421.470703125
2025-08-12 07:00:00,aug_2025,1,24397.5,25867.626953125,24397.5,25867.626953125
2025-08-12 08:00:00,aug_2025,1,25697.0,26404.056640625,25697.0,26404.056640625
2025-08-12 09:00:00,aug_2025,1,25508.0,26034.41796875,25508.0,26034.41796875
2025-08-12 10:00:00,aug_2025,1,23998.5,24948.076171875,23998.5,24948.076171875
2025-08-12 11:00:00,aug_2025,1,23197.5,23565.44140625,23197.5,23565.44140625
2025-08-12 12:00:00,aug_2025,1,22425.0,22992.310546875,22425.0,22992.310546875
2025-08-12 13:00:00,aug_2025,1,22301.0,22225.185546875,22301.0,22225.185546875
2025-08-12 14:00:00,aug_2025,1,22093.0,22463.025390625,22093.0,22463.025390625
2025-08-12 15:00:00,aug_2025,1,22804.0,22769.5390625,22804.0,22769.5390625
2025-08-12 16:00:00,aug_2025,1,24803.0,24329.232421875,24803.0,24329.232421875
2025-08-12 17:00:00,aug_2025,1,27157.5,27277.451171875,27157.5,27277.451171875
2025-08-12 18:00:00,aug_2025,1,28996.5,29063.888671875,28996.5,29063.888671875
2025-08-12 19:00:00,aug_2025,1,29576.5,30020.150390625,29576.5,30020.150390625
2025-08-12 20:00:00,aug_2025,1,29594.5,29803.82421875,29594.5,29803.82421875
2025-08-12 21:00:00,aug_2025,1,29141.5,28016.697265625,29141.5,28016.697265625
2025-08-12 22:00:00,aug_2025,1,26742.0,26773.84765625,26742.0,26773.84765625
2025-08-12 23:00:00,aug_2025,1,24275.5,24246.357421875,24275.5,24246.357421875
2025-08-13 00:00:00,aug_2025,1,22848.5,22710.279296875,22848.5,22710.279296875
2025-08-13 01:00:00,aug_2025,1,21969.0,22064.51171875,21969.0,22064.51171875
2025-08-13 02:00:00,aug_2025,1,21059.0,21779.123046875,21059.0,21779.123046875
2025-08-13 03:00:00,aug_2025,1,20628.0,20410.73046875,20628.0,20410.73046875
2025-08-13 04:00:00,aug_2025,1,20361.0,20460.91796875,20361.0,20460.91796875
2025-08-13 05:00:00,aug_2025,1,20727.0,21686.31640625,20727.0,21686.31640625
2025-08-13 06:00:00,aug_2025,1,22469.0,22859.140625,22469.0,22859.140625
2025-08-13 07:00:00,aug_2025,1,24943.0,25269.166015625,24943.0,25269.166015625
2025-08-13 08:00:00,aug_2025,1,26337.5,26228.669921875,26337.5,26228.669921875
2025-08-13 09:00:00,aug_2025,1,26125.5,26128.7109375,26125.5,26128.7109375
2025-08-13 10:00:00,aug_2025,1,25443.0,25246.939453125,25443.0,25246.939453125
2025-08-13 11:00:00,aug_2025,1,25190.0,24471.908203125,25190.0,24471.908203125
2025-08-13 12:00:00,aug_2025,1,24904.0,24651.859375,24904.0,24651.859375
2025-08-13 13:00:00,aug_2025,1,24545.0,23834.421875,24545.0,23834.421875
2025-08-13 14:00:00,aug_2025,1,24656.0,23372.01171875,24656.0,23372.01171875
2025-08-13 15:00:00,aug_2025,1,25457.0,24550.23046875,25457.0,24550.23046875
2025-08-13 16:00:00,aug_2025,1,26058.0,26502.015625,26058.0,26502.015625
2025-08-13 17:00:00,aug_2025,1,27829.5,27086.974609375,27829.5,27086.974609375
2025-08-13 18:00:00,aug_2025,1,28660.0,28803.251953125,28660.0,28803.251953125
2025-08-13 19:00:00,aug_2025,1,29231.5,29078.990234375,29231.5,29078.990234375
2025-08-13 20:00:00,aug_2025,1,29209.5,29365.96484375,29209.5,29365.96484375
2025-08-13 21:00:00,aug_2025,1,28755.5,28091.9453125,28755.5,28091.9453125
2025-08-13 22:00:00,aug_2025,1,26507.5,26527.302734375,26507.5,26527.302734375
2025-08-13 23:00:00,aug_2025,1,24231.0,24245.388671875,24231.0,24245.388671875
2025-08-14 00:00:00,aug_2025,1,22609.0,22589.673828125,22609.0,22589.673828125
2025-08-14 01:00:00,aug_2025,1,21809.0,21765.66015625,21809.0,21765.66015625
2025-08-14 02:00:00,aug_2025,1,21409.0,21565.109375,21409.0,21565.109375
2025-08-14 03:00:00,aug_2025,1,20559.5,20780.923828125,20559.5,20780.923828125
2025-08-14 04:00:00,aug_2025,1,20139.0,19906.01171875,20139.0,19906.01171875
2025-08-14 05:00:00,aug_2025,1,20428.0,20945.23828125,20428.0,20945.23828125
2025-08-14 06:00:00,aug_2025,1,22610.5,22710.5390625,22610.5,22710.5390625
2025-08-14 07:00:00,aug_2025,1,24904.0,25888.908203125,24904.0,25888.908203125
2025-08-14 08:00:00,aug_2025,1,26603.0,25844.966796875,26603.0,25844.966796875
2025-08-14 09:00:00,aug_2025,1,25918.5,26780.763671875,25918.5,26780.763671875
2025-08-14 10:00:00,aug_2025,1,25053.5,24892.033203125,25053.5,24892.033203125
2025-08-14 11:00:00,aug_2025,1,24775.5,24152.154296875,24775.5,24152.154296875
2025-08-14 12:00:00,aug_2025,1,24729.5,24266.32421875,24729.5,24266.32421875
2025-08-14 13:00:00,aug_2025,1,24398.5,23835.28125,24398.5,23835.28125
2025-08-14 14:00:00,aug_2025,1,24323.5,23398.91796875,24323.5,23398.91796875
2025-08-14 15:00:00,aug_2025,1,24819.5,24101.439453125,24819.5,24101.439453125
2025-08-14 16:00:00,aug_2025,1,25498.5,25750.11328125,25498.5,25750.11328125
2025-08-14 17:00:00,aug_2025,1,26807.5,26470.076171875,26807.5,26470.076171875
2025-08-14 18:00:00,aug_2025,1,27681.5,27516.791015625,27681.5,27516.791015625
2025-08-14 19:00:00,aug_2025,1,28345.0,28069.810546875,28345.0,28069.810546875
2025-08-14 20:00:00,aug_2025,1,28110.5,28870.5625,28110.5,28870.5625
2025-08-14 21:00:00,aug_2025,1,27557.0,27304.9609375,27557.0,27304.9609375
2025-08-14 22:00:00,aug_2025,1,25733.0,25779.61328125,25733.0,25779.61328125
2025-08-14 23:00:00,aug_2025,1,23652.5,24004.69140625,23652.5,24004.69140625
2025-08-15 00:00:00,aug_2025,1,22490.0,22379.404296875,22490.0,22379.404296875
2025-08-15 01:00:00,aug_2025,1,21445.0,21613.87109375,21445.0,21613.87109375
2025-08-15 02:00:00,aug_2025,1,20469.0,21159.28125,20469.0,21159.28125
2025-08-15 03:00:00,aug_2025,1,19959.0,19898.427734375,19959.0,19898.427734375
2025-08-15 04:00:00,aug_2025,1,19898.0,19520.8125,19898.0,19520.8125
2025-08-15 05:00:00,aug_2025,1,20173.0,20641.740234375,20173.0,20641.740234375
2025-08-15 06:00:00,aug_2025,1,22253.0,21888.759765625,22253.0,21888.759765625
2025-08-15 07:00:00,aug_2025,1,24494.0,24944.1328125,24494.0,24944.1328125
2025-08-15 08:00:00,aug_2025,1,25238.0,25839.009765625,25238.0,25839.009765625
2025-08-15 09:00:00,aug_2025,1,24201.0,24603.244140625,24201.0,24603.244140625
2025-08-15 10:00:00,aug_2025,1,22499.5,23687.439453125,22499.5,23687.439453125
2025-08-15 11:00:00,aug_2025,1,21226.0,22037.04296875,21226.0,22037.04296875
2025-08-15 12:00:00,aug_2025,1,20838.0,21172.583984375,20838.0,21172.583984375
2025-08-15 13:00:00,aug_2025,1,20654.0,21222.90625,20654.0,21222.90625
2025-08-15 14:00:00,aug_2025,1,21171.0,20877.78515625,21171.0,20877.78515625
2025-08-15 15:00:00,aug_2025,1,21909.5,21863.90625,21909.5,21863.90625
2025-08-15 16:00:00,aug_2025,1,23476.0,23441.138671875,23476.0,23441.138671875
2025-08-15 17:00:00,aug_2025,1,25541.5,25231.8046875,25541.5,25231.8046875
2025-08-15 18:00:00,aug_2025,1,27171.5,27374.521484375,27171.5,27374.521484375
2025-08-15 19:00:00,aug_2025,1,27897.5,28127.3203125,27897.5,28127.3203125
2025-08-15 20:00:00,aug_2025,1,27977.0,28632.95703125,27977.0,28632.95703125
2025-08-15 21:00:00,aug_2025,1,27409.5,27096.1484375,27409.5,27096.1484375
2025-08-15 22:00:00,aug_2025,1,25748.5,25413.341796875,25748.5,25413.341796875
2025-08-15 23:00:00,aug_2025,1,23239.5,23914.693359375,23239.5,23914.693359375
2025-08-16 00:00:00,aug_2025,1,21949.0,22146.341796875,21949.0,22146.341796875
2025-08-16 01:00:00,aug_2025,1,20953.5,21348.4609375,20953.5,21348.4609375
2025-08-16 02:00:00,aug_2025,1,20060.0,20904.431640625,20060.0,20904.431640625
2025-08-16 03:00:00,aug_2025,1,19313.5,19807.73828125,19313.5,19807.73828125
2025-08-16 04:00:00,aug_2025,1,18774.0,19124.625,18774.0,19124.625
2025-08-16 05:00:00,aug_2025,1,18721.0,19676.8046875,18721.0,19676.8046875
2025-08-16 06:00:00,aug_2025,1,19632.0,20480.33203125,19632.0,20480.33203125
2025-08-16 07:00:00,aug_2025,1,21216.5,22074.671875,21216.5,22074.671875
2025-08-16 08:00:00,aug_2025,1,21986.5,22783.083984375,21986.5,22783.083984375
2025-08-16 09:00:00,aug_2025,1,22162.5,22073.525390625,22162.5,22073.525390625
2025-08-16 10:00:00,aug_2025,1,21917.5,22327.76171875,21917.5,22327.76171875
2025-08-16 11:00:00,aug_2025,1,21021.5,21751.595703125,21021.5,21751.595703125
2025-08-16 12:00:00,aug_2025,1,20389.5,20950.248046875,20389.5,20950.248046875
2025-08-16 13:00:00,aug_2025,1,19529.5,20483.638671875,19529.5,20483.638671875
2025-08-16 14:00:00,aug_2025,1,19025.5,20055.65625,19025.5,20055.65625
2025-08-16 15:00:00,aug_2025,1,19050.5,20258.01171875,19050.5,20258.01171875
2025-08-16 16:00:00,aug_2025,1,20340.0,20754.876953125,20340.0,20754.876953125
2025-08-16 17:00:00,aug_2025,1,22819.0,22715.14453125,22819.0,22715.14453125
2025-08-16 18:00:00,aug_2025,1,24406.5,25437.99609375,24406.5,25437.99609375
2025-08-16 19:00:00,aug_2025,1,24978.0,26177.681640625,24978.0,26177.681640625
2025-08-16 20:00:00,aug_2025,1,25164.5,26279.240234375,25164.5,26279.240234375
2025-08-16 21:00:00,aug_2025,1,24597.0,25370.666015625,24597.0,25370.666015625
2025-08-16 22:00:00,aug_2025,1,23207.0,23546.880859375,23207.0,23546.880859375
2025-08-16 23:00:00,aug_2025,1,21036.0,22546.974609375,21036.0,22546.974609375
2025-08-17 00:00:00,aug_2025,1,19997.5,20917.9375,19997.5,20917.9375
2025-08-17 01:00:00,aug_2025,1,19218.5,20265.2109375,19218.5,20265.2109375
2025-08-17 02:00:00,aug_2025,1,18585.5,19916.81640625,18585.5,19916.81640625
2025-08-17 03:00:00,aug_2025,1,17663.5,19295.39453125,17663.5,19295.39453125
2025-08-17 04:00:00,aug_2025,1,17621.490234375,18615.314453125,17621.490234375,18615.314453125
2025-08-17 05:00:00,aug_2025,1,17621.490234375,18787.015625,17621.490234375,18787.015625
2025-08-17 06:00:00,aug_2025,1,17621.490234375,18769.646484375,17621.490234375,18769.646484375
2025-08-17 07:00:00,aug_2025,1,17773.5,18874.69140625,17773.5,18874.69140625
2025-08-17 08:00:00,aug_2025,1,17772.0,19044.724609375,17772.0,19044.724609375
2025-08-17 09:00:00,aug_2025,1,17621.490234375,18919.814453125,17621.490234375,18919.814453125
2025-08-17 10:00:00,aug_2025,1,17621.490234375,18767.380859375,17621.490234375,18767.380859375
2025-08-17 11:00:00,aug_2025,1,17621.490234375,18744.91015625,17621.490234375,18744.91015625
2025-08-17 12:00:00,aug_2025,1,17621.490234375,18863.765625,17621.490234375,18863.765625
2025-08-17 13:00:00,aug_2025,1,17621.490234375,19008.005859375,17621.490234375,19008.005859375
2025-08-17 14:00:00,aug_2025,1,17621.490234375,19296.478515625,17621.490234375,19296.478515625
2025-08-17 15:00:00,aug_2025,1,17621.490234375,19757.771484375,17621.490234375,19757.771484375
2025-08-17 16:00:00,aug_2025,1,19178.0,20395.03125,19178.0,20395.03125
2025-08-17 17:00:00,aug_2025,1,21952.0,22140.5703125,21952.0,22140.5703125
2025-08-17 18:00:00,aug_2025,1,24413.0,25234.19140625,24413.0,25234.19140625
2025-08-17 19:00:00,aug_2025,1,24986.0,26724.9609375,24986.0,26724.9609375
2025-08-17 20:00:00,aug_2025,1,25033.5,25811.14453125,25033.5,25811.14453125
2025-08-17 21:00:00,aug_2025,1,24861.5,24426.150390625,24861.5,24426.150390625
2025-08-17 22:00:00,aug_2025,1,22853.0,24103.140625,22853.0,24103.140625
2025-08-17 23:00:00,aug_2025,1,20566.5,22282.0859375,20566.5,22282.0859375
2025-08-18 00:00:00,aug_2025,1,19972.0,20568.765625,19972.0,20568.765625
2025-08-18 01:00:00,aug_2025,1,19579.5,20167.53125,19579.5,20167.53125
2025-08-18 02:00:00,aug_2025,1,18907.0,19943.537109375,18907.0,19943.537109375
2025-08-18 03:00:00,aug_2025,1,18255.5,19110.994140625,18255.5,19110.994140625
2025-08-18 04:00:00,aug_2025,1,18136.0,18836.4296875,18136.0,18836.4296875
2025-08-18 05:00:00,aug_2025,1,18298.5,19961.9921875,18298.5,19961.9921875
2025-08-18 06:00:00,aug_2025,1,20582.5,20436.55859375,20582.5,20436.55859375
2025-08-18 07:00:00,aug_2025,1,23891.0,23654.84375,23891.0,23654.84375
2025-08-18 08:00:00,aug_2025,1,26190.0,26600.10546875,26190.0,26600.10546875
2025-08-18 09:00:00,aug_2025,1,26620.5,27057.98828125,26620.5,27057.98828125
2025-08-18 10:00:00,aug_2025,1,26593.5,26194.345703125,26593.5,26194.345703125
2025-08-18 11:00:00,aug_2025,1,26552.0,26089.15625,26552.0,26089.15625
2025-08-18 12:00:00,aug_2025,1,26281.0,26232.068359375,26281.0,26232.068359375
2025-08-18 13:00:00,aug_2025,1,25962.5,25299.669921875,25962.5,25299.669921875
2025-08-18 14:00:00,aug_2025,1,25981.5,24465.26953125,25981.5,24465.26953125
2025-08-18 15:00:00,aug_2025,1,26045.5,25618.677734375,26045.5,25618.677734375
2025-08-18 16:00:00,aug_2025,1,26596.0,27044.69921875,26596.0,27044.69921875
2025-08-18 17:00:00,aug_2025,1,27991.5,27618.55078125,27991.5,27618.55078125
2025-08-18 18:00:00,aug_2025,1,28664.0,29142.03515625,28664.0,29142.03515625
2025-08-18 19:00:00,aug_2025,1,27988.0,29595.662109375,27988.0,29595.662109375
2025-08-18 20:00:00,aug_2025,1,27816.0,28161.263671875,27816.0,28161.263671875
2025-08-18 21:00:00,aug_2025,1,26843.0,27768.275390625,26843.0,27768.275390625
2025-08-18 22:00:00,aug_2025,1,24586.0,25481.78125,24586.0,25481.78125
2025-08-18 23:00:00,aug_2025,1,22465.5,23008.001953125,22465.5,23008.001953125
2025-08-19 00:00:00,aug_2025,1,21404.5,21666.22265625,21404.5,21666.22265625
2025-08-19 01:00:00,aug_2025,1,20432.0,21040.18359375,20432.0,21040.18359375
2025-08-19 02:00:00,aug_2025,1,19866.0,20350.111328125,19866.0,20350.111328125
2025-08-19 03:00:00,aug_2025,1,19295.5,19715.107421875,19295.5,19715.107421875
2025-08-19 04:00:00,aug_2025,1,18893.5,19318.126953125,18893.5,19318.126953125
2025-08-19 05:00:00,aug_2025,1,19427.5,20160.91015625,19427.5,20160.91015625
2025-08-19 06:00:00,aug_2025,1,21531.0,22240.69140625,21531.0,22240.69140625
2025-08-19 07:00:00,aug_2025,1,24428.5,25697.2421875,24428.5,25697.2421875
2025-08-19 08:00:00,aug_2025,1,26629.5,26782.708984375,26629.5,26782.708984375
2025-08-19 09:00:00,aug_2025,1,26847.0,27834.33203125,26847.0,27834.33203125
2025-08-19 10:00:00,aug_2025,1,26172.0,26247.9921875,26172.0,26247.9921875
2025-08-19 11:00:00,aug_2025,1,25281.5,25485.787109375,25281.5,25485.787109375
2025-08-19 12:00:00,aug_2025,1,25039.5,24712.619140625,25039.5,24712.619140625
2025-08-19 13:00:00,aug_2025,1,24466.5,24383.31640625,24466.5,24383.31640625
2025-08-19 14:00:00,aug_2025,1,24440.5,23624.341796875,24440.5,23624.341796875
2025-08-19 15:00:00,aug_2025,1,25188.5,24646.63671875,25188.5,24646.63671875
2025-08-19 16:00:00,aug_2025,1,26703.5,26885.326171875,26703.5,26885.326171875
2025-08-19 17:00:00,aug_2025,1,27851.5,28622.826171875,27851.5,28622.826171875
2025-08-19 18:00:00,aug_2025,1,28149.5,28655.74609375,28149.5,28655.74609375
2025-08-19 19:00:00,aug_2025,1,27945.5,28654.923828125,27945.5,28654.923828125
2025-08-19 20:00:00,aug_2025,1,27594.0,28244.43359375,27594.0,28244.43359375
2025-08-19 21:00:00,aug_2025,1,26430.0,27127.271484375,26430.0,27127.271484375
2025-08-19 22:00:00,aug_2025,1,23982.5,25132.765625,23982.5,25132.765625
2025-08-19 23:00:00,aug_2025,1,21812.0,22597.28125,21812.0,22597.28125
2025-08-20 00:00:00,aug_2025,1,20704.5,21266.919921875,20704.5,21266.919921875
2025-08-20 01:00:00,aug_2025,1,20193.5,20526.044921875,20193.5,20526.044921875
2025-08-20 02:00:00,aug_2025,1,19375.5,20182.162109375,19375.5,20182.162109375
2025-08-20 03:00:00,aug_2025,1,18546.5,19263.890625,18546.5,19263.890625
2025-08-20 04:00:00,aug_2025,1,18587.5,18696.2578125,18587.5,18696.2578125
2025-08-20 05:00:00,aug_2025,1,19081.0,20498.94140625,19081.0,20498.94140625
2025-08-20 06:00:00,aug_2025,1,21194.5,22115.708984375,21194.5,22115.708984375
2025-08-20 07:00:00,aug_2025,1,23944.0,24601.10546875,23944.0,24601.10546875
2025-08-20 08:00:00,aug_2025,1,26009.5,26326.611328125,26009.5,26326.611328125
2025-08-20 09:00:00,aug_2025,1,26254.0,27003.75,26254.0,27003.75
2025-08-20 10:00:00,aug_2025,1,25496.0,25542.62890625,25496.0,25542.62890625
2025-08-20 11:00:00,aug_2025,1,25361.0,24686.9765625,25361.0,24686.9765625
2025-08-20 12:00:00,aug_2025,1,25448.5,24951.576171875,25448.5,24951.576171875
2025-08-20 13:00:00,aug_2025,1,24686.5,24731.740234375,24686.5,24731.740234375
2025-08-20 14:00:00,aug_2025,1,24169.5,23465.330078125,24169.5,23465.330078125
2025-08-20 15:00:00,aug_2025,1,24060.5,23943.1796875,24060.5,23943.1796875
2025-08-20 16:00:00,aug_2025,1,24450.0,25221.26953125,24450.0,25221.26953125
2025-08-20 17:00:00,aug_2025,1,26432.5,25712.3359375,26432.5,25712.3359375
2025-08-20 18:00:00,aug_2025,1,27332.5,28051.748046875,27332.5,28051.748046875
2025-08-20 19:00:00,aug_2025,1,27606.5,28536.388671875,27606.5,28536.388671875
2025-08-20 20:00:00,aug_2025,1,28196.0,28250.4140625,28196.0,28250.4140625
2025-08-20 21:00:00,aug_2025,1,27255.0,28402.6875,27255.0,28402.6875
2025-08-20 22:00:00,aug_2025,1,24654.5,25735.470703125,24654.5,25735.470703125
2025-08-20 23:00:00,aug_2025,1,22350.0,23100.953125,22350.0,23100.953125
2025-08-21 00:00:00,aug_2025,1,21342.0,21555.296875,21342.0,21555.296875
2025-08-21 01:00:00,aug_2025,1,20597.0,20955.728515625,20597.0,20955.728515625
2025-08-21 02:00:00,aug_2025,1,19751.5,20565.603515625,19751.5,20565.603515625
2025-08-21 03:00:00,aug_2025,1,19077.5,19407.32421875,19077.5,19407.32421875
2025-08-21 04:00:00,aug_2025,1,18807.5,19035.578125,18807.5,19035.578125
2025-08-21 05:00:00,aug_2025,1,19221.0,20178.546875,19221.0,20178.546875
2025-08-21 06:00:00,aug_2025,1,21356.0,21636.8359375,21356.0,21636.8359375
2025-08-21 07:00:00,aug_2025,1,24266.5,24833.84765625,24266.5,24833.84765625
2025-08-21 08:00:00,aug_2025,1,25951.5,26243.736328125,25951.5,26243.736328125
2025-08-21 09:00:00,aug_2025,1,25565.5,26275.017578125,25565.5,26275.017578125
2025-08-21 10:00:00,aug_2025,1,24418.0,24893.140625,24418.0,24893.140625
2025-08-21 11:00:00,aug_2025,1,24268.5,23670.181640625,24268.5,23670.181640625
2025-08-21 12:00:00,aug_2025,1,24275.0,24014.767578125,24275.0,24014.767578125
2025-08-21 13:00:00,aug_2025,1,23747.0,23723.267578125,23747.0,23723.267578125
2025-08-21 14:00:00,aug_2025,1,23154.5,22732.47265625,23154.5,22732.47265625
2025-08-21 15:00:00,aug_2025,1,23314.5,22980.791015625,23314.5,22980.791015625
2025-08-21 16:00:00,aug_2025,1,24085.0,24343.048828125,24085.0,24343.048828125
2025-08-21 17:00:00,aug_2025,1,26351.0,25590.619140625,26351.0,25590.619140625
2025-08-21 18:00:00,aug_2025,1,27648.0,28066.453125,27648.0,28066.453125
2025-08-21 19:00:00,aug_2025,1,28158.0,28591.080078125,28158.0,28591.080078125
2025-08-21 20:00:00,aug_2025,1,28030.0,28823.42578125,28030.0,28823.42578125
2025-08-21 21:00:00,aug_2025,1,27153.5,27582.80078125,27153.5,27582.80078125
2025-08-21 22:00:00,aug_2025,1,25014.5,25552.5234375,25014.5,25552.5234375
2025-08-21 23:00:00,aug_2025,1,22579.0,23446.642578125,22579.0,23446.642578125
2025-08-22 00:00:00,aug_2025,1,21816.5,21742.537109375,21816.5,21742.537109375
2025-08-22 01:00:00,aug_2025,1,20908.0,21290.455078125,20908.0,21290.455078125
2025-08-22 02:00:00,aug_2025,1,20087.5,20828.48828125,20087.5,20828.48828125
2025-08-22 03:00:00,aug_2025,1,19544.5,19620.947265625,19544.5,19620.947265625
2025-08-22 04:00:00,aug_2025,1,19184.0,19430.259765625,19184.0,19430.259765625
2025-08-22 05:00:00,aug_2025,1,19323.0,20257.103515625,19323.0,20257.103515625
2025-08-22 06:00:00,aug_2025,1,21340.0,21205.953125,21340.0,21205.953125
2025-08-22 07:00:00,aug_2025,1,23641.0,24402.38671875,23641.0,24402.38671875
2025-08-22 08:00:00,aug_2025,1,24990.0,24983.68359375,24990.0,24983.68359375
2025-08-22 09:00:00,aug_2025,1,24900.0,24907.697265625,24900.0,24907.697265625
2025-08-22 10:00:00,aug_2025,1,24113.5,24385.48828125,24113.5,24385.48828125
2025-08-22 11:00:00,aug_2025,1,22691.0,23296.794921875,22691.0,23296.794921875
2025-08-22 12:00:00,aug_2025,1,22483.0,21971.84375,22483.0,21971.84375
2025-08-22 13:00:00,aug_2025,1,22065.5,22071.978515625,22065.5,22071.978515625
2025-08-22 14:00:00,aug_2025,1,21202.5,21564.673828125,21202.5,21564.673828125
2025-08-22 15:00:00,aug_2025,1,21332.5,21185.0078125,21332.5,21185.0078125
2025-08-22 16:00:00,aug_2025,1,22729.0,22126.41015625,22729.0,22126.41015625
2025-08-22 17:00:00,aug_2025,1,25005.5,24849.701171875,25005.5,24849.701171875
2025-08-22 18:00:00,aug_2025,1,26649.5,27197.994140625,26649.5,27197.994140625
2025-08-22 19:00:00,aug_2025,1,26924.0,27774.73046875,26924.0,27774.73046875
2025-08-22 20:00:00,aug_2025,1,27090.0,27513.044921875,27090.0,27513.044921875
2025-08-22 21:00:00,aug_2025,1,26013.0,26795.80859375,26013.0,26795.80859375
2025-08-22 22:00:00,aug_2025,1,23989.5,24302.265625,23989.5,24302.265625
2025-08-22 23:00:00,aug_2025,1,22211.5,22930.322265625,22211.5,22930.322265625
2025-08-23 00:00:00,aug_2025,1,21029.0,21668.25,21029.0,21668.25
2025-08-23 01:00:00,aug_2025,1,20336.0,20870.603515625,20336.0,20870.603515625
2025-08-23 02:00:00,aug_2025,1,19586.5,20673.021484375,19586.5,20673.021484375
2025-08-23 03:00:00,aug_2025,1,18903.0,19647.765625,18903.0,19647.765625
2025-08-23 04:00:00,aug_2025,1,18570.0,19051.1015625,18570.0,19051.1015625
2025-08-23 05:00:00,aug_2025,1,18414.5,19622.14453125,18414.5,19622.14453125
2025-08-23 06:00:00,aug_2025,1,19190.0,19952.318359375,19190.0,19952.318359375
2025-08-23 07:00:00,aug_2025,1,20835.0,21117.5078125,20835.0,21117.5078125
2025-08-23 08:00:00,aug_2025,1,21466.5,22288.9921875,21466.5,22288.9921875
2025-08-23 09:00:00,aug_2025,1,21240.5,21619.646484375,21240.5,21619.646484375
2025-08-23 10:00:00,aug_2025,1,20108.0,21742.681640625,20108.0,21742.681640625
2025-08-23 11:00:00,aug_2025,1,20068.5,20356.7734375,20068.5,20356.7734375
2025-08-23 12:00:00,aug_2025,1,20528.5,20402.103515625,20528.5,20402.103515625
2025-08-23 13:00:00,aug_2025,1,20817.0,20745.40234375,20817.0,20745.40234375
2025-08-23 14:00:00,aug_2025,1,20964.0,20895.447265625,20964.0,20895.447265625
2025-08-23 15:00:00,aug_2025,1,21377.0,21282.794921875,21377.0,21282.794921875
2025-08-23 16:00:00,aug_2025,1,22486.5,22681.876953125,22486.5,22681.876953125
2025-08-23 17:00:00,aug_2025,1,24500.0,24464.19921875,24500.0,24464.19921875
2025-08-23 18:00:00,aug_2025,1,25245.0,26555.06640625,25245.0,26555.06640625
2025-08-23 19:00:00,aug_2025,1,24875.5,26496.080078125,24875.5,26496.080078125
2025-08-23 20:00:00,aug_2025,1,24948.0,25366.779296875,24948.0,25366.779296875
2025-08-23 21:00:00,aug_2025,1,24517.5,24396.697265625,24517.5,24396.697265625
2025-08-23 22:00:00,aug_2025,1,23036.5,23507.71484375,23036.5,23507.71484375
2025-08-23 23:00:00,aug_2025,1,21397.5,22322.494140625,21397.5,22322.494140625
2025-08-24 00:00:00,aug_2025,1,20067.5,21121.71875,20067.5,21121.71875
2025-08-24 01:00:00,aug_2025,1,19317.0,20372.5859375,19317.0,20372.5859375
2025-08-24 02:00:00,aug_2025,1,18577.5,19809.263671875,18577.5,19809.263671875
2025-08-24 03:00:00,aug_2025,1,18030.0,19120.921875,18030.0,19120.921875
2025-08-24 04:00:00,aug_2025,1,17621.490234375,18862.271484375,17621.490234375,18862.271484375
2025-08-24 05:00:00,aug_2025,1,17621.490234375,18915.751953125,17621.490234375,18915.751953125
2025-08-24 06:00:00,aug_2025,1,17793.0,18902.115234375,17793.0,18902.115234375
2025-08-24 07:00:00,aug_2025,1,18763.5,19474.208984375,18763.5,19474.208984375
2025-08-24 08:00:00,aug_2025,1,19575.5,20101.3203125,19575.5,20101.3203125
2025-08-24 09:00:00,aug_2025,1,19553.5,20705.419921875,19553.5,20705.419921875
2025-08-24 10:00:00,aug_2025,1,18746.5,20375.611328125,18746.5,20375.611328125
2025-08-24 11:00:00,aug_2025,1,18124.5,19689.265625,18124.5,19689.265625
2025-08-24 12:00:00,aug_2025,1,17826.0,19438.935546875,17826.0,19438.935546875
2025-08-24 13:00:00,aug_2025,1,18124.5,19434.50390625,18124.5,19434.50390625
2025-08-24 14:00:00,aug_2025,1,18579.0,19866.140625,18579.0,19866.140625
2025-08-24 15:00:00,aug_2025,1,19418.5,20755.736328125,19418.5,20755.736328125
2025-08-24 16:00:00,aug_2025,1,21385.0,21885.55078125,21385.0,21885.55078125
2025-08-24 17:00:00,aug_2025,1,23600.0,24266.68359375,23600.0,24266.68359375
2025-08-24 18:00:00,aug_2025,1,24803.0,26085.703125,24803.0,26085.703125
2025-08-24 19:00:00,aug_2025,1,24956.5,26415.109375,24956.5,26415.109375
2025-08-24 20:00:00,aug_2025,1,24987.5,25113.361328125,24987.5,25113.361328125
2025-08-24 21:00:00,aug_2025,1,23986.5,24288.560546875,23986.5,24288.560546875
2025-08-24 22:00:00,aug_2025,1,22235.5,23430.515625,22235.5,23430.515625
2025-08-24 23:00:00,aug_2025,1,20523.0,21739.5234375,20523.0,21739.5234375
2025-08-25 00:00:00,aug_2025,1,19630.0,20525.888671875,19630.0,20525.888671875
2025-08-25 01:00:00,aug_2025,1,18996.5,20156.623046875,18996.5,20156.623046875
2025-08-25 02:00:00,aug_2025,1,18522.5,19374.8359375,18522.5,19374.8359375
2025-08-25 03:00:00,aug_2025,1,17694.5,18938.486328125,17694.5,18938.486328125
2025-08-25 04:00:00,aug_2025,1,17621.490234375,18599.904296875,17621.490234375,18599.904296875
2025-08-25 05:00:00,aug_2025,1,17621.490234375,19700.34375,17621.490234375,19700.34375
2025-08-25 06:00:00,aug_2025,1,17671.5,20140.419921875,17671.5,20140.419921875
2025-08-25 07:00:00,aug_2025,1,19416.5,19462.126953125,19416.5,19462.126953125
2025-08-25 08:00:00,aug_2025,1,19607.5,21279.802734375,19607.5,21279.802734375
2025-08-25 09:00:00,aug_2025,1,18457.5,20703.74609375,18457.5,20703.74609375
2025-08-25 10:00:00,aug_2025,1,17621.490234375,20057.478515625,17621.490234375,20057.478515625
2025-08-25 11:00:00,aug_2025,1,17621.490234375,19442.408203125,17621.490234375,19442.408203125
2025-08-25 12:00:00,aug_2025,1,17621.490234375,19411.9765625,17621.490234375,19411.9765625
2025-08-25 13:00:00,aug_2025,1,17621.490234375,19361.849609375,17621.490234375,19361.849609375
2025-08-25 14:00:00,aug_2025,1,17621.490234375,19417.30859375,17621.490234375,19417.30859375
2025-08-25 15:00:00,aug_2025,1,17621.490234375,20106.8671875,17621.490234375,20106.8671875
2025-08-25 16:00:00,aug_2025,1,17621.490234375,20461.974609375,17621.490234375,20461.974609375
2025-08-25 17:00:00,aug_2025,1,21077.0,20624.44140625,21077.0,20624.44140625
2025-08-25 18:00:00,aug_2025,1,24068.0,24544.939453125,24068.0,24544.939453125
2025-08-25 19:00:00,aug_2025,1,25358.0,26552.708984375,25358.0,26552.708984375
2025-08-25 20:00:00,aug_2025,1,25339.5,26452.10546875,25339.5,26452.10546875
2025-08-25 21:00:00,aug_2025,1,24312.0,24805.556640625,24312.0,24805.556640625
2025-08-25 22:00:00,aug_2025,1,22199.0,23384.34375,22199.0,23384.34375
2025-08-25 23:00:00,aug_2025,1,20523.5,21736.3046875,20523.5,21736.3046875
2025-08-26 00:00:00,aug_2025,1,19537.5,20646.9140625,19537.5,20646.9140625
2025-08-26 01:00:00,aug_2025,1,19258.5,20057.23828125,19258.5,20057.23828125
2025-08-26 02:00:00,aug_2025,1,18868.5,19908.037109375,18868.5,19908.037109375
2025-08-26 03:00:00,aug_2025,1,18017.5,19307.5703125,18017.5,19307.5703125
2025-08-26 04:00:00,aug_2025,1,17789.5,18737.90625,17789.5,18737.90625
2025-08-26 05:00:00,aug_2025,1,17993.5,19639.267578125,17993.5,19639.267578125
2025-08-26 06:00:00,aug_2025,1,20543.0,20307.470703125,20543.0,20307.470703125
2025-08-26 07:00:00,aug_2025,1,23611.0,23767.494140625,23611.0,23767.494140625
2025-08-26 08:00:00,aug_2025,1,25481.5,25909.322265625,25481.5,25909.322265625
2025-08-26 09:00:00,aug_2025,1,24910.0,25994.630859375,24910.0,25994.630859375
2025-08-26 10:00:00,aug_2025,1,23545.0,24463.255859375,23545.0,24463.255859375
2025-08-26 11:00:00,aug_2025,1,22366.0,23384.248046875,22366.0,23384.248046875
2025-08-26 12:00:00,aug_2025,1,22239.5,22139.58203125,22239.5,22139.58203125
2025-08-26 13:00:00,aug_2025,1,21419.5,22601.400390625,21419.5,22601.400390625
2025-08-26 14:00:00,aug_2025,1,21110.5,21631.015625,21110.5,21631.015625
2025-08-26 15:00:00,aug_2025,1,21703.5,21968.21875,21703.5,21968.21875
2025-08-26 16:00:00,aug_2025,1,22799.0,23517.81640625,22799.0,23517.81640625
2025-08-26 17:00:00,aug_2025,1,24840.0,25054.205078125,24840.0,25054.205078125
2025-08-26 18:00:00,aug_2025,1,26534.0,27012.294921875,26534.0,27012.294921875
2025-08-26 19:00:00,aug_2025,1,26816.0,28357.52734375,26816.0,28357.52734375
2025-08-26 20:00:00,aug_2025,1,27563.5,27816.19921875,27563.5,27816.19921875
2025-08-26 21:00:00,aug_2025,1,26304.5,27727.609375,26304.5,27727.609375
2025-08-26 22:00:00,aug_2025,1,24640.5,25109.55078125,24640.5,25109.55078125
2025-08-26 23:00:00,aug_2025,1,22587.0,23207.705078125,22587.0,23207.705078125
2025-08-27 00:00:00,aug_2025,1,20791.0,21796.095703125,20791.0,21796.095703125
2025-08-27 01:00:00,aug_2025,1,20460.5,20644.3125,20460.5,20644.3125
2025-08-27 02:00:00,aug_2025,1,19838.5,20510.583984375,19838.5,20510.583984375
2025-08-27 03:00:00,aug_2025,1,19123.5,19594.505859375,19123.5,19594.505859375
2025-08-27 04:00:00,aug_2025,1,18717.5,19122.017578125,18717.5,19122.017578125
2025-08-27 05:00:00,aug_2025,1,19231.0,20291.072265625,19231.0,20291.072265625
2025-08-27 06:00:00,aug_2025,1,20901.5,22062.2578125,20901.5,22062.2578125
2025-08-27 07:00:00,aug_2025,1,22829.0,24145.279296875,22829.0,24145.279296875
2025-08-27 08:00:00,aug_2025,1,24530.5,24173.173828125,24530.5,24173.173828125
2025-08-27 09:00:00,aug_2025,1,24480.5,25496.26953125,24480.5,25496.26953125
2025-08-27 10:00:00,aug_2025,1,23782.5,24229.28515625,23782.5,24229.28515625
2025-08-27 11:00:00,aug_2025,1,23695.0,23478.138671875,23695.0,23478.138671875
2025-08-27 12:00:00,aug_2025,1,23659.0,23546.958984375,23659.0,23546.958984375
2025-08-27 13:00:00,aug_2025,1,23216.5,23210.5546875,23216.5,23210.5546875
2025-08-27 14:00:00,aug_2025,1,22594.0,22575.31640625,22594.0,22575.31640625
2025-08-27 15:00:00,aug_2025,1,22756.0,22732.3515625,22756.0,22732.3515625
2025-08-27 16:00:00,aug_2025,1,23946.0,23809.466796875,23946.0,23809.466796875
2025-08-27 17:00:00,aug_2025,1,25846.0,25852.552734375,25846.0,25852.552734375
2025-08-27 18:00:00,aug_2025,1,27341.0,27670.82421875,27341.0,27670.82421875
2025-08-27 19:00:00,aug_2025,1,27615.5,28663.341796875,27615.5,28663.341796875
2025-08-27 20:00:00,aug_2025,1,27142.5,28143.62109375,27142.5,28143.62109375
2025-08-27 21:00:00,aug_2025,1,26589.0,26379.4296875,26589.0,26379.4296875
2025-08-27 22:00:00,aug_2025,1,24825.5,25302.048828125,24825.5,25302.048828125
2025-08-27 23:00:00,aug_2025,1,22235.5,23400.2578125,22235.5,23400.2578125
2025-08-28 00:00:00,aug_2025,1,20989.0,21479.86328125,20989.0,21479.86328125
2025-08-28 01:00:00,aug_2025,1,20138.0,20760.30078125,20138.0,20760.30078125
2025-08-28 02:00:00,aug_2025,1,19327.5,20292.400390625,19327.5,20292.400390625
2025-08-28 03:00:00,aug_2025,1,18818.0,19227.705078125,18818.0,19227.705078125
2025-08-28 04:00:00,aug_2025,1,18465.5,19030.49609375,18465.5,19030.49609375
2025-08-28 05:00:00,aug_2025,1,19043.0,19919.220703125,19043.0,19919.220703125
2025-08-28 06:00:00,aug_2025,1,20931.5,21514.111328125,20931.5,21514.111328125
2025-08-28 07:00:00,aug_2025,1,23009.5,24441.47265625,23009.5,24441.47265625
2025-08-28 08:00:00,aug_2025,1,23611.0,24424.830078125,23611.0,24424.830078125
2025-08-28 09:00:00,aug_2025,1,23329.0,23828.044921875,23329.0,23828.044921875
2025-08-28 10:00:00,aug_2025,1,22641.0,23280.384765625,22641.0,23280.384765625
2025-08-28 11:00:00,aug_2025,1,22119.0,22673.892578125,22119.0,22673.892578125
2025-08-28 12:00:00,aug_2025,1,22237.5,22057.267578125,22237.5,22057.267578125
2025-08-28 13:00:00,aug_2025,1,22067.0,22412.529296875,22067.0,22412.529296875
2025-08-28 14:00:00,aug_2025,1,22255.0,21906.373046875,22255.0,21906.373046875
2025-08-28 15:00:00,aug_2025,1,22633.0,22509.69921875,22633.0,22509.69921875
2025-08-28 16:00:00,aug_2025,1,24108.5,23792.38671875,24108.5,23792.38671875
2025-08-28 17:00:00,aug_2025,1,25949.5,25817.1328125,25949.5,25817.1328125
2025-08-28 18:00:00,aug_2025,1,27452.0,27683.654296875,27452.0,27683.654296875
2025-08-28 19:00:00,aug_2025,1,27630.0,28508.6875,27630.0,28508.6875
2025-08-28 20:00:00,aug_2025,1,27598.5,27949.4296875,27598.5,27949.4296875
2025-08-28 21:00:00,aug_2025,1,26204.0,26721.513671875,26204.0,26721.513671875
2025-08-28 22:00:00,aug_2025,1,24263.5,24683.77734375,24263.5,24683.77734375
2025-08-28 23:00:00,aug_2025,1,21634.0,22985.69921875,21634.0,22985.69921875
2025-08-29 00:00:00,aug_2025,1,20775.5,21133.205078125,20775.5,21133.205078125
2025-08-29 01:00:00,aug_2025,1,20238.5,20615.1640625,20238.5,20615.1640625
2025-08-29 02:00:00,aug_2025,1,19729.0,20289.388671875,19729.0,20289.388671875
2025-08-29 03:00:00,aug_2025,1,19043.5,19432.615234375,19043.5,19432.615234375
2025-08-29 04:00:00,aug_2025,1,18567.0,19273.46875,18567.0,19273.46875
2025-08-29 05:00:00,aug_2025,1,18957.5,20294.96484375,18957.5,20294.96484375
2025-08-29 06:00:00,aug_2025,1,21111.5,21617.859375,21111.5,21617.859375
2025-08-29 07:00:00,aug_2025,1,23670.5,24520.578125,23670.5,24520.578125
2025-08-29 08:00:00,aug_2025,1,25772.0,25189.66796875,25772.0,25189.66796875
2025-08-29 09:00:00,aug_2025,1,25887.5,26769.158203125,25887.5,26769.158203125
2025-08-29 10:00:00,aug_2025,1,25026.5,25112.986328125,25026.5,25112.986328125
2025-08-29 11:00:00,aug_2025,1,24535.0,24128.515625,24535.0,24128.515625
2025-08-29 12:00:00,aug_2025,1,23874.5,23927.712890625,23874.5,23927.712890625
2025-08-29 13:00:00,aug_2025,1,22719.5,22930.01953125,22719.5,22930.01953125
2025-08-29 14:00:00,aug_2025,1,22347.0,21867.46875,22347.0,21867.46875
2025-08-29 15:00:00,aug_2025,1,21969.0,22549.4296875,21969.0,22549.4296875
2025-08-29 16:00:00,aug_2025,1,22454.5,22853.36328125,22454.5,22853.36328125
2025-08-29 17:00:00,aug_2025,1,24575.0,23921.8515625,24575.0,23921.8515625
2025-08-29 18:00:00,aug_2025,1,25547.0,26565.66796875,25547.0,26565.66796875
2025-08-29 19:00:00,aug_2025,1,26326.0,26889.482421875,26326.0,26889.482421875
2025-08-29 20:00:00,aug_2025,1,26292.0,27373.044921875,26292.0,27373.044921875
2025-08-29 21:00:00,aug_2025,1,24983.5,26634.8671875,24983.5,26634.8671875
2025-08-29 22:00:00,aug_2025,1,23494.5,24005.48828125,23494.5,24005.48828125
2025-08-29 23:00:00,aug_2025,1,21531.5,22987.53125,21531.5,22987.53125
2025-08-30 00:00:00,aug_2025,1,20558.5,21346.400390625,20558.5,21346.400390625
2025-08-30 01:00:00,aug_2025,1,19281.5,20697.05078125,19281.5,20697.05078125
2025-08-30 02:00:00,aug_2025,1,18574.0,19960.982421875,18574.0,19960.982421875
2025-08-30 03:00:00,aug_2025,1,18136.0,19180.05078125,18136.0,19180.05078125
2025-08-30 04:00:00,aug_2025,1,17774.5,18807.912109375,17774.5,18807.912109375
2025-08-30 05:00:00,aug_2025,1,18109.0,19033.70703125,18109.0,19033.70703125
2025-08-30 06:00:00,aug_2025,1,18688.5,20181.58203125,18688.5,20181.58203125
2025-08-30 07:00:00,aug_2025,1,19918.0,21147.443359375,19918.0,21147.443359375
2025-08-30 08:00:00,aug_2025,1,20170.0,21609.8203125,20170.0,21609.8203125
2025-08-30 09:00:00,aug_2025,1,19993.5,20889.068359375,19993.5,20889.068359375
2025-08-30 10:00:00,aug_2025,1,19333.0,21029.234375,19333.0,21029.234375
2025-08-30 11:00:00,aug_2025,1,19333.5,20238.240234375,19333.5,20238.240234375
2025-08-30 12:00:00,aug_2025,1,20062.5,20194.6328125,20062.5,20194.6328125
2025-08-30 13:00:00,aug_2025,1,20343.0,20709.287109375,20343.0,20709.287109375
2025-08-30 14:00:00,aug_2025,1,20534.5,20779.623046875,20534.5,20779.623046875
2025-08-30 15:00:00,aug_2025,1,21158.5,21373.013671875,21158.5,21373.013671875
2025-08-30 16:00:00,aug_2025,1,22693.0,23017.640625,22693.0,23017.640625
2025-08-30 17:00:00,aug_2025,1,24164.5,25051.2890625,24164.5,25051.2890625
2025-08-30 18:00:00,aug_2025,1,24468.5,26160.27734375,24468.5,26160.27734375
2025-08-30 19:00:00,aug_2025,1,24185.5,25830.984375,24185.5,25830.984375
2025-08-30 20:00:00,aug_2025,1,23571.5,24642.251953125,23571.5,24642.251953125
2025-08-30 21:00:00,aug_2025,1,21955.0,23555.41015625,21955.0,23555.41015625
2025-08-30 22:00:00,aug_2025,1,20388.0,22156.037109375,20388.0,22156.037109375
2025-08-30 23:00:00,aug_2025,1,19140.0,20771.9375,19140.0,20771.9375
2025-08-31 00:00:00,aug_2025,1,18003.5,20060.150390625,18003.5,20060.150390625
2025-11-01 00:00:00,nov_2025,1,21115.5,20924.51953125,21115.5,20924.51953125
2025-11-01 01:00:00,nov_2025,1,20311.0,20992.15234375,20311.0,20992.15234375
2025-11-01 02:00:00,nov_2025,1,19327.5,20243.662109375,19327.5,20243.662109375
2025-11-01 03:00:00,nov_2025,1,18145.0,18970.84375,18145.0,18970.84375
2025-11-01 04:00:00,nov_2025,1,17621.490234375,17992.4453125,17621.490234375,17992.4453125
2025-11-01 05:00:00,nov_2025,1,17732.5,18327.740234375,17732.5,18327.740234375
2025-11-01 06:00:00,nov_2025,1,19609.5,20839.4609375,19609.5,20839.4609375
2025-11-01 07:00:00,nov_2025,1,22076.5,23574.41015625,22076.5,23574.41015625
2025-11-01 08:00:00,nov_2025,1,23562.0,23692.77734375,23562.0,23692.77734375
2025-11-01 09:00:00,nov_2025,1,23132.0,23250.015625,23132.0,23250.015625
2025-11-01 10:00:00,nov_2025,1,21925.0,22539.216796875,21925.0,22539.216796875
2025-11-01 11:00:00,nov_2025,1,21468.5,22775.171875,21468.5,22775.171875
2025-11-01 12:00:00,nov_2025,1,21699.5,22073.396484375,21699.5,22073.396484375
2025-11-01 13:00:00,nov_2025,1,23226.5,22704.548828125,23226.5,22704.548828125
2025-11-01 14:00:00,nov_2025,1,25554.0,25275.314453125,25554.0,25275.314453125
2025-11-01 15:00:00,nov_2025,1,27917.0,27404.79296875,27917.0,27404.79296875
2025-11-01 16:00:00,nov_2025,1,30925.5,29545.818359375,30925.5,29545.818359375
2025-11-01 17:00:00,nov_2025,1,33426.0,32103.16015625,33426.0,32103.16015625
2025-11-01 18:00:00,nov_2025,1,32846.0,33304.8125,32846.0,33304.8125
2025-11-01 19:00:00,nov_2025,1,31405.0,31142.091796875,31405.0,31142.091796875
2025-11-01 20:00:00,nov_2025,1,29529.5,29233.380859375,29529.5,29233.380859375
2025-11-01 21:00:00,nov_2025,1,27343.0,26610.98046875,27343.0,26610.98046875
2025-11-01 22:00:00,nov_2025,1,25144.0,25180.232421875,25144.0,25180.232421875
2025-11-01 23:00:00,nov_2025,1,23164.0,23782.73046875,23164.0,23782.73046875
2025-11-02 00:00:00,nov_2025,1,23014.5,22641.890625,23014.5,22641.890625
2025-11-02 01:00:00,nov_2025,1,21995.0,22723.94921875,21995.0,22723.94921875
2025-11-02 02:00:00,nov_2025,1,20936.0,21642.744140625,20936.0,21642.744140625
2025-11-02 03:00:00,nov_2025,1,20052.0,20205.76953125,20052.0,20205.76953125
2025-11-02 04:00:00,nov_2025,1,19684.0,18724.3125,19684.0,18724.3125
2025-11-02 05:00:00,nov_2025,1,19646.5,19163.111328125,19646.5,19163.111328125
2025-11-02 06:00:00,nov_2025,1,20712.5,20403.95703125,20712.5,20403.95703125
2025-11-02 07:00:00,nov_2025,1,22733.0,23408.810546875,22733.0,23408.810546875
2025-11-02 08:00:00,nov_2025,1,24258.5,25484.1015625,24258.5,25484.1015625
2025-11-02 09:00:00,nov_2025,1,23925.5,25577.73828125,23925.5,25577.73828125
2025-11-02 10:00:00,nov_2025,1,23551.0,24548.521484375,23551.0,24548.521484375
2025-11-02 11:00:00,nov_2025,1,23438.0,23757.779296875,23438.0,23757.779296875
2025-11-02 12:00:00,nov_2025,1,24081.0,23335.84375,24081.0,23335.84375
2025-11-02 13:00:00,nov_2025,1,24021.5,24709.33984375,24021.5,24709.33984375
2025-11-02 14:00:00,nov_2025,1,25768.5,24758.013671875,25768.5,24758.013671875
2025-11-02 15:00:00,nov_2025,1,28581.5,28405.568359375,28581.5,28405.568359375
2025-11-02 16:00:00,nov_2025,1,32482.5,31571.232421875,32482.5,31571.232421875
2025-11-02 17:00:00,nov_2025,1,35502.5,33886.8671875,35502.5,33886.8671875
2025-11-02 18:00:00,nov_2025,1,34496.0,34735.1875,34496.0,34735.1875
2025-11-02 19:00:00,nov_2025,1,32282.5,32125.982421875,32282.5,32125.982421875
2025-11-02 20:00:00,nov_2025,1,30230.5,30550.52734375,30230.5,30550.52734375
2025-11-02 21:00:00,nov_2025,1,27345.0,28311.8515625,27345.0,28311.8515625
2025-11-02 22:00:00,nov_2025,1,24420.5,25504.76953125,24420.5,25504.76953125
2025-11-02 23:00:00,nov_2025,1,21874.0,23462.455078125,21874.0,23462.455078125
2025-11-03 00:00:00,nov_2025,1,21436.0,22364.86328125,21436.0,22364.86328125
2025-11-03 01:00:00,nov_2025,1,20935.0,21950.587890625,20935.0,21950.587890625
2025-11-03 02:00:00,nov_2025,1,19612.5,21199.76171875,19612.5,21199.76171875
2025-11-03 03:00:00,nov_2025,1,19025.5,19743.060546875,19025.5,19743.060546875
2025-11-03 04:00:00,nov_2025,1,18721.5,19536.1015625,18721.5,19536.1015625
2025-11-03 05:00:00,nov_2025,1,19388.5,20364.728515625,19388.5,20364.728515625
2025-11-03 06:00:00,nov_2025,1,23061.5,23791.80078125,23061.5,23791.80078125
2025-11-03 07:00:00,nov_2025,1,27336.5,27552.70703125,27336.5,27552.70703125
2025-11-03 08:00:00,nov_2025,1,29717.5,29203.41015625,29717.5,29203.41015625
2025-11-03 09:00:00,nov_2025,1,30082.5,29398.056640625,30082.5,29398.056640625
2025-11-03 10:00:00,nov_2025,1,29890.5,29267.529296875,29890.5,29267.529296875
2025-11-03 11:00:00,nov_2025,1,29829.5,30001.69921875,29829.5,30001.69921875
2025-11-03 12:00:00,nov_2025,1,30138.0,29782.73828125,30138.0,29782.73828125
2025-11-03 13:00:00,nov_2025,1,30407.0,29202.3828125,30407.0,29202.3828125
2025-11-03 14:00:00,nov_2025,1,30686.0,30429.060546875,30686.0,30429.060546875
2025-11-03 15:00:00,nov_2025,1,31289.0,31478.048828125,31289.0,31478.048828125
2025-11-03 16:00:00,nov_2025,1,33416.0,32583.779296875,33416.0,32583.779296875
2025-11-03 17:00:00,nov_2025,1,35011.5,34779.046875,35011.5,34779.046875
2025-11-03 18:00:00,nov_2025,1,34660.5,34800.66796875,34660.5,34800.66796875
2025-11-03 19:00:00,nov_2025,1,32725.0,33569.2578125,32725.0,33569.2578125
2025-11-03 20:00:00,nov_2025,1,30215.5,30826.650390625,30215.5,30826.650390625
2025-11-03 21:00:00,nov_2025,1,26909.5,28271.802734375,26909.5,28271.802734375
2025-11-03 22:00:00,nov_2025,1,24035.0,25656.55078125,24035.0,25656.55078125
2025-11-03 23:00:00,nov_2025,1,21345.0,23723.91796875,21345.0,23723.91796875
2025-11-04 00:00:00,nov_2025,1,21048.5,22626.65625,21048.5,22626.65625
2025-11-04 01:00:00,nov_2025,1,20623.0,21591.359375,20623.0,21591.359375
2025-11-04 02:00:00,nov_2025,1,19394.5,20563.17578125,19394.5,20563.17578125
2025-11-04 03:00:00,nov_2025,1,18736.5,19083.95703125,18736.5,19083.95703125
2025-11-04 04:00:00,nov_2025,1,18400.0,19118.392578125,18400.0,19118.392578125
2025-11-04 05:00:00,nov_2025,1,19540.0,20367.220703125,19540.0,20367.220703125
2025-11-04 06:00:00,nov_2025,1,23529.0,24479.74609375,23529.0,24479.74609375
2025-11-04 07:00:00,nov_2025,1,28275.5,28323.76953125,28275.5,28323.76953125
2025-11-04 08:00:00,nov_2025,1,30035.5,30045.859375,30035.5,30045.859375
2025-11-04 09:00:00,nov_2025,1,30320.0,29259.66796875,30320.0,29259.66796875
2025-11-04 10:00:00,nov_2025,1,30055.0,29647.896484375,30055.0,29647.896484375
2025-11-04 11:00:00,nov_2025,1,30236.0,30270.01171875,30236.0,30270.01171875
2025-11-04 12:00:00,nov_2025,1,30313.0,30259.232421875,30313.0,30259.232421875
2025-11-04 13:00:00,nov_2025,1,30519.0,29425.189453125,30519.0,29425.189453125
2025-11-04 14:00:00,nov_2025,1,30891.5,30693.357421875,30891.5,30693.357421875
2025-11-04 15:00:00,nov_2025,1,31650.5,31801.138671875,31650.5,31801.138671875
2025-11-04 16:00:00,nov_2025,1,34241.0,32982.7734375,34241.0,32982.7734375
2025-11-04 17:00:00,nov_2025,1,36418.5,35345.203125,36418.5,35345.203125
2025-11-04 18:00:00,nov_2025,1,36184.5,35881.7265625,36184.5,35881.7265625
2025-11-04 19:00:00,nov_2025,1,34664.5,34426.453125,34664.5,34426.453125
2025-11-04 20:00:00,nov_2025,1,32481.5,32481.515625,32481.5,32481.515625
2025-11-04 21:00:00,nov_2025,1,29324.5,30102.927734375,29324.5,30102.927734375
2025-11-04 22:00:00,nov_2025,1,26407.0,27257.26171875,26407.0,27257.26171875
2025-11-04 23:00:00,nov_2025,1,24425.0,25136.38671875,24425.0,25136.38671875
2025-11-05 00:00:00,nov_2025,1,23523.5,24294.689453125,23523.5,24294.689453125
2025-11-05 01:00:00,nov_2025,1,22704.0,23560.921875,22704.0,23560.921875
2025-11-05 02:00:00,nov_2025,1,21811.0,22349.17578125,21811.0,22349.17578125
2025-11-05 03:00:00,nov_2025,1,20900.0,21182.03515625,20900.0,21182.03515625
2025-11-05 04:00:00,nov_2025,1,20359.0,20763.29296875,20359.0,20763.29296875
2025-11-05 05:00:00,nov_2025,1,21196.5,21457.607421875,21196.5,21457.607421875
2025-11-05 06:00:00,nov_2025,1,24980.5,24614.291015625,24980.5,24614.291015625
2025-11-05 07:00:00,nov_2025,1,28936.5,29795.962890625,28936.5,29795.962890625
2025-11-05 08:00:00,nov_2025,1,30649.0,30975.697265625,30649.0,30975.697265625
2025-11-05 09:00:00,nov_2025,1,30918.0,30505.267578125,30918.0,30505.267578125
2025-11-05 10:00:00,nov_2025,1,30095.0,30004.125,30095.0,30004.125
2025-11-05 11:00:00,nov_2025,1,30200.5,30055.982421875,30200.5,30055.982421875
2025-11-05 12:00:00,nov_2025,1,31100.0,30255.21484375,31100.0,30255.21484375
2025-11-05 13:00:00,nov_2025,1,31199.0,31068.20703125,31199.0,31068.20703125
2025-11-05 14:00:00,nov_2025,1,31436.5,31414.70703125,31436.5,31414.70703125
2025-11-05 15:00:00,nov_2025,1,32870.0,32341.673828125,32870.0,32341.673828125
2025-11-05 16:00:00,nov_2025,1,35324.5,35293.35546875,35324.5,35293.35546875
2025-11-05 17:00:00,nov_2025,1,37080.5,36617.41015625,37080.5,36617.41015625
2025-11-05 18:00:00,nov_2025,1,35957.0,36524.28125,35957.0,36524.28125
2025-11-05 19:00:00,nov_2025,1,34026.0,34314.73828125,34026.0,34314.73828125
2025-11-05 20:00:00,nov_2025,1,31977.5,32239.759765625,31977.5,32239.759765625
2025-11-05 21:00:00,nov_2025,1,29268.0,29828.7890625,29268.0,29828.7890625
2025-11-05 22:00:00,nov_2025,1,26318.5,27454.4765625,26318.5,27454.4765625
2025-11-05 23:00:00,nov_2025,1,24147.0,25100.55859375,24147.0,25100.55859375
2025-11-06 00:00:00,nov_2025,1,24062.0,24066.9765625,24062.0,24066.9765625
2025-11-06 01:00:00,nov_2025,1,23017.5,23692.365234375,23017.5,23692.365234375
2025-11-06 02:00:00,nov_2025,1,22187.5,22422.583984375,22187.5,22422.583984375
2025-11-06 03:00:00,nov_2025,1,21378.5,21327.578125,21378.5,21327.578125
2025-11-06 04:00:00,nov_2025,1,20510.0,21112.685546875,20510.0,21112.685546875
2025-11-06 05:00:00,nov_2025,1,21334.5,21495.138671875,21334.5,21495.138671875
2025-11-06 06:00:00,nov_2025,1,25656.0,24494.275390625,25656.0,24494.275390625
2025-11-06 07:00:00,nov_2025,1,29265.5,30520.1484375,29265.5,30520.1484375
2025-11-06 08:00:00,nov_2025,1,31776.0,30545.2265625,31776.0,30545.2265625
2025-11-06 09:00:00,nov_2025,1,32554.0,31552.04296875,32554.0,31552.04296875
2025-11-06 10:00:00,nov_2025,1,32345.5,31222.724609375,32345.5,31222.724609375
2025-11-06 11:00:00,nov_2025,1,32149.5,31620.060546875,32149.5,31620.060546875
2025-11-06 12:00:00,nov_2025,1,32014.0,31266.48046875,32014.0,31266.48046875
2025-11-06 13:00:00,nov_2025,1,31674.5,30909.93359375,31674.5,30909.93359375
2025-11-06 14:00:00,nov_2025,1,31682.5,31474.751953125,31682.5,31474.751953125
2025-11-06 15:00:00,nov_2025,1,31932.0,32218.591796875,31932.0,32218.591796875
2025-11-06 16:00:00,nov_2025,1,34640.5,33175.22265625,34640.5,33175.22265625
2025-11-06 17:00:00,nov_2025,1,36691.0,36076.703125,36691.0,36076.703125
2025-11-06 18:00:00,nov_2025,1,36587.5,36484.33984375,36587.5,36484.33984375
2025-11-06 19:00:00,nov_2025,1,34693.0,35224.7421875,34693.0,35224.7421875
2025-11-06 20:00:00,nov_2025,1,32509.0,32550.625,32509.0,32550.625
2025-11-06 21:00:00,nov_2025,1,29763.0,30274.396484375,29763.0,30274.396484375
2025-11-06 22:00:00,nov_2025,1,27020.5,27778.3984375,27020.5,27778.3984375
2025-11-06 23:00:00,nov_2025,1,24778.5,25559.380859375,24778.5,25559.380859375
2025-11-07 00:00:00,nov_2025,1,24191.5,24294.150390625,24191.5,24294.150390625
2025-11-07 01:00:00,nov_2025,1,23557.5,23802.87890625,23557.5,23802.87890625
2025-11-07 02:00:00,nov_2025,1,22157.0,22949.828125,22157.0,22949.828125
2025-11-07 03:00:00,nov_2025,1,21067.5,21417.396484375,21067.5,21417.396484375
2025-11-07 04:00:00,nov_2025,1,20695.5,20744.84765625,20695.5,20744.84765625
2025-11-07 05:00:00,nov_2025,1,21307.5,21697.154296875,21307.5,21697.154296875
2025-11-07 06:00:00,nov_2025,1,25001.0,23971.05078125,25001.0,23971.05078125
2025-11-07 07:00:00,nov_2025,1,28982.5,29020.2109375,28982.5,29020.2109375
2025-11-07 08:00:00,nov_2025,1,30529.5,30406.814453125,30529.5,30406.814453125
2025-11-07 09:00:00,nov_2025,1,31438.0,29597.115234375,31438.0,29597.115234375
2025-11-07 10:00:00,nov_2025,1,32119.0,30022.07421875,32119.0,30022.07421875
2025-11-07 11:00:00,nov_2025,1,31741.5,31582.59375,31741.5,31582.59375
2025-11-07 12:00:00,nov_2025,1,32078.0,30764.701171875,32078.0,30764.701171875
2025-11-07 13:00:00,nov_2025,1,31982.0,30857.283203125,31982.0,30857.283203125
2025-11-07 14:00:00,nov_2025,1,31917.5,31797.89453125,31917.5,31797.89453125
2025-11-07 15:00:00,nov_2025,1,32420.0,31985.630859375,32420.0,31985.630859375
2025-11-07 16:00:00,nov_2025,1,33618.5,33551.53125,33618.5,33551.53125
2025-11-07 17:00:00,nov_2025,1,34928.5,34097.15234375,34928.5,34097.15234375
2025-11-07 18:00:00,nov_2025,1,34922.5,34462.6796875,34922.5,34462.6796875
2025-11-07 19:00:00,nov_2025,1,33726.5,33724.59375,33726.5,33724.59375
2025-11-07 20:00:00,nov_2025,1,31431.5,31532.654296875,31431.5,31532.654296875
2025-11-07 21:00:00,nov_2025,1,29130.5,28580.267578125,29130.5,28580.267578125
2025-11-07 22:00:00,nov_2025,1,26722.0,26668.265625,26722.0,26668.265625
2025-11-07 23:00:00,nov_2025,1,24617.0,24905.25,24617.0,24905.25
2025-11-08 00:00:00,nov_2025,1,24079.0,23441.142578125,24079.0,23441.142578125
2025-11-08 01:00:00,nov_2025,1,23335.0,23233.96484375,23335.0,23233.96484375
2025-11-08 02:00:00,nov_2025,1,22048.5,22641.5703125,22048.5,22641.5703125
2025-11-08 03:00:00,nov_2025,1,20660.5,21280.7890625,20660.5,21280.7890625
2025-11-08 04:00:00,nov_2025,1,20135.5,20238.025390625,20135.5,20238.025390625
2025-11-08 05:00:00,nov_2025,1,20003.0,20394.46484375,20003.0,20394.46484375
2025-11-08 06:00:00,nov_2025,1,21832.0,21485.458984375,21832.0,21485.458984375
2025-11-08 07:00:00,nov_2025,1,24229.0,24648.556640625,24229.0,24648.556640625
2025-11-08 08:00:00,nov_2025,1,25880.0,25705.51171875,25880.0,25705.51171875
2025-11-08 09:00:00,nov_2025,1,26015.5,25302.115234375,26015.5,25302.115234375
2025-11-08 10:00:00,nov_2025,1,25438.5,25017.435546875,25438.5,25017.435546875
2025-11-08 11:00:00,nov_2025,1,25184.0,24959.8828125,25184.0,24959.8828125
2025-11-08 12:00:00,nov_2025,1,25644.5,24736.82421875,25644.5,24736.82421875
2025-11-08 13:00:00,nov_2025,1,25812.0,25741.408203125,25812.0,25741.408203125
2025-11-08 14:00:00,nov_2025,1,26285.0,25981.611328125,26285.0,25981.611328125
2025-11-08 15:00:00,nov_2025,1,27739.0,27365.1171875,27739.0,27365.1171875
2025-11-08 16:00:00,nov_2025,1,30807.5,29319.962890625,30807.5,29319.962890625
2025-11-08 17:00:00,nov_2025,1,32899.5,32183.62109375,32899.5,32183.62109375
2025-11-08 18:00:00,nov_2025,1,32839.0,32659.73046875,32839.0,32659.73046875
2025-11-08 19:00:00,nov_2025,1,31386.5,31350.314453125,31386.5,31350.314453125
2025-11-08 20:00:00,nov_2025,1,28722.0,29244.1015625,28722.0,29244.1015625
2025-11-08 21:00:00,nov_2025,1,26840.5,25933.79296875,26840.5,25933.79296875
2025-11-08 22:00:00,nov_2025,1,25083.0,24136.19921875,25083.0,24136.19921875
2025-11-08 23:00:00,nov_2025,1,23254.0,23310.30859375,23254.0,23310.30859375
2025-11-09 00:00:00,nov_2025,1,22793.0,22245.111328125,22793.0,22245.111328125
2025-11-09 01:00:00,nov_2025,1,21915.0,22288.904296875,21915.0,22288.904296875
2025-11-09 02:00:00,nov_2025,1,20834.5,21409.408203125,20834.5,21409.408203125
2025-11-09 03:00:00,nov_2025,1,19724.0,19653.1171875,19724.0,19653.1171875
2025-11-09 04:00:00,nov_2025,1,19288.0,18362.611328125,19288.0,18362.611328125
2025-11-09 05:00:00,nov_2025,1,19282.0,18744.583984375,19282.0,18744.583984375
2025-11-09 06:00:00,nov_2025,1,20323.5,20023.365234375,20323.5,20023.365234375
2025-11-09 07:00:00,nov_2025,1,21796.0,22558.291015625,21796.0,22558.291015625
2025-11-09 08:00:00,nov_2025,1,23322.5,23857.2421875,23322.5,23857.2421875
2025-11-09 09:00:00,nov_2025,1,24444.5,24936.48828125,24444.5,24936.48828125
2025-11-09 10:00:00,nov_2025,1,24983.5,25480.453125,24983.5,25480.453125
2025-11-09 11:00:00,nov_2025,1,26197.5,25003.193359375,26197.5,25003.193359375
2025-11-09 12:00:00,nov_2025,1,27969.5,26333.94921875,27969.5,26333.94921875
2025-11-09 13:00:00,nov_2025,1,28800.5,28282.55859375,28800.5,28282.55859375
2025-11-09 14:00:00,nov_2025,1,29460.5,29269.791015625,29460.5,29269.791015625
2025-11-09 15:00:00,nov_2025,1,31291.5,30694.19921875,31291.5,30694.19921875
2025-11-09 16:00:00,nov_2025,1,33779.5,33178.5234375,33779.5,33178.5234375
2025-11-09 17:00:00,nov_2025,1,35115.0,34199.11328125,35115.0,34199.11328125
2025-11-09 18:00:00,nov_2025,1,34009.0,33891.8515625,34009.0,33891.8515625
2025-11-09 19:00:00,nov_2025,1,32595.0,32333.77734375,32595.0,32333.77734375
2025-11-09 20:00:00,nov_2025,1,30718.0,31230.794921875,30718.0,31230.794921875
2025-11-09 21:00:00,nov_2025,1,27901.5,29056.466796875,27901.5,29056.466796875
2025-11-09 22:00:00,nov_2025,1,24895.5,26180.59765625,24895.5,26180.59765625
2025-11-09 23:00:00,nov_2025,1,22407.5,24108.708984375,22407.5,24108.708984375
2025-11-10 00:00:00,nov_2025,1,22035.5,23293.7578125,22035.5,23293.7578125
2025-11-10 01:00:00,nov_2025,1,21504.5,22356.787109375,21504.5,22356.787109375
2025-11-10 02:00:00,nov_2025,1,20617.0,21611.9921875,20617.0,21611.9921875
2025-11-10 03:00:00,nov_2025,1,19684.5,20592.19140625,19684.5,20592.19140625
2025-11-10 04:00:00,nov_2025,1,19620.0,20132.322265625,19620.0,20132.322265625
2025-11-10 05:00:00,nov_2025,1,20530.5,22555.94921875,20530.5,22555.94921875
2025-11-10 06:00:00,nov_2025,1,25051.5,24533.73046875,25051.5,24533.73046875
2025-11-10 07:00:00,nov_2025,1,30078.0,30431.8046875,30078.0,30431.8046875
2025-11-10 08:00:00,nov_2025,1,31762.0,32075.919921875,31762.0,32075.919921875
2025-11-10 09:00:00,nov_2025,1,32358.5,31714.58984375,32358.5,31714.58984375
2025-11-10 10:00:00,nov_2025,1,32662.5,31412.27734375,32662.5,31412.27734375
2025-11-10 11:00:00,nov_2025,1,33040.0,32770.19921875,33040.0,32770.19921875
2025-11-10 12:00:00,nov_2025,1,33417.0,33124.61328125,33417.0,33124.61328125
2025-11-10 13:00:00,nov_2025,1,33194.0,31821.77734375,33194.0,31821.77734375
2025-11-10 14:00:00,nov_2025,1,33572.0,32677.9375,33572.0,32677.9375
2025-11-10 15:00:00,nov_2025,1,34594.5,34320.8671875,34594.5,34320.8671875
2025-11-10 16:00:00,nov_2025,1,36645.0,35927.26953125,36645.0,35927.26953125
2025-11-10 17:00:00,nov_2025,1,38609.5,36857.4296875,38609.5,36857.4296875
2025-11-10 18:00:00,nov_2025,1,38297.5,37621.21875,38297.5,37621.21875
2025-11-10 19:00:00,nov_2025,1,36993.0,36057.91015625,36993.0,36057.91015625
2025-11-10 20:00:00,nov_2025,1,34230.5,34537.8125,34230.5,34537.8125
2025-11-10 21:00:00,nov_2025,1,30927.0,31601.89453125,30927.0,31601.89453125
2025-11-10 22:00:00,nov_2025,1,27221.5,28631.642578125,27221.5,28631.642578125
2025-11-10 23:00:00,nov_2025,1,24595.0,25954.650390625,24595.0,25954.650390625
2025-11-11 00:00:00,nov_2025,1,24346.5,25002.1171875,24346.5,25002.1171875
2025-11-11 01:00:00,nov_2025,1,23910.0,24335.41015625,23910.0,24335.41015625
2025-11-11 02:00:00,nov_2025,1,22817.0,23733.193359375,22817.0,23733.193359375
2025-11-11 03:00:00,nov_2025,1,21633.0,22402.7109375,21633.0,22402.7109375
2025-11-11 04:00:00,nov_2025,1,21590.5,21890.70703125,21590.5,21890.70703125
2025-11-11 05:00:00,nov_2025,1,21933.5,24054.962890625,21933.5,24054.962890625
2025-11-11 06:00:00,nov_2025,1,25846.5,25118.1328125,25846.5,25118.1328125
2025-11-11 07:00:00,nov_2025,1,30011.5,30475.17578125,30011.5,30475.17578125
2025-11-11 08:00:00,nov_2025,1,32329.0,32024.029296875,32329.0,32024.029296875
2025-11-11 09:00:00,nov_2025,1,32963.5,32525.583984375,32963.5,32525.583984375
2025-11-11 10:00:00,nov_2025,1,32250.5,31797.8515625,32250.5,31797.8515625
2025-11-11 11:00:00,nov_2025,1,31983.0,31892.369140625,31983.0,31892.369140625
2025-11-11 12:00:00,nov_2025,1,32428.5,31621.677734375,32428.5,31621.677734375
2025-11-11 13:00:00,nov_2025,1,32662.5,32101.0390625,32662.5,32101.0390625
2025-11-11 14:00:00,nov_2025,1,32766.5,32823.859375,32766.5,32823.859375
2025-11-11 15:00:00,nov_2025,1,33442.0,33532.5546875,33442.0,33532.5546875
2025-11-11 16:00:00,nov_2025,1,35006.0,35345.00390625,35006.0,35345.00390625
2025-11-11 17:00:00,nov_2025,1,36322.5,36468.05859375,36322.5,36468.05859375
2025-11-11 18:00:00,nov_2025,1,35638.0,36205.51171875,35638.0,36205.51171875
2025-11-11 19:00:00,nov_2025,1,33876.0,34615.98828125,33876.0,34615.98828125
2025-11-11 20:00:00,nov_2025,1,31351.5,32313.45703125,31351.5,32313.45703125
2025-11-11 21:00:00,nov_2025,1,28609.0,29309.14453125,28609.0,29309.14453125
2025-11-11 22:00:00,nov_2025,1,25510.5,27104.048828125,25510.5,27104.048828125
2025-11-11 23:00:00,nov_2025,1,22906.0,24718.572265625,22906.0,24718.572265625
2025-11-12 00:00:00,nov_2025,1,22692.0,23295.255859375,22692.0,23295.255859375
2025-11-12 01:00:00,nov_2025,1,22500.5,22820.5859375,22500.5,22820.5859375
2025-11-12 02:00:00,nov_2025,1,21510.0,21943.146484375,21510.0,21943.146484375
2025-11-12 03:00:00,nov_2025,1,20868.5,20688.759765625,20868.5,20688.759765625
2025-11-12 04:00:00,nov_2025,1,20307.5,20663.33203125,20307.5,20663.33203125
2025-11-12 05:00:00,nov_2025,1,21298.0,21441.833984375,21298.0,21441.833984375
2025-11-12 06:00:00,nov_2025,1,25567.0,25083.509765625,25567.0,25083.509765625
2025-11-12 07:00:00,nov_2025,1,29868.5,30265.578125,29868.5,30265.578125
2025-11-12 08:00:00,nov_2025,1,32089.5,31595.63671875,32089.5,31595.63671875
2025-11-12 09:00:00,nov_2025,1,32613.5,31947.376953125,32613.5,31947.376953125
2025-11-12 10:00:00,nov_2025,1,32566.5,31494.126953125,32566.5,31494.126953125
2025-11-12 11:00:00,nov_2025,1,32765.0,32110.263671875,32765.0,32110.263671875
2025-11-12 12:00:00,nov_2025,1,33042.5,32325.341796875,33042.5,32325.341796875
2025-11-12 13:00:00,nov_2025,1,33316.5,31845.876953125,33316.5,31845.876953125
2025-11-12 14:00:00,nov_2025,1,33315.5,32859.1796875,33315.5,32859.1796875
2025-11-12 15:00:00,nov_2025,1,34261.5,33577.62890625,34261.5,33577.62890625
2025-11-12 16:00:00,nov_2025,1,36748.5,35685.14453125,36748.5,35685.14453125
2025-11-12 17:00:00,nov_2025,1,38415.0,37531.76171875,38415.0,37531.76171875
2025-11-12 18:00:00,nov_2025,1,37896.0,37320.0078125,37896.0,37320.0078125
2025-11-12 19:00:00,nov_2025,1,35667.5,35805.95703125,35667.5,35805.95703125
2025-11-12 20:00:00,nov_2025,1,32893.0,33190.69140625,32893.0,33190.69140625
2025-11-12 21:00:00,nov_2025,1,29679.0,30491.931640625,29679.0,30491.931640625
2025-11-12 22:00:00,nov_2025,1,26313.0,27815.51171875,26313.0,27815.51171875
2025-11-12 23:00:00,nov_2025,1,23359.5,25377.189453125,23359.5,25377.189453125
2025-11-13 00:00:00,nov_2025,1,22316.0,24204.568359375,22316.0,24204.568359375
2025-11-13 01:00:00,nov_2025,1,21654.5,23145.71484375,21654.5,23145.71484375
2025-11-13 02:00:00,nov_2025,1,20766.5,21856.0703125,20766.5,21856.0703125
2025-11-13 03:00:00,nov_2025,1,20079.0,20761.64453125,20079.0,20761.64453125
2025-11-13 04:00:00,nov_2025,1,19877.5,20524.84375,19877.5,20524.84375
2025-11-13 05:00:00,nov_2025,1,20530.5,21645.552734375,20530.5,21645.552734375
2025-11-13 06:00:00,nov_2025,1,24930.0,24550.802734375,24930.0,24550.802734375
2025-11-13 07:00:00,nov_2025,1,29264.5,30591.44921875,29264.5,30591.44921875
2025-11-13 08:00:00,nov_2025,1,30397.0,31236.626953125,30397.0,31236.626953125
2025-11-13 09:00:00,nov_2025,1,30510.5,30506.013671875,30510.5,30506.013671875
2025-11-13 10:00:00,nov_2025,1,29171.0,29762.19140625,29171.0,29762.19140625
2025-11-13 11:00:00,nov_2025,1,28922.5,29594.310546875,28922.5,29594.310546875
2025-11-13 12:00:00,nov_2025,1,29613.0,29145.94140625,29613.0,29145.94140625
2025-11-13 13:00:00,nov_2025,1,30632.0,29548.99609375,30632.0,29548.99609375
2025-11-13 14:00:00,nov_2025,1,31310.0,31433.166015625,31310.0,31433.166015625
2025-11-13 15:00:00,nov_2025,1,33677.0,32447.287109375,33677.0,32447.287109375
2025-11-13 16:00:00,nov_2025,1,36348.5,36165.7421875,36348.5,36165.7421875
2025-11-13 17:00:00,nov_2025,1,37484.5,37092.57421875,37484.5,37092.57421875
2025-11-13 18:00:00,nov_2025,1,36632.0,36211.94140625,36632.0,36211.94140625
2025-11-13 19:00:00,nov_2025,1,35851.0,34770.4140625,35851.0,34770.4140625
2025-11-13 20:00:00,nov_2025,1,33117.0,33732.125,33117.0,33732.125
2025-11-13 21:00:00,nov_2025,1,30068.0,30445.369140625,30068.0,30445.369140625
2025-11-13 22:00:00,nov_2025,1,26391.5,27931.2421875,26391.5,27931.2421875
2025-11-13 23:00:00,nov_2025,1,23886.5,25419.234375,23886.5,25419.234375
2025-11-14 00:00:00,nov_2025,1,23494.0,24485.9609375,23494.0,24485.9609375
2025-11-14 01:00:00,nov_2025,1,22752.5,23788.85546875,22752.5,23788.85546875
2025-11-14 02:00:00,nov_2025,1,21419.5,22580.568359375,21419.5,22580.568359375
2025-11-14 03:00:00,nov_2025,1,20253.5,21063.841796875,20253.5,21063.841796875
2025-11-14 04:00:00,nov_2025,1,19783.0,20507.427734375,19783.0,20507.427734375
2025-11-14 05:00:00,nov_2025,1,20631.0,21544.20703125,20631.0,21544.20703125
2025-11-14 06:00:00,nov_2025,1,24360.5,24356.439453125,24360.5,24356.439453125
2025-11-14 07:00:00,nov_2025,1,28895.5,29145.232421875,28895.5,29145.232421875
2025-11-14 08:00:00,nov_2025,1,31583.5,31135.50390625,31583.5,31135.50390625
2025-11-14 09:00:00,nov_2025,1,33111.5,31601.55078125,33111.5,31601.55078125
2025-11-14 10:00:00,nov_2025,1,33123.0,32252.30078125,33123.0,32252.30078125
2025-11-14 11:00:00,nov_2025,1,33601.5,32760.404296875,33601.5,32760.404296875
2025-11-14 12:00:00,nov_2025,1,34222.0,32931.22265625,34222.0,32931.22265625
2025-11-14 13:00:00,nov_2025,1,33623.0,33218.29296875,33623.0,33218.29296875
2025-11-14 14:00:00,nov_2025,1,33117.0,32820.3203125,33117.0,32820.3203125
2025-11-14 15:00:00,nov_2025,1,33472.0,33066.8125,33472.0,33066.8125
2025-11-14 16:00:00,nov_2025,1,34710.5,34642.2265625,34710.5,34642.2265625
2025-11-14 17:00:00,nov_2025,1,35487.0,35248.48828125,35487.0,35248.48828125
2025-11-14 18:00:00,nov_2025,1,34640.0,34621.0546875,34640.0,34621.0546875
2025-11-14 19:00:00,nov_2025,1,33065.0,33338.5859375,33065.0,33338.5859375
2025-11-14 20:00:00,nov_2025,1,30600.5,31143.052734375,30600.5,31143.052734375
2025-11-14 21:00:00,nov_2025,1,28147.5,28033.76171875,28147.5,28033.76171875
2025-11-14 22:00:00,nov_2025,1,25527.5,26137.154296875,25527.5,26137.154296875
2025-11-14 23:00:00,nov_2025,1,22914.5,24197.125,22914.5,24197.125
2025-11-15 00:00:00,nov_2025,1,23095.5,22617.103515625,23095.5,22617.103515625
2025-11-15 01:00:00,nov_2025,1,22450.0,22689.69921875,22450.0,22689.69921875
2025-11-15 02:00:00,nov_2025,1,21577.5,21797.673828125,21577.5,21797.673828125
2025-11-15 03:00:00,nov_2025,1,20821.5,20659.095703125,20821.5,20659.095703125
2025-11-15 04:00:00,nov_2025,1,20418.5,20481.57421875,20418.5,20481.57421875
2025-11-15 05:00:00,nov_2025,1,20484.5,21356.7890625,20484.5,21356.7890625
2025-11-15 06:00:00,nov_2025,1,21934.5,22698.193359375,21934.5,22698.193359375
2025-11-15 07:00:00,nov_2025,1,24457.5,24551.501953125,24457.5,24551.501953125
2025-11-15 08:00:00,nov_2025,1,26974.0,26023.875,26974.0,26023.875
2025-11-15 09:00:00,nov_2025,1,28433.0,26802.244140625,28433.0,26802.244140625
2025-11-15 10:00:00,nov_2025,1,29427.0,28020.232421875,29427.0,28020.232421875
2025-11-15 11:00:00,nov_2025,1,30425.5,29040.484375,30425.5,29040.484375
2025-11-15 12:00:00,nov_2025,1,30853.0,29428.59375,30853.0,29428.59375
2025-11-15 13:00:00,nov_2025,1,31222.5,29649.96484375,31222.5,29649.96484375
2025-11-15 14:00:00,nov_2025,1,31419.0,31130.31640625,31419.0,31130.31640625
2025-11-15 15:00:00,nov_2025,1,31648.0,31926.7109375,31648.0,31926.7109375
2025-11-15 16:00:00,nov_2025,1,33193.5,31837.701171875,33193.5,31837.701171875
2025-11-15 17:00:00,nov_2025,1,34473.5,33270.2734375,34473.5,33270.2734375
2025-11-15 18:00:00,nov_2025,1,34024.0,33544.12109375,34024.0,33544.12109375
2025-11-15 19:00:00,nov_2025,1,32726.0,31829.740234375,32726.0,31829.740234375
2025-11-15 20:00:00,nov_2025,1,30756.0,30303.71484375,30756.0,30303.71484375
2025-11-15 21:00:00,nov_2025,1,27920.0,27981.287109375,27920.0,27981.287109375
2025-11-15 22:00:00,nov_2025,1,25693.0,25385.998046875,25693.0,25385.998046875
2025-11-15 23:00:00,nov_2025,1,24047.5,24051.814453125,24047.5,24051.814453125
2025-11-16 00:00:00,nov_2025,1,24176.0,23264.853515625,24176.0,23264.853515625
2025-11-16 01:00:00,nov_2025,1,23226.5,23641.61328125,23226.5,23641.61328125
2025-11-16 02:00:00,nov_2025,1,22281.5,22419.626953125,22281.5,22419.626953125
2025-11-16 03:00:00,nov_2025,1,21281.5,20937.958984375,21281.5,20937.958984375
2025-11-16 04:00:00,nov_2025,1,20437.5,19817.8671875,20437.5,19817.8671875
2025-11-16 05:00:00,nov_2025,1,20382.5,19581.060546875,20382.5,19581.060546875
2025-11-16 06:00:00,nov_2025,1,21442.0,20703.884765625,21442.0,20703.884765625
2025-11-16 07:00:00,nov_2025,1,23305.5,23803.7734375,23305.5,23803.7734375
2025-11-16 08:00:00,nov_2025,1,25800.0,25755.091796875,25800.0,25755.091796875
2025-11-16 09:00:00,nov_2025,1,28200.0,27484.658203125,28200.0,27484.658203125
2025-11-16 10:00:00,nov_2025,1,28994.0,29030.068359375,28994.0,29030.068359375
2025-11-16 11:00:00,nov_2025,1,29457.5,28527.818359375,29457.5,28527.818359375
2025-11-16 12:00:00,nov_2025,1,30489.5,28678.658203125,30489.5,28678.658203125
2025-11-16 13:00:00,nov_2025,1,30717.5,30156.25,30717.5,30156.25
2025-11-16 14:00:00,nov_2025,1,31174.5,30957.638671875,31174.5,30957.638671875
2025-11-16 15:00:00,nov_2025,1,32717.0,32476.044921875,32717.0,32476.044921875
2025-11-16 16:00:00,nov_2025,1,35743.0,34502.69140625,35743.0,34502.69140625
2025-11-16 17:00:00,nov_2025,1,37742.5,36138.59375,37742.5,36138.59375
2025-11-16 18:00:00,nov_2025,1,36654.0,36013.3046875,36654.0,36013.3046875
2025-11-16 19:00:00,nov_2025,1,34725.5,34308.13671875,34725.5,34308.13671875
2025-11-16 20:00:00,nov_2025,1,32226.5,33139.0625,32226.5,33139.0625
2025-11-16 21:00:00,nov_2025,1,29725.0,30438.859375,29725.0,30438.859375
2025-11-16 22:00:00,nov_2025,1,26685.5,28083.435546875,26685.5,28083.435546875
2025-11-16 23:00:00,nov_2025,1,23705.5,25746.763671875,23705.5,25746.763671875
2025-11-17 00:00:00,nov_2025,1,23746.0,24484.216796875,23746.0,24484.216796875
2025-11-17 01:00:00,nov_2025,1,23307.0,23942.986328125,23307.0,23942.986328125
2025-11-17 02:00:00,nov_2025,1,22392.5,23413.68359375,22392.5,23413.68359375
2025-11-17 03:00:00,nov_2025,1,22145.5,22386.232421875,22145.5,22386.232421875
2025-11-17 04:00:00,nov_2025,1,21525.0,22773.708984375,21525.0,22773.708984375
2025-11-17 05:00:00,nov_2025,1,22583.0,23762.056640625,22583.0,23762.056640625
2025-11-17 06:00:00,nov_2025,1,27072.5,27472.056640625,27072.5,27472.056640625
2025-11-17 07:00:00,nov_2025,1,32715.0,32803.34765625,32715.0,32803.34765625
2025-11-17 08:00:00,nov_2025,1,34993.5,35424.40625,34993.5,35424.40625
2025-11-17 09:00:00,nov_2025,1,34640.5,34935.1015625,34640.5,34935.1015625
2025-11-17 10:00:00,nov_2025,1,32912.5,33447.359375,32912.5,33447.359375
2025-11-17 11:00:00,nov_2025,1,31743.0,32487.234375,31743.0,32487.234375
2025-11-17 12:00:00,nov_2025,1,31851.5,31507.484375,31851.5,31507.484375
2025-11-17 13:00:00,nov_2025,1,32573.5,31446.78515625,32573.5,31446.78515625
2025-11-17 14:00:00,nov_2025,1,33717.5,33233.67578125,33717.5,33233.67578125
2025-11-17 15:00:00,nov_2025,1,35922.5,35114.0625,35922.5,35114.0625
2025-11-17 16:00:00,nov_2025,1,39405.5,38521.9765625,39405.5,38521.9765625
2025-11-17 17:00:00,nov_2025,1,42210.0,40581.390625,42210.0,40581.390625
2025-11-17 18:00:00,nov_2025,1,41548.5,41089.6640625,41548.5,41089.6640625
2025-11-17 19:00:00,nov_2025,1,39840.5,38936.37890625,39840.5,38936.37890625
2025-11-17 20:00:00,nov_2025,1,37664.0,37253.84375,37664.0,37253.84375
2025-11-17 21:00:00,nov_2025,1,34910.5,35005.4453125,34910.5,35005.4453125
2025-11-17 22:00:00,nov_2025,1,31433.0,32134.970703125,31433.0,32134.970703125
2025-11-17 23:00:00,nov_2025,1,28552.5,29059.7109375,28552.5,29059.7109375
2025-11-18 00:00:00,nov_2025,1,28375.0,27955.44140625,28375.0,27955.44140625
2025-11-18 01:00:00,nov_2025,1,27744.0,27900.509765625,27744.0,27900.509765625
2025-11-18 02:00:00,nov_2025,1,26345.5,26976.099609375,26345.5,26976.099609375
2025-11-18 03:00:00,nov_2025,1,25498.5,25361.482421875,25498.5,25361.482421875
2025-11-18 04:00:00,nov_2025,1,24738.5,24990.525390625,24738.5,24990.525390625
2025-11-18 05:00:00,nov_2025,1,25628.5,26230.716796875,25628.5,26230.716796875
2025-11-18 06:00:00,nov_2025,1,30054.0,29452.908203125,30054.0,29452.908203125
2025-11-18 07:00:00,nov_2025,1,35172.5,34689.18359375,35172.5,34689.18359375
2025-11-18 08:00:00,nov_2025,1,37741.5,36910.1796875,37741.5,36910.1796875
2025-11-18 09:00:00,nov_2025,1,38101.5,37051.1796875,38101.5,37051.1796875
2025-11-18 10:00:00,nov_2025,1,37775.0,35961.63671875,37775.0,35961.63671875
2025-11-18 11:00:00,nov_2025,1,36672.0,35961.171875,36672.0,35961.171875
2025-11-18 12:00:00,nov_2025,1,36578.0,35350.31640625,36578.0,35350.31640625
2025-11-18 13:00:00,nov_2025,1,36937.5,34896.80859375,36937.5,34896.80859375
2025-11-18 14:00:00,nov_2025,1,37080.0,36213.60546875,37080.0,36213.60546875
2025-11-18 15:00:00,nov_2025,1,37600.0,37111.61328125,37600.0,37111.61328125
2025-11-18 16:00:00,nov_2025,1,40681.0,38902.3359375,40681.0,38902.3359375
2025-11-18 17:00:00,nov_2025,1,41468.5,41779.8046875,41468.5,41779.8046875
2025-11-18 18:00:00,nov_2025,1,40709.5,40516.8359375,40709.5,40516.8359375
2025-11-18 19:00:00,nov_2025,1,39218.0,38983.21484375,39218.0,38983.21484375
2025-11-18 20:00:00,nov_2025,1,36744.5,36859.5546875,36744.5,36859.5546875
2025-11-18 21:00:00,nov_2025,1,33351.0,34174.05859375,33351.0,34174.05859375
2025-11-18 22:00:00,nov_2025,1,29930.5,30987.576171875,29930.5,30987.576171875
2025-11-18 23:00:00,nov_2025,1,26325.0,28332.486328125,26325.0,28332.486328125
2025-11-19 00:00:00,nov_2025,1,25823.5,26886.51171875,25823.5,26886.51171875
2025-11-19 01:00:00,nov_2025,1,25746.0,26331.45703125,25746.0,26331.45703125
2025-11-19 02:00:00,nov_2025,1,24476.5,25525.142578125,24476.5,25525.142578125
2025-11-19 03:00:00,nov_2025,1,23196.5,24160.259765625,23196.5,24160.259765625
2025-11-19 04:00:00,nov_2025,1,22824.5,23545.640625,22824.5,23545.640625
2025-11-19 05:00:00,nov_2025,1,23579.5,25008.28125,23579.5,25008.28125
2025-11-19 06:00:00,nov_2025,1,28090.5,28172.13671875,28090.5,28172.13671875
2025-11-19 07:00:00,nov_2025,1,33365.0,33652.4375,33365.0,33652.4375
2025-11-19 08:00:00,nov_2025,1,35692.0,35661.19140625,35692.0,35661.19140625
2025-11-19 09:00:00,nov_2025,1,37322.0,35585.546875,37322.0,35585.546875
2025-11-19 10:00:00,nov_2025,1,36646.5,35758.30078125,36646.5,35758.30078125
2025-11-19 11:00:00,nov_2025,1,35820.5,35850.9609375,35820.5,35850.9609375
2025-11-19 12:00:00,nov_2025,1,35551.5,34583.93359375,35551.5,34583.93359375
2025-11-19 13:00:00,nov_2025,1,35711.0,34257.7578125,35711.0,34257.7578125
2025-11-19 14:00:00,nov_2025,1,36521.0,35648.015625,36521.0,35648.015625
2025-11-19 15:00:00,nov_2025,1,38473.5,36996.9296875,38473.5,36996.9296875
2025-11-19 16:00:00,nov_2025,1,41309.0,40253.60546875,41309.0,40253.60546875
2025-11-19 17:00:00,nov_2025,1,42383.0,41690.62109375,42383.0,41690.62109375
2025-11-19 18:00:00,nov_2025,1,41854.5,40782.15234375,41854.5,40782.15234375
2025-11-19 19:00:00,nov_2025,1,40722.5,39472.28125,40722.5,39472.28125
2025-11-19 20:00:00,nov_2025,1,38663.5,37712.171875,38663.5,37712.171875
2025-11-19 21:00:00,nov_2025,1,35420.0,35507.625,35420.0,35507.625
2025-11-19 22:00:00,nov_2025,1,31711.0,32167.60546875,31711.0,32167.60546875
2025-11-19 23:00:00,nov_2025,1,28857.5,29370.82421875,28857.5,29370.82421875
2025-11-20 00:00:00,nov_2025,1,28248.0,28534.548828125,28248.0,28534.548828125
2025-11-20 01:00:00,nov_2025,1,27241.5,28066.00390625,27241.5,28066.00390625
2025-11-20 02:00:00,nov_2025,1,27132.5,26869.453125,27132.5,26869.453125
2025-11-20 03:00:00,nov_2025,1,26248.5,25873.869140625,26248.5,25873.869140625
2025-11-20 04:00:00,nov_2025,1,25481.0,25672.740234375,25481.0,25672.740234375
2025-11-20 05:00:00,nov_2025,1,26164.0,26790.298828125,26164.0,26790.298828125
2025-11-20 06:00:00,nov_2025,1,31164.5,30418.568359375,31164.5,30418.568359375
2025-11-20 07:00:00,nov_2025,1,36131.5,36198.87890625,36131.5,36198.87890625
2025-11-20 08:00:00,nov_2025,1,37817.5,37592.79296875,37817.5,37592.79296875
2025-11-20 09:00:00,nov_2025,1,38352.0,37114.66796875,38352.0,37114.66796875
2025-11-20 10:00:00,nov_2025,1,36952.0,36193.46875,36952.0,36193.46875
2025-11-20 11:00:00,nov_2025,1,36777.5,35583.9765625,36777.5,35583.9765625
2025-11-20 12:00:00,nov_2025,1,37277.5,35420.4921875,37277.5,35420.4921875
2025-11-20 13:00:00,nov_2025,1,37728.0,35688.4453125,37728.0,35688.4453125
2025-11-20 14:00:00,nov_2025,1,38265.0,36746.45703125,38265.0,36746.45703125
2025-11-20 15:00:00,nov_2025,1,40357.0,38209.02734375,40357.0,38209.02734375
2025-11-20 16:00:00,nov_2025,1,43077.5,41895.578125,43077.5,41895.578125
2025-11-20 17:00:00,nov_2025,1,43615.0,42972.62109375,43615.0,42972.62109375
2025-11-20 18:00:00,nov_2025,1,42885.0,41576.2109375,42885.0,41576.2109375
2025-11-20 19:00:00,nov_2025,1,41967.0,40178.52734375,41967.0,40178.52734375
2025-11-20 20:00:00,nov_2025,1,39813.0,38526.5859375,39813.0,38526.5859375
2025-11-20 21:00:00,nov_2025,1,36169.5,36279.0078125,36169.5,36279.0078125
2025-11-20 22:00:00,nov_2025,1,32977.0,32461.615234375,32977.0,32461.615234375
2025-11-20 23:00:00,nov_2025,1,29219.0,30388.638671875,29219.0,30388.638671875
2025-11-21 00:00:00,nov_2025,1,29467.5,29126.73828125,29467.5,29126.73828125
2025-11-21 01:00:00,nov_2025,1,29242.5,28839.119140625,29242.5,28839.119140625
2025-11-21 02:00:00,nov_2025,1,28387.0,28012.3828125,28387.0,28012.3828125
2025-11-21 03:00:00,nov_2025,1,27122.5,26743.431640625,27122.5,26743.431640625
2025-11-21 04:00:00,nov_2025,1,27002.5,26207.025390625,27002.5,26207.025390625
2025-11-21 05:00:00,nov_2025,1,27738.0,28857.986328125,27738.0,28857.986328125
2025-11-21 06:00:00,nov_2025,1,31812.0,32242.982421875,31812.0,32242.982421875
2025-11-21 07:00:00,nov_2025,1,36449.0,35452.76953125,36449.0,35452.76953125
2025-11-21 08:00:00,nov_2025,1,38862.5,37652.8515625,38862.5,37652.8515625
2025-11-21 09:00:00,nov_2025,1,38716.5,37436.68359375,38716.5,37436.68359375
2025-11-21 10:00:00,nov_2025,1,37546.0,36104.59765625,37546.0,36104.59765625
2025-11-21 11:00:00,nov_2025,1,36046.0,35333.265625,36046.0,35333.265625
2025-11-21 12:00:00,nov_2025,1,35605.5,34520.03125,35605.5,34520.03125
2025-11-21 13:00:00,nov_2025,1,35647.5,34672.89453125,35647.5,34672.89453125
2025-11-21 14:00:00,nov_2025,1,36626.0,35440.82421875,36626.0,35440.82421875
2025-11-21 15:00:00,nov_2025,1,38381.0,37303.07421875,38381.0,37303.07421875
2025-11-21 16:00:00,nov_2025,1,40826.0,40437.17578125,40826.0,40437.17578125
2025-11-21 17:00:00,nov_2025,1,41819.0,42102.7109375,41819.0,42102.7109375
2025-11-21 18:00:00,nov_2025,1,41413.5,40911.53515625,41413.5,40911.53515625
2025-11-21 19:00:00,nov_2025,1,39775.0,39403.95703125,39775.0,39403.95703125
2025-11-21 20:00:00,nov_2025,1,37177.0,37010.3671875,37177.0,37010.3671875
2025-11-21 21:00:00,nov_2025,1,34279.5,34434.765625,34279.5,34434.765625
2025-11-21 22:00:00,nov_2025,1,31061.0,31824.236328125,31061.0,31824.236328125
2025-11-21 23:00:00,nov_2025,1,28249.5,29445.783203125,28249.5,29445.783203125
2025-11-22 00:00:00,nov_2025,1,27750.5,27743.67578125,27750.5,27743.67578125
2025-11-22 01:00:00,nov_2025,1,27051.5,27548.49609375,27051.5,27548.49609375
2025-11-22 02:00:00,nov_2025,1,25979.5,26592.431640625,25979.5,26592.431640625
2025-11-22 03:00:00,nov_2025,1,24959.0,25152.748046875,24959.0,25152.748046875
2025-11-22 04:00:00,nov_2025,1,23713.0,24472.046875,23713.0,24472.046875
2025-11-22 05:00:00,nov_2025,1,23299.5,24640.986328125,23299.5,24640.986328125
2025-11-22 06:00:00,nov_2025,1,24972.5,25337.171875,24972.5,25337.171875
2025-11-22 07:00:00,nov_2025,1,27827.0,27731.728515625,27827.0,27731.728515625
2025-11-22 08:00:00,nov_2025,1,31511.0,30424.541015625,31511.0,30424.541015625
2025-11-22 09:00:00,nov_2025,1,34111.5,32669.73046875,34111.5,32669.73046875
2025-11-22 10:00:00,nov_2025,1,35304.0,33223.58203125,35304.0,33223.58203125
2025-11-22 11:00:00,nov_2025,1,35640.5,34049.97265625,35640.5,34049.97265625
2025-11-22 12:00:00,nov_2025,1,36044.5,34009.4765625,36044.5,34009.4765625
2025-11-22 13:00:00,nov_2025,1,36283.0,34332.32421875,36283.0,34332.32421875
2025-11-22 14:00:00,nov_2025,1,36078.0,35107.984375,36078.0,35107.984375
2025-11-22 15:00:00,nov_2025,1,36714.5,35916.71484375,36714.5,35916.71484375
2025-11-22 16:00:00,nov_2025,1,38440.5,37204.9375,38440.5,37204.9375
2025-11-22 17:00:00,nov_2025,1,39552.0,38435.0859375,39552.0,38435.0859375
2025-11-22 18:00:00,nov_2025,1,38196.0,38604.81640625,38196.0,38604.81640625
2025-11-22 19:00:00,nov_2025,1,36571.0,36003.90625,36571.0,36003.90625
2025-11-22 20:00:00,nov_2025,1,34561.5,34075.3359375,34561.5,34075.3359375
2025-11-22 21:00:00,nov_2025,1,32327.0,31948.0390625,32327.0,31948.0390625
2025-11-22 22:00:00,nov_2025,1,29717.5,29742.513671875,29717.5,29742.513671875
2025-11-22 23:00:00,nov_2025,1,26567.0,27722.935546875,26567.0,27722.935546875
2025-11-23 00:00:00,nov_2025,1,26460.5,25607.955078125,26460.5,25607.955078125
2025-11-23 01:00:00,nov_2025,1,26136.5,25941.974609375,26136.5,25941.974609375
2025-11-23 02:00:00,nov_2025,1,24954.5,25349.7421875,24954.5,25349.7421875
2025-11-23 03:00:00,nov_2025,1,23829.5,23753.220703125,23829.5,23753.220703125
2025-11-23 04:00:00,nov_2025,1,22836.0,22525.134765625,22836.0,22525.134765625
2025-11-23 05:00:00,nov_2025,1,21636.0,22178.8515625,21636.0,22178.8515625
2025-11-23 06:00:00,nov_2025,1,22909.0,22113.375,22909.0,22113.375
2025-11-23 07:00:00,nov_2025,1,24497.5,25480.107421875,24497.5,25480.107421875
2025-11-23 08:00:00,nov_2025,1,26565.0,27158.373046875,26565.0,27158.373046875
2025-11-23 09:00:00,nov_2025,1,28408.5,28959.525390625,28408.5,28959.525390625
2025-11-23 10:00:00,nov_2025,1,29094.5,29108.05078125,29094.5,29108.05078125
2025-11-23 11:00:00,nov_2025,1,29372.0,29116.748046875,29372.0,29116.748046875
2025-11-23 12:00:00,nov_2025,1,30104.0,28797.765625,30104.0,28797.765625
2025-11-23 13:00:00,nov_2025,1,30940.0,29824.435546875,30940.0,29824.435546875
2025-11-23 14:00:00,nov_2025,1,31750.5,31654.357421875,31750.5,31654.357421875
2025-11-23 15:00:00,nov_2025,1,34310.5,33174.51953125,34310.5,33174.51953125
2025-11-23 16:00:00,nov_2025,1,37387.0,36942.80859375,37387.0,36942.80859375
2025-11-23 17:00:00,nov_2025,1,39048.5,37804.62109375,39048.5,37804.62109375
2025-11-23 18:00:00,nov_2025,1,38129.0,37143.31640625,38129.0,37143.31640625
2025-11-23 19:00:00,nov_2025,1,36744.5,35786.39453125,36744.5,35786.39453125
2025-11-23 20:00:00,nov_2025,1,34215.0,34979.90234375,34215.0,34979.90234375
2025-11-23 21:00:00,nov_2025,1,31111.0,32288.8203125,31111.0,32288.8203125
2025-11-23 22:00:00,nov_2025,1,28329.0,29460.470703125,28329.0,29460.470703125
2025-11-23 23:00:00,nov_2025,1,25673.5,27309.310546875,25673.5,27309.310546875
2025-11-24 00:00:00,nov_2025,1,25551.5,26173.44140625,25551.5,26173.44140625
2025-11-24 01:00:00,nov_2025,1,25187.5,26086.03125,25187.5,26086.03125
2025-11-24 02:00:00,nov_2025,1,24281.0,25228.984375,24281.0,25228.984375
2025-11-24 03:00:00,nov_2025,1,23304.5,24018.21875,23304.5,24018.21875
2025-11-24 04:00:00,nov_2025,1,22898.0,23616.59765625,22898.0,23616.59765625
2025-11-24 05:00:00,nov_2025,1,24239.5,25424.421875,24239.5,25424.421875
2025-11-24 06:00:00,nov_2025,1,29056.0,29352.203125,29056.0,29352.203125
2025-11-24 07:00:00,nov_2025,1,34391.5,34611.0625,34391.5,34611.0625
2025-11-24 08:00:00,nov_2025,1,36726.0,36324.6484375,36726.0,36324.6484375
2025-11-24 09:00:00,nov_2025,1,37627.5,36101.7265625,37627.5,36101.7265625
2025-11-24 10:00:00,nov_2025,1,36943.5,35810.1640625,36943.5,35810.1640625
2025-11-24 11:00:00,nov_2025,1,36777.0,35840.640625,36777.0,35840.640625
2025-11-24 12:00:00,nov_2025,1,37099.0,35727.08984375,37099.0,35727.08984375
2025-11-24 13:00:00,nov_2025,1,37061.5,35523.7578125,37061.5,35523.7578125
2025-11-24 14:00:00,nov_2025,1,37846.0,36175.1875,37846.0,36175.1875
2025-11-24 15:00:00,nov_2025,1,38818.0,38034.421875,38818.0,38034.421875
2025-11-24 16:00:00,nov_2025,1,40742.0,40222.08984375,40742.0,40222.08984375
2025-11-24 17:00:00,nov_2025,1,41778.5,40792.76953125,41778.5,40792.76953125
2025-11-24 18:00:00,nov_2025,1,40541.0,40450.59375,40541.0,40450.59375
2025-11-24 19:00:00,nov_2025,1,38944.0,38438.90234375,38944.0,38438.90234375
2025-11-24 20:00:00,nov_2025,1,36377.0,36477.2109375,36377.0,36477.2109375
2025-11-24 21:00:00,nov_2025,1,33499.5,33558.75,33499.5,33558.75
2025-11-24 22:00:00,nov_2025,1,29994.5,30994.2578125,29994.5,30994.2578125
2025-11-24 23:00:00,nov_2025,1,27049.0,28311.4375,27049.0,28311.4375
2025-11-25 00:00:00,nov_2025,1,27022.5,27292.66015625,27022.5,27292.66015625
2025-11-25 01:00:00,nov_2025,1,26505.5,26822.1484375,26505.5,26822.1484375
2025-11-25 02:00:00,nov_2025,1,25709.0,25961.12109375,25709.0,25961.12109375
2025-11-25 03:00:00,nov_2025,1,25095.0,24795.892578125,25095.0,24795.892578125
2025-11-25 04:00:00,nov_2025,1,24629.0,25075.517578125,24629.0,25075.517578125
2025-11-25 05:00:00,nov_2025,1,25809.0,26771.845703125,25809.0,26771.845703125
2025-11-25 06:00:00,nov_2025,1,30184.0,30669.322265625,30184.0,30669.322265625
2025-11-25 07:00:00,nov_2025,1,35846.0,34570.75,35846.0,34570.75
2025-11-25 08:00:00,nov_2025,1,37956.0,37306.6484375,37956.0,37306.6484375
2025-11-25 09:00:00,nov_2025,1,37741.5,37058.796875,37741.5,37058.796875
2025-11-25 10:00:00,nov_2025,1,36043.5,35765.9609375,36043.5,35765.9609375
2025-11-25 11:00:00,nov_2025,1,35001.0,34902.04296875,35001.0,34902.04296875
2025-11-25 12:00:00,nov_2025,1,35193.0,34071.4140625,35193.0,34071.4140625
2025-11-25 13:00:00,nov_2025,1,36187.0,34305.375,36187.0,34305.375
2025-11-25 14:00:00,nov_2025,1,37042.5,35716.6875,37042.5,35716.6875
2025-11-25 15:00:00,nov_2025,1,38567.0,37055.25390625,38567.0,37055.25390625
2025-11-25 16:00:00,nov_2025,1,41424.5,39933.95703125,41424.5,39933.95703125
2025-11-25 17:00:00,nov_2025,1,42632.0,41914.9453125,42632.0,41914.9453125
2025-11-25 18:00:00,nov_2025,1,42543.5,41132.859375,42543.5,41132.859375
2025-11-25 19:00:00,nov_2025,1,41174.0,40093.71484375,41174.0,40093.71484375
2025-11-25 20:00:00,nov_2025,1,38974.0,37929.40234375,38974.0,37929.40234375
2025-11-25 21:00:00,nov_2025,1,36051.5,35799.88671875,36051.5,35799.88671875
2025-11-25 22:00:00,nov_2025,1,32667.5,32730.5859375,32667.5,32730.5859375
2025-11-25 23:00:00,nov_2025,1,29787.5,29830.037109375,29787.5,29830.037109375
2025-11-26 00:00:00,nov_2025,1,29735.0,28851.111328125,29735.0,28851.111328125
2025-11-26 01:00:00,nov_2025,1,29274.5,28770.6875,29274.5,28770.6875
2025-11-26 02:00:00,nov_2025,1,28490.5,27996.8671875,28490.5,27996.8671875
2025-11-26 03:00:00,nov_2025,1,27531.5,26821.21875,27531.5,26821.21875
2025-11-26 04:00:00,nov_2025,1,27090.5,26398.26953125,27090.5,26398.26953125
2025-11-26 05:00:00,nov_2025,1,27679.0,28111.134765625,27679.0,28111.134765625
2025-11-26 06:00:00,nov_2025,1,32352.5,31273.349609375,32352.5,31273.349609375
2025-11-26 07:00:00,nov_2025,1,36918.5,36082.33203125,36918.5,36082.33203125
2025-11-26 08:00:00,nov_2025,1,38466.0,37979.8046875,38466.0,37979.8046875
2025-11-26 09:00:00,nov_2025,1,38593.0,37488.22265625,38593.0,37488.22265625
2025-11-26 10:00:00,nov_2025,1,37322.5,36292.578125,37322.5,36292.578125
2025-11-26 11:00:00,nov_2025,1,37059.5,35514.06640625,37059.5,35514.06640625
2025-11-26 12:00:00,nov_2025,1,36626.0,35461.5078125,36626.0,35461.5078125
2025-11-26 13:00:00,nov_2025,1,36829.5,35039.15625,36829.5,35039.15625
2025-11-26 14:00:00,nov_2025,1,38010.5,36023.859375,38010.5,36023.859375
2025-11-26 15:00:00,nov_2025,1,39325.5,38275.92578125,39325.5,38275.92578125
2025-11-26 16:00:00,nov_2025,1,41479.5,40680.19140625,41479.5,40680.19140625
2025-11-26 17:00:00,nov_2025,1,41673.0,41537.19921875,41673.0,41537.19921875
2025-11-26 18:00:00,nov_2025,1,41107.5,40171.8046875,41107.5,40171.8046875
2025-11-26 19:00:00,nov_2025,1,40220.5,39157.75,40220.5,39157.75
2025-11-26 20:00:00,nov_2025,1,37746.0,37288.6796875,37746.0,37288.6796875
2025-11-26 21:00:00,nov_2025,1,34115.0,34520.00390625,34115.0,34520.00390625
2025-11-26 22:00:00,nov_2025,1,30105.0,30972.228515625,30105.0,30972.228515625
2025-11-26 23:00:00,nov_2025,1,26672.0,28438.166015625,26672.0,28438.166015625
2025-11-27 00:00:00,nov_2025,1,25559.0,27457.005859375,25559.0,27457.005859375
2025-11-27 01:00:00,nov_2025,1,25380.5,26312.466796875,25380.5,26312.466796875
2025-11-27 02:00:00,nov_2025,1,24446.5,25480.751953125,24446.5,25480.751953125
2025-11-27 03:00:00,nov_2025,1,24009.0,24309.416015625,24009.0,24309.416015625
2025-11-27 04:00:00,nov_2025,1,22820.0,24597.740234375,22820.0,24597.740234375
2025-11-27 05:00:00,nov_2025,1,23786.0,24851.15625,23786.0,24851.15625
2025-11-27 06:00:00,nov_2025,1,27295.0,29291.091796875,27295.0,29291.091796875
2025-11-27 07:00:00,nov_2025,1,31597.5,32390.888671875,31597.5,32390.888671875
2025-11-27 08:00:00,nov_2025,1,33772.0,34574.5390625,33772.0,34574.5390625
2025-11-27 09:00:00,nov_2025,1,34548.5,34007.6171875,34548.5,34007.6171875
2025-11-27 10:00:00,nov_2025,1,34123.5,33679.28125,34123.5,33679.28125
2025-11-27 11:00:00,nov_2025,1,34105.0,33787.4140625,34105.0,33787.4140625
2025-11-27 12:00:00,nov_2025,1,33956.0,33438.46484375,33956.0,33438.46484375
2025-11-27 13:00:00,nov_2025,1,34118.0,32832.04296875,34118.0,32832.04296875
2025-11-27 14:00:00,nov_2025,1,34160.0,33983.8515625,34160.0,33983.8515625
2025-11-27 15:00:00,nov_2025,1,34454.0,34881.87109375,34454.0,34881.87109375
2025-11-27 16:00:00,nov_2025,1,36532.5,36021.9609375,36532.5,36021.9609375
2025-11-27 17:00:00,nov_2025,1,37534.0,38145.34375,37534.0,38145.34375
2025-11-27 18:00:00,nov_2025,1,36565.5,37064.89453125,36565.5,37064.89453125
2025-11-27 19:00:00,nov_2025,1,34684.5,35366.7265625,34684.5,35366.7265625
2025-11-27 20:00:00,nov_2025,1,32725.0,32966.90625,32725.0,32966.90625
2025-11-27 21:00:00,nov_2025,1,29721.0,30553.623046875,29721.0,30553.623046875
2025-11-27 22:00:00,nov_2025,1,26435.0,27809.4453125,26435.0,27809.4453125
2025-11-27 23:00:00,nov_2025,1,23563.0,25251.1484375,23563.0,25251.1484375
2025-11-28 00:00:00,nov_2025,1,23315.5,23892.818359375,23315.5,23892.818359375
2025-11-28 01:00:00,nov_2025,1,23358.5,23412.03125,23358.5,23412.03125
2025-11-28 02:00:00,nov_2025,1,22473.5,22664.4296875,22473.5,22664.4296875
2025-11-28 03:00:00,nov_2025,1,21389.0,21575.859375,21389.0,21575.859375
2025-11-28 04:00:00,nov_2025,1,20682.0,21083.890625,20682.0,21083.890625
2025-11-28 05:00:00,nov_2025,1,21585.0,21897.55859375,21585.0,21897.55859375
2025-11-28 06:00:00,nov_2025,1,25733.5,25265.7109375,25733.5,25265.7109375
2025-11-28 07:00:00,nov_2025,1,30408.5,30203.580078125,30408.5,30203.580078125
2025-11-28 08:00:00,nov_2025,1,32278.5,32129.763671875,32278.5,32129.763671875
2025-11-28 09:00:00,nov_2025,1,32215.5,31552.046875,32215.5,31552.046875
2025-11-28 10:00:00,nov_2025,1,30840.5,30405.994140625,30840.5,30405.994140625
2025-11-28 11:00:00,nov_2025,1,30186.0,29693.603515625,30186.0,29693.603515625
2025-11-28 12:00:00,nov_2025,1,30779.0,29386.21484375,30779.0,29386.21484375
2025-11-28 13:00:00,nov_2025,1,31216.5,30280.2109375,31216.5,30280.2109375
2025-11-28 14:00:00,nov_2025,1,32004.5,31114.0390625,32004.5,31114.0390625
2025-11-28 15:00:00,nov_2025,1,33259.0,32537.58984375,33259.0,32537.58984375
2025-11-28 16:00:00,nov_2025,1,35854.5,34628.75390625,35854.5,34628.75390625
2025-11-28 17:00:00,nov_2025,1,36641.5,36482.0,36641.5,36482.0
2025-11-28 18:00:00,nov_2025,1,35878.0,35529.171875,35878.0,35529.171875
2025-11-28 19:00:00,nov_2025,1,34920.5,34303.0703125,34920.5,34303.0703125
2025-11-28 20:00:00,nov_2025,1,32460.5,32314.466796875,32460.5,32314.466796875
2025-11-28 21:00:00,nov_2025,1,30216.5,29655.291015625,30216.5,29655.291015625
2025-11-28 22:00:00,nov_2025,1,27585.5,27820.212890625,27585.5,27820.212890625
2025-11-28 23:00:00,nov_2025,1,25554.5,25705.509765625,25554.5,25705.509765625
2025-11-29 00:00:00,nov_2025,1,25513.0,24395.57421875,25513.0,24395.57421875
2025-11-29 01:00:00,nov_2025,1,25423.0,24454.578125,25423.0,24454.578125
2025-11-29 02:00:00,nov_2025,1,24208.5,24323.9296875,24208.5,24323.9296875
2025-11-29 03:00:00,nov_2025,1,23100.5,23022.744140625,23100.5,23022.744140625
2025-11-29 04:00:00,nov_2025,1,22436.5,22155.90234375,22436.5,22155.90234375
2025-11-29 05:00:00,nov_2025,1,22313.0,22166.4765625,22313.0,22166.4765625
2025-11-29 06:00:00,nov_2025,1,24001.5,22825.189453125,24001.5,22825.189453125
2025-11-29 07:00:00,nov_2025,1,26781.0,25615.619140625,26781.0,25615.619140625
2025-11-29 08:00:00,nov_2025,1,29517.0,28256.853515625,29517.0,28256.853515625
2025-11-29 09:00:00,nov_2025,1,31781.0,29379.439453125,31781.0,29379.439453125
2025-11-29 10:00:00,nov_2025,1,32070.5,30911.869140625,32070.5,30911.869140625
2025-11-29 11:00:00,nov_2025,1,32460.5,30577.5078125,32460.5,30577.5078125
2025-11-29 12:00:00,nov_2025,1,32319.0,31121.59375,32319.0,31121.59375
2025-11-29 13:00:00,nov_2025,1,31925.0,30620.876953125,31925.0,30620.876953125
2025-11-29 14:00:00,nov_2025,1,31888.0,31341.03125,31888.0,31341.03125
2025-11-29 15:00:00,nov_2025,1,32968.0,32385.375,32968.0,32385.375
2025-11-29 16:00:00,nov_2025,1,34999.0,33967.69921875,34999.0,33967.69921875
2025-11-29 17:00:00,nov_2025,1,36957.0,35333.5,36957.0,35333.5
2025-11-29 18:00:00,nov_2025,1,35958.5,36153.7421875,35958.5,36153.7421875
2025-11-29 19:00:00,nov_2025,1,33465.0,33784.0703125,33465.0,33784.0703125
2025-11-29 20:00:00,nov_2025,1,32193.5,31049.201171875,32193.5,31049.201171875
2025-11-29 21:00:00,nov_2025,1,29458.0,29584.892578125,29458.0,29584.892578125
2025-11-29 22:00:00,nov_2025,1,26986.0,26814.29296875,26986.0,26814.29296875
2025-11-29 23:00:00,nov_2025,1,24264.0,25429.421875,24264.0,25429.421875
2025-11-30 00:00:00,nov_2025,1,24658.5,23687.705078125,24658.5,23687.705078125
2026-02-01 00:00:00,feb_2026,1,26845.0,26027.232421875,26845.0,26027.232421875
2026-02-01 01:00:00,feb_2026,1,26302.0,25536.31640625,26302.0,25536.31640625
2026-02-01 02:00:00,feb_2026,1,25471.5,24654.888671875,25471.5,24654.888671875
2026-02-01 03:00:00,feb_2026,1,24439.5,24366.82421875,24439.5,24366.82421875
2026-02-01 04:00:00,feb_2026,1,23709.0,23659.80078125,23709.0,23659.80078125
2026-02-01 05:00:00,feb_2026,1,23152.5,23321.30859375,23152.5,23321.30859375
2026-02-01 06:00:00,feb_2026,1,23854.5,23386.677734375,23854.5,23386.677734375
2026-02-01 07:00:00,feb_2026,1,25599.0,25605.984375,25599.0,25605.984375
2026-02-01 08:00:00,feb_2026,1,28337.0,29415.140625,28337.0,29415.140625
2026-02-01 09:00:00,feb_2026,1,30898.0,31852.759765625,30898.0,31852.759765625
2026-02-01 10:00:00,feb_2026,1,32537.5,33483.56640625,32537.5,33483.56640625
2026-02-01 11:00:00,feb_2026,1,33358.5,34412.63671875,33358.5,34412.63671875
2026-02-01 12:00:00,feb_2026,1,34134.0,34584.59765625,34134.0,34584.59765625
2026-02-01 13:00:00,feb_2026,1,34703.0,34430.25390625,34703.0,34430.25390625
2026-02-01 14:00:00,feb_2026,1,34487.5,35642.671875,34487.5,35642.671875
2026-02-01 15:00:00,feb_2026,1,35579.5,35401.6796875,35579.5,35401.6796875
2026-02-01 16:00:00,feb_2026,1,37363.5,37824.93359375,37363.5,37824.93359375
2026-02-01 17:00:00,feb_2026,1,39675.5,38722.9296875,39675.5,38722.9296875
2026-02-01 18:00:00,feb_2026,1,39045.0,38421.7578125,39045.0,38421.7578125
2026-02-01 19:00:00,feb_2026,1,37101.5,37431.5625,37101.5,37431.5625
2026-02-01 20:00:00,feb_2026,1,34796.0,35475.640625,34796.0,35475.640625
2026-02-01 21:00:00,feb_2026,1,32326.0,33146.078125,32326.0,33146.078125
2026-02-01 22:00:00,feb_2026,1,29487.5,30467.173828125,29487.5,30467.173828125
2026-02-01 23:00:00,feb_2026,1,26350.5,28245.01953125,26350.5,28245.01953125
2026-02-02 00:00:00,feb_2026,1,26519.0,27370.927734375,26519.0,27370.927734375
2026-02-02 01:00:00,feb_2026,1,26375.5,26575.013671875,26375.5,26575.013671875
2026-02-02 02:00:00,feb_2026,1,25470.0,26255.884765625,25470.0,26255.884765625
2026-02-02 03:00:00,feb_2026,1,24343.5,24912.361328125,24343.5,24912.361328125
2026-02-02 04:00:00,feb_2026,1,23804.0,23550.974609375,23804.0,23550.974609375
2026-02-02 05:00:00,feb_2026,1,24443.5,25778.681640625,24443.5,25778.681640625
2026-02-02 06:00:00,feb_2026,1,28593.0,30000.01953125,28593.0,30000.01953125
2026-02-02 07:00:00,feb_2026,1,33884.0,34516.31640625,33884.0,34516.31640625
2026-02-02 08:00:00,feb_2026,1,36538.5,37043.71875,36538.5,37043.71875
2026-02-02 09:00:00,feb_2026,1,37818.0,37485.37109375,37818.0,37485.37109375
2026-02-02 10:00:00,feb_2026,1,37829.0,38176.95703125,37829.0,38176.95703125
2026-02-02 11:00:00,feb_2026,1,37602.0,38118.109375,37602.0,38118.109375
2026-02-02 12:00:00,feb_2026,1,37800.0,37872.88671875,37800.0,37872.88671875
2026-02-02 13:00:00,feb_2026,1,37495.5,37671.921875,37495.5,37671.921875
2026-02-02 14:00:00,feb_2026,1,37855.5,38240.4296875,37855.5,38240.4296875
2026-02-02 15:00:00,feb_2026,1,37902.0,40019.3671875,37902.0,40019.3671875
2026-02-02 16:00:00,feb_2026,1,39518.5,41074.7890625,39518.5,41074.7890625
2026-02-02 17:00:00,feb_2026,1,41572.5,41406.90234375,41572.5,41406.90234375
2026-02-02 18:00:00,feb_2026,1,40810.0,41503.5,40810.0,41503.5
2026-02-02 19:00:00,feb_2026,1,38124.5,39554.125,38124.5,39554.125
2026-02-02 20:00:00,feb_2026,1,35809.0,36799.2890625,35809.0,36799.2890625
2026-02-02 21:00:00,feb_2026,1,31984.0,33603.73828125,31984.0,33603.73828125
2026-02-02 22:00:00,feb_2026,1,28675.5,29720.56640625,28675.5,29720.56640625
2026-02-02 23:00:00,feb_2026,1,25445.5,27156.55078125,25445.5,27156.55078125
2026-02-03 00:00:00,feb_2026,1,25505.0,26107.5234375,25505.0,26107.5234375
2026-02-03 01:00:00,feb_2026,1,25589.5,25235.224609375,25589.5,25235.224609375
2026-02-03 02:00:00,feb_2026,1,24294.5,25158.5078125,24294.5,25158.5078125
2026-02-03 03:00:00,feb_2026,1,23707.5,23696.404296875,23707.5,23696.404296875
2026-02-03 04:00:00,feb_2026,1,22919.0,24064.759765625,22919.0,24064.759765625
2026-02-03 05:00:00,feb_2026,1,23098.5,25483.177734375,23098.5,25483.177734375
2026-02-03 06:00:00,feb_2026,1,27538.5,27483.685546875,27538.5,27483.685546875
2026-02-03 07:00:00,feb_2026,1,33263.5,33552.17578125,33263.5,33552.17578125
2026-02-03 08:00:00,feb_2026,1,36786.5,37054.81640625,36786.5,37054.81640625
2026-02-03 09:00:00,feb_2026,1,38593.0,37664.3125,38593.0,37664.3125
2026-02-03 10:00:00,feb_2026,1,39271.0,38518.6875,39271.0,38518.6875
2026-02-03 11:00:00,feb_2026,1,39972.0,39013.57421875,39972.0,39013.57421875
2026-02-03 12:00:00,feb_2026,1,40452.5,39382.3828125,40452.5,39382.3828125
2026-02-03 13:00:00,feb_2026,1,40621.5,39928.94921875,40621.5,39928.94921875
2026-02-03 14:00:00,feb_2026,1,40883.5,40653.453125,40883.5,40653.453125
2026-02-03 15:00:00,feb_2026,1,41523.5,41702.4453125,41523.5,41702.4453125
2026-02-03 16:00:00,feb_2026,1,42508.0,43910.53515625,42508.0,43910.53515625
2026-02-03 17:00:00,feb_2026,1,43573.0,43912.171875,43573.0,43912.171875
2026-02-03 18:00:00,feb_2026,1,43371.5,43090.109375,43371.5,43090.109375
2026-02-03 19:00:00,feb_2026,1,41825.0,41394.390625,41825.0,41394.390625
2026-02-03 20:00:00,feb_2026,1,39348.0,39000.71484375,39348.0,39000.71484375
2026-02-03 21:00:00,feb_2026,1,35954.5,35970.0859375,35954.5,35970.0859375
2026-02-03 22:00:00,feb_2026,1,32274.5,32761.361328125,32274.5,32761.361328125
2026-02-03 23:00:00,feb_2026,1,29216.0,30113.7421875,29216.0,30113.7421875
2026-02-04 00:00:00,feb_2026,1,29072.0,29033.166015625,29072.0,29033.166015625
2026-02-04 01:00:00,feb_2026,1,28783.5,27903.39453125,28783.5,27903.39453125
2026-02-04 02:00:00,feb_2026,1,27904.0,27479.263671875,27904.0,27479.263671875
2026-02-04 03:00:00,feb_2026,1,26974.0,26248.025390625,26974.0,26248.025390625
2026-02-04 04:00:00,feb_2026,1,25915.5,26112.150390625,25915.5,26112.150390625
2026-02-04 05:00:00,feb_2026,1,26249.5,27471.62109375,26249.5,27471.62109375
2026-02-04 06:00:00,feb_2026,1,30139.5,31177.283203125,30139.5,31177.283203125
2026-02-04 07:00:00,feb_2026,1,35478.0,35472.73046875,35478.0,35472.73046875
2026-02-04 08:00:00,feb_2026,1,37453.5,38158.51171875,37453.5,38158.51171875
2026-02-04 09:00:00,feb_2026,1,38388.0,38054.91015625,38388.0,38054.91015625
2026-02-04 10:00:00,feb_2026,1,37555.5,38314.0390625,37555.5,38314.0390625
2026-02-04 11:00:00,feb_2026,1,36672.0,37859.0390625,36672.0,37859.0390625
2026-02-04 12:00:00,feb_2026,1,36363.5,37500.0234375,36363.5,37500.0234375
2026-02-04 13:00:00,feb_2026,1,35178.0,36625.77734375,35178.0,36625.77734375
2026-02-04 14:00:00,feb_2026,1,34745.5,36616.3203125,34745.5,36616.3203125
2026-02-04 15:00:00,feb_2026,1,35240.0,37418.265625,35240.0,37418.265625
2026-02-04 16:00:00,feb_2026,1,38320.5,39977.38671875,38320.5,39977.38671875
2026-02-04 17:00:00,feb_2026,1,41695.0,41734.26953125,41695.0,41734.26953125
2026-02-04 18:00:00,feb_2026,1,41275.0,42255.27734375,41275.0,42255.27734375
2026-02-04 19:00:00,feb_2026,1,39352.0,39828.4140625,39352.0,39828.4140625
2026-02-04 20:00:00,feb_2026,1,36813.0,37580.75,36813.0,37580.75
2026-02-04 21:00:00,feb_2026,1,32918.5,34126.76171875,32918.5,34126.76171875
2026-02-04 22:00:00,feb_2026,1,28696.5,30303.603515625,28696.5,30303.603515625
2026-02-04 23:00:00,feb_2026,1,25713.5,27508.7734375,25713.5,27508.7734375
2026-02-05 00:00:00,feb_2026,1,25471.0,26360.388671875,25471.0,26360.388671875
2026-02-05 01:00:00,feb_2026,1,25005.0,25447.822265625,25005.0,25447.822265625
2026-02-05 02:00:00,feb_2026,1,24136.0,24722.568359375,24136.0,24722.568359375
2026-02-05 03:00:00,feb_2026,1,23246.5,23325.20703125,23246.5,23325.20703125
2026-02-05 04:00:00,feb_2026,1,22647.0,23123.0859375,22647.0,23123.0859375
2026-02-05 05:00:00,feb_2026,1,23238.0,25068.357421875,23238.0,25068.357421875
2026-02-05 06:00:00,feb_2026,1,26927.0,28512.216796875,26927.0,28512.216796875
2026-02-05 07:00:00,feb_2026,1,32373.0,32743.833984375,32373.0,32743.833984375
2026-02-05 08:00:00,feb_2026,1,34939.0,35884.0,34939.0,35884.0
2026-02-05 09:00:00,feb_2026,1,37099.5,36221.546875,37099.5,36221.546875
2026-02-05 10:00:00,feb_2026,1,37563.5,37782.125,37563.5,37782.125
2026-02-05 11:00:00,feb_2026,1,37646.0,37921.91796875,37646.0,37921.91796875
2026-02-05 12:00:00,feb_2026,1,37553.0,37677.359375,37553.0,37677.359375
2026-02-05 13:00:00,feb_2026,1,37664.0,37476.39453125,37664.0,37476.39453125
2026-02-05 14:00:00,feb_2026,1,37609.0,38234.78125,37609.0,38234.78125
2026-02-05 15:00:00,feb_2026,1,38446.5,39755.34765625,38446.5,39755.34765625
2026-02-05 16:00:00,feb_2026,1,39545.5,41458.10546875,39545.5,41458.10546875
2026-02-05 17:00:00,feb_2026,1,40807.5,41418.0234375,40807.5,41418.0234375
2026-02-05 18:00:00,feb_2026,1,40012.0,40708.42578125,40012.0,40708.42578125
2026-02-05 19:00:00,feb_2026,1,38937.5,38527.79296875,38937.5,38527.79296875
2026-02-05 20:00:00,feb_2026,1,35969.5,36936.9296875,35969.5,36936.9296875
2026-02-05 21:00:00,feb_2026,1,32536.0,32931.0,32536.0,32931.0
2026-02-05 22:00:00,feb_2026,1,28982.5,30086.611328125,28982.5,30086.611328125
2026-02-05 23:00:00,feb_2026,1,26122.0,27563.458984375,26122.0,27563.458984375
2026-02-06 00:00:00,feb_2026,1,26337.0,26281.673828125,26337.0,26281.673828125
2026-02-06 01:00:00,feb_2026,1,25956.0,25673.390625,25956.0,25673.390625
2026-02-06 02:00:00,feb_2026,1,25239.0,25526.666015625,25239.0,25526.666015625
2026-02-06 03:00:00,feb_2026,1,24429.0,24384.23828125,24429.0,24384.23828125
2026-02-06 04:00:00,feb_2026,1,23695.5,24670.15625,23695.5,24670.15625
2026-02-06 05:00:00,feb_2026,1,24667.0,26389.109375,24667.0,26389.109375
2026-02-06 06:00:00,feb_2026,1,28531.5,29913.568359375,28531.5,29913.568359375
2026-02-06 07:00:00,feb_2026,1,33575.0,33544.9375,33575.0,33544.9375
2026-02-06 08:00:00,feb_2026,1,36060.0,36490.24609375,36060.0,36490.24609375
2026-02-06 09:00:00,feb_2026,1,37508.0,36718.60546875,37508.0,36718.60546875
2026-02-06 10:00:00,feb_2026,1,37796.0,37299.81640625,37796.0,37299.81640625
2026-02-06 11:00:00,feb_2026,1,37759.0,37741.1171875,37759.0,37741.1171875
2026-02-06 12:00:00,feb_2026,1,37410.5,37372.47265625,37410.5,37372.47265625
2026-02-06 13:00:00,feb_2026,1,37318.0,36844.8828125,37318.0,36844.8828125
2026-02-06 14:00:00,feb_2026,1,36960.0,37235.21484375,36960.0,37235.21484375
2026-02-06 15:00:00,feb_2026,1,36704.5,37949.921875,36704.5,37949.921875
2026-02-06 16:00:00,feb_2026,1,38393.0,38619.453125,38393.0,38619.453125
2026-02-06 17:00:00,feb_2026,1,40070.0,40118.328125,40070.0,40118.328125
2026-02-06 18:00:00,feb_2026,1,40313.5,40150.109375,40313.5,40150.109375
2026-02-06 19:00:00,feb_2026,1,38705.0,38392.578125,38705.0,38392.578125
2026-02-06 20:00:00,feb_2026,1,35893.5,35600.03125,35893.5,35600.03125
2026-02-06 21:00:00,feb_2026,1,32894.0,32863.640625,32894.0,32863.640625
2026-02-06 22:00:00,feb_2026,1,29612.0,29246.6796875,29612.0,29246.6796875
2026-02-06 23:00:00,feb_2026,1,27429.0,27723.908203125,27429.0,27723.908203125
2026-02-07 00:00:00,feb_2026,1,27654.5,26736.505859375,27654.5,26736.505859375
2026-02-07 01:00:00,feb_2026,1,27010.0,26188.494140625,27010.0,26188.494140625
2026-02-07 02:00:00,feb_2026,1,25483.0,25471.212890625,25483.0,25471.212890625
2026-02-07 03:00:00,feb_2026,1,24607.0,24328.39453125,24607.0,24328.39453125
2026-02-07 04:00:00,feb_2026,1,23979.0,23406.33203125,23979.0,23406.33203125
2026-02-07 05:00:00,feb_2026,1,23624.5,23618.33984375,23624.5,23618.33984375
2026-02-07 06:00:00,feb_2026,1,24929.5,24251.125,24929.5,24251.125
2026-02-07 07:00:00,feb_2026,1,27418.0,27246.060546875,27418.0,27246.060546875
2026-02-07 08:00:00,feb_2026,1,30122.0,30449.14453125,30122.0,30449.14453125
2026-02-07 09:00:00,feb_2026,1,32514.5,32167.021484375,32514.5,32167.021484375
2026-02-07 10:00:00,feb_2026,1,33298.0,33438.453125,33298.0,33438.453125
2026-02-07 11:00:00,feb_2026,1,34024.5,33808.53125,34024.5,33808.53125
2026-02-07 12:00:00,feb_2026,1,34255.5,34657.30859375,34255.5,34657.30859375
2026-02-07 13:00:00,feb_2026,1,33864.5,34673.92578125,33864.5,34673.92578125
2026-02-07 14:00:00,feb_2026,1,33264.0,34911.0859375,33264.0,34911.0859375
2026-02-07 15:00:00,feb_2026,1,33303.0,34450.73828125,33303.0,34450.73828125
2026-02-07 16:00:00,feb_2026,1,34362.5,34760.8125,34362.5,34760.8125
2026-02-07 17:00:00,feb_2026,1,36563.5,36259.29296875,36563.5,36259.29296875
2026-02-07 18:00:00,feb_2026,1,36731.0,37397.90625,36731.0,37397.90625
2026-02-07 19:00:00,feb_2026,1,35114.0,35878.36328125,35114.0,35878.36328125
2026-02-07 20:00:00,feb_2026,1,33023.0,33138.0,33023.0,33138.0
2026-02-07 21:00:00,feb_2026,1,30703.0,30757.1015625,30703.0,30757.1015625
2026-02-07 22:00:00,feb_2026,1,27867.5,28124.05859375,27867.5,28124.05859375
2026-02-07 23:00:00,feb_2026,1,25854.5,26448.423828125,25854.5,26448.423828125
2026-02-08 00:00:00,feb_2026,1,26492.5,25465.529296875,26492.5,25465.529296875
2026-02-08 01:00:00,feb_2026,1,25883.0,25521.58984375,25883.0,25521.58984375
2026-02-08 02:00:00,feb_2026,1,24505.5,24400.3125,24505.5,24400.3125
2026-02-08 03:00:00,feb_2026,1,23047.5,23689.44140625,23047.5,23689.44140625
2026-02-08 04:00:00,feb_2026,1,22329.0,22316.60546875,22329.0,22316.60546875
2026-02-08 05:00:00,feb_2026,1,21976.0,21956.078125,21976.0,21956.078125
2026-02-08 06:00:00,feb_2026,1,22898.5,22261.2734375,22898.5,22261.2734375
2026-02-08 07:00:00,feb_2026,1,24719.5,24698.654296875,24719.5,24698.654296875
2026-02-08 08:00:00,feb_2026,1,26921.0,28498.73046875,26921.0,28498.73046875
2026-02-08 09:00:00,feb_2026,1,29130.5,30231.388671875,29130.5,30231.388671875
2026-02-08 10:00:00,feb_2026,1,30392.0,31722.20703125,30392.0,31722.20703125
2026-02-08 11:00:00,feb_2026,1,31098.5,32248.9765625,31098.5,32248.9765625
2026-02-08 12:00:00,feb_2026,1,32124.5,32615.80078125,32124.5,32615.80078125
2026-02-08 13:00:00,feb_2026,1,32484.0,32656.521484375,32484.0,32656.521484375
2026-02-08 14:00:00,feb_2026,1,32731.5,33436.68359375,32731.5,33436.68359375
2026-02-08 15:00:00,feb_2026,1,33943.5,33712.765625,33943.5,33712.765625
2026-02-08 16:00:00,feb_2026,1,35666.5,36479.85546875,35666.5,36479.85546875
2026-02-08 17:00:00,feb_2026,1,37836.5,37161.71484375,37836.5,37161.71484375
2026-02-08 18:00:00,feb_2026,1,37456.5,36868.82421875,37456.5,36868.82421875
2026-02-08 19:00:00,feb_2026,1,36232.0,35922.0078125,36232.0,35922.0078125
2026-02-08 20:00:00,feb_2026,1,33762.0,34587.7578125,33762.0,34587.7578125
2026-02-08 21:00:00,feb_2026,1,30900.5,31756.880859375,30900.5,31756.880859375
2026-02-08 22:00:00,feb_2026,1,28023.5,28917.681640625,28023.5,28917.681640625
2026-02-08 23:00:00,feb_2026,1,25287.0,26793.181640625,25287.0,26793.181640625
2026-02-09 00:00:00,feb_2026,1,25899.5,26024.533203125,25899.5,26024.533203125
2026-02-09 01:00:00,feb_2026,1,25728.0,25718.419921875,25728.0,25718.419921875
2026-02-09 02:00:00,feb_2026,1,25038.0,25883.77734375,25038.0,25883.77734375
2026-02-09 03:00:00,feb_2026,1,24135.5,24504.716796875,24135.5,24504.716796875
2026-02-09 04:00:00,feb_2026,1,23815.0,23440.142578125,23815.0,23440.142578125
2026-02-09 05:00:00,feb_2026,1,24245.5,26332.52734375,24245.5,26332.52734375
2026-02-09 06:00:00,feb_2026,1,28750.5,29920.236328125,28750.5,29920.236328125
2026-02-09 07:00:00,feb_2026,1,33613.0,34266.12109375,33613.0,34266.12109375
2026-02-09 08:00:00,feb_2026,1,36009.5,36870.66015625,36009.5,36870.66015625
2026-02-09 09:00:00,feb_2026,1,36811.0,36970.40234375,36811.0,36970.40234375
2026-02-09 10:00:00,feb_2026,1,36149.5,37450.859375,36149.5,37450.859375
2026-02-09 11:00:00,feb_2026,1,35477.5,36637.13671875,35477.5,36637.13671875
2026-02-09 12:00:00,feb_2026,1,34994.0,36379.9296875,34994.0,36379.9296875
2026-02-09 13:00:00,feb_2026,1,35285.0,35486.94921875,35285.0,35486.94921875
2026-02-09 14:00:00,feb_2026,1,35497.5,36425.04296875,35497.5,36425.04296875
2026-02-09 15:00:00,feb_2026,1,35713.5,38084.87890625,35713.5,38084.87890625
2026-02-09 16:00:00,feb_2026,1,37866.5,38575.6328125,37866.5,38575.6328125
2026-02-09 17:00:00,feb_2026,1,40220.0,40324.1953125,40220.0,40324.1953125
2026-02-09 18:00:00,feb_2026,1,40121.5,40639.76171875,40121.5,40639.76171875
2026-02-09 19:00:00,feb_2026,1,38081.0,39192.1796875,38081.0,39192.1796875
2026-02-09 20:00:00,feb_2026,1,35498.0,36543.6484375,35498.0,36543.6484375
2026-02-09 21:00:00,feb_2026,1,32548.5,33429.6875,32548.5,33429.6875
2026-02-09 22:00:00,feb_2026,1,29117.0,29785.853515625,29117.0,29785.853515625
2026-02-09 23:00:00,feb_2026,1,26518.0,27116.287109375,26518.0,27116.287109375
2026-02-10 00:00:00,feb_2026,1,26663.0,26237.28125,26663.0,26237.28125
2026-02-10 01:00:00,feb_2026,1,27004.0,25616.267578125,27004.0,25616.267578125
2026-02-10 02:00:00,feb_2026,1,26100.0,25753.181640625,26100.0,25753.181640625
2026-02-10 03:00:00,feb_2026,1,24942.0,24503.62109375,24942.0,24503.62109375
2026-02-10 04:00:00,feb_2026,1,23947.0,23744.505859375,23947.0,23744.505859375
2026-02-10 05:00:00,feb_2026,1,24798.5,24987.55078125,24798.5,24987.55078125
2026-02-10 06:00:00,feb_2026,1,29017.0,29672.45703125,29017.0,29672.45703125
2026-02-10 07:00:00,feb_2026,1,33476.0,34071.5625,33476.0,34071.5625
2026-02-10 08:00:00,feb_2026,1,35648.0,35882.81640625,35648.0,35882.81640625
2026-02-10 09:00:00,feb_2026,1,36810.0,36397.1171875,36810.0,36397.1171875
2026-02-10 10:00:00,feb_2026,1,36804.5,37496.15234375,36804.5,37496.15234375
2026-02-10 11:00:00,feb_2026,1,36669.5,37006.00390625,36669.5,37006.00390625
2026-02-10 12:00:00,feb_2026,1,37130.5,36617.8828125,37130.5,36617.8828125
2026-02-10 13:00:00,feb_2026,1,37187.0,36709.25390625,37187.0,36709.25390625
2026-02-10 14:00:00,feb_2026,1,36744.5,37517.6171875,36744.5,37517.6171875
2026-02-10 15:00:00,feb_2026,1,37226.0,37863.703125,37226.0,37863.703125
2026-02-10 16:00:00,feb_2026,1,38720.0,39378.66796875,38720.0,39378.66796875
2026-02-10 17:00:00,feb_2026,1,40901.0,40672.45703125,40901.0,40672.45703125
2026-02-10 18:00:00,feb_2026,1,40701.5,40597.02734375,40701.5,40597.02734375
2026-02-10 19:00:00,feb_2026,1,39186.5,39223.21875,39186.5,39223.21875
2026-02-10 20:00:00,feb_2026,1,36632.5,37062.01171875,36632.5,37062.01171875
2026-02-10 21:00:00,feb_2026,1,33417.5,34059.6796875,33417.5,34059.6796875
2026-02-10 22:00:00,feb_2026,1,29725.5,30555.13671875,29725.5,30555.13671875
2026-02-10 23:00:00,feb_2026,1,27188.0,27852.572265625,27188.0,27852.572265625
2026-02-11 00:00:00,feb_2026,1,27201.5,26907.6796875,27201.5,26907.6796875
2026-02-11 01:00:00,feb_2026,1,26672.0,26169.05859375,26672.0,26169.05859375
2026-02-11 02:00:00,feb_2026,1,25469.5,25722.1875,25469.5,25722.1875
2026-02-11 03:00:00,feb_2026,1,24517.0,24104.328125,24517.0,24104.328125
2026-02-11 04:00:00,feb_2026,1,23684.5,23717.359375,23684.5,23717.359375
2026-02-11 05:00:00,feb_2026,1,24475.0,25064.884765625,24475.0,25064.884765625
2026-02-11 06:00:00,feb_2026,1,28551.0,29273.796875,28551.0,29273.796875
2026-02-11 07:00:00,feb_2026,1,32841.0,33650.51171875,32841.0,33650.51171875
2026-02-11 08:00:00,feb_2026,1,34852.0,35517.8125,34852.0,35517.8125
2026-02-11 09:00:00,feb_2026,1,35362.0,35797.27734375,35362.0,35797.27734375
2026-02-11 10:00:00,feb_2026,1,35156.0,35875.03515625,35156.0,35875.03515625
2026-02-11 11:00:00,feb_2026,1,34424.5,35420.62890625,34424.5,35420.62890625
2026-02-11 12:00:00,feb_2026,1,34004.0,35183.98046875,34004.0,35183.98046875
2026-02-11 13:00:00,feb_2026,1,34158.0,34440.6640625,34158.0,34440.6640625
2026-02-11 14:00:00,feb_2026,1,34075.0,35468.73046875,34075.0,35468.73046875
2026-02-11 15:00:00,feb_2026,1,35373.0,36644.08984375,35373.0,36644.08984375
2026-02-11 16:00:00,feb_2026,1,37352.5,38608.41015625,37352.5,38608.41015625
2026-02-11 17:00:00,feb_2026,1,39798.0,39469.62890625,39798.0,39469.62890625
2026-02-11 18:00:00,feb_2026,1,39927.5,39701.45703125,39927.5,39701.45703125
2026-02-11 19:00:00,feb_2026,1,38653.5,38341.04296875,38653.5,38341.04296875
2026-02-11 20:00:00,feb_2026,1,36398.0,36291.9296875,36398.0,36291.9296875
2026-02-11 21:00:00,feb_2026,1,32888.5,33414.31640625,32888.5,33414.31640625
2026-02-11 22:00:00,feb_2026,1,29723.5,29723.060546875,29723.5,29723.060546875
2026-02-11 23:00:00,feb_2026,1,26808.5,27577.93359375,26808.5,27577.93359375
2026-02-12 00:00:00,feb_2026,1,26963.0,26473.07421875,26963.0,26473.07421875
2026-02-12 01:00:00,feb_2026,1,26942.5,25665.173828125,26942.5,25665.173828125
2026-02-12 02:00:00,feb_2026,1,25706.0,25563.513671875,25706.0,25563.513671875
2026-02-12 03:00:00,feb_2026,1,24791.5,24027.619140625,24791.5,24027.619140625
2026-02-12 04:00:00,feb_2026,1,24079.0,23789.58203125,24079.0,23789.58203125
2026-02-12 05:00:00,feb_2026,1,24695.0,25524.892578125,24695.0,25524.892578125
2026-02-12 06:00:00,feb_2026,1,28374.5,29051.650390625,28374.5,29051.650390625
2026-02-12 07:00:00,feb_2026,1,33225.5,32866.6484375,33225.5,32866.6484375
2026-02-12 08:00:00,feb_2026,1,35407.0,35741.1171875,35407.0,35741.1171875
2026-02-12 09:00:00,feb_2026,1,36133.0,36110.5,36133.0,36110.5
2026-02-12 10:00:00,feb_2026,1,35434.0,36655.8984375,35434.0,36655.8984375
2026-02-12 11:00:00,feb_2026,1,35136.5,35540.94140625,35136.5,35540.94140625
2026-02-12 12:00:00,feb_2026,1,35249.0,35688.6796875,35249.0,35688.6796875
2026-02-12 13:00:00,feb_2026,1,35748.5,35253.703125,35748.5,35253.703125
2026-02-12 14:00:00,feb_2026,1,35715.5,36317.6640625,35715.5,36317.6640625
2026-02-12 15:00:00,feb_2026,1,36791.5,37144.18359375,36791.5,37144.18359375
2026-02-12 16:00:00,feb_2026,1,38339.5,39279.546875,38339.5,39279.546875
2026-02-12 17:00:00,feb_2026,1,40528.5,40369.80078125,40528.5,40369.80078125
2026-02-12 18:00:00,feb_2026,1,41124.5,40517.24609375,41124.5,40517.24609375
2026-02-12 19:00:00,feb_2026,1,39939.5,39471.2734375,39939.5,39471.2734375
2026-02-12 20:00:00,feb_2026,1,37434.0,37405.828125,37434.0,37405.828125
2026-02-12 21:00:00,feb_2026,1,34664.0,34605.91796875,34664.0,34605.91796875
2026-02-12 22:00:00,feb_2026,1,31018.0,31275.03125,31018.0,31275.03125
2026-02-12 23:00:00,feb_2026,1,28237.5,28740.1875,28237.5,28740.1875
2026-02-13 00:00:00,feb_2026,1,28414.0,27606.16015625,28414.0,27606.16015625
2026-02-13 01:00:00,feb_2026,1,27768.0,26934.142578125,27768.0,26934.142578125
2026-02-13 02:00:00,feb_2026,1,26108.5,26545.7421875,26108.5,26545.7421875
2026-02-13 03:00:00,feb_2026,1,25376.0,24732.833984375,25376.0,24732.833984375
2026-02-13 04:00:00,feb_2026,1,25067.5,24186.142578125,25067.5,24186.142578125
2026-02-13 05:00:00,feb_2026,1,25678.0,26641.79296875,25678.0,26641.79296875
2026-02-13 06:00:00,feb_2026,1,29886.5,29533.3515625,29886.5,29533.3515625
2026-02-13 07:00:00,feb_2026,1,34829.0,33995.31640625,34829.0,33995.31640625
2026-02-13 08:00:00,feb_2026,1,37144.0,36807.22265625,37144.0,36807.22265625
2026-02-13 09:00:00,feb_2026,1,38120.0,36978.37890625,38120.0,36978.37890625
2026-02-13 10:00:00,feb_2026,1,37585.5,37208.53125,37585.5,37208.53125
2026-02-13 11:00:00,feb_2026,1,37161.5,37064.55078125,37161.5,37064.55078125
2026-02-13 12:00:00,feb_2026,1,36938.5,36678.02734375,36938.5,36678.02734375
2026-02-13 13:00:00,feb_2026,1,36252.0,35670.44140625,36252.0,35670.44140625
2026-02-13 14:00:00,feb_2026,1,35973.5,35565.99609375,35973.5,35565.99609375
2026-02-13 15:00:00,feb_2026,1,36071.0,36084.05859375,36071.0,36084.05859375
2026-02-13 16:00:00,feb_2026,1,37876.0,37288.76171875,37876.0,37288.76171875
2026-02-13 17:00:00,feb_2026,1,39848.5,39389.890625,39848.5,39389.890625
2026-02-13 18:00:00,feb_2026,1,39767.0,39747.6171875,39767.0,39747.6171875
2026-02-13 19:00:00,feb_2026,1,38678.0,38061.71484375,38678.0,38061.71484375
2026-02-13 20:00:00,feb_2026,1,36490.0,35415.08984375,36490.0,35415.08984375
2026-02-13 21:00:00,feb_2026,1,33599.5,32975.1484375,33599.5,32975.1484375
2026-02-13 22:00:00,feb_2026,1,30820.0,29207.3671875,30820.0,29207.3671875
2026-02-13 23:00:00,feb_2026,1,28512.5,27720.265625,28512.5,27720.265625
2026-02-14 00:00:00,feb_2026,1,28779.0,27026.404296875,28779.0,27026.404296875
2026-02-14 01:00:00,feb_2026,1,28273.5,26517.162109375,28273.5,26517.162109375
2026-02-14 02:00:00,feb_2026,1,27215.5,26030.87890625,27215.5,26030.87890625
2026-02-14 03:00:00,feb_2026,1,26513.5,24949.349609375,26513.5,24949.349609375
2026-02-14 04:00:00,feb_2026,1,25989.0,24302.3359375,25989.0,24302.3359375
2026-02-14 05:00:00,feb_2026,1,25726.0,25201.6328125,25726.0,25201.6328125
2026-02-14 06:00:00,feb_2026,1,27834.5,25914.3671875,27834.5,25914.3671875
2026-02-14 07:00:00,feb_2026,1,29908.0,29943.900390625,29908.0,29943.900390625
2026-02-14 08:00:00,feb_2026,1,31774.0,31671.984375,31774.0,31671.984375
2026-02-14 09:00:00,feb_2026,1,30618.0,32388.36328125,30618.0,32388.36328125
2026-02-14 10:00:00,feb_2026,1,28627.5,29909.8828125,28627.5,29909.8828125
2026-02-14 11:00:00,feb_2026,1,27453.5,28114.8671875,27453.5,28114.8671875
2026-02-14 12:00:00,feb_2026,1,27337.0,27611.068359375,27337.0,27611.068359375
2026-02-14 13:00:00,feb_2026,1,28000.0,28446.40234375,28000.0,28446.40234375
2026-02-14 14:00:00,feb_2026,1,29488.0,31120.625,29488.0,31120.625
2026-02-14 15:00:00,feb_2026,1,32045.5,33590.74609375,32045.5,33590.74609375
2026-02-14 16:00:00,feb_2026,1,35194.5,34962.6953125,35194.5,34962.6953125
2026-02-14 17:00:00,feb_2026,1,38350.0,36513.875,38350.0,36513.875
2026-02-14 18:00:00,feb_2026,1,38703.0,37431.875,38703.0,37431.875
2026-02-14 19:00:00,feb_2026,1,37075.0,35959.19140625,37075.0,35959.19140625
2026-02-14 20:00:00,feb_2026,1,34552.5,34010.828125,34552.5,34010.828125
2026-02-14 21:00:00,feb_2026,1,31713.0,31669.208984375,31713.0,31669.208984375
2026-02-14 22:00:00,feb_2026,1,28642.0,28669.16015625,28642.0,28669.16015625
2026-02-14 23:00:00,feb_2026,1,25579.5,26455.45703125,25579.5,26455.45703125
2026-02-15 00:00:00,feb_2026,1,25512.0,25253.83203125,25512.0,25253.83203125
2026-02-15 01:00:00,feb_2026,1,24837.5,24597.783203125,24837.5,24597.783203125
2026-02-15 02:00:00,feb_2026,1,23889.0,23673.962890625,23889.0,23673.962890625
2026-02-15 03:00:00,feb_2026,1,22744.0,22443.69921875,22744.0,22443.69921875
2026-02-15 04:00:00,feb_2026,1,22316.5,21575.060546875,22316.5,21575.060546875
2026-02-15 05:00:00,feb_2026,1,21826.5,22685.62109375,21826.5,22685.62109375
2026-02-15 06:00:00,feb_2026,1,23008.0,22671.580078125,23008.0,22671.580078125
2026-02-15 07:00:00,feb_2026,1,25283.5,24974.73828125,25283.5,24974.73828125
2026-02-15 08:00:00,feb_2026,1,28507.0,28380.091796875,28507.0,28380.091796875
2026-02-15 09:00:00,feb_2026,1,31990.5,31088.646484375,31990.5,31088.646484375
2026-02-15 10:00:00,feb_2026,1,34140.5,33541.3828125,34140.5,33541.3828125
2026-02-15 11:00:00,feb_2026,1,35724.0,34811.6953125,35724.0,34811.6953125
2026-02-15 12:00:00,feb_2026,1,36383.0,35400.58984375,36383.0,35400.58984375
2026-02-15 13:00:00,feb_2026,1,36089.5,34742.2890625,36089.5,34742.2890625
2026-02-15 14:00:00,feb_2026,1,35241.0,34693.05859375,35241.0,34693.05859375
2026-02-15 15:00:00,feb_2026,1,35213.5,34660.421875,35213.5,34660.421875
2026-02-15 16:00:00,feb_2026,1,36283.0,35859.6015625,36283.0,35859.6015625
2026-02-15 17:00:00,feb_2026,1,38294.5,37510.09375,38294.5,37510.09375
2026-02-15 18:00:00,feb_2026,1,38403.0,37964.1796875,38403.0,37964.1796875
2026-02-15 19:00:00,feb_2026,1,36331.0,36668.453125,36331.0,36668.453125
2026-02-15 20:00:00,feb_2026,1,34026.5,34760.27734375,34026.5,34760.27734375
2026-02-15 21:00:00,feb_2026,1,31291.5,31962.71875,31291.5,31962.71875
2026-02-15 22:00:00,feb_2026,1,28122.0,28804.8515625,28122.0,28804.8515625
2026-02-15 23:00:00,feb_2026,1,25147.5,26332.09765625,25147.5,26332.09765625
2026-02-16 00:00:00,feb_2026,1,25716.5,25232.5546875,25716.5,25232.5546875
2026-02-16 01:00:00,feb_2026,1,25831.0,24942.994140625,25831.0,24942.994140625
2026-02-16 02:00:00,feb_2026,1,24878.0,25290.65625,24878.0,25290.65625
2026-02-16 03:00:00,feb_2026,1,24014.5,23823.640625,24014.5,23823.640625
2026-02-16 04:00:00,feb_2026,1,23406.5,22897.826171875,23406.5,22897.826171875
2026-02-16 05:00:00,feb_2026,1,23897.0,24518.65234375,23897.0,24518.65234375
2026-02-16 06:00:00,feb_2026,1,27978.0,28015.775390625,27978.0,28015.775390625
2026-02-16 07:00:00,feb_2026,1,32577.5,32890.796875,32577.5,32890.796875
2026-02-16 08:00:00,feb_2026,1,35160.0,35352.640625,35160.0,35352.640625
2026-02-16 09:00:00,feb_2026,1,34108.5,35912.64453125,34108.5,35912.64453125
2026-02-16 10:00:00,feb_2026,1,33486.5,34518.578125,33486.5,34518.578125
2026-02-16 11:00:00,feb_2026,1,33631.5,33610.17578125,33631.5,33610.17578125
2026-02-16 12:00:00,feb_2026,1,34010.5,34560.8203125,34010.5,34560.8203125
2026-02-16 13:00:00,feb_2026,1,33483.0,34533.31640625,33483.0,34533.31640625
2026-02-16 14:00:00,feb_2026,1,33285.0,34461.33984375,33285.0,34461.33984375
2026-02-16 15:00:00,feb_2026,1,34294.0,34471.34375,34294.0,34471.34375
2026-02-16 16:00:00,feb_2026,1,36496.0,37707.8984375,36496.0,37707.8984375
2026-02-16 17:00:00,feb_2026,1,39275.5,39020.640625,39275.5,39020.640625
2026-02-16 18:00:00,feb_2026,1,40107.0,39284.5390625,40107.0,39284.5390625
2026-02-16 19:00:00,feb_2026,1,38527.0,38703.7890625,38527.0,38703.7890625
2026-02-16 20:00:00,feb_2026,1,35845.0,36150.4296875,35845.0,36150.4296875
2026-02-16 21:00:00,feb_2026,1,32806.0,33326.61328125,32806.0,33326.61328125
2026-02-16 22:00:00,feb_2026,1,29165.5,29518.40234375,29165.5,29518.40234375
2026-02-16 23:00:00,feb_2026,1,26153.0,27074.447265625,26153.0,27074.447265625
2026-02-17 00:00:00,feb_2026,1,26203.0,25913.978515625,26203.0,25913.978515625
2026-02-17 01:00:00,feb_2026,1,26364.5,25284.57421875,26364.5,25284.57421875
2026-02-17 02:00:00,feb_2026,1,25500.5,25131.37890625,25500.5,25131.37890625
2026-02-17 03:00:00,feb_2026,1,24668.5,23712.857421875,24668.5,23712.857421875
2026-02-17 04:00:00,feb_2026,1,24246.5,23635.765625,24246.5,23635.765625
2026-02-17 05:00:00,feb_2026,1,25288.0,25978.568359375,25288.0,25978.568359375
2026-02-17 06:00:00,feb_2026,1,29817.0,29873.015625,29817.0,29873.015625
2026-02-17 07:00:00,feb_2026,1,33749.5,34208.61328125,33749.5,34208.61328125
2026-02-17 08:00:00,feb_2026,1,35550.5,35538.83984375,35550.5,35538.83984375
2026-02-17 09:00:00,feb_2026,1,35346.0,36044.31640625,35346.0,36044.31640625
2026-02-17 10:00:00,feb_2026,1,33997.0,35692.875,33997.0,35692.875
2026-02-17 11:00:00,feb_2026,1,33577.0,34282.51953125,33577.0,34282.51953125
2026-02-17 12:00:00,feb_2026,1,33850.0,34534.21875,33850.0,34534.21875
2026-02-17 13:00:00,feb_2026,1,35042.0,34293.21875,35042.0,34293.21875
2026-02-17 14:00:00,feb_2026,1,36488.5,36152.73828125,36488.5,36152.73828125
2026-02-17 15:00:00,feb_2026,1,38353.0,38872.03515625,38353.0,38872.03515625
2026-02-17 16:00:00,feb_2026,1,40204.5,41209.50390625,40204.5,41209.50390625
2026-02-17 17:00:00,feb_2026,1,42365.5,41316.7734375,42365.5,41316.7734375
2026-02-17 18:00:00,feb_2026,1,41985.5,41534.64453125,41985.5,41534.64453125
2026-02-17 19:00:00,feb_2026,1,40610.0,39860.3828125,40610.0,39860.3828125
2026-02-17 20:00:00,feb_2026,1,38807.5,37964.16796875,38807.5,37964.16796875
2026-02-17 21:00:00,feb_2026,1,35286.0,35282.546875,35286.0,35282.546875
2026-02-17 22:00:00,feb_2026,1,31746.0,31958.80859375,31746.0,31958.80859375
2026-02-17 23:00:00,feb_2026,1,28525.5,29807.26171875,28525.5,29807.26171875
2026-02-18 00:00:00,feb_2026,1,28374.5,28505.203125,28374.5,28505.203125
2026-02-18 01:00:00,feb_2026,1,27828.0,27346.90625,27828.0,27346.90625
2026-02-18 02:00:00,feb_2026,1,26622.5,26763.15234375,26622.5,26763.15234375
2026-02-18 03:00:00,feb_2026,1,25452.0,25130.068359375,25452.0,25130.068359375
2026-02-18 04:00:00,feb_2026,1,24861.0,24663.396484375,24861.0,24663.396484375
2026-02-18 05:00:00,feb_2026,1,25757.0,27239.109375,25757.0,27239.109375
2026-02-18 06:00:00,feb_2026,1,29052.5,30864.212890625,29052.5,30864.212890625
2026-02-18 07:00:00,feb_2026,1,32905.0,33672.87890625,32905.0,33672.87890625
2026-02-18 08:00:00,feb_2026,1,35775.5,35446.90234375,35775.5,35446.90234375
2026-02-18 09:00:00,feb_2026,1,36854.5,36940.91796875,36854.5,36940.91796875
2026-02-18 10:00:00,feb_2026,1,36568.5,37332.98828125,36568.5,37332.98828125
2026-02-18 11:00:00,feb_2026,1,36069.0,36448.8046875,36069.0,36448.8046875
2026-02-18 12:00:00,feb_2026,1,36921.5,35910.1875,36921.5,35910.1875
2026-02-18 13:00:00,feb_2026,1,37485.5,36155.0625,37485.5,36155.0625
2026-02-18 14:00:00,feb_2026,1,37833.5,38102.0234375,37833.5,38102.0234375
2026-02-18 15:00:00,feb_2026,1,38045.5,39110.390625,38045.5,39110.390625
2026-02-18 16:00:00,feb_2026,1,39043.5,39710.97265625,39043.5,39710.97265625
2026-02-18 17:00:00,feb_2026,1,40605.5,40659.01171875,40605.5,40659.01171875
2026-02-18 18:00:00,feb_2026,1,40447.5,40657.35546875,40447.5,40657.35546875
2026-02-18 19:00:00,feb_2026,1,39213.5,38735.28125,39213.5,38735.28125
2026-02-18 20:00:00,feb_2026,1,36617.0,37016.59375,36617.0,37016.59375
2026-02-18 21:00:00,feb_2026,1,33390.5,33996.21875,33390.5,33996.21875
2026-02-18 22:00:00,feb_2026,1,29779.5,30188.2890625,29779.5,30188.2890625
2026-02-18 23:00:00,feb_2026,1,27357.0,27570.5234375,27357.0,27570.5234375
2026-02-19 00:00:00,feb_2026,1,27583.0,26703.326171875,27583.0,26703.326171875
2026-02-19 01:00:00,feb_2026,1,27843.5,26236.9296875,27843.5,26236.9296875
2026-02-19 02:00:00,feb_2026,1,26722.0,26377.390625,26722.0,26377.390625
2026-02-19 03:00:00,feb_2026,1,26267.0,25325.09375,26267.0,25325.09375
2026-02-19 04:00:00,feb_2026,1,25461.0,25686.115234375,25461.0,25686.115234375
2026-02-19 05:00:00,feb_2026,1,25919.0,26750.77734375,25919.0,26750.77734375
2026-02-19 06:00:00,feb_2026,1,29830.0,28840.1953125,29830.0,28840.1953125
2026-02-19 07:00:00,feb_2026,1,33955.5,33965.02734375,33955.5,33965.02734375
2026-02-19 08:00:00,feb_2026,1,37428.0,36509.83984375,37428.0,36509.83984375
2026-02-19 09:00:00,feb_2026,1,38963.5,37593.08203125,38963.5,37593.08203125
2026-02-19 10:00:00,feb_2026,1,39194.0,38018.26171875,39194.0,38018.26171875
2026-02-19 11:00:00,feb_2026,1,39372.0,38469.28515625,39372.0,38469.28515625
2026-02-19 12:00:00,feb_2026,1,39539.0,38261.6640625,39539.0,38261.6640625
2026-02-19 13:00:00,feb_2026,1,40489.0,37699.28125,40489.0,37699.28125
2026-02-19 14:00:00,feb_2026,1,40330.0,39233.3828125,40330.0,39233.3828125
2026-02-19 15:00:00,feb_2026,1,40524.5,40505.69921875,40524.5,40505.69921875
2026-02-19 16:00:00,feb_2026,1,41494.5,41386.0390625,41494.5,41386.0390625
2026-02-19 17:00:00,feb_2026,1,42814.5,42330.11328125,42814.5,42330.11328125
2026-02-19 18:00:00,feb_2026,1,42725.0,42332.3203125,42725.0,42332.3203125
2026-02-19 19:00:00,feb_2026,1,41080.5,40581.11328125,41080.5,40581.11328125
2026-02-19 20:00:00,feb_2026,1,38230.5,38118.59765625,38230.5,38118.59765625
2026-02-19 21:00:00,feb_2026,1,35357.0,35269.94921875,35357.0,35269.94921875
2026-02-19 22:00:00,feb_2026,1,31880.5,31604.59375,31880.5,31604.59375
2026-02-19 23:00:00,feb_2026,1,28853.5,29513.943359375,28853.5,29513.943359375
2026-02-20 00:00:00,feb_2026,1,28671.0,28349.953125,28671.0,28349.953125
2026-02-20 01:00:00,feb_2026,1,27725.0,27561.03125,27725.0,27561.03125
2026-02-20 02:00:00,feb_2026,1,26472.0,26796.064453125,26472.0,26796.064453125
2026-02-20 03:00:00,feb_2026,1,25530.5,25772.6484375,25530.5,25772.6484375
2026-02-20 04:00:00,feb_2026,1,25411.0,24541.513671875,25411.0,24541.513671875
2026-02-20 05:00:00,feb_2026,1,25502.5,26212.16015625,25502.5,26212.16015625
2026-02-20 06:00:00,feb_2026,1,28179.0,28172.58984375,28179.0,28172.58984375
2026-02-20 07:00:00,feb_2026,1,31308.5,31998.75,31308.5,31998.75
2026-02-20 08:00:00,feb_2026,1,34123.5,34171.6875,34123.5,34171.6875
2026-02-20 09:00:00,feb_2026,1,34214.5,35475.96484375,34214.5,35475.96484375
2026-02-20 10:00:00,feb_2026,1,34512.5,34042.18359375,34512.5,34042.18359375
2026-02-20 11:00:00,feb_2026,1,34871.0,34234.79296875,34871.0,34234.79296875
2026-02-20 12:00:00,feb_2026,1,34641.5,34944.62890625,34641.5,34944.62890625
2026-02-20 13:00:00,feb_2026,1,34155.5,34756.98046875,34155.5,34756.98046875
2026-02-20 14:00:00,feb_2026,1,33435.5,34777.87890625,33435.5,34777.87890625
2026-02-20 15:00:00,feb_2026,1,33354.0,34159.95703125,33354.0,34159.95703125
2026-02-20 16:00:00,feb_2026,1,34658.0,34477.26171875,34658.0,34477.26171875
2026-02-20 17:00:00,feb_2026,1,36802.5,36662.52734375,36802.5,36662.52734375
2026-02-20 18:00:00,feb_2026,1,37234.5,37471.91796875,37234.5,37471.91796875
2026-02-20 19:00:00,feb_2026,1,35569.0,36390.26171875,35569.0,36390.26171875
2026-02-20 20:00:00,feb_2026,1,33191.5,33333.29296875,33191.5,33333.29296875
2026-02-20 21:00:00,feb_2026,1,30590.5,30775.009765625,30590.5,30775.009765625
2026-02-20 22:00:00,feb_2026,1,27654.0,27252.333984375,27654.0,27252.333984375
2026-02-20 23:00:00,feb_2026,1,25042.0,25385.4375,25042.0,25385.4375
2026-02-21 00:00:00,feb_2026,1,25289.5,24172.943359375,25289.5,24172.943359375
2026-02-21 01:00:00,feb_2026,1,25085.0,23906.259765625,25085.0,23906.259765625
2026-02-21 02:00:00,feb_2026,1,24138.5,23510.7421875,24138.5,23510.7421875
2026-02-21 03:00:00,feb_2026,1,22743.5,22360.828125,22743.5,22360.828125
2026-02-21 04:00:00,feb_2026,1,22270.0,21440.099609375,22270.0,21440.099609375
2026-02-21 05:00:00,feb_2026,1,21903.0,22130.326171875,21903.0,22130.326171875
2026-02-21 06:00:00,feb_2026,1,23245.0,22347.28125,23245.0,22347.28125
2026-02-21 07:00:00,feb_2026,1,25695.5,25036.18359375,25695.5,25036.18359375
2026-02-21 08:00:00,feb_2026,1,28169.5,28813.890625,28169.5,28813.890625
2026-02-21 09:00:00,feb_2026,1,29424.0,30278.77734375,29424.0,30278.77734375
2026-02-21 10:00:00,feb_2026,1,29233.0,30014.498046875,29233.0,30014.498046875
2026-02-21 11:00:00,feb_2026,1,28489.0,29071.724609375,28489.0,29071.724609375
2026-02-21 12:00:00,feb_2026,1,28885.5,28694.599609375,28885.5,28694.599609375
2026-02-21 13:00:00,feb_2026,1,29540.0,29183.720703125,29540.0,29183.720703125
2026-02-21 14:00:00,feb_2026,1,29811.0,31240.26171875,29811.0,31240.26171875
2026-02-21 15:00:00,feb_2026,1,30743.0,31223.896484375,30743.0,31223.896484375
2026-02-21 16:00:00,feb_2026,1,31872.0,32130.224609375,31872.0,32130.224609375
2026-02-21 17:00:00,feb_2026,1,34198.0,33805.08203125,34198.0,33805.08203125
2026-02-21 18:00:00,feb_2026,1,34413.0,35064.4765625,34413.0,35064.4765625
2026-02-21 19:00:00,feb_2026,1,32675.5,33842.48828125,32675.5,33842.48828125
2026-02-21 20:00:00,feb_2026,1,29908.5,31885.994140625,29908.5,31885.994140625
2026-02-21 21:00:00,feb_2026,1,27286.0,28397.564453125,27286.0,28397.564453125
2026-02-21 22:00:00,feb_2026,1,24295.0,25143.439453125,24295.0,25143.439453125
2026-02-21 23:00:00,feb_2026,1,22399.0,22702.45703125,22399.0,22702.45703125
2026-02-22 00:00:00,feb_2026,1,22924.5,22064.185546875,22924.5,22064.185546875
2026-02-22 01:00:00,feb_2026,1,22977.0,21923.162109375,22977.0,21923.162109375
2026-02-22 02:00:00,feb_2026,1,21567.5,21780.07421875,21567.5,21780.07421875
2026-02-22 03:00:00,feb_2026,1,20330.0,19767.97265625,20330.0,19767.97265625
2026-02-22 04:00:00,feb_2026,1,19896.5,18790.298828125,19896.5,18790.298828125
2026-02-22 05:00:00,feb_2026,1,19852.5,20808.4609375,19852.5,20808.4609375
2026-02-22 06:00:00,feb_2026,1,20631.5,21666.62890625,20631.5,21666.62890625
2026-02-22 07:00:00,feb_2026,1,21821.5,21832.353515625,21821.5,21832.353515625
2026-02-22 08:00:00,feb_2026,1,23192.0,22839.177734375,23192.0,22839.177734375
2026-02-22 09:00:00,feb_2026,1,23579.0,24416.49609375,23579.0,24416.49609375
2026-02-22 10:00:00,feb_2026,1,24107.5,24798.49609375,24107.5,24798.49609375
2026-02-22 11:00:00,feb_2026,1,24487.5,25497.150390625,24487.5,25497.150390625
2026-02-22 12:00:00,feb_2026,1,24672.0,25589.5703125,24672.0,25589.5703125
2026-02-22 13:00:00,feb_2026,1,24509.5,25937.32421875,24509.5,25937.32421875
2026-02-22 14:00:00,feb_2026,1,24018.0,26515.150390625,24018.0,26515.150390625
2026-02-22 15:00:00,feb_2026,1,25437.5,26440.76953125,25437.5,26440.76953125
2026-02-22 16:00:00,feb_2026,1,29739.0,28931.396484375,29739.0,28931.396484375
2026-02-22 17:00:00,feb_2026,1,33381.0,33477.72265625,33381.0,33477.72265625
2026-02-22 18:00:00,feb_2026,1,34078.0,33634.3125,34078.0,33634.3125
2026-02-22 19:00:00,feb_2026,1,32151.5,32506.2265625,32151.5,32506.2265625
2026-02-22 20:00:00,feb_2026,1,30163.0,30366.041015625,30163.0,30366.041015625
2026-02-22 21:00:00,feb_2026,1,27588.5,28180.884765625,27588.5,28180.884765625
2026-02-22 22:00:00,feb_2026,1,24452.0,25010.232421875,24452.0,25010.232421875
2026-02-22 23:00:00,feb_2026,1,21912.0,23871.015625,21912.0,23871.015625
2026-02-23 00:00:00,feb_2026,1,22556.0,22292.689453125,22556.0,22292.689453125
2026-02-23 01:00:00,feb_2026,1,22245.5,21908.919921875,22245.5,21908.919921875
2026-02-23 02:00:00,feb_2026,1,21108.5,21211.93359375,21108.5,21211.93359375
2026-02-23 03:00:00,feb_2026,1,20189.0,19929.890625,20189.0,19929.890625
2026-02-23 04:00:00,feb_2026,1,19779.5,19340.33203125,19779.5,19340.33203125
2026-02-23 05:00:00,feb_2026,1,20828.0,20629.96484375,20828.0,20629.96484375
2026-02-23 06:00:00,feb_2026,1,24797.5,23924.681640625,24797.5,23924.681640625
2026-02-23 07:00:00,feb_2026,1,29655.0,29439.4453125,29655.0,29439.4453125
2026-02-23 08:00:00,feb_2026,1,31447.5,32323.02734375,31447.5,32323.02734375
2026-02-23 09:00:00,feb_2026,1,31153.5,32281.001953125,31153.5,32281.001953125
2026-02-23 10:00:00,feb_2026,1,30068.0,31098.13671875,30068.0,31098.13671875
2026-02-23 11:00:00,feb_2026,1,29904.0,30199.765625,29904.0,30199.765625
2026-02-23 12:00:00,feb_2026,1,30551.0,30994.4375,30551.0,30994.4375
2026-02-23 13:00:00,feb_2026,1,31644.0,31123.576171875,31644.0,31123.576171875
2026-02-23 14:00:00,feb_2026,1,32797.5,33074.046875,32797.5,33074.046875
2026-02-23 15:00:00,feb_2026,1,34423.0,34720.8359375,34423.0,34720.8359375
2026-02-23 16:00:00,feb_2026,1,35996.5,36606.51953125,35996.5,36606.51953125
2026-02-23 17:00:00,feb_2026,1,38561.5,37557.21484375,38561.5,37557.21484375
2026-02-23 18:00:00,feb_2026,1,38825.0,38280.4140625,38825.0,38280.4140625
2026-02-23 19:00:00,feb_2026,1,36898.0,36762.984375,36898.0,36762.984375
2026-02-23 20:00:00,feb_2026,1,34174.5,34408.55078125,34174.5,34408.55078125
2026-02-23 21:00:00,feb_2026,1,31935.0,30983.8515625,31935.0,30983.8515625
2026-02-23 22:00:00,feb_2026,1,28598.0,28732.1953125,28598.0,28732.1953125
2026-02-23 23:00:00,feb_2026,1,25474.5,26664.02734375,25474.5,26664.02734375
2026-02-24 00:00:00,feb_2026,1,25329.0,25372.150390625,25329.0,25372.150390625
2026-02-24 01:00:00,feb_2026,1,25096.5,24494.3359375,25096.5,24494.3359375
2026-02-24 02:00:00,feb_2026,1,23943.5,24316.435546875,23943.5,24316.435546875
2026-02-24 03:00:00,feb_2026,1,22397.0,22977.19140625,22397.0,22977.19140625
2026-02-24 04:00:00,feb_2026,1,21988.5,21683.947265625,21988.5,21683.947265625
2026-02-24 05:00:00,feb_2026,1,22379.0,23937.498046875,22379.0,23937.498046875
2026-02-24 06:00:00,feb_2026,1,26377.5,26093.908203125,26377.5,26093.908203125
2026-02-24 07:00:00,feb_2026,1,30010.5,30814.72265625,30010.5,30814.72265625
2026-02-24 08:00:00,feb_2026,1,31232.5,32700.94921875,31232.5,32700.94921875
2026-02-24 09:00:00,feb_2026,1,30479.0,32157.78515625,30479.0,32157.78515625
2026-02-24 10:00:00,feb_2026,1,29613.5,30481.095703125,29613.5,30481.095703125
2026-02-24 11:00:00,feb_2026,1,28835.0,30318.359375,28835.0,30318.359375
2026-02-24 12:00:00,feb_2026,1,27099.5,30432.59375,27099.5,30432.59375
2026-02-24 13:00:00,feb_2026,1,26108.0,28537.828125,26108.0,28537.828125
2026-02-24 14:00:00,feb_2026,1,25608.0,27772.072265625,25608.0,27772.072265625
2026-02-24 15:00:00,feb_2026,1,26657.0,29028.53515625,26657.0,29028.53515625
2026-02-24 16:00:00,feb_2026,1,30999.0,32365.93359375,30999.0,32365.93359375
2026-02-24 17:00:00,feb_2026,1,34994.0,35392.3671875,34994.0,35392.3671875
2026-02-24 18:00:00,feb_2026,1,36243.0,35994.87109375,36243.0,35994.87109375
2026-02-24 19:00:00,feb_2026,1,35503.0,34861.125,35503.0,34861.125
2026-02-24 20:00:00,feb_2026,1,33276.0,32656.189453125,33276.0,32656.189453125
2026-02-24 21:00:00,feb_2026,1,29957.0,29884.99609375,29957.0,29884.99609375
2026-02-24 22:00:00,feb_2026,1,27084.0,26079.9140625,27084.0,26079.9140625
2026-02-24 23:00:00,feb_2026,1,24570.0,25261.3359375,24570.0,25261.3359375
2026-02-25 00:00:00,feb_2026,1,24691.5,24526.869140625,24691.5,24526.869140625
2026-02-25 01:00:00,feb_2026,1,24044.5,23742.970703125,24044.5,23742.970703125
2026-02-25 02:00:00,feb_2026,1,23110.5,22590.83984375,23110.5,22590.83984375
2026-02-25 03:00:00,feb_2026,1,22445.5,21402.111328125,22445.5,21402.111328125
2026-02-25 04:00:00,feb_2026,1,22069.0,20941.205078125,22069.0,20941.205078125
2026-02-25 05:00:00,feb_2026,1,22987.5,21975.490234375,22987.5,21975.490234375
2026-02-25 06:00:00,feb_2026,1,26987.5,25010.6328125,26987.5,25010.6328125
2026-02-25 07:00:00,feb_2026,1,30909.5,30307.85546875,30909.5,30307.85546875
2026-02-25 08:00:00,feb_2026,1,31542.0,32517.591796875,31542.0,32517.591796875
2026-02-25 09:00:00,feb_2026,1,31433.5,31910.22265625,31433.5,31910.22265625
2026-02-25 10:00:00,feb_2026,1,29447.5,31707.61328125,29447.5,31707.61328125
2026-02-25 11:00:00,feb_2026,1,27789.0,30469.708984375,27789.0,30469.708984375
2026-02-25 12:00:00,feb_2026,1,27162.5,29748.48828125,27162.5,29748.48828125
2026-02-25 13:00:00,feb_2026,1,27112.0,28799.7578125,27112.0,28799.7578125
2026-02-25 14:00:00,feb_2026,1,27687.5,29699.861328125,27687.5,29699.861328125
2026-02-25 15:00:00,feb_2026,1,28768.5,31668.228515625,28768.5,31668.228515625
2026-02-25 16:00:00,feb_2026,1,31611.0,32858.421875,31611.0,32858.421875
2026-02-25 17:00:00,feb_2026,1,34916.0,35069.47265625,34916.0,35069.47265625
2026-02-25 18:00:00,feb_2026,1,35963.0,36347.1484375,35963.0,36347.1484375
2026-02-25 19:00:00,feb_2026,1,35012.0,35818.19140625,35012.0,35818.19140625
2026-02-25 20:00:00,feb_2026,1,32991.0,33738.38671875,32991.0,33738.38671875
2026-02-25 21:00:00,feb_2026,1,29590.0,30660.92578125,29590.0,30660.92578125
2026-02-25 22:00:00,feb_2026,1,26238.5,26547.470703125,26238.5,26547.470703125
2026-02-25 23:00:00,feb_2026,1,23744.0,24416.4375,23744.0,24416.4375
2026-02-26 00:00:00,feb_2026,1,23993.0,23689.900390625,23993.0,23689.900390625
2026-02-26 01:00:00,feb_2026,1,23519.5,23060.6015625,23519.5,23060.6015625
2026-02-26 02:00:00,feb_2026,1,21944.5,22232.318359375,21944.5,22232.318359375
2026-02-26 03:00:00,feb_2026,1,20724.0,20214.265625,20724.0,20214.265625
2026-02-26 04:00:00,feb_2026,1,20154.0,19775.734375,20154.0,19775.734375
2026-02-26 05:00:00,feb_2026,1,21093.0,21758.720703125,21093.0,21758.720703125
2026-02-26 06:00:00,feb_2026,1,25275.5,25057.109375,25275.5,25057.109375
2026-02-26 07:00:00,feb_2026,1,29106.5,30035.90234375,29106.5,30035.90234375
2026-02-26 08:00:00,feb_2026,1,31225.5,31484.330078125,31225.5,31484.330078125
2026-02-26 09:00:00,feb_2026,1,32001.5,32145.921875,32001.5,32145.921875
2026-02-26 10:00:00,feb_2026,1,31591.5,32730.939453125,31591.5,32730.939453125
2026-02-26 11:00:00,feb_2026,1,31216.0,32173.337890625,31216.0,32173.337890625
2026-02-26 12:00:00,feb_2026,1,30894.0,32044.453125,30894.0,32044.453125
2026-02-26 13:00:00,feb_2026,1,30867.0,31743.755859375,30867.0,31743.755859375
2026-02-26 14:00:00,feb_2026,1,30738.0,32425.048828125,30738.0,32425.048828125
2026-02-26 15:00:00,feb_2026,1,31783.0,33088.05859375,31783.0,33088.05859375
2026-02-26 16:00:00,feb_2026,1,33288.0,35151.08203125,33288.0,35151.08203125
2026-02-26 17:00:00,feb_2026,1,35944.0,35997.12890625,35944.0,35997.12890625
2026-02-26 18:00:00,feb_2026,1,36356.0,36428.86328125,36356.0,36428.86328125
2026-02-26 19:00:00,feb_2026,1,35811.5,35538.03125,35811.5,35538.03125
2026-02-26 20:00:00,feb_2026,1,33516.0,34060.6796875,33516.0,34060.6796875
2026-02-26 21:00:00,feb_2026,1,30447.0,30361.8125,30447.0,30361.8125
2026-02-26 22:00:00,feb_2026,1,27669.5,27399.240234375,27669.5,27399.240234375
2026-02-26 23:00:00,feb_2026,1,25315.0,25519.29296875,25315.0,25519.29296875
2026-02-27 00:00:00,feb_2026,1,25688.5,24620.146484375,25688.5,24620.146484375
2026-02-27 01:00:00,feb_2026,1,24920.5,24096.802734375,24920.5,24096.802734375
2026-02-27 02:00:00,feb_2026,1,23826.5,23355.208984375,23826.5,23355.208984375
2026-02-27 03:00:00,feb_2026,1,22343.5,21800.14453125,22343.5,21800.14453125
2026-02-27 04:00:00,feb_2026,1,22112.5,20662.6328125,22112.5,20662.6328125
2026-02-27 05:00:00,feb_2026,1,23326.5,23116.666015625,23326.5,23116.666015625
2026-02-27 06:00:00,feb_2026,1,27485.5,27144.142578125,27485.5,27144.142578125
2026-02-27 07:00:00,feb_2026,1,32534.5,31439.890625,32534.5,31439.890625
2026-02-27 08:00:00,feb_2026,1,34340.5,34668.78515625,34340.5,34668.78515625
2026-02-27 09:00:00,feb_2026,1,34311.0,34974.3515625,34311.0,34974.3515625
2026-02-27 10:00:00,feb_2026,1,33499.0,34310.5859375,33499.0,34310.5859375
2026-02-27 11:00:00,feb_2026,1,33042.5,33654.12890625,33042.5,33654.12890625
2026-02-27 12:00:00,feb_2026,1,32642.5,33667.828125,32642.5,33667.828125
2026-02-27 13:00:00,feb_2026,1,32506.0,32792.3203125,32506.0,32792.3203125
2026-02-27 14:00:00,feb_2026,1,32004.5,32992.2265625,32004.5,32992.2265625
2026-02-27 15:00:00,feb_2026,1,32451.5,33475.23828125,32451.5,33475.23828125
2026-02-27 16:00:00,feb_2026,1,33658.0,34911.56640625,33658.0,34911.56640625
2026-02-27 17:00:00,feb_2026,1,35695.5,36297.65625,35695.5,36297.65625
2026-02-27 18:00:00,feb_2026,1,36885.5,36507.69921875,36885.5,36507.69921875
2026-02-27 19:00:00,feb_2026,1,35273.0,35622.171875,35273.0,35622.171875
2026-02-27 20:00:00,feb_2026,1,33510.5,32998.4296875,33510.5,32998.4296875
2026-02-27 21:00:00,feb_2026,1,30787.0,30554.91796875,30787.0,30554.91796875
2026-02-27 22:00:00,feb_2026,1,27930.0,27095.388671875,27930.0,27095.388671875
2026-02-27 23:00:00,feb_2026,1,25541.0,25424.787109375,25541.0,25424.787109375
2026-02-28 00:00:00,feb_2026,1,25374.0,24798.232421875,25374.0,24798.232421875
2026-05-01 00:00:00,may_2026,1,22620.0,21089.361328125,22620.0,21089.361328125
2026-05-01 01:00:00,may_2026,1,22322.0,21269.326171875,22322.0,21269.326171875
2026-05-01 02:00:00,may_2026,1,21653.0,20762.6875,21653.0,20762.6875
2026-05-01 03:00:00,may_2026,1,20852.0,20114.248046875,20852.0,20114.248046875
2026-05-01 04:00:00,may_2026,1,20504.5,19320.0,20504.5,19320.0
2026-05-01 05:00:00,may_2026,1,21056.5,20788.63671875,21056.5,20788.63671875
2026-05-01 06:00:00,may_2026,1,23459.0,22214.796875,23459.0,22214.796875
2026-05-01 07:00:00,may_2026,1,25797.0,24547.3203125,25797.0,24547.3203125
2026-05-01 08:00:00,may_2026,1,25469.0,25039.609375,25469.0,25039.609375
2026-05-01 09:00:00,may_2026,1,24019.5,22850.169921875,24019.5,22850.169921875
2026-05-01 10:00:00,may_2026,1,22265.5,21880.048828125,22265.5,21880.048828125
2026-05-01 11:00:00,may_2026,1,21465.0,20938.16015625,21465.0,20938.16015625
2026-05-01 12:00:00,may_2026,1,20706.0,20484.125,20706.0,20484.125
2026-05-01 13:00:00,may_2026,1,20067.0,20091.833984375,20067.0,20091.833984375
2026-05-01 14:00:00,may_2026,1,19748.5,19931.931640625,19748.5,19931.931640625
2026-05-01 15:00:00,may_2026,1,20712.5,19944.8828125,20712.5,19944.8828125
2026-05-01 16:00:00,may_2026,1,22491.5,22029.90625,22491.5,22029.90625
2026-05-01 17:00:00,may_2026,1,25327.5,24345.1953125,25327.5,24345.1953125
2026-05-01 18:00:00,may_2026,1,26905.0,26385.1328125,26905.0,26385.1328125
2026-05-01 19:00:00,may_2026,1,27776.5,27217.75,27776.5,27217.75
2026-05-01 20:00:00,may_2026,1,27628.0,26894.251953125,27628.0,26894.251953125
2026-05-01 21:00:00,may_2026,1,27441.5,25507.1953125,27441.5,25507.1953125
2026-05-01 22:00:00,may_2026,1,25527.0,24683.6796875,25527.0,24683.6796875
2026-05-01 23:00:00,may_2026,1,23484.5,22737.685546875,23484.5,22737.685546875
2026-05-02 00:00:00,may_2026,1,22583.5,21091.533203125,22583.5,21091.533203125
2026-05-02 01:00:00,may_2026,1,21770.0,20976.939453125,21770.0,20976.939453125
2026-05-02 02:00:00,may_2026,1,21053.5,20457.509765625,21053.5,20457.509765625
2026-05-02 03:00:00,may_2026,1,20165.5,19459.25,20165.5,19459.25
2026-05-02 04:00:00,may_2026,1,19472.0,18752.578125,19472.0,18752.578125
2026-05-02 05:00:00,may_2026,1,19218.0,19276.66796875,19218.0,19276.66796875
2026-05-02 06:00:00,may_2026,1,19762.0,20401.796875,19762.0,20401.796875
2026-05-02 07:00:00,may_2026,1,20613.5,21653.271484375,20613.5,21653.271484375
2026-05-02 08:00:00,may_2026,1,20900.0,21778.671875,20900.0,21778.671875
2026-05-02 09:00:00,may_2026,1,20281.5,20573.103515625,20281.5,20573.103515625
2026-05-02 10:00:00,may_2026,1,18499.0,19570.17578125,18499.0,19570.17578125
2026-05-02 11:00:00,may_2026,1,17621.490234375,19169.982421875,17621.490234375,19169.982421875
2026-05-02 12:00:00,may_2026,1,17621.490234375,18480.544921875,17621.490234375,18480.544921875
2026-05-02 13:00:00,may_2026,1,17621.490234375,18964.50390625,17621.490234375,18964.50390625
2026-05-02 14:00:00,may_2026,1,17735.0,19257.84375,17735.0,19257.84375
2026-05-02 15:00:00,may_2026,1,19912.5,20050.6640625,19912.5,20050.6640625
2026-05-02 16:00:00,may_2026,1,23093.0,23320.83203125,23093.0,23320.83203125
2026-05-02 17:00:00,may_2026,1,26297.5,26205.375,26297.5,26205.375
2026-05-02 18:00:00,may_2026,1,27265.5,28248.03125,27265.5,28248.03125
2026-05-02 19:00:00,may_2026,1,26455.0,27806.568359375,26455.0,27806.568359375
2026-05-02 20:00:00,may_2026,1,26720.0,25514.607421875,26720.0,25514.607421875
2026-05-02 21:00:00,may_2026,1,26484.0,24736.681640625,26484.0,24736.681640625
2026-05-02 22:00:00,may_2026,1,24784.0,24241.78125,24784.0,24241.78125
2026-05-02 23:00:00,may_2026,1,22752.0,22462.033203125,22752.0,22462.033203125
2026-05-03 00:00:00,may_2026,1,21905.5,20697.53515625,21905.5,20697.53515625
2026-05-03 01:00:00,may_2026,1,21250.0,20402.779296875,21250.0,20402.779296875
2026-05-03 02:00:00,may_2026,1,20525.0,19864.576171875,20525.0,19864.576171875
2026-05-03 03:00:00,may_2026,1,19058.0,19129.57421875,19058.0,19129.57421875
2026-05-03 04:00:00,may_2026,1,18433.5,18363.328125,18433.5,18363.328125
2026-05-03 05:00:00,may_2026,1,18014.5,19372.501953125,18014.5,19372.501953125
2026-05-03 06:00:00,may_2026,1,18483.0,19787.451171875,18483.0,19787.451171875
2026-05-03 07:00:00,may_2026,1,19776.0,20443.51953125,19776.0,20443.51953125
2026-05-03 08:00:00,may_2026,1,21082.0,21212.791015625,21082.0,21212.791015625
2026-05-03 09:00:00,may_2026,1,22038.0,21265.115234375,22038.0,21265.115234375
2026-05-03 10:00:00,may_2026,1,22194.0,21712.072265625,22194.0,21712.072265625
2026-05-03 11:00:00,may_2026,1,22240.5,21739.521484375,22240.5,21739.521484375
2026-05-03 12:00:00,may_2026,1,22301.5,22044.490234375,22301.5,22044.490234375
2026-05-03 13:00:00,may_2026,1,22132.5,22737.7265625,22132.5,22737.7265625
2026-05-03 14:00:00,may_2026,1,22037.0,22772.939453125,22037.0,22772.939453125
2026-05-03 15:00:00,may_2026,1,22704.0,23359.568359375,22704.0,23359.568359375
2026-05-03 16:00:00,may_2026,1,24256.5,24859.44921875,24256.5,24859.44921875
2026-05-03 17:00:00,may_2026,1,26069.5,26199.787109375,26069.5,26199.787109375
2026-05-03 18:00:00,may_2026,1,26893.5,27509.666015625,26893.5,27509.666015625
2026-05-03 19:00:00,may_2026,1,27338.0,27371.447265625,27338.0,27371.447265625
2026-05-03 20:00:00,may_2026,1,27219.0,26681.052734375,27219.0,26681.052734375
2026-05-03 21:00:00,may_2026,1,26564.0,25834.31640625,26564.0,25834.31640625
2026-05-03 22:00:00,may_2026,1,24579.5,24154.919921875,24579.5,24154.919921875
2026-05-03 23:00:00,may_2026,1,22458.0,21835.498046875,22458.0,21835.498046875
2026-05-04 00:00:00,may_2026,1,21650.5,20798.521484375,21650.5,20798.521484375
2026-05-04 01:00:00,may_2026,1,21534.5,21067.859375,21534.5,21067.859375
2026-05-04 02:00:00,may_2026,1,20782.5,20859.216796875,20782.5,20859.216796875
2026-05-04 03:00:00,may_2026,1,19838.5,19698.056640625,19838.5,19698.056640625
2026-05-04 04:00:00,may_2026,1,19251.5,19249.80859375,19251.5,19249.80859375
2026-05-04 05:00:00,may_2026,1,19034.5,20056.7890625,19034.5,20056.7890625
2026-05-04 06:00:00,may_2026,1,20058.0,21049.087890625,20058.0,21049.087890625
2026-05-04 07:00:00,may_2026,1,21615.0,22280.7421875,21615.0,22280.7421875
2026-05-04 08:00:00,may_2026,1,23309.0,22789.96875,23309.0,22789.96875
2026-05-04 09:00:00,may_2026,1,24322.0,23728.51953125,24322.0,23728.51953125
2026-05-04 10:00:00,may_2026,1,24199.0,23886.87109375,24199.0,23886.87109375
2026-05-04 11:00:00,may_2026,1,23768.0,23283.3046875,23768.0,23283.3046875
2026-05-04 12:00:00,may_2026,1,23304.5,23023.12890625,23304.5,23023.12890625
2026-05-04 13:00:00,may_2026,1,22703.5,23076.083984375,22703.5,23076.083984375
2026-05-04 14:00:00,may_2026,1,22383.5,22801.76953125,22383.5,22801.76953125
2026-05-04 15:00:00,may_2026,1,22729.5,23034.48828125,22729.5,23034.48828125
2026-05-04 16:00:00,may_2026,1,24353.0,24091.3515625,24353.0,24091.3515625
2026-05-04 17:00:00,may_2026,1,26601.0,25853.216796875,26601.0,25853.216796875
2026-05-04 18:00:00,may_2026,1,27334.5,27666.869140625,27334.5,27666.869140625
2026-05-04 19:00:00,may_2026,1,28020.5,27734.318359375,28020.5,27734.318359375
2026-05-04 20:00:00,may_2026,1,27779.5,27466.080078125,27779.5,27466.080078125
2026-05-04 21:00:00,may_2026,1,27565.0,26410.05859375,27565.0,26410.05859375
2026-05-04 22:00:00,may_2026,1,25124.0,25351.08203125,25124.0,25351.08203125
2026-05-04 23:00:00,may_2026,1,22769.0,22456.912109375,22769.0,22456.912109375
2026-05-05 00:00:00,may_2026,1,21976.5,21011.572265625,21976.5,21011.572265625
2026-05-05 01:00:00,may_2026,1,21706.0,21297.248046875,21706.0,21297.248046875
2026-05-05 02:00:00,may_2026,1,20931.0,21072.9375,20931.0,21072.9375
2026-05-05 03:00:00,may_2026,1,20293.0,19977.75390625,20293.0,19977.75390625
2026-05-05 04:00:00,may_2026,1,19740.5,19765.341796875,19740.5,19765.341796875
2026-05-05 05:00:00,may_2026,1,20236.0,20449.376953125,20236.0,20449.376953125
2026-05-05 06:00:00,may_2026,1,23169.5,22575.88671875,23169.5,22575.88671875
2026-05-05 07:00:00,may_2026,1,25731.0,26123.078125,25731.0,26123.078125
2026-05-05 08:00:00,may_2026,1,26597.0,25760.005859375,26597.0,25760.005859375
2026-05-05 09:00:00,may_2026,1,24902.5,25744.423828125,24902.5,25744.423828125
2026-05-05 10:00:00,may_2026,1,23544.0,23653.33984375,23544.0,23653.33984375
2026-05-05 11:00:00,may_2026,1,23108.5,22752.921875,23108.5,22752.921875
2026-05-05 12:00:00,may_2026,1,23266.5,22102.08203125,23266.5,22102.08203125
2026-05-05 13:00:00,may_2026,1,23555.5,23014.720703125,23555.5,23014.720703125
2026-05-05 14:00:00,may_2026,1,23394.5,23613.162109375,23394.5,23613.162109375
2026-05-05 15:00:00,may_2026,1,24141.0,23859.19921875,24141.0,23859.19921875
2026-05-05 16:00:00,may_2026,1,25334.5,25569.115234375,25334.5,25569.115234375
2026-05-05 17:00:00,may_2026,1,27508.0,26622.93359375,27508.0,26622.93359375
2026-05-05 18:00:00,may_2026,1,29053.5,28719.66796875,29053.5,28719.66796875
2026-05-05 19:00:00,may_2026,1,29438.5,29780.966796875,29438.5,29780.966796875
2026-05-05 20:00:00,may_2026,1,30176.0,28442.4609375,30176.0,28442.4609375
2026-05-05 21:00:00,may_2026,1,29196.5,28334.9609375,29196.5,28334.9609375
2026-05-05 22:00:00,may_2026,1,26189.5,26446.759765625,26189.5,26446.759765625
2026-05-05 23:00:00,may_2026,1,23590.0,22963.244140625,23590.0,22963.244140625
2026-05-06 00:00:00,may_2026,1,22959.0,21905.072265625,22959.0,21905.072265625
2026-05-06 01:00:00,may_2026,1,22660.5,22425.736328125,22660.5,22425.736328125
2026-05-06 02:00:00,may_2026,1,22063.0,21976.48828125,22063.0,21976.48828125
2026-05-06 03:00:00,may_2026,1,21260.5,21106.990234375,21260.5,21106.990234375
2026-05-06 04:00:00,may_2026,1,20888.0,20633.958984375,20888.0,20633.958984375
2026-05-06 05:00:00,may_2026,1,21050.5,21985.58203125,21050.5,21985.58203125
2026-05-06 06:00:00,may_2026,1,23765.0,23355.359375,23765.0,23355.359375
2026-05-06 07:00:00,may_2026,1,27205.5,26415.7421875,27205.5,26415.7421875
2026-05-06 08:00:00,may_2026,1,27609.0,27668.177734375,27609.0,27668.177734375
2026-05-06 09:00:00,may_2026,1,26252.5,25783.107421875,26252.5,25783.107421875
2026-05-06 10:00:00,may_2026,1,24616.0,24389.669921875,24616.0,24389.669921875
2026-05-06 11:00:00,may_2026,1,23746.5,23264.349609375,23746.5,23264.349609375
2026-05-06 12:00:00,may_2026,1,23452.0,22395.0625,23452.0,22395.0625
2026-05-06 13:00:00,may_2026,1,23467.0,22712.587890625,23467.0,22712.587890625
2026-05-06 14:00:00,may_2026,1,23907.0,23037.84765625,23907.0,23037.84765625
2026-05-06 15:00:00,may_2026,1,25289.5,24414.220703125,25289.5,24414.220703125
2026-05-06 16:00:00,may_2026,1,27250.0,27211.83984375,27250.0,27211.83984375
2026-05-06 17:00:00,may_2026,1,29432.0,29527.845703125,29432.0,29527.845703125
2026-05-06 18:00:00,may_2026,1,30308.0,30585.9921875,30308.0,30585.9921875
2026-05-06 19:00:00,may_2026,1,31123.0,30573.765625,31123.0,30573.765625
2026-05-06 20:00:00,may_2026,1,30471.5,30171.6484375,30471.5,30171.6484375
2026-05-06 21:00:00,may_2026,1,29954.5,28180.740234375,29954.5,28180.740234375
2026-05-06 22:00:00,may_2026,1,27130.0,27062.8046875,27130.0,27062.8046875
2026-05-06 23:00:00,may_2026,1,24562.0,23920.76171875,24562.0,23920.76171875
2026-05-07 00:00:00,may_2026,1,23298.5,22700.927734375,23298.5,22700.927734375
2026-05-07 01:00:00,may_2026,1,22939.5,22750.072265625,22939.5,22750.072265625
2026-05-07 02:00:00,may_2026,1,22399.5,22266.28125,22399.5,22266.28125
2026-05-07 03:00:00,may_2026,1,21620.0,21329.560546875,21620.0,21329.560546875
2026-05-07 04:00:00,may_2026,1,21078.0,20839.748046875,21078.0,20839.748046875
2026-05-07 05:00:00,may_2026,1,21006.5,21914.89453125,21006.5,21914.89453125
2026-05-07 06:00:00,may_2026,1,23586.0,23190.2265625,23586.0,23190.2265625
2026-05-07 07:00:00,may_2026,1,27034.0,26738.486328125,27034.0,26738.486328125
2026-05-07 08:00:00,may_2026,1,27577.5,27875.419921875,27577.5,27875.419921875
2026-05-07 09:00:00,may_2026,1,26496.0,25971.24609375,26496.0,25971.24609375
2026-05-07 10:00:00,may_2026,1,25057.0,24866.61328125,25057.0,24866.61328125
2026-05-07 11:00:00,may_2026,1,24678.0,23729.83203125,24678.0,23729.83203125
2026-05-07 12:00:00,may_2026,1,24752.0,23188.75390625,24752.0,23188.75390625
2026-05-07 13:00:00,may_2026,1,24377.0,23441.6328125,24377.0,23441.6328125
2026-05-07 14:00:00,may_2026,1,24118.0,23311.013671875,24118.0,23311.013671875
2026-05-07 15:00:00,may_2026,1,24941.5,23868.216796875,24941.5,23868.216796875
2026-05-07 16:00:00,may_2026,1,26280.5,25788.689453125,26280.5,25788.689453125
2026-05-07 17:00:00,may_2026,1,28051.5,27441.09375,28051.5,27441.09375
2026-05-07 18:00:00,may_2026,1,29069.5,29142.986328125,29069.5,29142.986328125
2026-05-07 19:00:00,may_2026,1,29954.5,29479.76171875,29954.5,29479.76171875
2026-05-07 20:00:00,may_2026,1,29864.0,29247.333984375,29864.0,29247.333984375
2026-05-07 21:00:00,may_2026,1,29108.0,27730.18359375,29108.0,27730.18359375
2026-05-07 22:00:00,may_2026,1,26407.5,26141.080078125,26407.5,26141.080078125
2026-05-07 23:00:00,may_2026,1,23824.5,23478.701171875,23824.5,23478.701171875
2026-05-08 00:00:00,may_2026,1,22982.5,22062.896484375,22982.5,22062.896484375
2026-05-08 01:00:00,may_2026,1,22730.0,22287.974609375,22730.0,22287.974609375
2026-05-08 02:00:00,may_2026,1,21916.5,21818.306640625,21916.5,21818.306640625
2026-05-08 03:00:00,may_2026,1,21036.0,20624.298828125,21036.0,20624.298828125
2026-05-08 04:00:00,may_2026,1,20865.5,19917.521484375,20865.5,19917.521484375
2026-05-08 05:00:00,may_2026,1,21092.0,21060.875,21092.0,21060.875
2026-05-08 06:00:00,may_2026,1,23696.0,22479.767578125,23696.0,22479.767578125
2026-05-08 07:00:00,may_2026,1,26877.5,25919.791015625,26877.5,25919.791015625
2026-05-08 08:00:00,may_2026,1,27458.5,27147.640625,27458.5,27147.640625
2026-05-08 09:00:00,may_2026,1,26286.5,25494.953125,26286.5,25494.953125
2026-05-08 10:00:00,may_2026,1,24134.5,24384.236328125,24134.5,24384.236328125
2026-05-08 11:00:00,may_2026,1,23037.0,22881.962890625,23037.0,22881.962890625
2026-05-08 12:00:00,may_2026,1,22393.0,21478.771484375,22393.0,21478.771484375
2026-05-08 13:00:00,may_2026,1,21402.0,20984.283203125,21402.0,20984.283203125
2026-05-08 14:00:00,may_2026,1,20895.5,20490.40625,20895.5,20490.40625
2026-05-08 15:00:00,may_2026,1,21706.5,20521.6953125,21706.5,20521.6953125
2026-05-08 16:00:00,may_2026,1,23724.0,22490.1015625,23724.0,22490.1015625
2026-05-08 17:00:00,may_2026,1,26573.0,25171.998046875,26573.0,25171.998046875
2026-05-08 18:00:00,may_2026,1,28060.5,27386.59375,28060.5,27386.59375
2026-05-08 19:00:00,may_2026,1,28543.0,27890.736328125,28543.0,27890.736328125
2026-05-08 20:00:00,may_2026,1,28867.0,27615.353515625,28867.0,27615.353515625
2026-05-08 21:00:00,may_2026,1,27469.5,26742.9765625,27469.5,26742.9765625
2026-05-08 22:00:00,may_2026,1,25674.5,24871.6328125,25674.5,24871.6328125
2026-05-08 23:00:00,may_2026,1,24047.0,22913.35546875,24047.0,22913.35546875
2026-05-09 00:00:00,may_2026,1,23017.0,21417.25390625,23017.0,21417.25390625
2026-05-09 01:00:00,may_2026,1,22519.5,21336.6875,22519.5,21336.6875
2026-05-09 02:00:00,may_2026,1,21481.5,20947.771484375,21481.5,20947.771484375
2026-05-09 03:00:00,may_2026,1,20493.0,19762.521484375,20493.0,19762.521484375
2026-05-09 04:00:00,may_2026,1,19876.5,19162.06640625,19876.5,19162.06640625
2026-05-09 05:00:00,may_2026,1,19535.5,19708.435546875,19535.5,19708.435546875
2026-05-09 06:00:00,may_2026,1,20196.5,20685.724609375,20196.5,20685.724609375
2026-05-09 07:00:00,may_2026,1,20813.0,22185.59765625,20813.0,22185.59765625
2026-05-09 08:00:00,may_2026,1,20620.0,21855.548828125,20620.0,21855.548828125
2026-05-09 09:00:00,may_2026,1,19960.5,20358.7734375,19960.5,20358.7734375
2026-05-09 10:00:00,may_2026,1,18807.5,19362.451171875,18807.5,19362.451171875
2026-05-09 11:00:00,may_2026,1,17682.0,19284.767578125,17682.0,19284.767578125
2026-05-09 12:00:00,may_2026,1,17621.490234375,18539.623046875,17621.490234375,18539.623046875
2026-05-09 13:00:00,may_2026,1,17621.490234375,18971.66015625,17621.490234375,18971.66015625
2026-05-09 14:00:00,may_2026,1,17621.490234375,19321.095703125,17621.490234375,19321.095703125
2026-05-09 15:00:00,may_2026,1,17621.490234375,20030.349609375,17621.490234375,20030.349609375
2026-05-09 16:00:00,may_2026,1,19898.5,20781.607421875,19898.5,20781.607421875
2026-05-09 17:00:00,may_2026,1,22812.0,23627.62890625,22812.0,23627.62890625
2026-05-09 18:00:00,may_2026,1,24841.0,25799.861328125,24841.0,25799.861328125
2026-05-09 19:00:00,may_2026,1,25117.5,26730.349609375,25117.5,26730.349609375
2026-05-09 20:00:00,may_2026,1,25015.5,25454.306640625,25015.5,25454.306640625
2026-05-09 21:00:00,may_2026,1,24819.5,24188.65625,24819.5,24188.65625
2026-05-09 22:00:00,may_2026,1,23249.0,23233.017578125,23249.0,23233.017578125
2026-05-09 23:00:00,may_2026,1,21270.0,21316.654296875,21270.0,21316.654296875
2026-05-10 00:00:00,may_2026,1,20568.0,19926.25,20568.0,19926.25
2026-05-10 01:00:00,may_2026,1,19898.0,19640.361328125,19898.0,19640.361328125
2026-05-10 02:00:00,may_2026,1,19264.0,19041.63671875,19264.0,19041.63671875
2026-05-10 03:00:00,may_2026,1,18450.0,18570.1171875,18450.0,18570.1171875
2026-05-10 04:00:00,may_2026,1,17807.0,18161.546875,17807.0,18161.546875
2026-05-10 05:00:00,may_2026,1,17621.490234375,18756.974609375,17621.490234375,18756.974609375
2026-05-10 06:00:00,may_2026,1,17621.490234375,19455.056640625,17621.490234375,19455.056640625
2026-05-10 07:00:00,may_2026,1,18096.5,19498.87890625,18096.5,19498.87890625
2026-05-10 08:00:00,may_2026,1,18699.0,19589.1328125,18699.0,19589.1328125
2026-05-10 09:00:00,may_2026,1,19144.0,19239.71484375,19144.0,19239.71484375
2026-05-10 10:00:00,may_2026,1,18844.0,19198.427734375,18844.0,19198.427734375
2026-05-10 11:00:00,may_2026,1,18644.0,19129.1796875,18644.0,19129.1796875
2026-05-10 12:00:00,may_2026,1,18969.5,19115.408203125,18969.5,19115.408203125
2026-05-10 13:00:00,may_2026,1,18782.5,20263.810546875,18782.5,20263.810546875
2026-05-10 14:00:00,may_2026,1,18805.0,20184.4609375,18805.0,20184.4609375
2026-05-10 15:00:00,may_2026,1,19033.5,20922.189453125,19033.5,20922.189453125
2026-05-10 16:00:00,may_2026,1,20768.0,21874.478515625,20768.0,21874.478515625
2026-05-10 17:00:00,may_2026,1,22976.5,23774.61328125,22976.5,23774.61328125
2026-05-10 18:00:00,may_2026,1,24633.5,25911.650390625,24633.5,25911.650390625
2026-05-10 19:00:00,may_2026,1,26007.5,26160.001953125,26007.5,26160.001953125
2026-05-10 20:00:00,may_2026,1,26461.5,25963.05859375,26461.5,25963.05859375
2026-05-10 21:00:00,may_2026,1,26200.5,25842.95703125,26200.5,25842.95703125
2026-05-10 22:00:00,may_2026,1,23921.5,24412.71484375,23921.5,24412.71484375
2026-05-10 23:00:00,may_2026,1,21059.5,21444.822265625,21059.5,21444.822265625
2026-05-11 00:00:00,may_2026,1,20948.5,20113.818359375,20948.5,20113.818359375
2026-05-11 01:00:00,may_2026,1,20588.5,20880.716796875,20588.5,20880.716796875
2026-05-11 02:00:00,may_2026,1,20461.0,20102.759765625,20461.0,20102.759765625
2026-05-11 03:00:00,may_2026,1,19441.0,19492.84375,19441.0,19492.84375
2026-05-11 04:00:00,may_2026,1,18656.0,18770.044921875,18656.0,18770.044921875
2026-05-11 05:00:00,may_2026,1,19595.0,19902.845703125,19595.0,19902.845703125
2026-05-11 06:00:00,may_2026,1,22232.5,22365.3125,22232.5,22365.3125
2026-05-11 07:00:00,may_2026,1,25019.0,24340.306640625,25019.0,24340.306640625
2026-05-11 08:00:00,may_2026,1,25906.5,24942.65625,25906.5,24942.65625
2026-05-11 09:00:00,may_2026,1,26120.5,24822.072265625,26120.5,24822.072265625
2026-05-11 10:00:00,may_2026,1,25970.0,25430.525390625,25970.0,25430.525390625
2026-05-11 11:00:00,may_2026,1,25698.5,24739.767578125,25698.5,24739.767578125
2026-05-11 12:00:00,may_2026,1,25114.0,24577.93359375,25114.0,24577.93359375
2026-05-11 13:00:00,may_2026,1,24326.0,24398.935546875,24326.0,24398.935546875
2026-05-11 14:00:00,may_2026,1,23860.5,23869.375,23860.5,23869.375
2026-05-11 15:00:00,may_2026,1,23726.5,23860.138671875,23726.5,23860.138671875
2026-05-11 16:00:00,may_2026,1,25049.5,24330.70703125,25049.5,24330.70703125
2026-05-11 17:00:00,may_2026,1,27157.0,25904.517578125,27157.0,25904.517578125
2026-05-11 18:00:00,may_2026,1,28809.0,28208.71875,28809.0,28208.71875
2026-05-11 19:00:00,may_2026,1,29783.5,29375.890625,29783.5,29375.890625
2026-05-11 20:00:00,may_2026,1,29943.0,28711.060546875,29943.0,28711.060546875
2026-05-11 21:00:00,may_2026,1,29424.0,27848.73046875,29424.0,27848.73046875
2026-05-11 22:00:00,may_2026,1,27017.5,26548.33203125,27017.5,26548.33203125
2026-05-11 23:00:00,may_2026,1,24262.5,23648.515625,24262.5,23648.515625
2026-05-12 00:00:00,may_2026,1,23404.0,22120.37890625,23404.0,22120.37890625
2026-05-12 01:00:00,may_2026,1,23341.5,22599.580078125,23341.5,22599.580078125
2026-05-12 02:00:00,may_2026,1,22304.5,22507.73046875,22304.5,22507.73046875
2026-05-12 03:00:00,may_2026,1,21737.5,20986.8046875,21737.5,20986.8046875
2026-05-12 04:00:00,may_2026,1,20978.0,21218.61328125,20978.0,21218.61328125
2026-05-12 05:00:00,may_2026,1,20542.5,21282.494140625,20542.5,21282.494140625
2026-05-12 06:00:00,may_2026,1,23168.0,22273.330078125,23168.0,22273.330078125
2026-05-12 07:00:00,may_2026,1,25827.0,26388.365234375,25827.0,26388.365234375
2026-05-12 08:00:00,may_2026,1,25666.0,26287.998046875,25666.0,26287.998046875
2026-05-12 09:00:00,may_2026,1,24015.0,23942.2265625,24015.0,23942.2265625
2026-05-12 10:00:00,may_2026,1,22354.5,22607.55078125,22354.5,22607.55078125
2026-05-12 11:00:00,may_2026,1,21660.5,21558.3828125,21660.5,21558.3828125
2026-05-12 12:00:00,may_2026,1,21800.5,20904.84765625,21800.5,20904.84765625
2026-05-12 13:00:00,may_2026,1,21745.0,21472.689453125,21745.0,21472.689453125
2026-05-12 14:00:00,may_2026,1,21319.5,21824.33984375,21319.5,21824.33984375
2026-05-12 15:00:00,may_2026,1,20937.0,22073.337890625,20937.0,22073.337890625
2026-05-12 16:00:00,may_2026,1,22116.5,22649.03125,22116.5,22649.03125
2026-05-12 17:00:00,may_2026,1,23730.5,24322.939453125,23730.5,24322.939453125
2026-05-12 18:00:00,may_2026,1,25381.0,26342.48828125,25381.0,26342.48828125
2026-05-12 19:00:00,may_2026,1,27430.0,27313.5,27430.0,27313.5
2026-05-12 20:00:00,may_2026,1,27858.0,27872.58984375,27858.0,27872.58984375
2026-05-12 21:00:00,may_2026,1,28156.5,27289.95703125,28156.5,27289.95703125
2026-05-12 22:00:00,may_2026,1,26521.5,26137.40625,26521.5,26137.40625
2026-05-12 23:00:00,may_2026,1,23382.5,23702.599609375,23382.5,23702.599609375
2026-05-13 00:00:00,may_2026,1,22535.5,21349.06640625,22535.5,21349.06640625
2026-05-13 01:00:00,may_2026,1,21943.5,21520.923828125,21943.5,21520.923828125
2026-05-13 02:00:00,may_2026,1,21391.5,21160.2421875,21391.5,21160.2421875
2026-05-13 03:00:00,may_2026,1,20385.5,20455.697265625,20385.5,20455.697265625
2026-05-13 04:00:00,may_2026,1,19371.0,19382.333984375,19371.0,19382.333984375
2026-05-13 05:00:00,may_2026,1,19459.0,19424.63671875,19459.0,19424.63671875
2026-05-13 06:00:00,may_2026,1,22400.0,21441.95703125,22400.0,21441.95703125
2026-05-13 07:00:00,may_2026,1,24814.0,25348.259765625,24814.0,25348.259765625
2026-05-13 08:00:00,may_2026,1,25527.0,25018.486328125,25527.0,25018.486328125
2026-05-13 09:00:00,may_2026,1,25227.5,23984.14453125,25227.5,23984.14453125
2026-05-13 10:00:00,may_2026,1,24277.5,24061.212890625,24277.5,24061.212890625
2026-05-13 11:00:00,may_2026,1,23042.0,22999.77734375,23042.0,22999.77734375
2026-05-13 12:00:00,may_2026,1,23000.0,21952.9375,23000.0,21952.9375
2026-05-13 13:00:00,may_2026,1,22994.0,22068.134765625,22994.0,22068.134765625
2026-05-13 14:00:00,may_2026,1,22249.0,22623.02734375,22249.0,22623.02734375
2026-05-13 15:00:00,may_2026,1,22634.0,21974.4453125,22634.0,21974.4453125
2026-05-13 16:00:00,may_2026,1,24501.5,23482.775390625,24501.5,23482.775390625
2026-05-13 17:00:00,may_2026,1,27084.0,25945.34765625,27084.0,25945.34765625
2026-05-13 18:00:00,may_2026,1,28701.5,28382.955078125,28701.5,28382.955078125
2026-05-13 19:00:00,may_2026,1,29012.5,29226.541015625,29012.5,29226.541015625
2026-05-13 20:00:00,may_2026,1,29542.0,28199.17578125,29542.0,28199.17578125
2026-05-13 21:00:00,may_2026,1,29525.0,27906.185546875,29525.0,27906.185546875
2026-05-13 22:00:00,may_2026,1,26687.5,26870.583984375,26687.5,26870.583984375
2026-05-13 23:00:00,may_2026,1,23725.5,23595.556640625,23725.5,23595.556640625
2026-05-14 00:00:00,may_2026,1,23159.5,21790.3125,23159.5,21790.3125
2026-05-14 01:00:00,may_2026,1,22380.0,22411.083984375,22380.0,22411.083984375
2026-05-14 02:00:00,may_2026,1,21470.0,21587.421875,21470.0,21587.421875
2026-05-14 03:00:00,may_2026,1,20786.5,20424.453125,20786.5,20424.453125
2026-05-14 04:00:00,may_2026,1,20524.0,19954.845703125,20524.0,19954.845703125
2026-05-14 05:00:00,may_2026,1,21080.5,21357.212890625,21080.5,21357.212890625
2026-05-14 06:00:00,may_2026,1,24008.5,23415.65625,24008.5,23415.65625
2026-05-14 07:00:00,may_2026,1,26433.0,26725.16015625,26433.0,26725.16015625
2026-05-14 08:00:00,may_2026,1,26271.5,26102.78125,26271.5,26102.78125
2026-05-14 09:00:00,may_2026,1,25859.0,24586.0,25859.0,24586.0
2026-05-14 10:00:00,may_2026,1,24597.5,24736.73046875,24597.5,24736.73046875
2026-05-14 11:00:00,may_2026,1,23724.0,23263.78125,23724.0,23263.78125
2026-05-14 12:00:00,may_2026,1,23404.0,22251.54296875,23404.0,22251.54296875
2026-05-14 13:00:00,may_2026,1,22757.5,22300.55859375,22757.5,22300.55859375
2026-05-14 14:00:00,may_2026,1,22730.5,22195.34765625,22730.5,22195.34765625
2026-05-14 15:00:00,may_2026,1,22743.0,23103.697265625,22743.0,23103.697265625
2026-05-14 16:00:00,may_2026,1,24418.0,23717.095703125,24418.0,23717.095703125
2026-05-14 17:00:00,may_2026,1,26418.5,25955.916015625,26418.5,25955.916015625
2026-05-14 18:00:00,may_2026,1,28715.0,27881.314453125,28715.0,27881.314453125
2026-05-14 19:00:00,may_2026,1,29664.5,29208.701171875,29664.5,29208.701171875
2026-05-14 20:00:00,may_2026,1,29126.5,28585.51171875,29126.5,28585.51171875
2026-05-14 21:00:00,may_2026,1,28821.5,27247.767578125,28821.5,27247.767578125
2026-05-14 22:00:00,may_2026,1,26409.5,25926.03125,26409.5,25926.03125
2026-05-14 23:00:00,may_2026,1,23692.5,23317.580078125,23692.5,23317.580078125
2026-05-15 00:00:00,may_2026,1,22900.0,21828.671875,22900.0,21828.671875
2026-05-15 01:00:00,may_2026,1,22359.5,22215.25390625,22359.5,22215.25390625
2026-05-15 02:00:00,may_2026,1,21577.0,21531.306640625,21577.0,21531.306640625
2026-05-15 03:00:00,may_2026,1,20576.5,20296.455078125,20576.5,20296.455078125
2026-05-15 04:00:00,may_2026,1,20200.5,19441.634765625,20200.5,19441.634765625
2026-05-15 05:00:00,may_2026,1,20239.0,20124.4375,20239.0,20124.4375
2026-05-15 06:00:00,may_2026,1,23192.5,21655.025390625,23192.5,21655.025390625
2026-05-15 07:00:00,may_2026,1,26042.5,25567.994140625,26042.5,25567.994140625
2026-05-15 08:00:00,may_2026,1,25536.0,26205.65234375,25536.0,26205.65234375
2026-05-15 09:00:00,may_2026,1,24028.0,23328.1171875,24028.0,23328.1171875
2026-05-15 10:00:00,may_2026,1,23443.0,22495.08984375,23443.0,22495.08984375
2026-05-15 11:00:00,may_2026,1,23120.0,22184.181640625,23120.0,22184.181640625
2026-05-15 12:00:00,may_2026,1,22950.5,21731.908203125,22950.5,21731.908203125
2026-05-15 13:00:00,may_2026,1,22167.5,21773.9921875,22167.5,21773.9921875
2026-05-15 14:00:00,may_2026,1,21517.0,21274.921875,21517.0,21274.921875
2026-05-15 15:00:00,may_2026,1,22119.0,21010.109375,22119.0,21010.109375
2026-05-15 16:00:00,may_2026,1,23679.0,22867.484375,23679.0,22867.484375
2026-05-15 17:00:00,may_2026,1,26177.0,24702.916015625,26177.0,24702.916015625
2026-05-15 18:00:00,may_2026,1,28096.5,26716.025390625,28096.5,26716.025390625
2026-05-15 19:00:00,may_2026,1,29673.0,27892.326171875,29673.0,27892.326171875
2026-05-15 20:00:00,may_2026,1,29416.0,28285.697265625,29416.0,28285.697265625
2026-05-15 21:00:00,may_2026,1,28855.0,26989.92578125,28855.0,26989.92578125
2026-05-15 22:00:00,may_2026,1,26829.5,25684.58203125,26829.5,25684.58203125
2026-05-15 23:00:00,may_2026,1,23950.5,23458.115234375,23950.5,23458.115234375
2026-05-16 00:00:00,may_2026,1,22977.5,21498.794921875,22977.5,21498.794921875
2026-05-16 01:00:00,may_2026,1,22591.5,21501.568359375,22591.5,21501.568359375
2026-05-16 02:00:00,may_2026,1,22011.5,21277.423828125,22011.5,21277.423828125
2026-05-16 03:00:00,may_2026,1,21324.0,20080.662109375,21324.0,20080.662109375
2026-05-16 04:00:00,may_2026,1,20695.5,19509.783203125,20695.5,19509.783203125
2026-05-16 05:00:00,may_2026,1,19893.0,20132.4296875,19893.0,20132.4296875
2026-05-16 06:00:00,may_2026,1,21105.0,20872.986328125,21105.0,20872.986328125
2026-05-16 07:00:00,may_2026,1,21578.0,23060.4609375,21578.0,23060.4609375
2026-05-16 08:00:00,may_2026,1,21374.5,22009.796875,21374.5,22009.796875
2026-05-16 09:00:00,may_2026,1,20953.5,20670.736328125,20953.5,20670.736328125
2026-05-16 10:00:00,may_2026,1,21232.0,19657.447265625,21232.0,19657.447265625
2026-05-16 11:00:00,may_2026,1,21921.5,20517.091796875,21921.5,20517.091796875
2026-05-16 12:00:00,may_2026,1,22306.5,21520.232421875,22306.5,21520.232421875
2026-05-16 13:00:00,may_2026,1,22382.5,22524.111328125,22382.5,22524.111328125
2026-05-16 14:00:00,may_2026,1,22379.5,22616.818359375,22379.5,22616.818359375
2026-05-16 15:00:00,may_2026,1,23151.5,23301.625,23151.5,23301.625
2026-05-16 16:00:00,may_2026,1,24676.0,24701.962890625,24676.0,24701.962890625
2026-05-16 17:00:00,may_2026,1,26557.0,26623.970703125,26557.0,26623.970703125
2026-05-16 18:00:00,may_2026,1,27864.0,27935.931640625,27864.0,27935.931640625
2026-05-16 19:00:00,may_2026,1,27709.5,27855.755859375,27709.5,27855.755859375
2026-05-16 20:00:00,may_2026,1,27021.5,26595.40625,27021.5,26595.40625
2026-05-16 21:00:00,may_2026,1,26584.5,25453.515625,26584.5,25453.515625
2026-05-16 22:00:00,may_2026,1,24318.5,24634.873046875,24318.5,24634.873046875
2026-05-16 23:00:00,may_2026,1,22226.5,22151.283203125,22226.5,22151.283203125
2026-05-17 00:00:00,may_2026,1,21311.0,20666.80859375,21311.0,20666.80859375
2026-05-17 01:00:00,may_2026,1,20896.5,20020.740234375,20896.5,20020.740234375
2026-05-17 02:00:00,may_2026,1,20180.5,19778.908203125,20180.5,19778.908203125
2026-05-17 03:00:00,may_2026,1,18957.0,18976.046875,18957.0,18976.046875
2026-05-17 04:00:00,may_2026,1,18392.5,18437.099609375,18392.5,18437.099609375
2026-05-17 05:00:00,may_2026,1,17621.490234375,19157.505859375,17621.490234375,19157.505859375
2026-05-17 06:00:00,may_2026,1,17728.5,19149.5,17728.5,19149.5
2026-05-17 07:00:00,may_2026,1,17762.0,19561.5546875,17762.0,19561.5546875
2026-05-17 08:00:00,may_2026,1,17953.0,18895.130859375,17953.0,18895.130859375
2026-05-17 09:00:00,may_2026,1,18252.5,18560.201171875,18252.5,18560.201171875
2026-05-17 10:00:00,may_2026,1,18648.0,18819.810546875,18648.0,18819.810546875
2026-05-17 11:00:00,may_2026,1,18438.5,19231.7109375,18438.5,19231.7109375
2026-05-17 12:00:00,may_2026,1,18607.0,19061.77734375,18607.0,19061.77734375
2026-05-17 13:00:00,may_2026,1,18160.0,19817.84375,18160.0,19817.84375
2026-05-17 14:00:00,may_2026,1,17943.5,19749.84375,17943.5,19749.84375
2026-05-17 15:00:00,may_2026,1,19058.0,20225.26171875,19058.0,20225.26171875
2026-05-17 16:00:00,may_2026,1,21519.5,22381.794921875,21519.5,22381.794921875
2026-05-17 17:00:00,may_2026,1,24580.0,24820.646484375,24580.0,24820.646484375
2026-05-17 18:00:00,may_2026,1,26834.5,26675.169921875,26834.5,26675.169921875
2026-05-17 19:00:00,may_2026,1,27341.0,27750.669921875,27341.0,27750.669921875
2026-05-17 20:00:00,may_2026,1,27382.0,26678.953125,27382.0,26678.953125
2026-05-17 21:00:00,may_2026,1,26572.0,26411.318359375,26572.0,26411.318359375
2026-05-17 22:00:00,may_2026,1,24842.0,24786.244140625,24842.0,24786.244140625
2026-05-17 23:00:00,may_2026,1,22400.0,22371.314453125,22400.0,22371.314453125
2026-05-18 00:00:00,may_2026,1,21540.0,20731.38671875,21540.0,20731.38671875
2026-05-18 01:00:00,may_2026,1,21534.0,21041.615234375,21534.0,21041.615234375
2026-05-18 02:00:00,may_2026,1,21158.0,21245.791015625,21158.0,21245.791015625
2026-05-18 03:00:00,may_2026,1,20696.5,20217.71875,20696.5,20217.71875
2026-05-18 04:00:00,may_2026,1,19900.0,20024.7734375,19900.0,20024.7734375
2026-05-18 05:00:00,may_2026,1,20317.0,19832.36328125,20317.0,19832.36328125
2026-05-18 06:00:00,may_2026,1,22839.5,22488.7421875,22839.5,22488.7421875
2026-05-18 07:00:00,may_2026,1,26416.0,25667.373046875,26416.0,25667.373046875
2026-05-18 08:00:00,may_2026,1,26545.0,26813.908203125,26545.0,26813.908203125
2026-05-18 09:00:00,may_2026,1,26113.5,24668.392578125,26113.5,24668.392578125
2026-05-18 10:00:00,may_2026,1,26405.5,25104.634765625,26405.5,25104.634765625
2026-05-18 11:00:00,may_2026,1,26132.5,25535.353515625,26132.5,25535.353515625
2026-05-18 12:00:00,may_2026,1,25815.5,24686.021484375,25815.5,24686.021484375
2026-05-18 13:00:00,may_2026,1,25184.5,24756.828125,25184.5,24756.828125
2026-05-18 14:00:00,may_2026,1,24220.0,24254.99609375,24220.0,24254.99609375
2026-05-18 15:00:00,may_2026,1,24692.0,23780.158203125,24692.0,23780.158203125
2026-05-18 16:00:00,may_2026,1,26620.5,25418.08984375,26620.5,25418.08984375
2026-05-18 17:00:00,may_2026,1,28483.5,27907.150390625,28483.5,27907.150390625
2026-05-18 18:00:00,may_2026,1,29154.5,29614.947265625,29154.5,29614.947265625
2026-05-18 19:00:00,may_2026,1,30109.0,29301.380859375,30109.0,29301.380859375
2026-05-18 20:00:00,may_2026,1,29109.0,29441.25390625,29109.0,29441.25390625
2026-05-18 21:00:00,may_2026,1,27739.0,27257.08203125,27739.0,27257.08203125
2026-05-18 22:00:00,may_2026,1,24845.5,25207.078125,24845.5,25207.078125
2026-05-18 23:00:00,may_2026,1,22180.0,22092.904296875,22180.0,22092.904296875
2026-05-19 00:00:00,may_2026,1,20987.5,21105.294921875,20987.5,21105.294921875
2026-05-19 01:00:00,may_2026,1,20390.5,20843.03125,20390.5,20843.03125
2026-05-19 02:00:00,may_2026,1,19595.5,20126.625,19595.5,20126.625
2026-05-19 03:00:00,may_2026,1,18439.5,19199.53125,18439.5,19199.53125
2026-05-19 04:00:00,may_2026,1,18482.0,18929.314453125,18482.0,18929.314453125
2026-05-19 05:00:00,may_2026,1,18458.5,21300.375,18458.5,21300.375
2026-05-19 06:00:00,may_2026,1,21168.5,21880.30078125,21168.5,21880.30078125
2026-05-19 07:00:00,may_2026,1,25056.0,24340.81640625,25056.0,24340.81640625
2026-05-19 08:00:00,may_2026,1,26679.0,26537.857421875,26679.0,26537.857421875
2026-05-19 09:00:00,may_2026,1,26863.0,25743.365234375,26863.0,25743.365234375
2026-05-19 10:00:00,may_2026,1,26064.0,26090.263671875,26064.0,26090.263671875
2026-05-19 11:00:00,may_2026,1,25321.5,25294.7421875,25321.5,25294.7421875
2026-05-19 12:00:00,may_2026,1,24905.5,24763.119140625,24905.5,24763.119140625
2026-05-19 13:00:00,may_2026,1,24277.5,24590.466796875,24277.5,24590.466796875
2026-05-19 14:00:00,may_2026,1,23704.0,24185.76953125,23704.0,24185.76953125
2026-05-19 15:00:00,may_2026,1,23914.0,24052.806640625,23914.0,24052.806640625
2026-05-19 16:00:00,may_2026,1,25020.0,25339.28125,25020.0,25339.28125
2026-05-19 17:00:00,may_2026,1,27440.5,26675.62109375,27440.5,26675.62109375
2026-05-19 18:00:00,may_2026,1,28411.0,28732.560546875,28411.0,28732.560546875
2026-05-19 19:00:00,may_2026,1,28646.5,29066.05078125,28646.5,29066.05078125
2026-05-19 20:00:00,may_2026,1,28010.5,28270.3125,28010.5,28270.3125
2026-05-19 21:00:00,may_2026,1,27398.0,26908.671875,27398.0,26908.671875
2026-05-19 22:00:00,may_2026,1,24762.0,25431.138671875,24762.0,25431.138671875
2026-05-19 23:00:00,may_2026,1,22159.0,22342.48046875,22159.0,22342.48046875
2026-05-20 00:00:00,may_2026,1,21270.5,20913.63671875,21270.5,20913.63671875
2026-05-20 01:00:00,may_2026,1,21183.5,20877.064453125,21183.5,20877.064453125
2026-05-20 02:00:00,may_2026,1,20887.0,20624.30859375,20887.0,20624.30859375
2026-05-20 03:00:00,may_2026,1,19918.0,20183.03125,19918.0,20183.03125
2026-05-20 04:00:00,may_2026,1,19128.0,19601.193359375,19128.0,19601.193359375
2026-05-20 05:00:00,may_2026,1,19425.0,20603.67578125,19425.0,20603.67578125
2026-05-20 06:00:00,may_2026,1,22086.5,22600.767578125,22086.5,22600.767578125
2026-05-20 07:00:00,may_2026,1,25043.0,25308.900390625,25043.0,25308.900390625
2026-05-20 08:00:00,may_2026,1,25738.5,25535.525390625,25738.5,25535.525390625
2026-05-20 09:00:00,may_2026,1,25455.0,24703.109375,25455.0,24703.109375
2026-05-20 10:00:00,may_2026,1,23996.5,24577.60546875,23996.5,24577.60546875
2026-05-20 11:00:00,may_2026,1,23883.5,23163.90625,23883.5,23163.90625
2026-05-20 12:00:00,may_2026,1,24471.0,22936.255859375,24471.0,22936.255859375
2026-05-20 13:00:00,may_2026,1,23623.5,24054.841796875,23623.5,24054.841796875
2026-05-20 14:00:00,may_2026,1,22711.0,23347.26953125,22711.0,23347.26953125
2026-05-20 15:00:00,may_2026,1,22676.5,22814.962890625,22676.5,22814.962890625
2026-05-20 16:00:00,may_2026,1,23746.5,23668.21484375,23746.5,23668.21484375
2026-05-20 17:00:00,may_2026,1,25631.0,24982.154296875,25631.0,24982.154296875
2026-05-20 18:00:00,may_2026,1,26745.5,26864.21484375,26745.5,26864.21484375
2026-05-20 19:00:00,may_2026,1,28049.0,27323.43359375,28049.0,27323.43359375
2026-05-20 20:00:00,may_2026,1,27648.5,27764.2109375,27648.5,27764.2109375
2026-05-20 21:00:00,may_2026,1,27078.0,26545.44140625,27078.0,26545.44140625
2026-05-20 22:00:00,may_2026,1,24676.5,25074.5078125,24676.5,25074.5078125
2026-05-20 23:00:00,may_2026,1,22919.5,22317.921875,22919.5,22317.921875
2026-05-21 00:00:00,may_2026,1,22132.0,21306.125,22132.0,21306.125
2026-05-21 01:00:00,may_2026,1,21913.5,21267.333984375,21913.5,21267.333984375
2026-05-21 02:00:00,may_2026,1,21086.0,20842.236328125,21086.0,20842.236328125
2026-05-21 03:00:00,may_2026,1,19834.0,19749.603515625,19834.0,19749.603515625
2026-05-21 04:00:00,may_2026,1,19314.5,19057.31640625,19314.5,19057.31640625
2026-05-21 05:00:00,may_2026,1,19295.0,20294.857421875,19295.0,20294.857421875
2026-05-21 06:00:00,may_2026,1,22089.5,21402.896484375,22089.5,21402.896484375
2026-05-21 07:00:00,may_2026,1,26055.5,24701.5546875,26055.5,24701.5546875
2026-05-21 08:00:00,may_2026,1,26366.0,27218.0234375,26366.0,27218.0234375
2026-05-21 09:00:00,may_2026,1,26100.0,24773.44140625,26100.0,24773.44140625
2026-05-21 10:00:00,may_2026,1,24748.5,24917.607421875,24748.5,24917.607421875
2026-05-21 11:00:00,may_2026,1,23012.5,23667.251953125,23012.5,23667.251953125
2026-05-21 12:00:00,may_2026,1,21645.5,22147.123046875,21645.5,22147.123046875
2026-05-21 13:00:00,may_2026,1,20602.5,21182.501953125,20602.5,21182.501953125
2026-05-21 14:00:00,may_2026,1,20227.0,20643.583984375,20227.0,20643.583984375
2026-05-21 15:00:00,may_2026,1,20735.5,21042.685546875,20735.5,21042.685546875
2026-05-21 16:00:00,may_2026,1,22874.5,22626.58203125,22874.5,22626.58203125
2026-05-21 17:00:00,may_2026,1,25008.5,25022.685546875,25008.5,25022.685546875
2026-05-21 18:00:00,may_2026,1,27132.5,26709.37109375,27132.5,26709.37109375
2026-05-21 19:00:00,may_2026,1,28133.0,27793.509765625,28133.0,27793.509765625
2026-05-21 20:00:00,may_2026,1,27983.5,27762.6015625,27983.5,27762.6015625
2026-05-21 21:00:00,may_2026,1,27526.0,26867.53515625,27526.0,26867.53515625
2026-05-21 22:00:00,may_2026,1,25570.0,25227.169921875,25570.0,25227.169921875
2026-05-21 23:00:00,may_2026,1,23137.0,22846.404296875,23137.0,22846.404296875
2026-05-22 00:00:00,may_2026,1,21771.0,21273.373046875,21771.0,21273.373046875
2026-05-22 01:00:00,may_2026,1,21246.0,21192.751953125,21246.0,21192.751953125
2026-05-22 02:00:00,may_2026,1,20957.5,20705.005859375,20957.5,20705.005859375
2026-05-22 03:00:00,may_2026,1,20208.0,19802.298828125,20208.0,19802.298828125
2026-05-22 04:00:00,may_2026,1,19351.5,18949.978515625,19351.5,18949.978515625
2026-05-22 05:00:00,may_2026,1,19543.0,19321.005859375,19543.0,19321.005859375
2026-05-22 06:00:00,may_2026,1,22040.5,21437.20703125,22040.5,21437.20703125
2026-05-22 07:00:00,may_2026,1,23813.0,24324.3828125,23813.0,24324.3828125
2026-05-22 08:00:00,may_2026,1,23610.5,23570.11328125,23610.5,23570.11328125
2026-05-22 09:00:00,may_2026,1,21663.0,21817.96875,21663.0,21817.96875
2026-05-22 10:00:00,may_2026,1,19759.0,20537.80859375,19759.0,20537.80859375
2026-05-22 11:00:00,may_2026,1,18415.0,19642.158203125,18415.0,19642.158203125
2026-05-22 12:00:00,may_2026,1,17902.0,18593.11328125,17902.0,18593.11328125
2026-05-22 13:00:00,may_2026,1,17621.490234375,18626.158203125,17621.490234375,18626.158203125
2026-05-22 14:00:00,may_2026,1,17621.490234375,19223.5859375,17621.490234375,19223.5859375
2026-05-22 15:00:00,may_2026,1,17837.5,19917.150390625,17837.5,19917.150390625
2026-05-22 16:00:00,may_2026,1,20010.0,20886.515625,20010.0,20886.515625
2026-05-22 17:00:00,may_2026,1,22776.5,23404.12109375,22776.5,23404.12109375
2026-05-22 18:00:00,may_2026,1,25186.0,25405.369140625,25186.0,25405.369140625
2026-05-22 19:00:00,may_2026,1,26271.5,26805.48046875,26271.5,26805.48046875
2026-05-22 20:00:00,may_2026,1,26252.0,26454.51953125,26252.0,26454.51953125
2026-05-22 21:00:00,may_2026,1,26124.5,25081.984375,26124.5,25081.984375
2026-05-22 22:00:00,may_2026,1,25497.0,24004.37890625,25497.0,24004.37890625
2026-05-22 23:00:00,may_2026,1,22657.5,22793.05078125,22657.5,22793.05078125
2026-05-23 00:00:00,may_2026,1,21877.5,20416.900390625,21877.5,20416.900390625
2026-05-23 01:00:00,may_2026,1,21100.0,20510.806640625,21100.0,20510.806640625
2026-05-23 02:00:00,may_2026,1,20314.5,20006.02734375,20314.5,20006.02734375
2026-05-23 03:00:00,may_2026,1,19445.5,19057.314453125,19445.5,19057.314453125
2026-05-23 04:00:00,may_2026,1,18623.5,18360.1875,18623.5,18360.1875
2026-05-23 05:00:00,may_2026,1,18627.0,18818.509765625,18627.0,18818.509765625
2026-05-23 06:00:00,may_2026,1,18850.0,20371.134765625,18850.0,20371.134765625
2026-05-23 07:00:00,may_2026,1,19110.0,20935.25,19110.0,20935.25
2026-05-23 08:00:00,may_2026,1,19090.0,20600.72265625,19090.0,20600.72265625
2026-05-23 09:00:00,may_2026,1,18238.0,19561.271484375,18238.0,19561.271484375
2026-05-23 10:00:00,may_2026,1,17621.490234375,18281.19140625,17621.490234375,18281.19140625
2026-05-23 11:00:00,may_2026,1,17621.490234375,18394.072265625,17621.490234375,18394.072265625
2026-05-23 12:00:00,may_2026,1,17621.490234375,18621.0703125,17621.490234375,18621.0703125
2026-05-23 13:00:00,may_2026,1,17621.490234375,19004.884765625,17621.490234375,19004.884765625
2026-05-23 14:00:00,may_2026,1,17621.490234375,19129.59765625,17621.490234375,19129.59765625
2026-05-23 15:00:00,may_2026,1,17621.490234375,19973.37890625,17621.490234375,19973.37890625
2026-05-23 16:00:00,may_2026,1,17621.490234375,20540.09375,17621.490234375,20540.09375
2026-05-23 17:00:00,may_2026,1,20719.0,20562.19140625,20719.0,20562.19140625
2026-05-23 18:00:00,may_2026,1,23431.0,23931.2578125,23431.0,23931.2578125
2026-05-23 19:00:00,may_2026,1,24675.5,25624.095703125,24675.5,25624.095703125
2026-05-23 20:00:00,may_2026,1,24633.0,25481.03515625,24633.0,25481.03515625
2026-05-23 21:00:00,may_2026,1,24878.5,24318.11328125,24878.5,24318.11328125
2026-05-23 22:00:00,may_2026,1,23845.5,23584.3515625,23845.5,23584.3515625
2026-05-23 23:00:00,may_2026,1,22106.5,22335.677734375,22106.5,22335.677734375
2026-05-24 00:00:00,may_2026,1,21209.5,20554.458984375,21209.5,20554.458984375
2026-05-24 01:00:00,may_2026,1,20515.0,19775.25,20515.0,19775.25
2026-05-24 02:00:00,may_2026,1,19606.0,19581.578125,19606.0,19581.578125
2026-05-24 03:00:00,may_2026,1,18613.5,19086.1015625,18613.5,19086.1015625
2026-05-24 04:00:00,may_2026,1,18143.5,18394.5390625,18143.5,18394.5390625
2026-05-24 05:00:00,may_2026,1,17621.490234375,18467.703125,17621.490234375,18467.703125
2026-05-24 06:00:00,may_2026,1,17621.490234375,18954.3828125,17621.490234375,18954.3828125
2026-05-24 07:00:00,may_2026,1,17621.490234375,19505.39453125,17621.490234375,19505.39453125
2026-05-24 08:00:00,may_2026,1,17621.490234375,19323.515625,17621.490234375,19323.515625
2026-05-24 09:00:00,may_2026,1,17621.490234375,18611.138671875,17621.490234375,18611.138671875
2026-05-24 10:00:00,may_2026,1,17621.490234375,18138.658203125,17621.490234375,18138.658203125
2026-05-24 11:00:00,may_2026,1,17621.490234375,18229.443359375,17621.490234375,18229.443359375
2026-05-24 12:00:00,may_2026,1,17621.490234375,18450.638671875,17621.490234375,18450.638671875
2026-05-24 13:00:00,may_2026,1,17621.490234375,18700.478515625,17621.490234375,18700.478515625
2026-05-24 14:00:00,may_2026,1,17621.490234375,19180.65234375,17621.490234375,19180.65234375
2026-05-24 15:00:00,may_2026,1,17621.490234375,19627.076171875,17621.490234375,19627.076171875
2026-05-24 16:00:00,may_2026,1,17621.490234375,20404.3828125,17621.490234375,20404.3828125
2026-05-24 17:00:00,may_2026,1,20040.0,20385.400390625,20040.0,20385.400390625
2026-05-24 18:00:00,may_2026,1,23203.0,23562.3515625,23203.0,23562.3515625
2026-05-24 19:00:00,may_2026,1,24807.0,25849.908203125,24807.0,25849.908203125
2026-05-24 20:00:00,may_2026,1,25519.5,25073.91015625,25519.5,25073.91015625
2026-05-24 21:00:00,may_2026,1,25570.0,25314.61328125,25570.0,25314.61328125
2026-05-24 22:00:00,may_2026,1,24787.5,24563.298828125,24787.5,24563.298828125
2026-05-24 23:00:00,may_2026,1,23162.5,23007.14453125,23162.5,23007.14453125
2026-05-25 00:00:00,may_2026,1,21899.5,21017.2734375,21899.5,21017.2734375
2026-05-25 01:00:00,may_2026,1,20907.0,20719.3046875,20907.0,20719.3046875
2026-05-25 02:00:00,may_2026,1,20241.5,20710.205078125,20241.5,20710.205078125
2026-05-25 03:00:00,may_2026,1,19723.5,19760.27734375,19723.5,19760.27734375
2026-05-25 04:00:00,may_2026,1,18823.5,19019.275390625,18823.5,19019.275390625
2026-05-25 05:00:00,may_2026,1,18479.5,18462.9765625,18479.5,18462.9765625
2026-05-25 06:00:00,may_2026,1,18938.5,19822.177734375,18938.5,19822.177734375
2026-05-25 07:00:00,may_2026,1,19082.5,21435.263671875,19082.5,21435.263671875
2026-05-25 08:00:00,may_2026,1,18801.5,20925.896484375,18801.5,20925.896484375
2026-05-25 09:00:00,may_2026,1,17802.5,19873.19140625,17802.5,19873.19140625
2026-05-25 10:00:00,may_2026,1,17621.490234375,18666.525390625,17621.490234375,18666.525390625
2026-05-25 11:00:00,may_2026,1,17621.490234375,18515.685546875,17621.490234375,18515.685546875
2026-05-25 12:00:00,may_2026,1,17621.490234375,18407.142578125,17621.490234375,18407.142578125
2026-05-25 13:00:00,may_2026,1,17621.490234375,18681.3515625,17621.490234375,18681.3515625
2026-05-25 14:00:00,may_2026,1,17621.490234375,18991.3828125,17621.490234375,18991.3828125
2026-05-25 15:00:00,may_2026,1,17621.490234375,19720.16796875,17621.490234375,19720.16796875
2026-05-25 16:00:00,may_2026,1,19071.0,20556.1171875,19071.0,20556.1171875
2026-05-25 17:00:00,may_2026,1,22827.0,22453.0390625,22827.0,22453.0390625
2026-05-25 18:00:00,may_2026,1,25529.5,25577.044921875,25529.5,25577.044921875
2026-05-25 19:00:00,may_2026,1,27101.0,27037.265625,27101.0,27037.265625
2026-05-25 20:00:00,may_2026,1,27169.0,27244.458984375,27169.0,27244.458984375
2026-05-25 21:00:00,may_2026,1,27527.0,26259.5625,27527.0,26259.5625
2026-05-25 22:00:00,may_2026,1,26443.5,25882.490234375,26443.5,25882.490234375
2026-05-25 23:00:00,may_2026,1,23997.5,24044.796875,23997.5,24044.796875
2026-05-26 00:00:00,may_2026,1,22887.0,21417.146484375,22887.0,21417.146484375
2026-05-26 01:00:00,may_2026,1,22765.5,21379.658203125,22765.5,21379.658203125
2026-05-26 02:00:00,may_2026,1,21674.0,21868.1953125,21674.0,21868.1953125
2026-05-26 03:00:00,may_2026,1,21527.5,20508.796875,21527.5,20508.796875
2026-05-26 04:00:00,may_2026,1,21006.5,20513.453125,21006.5,20513.453125
2026-05-26 05:00:00,may_2026,1,20403.0,19763.888671875,20403.0,19763.888671875
2026-05-26 06:00:00,may_2026,1,22587.0,21014.6171875,22587.0,21014.6171875
2026-05-26 07:00:00,may_2026,1,24423.0,25106.5078125,24423.0,25106.5078125
2026-05-26 08:00:00,may_2026,1,24058.0,24941.28125,24058.0,24941.28125
2026-05-26 09:00:00,may_2026,1,22991.5,22595.47265625,22991.5,22595.47265625
2026-05-26 10:00:00,may_2026,1,21829.0,22058.03515625,21829.0,22058.03515625
2026-05-26 11:00:00,may_2026,1,21398.0,21083.623046875,21398.0,21083.623046875
2026-05-26 12:00:00,may_2026,1,21428.0,20485.08203125,21428.0,20485.08203125
2026-05-26 13:00:00,may_2026,1,21558.0,20536.525390625,21558.0,20536.525390625
2026-05-26 14:00:00,may_2026,1,21967.5,21434.865234375,21967.5,21434.865234375
2026-05-26 15:00:00,may_2026,1,22525.0,22243.748046875,22525.0,22243.748046875
2026-05-26 16:00:00,may_2026,1,24444.0,23739.517578125,24444.0,23739.517578125
2026-05-26 17:00:00,may_2026,1,26821.5,26057.7421875,26821.5,26057.7421875
2026-05-26 18:00:00,may_2026,1,28519.5,28146.220703125,28519.5,28146.220703125
2026-05-26 19:00:00,may_2026,1,29675.5,29036.609375,29675.5,29036.609375
2026-05-26 20:00:00,may_2026,1,29320.0,28930.77734375,29320.0,28930.77734375
2026-05-26 21:00:00,may_2026,1,28943.0,27558.2265625,28943.0,27558.2265625
2026-05-26 22:00:00,may_2026,1,27125.5,26285.216796875,27125.5,26285.216796875
2026-05-26 23:00:00,may_2026,1,24675.0,24043.548828125,24675.0,24043.548828125
2026-05-27 00:00:00,may_2026,1,24012.0,22295.28125,24012.0,22295.28125
2026-05-27 01:00:00,may_2026,1,22634.0,22722.1796875,22634.0,22722.1796875
2026-05-27 02:00:00,may_2026,1,21998.5,21883.23828125,21998.5,21883.23828125
2026-05-27 03:00:00,may_2026,1,21189.5,21003.99609375,21189.5,21003.99609375
2026-05-27 04:00:00,may_2026,1,20327.0,19830.853515625,20327.0,19830.853515625
2026-05-27 05:00:00,may_2026,1,19724.5,19716.298828125,19724.5,19716.298828125
2026-05-27 06:00:00,may_2026,1,21510.5,20946.439453125,21510.5,20946.439453125
2026-05-27 07:00:00,may_2026,1,23222.0,24315.12109375,23222.0,24315.12109375
2026-05-27 08:00:00,may_2026,1,23277.0,24348.099609375,23277.0,24348.099609375
2026-05-27 09:00:00,may_2026,1,21689.0,22373.611328125,21689.0,22373.611328125
2026-05-27 10:00:00,may_2026,1,19636.0,21108.484375,19636.0,21108.484375
2026-05-27 11:00:00,may_2026,1,18670.0,19907.98046875,18670.0,19907.98046875
2026-05-27 12:00:00,may_2026,1,18528.0,18660.7265625,18528.0,18660.7265625
2026-05-27 13:00:00,may_2026,1,18091.0,18832.462890625,18091.0,18832.462890625
2026-05-27 14:00:00,may_2026,1,17775.5,18715.30078125,17775.5,18715.30078125
2026-05-27 15:00:00,may_2026,1,18432.0,19635.833984375,18432.0,19635.833984375
2026-05-27 16:00:00,may_2026,1,20301.5,21968.9921875,20301.5,21968.9921875
2026-05-27 17:00:00,may_2026,1,23278.0,24011.708984375,23278.0,24011.708984375
2026-05-27 18:00:00,may_2026,1,25418.5,26222.982421875,25418.5,26222.982421875
2026-05-27 19:00:00,may_2026,1,26871.0,27028.400390625,26871.0,27028.400390625
2026-05-27 20:00:00,may_2026,1,26983.0,27181.56640625,26983.0,27181.56640625
2026-05-27 21:00:00,may_2026,1,26813.0,26108.388671875,26813.0,26108.388671875
2026-05-27 22:00:00,may_2026,1,25366.5,24926.10546875,25366.5,24926.10546875
2026-05-27 23:00:00,may_2026,1,23202.0,22997.896484375,23202.0,22997.896484375
2026-05-28 00:00:00,may_2026,1,22222.0,21171.22265625,22222.0,21171.22265625
2026-05-28 01:00:00,may_2026,1,21435.5,21190.734375,21435.5,21190.734375
2026-05-28 02:00:00,may_2026,1,20441.5,20802.296875,20441.5,20802.296875
2026-05-28 03:00:00,may_2026,1,19449.0,19646.208984375,19449.0,19646.208984375
2026-05-28 04:00:00,may_2026,1,18668.5,18745.55078125,18668.5,18745.55078125
2026-05-28 05:00:00,may_2026,1,18447.0,18647.982421875,18447.0,18647.982421875
2026-05-28 06:00:00,may_2026,1,20169.0,20117.439453125,20169.0,20117.439453125
2026-05-28 07:00:00,may_2026,1,21519.0,22765.34375,21519.0,22765.34375
2026-05-28 08:00:00,may_2026,1,22331.0,23019.462890625,22331.0,23019.462890625
2026-05-28 09:00:00,may_2026,1,21088.0,22303.7109375,21088.0,22303.7109375
2026-05-28 10:00:00,may_2026,1,19731.5,20627.900390625,19731.5,20627.900390625
2026-05-28 11:00:00,may_2026,1,19459.5,19796.634765625,19459.5,19796.634765625
2026-05-28 12:00:00,may_2026,1,19711.5,19519.26171875,19711.5,19519.26171875
2026-05-28 13:00:00,may_2026,1,19757.0,20023.1484375,19757.0,20023.1484375
2026-05-28 14:00:00,may_2026,1,20208.0,20324.9453125,20208.0,20324.9453125
2026-05-28 15:00:00,may_2026,1,21698.5,20955.498046875,21698.5,20955.498046875
2026-05-28 16:00:00,may_2026,1,23484.5,23210.99609375,23484.5,23210.99609375
2026-05-28 17:00:00,may_2026,1,25752.5,25228.212890625,25752.5,25228.212890625
2026-05-28 18:00:00,may_2026,1,27198.0,26614.033203125,27198.0,26614.033203125
2026-05-28 19:00:00,may_2026,1,28599.5,27352.83203125,28599.5,27352.83203125
2026-05-28 20:00:00,may_2026,1,28369.5,27547.349609375,28369.5,27547.349609375
2026-05-28 21:00:00,may_2026,1,28163.0,26352.958984375,28163.0,26352.958984375
2026-05-28 22:00:00,may_2026,1,25813.0,25682.373046875,25813.0,25682.373046875
2026-05-28 23:00:00,may_2026,1,23648.5,23210.640625,23648.5,23210.640625
2026-05-29 00:00:00,may_2026,1,22246.5,21322.560546875,22246.5,21322.560546875
2026-05-29 01:00:00,may_2026,1,21455.0,20884.8515625,21455.0,20884.8515625
2026-05-29 02:00:00,may_2026,1,20584.5,20738.81640625,20584.5,20738.81640625
2026-05-29 03:00:00,may_2026,1,19892.5,19490.8359375,19892.5,19490.8359375
2026-05-29 04:00:00,may_2026,1,19675.5,18904.646484375,19675.5,18904.646484375
2026-05-29 05:00:00,may_2026,1,19230.5,19007.927734375,19230.5,19007.927734375
2026-05-29 06:00:00,may_2026,1,21182.5,20027.404296875,21182.5,20027.404296875
2026-05-29 07:00:00,may_2026,1,22833.0,23241.75,22833.0,23241.75
2026-05-29 08:00:00,may_2026,1,23500.5,23863.1484375,23500.5,23863.1484375
2026-05-29 09:00:00,may_2026,1,23171.0,22782.50390625,23171.0,22782.50390625
2026-05-29 10:00:00,may_2026,1,22056.5,22442.25390625,22056.5,22442.25390625
2026-05-29 11:00:00,may_2026,1,21461.5,21513.9375,21461.5,21513.9375
2026-05-29 12:00:00,may_2026,1,20188.5,20923.62109375,20188.5,20923.62109375
2026-05-29 13:00:00,may_2026,1,19282.0,19969.259765625,19282.0,19969.259765625
2026-05-29 14:00:00,may_2026,1,17920.0,19612.74609375,17920.0,19612.74609375
2026-05-29 15:00:00,may_2026,1,17658.5,19102.146484375,17658.5,19102.146484375
2026-05-29 16:00:00,may_2026,1,18696.5,19957.689453125,18696.5,19957.689453125
2026-05-29 17:00:00,may_2026,1,21150.5,21435.080078125,21150.5,21435.080078125
2026-05-29 18:00:00,may_2026,1,23467.5,24125.26953125,23467.5,24125.26953125
2026-05-29 19:00:00,may_2026,1,25527.5,25721.9296875,25527.5,25721.9296875
2026-05-29 20:00:00,may_2026,1,25636.0,26246.806640625,25636.0,26246.806640625
2026-05-29 21:00:00,may_2026,1,25873.5,25453.513671875,25873.5,25453.513671875
2026-05-29 22:00:00,may_2026,1,24792.5,24551.14453125,24792.5,24551.14453125
2026-05-29 23:00:00,may_2026,1,22995.5,22763.01171875,22995.5,22763.01171875
2026-05-30 00:00:00,may_2026,1,22228.0,21256.24609375,22228.0,21256.24609375
2026-05-30 01:00:00,may_2026,1,21604.0,20987.66015625,21604.0,20987.66015625
2026-05-30 02:00:00,may_2026,1,20320.5,20749.962890625,20320.5,20749.962890625
2026-05-30 03:00:00,may_2026,1,19582.5,19921.234375,19582.5,19921.234375
2026-05-30 04:00:00,may_2026,1,19154.0,19159.755859375,19154.0,19159.755859375
2026-05-30 05:00:00,may_2026,1,18649.5,18556.720703125,18649.5,18556.720703125
2026-05-30 06:00:00,may_2026,1,18647.5,19373.04296875,18647.5,19373.04296875
2026-05-30 07:00:00,may_2026,1,18688.5,20434.392578125,18688.5,20434.392578125
2026-05-30 08:00:00,may_2026,1,18510.5,20770.498046875,18510.5,20770.498046875
2026-05-30 09:00:00,may_2026,1,17621.490234375,20131.861328125,17621.490234375,20131.861328125
2026-05-30 10:00:00,may_2026,1,17621.490234375,18511.509765625,17621.490234375,18511.509765625
2026-05-30 11:00:00,may_2026,1,17621.490234375,18210.775390625,17621.490234375,18210.775390625
2026-05-30 12:00:00,may_2026,1,17621.490234375,18528.48046875,17621.490234375,18528.48046875
2026-05-30 13:00:00,may_2026,1,17621.490234375,18577.03125,17621.490234375,18577.03125
2026-05-30 14:00:00,may_2026,1,17621.490234375,18512.201171875,17621.490234375,18512.201171875
2026-05-30 15:00:00,may_2026,1,17621.490234375,19098.505859375,17621.490234375,19098.505859375
2026-05-30 16:00:00,may_2026,1,18301.0,20207.23046875,18301.0,20207.23046875
2026-05-30 17:00:00,may_2026,1,22323.5,21600.984375,22323.5,21600.984375
2026-05-30 18:00:00,may_2026,1,24170.0,25454.623046875,24170.0,25454.623046875
2026-05-30 19:00:00,may_2026,1,24662.0,26456.005859375,24662.0,26456.005859375
2026-05-30 20:00:00,may_2026,1,24936.5,25268.55078125,24936.5,25268.55078125
2026-05-30 21:00:00,may_2026,1,24700.5,24553.6484375,24700.5,24553.6484375
2026-05-30 22:00:00,may_2026,1,23831.5,23800.724609375,23831.5,23800.724609375
2026-05-30 23:00:00,may_2026,1,22319.5,22667.74609375,22319.5,22667.74609375
2026-05-31 00:00:00,may_2026,1,21270.5,20764.142578125,21270.5,20764.142578125
