date,year,month_num,month_name,day,day_of_week,day_of_week_num,week_of_year,quarter,is_weekend,season,holiday_names,holiday_regions,is_bank_holiday_england_wales,is_bank_holiday_scotland,is_bank_holiday,event_count,event_names,is_covid_lockdown,is_general_election,is_major_football,is_event_day,is_non_working_day
2010-01-01,2010,1,January,1,Friday,4,53,1,0,Winter,,,0,0,1,0,,0,0,0,0,1
2010-01-02,2010,1,January,2,Saturday,5,53,1,1,Winter,,,0,0,0,0,,0,0,0,0,1
2010-01-03,2010,1,January,3,Sunday,6,53,1,1,Winter,,,0,0,0,0,,0,0,0,0,1
2010-01-04,2010,1,January,4,Monday,0,1,1,0,Winter,,,0,0,0,0,,0,0,0,0,0
2010-01-05,2010,1,January,5,Tuesday,1,1,1,0,Winter,,,0,0,0,0,,0,0,0,0,0
2010-01-06,2010,1,January,6,Wednesday,2,1,1,0,Winter,,,0,0,0,0,,0,0,0,0,0
2010-01-07,2010,1,January,7,Thursday,3,1,1,0,Winter,,,0,0,0,0,,0,0,0,0,0
2010-01-08,2010,1,January,8,Friday,4,1,1,0,Winter,,,0,0,0,0,,0,0,0,0,0
2010-01-09,2010,1,January,9,Saturday,5,1,1,1,Winter,,,0,0,0,0,,0,0,0,0,1
2010-01-10,2010,1,January,10,Sunday,6,1,1,1,Winter,,,0,0,0,0,,0,0,0,0,1
2010-01-11,2010,1,January,11,Monday,0,2,1,0,Winter,,,0,0,0,0,,0,0,0,0,0
2010-01-12,2010,1,January,12,Tuesday,1,2,1,0,Winter,,,0,0,0,0,,0,0,0,0,0
2010-01-13,2010,1,January,13,Wednesday,2,2,1,0,Winter,,,0,0,0,0,,0,0,0,0,0
2010-01-14,2010,1,January,14,Thursday,3,2,1,0,Winter,,,0,0,0,0,,0,0,0,0,0
2010-01-15,2010,1,January,15,Friday,4,2,1,0,Winter,,,0,0,0,0,,0,0,0,0,0
2010-01-16,2010,1,January,16,Saturday,5,2,1,1,Winter,,,0,0,0,0,,0,0,0,0,1
2010-01-17,2010,1,January,17,Sunday,6,2,1,1,Winter,,,0,0,0,0,,0,0,0,0,1
2010-01-18,2010,1,January,18,Monday,0,3,1,0,Winter,,,0,0,0,0,,0,0,0,0,0
2010-01-19,2010,1,January,19,Tuesday,1,3,1,0,Winter,,,0,0,0,0,,0,0,0,0,0
2010-01-20,2010,1,January,20,Wednesday,2,3,1,0,Winter,,,0,0,0,0,,0,0,0,0,0
2010-01-21,2010,1,January,21,Thursday,3,3,1,0,Winter,,,0,0,0,0,,0,0,0,0,0
2010-01-22,2010,1,January,22,Friday,4,3,1,0,Winter,,,0,0,0,0,,0,0,0,0,0
2010-01-23,2010,1,January,23,Saturday,5,3,1,1,Winter,,,0,0,0,0,,0,0,0,0,1
2010-01-24,2010,1,January,24,Sunday,6,3,1,1,Winter,,,0,0,0,0,,0,0,0,0,1
2010-01-25,2010,1,January,25,Monday,0,4,1,0,Winter,,,0,0,0,0,,0,0,0,0,0
2010-01-26,2010,1,January,26,Tuesday,1,4,1,0,Winter,,,0,0,0,0,,0,0,0,0,0
2010-01-27,2010,1,January,27,Wednesday,2,4,1,0,Winter,,,0,0,0,0,,0,0,0,0,0
2010-01-28,2010,1,January,28,Thursday,3,4,1,0,Winter,,,0,0,0,0,,0,0,0,0,0
2010-01-29,2010,1,January,29,Friday,4,4,1,0,Winter,,,0,0,0,0,,0,0,0,0,0
2010-01-30,2010,1,January,30,Saturday,5,4,1,1,Winter,,,0,0,0,0,,0,0,0,0,1
2010-01-31,2010,1,January,31,Sunday,6,4,1,1,Winter,,,0,0,0,0,,0,0,0,0,1
2010-02-01,2010,2,February,1,Monday,0,5,1,0,Winter,,,0,0,0,0,,0,0,0,0,0
2010-02-02,2010,2,February,2,Tuesday,1,5,1,0,Winter,,,0,0,0,0,,0,0,0,0,0
2010-02-03,2010,2,February,3,Wednesday,2,5,1,0,Winter,,,0,0,0,0,,0,0,0,0,0
2010-02-04,2010,2,February,4,Thursday,3,5,1,0,Winter,,,0,0,0,0,,0,0,0,0,0
2010-02-05,2010,2,February,5,Friday,4,5,1,0,Winter,,,0,0,0,0,,0,0,0,0,0
2010-02-06,2010,2,February,6,Saturday,5,5,1,1,Winter,,,0,0,0,0,,0,0,0,0,1
2010-02-07,2010,2,February,7,Sunday,6,5,1,1,Winter,,,0,0,0,0,,0,0,0,0,1
2010-02-08,2010,2,February,8,Monday,0,6,1,0,Winter,,,0,0,0,0,,0,0,0,0,0
2010-02-09,2010,2,February,9,Tuesday,1,6,1,0,Winter,,,0,0,0,0,,0,0,0,0,0
2010-02-10,2010,2,February,10,Wednesday,2,6,1,0,Winter,,,0,0,0,0,,0,0,0,0,0
2010-02-11,2010,2,February,11,Thursday,3,6,1,0,Winter,,,0,0,0,0,,0,0,0,0,0
2010-02-12,2010,2,February,12,Friday,4,6,1,0,Winter,,,0,0,0,0,,0,0,0,0,0
2010-02-13,2010,2,February,13,Saturday,5,6,1,1,Winter,,,0,0,0,0,,0,0,0,0,1
2010-02-14,2010,2,February,14,Sunday,6,6,1,1,Winter,,,0,0,0,0,,0,0,0,0,1
2010-02-15,2010,2,February,15,Monday,0,7,1,0,Winter,,,0,0,0,0,,0,0,0,0,0
2010-02-16,2010,2,February,16,Tuesday,1,7,1,0,Winter,,,0,0,0,0,,0,0,0,0,0
2010-02-17,2010,2,February,17,Wednesday,2,7,1,0,Winter,,,0,0,0,0,,0,0,0,0,0
2010-02-18,2010,2,February,18,Thursday,3,7,1,0,Winter,,,0,0,0,0,,0,0,0,0,0
2010-02-19,2010,2,February,19,Friday,4,7,1,0,Winter,,,0,0,0,0,,0,0,0,0,0
2010-02-20,2010,2,February,20,Saturday,5,7,1,1,Winter,,,0,0,0,0,,0,0,0,0,1
2010-02-21,2010,2,February,21,Sunday,6,7,1,1,Winter,,,0,0,0,0,,0,0,0,0,1
2010-02-22,2010,2,February,22,Monday,0,8,1,0,Winter,,,0,0,0,0,,0,0,0,0,0
2010-02-23,2010,2,February,23,Tuesday,1,8,1,0,Winter,,,0,0,0,0,,0,0,0,0,0
2010-02-24,2010,2,February,24,Wednesday,2,8,1,0,Winter,,,0,0,0,0,,0,0,0,0,0
2010-02-25,2010,2,February,25,Thursday,3,8,1,0,Winter,,,0,0,0,0,,0,0,0,0,0
2010-02-26,2010,2,February,26,Friday,4,8,1,0,Winter,,,0,0,0,0,,0,0,0,0,0
2010-02-27,2010,2,February,27,Saturday,5,8,1,1,Winter,,,0,0,0,0,,0,0,0,0,1
2010-02-28,2010,2,February,28,Sunday,6,8,1,1,Winter,,,0,0,0,0,,0,0,0,0,1
2010-03-01,2010,3,March,1,Monday,0,9,1,0,Spring,,,0,0,0,0,,0,0,0,0,0
2010-03-02,2010,3,March,2,Tuesday,1,9,1,0,Spring,,,0,0,0,0,,0,0,0,0,0
2010-03-03,2010,3,March,3,Wednesday,2,9,1,0,Spring,,,0,0,0,0,,0,0,0,0,0
2010-03-04,2010,3,March,4,Thursday,3,9,1,0,Spring,,,0,0,0,0,,0,0,0,0,0
2010-03-05,2010,3,March,5,Friday,4,9,1,0,Spring,,,0,0,0,0,,0,0,0,0,0
2010-03-06,2010,3,March,6,Saturday,5,9,1,1,Spring,,,0,0,0,0,,0,0,0,0,1
2010-03-07,2010,3,March,7,Sunday,6,9,1,1,Spring,,,0,0,0,0,,0,0,0,0,1
2010-03-08,2010,3,March,8,Monday,0,10,1,0,Spring,,,0,0,0,0,,0,0,0,0,0
2010-03-09,2010,3,March,9,Tuesday,1,10,1,0,Spring,,,0,0,0,0,,0,0,0,0,0
2010-03-10,2010,3,March,10,Wednesday,2,10,1,0,Spring,,,0,0,0,0,,0,0,0,0,0
2010-03-11,2010,3,March,11,Thursday,3,10,1,0,Spring,,,0,0,0,0,,0,0,0,0,0
2010-03-12,2010,3,March,12,Friday,4,10,1,0,Spring,,,0,0,0,0,,0,0,0,0,0
2010-03-13,2010,3,March,13,Saturday,5,10,1,1,Spring,,,0,0,0,0,,0,0,0,0,1
2010-03-14,2010,3,March,14,Sunday,6,10,1,1,Spring,,,0,0,0,0,,0,0,0,0,1
2010-03-15,2010,3,March,15,Monday,0,11,1,0,Spring,,,0,0,0,0,,0,0,0,0,0
2010-03-16,2010,3,March,16,Tuesday,1,11,1,0,Spring,,,0,0,0,0,,0,0,0,0,0
2010-03-17,2010,3,March,17,Wednesday,2,11,1,0,Spring,,,0,0,0,0,,0,0,0,0,0
2010-03-18,2010,3,March,18,Thursday,3,11,1,0,Spring,,,0,0,0,0,,0,0,0,0,0
2010-03-19,2010,3,March,19,Friday,4,11,1,0,Spring,,,0,0,0,0,,0,0,0,0,0
2010-03-20,2010,3,March,20,Saturday,5,11,1,1,Spring,,,0,0,0,0,,0,0,0,0,1
2010-03-21,2010,3,March,21,Sunday,6,11,1,1,Spring,,,0,0,0,0,,0,0,0,0,1
2010-03-22,2010,3,March,22,Monday,0,12,1,0,Spring,,,0,0,0,0,,0,0,0,0,0
2010-03-23,2010,3,March,23,Tuesday,1,12,1,0,Spring,,,0,0,0,0,,0,0,0,0,0
2010-03-24,2010,3,March,24,Wednesday,2,12,1,0,Spring,,,0,0,0,0,,0,0,0,0,0
2010-03-25,2010,3,March,25,Thursday,3,12,1,0,Spring,,,0,0,0,0,,0,0,0,0,0
2010-03-26,2010,3,March,26,Friday,4,12,1,0,Spring,,,0,0,0,0,,0,0,0,0,0
2010-03-27,2010,3,March,27,Saturday,5,12,1,1,Spring,,,0,0,0,0,,0,0,0,0,1
2010-03-28,2010,3,March,28,Sunday,6,12,1,1,Spring,,,0,0,0,0,,0,0,0,0,1
2010-03-29,2010,3,March,29,Monday,0,13,1,0,Spring,,,0,0,0,0,,0,0,0,0,0
2010-03-30,2010,3,March,30,Tuesday,1,13,1,0,Spring,,,0,0,0,0,,0,0,0,0,0
2010-03-31,2010,3,March,31,Wednesday,2,13,1,0,Spring,,,0,0,0,0,,0,0,0,0,0
2010-04-01,2010,4,April,1,Thursday,3,13,2,0,Spring,,,0,0,0,0,,0,0,0,0,0
2010-04-02,2010,4,April,2,Friday,4,13,2,0,Spring,,,0,0,1,0,,0,0,0,0,1
2010-04-03,2010,4,April,3,Saturday,5,13,2,1,Spring,,,0,0,0,0,,0,0,0,0,1
2010-04-04,2010,4,April,4,Sunday,6,13,2,1,Spring,,,0,0,0,0,,0,0,0,0,1
2010-04-05,2010,4,April,5,Monday,0,14,2,0,Spring,,,0,0,1,0,,0,0,0,0,1
2010-04-06,2010,4,April,6,Tuesday,1,14,2,0,Spring,,,0,0,0,0,,0,0,0,0,0
2010-04-07,2010,4,April,7,Wednesday,2,14,2,0,Spring,,,0,0,0,0,,0,0,0,0,0
2010-04-08,2010,4,April,8,Thursday,3,14,2,0,Spring,,,0,0,0,0,,0,0,0,0,0
2010-04-09,2010,4,April,9,Friday,4,14,2,0,Spring,,,0,0,0,0,,0,0,0,0,0
2010-04-10,2010,4,April,10,Saturday,5,14,2,1,Spring,,,0,0,0,0,,0,0,0,0,1
2010-04-11,2010,4,April,11,Sunday,6,14,2,1,Spring,,,0,0,0,0,,0,0,0,0,1
2010-04-12,2010,4,April,12,Monday,0,15,2,0,Spring,,,0,0,0,0,,0,0,0,0,0
2010-04-13,2010,4,April,13,Tuesday,1,15,2,0,Spring,,,0,0,0,0,,0,0,0,0,0
2010-04-14,2010,4,April,14,Wednesday,2,15,2,0,Spring,,,0,0,0,0,,0,0,0,0,0
2010-04-15,2010,4,April,15,Thursday,3,15,2,0,Spring,,,0,0,0,0,,0,0,0,0,0
2010-04-16,2010,4,April,16,Friday,4,15,2,0,Spring,,,0,0,0,0,,0,0,0,0,0
2010-04-17,2010,4,April,17,Saturday,5,15,2,1,Spring,,,0,0,0,0,,0,0,0,0,1
2010-04-18,2010,4,April,18,Sunday,6,15,2,1,Spring,,,0,0,0,0,,0,0,0,0,1
2010-04-19,2010,4,April,19,Monday,0,16,2,0,Spring,,,0,0,0,0,,0,0,0,0,0
2010-04-20,2010,4,April,20,Tuesday,1,16,2,0,Spring,,,0,0,0,0,,0,0,0,0,0
2010-04-21,2010,4,April,21,Wednesday,2,16,2,0,Spring,,,0,0,0,0,,0,0,0,0,0
2010-04-22,2010,4,April,22,Thursday,3,16,2,0,Spring,,,0,0,0,0,,0,0,0,0,0
2010-04-23,2010,4,April,23,Friday,4,16,2,0,Spring,,,0,0,0,0,,0,0,0,0,0
2010-04-24,2010,4,April,24,Saturday,5,16,2,1,Spring,,,0,0,0,0,,0,0,0,0,1
2010-04-25,2010,4,April,25,Sunday,6,16,2,1,Spring,,,0,0,0,0,,0,0,0,0,1
2010-04-26,2010,4,April,26,Monday,0,17,2,0,Spring,,,0,0,0,0,,0,0,0,0,0
2010-04-27,2010,4,April,27,Tuesday,1,17,2,0,Spring,,,0,0,0,0,,0,0,0,0,0
2010-04-28,2010,4,April,28,Wednesday,2,17,2,0,Spring,,,0,0,0,0,,0,0,0,0,0
2010-04-29,2010,4,April,29,Thursday,3,17,2,0,Spring,,,0,0,0,0,,0,0,0,0,0
2010-04-30,2010,4,April,30,Friday,4,17,2,0,Spring,,,0,0,0,0,,0,0,0,0,0
2010-05-01,2010,5,May,1,Saturday,5,17,2,1,Spring,,,0,0,0,0,,0,0,0,0,1
2010-05-02,2010,5,May,2,Sunday,6,17,2,1,Spring,,,0,0,0,0,,0,0,0,0,1
2010-05-03,2010,5,May,3,Monday,0,18,2,0,Spring,,,0,0,1,0,,0,0,0,0,1
2010-05-04,2010,5,May,4,Tuesday,1,18,2,0,Spring,,,0,0,0,0,,0,0,0,0,0
2010-05-05,2010,5,May,5,Wednesday,2,18,2,0,Spring,,,0,0,0,0,,0,0,0,0,0
2010-05-06,2010,5,May,6,Thursday,3,18,2,0,Spring,,,0,0,0,1,UK General Election 2010,0,1,0,1,0
2010-05-07,2010,5,May,7,Friday,4,18,2,0,Spring,,,0,0,0,0,,0,0,0,0,0
2010-05-08,2010,5,May,8,Saturday,5,18,2,1,Spring,,,0,0,0,0,,0,0,0,0,1
2010-05-09,2010,5,May,9,Sunday,6,18,2,1,Spring,,,0,0,0,0,,0,0,0,0,1
2010-05-10,2010,5,May,10,Monday,0,19,2,0,Spring,,,0,0,0,0,,0,0,0,0,0
2010-05-11,2010,5,May,11,Tuesday,1,19,2,0,Spring,,,0,0,0,0,,0,0,0,0,0
2010-05-12,2010,5,May,12,Wednesday,2,19,2,0,Spring,,,0,0,0,0,,0,0,0,0,0
2010-05-13,2010,5,May,13,Thursday,3,19,2,0,Spring,,,0,0,0,0,,0,0,0,0,0
2010-05-14,2010,5,May,14,Friday,4,19,2,0,Spring,,,0,0,0,0,,0,0,0,0,0
2010-05-15,2010,5,May,15,Saturday,5,19,2,1,Spring,,,0,0,0,0,,0,0,0,0,1
2010-05-16,2010,5,May,16,Sunday,6,19,2,1,Spring,,,0,0,0,0,,0,0,0,0,1
2010-05-17,2010,5,May,17,Monday,0,20,2,0,Spring,,,0,0,0,0,,0,0,0,0,0
2010-05-18,2010,5,May,18,Tuesday,1,20,2,0,Spring,,,0,0,0,0,,0,0,0,0,0
2010-05-19,2010,5,May,19,Wednesday,2,20,2,0,Spring,,,0,0,0,0,,0,0,0,0,0
2010-05-20,2010,5,May,20,Thursday,3,20,2,0,Spring,,,0,0,0,0,,0,0,0,0,0
2010-05-21,2010,5,May,21,Friday,4,20,2,0,Spring,,,0,0,0,0,,0,0,0,0,0
2010-05-22,2010,5,May,22,Saturday,5,20,2,1,Spring,,,0,0,0,0,,0,0,0,0,1
2010-05-23,2010,5,May,23,Sunday,6,20,2,1,Spring,,,0,0,0,0,,0,0,0,0,1
2010-05-24,2010,5,May,24,Monday,0,21,2,0,Spring,,,0,0,0,0,,0,0,0,0,0
2010-05-25,2010,5,May,25,Tuesday,1,21,2,0,Spring,,,0,0,0,0,,0,0,0,0,0
2010-05-26,2010,5,May,26,Wednesday,2,21,2,0,Spring,,,0,0,0,0,,0,0,0,0,0
2010-05-27,2010,5,May,27,Thursday,3,21,2,0,Spring,,,0,0,0,0,,0,0,0,0,0
2010-05-28,2010,5,May,28,Friday,4,21,2,0,Spring,,,0,0,0,0,,0,0,0,0,0
2010-05-29,2010,5,May,29,Saturday,5,21,2,1,Spring,,,0,0,0,0,,0,0,0,0,1
2010-05-30,2010,5,May,30,Sunday,6,21,2,1,Spring,,,0,0,0,0,,0,0,0,0,1
2010-05-31,2010,5,May,31,Monday,0,22,2,0,Spring,,,0,0,1,0,,0,0,0,0,1
2010-06-01,2010,6,June,1,Tuesday,1,22,2,0,Summer,,,0,0,0,0,,0,0,0,0,0
2010-06-02,2010,6,June,2,Wednesday,2,22,2,0,Summer,,,0,0,0,0,,0,0,0,0,0
2010-06-03,2010,6,June,3,Thursday,3,22,2,0,Summer,,,0,0,0,0,,0,0,0,0,0
2010-06-04,2010,6,June,4,Friday,4,22,2,0,Summer,,,0,0,0,0,,0,0,0,0,0
2010-06-05,2010,6,June,5,Saturday,5,22,2,1,Summer,,,0,0,0,0,,0,0,0,0,1
2010-06-06,2010,6,June,6,Sunday,6,22,2,1,Summer,,,0,0,0,0,,0,0,0,0,1
2010-06-07,2010,6,June,7,Monday,0,23,2,0,Summer,,,0,0,0,0,,0,0,0,0,0
2010-06-08,2010,6,June,8,Tuesday,1,23,2,0,Summer,,,0,0,0,0,,0,0,0,0,0
2010-06-09,2010,6,June,9,Wednesday,2,23,2,0,Summer,,,0,0,0,0,,0,0,0,0,0
2010-06-10,2010,6,June,10,Thursday,3,23,2,0,Summer,,,0,0,0,0,,0,0,0,0,0
2010-06-11,2010,6,June,11,Friday,4,23,2,0,Summer,,,0,0,0,0,,0,0,0,0,0
2010-06-12,2010,6,June,12,Saturday,5,23,2,1,Summer,,,0,0,0,0,,0,0,0,0,1
2010-06-13,2010,6,June,13,Sunday,6,23,2,1,Summer,,,0,0,0,0,,0,0,0,0,1
2010-06-14,2010,6,June,14,Monday,0,24,2,0,Summer,,,0,0,0,0,,0,0,0,0,0
2010-06-15,2010,6,June,15,Tuesday,1,24,2,0,Summer,,,0,0,0,0,,0,0,0,0,0
2010-06-16,2010,6,June,16,Wednesday,2,24,2,0,Summer,,,0,0,0,0,,0,0,0,0,0
2010-06-17,2010,6,June,17,Thursday,3,24,2,0,Summer,,,0,0,0,0,,0,0,0,0,0
2010-06-18,2010,6,June,18,Friday,4,24,2,0,Summer,,,0,0,0,0,,0,0,0,0,0
2010-06-19,2010,6,June,19,Saturday,5,24,2,1,Summer,,,0,0,0,0,,0,0,0,0,1
2010-06-20,2010,6,June,20,Sunday,6,24,2,1,Summer,,,0,0,0,0,,0,0,0,0,1
2010-06-21,2010,6,June,21,Monday,0,25,2,0,Summer,,,0,0,0,0,,0,0,0,0,0
2010-06-22,2010,6,June,22,Tuesday,1,25,2,0,Summer,,,0,0,0,0,,0,0,0,0,0
2010-06-23,2010,6,June,23,Wednesday,2,25,2,0,Summer,,,0,0,0,0,,0,0,0,0,0
2010-06-24,2010,6,June,24,Thursday,3,25,2,0,Summer,,,0,0,0,0,,0,0,0,0,0
2010-06-25,2010,6,June,25,Friday,4,25,2,0,Summer,,,0,0,0,0,,0,0,0,0,0
2010-06-26,2010,6,June,26,Saturday,5,25,2,1,Summer,,,0,0,0,0,,0,0,0,0,1
2010-06-27,2010,6,June,27,Sunday,6,25,2,1,Summer,,,0,0,0,0,,0,0,0,0,1
2010-06-28,2010,6,June,28,Monday,0,26,2,0,Summer,,,0,0,0,0,,0,0,0,0,0
2010-06-29,2010,6,June,29,Tuesday,1,26,2,0,Summer,,,0,0,0,0,,0,0,0,0,0
2010-06-30,2010,6,June,30,Wednesday,2,26,2,0,Summer,,,0,0,0,0,,0,0,0,0,0
2010-07-01,2010,7,July,1,Thursday,3,26,3,0,Summer,,,0,0,0,0,,0,0,0,0,0
2010-07-02,2010,7,July,2,Friday,4,26,3,0,Summer,,,0,0,0,0,,0,0,0,0,0
2010-07-03,2010,7,July,3,Saturday,5,26,3,1,Summer,,,0,0,0,0,,0,0,0,0,1
2010-07-04,2010,7,July,4,Sunday,6,26,3,1,Summer,,,0,0,0,0,,0,0,0,0,1
2010-07-05,2010,7,July,5,Monday,0,27,3,0,Summer,,,0,0,0,0,,0,0,0,0,0
2010-07-06,2010,7,July,6,Tuesday,1,27,3,0,Summer,,,0,0,0,0,,0,0,0,0,0
2010-07-07,2010,7,July,7,Wednesday,2,27,3,0,Summer,,,0,0,0,0,,0,0,0,0,0
2010-07-08,2010,7,July,8,Thursday,3,27,3,0,Summer,,,0,0,0,0,,0,0,0,0,0
2010-07-09,2010,7,July,9,Friday,4,27,3,0,Summer,,,0,0,0,0,,0,0,0,0,0
2010-07-10,2010,7,July,10,Saturday,5,27,3,1,Summer,,,0,0,0,0,,0,0,0,0,1
2010-07-11,2010,7,July,11,Sunday,6,27,3,1,Summer,,,0,0,0,0,,0,0,0,0,1
2010-07-12,2010,7,July,12,Monday,0,28,3,0,Summer,,,0,0,0,0,,0,0,0,0,0
2010-07-13,2010,7,July,13,Tuesday,1,28,3,0,Summer,,,0,0,0,0,,0,0,0,0,0
2010-07-14,2010,7,July,14,Wednesday,2,28,3,0,Summer,,,0,0,0,0,,0,0,0,0,0
2010-07-15,2010,7,July,15,Thursday,3,28,3,0,Summer,,,0,0,0,0,,0,0,0,0,0
2010-07-16,2010,7,July,16,Friday,4,28,3,0,Summer,,,0,0,0,0,,0,0,0,0,0
2010-07-17,2010,7,July,17,Saturday,5,28,3,1,Summer,,,0,0,0,0,,0,0,0,0,1
2010-07-18,2010,7,July,18,Sunday,6,28,3,1,Summer,,,0,0,0,0,,0,0,0,0,1
2010-07-19,2010,7,July,19,Monday,0,29,3,0,Summer,,,0,0,0,0,,0,0,0,0,0
2010-07-20,2010,7,July,20,Tuesday,1,29,3,0,Summer,,,0,0,0,0,,0,0,0,0,0
2010-07-21,2010,7,July,21,Wednesday,2,29,3,0,Summer,,,0,0,0,0,,0,0,0,0,0
2010-07-22,2010,7,July,22,Thursday,3,29,3,0,Summer,,,0,0,0,0,,0,0,0,0,0
2010-07-23,2010,7,July,23,Friday,4,29,3,0,Summer,,,0,0,0,0,,0,0,0,0,0
2010-07-24,2010,7,July,24,Saturday,5,29,3,1,Summer,,,0,0,0,0,,0,0,0,0,1
2010-07-25,2010,7,July,25,Sunday,6,29,3,1,Summer,,,0,0,0,0,,0,0,0,0,1
2010-07-26,2010,7,July,26,Monday,0,30,3,0,Summer,,,0,0,0,0,,0,0,0,0,0
2010-07-27,2010,7,July,27,Tuesday,1,30,3,0,Summer,,,0,0,0,0,,0,0,0,0,0
2010-07-28,2010,7,July,28,Wednesday,2,30,3,0,Summer,,,0,0,0,0,,0,0,0,0,0
2010-07-29,2010,7,July,29,Thursday,3,30,3,0,Summer,,,0,0,0,0,,0,0,0,0,0
2010-07-30,2010,7,July,30,Friday,4,30,3,0,Summer,,,0,0,0,0,,0,0,0,0,0
2010-07-31,2010,7,July,31,Saturday,5,30,3,1,Summer,,,0,0,0,0,,0,0,0,0,1
2010-08-01,2010,8,August,1,Sunday,6,30,3,1,Summer,,,0,0,0,0,,0,0,0,0,1
2010-08-02,2010,8,August,2,Monday,0,31,3,0,Summer,,,0,0,0,0,,0,0,0,0,0
2010-08-03,2010,8,August,3,Tuesday,1,31,3,0,Summer,,,0,0,0,0,,0,0,0,0,0
2010-08-04,2010,8,August,4,Wednesday,2,31,3,0,Summer,,,0,0,0,0,,0,0,0,0,0
2010-08-05,2010,8,August,5,Thursday,3,31,3,0,Summer,,,0,0,0,0,,0,0,0,0,0
2010-08-06,2010,8,August,6,Friday,4,31,3,0,Summer,,,0,0,0,0,,0,0,0,0,0
2010-08-07,2010,8,August,7,Saturday,5,31,3,1,Summer,,,0,0,0,0,,0,0,0,0,1
2010-08-08,2010,8,August,8,Sunday,6,31,3,1,Summer,,,0,0,0,0,,0,0,0,0,1
2010-08-09,2010,8,August,9,Monday,0,32,3,0,Summer,,,0,0,0,0,,0,0,0,0,0
2010-08-10,2010,8,August,10,Tuesday,1,32,3,0,Summer,,,0,0,0,0,,0,0,0,0,0
2010-08-11,2010,8,August,11,Wednesday,2,32,3,0,Summer,,,0,0,0,0,,0,0,0,0,0
2010-08-12,2010,8,August,12,Thursday,3,32,3,0,Summer,,,0,0,0,0,,0,0,0,0,0
2010-08-13,2010,8,August,13,Friday,4,32,3,0,Summer,,,0,0,0,0,,0,0,0,0,0
2010-08-14,2010,8,August,14,Saturday,5,32,3,1,Summer,,,0,0,0,0,,0,0,0,0,1
2010-08-15,2010,8,August,15,Sunday,6,32,3,1,Summer,,,0,0,0,0,,0,0,0,0,1
2010-08-16,2010,8,August,16,Monday,0,33,3,0,Summer,,,0,0,0,0,,0,0,0,0,0
2010-08-17,2010,8,August,17,Tuesday,1,33,3,0,Summer,,,0,0,0,0,,0,0,0,0,0
2010-08-18,2010,8,August,18,Wednesday,2,33,3,0,Summer,,,0,0,0,0,,0,0,0,0,0
2010-08-19,2010,8,August,19,Thursday,3,33,3,0,Summer,,,0,0,0,0,,0,0,0,0,0
2010-08-20,2010,8,August,20,Friday,4,33,3,0,Summer,,,0,0,0,0,,0,0,0,0,0
2010-08-21,2010,8,August,21,Saturday,5,33,3,1,Summer,,,0,0,0,0,,0,0,0,0,1
2010-08-22,2010,8,August,22,Sunday,6,33,3,1,Summer,,,0,0,0,0,,0,0,0,0,1
2010-08-23,2010,8,August,23,Monday,0,34,3,0,Summer,,,0,0,0,0,,0,0,0,0,0
2010-08-24,2010,8,August,24,Tuesday,1,34,3,0,Summer,,,0,0,0,0,,0,0,0,0,0
2010-08-25,2010,8,August,25,Wednesday,2,34,3,0,Summer,,,0,0,0,0,,0,0,0,0,0
2010-08-26,2010,8,August,26,Thursday,3,34,3,0,Summer,,,0,0,0,0,,0,0,0,0,0
2010-08-27,2010,8,August,27,Friday,4,34,3,0,Summer,,,0,0,0,0,,0,0,0,0,0
2010-08-28,2010,8,August,28,Saturday,5,34,3,1,Summer,,,0,0,0,0,,0,0,0,0,1
2010-08-29,2010,8,August,29,Sunday,6,34,3,1,Summer,,,0,0,0,0,,0,0,0,0,1
2010-08-30,2010,8,August,30,Monday,0,35,3,0,Summer,,,0,0,1,0,,0,0,0,0,1
2010-08-31,2010,8,August,31,Tuesday,1,35,3,0,Summer,,,0,0,0,0,,0,0,0,0,0
2010-09-01,2010,9,September,1,Wednesday,2,35,3,0,Autumn,,,0,0,0,0,,0,0,0,0,0
2010-09-02,2010,9,September,2,Thursday,3,35,3,0,Autumn,,,0,0,0,0,,0,0,0,0,0
2010-09-03,2010,9,September,3,Friday,4,35,3,0,Autumn,,,0,0,0,0,,0,0,0,0,0
2010-09-04,2010,9,September,4,Saturday,5,35,3,1,Autumn,,,0,0,0,0,,0,0,0,0,1
2010-09-05,2010,9,September,5,Sunday,6,35,3,1,Autumn,,,0,0,0,0,,0,0,0,0,1
2010-09-06,2010,9,September,6,Monday,0,36,3,0,Autumn,,,0,0,0,0,,0,0,0,0,0
2010-09-07,2010,9,September,7,Tuesday,1,36,3,0,Autumn,,,0,0,0,0,,0,0,0,0,0
2010-09-08,2010,9,September,8,Wednesday,2,36,3,0,Autumn,,,0,0,0,0,,0,0,0,0,0
2010-09-09,2010,9,September,9,Thursday,3,36,3,0,Autumn,,,0,0,0,0,,0,0,0,0,0
2010-09-10,2010,9,September,10,Friday,4,36,3,0,Autumn,,,0,0,0,0,,0,0,0,0,0
2010-09-11,2010,9,September,11,Saturday,5,36,3,1,Autumn,,,0,0,0,0,,0,0,0,0,1
2010-09-12,2010,9,September,12,Sunday,6,36,3,1,Autumn,,,0,0,0,0,,0,0,0,0,1
2010-09-13,2010,9,September,13,Monday,0,37,3,0,Autumn,,,0,0,0,0,,0,0,0,0,0
2010-09-14,2010,9,September,14,Tuesday,1,37,3,0,Autumn,,,0,0,0,0,,0,0,0,0,0
2010-09-15,2010,9,September,15,Wednesday,2,37,3,0,Autumn,,,0,0,0,0,,0,0,0,0,0
2010-09-16,2010,9,September,16,Thursday,3,37,3,0,Autumn,,,0,0,0,0,,0,0,0,0,0
2010-09-17,2010,9,September,17,Friday,4,37,3,0,Autumn,,,0,0,0,0,,0,0,0,0,0
2010-09-18,2010,9,September,18,Saturday,5,37,3,1,Autumn,,,0,0,0,0,,0,0,0,0,1
2010-09-19,2010,9,September,19,Sunday,6,37,3,1,Autumn,,,0,0,0,0,,0,0,0,0,1
2010-09-20,2010,9,September,20,Monday,0,38,3,0,Autumn,,,0,0,0,0,,0,0,0,0,0
2010-09-21,2010,9,September,21,Tuesday,1,38,3,0,Autumn,,,0,0,0,0,,0,0,0,0,0
2010-09-22,2010,9,September,22,Wednesday,2,38,3,0,Autumn,,,0,0,0,0,,0,0,0,0,0
2010-09-23,2010,9,September,23,Thursday,3,38,3,0,Autumn,,,0,0,0,0,,0,0,0,0,0
2010-09-24,2010,9,September,24,Friday,4,38,3,0,Autumn,,,0,0,0,0,,0,0,0,0,0
2010-09-25,2010,9,September,25,Saturday,5,38,3,1,Autumn,,,0,0,0,0,,0,0,0,0,1
2010-09-26,2010,9,September,26,Sunday,6,38,3,1,Autumn,,,0,0,0,0,,0,0,0,0,1
2010-09-27,2010,9,September,27,Monday,0,39,3,0,Autumn,,,0,0,0,0,,0,0,0,0,0
2010-09-28,2010,9,September,28,Tuesday,1,39,3,0,Autumn,,,0,0,0,0,,0,0,0,0,0
2010-09-29,2010,9,September,29,Wednesday,2,39,3,0,Autumn,,,0,0,0,0,,0,0,0,0,0
2010-09-30,2010,9,September,30,Thursday,3,39,3,0,Autumn,,,0,0,0,0,,0,0,0,0,0
2010-10-01,2010,10,October,1,Friday,4,39,4,0,Autumn,,,0,0,0,0,,0,0,0,0,0
2010-10-02,2010,10,October,2,Saturday,5,39,4,1,Autumn,,,0,0,0,0,,0,0,0,0,1
2010-10-03,2010,10,October,3,Sunday,6,39,4,1,Autumn,,,0,0,0,0,,0,0,0,0,1
2010-10-04,2010,10,October,4,Monday,0,40,4,0,Autumn,,,0,0,0,0,,0,0,0,0,0
2010-10-05,2010,10,October,5,Tuesday,1,40,4,0,Autumn,,,0,0,0,0,,0,0,0,0,0
2010-10-06,2010,10,October,6,Wednesday,2,40,4,0,Autumn,,,0,0,0,0,,0,0,0,0,0
2010-10-07,2010,10,October,7,Thursday,3,40,4,0,Autumn,,,0,0,0,0,,0,0,0,0,0
2010-10-08,2010,10,October,8,Friday,4,40,4,0,Autumn,,,0,0,0,0,,0,0,0,0,0
2010-10-09,2010,10,October,9,Saturday,5,40,4,1,Autumn,,,0,0,0,0,,0,0,0,0,1
2010-10-10,2010,10,October,10,Sunday,6,40,4,1,Autumn,,,0,0,0,0,,0,0,0,0,1
2010-10-11,2010,10,October,11,Monday,0,41,4,0,Autumn,,,0,0,0,0,,0,0,0,0,0
2010-10-12,2010,10,October,12,Tuesday,1,41,4,0,Autumn,,,0,0,0,0,,0,0,0,0,0
2010-10-13,2010,10,October,13,Wednesday,2,41,4,0,Autumn,,,0,0,0,0,,0,0,0,0,0
2010-10-14,2010,10,October,14,Thursday,3,41,4,0,Autumn,,,0,0,0,0,,0,0,0,0,0
2010-10-15,2010,10,October,15,Friday,4,41,4,0,Autumn,,,0,0,0,0,,0,0,0,0,0
2010-10-16,2010,10,October,16,Saturday,5,41,4,1,Autumn,,,0,0,0,0,,0,0,0,0,1
2010-10-17,2010,10,October,17,Sunday,6,41,4,1,Autumn,,,0,0,0,0,,0,0,0,0,1
2010-10-18,2010,10,October,18,Monday,0,42,4,0,Autumn,,,0,0,0,0,,0,0,0,0,0
2010-10-19,2010,10,October,19,Tuesday,1,42,4,0,Autumn,,,0,0,0,0,,0,0,0,0,0
2010-10-20,2010,10,October,20,Wednesday,2,42,4,0,Autumn,,,0,0,0,0,,0,0,0,0,0
2010-10-21,2010,10,October,21,Thursday,3,42,4,0,Autumn,,,0,0,0,0,,0,0,0,0,0
2010-10-22,2010,10,October,22,Friday,4,42,4,0,Autumn,,,0,0,0,0,,0,0,0,0,0
2010-10-23,2010,10,October,23,Saturday,5,42,4,1,Autumn,,,0,0,0,0,,0,0,0,0,1
2010-10-24,2010,10,October,24,Sunday,6,42,4,1,Autumn,,,0,0,0,0,,0,0,0,0,1
2010-10-25,2010,10,October,25,Monday,0,43,4,0,Autumn,,,0,0,0,0,,0,0,0,0,0
2010-10-26,2010,10,October,26,Tuesday,1,43,4,0,Autumn,,,0,0,0,0,,0,0,0,0,0
2010-10-27,2010,10,October,27,Wednesday,2,43,4,0,Autumn,,,0,0,0,0,,0,0,0,0,0
2010-10-28,2010,10,October,28,Thursday,3,43,4,0,Autumn,,,0,0,0,0,,0,0,0,0,0
2010-10-29,2010,10,October,29,Friday,4,43,4,0,Autumn,,,0,0,0,0,,0,0,0,0,0
2010-10-30,2010,10,October,30,Saturday,5,43,4,1,Autumn,,,0,0,0,0,,0,0,0,0,1
2010-10-31,2010,10,October,31,Sunday,6,43,4,1,Autumn,,,0,0,0,0,,0,0,0,0,1
2010-11-01,2010,11,November,1,Monday,0,44,4,0,Autumn,,,0,0,0,0,,0,0,0,0,0
2010-11-02,2010,11,November,2,Tuesday,1,44,4,0,Autumn,,,0,0,0,0,,0,0,0,0,0
2010-11-03,2010,11,November,3,Wednesday,2,44,4,0,Autumn,,,0,0,0,0,,0,0,0,0,0
2010-11-04,2010,11,November,4,Thursday,3,44,4,0,Autumn,,,0,0,0,0,,0,0,0,0,0
2010-11-05,2010,11,November,5,Friday,4,44,4,0,Autumn,,,0,0,0,0,,0,0,0,0,0
2010-11-06,2010,11,November,6,Saturday,5,44,4,1,Autumn,,,0,0,0,0,,0,0,0,0,1
2010-11-07,2010,11,November,7,Sunday,6,44,4,1,Autumn,,,0,0,0,0,,0,0,0,0,1
2010-11-08,2010,11,November,8,Monday,0,45,4,0,Autumn,,,0,0,0,0,,0,0,0,0,0
2010-11-09,2010,11,November,9,Tuesday,1,45,4,0,Autumn,,,0,0,0,0,,0,0,0,0,0
2010-11-10,2010,11,November,10,Wednesday,2,45,4,0,Autumn,,,0,0,0,0,,0,0,0,0,0
2010-11-11,2010,11,November,11,Thursday,3,45,4,0,Autumn,,,0,0,0,0,,0,0,0,0,0
2010-11-12,2010,11,November,12,Friday,4,45,4,0,Autumn,,,0,0,0,0,,0,0,0,0,0
2010-11-13,2010,11,November,13,Saturday,5,45,4,1,Autumn,,,0,0,0,0,,0,0,0,0,1
2010-11-14,2010,11,November,14,Sunday,6,45,4,1,Autumn,,,0,0,0,0,,0,0,0,0,1
2010-11-15,2010,11,November,15,Monday,0,46,4,0,Autumn,,,0,0,0,0,,0,0,0,0,0
2010-11-16,2010,11,November,16,Tuesday,1,46,4,0,Autumn,,,0,0,0,0,,0,0,0,0,0
2010-11-17,2010,11,November,17,Wednesday,2,46,4,0,Autumn,,,0,0,0,0,,0,0,0,0,0
2010-11-18,2010,11,November,18,Thursday,3,46,4,0,Autumn,,,0,0,0,0,,0,0,0,0,0
2010-11-19,2010,11,November,19,Friday,4,46,4,0,Autumn,,,0,0,0,0,,0,0,0,0,0
2010-11-20,2010,11,November,20,Saturday,5,46,4,1,Autumn,,,0,0,0,0,,0,0,0,0,1
2010-11-21,2010,11,November,21,Sunday,6,46,4,1,Autumn,,,0,0,0,0,,0,0,0,0,1
2010-11-22,2010,11,November,22,Monday,0,47,4,0,Autumn,,,0,0,0,0,,0,0,0,0,0
2010-11-23,2010,11,November,23,Tuesday,1,47,4,0,Autumn,,,0,0,0,0,,0,0,0,0,0
2010-11-24,2010,11,November,24,Wednesday,2,47,4,0,Autumn,,,0,0,0,0,,0,0,0,0,0
2010-11-25,2010,11,November,25,Thursday,3,47,4,0,Autumn,,,0,0,0,0,,0,0,0,0,0
2010-11-26,2010,11,November,26,Friday,4,47,4,0,Autumn,,,0,0,0,0,,0,0,0,0,0
2010-11-27,2010,11,November,27,Saturday,5,47,4,1,Autumn,,,0,0,0,0,,0,0,0,0,1
2010-11-28,2010,11,November,28,Sunday,6,47,4,1,Autumn,,,0,0,0,0,,0,0,0,0,1
2010-11-29,2010,11,November,29,Monday,0,48,4,0,Autumn,,,0,0,0,0,,0,0,0,0,0
2010-11-30,2010,11,November,30,Tuesday,1,48,4,0,Autumn,,,0,0,0,0,,0,0,0,0,0
2010-12-01,2010,12,December,1,Wednesday,2,48,4,0,Winter,,,0,0,0,0,,0,0,0,0,0
2010-12-02,2010,12,December,2,Thursday,3,48,4,0,Winter,,,0,0,0,0,,0,0,0,0,0
2010-12-03,2010,12,December,3,Friday,4,48,4,0,Winter,,,0,0,0,0,,0,0,0,0,0
2010-12-04,2010,12,December,4,Saturday,5,48,4,1,Winter,,,0,0,0,0,,0,0,0,0,1
2010-12-05,2010,12,December,5,Sunday,6,48,4,1,Winter,,,0,0,0,0,,0,0,0,0,1
2010-12-06,2010,12,December,6,Monday,0,49,4,0,Winter,,,0,0,0,0,,0,0,0,0,0
2010-12-07,2010,12,December,7,Tuesday,1,49,4,0,Winter,,,0,0,0,0,,0,0,0,0,0
2010-12-08,2010,12,December,8,Wednesday,2,49,4,0,Winter,,,0,0,0,0,,0,0,0,0,0
2010-12-09,2010,12,December,9,Thursday,3,49,4,0,Winter,,,0,0,0,0,,0,0,0,0,0
2010-12-10,2010,12,December,10,Friday,4,49,4,0,Winter,,,0,0,0,0,,0,0,0,0,0
2010-12-11,2010,12,December,11,Saturday,5,49,4,1,Winter,,,0,0,0,0,,0,0,0,0,1
2010-12-12,2010,12,December,12,Sunday,6,49,4,1,Winter,,,0,0,0,0,,0,0,0,0,1
2010-12-13,2010,12,December,13,Monday,0,50,4,0,Winter,,,0,0,0,0,,0,0,0,0,0
2010-12-14,2010,12,December,14,Tuesday,1,50,4,0,Winter,,,0,0,0,0,,0,0,0,0,0
2010-12-15,2010,12,December,15,Wednesday,2,50,4,0,Winter,,,0,0,0,0,,0,0,0,0,0
2010-12-16,2010,12,December,16,Thursday,3,50,4,0,Winter,,,0,0,0,0,,0,0,0,0,0
2010-12-17,2010,12,December,17,Friday,4,50,4,0,Winter,,,0,0,0,0,,0,0,0,0,0
2010-12-18,2010,12,December,18,Saturday,5,50,4,1,Winter,,,0,0,0,0,,0,0,0,0,1
2010-12-19,2010,12,December,19,Sunday,6,50,4,1,Winter,,,0,0,0,0,,0,0,0,0,1
2010-12-20,2010,12,December,20,Monday,0,51,4,0,Winter,,,0,0,0,0,,0,0,0,0,0
2010-12-21,2010,12,December,21,Tuesday,1,51,4,0,Winter,,,0,0,0,0,,0,0,0,0,0
2010-12-22,2010,12,December,22,Wednesday,2,51,4,0,Winter,,,0,0,0,0,,0,0,0,0,0
2010-12-23,2010,12,December,23,Thursday,3,51,4,0,Winter,,,0,0,0,0,,0,0,0,0,0
2010-12-24,2010,12,December,24,Friday,4,51,4,0,Winter,,,0,0,0,0,,0,0,0,0,0
2010-12-25,2010,12,December,25,Saturday,5,51,4,1,Winter,,,0,0,0,0,,0,0,0,0,1
2010-12-26,2010,12,December,26,Sunday,6,51,4,1,Winter,,,0,0,0,0,,0,0,0,0,1
2010-12-27,2010,12,December,27,Monday,0,52,4,0,Winter,,,0,0,1,0,,0,0,0,0,1
2010-12-28,2010,12,December,28,Tuesday,1,52,4,0,Winter,,,0,0,1,0,,0,0,0,0,1
2010-12-29,2010,12,December,29,Wednesday,2,52,4,0,Winter,,,0,0,0,0,,0,0,0,0,0
2010-12-30,2010,12,December,30,Thursday,3,52,4,0,Winter,,,0,0,0,0,,0,0,0,0,0
2010-12-31,2010,12,December,31,Friday,4,52,4,0,Winter,,,0,0,0,0,,0,0,0,0,0
2011-01-01,2011,1,January,1,Saturday,5,52,1,1,Winter,,,0,0,0,0,,0,0,0,0,1
2011-01-02,2011,1,January,2,Sunday,6,52,1,1,Winter,,,0,0,0,0,,0,0,0,0,1
2011-01-03,2011,1,January,3,Monday,0,1,1,0,Winter,,,0,0,1,0,,0,0,0,0,1
2011-01-04,2011,1,January,4,Tuesday,1,1,1,0,Winter,,,0,0,0,0,,0,0,0,0,0
2011-01-05,2011,1,January,5,Wednesday,2,1,1,0,Winter,,,0,0,0,0,,0,0,0,0,0
2011-01-06,2011,1,January,6,Thursday,3,1,1,0,Winter,,,0,0,0,0,,0,0,0,0,0
2011-01-07,2011,1,January,7,Friday,4,1,1,0,Winter,,,0,0,0,0,,0,0,0,0,0
2011-01-08,2011,1,January,8,Saturday,5,1,1,1,Winter,,,0,0,0,0,,0,0,0,0,1
2011-01-09,2011,1,January,9,Sunday,6,1,1,1,Winter,,,0,0,0,0,,0,0,0,0,1
2011-01-10,2011,1,January,10,Monday,0,2,1,0,Winter,,,0,0,0,0,,0,0,0,0,0
2011-01-11,2011,1,January,11,Tuesday,1,2,1,0,Winter,,,0,0,0,0,,0,0,0,0,0
2011-01-12,2011,1,January,12,Wednesday,2,2,1,0,Winter,,,0,0,0,0,,0,0,0,0,0
2011-01-13,2011,1,January,13,Thursday,3,2,1,0,Winter,,,0,0,0,0,,0,0,0,0,0
2011-01-14,2011,1,January,14,Friday,4,2,1,0,Winter,,,0,0,0,0,,0,0,0,0,0
2011-01-15,2011,1,January,15,Saturday,5,2,1,1,Winter,,,0,0,0,0,,0,0,0,0,1
2011-01-16,2011,1,January,16,Sunday,6,2,1,1,Winter,,,0,0,0,0,,0,0,0,0,1
2011-01-17,2011,1,January,17,Monday,0,3,1,0,Winter,,,0,0,0,0,,0,0,0,0,0
2011-01-18,2011,1,January,18,Tuesday,1,3,1,0,Winter,,,0,0,0,0,,0,0,0,0,0
2011-01-19,2011,1,January,19,Wednesday,2,3,1,0,Winter,,,0,0,0,0,,0,0,0,0,0
2011-01-20,2011,1,January,20,Thursday,3,3,1,0,Winter,,,0,0,0,0,,0,0,0,0,0
2011-01-21,2011,1,January,21,Friday,4,3,1,0,Winter,,,0,0,0,0,,0,0,0,0,0
2011-01-22,2011,1,January,22,Saturday,5,3,1,1,Winter,,,0,0,0,0,,0,0,0,0,1
2011-01-23,2011,1,January,23,Sunday,6,3,1,1,Winter,,,0,0,0,0,,0,0,0,0,1
2011-01-24,2011,1,January,24,Monday,0,4,1,0,Winter,,,0,0,0,0,,0,0,0,0,0
2011-01-25,2011,1,January,25,Tuesday,1,4,1,0,Winter,,,0,0,0,0,,0,0,0,0,0
2011-01-26,2011,1,January,26,Wednesday,2,4,1,0,Winter,,,0,0,0,0,,0,0,0,0,0
2011-01-27,2011,1,January,27,Thursday,3,4,1,0,Winter,,,0,0,0,0,,0,0,0,0,0
2011-01-28,2011,1,January,28,Friday,4,4,1,0,Winter,,,0,0,0,0,,0,0,0,0,0
2011-01-29,2011,1,January,29,Saturday,5,4,1,1,Winter,,,0,0,0,0,,0,0,0,0,1
2011-01-30,2011,1,January,30,Sunday,6,4,1,1,Winter,,,0,0,0,0,,0,0,0,0,1
2011-01-31,2011,1,January,31,Monday,0,5,1,0,Winter,,,0,0,0,0,,0,0,0,0,0
2011-02-01,2011,2,February,1,Tuesday,1,5,1,0,Winter,,,0,0,0,0,,0,0,0,0,0
2011-02-02,2011,2,February,2,Wednesday,2,5,1,0,Winter,,,0,0,0,0,,0,0,0,0,0
2011-02-03,2011,2,February,3,Thursday,3,5,1,0,Winter,,,0,0,0,0,,0,0,0,0,0
2011-02-04,2011,2,February,4,Friday,4,5,1,0,Winter,,,0,0,0,0,,0,0,0,0,0
2011-02-05,2011,2,February,5,Saturday,5,5,1,1,Winter,,,0,0,0,0,,0,0,0,0,1
2011-02-06,2011,2,February,6,Sunday,6,5,1,1,Winter,,,0,0,0,0,,0,0,0,0,1
2011-02-07,2011,2,February,7,Monday,0,6,1,0,Winter,,,0,0,0,0,,0,0,0,0,0
2011-02-08,2011,2,February,8,Tuesday,1,6,1,0,Winter,,,0,0,0,0,,0,0,0,0,0
2011-02-09,2011,2,February,9,Wednesday,2,6,1,0,Winter,,,0,0,0,0,,0,0,0,0,0
2011-02-10,2011,2,February,10,Thursday,3,6,1,0,Winter,,,0,0,0,0,,0,0,0,0,0
2011-02-11,2011,2,February,11,Friday,4,6,1,0,Winter,,,0,0,0,0,,0,0,0,0,0
2011-02-12,2011,2,February,12,Saturday,5,6,1,1,Winter,,,0,0,0,0,,0,0,0,0,1
2011-02-13,2011,2,February,13,Sunday,6,6,1,1,Winter,,,0,0,0,0,,0,0,0,0,1
2011-02-14,2011,2,February,14,Monday,0,7,1,0,Winter,,,0,0,0,0,,0,0,0,0,0
2011-02-15,2011,2,February,15,Tuesday,1,7,1,0,Winter,,,0,0,0,0,,0,0,0,0,0
2011-02-16,2011,2,February,16,Wednesday,2,7,1,0,Winter,,,0,0,0,0,,0,0,0,0,0
2011-02-17,2011,2,February,17,Thursday,3,7,1,0,Winter,,,0,0,0,0,,0,0,0,0,0
2011-02-18,2011,2,February,18,Friday,4,7,1,0,Winter,,,0,0,0,0,,0,0,0,0,0
2011-02-19,2011,2,February,19,Saturday,5,7,1,1,Winter,,,0,0,0,0,,0,0,0,0,1
2011-02-20,2011,2,February,20,Sunday,6,7,1,1,Winter,,,0,0,0,0,,0,0,0,0,1
2011-02-21,2011,2,February,21,Monday,0,8,1,0,Winter,,,0,0,0,0,,0,0,0,0,0
2011-02-22,2011,2,February,22,Tuesday,1,8,1,0,Winter,,,0,0,0,0,,0,0,0,0,0
2011-02-23,2011,2,February,23,Wednesday,2,8,1,0,Winter,,,0,0,0,0,,0,0,0,0,0
2011-02-24,2011,2,February,24,Thursday,3,8,1,0,Winter,,,0,0,0,0,,0,0,0,0,0
2011-02-25,2011,2,February,25,Friday,4,8,1,0,Winter,,,0,0,0,0,,0,0,0,0,0
2011-02-26,2011,2,February,26,Saturday,5,8,1,1,Winter,,,0,0,0,0,,0,0,0,0,1
2011-02-27,2011,2,February,27,Sunday,6,8,1,1,Winter,,,0,0,0,0,,0,0,0,0,1
2011-02-28,2011,2,February,28,Monday,0,9,1,0,Winter,,,0,0,0,0,,0,0,0,0,0
2011-03-01,2011,3,March,1,Tuesday,1,9,1,0,Spring,,,0,0,0,0,,0,0,0,0,0
2011-03-02,2011,3,March,2,Wednesday,2,9,1,0,Spring,,,0,0,0,0,,0,0,0,0,0
2011-03-03,2011,3,March,3,Thursday,3,9,1,0,Spring,,,0,0,0,0,,0,0,0,0,0
2011-03-04,2011,3,March,4,Friday,4,9,1,0,Spring,,,0,0,0,0,,0,0,0,0,0
2011-03-05,2011,3,March,5,Saturday,5,9,1,1,Spring,,,0,0,0,0,,0,0,0,0,1
2011-03-06,2011,3,March,6,Sunday,6,9,1,1,Spring,,,0,0,0,0,,0,0,0,0,1
2011-03-07,2011,3,March,7,Monday,0,10,1,0,Spring,,,0,0,0,0,,0,0,0,0,0
2011-03-08,2011,3,March,8,Tuesday,1,10,1,0,Spring,,,0,0,0,0,,0,0,0,0,0
2011-03-09,2011,3,March,9,Wednesday,2,10,1,0,Spring,,,0,0,0,0,,0,0,0,0,0
2011-03-10,2011,3,March,10,Thursday,3,10,1,0,Spring,,,0,0,0,0,,0,0,0,0,0
2011-03-11,2011,3,March,11,Friday,4,10,1,0,Spring,,,0,0,0,0,,0,0,0,0,0
2011-03-12,2011,3,March,12,Saturday,5,10,1,1,Spring,,,0,0,0,0,,0,0,0,0,1
2011-03-13,2011,3,March,13,Sunday,6,10,1,1,Spring,,,0,0,0,0,,0,0,0,0,1
2011-03-14,2011,3,March,14,Monday,0,11,1,0,Spring,,,0,0,0,0,,0,0,0,0,0
2011-03-15,2011,3,March,15,Tuesday,1,11,1,0,Spring,,,0,0,0,0,,0,0,0,0,0
2011-03-16,2011,3,March,16,Wednesday,2,11,1,0,Spring,,,0,0,0,0,,0,0,0,0,0
2011-03-17,2011,3,March,17,Thursday,3,11,1,0,Spring,,,0,0,0,0,,0,0,0,0,0
2011-03-18,2011,3,March,18,Friday,4,11,1,0,Spring,,,0,0,0,0,,0,0,0,0,0
2011-03-19,2011,3,March,19,Saturday,5,11,1,1,Spring,,,0,0,0,0,,0,0,0,0,1
2011-03-20,2011,3,March,20,Sunday,6,11,1,1,Spring,,,0,0,0,0,,0,0,0,0,1
2011-03-21,2011,3,March,21,Monday,0,12,1,0,Spring,,,0,0,0,0,,0,0,0,0,0
2011-03-22,2011,3,March,22,Tuesday,1,12,1,0,Spring,,,0,0,0,0,,0,0,0,0,0
2011-03-23,2011,3,March,23,Wednesday,2,12,1,0,Spring,,,0,0,0,0,,0,0,0,0,0
2011-03-24,2011,3,March,24,Thursday,3,12,1,0,Spring,,,0,0,0,0,,0,0,0,0,0
2011-03-25,2011,3,March,25,Friday,4,12,1,0,Spring,,,0,0,0,0,,0,0,0,0,0
2011-03-26,2011,3,March,26,Saturday,5,12,1,1,Spring,,,0,0,0,0,,0,0,0,0,1
2011-03-27,2011,3,March,27,Sunday,6,12,1,1,Spring,,,0,0,0,0,,0,0,0,0,1
2011-03-28,2011,3,March,28,Monday,0,13,1,0,Spring,,,0,0,0,0,,0,0,0,0,0
2011-03-29,2011,3,March,29,Tuesday,1,13,1,0,Spring,,,0,0,0,0,,0,0,0,0,0
2011-03-30,2011,3,March,30,Wednesday,2,13,1,0,Spring,,,0,0,0,0,,0,0,0,0,0
2011-03-31,2011,3,March,31,Thursday,3,13,1,0,Spring,,,0,0,0,0,,0,0,0,0,0
2011-04-01,2011,4,April,1,Friday,4,13,2,0,Spring,,,0,0,0,0,,0,0,0,0,0
2011-04-02,2011,4,April,2,Saturday,5,13,2,1,Spring,,,0,0,0,0,,0,0,0,0,1
2011-04-03,2011,4,April,3,Sunday,6,13,2,1,Spring,,,0,0,0,0,,0,0,0,0,1
2011-04-04,2011,4,April,4,Monday,0,14,2,0,Spring,,,0,0,0,0,,0,0,0,0,0
2011-04-05,2011,4,April,5,Tuesday,1,14,2,0,Spring,,,0,0,0,0,,0,0,0,0,0
2011-04-06,2011,4,April,6,Wednesday,2,14,2,0,Spring,,,0,0,0,0,,0,0,0,0,0
2011-04-07,2011,4,April,7,Thursday,3,14,2,0,Spring,,,0,0,0,0,,0,0,0,0,0
2011-04-08,2011,4,April,8,Friday,4,14,2,0,Spring,,,0,0,0,0,,0,0,0,0,0
2011-04-09,2011,4,April,9,Saturday,5,14,2,1,Spring,,,0,0,0,0,,0,0,0,0,1
2011-04-10,2011,4,April,10,Sunday,6,14,2,1,Spring,,,0,0,0,0,,0,0,0,0,1
2011-04-11,2011,4,April,11,Monday,0,15,2,0,Spring,,,0,0,0,0,,0,0,0,0,0
2011-04-12,2011,4,April,12,Tuesday,1,15,2,0,Spring,,,0,0,0,0,,0,0,0,0,0
2011-04-13,2011,4,April,13,Wednesday,2,15,2,0,Spring,,,0,0,0,0,,0,0,0,0,0
2011-04-14,2011,4,April,14,Thursday,3,15,2,0,Spring,,,0,0,0,0,,0,0,0,0,0
2011-04-15,2011,4,April,15,Friday,4,15,2,0,Spring,,,0,0,0,0,,0,0,0,0,0
2011-04-16,2011,4,April,16,Saturday,5,15,2,1,Spring,,,0,0,0,0,,0,0,0,0,1
2011-04-17,2011,4,April,17,Sunday,6,15,2,1,Spring,,,0,0,0,0,,0,0,0,0,1
2011-04-18,2011,4,April,18,Monday,0,16,2,0,Spring,,,0,0,0,0,,0,0,0,0,0
2011-04-19,2011,4,April,19,Tuesday,1,16,2,0,Spring,,,0,0,0,0,,0,0,0,0,0
2011-04-20,2011,4,April,20,Wednesday,2,16,2,0,Spring,,,0,0,0,0,,0,0,0,0,0
2011-04-21,2011,4,April,21,Thursday,3,16,2,0,Spring,,,0,0,0,0,,0,0,0,0,0
2011-04-22,2011,4,April,22,Friday,4,16,2,0,Spring,,,0,0,1,0,,0,0,0,0,1
2011-04-23,2011,4,April,23,Saturday,5,16,2,1,Spring,,,0,0,0,0,,0,0,0,0,1
2011-04-24,2011,4,April,24,Sunday,6,16,2,1,Spring,,,0,0,0,0,,0,0,0,0,1
2011-04-25,2011,4,April,25,Monday,0,17,2,0,Spring,,,0,0,1,0,,0,0,0,0,1
2011-04-26,2011,4,April,26,Tuesday,1,17,2,0,Spring,,,0,0,0,0,,0,0,0,0,0
2011-04-27,2011,4,April,27,Wednesday,2,17,2,0,Spring,,,0,0,0,0,,0,0,0,0,0
2011-04-28,2011,4,April,28,Thursday,3,17,2,0,Spring,,,0,0,0,0,,0,0,0,0,0
2011-04-29,2011,4,April,29,Friday,4,17,2,0,Spring,,,0,0,1,0,,0,0,0,0,1
2011-04-30,2011,4,April,30,Saturday,5,17,2,1,Spring,,,0,0,0,0,,0,0,0,0,1
2011-05-01,2011,5,May,1,Sunday,6,17,2,1,Spring,,,0,0,0,0,,0,0,0,0,1
2011-05-02,2011,5,May,2,Monday,0,18,2,0,Spring,,,0,0,1,0,,0,0,0,0,1
2011-05-03,2011,5,May,3,Tuesday,1,18,2,0,Spring,,,0,0,0,0,,0,0,0,0,0
2011-05-04,2011,5,May,4,Wednesday,2,18,2,0,Spring,,,0,0,0,0,,0,0,0,0,0
2011-05-05,2011,5,May,5,Thursday,3,18,2,0,Spring,,,0,0,0,0,,0,0,0,0,0
2011-05-06,2011,5,May,6,Friday,4,18,2,0,Spring,,,0,0,0,0,,0,0,0,0,0
2011-05-07,2011,5,May,7,Saturday,5,18,2,1,Spring,,,0,0,0,0,,0,0,0,0,1
2011-05-08,2011,5,May,8,Sunday,6,18,2,1,Spring,,,0,0,0,0,,0,0,0,0,1
2011-05-09,2011,5,May,9,Monday,0,19,2,0,Spring,,,0,0,0,0,,0,0,0,0,0
2011-05-10,2011,5,May,10,Tuesday,1,19,2,0,Spring,,,0,0,0,0,,0,0,0,0,0
2011-05-11,2011,5,May,11,Wednesday,2,19,2,0,Spring,,,0,0,0,0,,0,0,0,0,0
2011-05-12,2011,5,May,12,Thursday,3,19,2,0,Spring,,,0,0,0,0,,0,0,0,0,0
2011-05-13,2011,5,May,13,Friday,4,19,2,0,Spring,,,0,0,0,0,,0,0,0,0,0
2011-05-14,2011,5,May,14,Saturday,5,19,2,1,Spring,,,0,0,0,0,,0,0,0,0,1
2011-05-15,2011,5,May,15,Sunday,6,19,2,1,Spring,,,0,0,0,0,,0,0,0,0,1
2011-05-16,2011,5,May,16,Monday,0,20,2,0,Spring,,,0,0,0,0,,0,0,0,0,0
2011-05-17,2011,5,May,17,Tuesday,1,20,2,0,Spring,,,0,0,0,0,,0,0,0,0,0
2011-05-18,2011,5,May,18,Wednesday,2,20,2,0,Spring,,,0,0,0,0,,0,0,0,0,0
2011-05-19,2011,5,May,19,Thursday,3,20,2,0,Spring,,,0,0,0,0,,0,0,0,0,0
2011-05-20,2011,5,May,20,Friday,4,20,2,0,Spring,,,0,0,0,0,,0,0,0,0,0
2011-05-21,2011,5,May,21,Saturday,5,20,2,1,Spring,,,0,0,0,0,,0,0,0,0,1
2011-05-22,2011,5,May,22,Sunday,6,20,2,1,Spring,,,0,0,0,0,,0,0,0,0,1
2011-05-23,2011,5,May,23,Monday,0,21,2,0,Spring,,,0,0,0,0,,0,0,0,0,0
2011-05-24,2011,5,May,24,Tuesday,1,21,2,0,Spring,,,0,0,0,0,,0,0,0,0,0
2011-05-25,2011,5,May,25,Wednesday,2,21,2,0,Spring,,,0,0,0,0,,0,0,0,0,0
2011-05-26,2011,5,May,26,Thursday,3,21,2,0,Spring,,,0,0,0,0,,0,0,0,0,0
2011-05-27,2011,5,May,27,Friday,4,21,2,0,Spring,,,0,0,0,0,,0,0,0,0,0
2011-05-28,2011,5,May,28,Saturday,5,21,2,1,Spring,,,0,0,0,0,,0,0,0,0,1
2011-05-29,2011,5,May,29,Sunday,6,21,2,1,Spring,,,0,0,0,0,,0,0,0,0,1
2011-05-30,2011,5,May,30,Monday,0,22,2,0,Spring,,,0,0,1,0,,0,0,0,0,1
2011-05-31,2011,5,May,31,Tuesday,1,22,2,0,Spring,,,0,0,0,0,,0,0,0,0,0
2011-06-01,2011,6,June,1,Wednesday,2,22,2,0,Summer,,,0,0,0,0,,0,0,0,0,0
2011-06-02,2011,6,June,2,Thursday,3,22,2,0,Summer,,,0,0,0,0,,0,0,0,0,0
2011-06-03,2011,6,June,3,Friday,4,22,2,0,Summer,,,0,0,0,0,,0,0,0,0,0
2011-06-04,2011,6,June,4,Saturday,5,22,2,1,Summer,,,0,0,0,0,,0,0,0,0,1
2011-06-05,2011,6,June,5,Sunday,6,22,2,1,Summer,,,0,0,0,0,,0,0,0,0,1
2011-06-06,2011,6,June,6,Monday,0,23,2,0,Summer,,,0,0,0,0,,0,0,0,0,0
2011-06-07,2011,6,June,7,Tuesday,1,23,2,0,Summer,,,0,0,0,0,,0,0,0,0,0
2011-06-08,2011,6,June,8,Wednesday,2,23,2,0,Summer,,,0,0,0,0,,0,0,0,0,0
2011-06-09,2011,6,June,9,Thursday,3,23,2,0,Summer,,,0,0,0,0,,0,0,0,0,0
2011-06-10,2011,6,June,10,Friday,4,23,2,0,Summer,,,0,0,0,0,,0,0,0,0,0
2011-06-11,2011,6,June,11,Saturday,5,23,2,1,Summer,,,0,0,0,0,,0,0,0,0,1
2011-06-12,2011,6,June,12,Sunday,6,23,2,1,Summer,,,0,0,0,0,,0,0,0,0,1
2011-06-13,2011,6,June,13,Monday,0,24,2,0,Summer,,,0,0,0,0,,0,0,0,0,0
2011-06-14,2011,6,June,14,Tuesday,1,24,2,0,Summer,,,0,0,0,0,,0,0,0,0,0
2011-06-15,2011,6,June,15,Wednesday,2,24,2,0,Summer,,,0,0,0,0,,0,0,0,0,0
2011-06-16,2011,6,June,16,Thursday,3,24,2,0,Summer,,,0,0,0,0,,0,0,0,0,0
2011-06-17,2011,6,June,17,Friday,4,24,2,0,Summer,,,0,0,0,0,,0,0,0,0,0
2011-06-18,2011,6,June,18,Saturday,5,24,2,1,Summer,,,0,0,0,0,,0,0,0,0,1
2011-06-19,2011,6,June,19,Sunday,6,24,2,1,Summer,,,0,0,0,0,,0,0,0,0,1
2011-06-20,2011,6,June,20,Monday,0,25,2,0,Summer,,,0,0,0,0,,0,0,0,0,0
2011-06-21,2011,6,June,21,Tuesday,1,25,2,0,Summer,,,0,0,0,0,,0,0,0,0,0
2011-06-22,2011,6,June,22,Wednesday,2,25,2,0,Summer,,,0,0,0,0,,0,0,0,0,0
2011-06-23,2011,6,June,23,Thursday,3,25,2,0,Summer,,,0,0,0,0,,0,0,0,0,0
2011-06-24,2011,6,June,24,Friday,4,25,2,0,Summer,,,0,0,0,0,,0,0,0,0,0
2011-06-25,2011,6,June,25,Saturday,5,25,2,1,Summer,,,0,0,0,0,,0,0,0,0,1
2011-06-26,2011,6,June,26,Sunday,6,25,2,1,Summer,,,0,0,0,0,,0,0,0,0,1
2011-06-27,2011,6,June,27,Monday,0,26,2,0,Summer,,,0,0,0,0,,0,0,0,0,0
2011-06-28,2011,6,June,28,Tuesday,1,26,2,0,Summer,,,0,0,0,0,,0,0,0,0,0
2011-06-29,2011,6,June,29,Wednesday,2,26,2,0,Summer,,,0,0,0,0,,0,0,0,0,0
2011-06-30,2011,6,June,30,Thursday,3,26,2,0,Summer,,,0,0,0,0,,0,0,0,0,0
2011-07-01,2011,7,July,1,Friday,4,26,3,0,Summer,,,0,0,0,0,,0,0,0,0,0
2011-07-02,2011,7,July,2,Saturday,5,26,3,1,Summer,,,0,0,0,0,,0,0,0,0,1
2011-07-03,2011,7,July,3,Sunday,6,26,3,1,Summer,,,0,0,0,0,,0,0,0,0,1
2011-07-04,2011,7,July,4,Monday,0,27,3,0,Summer,,,0,0,0,0,,0,0,0,0,0
2011-07-05,2011,7,July,5,Tuesday,1,27,3,0,Summer,,,0,0,0,0,,0,0,0,0,0
2011-07-06,2011,7,July,6,Wednesday,2,27,3,0,Summer,,,0,0,0,0,,0,0,0,0,0
2011-07-07,2011,7,July,7,Thursday,3,27,3,0,Summer,,,0,0,0,0,,0,0,0,0,0
2011-07-08,2011,7,July,8,Friday,4,27,3,0,Summer,,,0,0,0,0,,0,0,0,0,0
2011-07-09,2011,7,July,9,Saturday,5,27,3,1,Summer,,,0,0,0,0,,0,0,0,0,1
2011-07-10,2011,7,July,10,Sunday,6,27,3,1,Summer,,,0,0,0,0,,0,0,0,0,1
2011-07-11,2011,7,July,11,Monday,0,28,3,0,Summer,,,0,0,0,0,,0,0,0,0,0
2011-07-12,2011,7,July,12,Tuesday,1,28,3,0,Summer,,,0,0,0,0,,0,0,0,0,0
2011-07-13,2011,7,July,13,Wednesday,2,28,3,0,Summer,,,0,0,0,0,,0,0,0,0,0
2011-07-14,2011,7,July,14,Thursday,3,28,3,0,Summer,,,0,0,0,0,,0,0,0,0,0
2011-07-15,2011,7,July,15,Friday,4,28,3,0,Summer,,,0,0,0,0,,0,0,0,0,0
2011-07-16,2011,7,July,16,Saturday,5,28,3,1,Summer,,,0,0,0,0,,0,0,0,0,1
2011-07-17,2011,7,July,17,Sunday,6,28,3,1,Summer,,,0,0,0,0,,0,0,0,0,1
2011-07-18,2011,7,July,18,Monday,0,29,3,0,Summer,,,0,0,0,0,,0,0,0,0,0
2011-07-19,2011,7,July,19,Tuesday,1,29,3,0,Summer,,,0,0,0,0,,0,0,0,0,0
2011-07-20,2011,7,July,20,Wednesday,2,29,3,0,Summer,,,0,0,0,0,,0,0,0,0,0
2011-07-21,2011,7,July,21,Thursday,3,29,3,0,Summer,,,0,0,0,0,,0,0,0,0,0
2011-07-22,2011,7,July,22,Friday,4,29,3,0,Summer,,,0,0,0,0,,0,0,0,0,0
2011-07-23,2011,7,July,23,Saturday,5,29,3,1,Summer,,,0,0,0,0,,0,0,0,0,1
2011-07-24,2011,7,July,24,Sunday,6,29,3,1,Summer,,,0,0,0,0,,0,0,0,0,1
2011-07-25,2011,7,July,25,Monday,0,30,3,0,Summer,,,0,0,0,0,,0,0,0,0,0
2011-07-26,2011,7,July,26,Tuesday,1,30,3,0,Summer,,,0,0,0,0,,0,0,0,0,0
2011-07-27,2011,7,July,27,Wednesday,2,30,3,0,Summer,,,0,0,0,0,,0,0,0,0,0
2011-07-28,2011,7,July,28,Thursday,3,30,3,0,Summer,,,0,0,0,0,,0,0,0,0,0
2011-07-29,2011,7,July,29,Friday,4,30,3,0,Summer,,,0,0,0,0,,0,0,0,0,0
2011-07-30,2011,7,July,30,Saturday,5,30,3,1,Summer,,,0,0,0,0,,0,0,0,0,1
2011-07-31,2011,7,July,31,Sunday,6,30,3,1,Summer,,,0,0,0,0,,0,0,0,0,1
2011-08-01,2011,8,August,1,Monday,0,31,3,0,Summer,,,0,0,0,0,,0,0,0,0,0
2011-08-02,2011,8,August,2,Tuesday,1,31,3,0,Summer,,,0,0,0,0,,0,0,0,0,0
2011-08-03,2011,8,August,3,Wednesday,2,31,3,0,Summer,,,0,0,0,0,,0,0,0,0,0
2011-08-04,2011,8,August,4,Thursday,3,31,3,0,Summer,,,0,0,0,0,,0,0,0,0,0
2011-08-05,2011,8,August,5,Friday,4,31,3,0,Summer,,,0,0,0,0,,0,0,0,0,0
2011-08-06,2011,8,August,6,Saturday,5,31,3,1,Summer,,,0,0,0,0,,0,0,0,0,1
2011-08-07,2011,8,August,7,Sunday,6,31,3,1,Summer,,,0,0,0,0,,0,0,0,0,1
2011-08-08,2011,8,August,8,Monday,0,32,3,0,Summer,,,0,0,0,0,,0,0,0,0,0
2011-08-09,2011,8,August,9,Tuesday,1,32,3,0,Summer,,,0,0,0,0,,0,0,0,0,0
2011-08-10,2011,8,August,10,Wednesday,2,32,3,0,Summer,,,0,0,0,0,,0,0,0,0,0
2011-08-11,2011,8,August,11,Thursday,3,32,3,0,Summer,,,0,0,0,0,,0,0,0,0,0
2011-08-12,2011,8,August,12,Friday,4,32,3,0,Summer,,,0,0,0,0,,0,0,0,0,0
2011-08-13,2011,8,August,13,Saturday,5,32,3,1,Summer,,,0,0,0,0,,0,0,0,0,1
2011-08-14,2011,8,August,14,Sunday,6,32,3,1,Summer,,,0,0,0,0,,0,0,0,0,1
2011-08-15,2011,8,August,15,Monday,0,33,3,0,Summer,,,0,0,0,0,,0,0,0,0,0
2011-08-16,2011,8,August,16,Tuesday,1,33,3,0,Summer,,,0,0,0,0,,0,0,0,0,0
2011-08-17,2011,8,August,17,Wednesday,2,33,3,0,Summer,,,0,0,0,0,,0,0,0,0,0
2011-08-18,2011,8,August,18,Thursday,3,33,3,0,Summer,,,0,0,0,0,,0,0,0,0,0
2011-08-19,2011,8,August,19,Friday,4,33,3,0,Summer,,,0,0,0,0,,0,0,0,0,0
2011-08-20,2011,8,August,20,Saturday,5,33,3,1,Summer,,,0,0,0,0,,0,0,0,0,1
2011-08-21,2011,8,August,21,Sunday,6,33,3,1,Summer,,,0,0,0,0,,0,0,0,0,1
2011-08-22,2011,8,August,22,Monday,0,34,3,0,Summer,,,0,0,0,0,,0,0,0,0,0
2011-08-23,2011,8,August,23,Tuesday,1,34,3,0,Summer,,,0,0,0,0,,0,0,0,0,0
2011-08-24,2011,8,August,24,Wednesday,2,34,3,0,Summer,,,0,0,0,0,,0,0,0,0,0
2011-08-25,2011,8,August,25,Thursday,3,34,3,0,Summer,,,0,0,0,0,,0,0,0,0,0
2011-08-26,2011,8,August,26,Friday,4,34,3,0,Summer,,,0,0,0,0,,0,0,0,0,0
2011-08-27,2011,8,August,27,Saturday,5,34,3,1,Summer,,,0,0,0,0,,0,0,0,0,1
2011-08-28,2011,8,August,28,Sunday,6,34,3,1,Summer,,,0,0,0,0,,0,0,0,0,1
2011-08-29,2011,8,August,29,Monday,0,35,3,0,Summer,,,0,0,1,0,,0,0,0,0,1
2011-08-30,2011,8,August,30,Tuesday,1,35,3,0,Summer,,,0,0,0,0,,0,0,0,0,0
2011-08-31,2011,8,August,31,Wednesday,2,35,3,0,Summer,,,0,0,0,0,,0,0,0,0,0
2011-09-01,2011,9,September,1,Thursday,3,35,3,0,Autumn,,,0,0,0,0,,0,0,0,0,0
2011-09-02,2011,9,September,2,Friday,4,35,3,0,Autumn,,,0,0,0,0,,0,0,0,0,0
2011-09-03,2011,9,September,3,Saturday,5,35,3,1,Autumn,,,0,0,0,0,,0,0,0,0,1
2011-09-04,2011,9,September,4,Sunday,6,35,3,1,Autumn,,,0,0,0,0,,0,0,0,0,1
2011-09-05,2011,9,September,5,Monday,0,36,3,0,Autumn,,,0,0,0,0,,0,0,0,0,0
2011-09-06,2011,9,September,6,Tuesday,1,36,3,0,Autumn,,,0,0,0,0,,0,0,0,0,0
2011-09-07,2011,9,September,7,Wednesday,2,36,3,0,Autumn,,,0,0,0,0,,0,0,0,0,0
2011-09-08,2011,9,September,8,Thursday,3,36,3,0,Autumn,,,0,0,0,0,,0,0,0,0,0
2011-09-09,2011,9,September,9,Friday,4,36,3,0,Autumn,,,0,0,0,0,,0,0,0,0,0
2011-09-10,2011,9,September,10,Saturday,5,36,3,1,Autumn,,,0,0,0,0,,0,0,0,0,1
2011-09-11,2011,9,September,11,Sunday,6,36,3,1,Autumn,,,0,0,0,0,,0,0,0,0,1
2011-09-12,2011,9,September,12,Monday,0,37,3,0,Autumn,,,0,0,0,0,,0,0,0,0,0
2011-09-13,2011,9,September,13,Tuesday,1,37,3,0,Autumn,,,0,0,0,0,,0,0,0,0,0
2011-09-14,2011,9,September,14,Wednesday,2,37,3,0,Autumn,,,0,0,0,0,,0,0,0,0,0
2011-09-15,2011,9,September,15,Thursday,3,37,3,0,Autumn,,,0,0,0,0,,0,0,0,0,0
2011-09-16,2011,9,September,16,Friday,4,37,3,0,Autumn,,,0,0,0,0,,0,0,0,0,0
2011-09-17,2011,9,September,17,Saturday,5,37,3,1,Autumn,,,0,0,0,0,,0,0,0,0,1
2011-09-18,2011,9,September,18,Sunday,6,37,3,1,Autumn,,,0,0,0,0,,0,0,0,0,1
2011-09-19,2011,9,September,19,Monday,0,38,3,0,Autumn,,,0,0,0,0,,0,0,0,0,0
2011-09-20,2011,9,September,20,Tuesday,1,38,3,0,Autumn,,,0,0,0,0,,0,0,0,0,0
2011-09-21,2011,9,September,21,Wednesday,2,38,3,0,Autumn,,,0,0,0,0,,0,0,0,0,0
2011-09-22,2011,9,September,22,Thursday,3,38,3,0,Autumn,,,0,0,0,0,,0,0,0,0,0
2011-09-23,2011,9,September,23,Friday,4,38,3,0,Autumn,,,0,0,0,0,,0,0,0,0,0
2011-09-24,2011,9,September,24,Saturday,5,38,3,1,Autumn,,,0,0,0,0,,0,0,0,0,1
2011-09-25,2011,9,September,25,Sunday,6,38,3,1,Autumn,,,0,0,0,0,,0,0,0,0,1
2011-09-26,2011,9,September,26,Monday,0,39,3,0,Autumn,,,0,0,0,0,,0,0,0,0,0
2011-09-27,2011,9,September,27,Tuesday,1,39,3,0,Autumn,,,0,0,0,0,,0,0,0,0,0
2011-09-28,2011,9,September,28,Wednesday,2,39,3,0,Autumn,,,0,0,0,0,,0,0,0,0,0
2011-09-29,2011,9,September,29,Thursday,3,39,3,0,Autumn,,,0,0,0,0,,0,0,0,0,0
2011-09-30,2011,9,September,30,Friday,4,39,3,0,Autumn,,,0,0,0,0,,0,0,0,0,0
2011-10-01,2011,10,October,1,Saturday,5,39,4,1,Autumn,,,0,0,0,0,,0,0,0,0,1
2011-10-02,2011,10,October,2,Sunday,6,39,4,1,Autumn,,,0,0,0,0,,0,0,0,0,1
2011-10-03,2011,10,October,3,Monday,0,40,4,0,Autumn,,,0,0,0,0,,0,0,0,0,0
2011-10-04,2011,10,October,4,Tuesday,1,40,4,0,Autumn,,,0,0,0,0,,0,0,0,0,0
2011-10-05,2011,10,October,5,Wednesday,2,40,4,0,Autumn,,,0,0,0,0,,0,0,0,0,0
2011-10-06,2011,10,October,6,Thursday,3,40,4,0,Autumn,,,0,0,0,0,,0,0,0,0,0
2011-10-07,2011,10,October,7,Friday,4,40,4,0,Autumn,,,0,0,0,0,,0,0,0,0,0
2011-10-08,2011,10,October,8,Saturday,5,40,4,1,Autumn,,,0,0,0,0,,0,0,0,0,1
2011-10-09,2011,10,October,9,Sunday,6,40,4,1,Autumn,,,0,0,0,0,,0,0,0,0,1
2011-10-10,2011,10,October,10,Monday,0,41,4,0,Autumn,,,0,0,0,0,,0,0,0,0,0
2011-10-11,2011,10,October,11,Tuesday,1,41,4,0,Autumn,,,0,0,0,0,,0,0,0,0,0
2011-10-12,2011,10,October,12,Wednesday,2,41,4,0,Autumn,,,0,0,0,0,,0,0,0,0,0
2011-10-13,2011,10,October,13,Thursday,3,41,4,0,Autumn,,,0,0,0,0,,0,0,0,0,0
2011-10-14,2011,10,October,14,Friday,4,41,4,0,Autumn,,,0,0,0,0,,0,0,0,0,0
2011-10-15,2011,10,October,15,Saturday,5,41,4,1,Autumn,,,0,0,0,0,,0,0,0,0,1
2011-10-16,2011,10,October,16,Sunday,6,41,4,1,Autumn,,,0,0,0,0,,0,0,0,0,1
2011-10-17,2011,10,October,17,Monday,0,42,4,0,Autumn,,,0,0,0,0,,0,0,0,0,0
2011-10-18,2011,10,October,18,Tuesday,1,42,4,0,Autumn,,,0,0,0,0,,0,0,0,0,0
2011-10-19,2011,10,October,19,Wednesday,2,42,4,0,Autumn,,,0,0,0,0,,0,0,0,0,0
2011-10-20,2011,10,October,20,Thursday,3,42,4,0,Autumn,,,0,0,0,0,,0,0,0,0,0
2011-10-21,2011,10,October,21,Friday,4,42,4,0,Autumn,,,0,0,0,0,,0,0,0,0,0
2011-10-22,2011,10,October,22,Saturday,5,42,4,1,Autumn,,,0,0,0,0,,0,0,0,0,1
2011-10-23,2011,10,October,23,Sunday,6,42,4,1,Autumn,,,0,0,0,0,,0,0,0,0,1
2011-10-24,2011,10,October,24,Monday,0,43,4,0,Autumn,,,0,0,0,0,,0,0,0,0,0
2011-10-25,2011,10,October,25,Tuesday,1,43,4,0,Autumn,,,0,0,0,0,,0,0,0,0,0
2011-10-26,2011,10,October,26,Wednesday,2,43,4,0,Autumn,,,0,0,0,0,,0,0,0,0,0
2011-10-27,2011,10,October,27,Thursday,3,43,4,0,Autumn,,,0,0,0,0,,0,0,0,0,0
2011-10-28,2011,10,October,28,Friday,4,43,4,0,Autumn,,,0,0,0,0,,0,0,0,0,0
2011-10-29,2011,10,October,29,Saturday,5,43,4,1,Autumn,,,0,0,0,0,,0,0,0,0,1
2011-10-30,2011,10,October,30,Sunday,6,43,4,1,Autumn,,,0,0,0,0,,0,0,0,0,1
2011-10-31,2011,10,October,31,Monday,0,44,4,0,Autumn,,,0,0,0,0,,0,0,0,0,0
2011-11-01,2011,11,November,1,Tuesday,1,44,4,0,Autumn,,,0,0,0,0,,0,0,0,0,0
2011-11-02,2011,11,November,2,Wednesday,2,44,4,0,Autumn,,,0,0,0,0,,0,0,0,0,0
2011-11-03,2011,11,November,3,Thursday,3,44,4,0,Autumn,,,0,0,0,0,,0,0,0,0,0
2011-11-04,2011,11,November,4,Friday,4,44,4,0,Autumn,,,0,0,0,0,,0,0,0,0,0
2011-11-05,2011,11,November,5,Saturday,5,44,4,1,Autumn,,,0,0,0,0,,0,0,0,0,1
2011-11-06,2011,11,November,6,Sunday,6,44,4,1,Autumn,,,0,0,0,0,,0,0,0,0,1
2011-11-07,2011,11,November,7,Monday,0,45,4,0,Autumn,,,0,0,0,0,,0,0,0,0,0
2011-11-08,2011,11,November,8,Tuesday,1,45,4,0,Autumn,,,0,0,0,0,,0,0,0,0,0
2011-11-09,2011,11,November,9,Wednesday,2,45,4,0,Autumn,,,0,0,0,0,,0,0,0,0,0
2011-11-10,2011,11,November,10,Thursday,3,45,4,0,Autumn,,,0,0,0,0,,0,0,0,0,0
2011-11-11,2011,11,November,11,Friday,4,45,4,0,Autumn,,,0,0,0,0,,0,0,0,0,0
2011-11-12,2011,11,November,12,Saturday,5,45,4,1,Autumn,,,0,0,0,0,,0,0,0,0,1
2011-11-13,2011,11,November,13,Sunday,6,45,4,1,Autumn,,,0,0,0,0,,0,0,0,0,1
2011-11-14,2011,11,November,14,Monday,0,46,4,0,Autumn,,,0,0,0,0,,0,0,0,0,0
2011-11-15,2011,11,November,15,Tuesday,1,46,4,0,Autumn,,,0,0,0,0,,0,0,0,0,0
2011-11-16,2011,11,November,16,Wednesday,2,46,4,0,Autumn,,,0,0,0,0,,0,0,0,0,0
2011-11-17,2011,11,November,17,Thursday,3,46,4,0,Autumn,,,0,0,0,0,,0,0,0,0,0
2011-11-18,2011,11,November,18,Friday,4,46,4,0,Autumn,,,0,0,0,0,,0,0,0,0,0
2011-11-19,2011,11,November,19,Saturday,5,46,4,1,Autumn,,,0,0,0,0,,0,0,0,0,1
2011-11-20,2011,11,November,20,Sunday,6,46,4,1,Autumn,,,0,0,0,0,,0,0,0,0,1
2011-11-21,2011,11,November,21,Monday,0,47,4,0,Autumn,,,0,0,0,0,,0,0,0,0,0
2011-11-22,2011,11,November,22,Tuesday,1,47,4,0,Autumn,,,0,0,0,0,,0,0,0,0,0
2011-11-23,2011,11,November,23,Wednesday,2,47,4,0,Autumn,,,0,0,0,0,,0,0,0,0,0
2011-11-24,2011,11,November,24,Thursday,3,47,4,0,Autumn,,,0,0,0,0,,0,0,0,0,0
2011-11-25,2011,11,November,25,Friday,4,47,4,0,Autumn,,,0,0,0,0,,0,0,0,0,0
2011-11-26,2011,11,November,26,Saturday,5,47,4,1,Autumn,,,0,0,0,0,,0,0,0,0,1
2011-11-27,2011,11,November,27,Sunday,6,47,4,1,Autumn,,,0,0,0,0,,0,0,0,0,1
2011-11-28,2011,11,November,28,Monday,0,48,4,0,Autumn,,,0,0,0,0,,0,0,0,0,0
2011-11-29,2011,11,November,29,Tuesday,1,48,4,0,Autumn,,,0,0,0,0,,0,0,0,0,0
2011-11-30,2011,11,November,30,Wednesday,2,48,4,0,Autumn,,,0,0,0,0,,0,0,0,0,0
2011-12-01,2011,12,December,1,Thursday,3,48,4,0,Winter,,,0,0,0,0,,0,0,0,0,0
2011-12-02,2011,12,December,2,Friday,4,48,4,0,Winter,,,0,0,0,0,,0,0,0,0,0
2011-12-03,2011,12,December,3,Saturday,5,48,4,1,Winter,,,0,0,0,0,,0,0,0,0,1
2011-12-04,2011,12,December,4,Sunday,6,48,4,1,Winter,,,0,0,0,0,,0,0,0,0,1
2011-12-05,2011,12,December,5,Monday,0,49,4,0,Winter,,,0,0,0,0,,0,0,0,0,0
2011-12-06,2011,12,December,6,Tuesday,1,49,4,0,Winter,,,0,0,0,0,,0,0,0,0,0
2011-12-07,2011,12,December,7,Wednesday,2,49,4,0,Winter,,,0,0,0,0,,0,0,0,0,0
2011-12-08,2011,12,December,8,Thursday,3,49,4,0,Winter,,,0,0,0,0,,0,0,0,0,0
2011-12-09,2011,12,December,9,Friday,4,49,4,0,Winter,,,0,0,0,0,,0,0,0,0,0
2011-12-10,2011,12,December,10,Saturday,5,49,4,1,Winter,,,0,0,0,0,,0,0,0,0,1
2011-12-11,2011,12,December,11,Sunday,6,49,4,1,Winter,,,0,0,0,0,,0,0,0,0,1
2011-12-12,2011,12,December,12,Monday,0,50,4,0,Winter,,,0,0,0,0,,0,0,0,0,0
2011-12-13,2011,12,December,13,Tuesday,1,50,4,0,Winter,,,0,0,0,0,,0,0,0,0,0
2011-12-14,2011,12,December,14,Wednesday,2,50,4,0,Winter,,,0,0,0,0,,0,0,0,0,0
2011-12-15,2011,12,December,15,Thursday,3,50,4,0,Winter,,,0,0,0,0,,0,0,0,0,0
2011-12-16,2011,12,December,16,Friday,4,50,4,0,Winter,,,0,0,0,0,,0,0,0,0,0
2011-12-17,2011,12,December,17,Saturday,5,50,4,1,Winter,,,0,0,0,0,,0,0,0,0,1
2011-12-18,2011,12,December,18,Sunday,6,50,4,1,Winter,,,0,0,0,0,,0,0,0,0,1
2011-12-19,2011,12,December,19,Monday,0,51,4,0,Winter,,,0,0,0,0,,0,0,0,0,0
2011-12-20,2011,12,December,20,Tuesday,1,51,4,0,Winter,,,0,0,0,0,,0,0,0,0,0
2011-12-21,2011,12,December,21,Wednesday,2,51,4,0,Winter,,,0,0,0,0,,0,0,0,0,0
2011-12-22,2011,12,December,22,Thursday,3,51,4,0,Winter,,,0,0,0,0,,0,0,0,0,0
2011-12-23,2011,12,December,23,Friday,4,51,4,0,Winter,,,0,0,0,0,,0,0,0,0,0
2011-12-24,2011,12,December,24,Saturday,5,51,4,1,Winter,,,0,0,0,0,,0,0,0,0,1
2011-12-25,2011,12,December,25,Sunday,6,51,4,1,Winter,,,0,0,0,0,,0,0,0,0,1
2011-12-26,2011,12,December,26,Monday,0,52,4,0,Winter,,,0,0,1,0,,0,0,0,0,1
2011-12-27,2011,12,December,27,Tuesday,1,52,4,0,Winter,,,0,0,1,0,,0,0,0,0,1
2011-12-28,2011,12,December,28,Wednesday,2,52,4,0,Winter,,,0,0,0,0,,0,0,0,0,0
2011-12-29,2011,12,December,29,Thursday,3,52,4,0,Winter,,,0,0,0,0,,0,0,0,0,0
2011-12-30,2011,12,December,30,Friday,4,52,4,0,Winter,,,0,0,0,0,,0,0,0,0,0
2011-12-31,2011,12,December,31,Saturday,5,52,4,1,Winter,,,0,0,0,0,,0,0,0,0,1
2012-01-01,2012,1,January,1,Sunday,6,52,1,1,Winter,,,0,0,0,0,,0,0,0,0,1
2012-01-02,2012,1,January,2,Monday,0,1,1,0,Winter,,,0,0,1,0,,0,0,0,0,1
2012-01-03,2012,1,January,3,Tuesday,1,1,1,0,Winter,,,0,0,0,0,,0,0,0,0,0
2012-01-04,2012,1,January,4,Wednesday,2,1,1,0,Winter,,,0,0,0,0,,0,0,0,0,0
2012-01-05,2012,1,January,5,Thursday,3,1,1,0,Winter,,,0,0,0,0,,0,0,0,0,0
2012-01-06,2012,1,January,6,Friday,4,1,1,0,Winter,,,0,0,0,0,,0,0,0,0,0
2012-01-07,2012,1,January,7,Saturday,5,1,1,1,Winter,,,0,0,0,0,,0,0,0,0,1
2012-01-08,2012,1,January,8,Sunday,6,1,1,1,Winter,,,0,0,0,0,,0,0,0,0,1
2012-01-09,2012,1,January,9,Monday,0,2,1,0,Winter,,,0,0,0,0,,0,0,0,0,0
2012-01-10,2012,1,January,10,Tuesday,1,2,1,0,Winter,,,0,0,0,0,,0,0,0,0,0
2012-01-11,2012,1,January,11,Wednesday,2,2,1,0,Winter,,,0,0,0,0,,0,0,0,0,0
2012-01-12,2012,1,January,12,Thursday,3,2,1,0,Winter,,,0,0,0,0,,0,0,0,0,0
2012-01-13,2012,1,January,13,Friday,4,2,1,0,Winter,,,0,0,0,0,,0,0,0,0,0
2012-01-14,2012,1,January,14,Saturday,5,2,1,1,Winter,,,0,0,0,0,,0,0,0,0,1
2012-01-15,2012,1,January,15,Sunday,6,2,1,1,Winter,,,0,0,0,0,,0,0,0,0,1
2012-01-16,2012,1,January,16,Monday,0,3,1,0,Winter,,,0,0,0,0,,0,0,0,0,0
2012-01-17,2012,1,January,17,Tuesday,1,3,1,0,Winter,,,0,0,0,0,,0,0,0,0,0
2012-01-18,2012,1,January,18,Wednesday,2,3,1,0,Winter,,,0,0,0,0,,0,0,0,0,0
2012-01-19,2012,1,January,19,Thursday,3,3,1,0,Winter,,,0,0,0,0,,0,0,0,0,0
2012-01-20,2012,1,January,20,Friday,4,3,1,0,Winter,,,0,0,0,0,,0,0,0,0,0
2012-01-21,2012,1,January,21,Saturday,5,3,1,1,Winter,,,0,0,0,0,,0,0,0,0,1
2012-01-22,2012,1,January,22,Sunday,6,3,1,1,Winter,,,0,0,0,0,,0,0,0,0,1
2012-01-23,2012,1,January,23,Monday,0,4,1,0,Winter,,,0,0,0,0,,0,0,0,0,0
2012-01-24,2012,1,January,24,Tuesday,1,4,1,0,Winter,,,0,0,0,0,,0,0,0,0,0
2012-01-25,2012,1,January,25,Wednesday,2,4,1,0,Winter,,,0,0,0,0,,0,0,0,0,0
2012-01-26,2012,1,January,26,Thursday,3,4,1,0,Winter,,,0,0,0,0,,0,0,0,0,0
2012-01-27,2012,1,January,27,Friday,4,4,1,0,Winter,,,0,0,0,0,,0,0,0,0,0
2012-01-28,2012,1,January,28,Saturday,5,4,1,1,Winter,,,0,0,0,0,,0,0,0,0,1
2012-01-29,2012,1,January,29,Sunday,6,4,1,1,Winter,,,0,0,0,0,,0,0,0,0,1
2012-01-30,2012,1,January,30,Monday,0,5,1,0,Winter,,,0,0,0,0,,0,0,0,0,0
2012-01-31,2012,1,January,31,Tuesday,1,5,1,0,Winter,,,0,0,0,0,,0,0,0,0,0
2012-02-01,2012,2,February,1,Wednesday,2,5,1,0,Winter,,,0,0,0,0,,0,0,0,0,0
2012-02-02,2012,2,February,2,Thursday,3,5,1,0,Winter,,,0,0,0,0,,0,0,0,0,0
2012-02-03,2012,2,February,3,Friday,4,5,1,0,Winter,,,0,0,0,0,,0,0,0,0,0
2012-02-04,2012,2,February,4,Saturday,5,5,1,1,Winter,,,0,0,0,0,,0,0,0,0,1
2012-02-05,2012,2,February,5,Sunday,6,5,1,1,Winter,,,0,0,0,0,,0,0,0,0,1
2012-02-06,2012,2,February,6,Monday,0,6,1,0,Winter,,,0,0,0,0,,0,0,0,0,0
2012-02-07,2012,2,February,7,Tuesday,1,6,1,0,Winter,,,0,0,0,0,,0,0,0,0,0
2012-02-08,2012,2,February,8,Wednesday,2,6,1,0,Winter,,,0,0,0,0,,0,0,0,0,0
2012-02-09,2012,2,February,9,Thursday,3,6,1,0,Winter,,,0,0,0,0,,0,0,0,0,0
2012-02-10,2012,2,February,10,Friday,4,6,1,0,Winter,,,0,0,0,0,,0,0,0,0,0
2012-02-11,2012,2,February,11,Saturday,5,6,1,1,Winter,,,0,0,0,0,,0,0,0,0,1
2012-02-12,2012,2,February,12,Sunday,6,6,1,1,Winter,,,0,0,0,0,,0,0,0,0,1
2012-02-13,2012,2,February,13,Monday,0,7,1,0,Winter,,,0,0,0,0,,0,0,0,0,0
2012-02-14,2012,2,February,14,Tuesday,1,7,1,0,Winter,,,0,0,0,0,,0,0,0,0,0
2012-02-15,2012,2,February,15,Wednesday,2,7,1,0,Winter,,,0,0,0,0,,0,0,0,0,0
2012-02-16,2012,2,February,16,Thursday,3,7,1,0,Winter,,,0,0,0,0,,0,0,0,0,0
2012-02-17,2012,2,February,17,Friday,4,7,1,0,Winter,,,0,0,0,0,,0,0,0,0,0
2012-02-18,2012,2,February,18,Saturday,5,7,1,1,Winter,,,0,0,0,0,,0,0,0,0,1
2012-02-19,2012,2,February,19,Sunday,6,7,1,1,Winter,,,0,0,0,0,,0,0,0,0,1
2012-02-20,2012,2,February,20,Monday,0,8,1,0,Winter,,,0,0,0,0,,0,0,0,0,0
2012-02-21,2012,2,February,21,Tuesday,1,8,1,0,Winter,,,0,0,0,0,,0,0,0,0,0
2012-02-22,2012,2,February,22,Wednesday,2,8,1,0,Winter,,,0,0,0,0,,0,0,0,0,0
2012-02-23,2012,2,February,23,Thursday,3,8,1,0,Winter,,,0,0,0,0,,0,0,0,0,0
2012-02-24,2012,2,February,24,Friday,4,8,1,0,Winter,,,0,0,0,0,,0,0,0,0,0
2012-02-25,2012,2,February,25,Saturday,5,8,1,1,Winter,,,0,0,0,0,,0,0,0,0,1
2012-02-26,2012,2,February,26,Sunday,6,8,1,1,Winter,,,0,0,0,0,,0,0,0,0,1
2012-02-27,2012,2,February,27,Monday,0,9,1,0,Winter,,,0,0,0,0,,0,0,0,0,0
2012-02-28,2012,2,February,28,Tuesday,1,9,1,0,Winter,,,0,0,0,0,,0,0,0,0,0
2012-02-29,2012,2,February,29,Wednesday,2,9,1,0,Winter,,,0,0,0,0,,0,0,0,0,0
2012-03-01,2012,3,March,1,Thursday,3,9,1,0,Spring,,,0,0,0,0,,0,0,0,0,0
2012-03-02,2012,3,March,2,Friday,4,9,1,0,Spring,,,0,0,0,0,,0,0,0,0,0
2012-03-03,2012,3,March,3,Saturday,5,9,1,1,Spring,,,0,0,0,0,,0,0,0,0,1
2012-03-04,2012,3,March,4,Sunday,6,9,1,1,Spring,,,0,0,0,0,,0,0,0,0,1
2012-03-05,2012,3,March,5,Monday,0,10,1,0,Spring,,,0,0,0,0,,0,0,0,0,0
2012-03-06,2012,3,March,6,Tuesday,1,10,1,0,Spring,,,0,0,0,0,,0,0,0,0,0
2012-03-07,2012,3,March,7,Wednesday,2,10,1,0,Spring,,,0,0,0,0,,0,0,0,0,0
2012-03-08,2012,3,March,8,Thursday,3,10,1,0,Spring,,,0,0,0,0,,0,0,0,0,0
2012-03-09,2012,3,March,9,Friday,4,10,1,0,Spring,,,0,0,0,0,,0,0,0,0,0
2012-03-10,2012,3,March,10,Saturday,5,10,1,1,Spring,,,0,0,0,0,,0,0,0,0,1
2012-03-11,2012,3,March,11,Sunday,6,10,1,1,Spring,,,0,0,0,0,,0,0,0,0,1
2012-03-12,2012,3,March,12,Monday,0,11,1,0,Spring,,,0,0,0,0,,0,0,0,0,0
2012-03-13,2012,3,March,13,Tuesday,1,11,1,0,Spring,,,0,0,0,0,,0,0,0,0,0
2012-03-14,2012,3,March,14,Wednesday,2,11,1,0,Spring,,,0,0,0,0,,0,0,0,0,0
2012-03-15,2012,3,March,15,Thursday,3,11,1,0,Spring,,,0,0,0,0,,0,0,0,0,0
2012-03-16,2012,3,March,16,Friday,4,11,1,0,Spring,,,0,0,0,0,,0,0,0,0,0
2012-03-17,2012,3,March,17,Saturday,5,11,1,1,Spring,,,0,0,0,0,,0,0,0,0,1
2012-03-18,2012,3,March,18,Sunday,6,11,1,1,Spring,,,0,0,0,0,,0,0,0,0,1
2012-03-19,2012,3,March,19,Monday,0,12,1,0,Spring,,,0,0,0,0,,0,0,0,0,0
2012-03-20,2012,3,March,20,Tuesday,1,12,1,0,Spring,,,0,0,0,0,,0,0,0,0,0
2012-03-21,2012,3,March,21,Wednesday,2,12,1,0,Spring,,,0,0,0,0,,0,0,0,0,0
2012-03-22,2012,3,March,22,Thursday,3,12,1,0,Spring,,,0,0,0,0,,0,0,0,0,0
2012-03-23,2012,3,March,23,Friday,4,12,1,0,Spring,,,0,0,0,0,,0,0,0,0,0
2012-03-24,2012,3,March,24,Saturday,5,12,1,1,Spring,,,0,0,0,0,,0,0,0,0,1
2012-03-25,2012,3,March,25,Sunday,6,12,1,1,Spring,,,0,0,0,0,,0,0,0,0,1
2012-03-26,2012,3,March,26,Monday,0,13,1,0,Spring,,,0,0,0,0,,0,0,0,0,0
2012-03-27,2012,3,March,27,Tuesday,1,13,1,0,Spring,,,0,0,0,0,,0,0,0,0,0
2012-03-28,2012,3,March,28,Wednesday,2,13,1,0,Spring,,,0,0,0,0,,0,0,0,0,0
2012-03-29,2012,3,March,29,Thursday,3,13,1,0,Spring,,,0,0,0,0,,0,0,0,0,0
2012-03-30,2012,3,March,30,Friday,4,13,1,0,Spring,,,0,0,0,0,,0,0,0,0,0
2012-03-31,2012,3,March,31,Saturday,5,13,1,1,Spring,,,0,0,0,0,,0,0,0,0,1
2012-04-01,2012,4,April,1,Sunday,6,13,2,1,Spring,,,0,0,0,0,,0,0,0,0,1
2012-04-02,2012,4,April,2,Monday,0,14,2,0,Spring,,,0,0,0,0,,0,0,0,0,0
2012-04-03,2012,4,April,3,Tuesday,1,14,2,0,Spring,,,0,0,0,0,,0,0,0,0,0
2012-04-04,2012,4,April,4,Wednesday,2,14,2,0,Spring,,,0,0,0,0,,0,0,0,0,0
2012-04-05,2012,4,April,5,Thursday,3,14,2,0,Spring,,,0,0,0,0,,0,0,0,0,0
2012-04-06,2012,4,April,6,Friday,4,14,2,0,Spring,,,0,0,1,0,,0,0,0,0,1
2012-04-07,2012,4,April,7,Saturday,5,14,2,1,Spring,,,0,0,0,0,,0,0,0,0,1
2012-04-08,2012,4,April,8,Sunday,6,14,2,1,Spring,,,0,0,0,0,,0,0,0,0,1
2012-04-09,2012,4,April,9,Monday,0,15,2,0,Spring,,,0,0,1,0,,0,0,0,0,1
2012-04-10,2012,4,April,10,Tuesday,1,15,2,0,Spring,,,0,0,0,0,,0,0,0,0,0
2012-04-11,2012,4,April,11,Wednesday,2,15,2,0,Spring,,,0,0,0,0,,0,0,0,0,0
2012-04-12,2012,4,April,12,Thursday,3,15,2,0,Spring,,,0,0,0,0,,0,0,0,0,0
2012-04-13,2012,4,April,13,Friday,4,15,2,0,Spring,,,0,0,0,0,,0,0,0,0,0
2012-04-14,2012,4,April,14,Saturday,5,15,2,1,Spring,,,0,0,0,0,,0,0,0,0,1
2012-04-15,2012,4,April,15,Sunday,6,15,2,1,Spring,,,0,0,0,0,,0,0,0,0,1
2012-04-16,2012,4,April,16,Monday,0,16,2,0,Spring,,,0,0,0,0,,0,0,0,0,0
2012-04-17,2012,4,April,17,Tuesday,1,16,2,0,Spring,,,0,0,0,0,,0,0,0,0,0
2012-04-18,2012,4,April,18,Wednesday,2,16,2,0,Spring,,,0,0,0,0,,0,0,0,0,0
2012-04-19,2012,4,April,19,Thursday,3,16,2,0,Spring,,,0,0,0,0,,0,0,0,0,0
2012-04-20,2012,4,April,20,Friday,4,16,2,0,Spring,,,0,0,0,0,,0,0,0,0,0
2012-04-21,2012,4,April,21,Saturday,5,16,2,1,Spring,,,0,0,0,0,,0,0,0,0,1
2012-04-22,2012,4,April,22,Sunday,6,16,2,1,Spring,,,0,0,0,0,,0,0,0,0,1
2012-04-23,2012,4,April,23,Monday,0,17,2,0,Spring,,,0,0,0,0,,0,0,0,0,0
2012-04-24,2012,4,April,24,Tuesday,1,17,2,0,Spring,,,0,0,0,0,,0,0,0,0,0
2012-04-25,2012,4,April,25,Wednesday,2,17,2,0,Spring,,,0,0,0,0,,0,0,0,0,0
2012-04-26,2012,4,April,26,Thursday,3,17,2,0,Spring,,,0,0,0,0,,0,0,0,0,0
2012-04-27,2012,4,April,27,Friday,4,17,2,0,Spring,,,0,0,0,0,,0,0,0,0,0
2012-04-28,2012,4,April,28,Saturday,5,17,2,1,Spring,,,0,0,0,0,,0,0,0,0,1
2012-04-29,2012,4,April,29,Sunday,6,17,2,1,Spring,,,0,0,0,0,,0,0,0,0,1
2012-04-30,2012,4,April,30,Monday,0,18,2,0,Spring,,,0,0,0,0,,0,0,0,0,0
2012-05-01,2012,5,May,1,Tuesday,1,18,2,0,Spring,,,0,0,0,0,,0,0,0,0,0
2012-05-02,2012,5,May,2,Wednesday,2,18,2,0,Spring,,,0,0,0,0,,0,0,0,0,0
2012-05-03,2012,5,May,3,Thursday,3,18,2,0,Spring,,,0,0,0,0,,0,0,0,0,0
2012-05-04,2012,5,May,4,Friday,4,18,2,0,Spring,,,0,0,0,0,,0,0,0,0,0
2012-05-05,2012,5,May,5,Saturday,5,18,2,1,Spring,,,0,0,0,0,,0,0,0,0,1
2012-05-06,2012,5,May,6,Sunday,6,18,2,1,Spring,,,0,0,0,0,,0,0,0,0,1
2012-05-07,2012,5,May,7,Monday,0,19,2,0,Spring,,,0,0,1,0,,0,0,0,0,1
2012-05-08,2012,5,May,8,Tuesday,1,19,2,0,Spring,,,0,0,0,0,,0,0,0,0,0
2012-05-09,2012,5,May,9,Wednesday,2,19,2,0,Spring,,,0,0,0,0,,0,0,0,0,0
2012-05-10,2012,5,May,10,Thursday,3,19,2,0,Spring,,,0,0,0,0,,0,0,0,0,0
2012-05-11,2012,5,May,11,Friday,4,19,2,0,Spring,,,0,0,0,0,,0,0,0,0,0
2012-05-12,2012,5,May,12,Saturday,5,19,2,1,Spring,,,0,0,0,0,,0,0,0,0,1
2012-05-13,2012,5,May,13,Sunday,6,19,2,1,Spring,,,0,0,0,0,,0,0,0,0,1
2012-05-14,2012,5,May,14,Monday,0,20,2,0,Spring,,,0,0,0,0,,0,0,0,0,0
2012-05-15,2012,5,May,15,Tuesday,1,20,2,0,Spring,,,0,0,0,0,,0,0,0,0,0
2012-05-16,2012,5,May,16,Wednesday,2,20,2,0,Spring,,,0,0,0,0,,0,0,0,0,0
2012-05-17,2012,5,May,17,Thursday,3,20,2,0,Spring,,,0,0,0,0,,0,0,0,0,0
2012-05-18,2012,5,May,18,Friday,4,20,2,0,Spring,,,0,0,0,0,,0,0,0,0,0
2012-05-19,2012,5,May,19,Saturday,5,20,2,1,Spring,,,0,0,0,0,,0,0,0,0,1
2012-05-20,2012,5,May,20,Sunday,6,20,2,1,Spring,,,0,0,0,0,,0,0,0,0,1
2012-05-21,2012,5,May,21,Monday,0,21,2,0,Spring,,,0,0,0,0,,0,0,0,0,0
2012-05-22,2012,5,May,22,Tuesday,1,21,2,0,Spring,,,0,0,0,0,,0,0,0,0,0
2012-05-23,2012,5,May,23,Wednesday,2,21,2,0,Spring,,,0,0,0,0,,0,0,0,0,0
2012-05-24,2012,5,May,24,Thursday,3,21,2,0,Spring,,,0,0,0,0,,0,0,0,0,0
2012-05-25,2012,5,May,25,Friday,4,21,2,0,Spring,,,0,0,0,0,,0,0,0,0,0
2012-05-26,2012,5,May,26,Saturday,5,21,2,1,Spring,,,0,0,0,0,,0,0,0,0,1
2012-05-27,2012,5,May,27,Sunday,6,21,2,1,Spring,,,0,0,0,0,,0,0,0,0,1
2012-05-28,2012,5,May,28,Monday,0,22,2,0,Spring,,,0,0,0,0,,0,0,0,0,0
2012-05-29,2012,5,May,29,Tuesday,1,22,2,0,Spring,,,0,0,0,0,,0,0,0,0,0
2012-05-30,2012,5,May,30,Wednesday,2,22,2,0,Spring,,,0,0,0,0,,0,0,0,0,0
2012-05-31,2012,5,May,31,Thursday,3,22,2,0,Spring,,,0,0,0,0,,0,0,0,0,0
2012-06-01,2012,6,June,1,Friday,4,22,2,0,Summer,,,0,0,0,0,,0,0,0,0,0
2012-06-02,2012,6,June,2,Saturday,5,22,2,1,Summer,,,0,0,0,0,,0,0,0,0,1
2012-06-03,2012,6,June,3,Sunday,6,22,2,1,Summer,,,0,0,0,0,,0,0,0,0,1
2012-06-04,2012,6,June,4,Monday,0,23,2,0,Summer,,,0,0,1,0,,0,0,0,0,1
2012-06-05,2012,6,June,5,Tuesday,1,23,2,0,Summer,,,0,0,1,0,,0,0,0,0,1
2012-06-06,2012,6,June,6,Wednesday,2,23,2,0,Summer,,,0,0,0,0,,0,0,0,0,0
2012-06-07,2012,6,June,7,Thursday,3,23,2,0,Summer,,,0,0,0,0,,0,0,0,0,0
2012-06-08,2012,6,June,8,Friday,4,23,2,0,Summer,,,0,0,0,0,,0,0,0,0,0
2012-06-09,2012,6,June,9,Saturday,5,23,2,1,Summer,,,0,0,0,0,,0,0,0,0,1
2012-06-10,2012,6,June,10,Sunday,6,23,2,1,Summer,,,0,0,0,0,,0,0,0,0,1
2012-06-11,2012,6,June,11,Monday,0,24,2,0,Summer,,,0,0,0,0,,0,0,0,0,0
2012-06-12,2012,6,June,12,Tuesday,1,24,2,0,Summer,,,0,0,0,0,,0,0,0,0,0
2012-06-13,2012,6,June,13,Wednesday,2,24,2,0,Summer,,,0,0,0,0,,0,0,0,0,0
2012-06-14,2012,6,June,14,Thursday,3,24,2,0,Summer,,,0,0,0,0,,0,0,0,0,0
2012-06-15,2012,6,June,15,Friday,4,24,2,0,Summer,,,0,0,0,0,,0,0,0,0,0
2012-06-16,2012,6,June,16,Saturday,5,24,2,1,Summer,,,0,0,0,0,,0,0,0,0,1
2012-06-17,2012,6,June,17,Sunday,6,24,2,1,Summer,,,0,0,0,0,,0,0,0,0,1
2012-06-18,2012,6,June,18,Monday,0,25,2,0,Summer,,,0,0,0,0,,0,0,0,0,0
2012-06-19,2012,6,June,19,Tuesday,1,25,2,0,Summer,,,0,0,0,0,,0,0,0,0,0
2012-06-20,2012,6,June,20,Wednesday,2,25,2,0,Summer,,,0,0,0,0,,0,0,0,0,0
2012-06-21,2012,6,June,21,Thursday,3,25,2,0,Summer,,,0,0,0,0,,0,0,0,0,0
2012-06-22,2012,6,June,22,Friday,4,25,2,0,Summer,,,0,0,0,0,,0,0,0,0,0
2012-06-23,2012,6,June,23,Saturday,5,25,2,1,Summer,,,0,0,0,0,,0,0,0,0,1
2012-06-24,2012,6,June,24,Sunday,6,25,2,1,Summer,,,0,0,0,0,,0,0,0,0,1
2012-06-25,2012,6,June,25,Monday,0,26,2,0,Summer,,,0,0,0,0,,0,0,0,0,0
2012-06-26,2012,6,June,26,Tuesday,1,26,2,0,Summer,,,0,0,0,0,,0,0,0,0,0
2012-06-27,2012,6,June,27,Wednesday,2,26,2,0,Summer,,,0,0,0,0,,0,0,0,0,0
2012-06-28,2012,6,June,28,Thursday,3,26,2,0,Summer,,,0,0,0,0,,0,0,0,0,0
2012-06-29,2012,6,June,29,Friday,4,26,2,0,Summer,,,0,0,0,0,,0,0,0,0,0
2012-06-30,2012,6,June,30,Saturday,5,26,2,1,Summer,,,0,0,0,0,,0,0,0,0,1
2012-07-01,2012,7,July,1,Sunday,6,26,3,1,Summer,,,0,0,0,0,,0,0,0,0,1
2012-07-02,2012,7,July,2,Monday,0,27,3,0,Summer,,,0,0,0,0,,0,0,0,0,0
2012-07-03,2012,7,July,3,Tuesday,1,27,3,0,Summer,,,0,0,0,0,,0,0,0,0,0
2012-07-04,2012,7,July,4,Wednesday,2,27,3,0,Summer,,,0,0,0,0,,0,0,0,0,0
2012-07-05,2012,7,July,5,Thursday,3,27,3,0,Summer,,,0,0,0,0,,0,0,0,0,0
2012-07-06,2012,7,July,6,Friday,4,27,3,0,Summer,,,0,0,0,0,,0,0,0,0,0
2012-07-07,2012,7,July,7,Saturday,5,27,3,1,Summer,,,0,0,0,0,,0,0,0,0,1
2012-07-08,2012,7,July,8,Sunday,6,27,3,1,Summer,,,0,0,0,0,,0,0,0,0,1
2012-07-09,2012,7,July,9,Monday,0,28,3,0,Summer,,,0,0,0,0,,0,0,0,0,0
2012-07-10,2012,7,July,10,Tuesday,1,28,3,0,Summer,,,0,0,0,0,,0,0,0,0,0
2012-07-11,2012,7,July,11,Wednesday,2,28,3,0,Summer,,,0,0,0,0,,0,0,0,0,0
2012-07-12,2012,7,July,12,Thursday,3,28,3,0,Summer,,,0,0,0,0,,0,0,0,0,0
2012-07-13,2012,7,July,13,Friday,4,28,3,0,Summer,,,0,0,0,0,,0,0,0,0,0
2012-07-14,2012,7,July,14,Saturday,5,28,3,1,Summer,,,0,0,0,0,,0,0,0,0,1
2012-07-15,2012,7,July,15,Sunday,6,28,3,1,Summer,,,0,0,0,0,,0,0,0,0,1
2012-07-16,2012,7,July,16,Monday,0,29,3,0,Summer,,,0,0,0,0,,0,0,0,0,0
2012-07-17,2012,7,July,17,Tuesday,1,29,3,0,Summer,,,0,0,0,0,,0,0,0,0,0
2012-07-18,2012,7,July,18,Wednesday,2,29,3,0,Summer,,,0,0,0,0,,0,0,0,0,0
2012-07-19,2012,7,July,19,Thursday,3,29,3,0,Summer,,,0,0,0,0,,0,0,0,0,0
2012-07-20,2012,7,July,20,Friday,4,29,3,0,Summer,,,0,0,0,0,,0,0,0,0,0
2012-07-21,2012,7,July,21,Saturday,5,29,3,1,Summer,,,0,0,0,0,,0,0,0,0,1
2012-07-22,2012,7,July,22,Sunday,6,29,3,1,Summer,,,0,0,0,0,,0,0,0,0,1
2012-07-23,2012,7,July,23,Monday,0,30,3,0,Summer,,,0,0,0,0,,0,0,0,0,0
2012-07-24,2012,7,July,24,Tuesday,1,30,3,0,Summer,,,0,0,0,0,,0,0,0,0,0
2012-07-25,2012,7,July,25,Wednesday,2,30,3,0,Summer,,,0,0,0,0,,0,0,0,0,0
2012-07-26,2012,7,July,26,Thursday,3,30,3,0,Summer,,,0,0,0,0,,0,0,0,0,0
2012-07-27,2012,7,July,27,Friday,4,30,3,0,Summer,,,0,0,0,0,,0,0,0,0,0
2012-07-28,2012,7,July,28,Saturday,5,30,3,1,Summer,,,0,0,0,0,,0,0,0,0,1
2012-07-29,2012,7,July,29,Sunday,6,30,3,1,Summer,,,0,0,0,0,,0,0,0,0,1
2012-07-30,2012,7,July,30,Monday,0,31,3,0,Summer,,,0,0,0,0,,0,0,0,0,0
2012-07-31,2012,7,July,31,Tuesday,1,31,3,0,Summer,,,0,0,0,0,,0,0,0,0,0
2012-08-01,2012,8,August,1,Wednesday,2,31,3,0,Summer,,,0,0,0,0,,0,0,0,0,0
2012-08-02,2012,8,August,2,Thursday,3,31,3,0,Summer,,,0,0,0,0,,0,0,0,0,0
2012-08-03,2012,8,August,3,Friday,4,31,3,0,Summer,,,0,0,0,0,,0,0,0,0,0
2012-08-04,2012,8,August,4,Saturday,5,31,3,1,Summer,,,0,0,0,0,,0,0,0,0,1
2012-08-05,2012,8,August,5,Sunday,6,31,3,1,Summer,,,0,0,0,0,,0,0,0,0,1
2012-08-06,2012,8,August,6,Monday,0,32,3,0,Summer,,,0,0,0,0,,0,0,0,0,0
2012-08-07,2012,8,August,7,Tuesday,1,32,3,0,Summer,,,0,0,0,0,,0,0,0,0,0
2012-08-08,2012,8,August,8,Wednesday,2,32,3,0,Summer,,,0,0,0,0,,0,0,0,0,0
2012-08-09,2012,8,August,9,Thursday,3,32,3,0,Summer,,,0,0,0,0,,0,0,0,0,0
2012-08-10,2012,8,August,10,Friday,4,32,3,0,Summer,,,0,0,0,0,,0,0,0,0,0
2012-08-11,2012,8,August,11,Saturday,5,32,3,1,Summer,,,0,0,0,0,,0,0,0,0,1
2012-08-12,2012,8,August,12,Sunday,6,32,3,1,Summer,,,0,0,0,0,,0,0,0,0,1
2012-08-13,2012,8,August,13,Monday,0,33,3,0,Summer,,,0,0,0,0,,0,0,0,0,0
2012-08-14,2012,8,August,14,Tuesday,1,33,3,0,Summer,,,0,0,0,0,,0,0,0,0,0
2012-08-15,2012,8,August,15,Wednesday,2,33,3,0,Summer,,,0,0,0,0,,0,0,0,0,0
2012-08-16,2012,8,August,16,Thursday,3,33,3,0,Summer,,,0,0,0,0,,0,0,0,0,0
2012-08-17,2012,8,August,17,Friday,4,33,3,0,Summer,,,0,0,0,0,,0,0,0,0,0
2012-08-18,2012,8,August,18,Saturday,5,33,3,1,Summer,,,0,0,0,0,,0,0,0,0,1
2012-08-19,2012,8,August,19,Sunday,6,33,3,1,Summer,,,0,0,0,0,,0,0,0,0,1
2012-08-20,2012,8,August,20,Monday,0,34,3,0,Summer,,,0,0,0,0,,0,0,0,0,0
2012-08-21,2012,8,August,21,Tuesday,1,34,3,0,Summer,,,0,0,0,0,,0,0,0,0,0
2012-08-22,2012,8,August,22,Wednesday,2,34,3,0,Summer,,,0,0,0,0,,0,0,0,0,0
2012-08-23,2012,8,August,23,Thursday,3,34,3,0,Summer,,,0,0,0,0,,0,0,0,0,0
2012-08-24,2012,8,August,24,Friday,4,34,3,0,Summer,,,0,0,0,0,,0,0,0,0,0
2012-08-25,2012,8,August,25,Saturday,5,34,3,1,Summer,,,0,0,0,0,,0,0,0,0,1
2012-08-26,2012,8,August,26,Sunday,6,34,3,1,Summer,,,0,0,0,0,,0,0,0,0,1
2012-08-27,2012,8,August,27,Monday,0,35,3,0,Summer,,,0,0,1,0,,0,0,0,0,1
2012-08-28,2012,8,August,28,Tuesday,1,35,3,0,Summer,,,0,0,0,0,,0,0,0,0,0
2012-08-29,2012,8,August,29,Wednesday,2,35,3,0,Summer,,,0,0,0,0,,0,0,0,0,0
2012-08-30,2012,8,August,30,Thursday,3,35,3,0,Summer,,,0,0,0,0,,0,0,0,0,0
2012-08-31,2012,8,August,31,Friday,4,35,3,0,Summer,,,0,0,0,0,,0,0,0,0,0
2012-09-01,2012,9,September,1,Saturday,5,35,3,1,Autumn,,,0,0,0,0,,0,0,0,0,1
2012-09-02,2012,9,September,2,Sunday,6,35,3,1,Autumn,,,0,0,0,0,,0,0,0,0,1
2012-09-03,2012,9,September,3,Monday,0,36,3,0,Autumn,,,0,0,0,0,,0,0,0,0,0
2012-09-04,2012,9,September,4,Tuesday,1,36,3,0,Autumn,,,0,0,0,0,,0,0,0,0,0
2012-09-05,2012,9,September,5,Wednesday,2,36,3,0,Autumn,,,0,0,0,0,,0,0,0,0,0
2012-09-06,2012,9,September,6,Thursday,3,36,3,0,Autumn,,,0,0,0,0,,0,0,0,0,0
2012-09-07,2012,9,September,7,Friday,4,36,3,0,Autumn,,,0,0,0,0,,0,0,0,0,0
2012-09-08,2012,9,September,8,Saturday,5,36,3,1,Autumn,,,0,0,0,0,,0,0,0,0,1
2012-09-09,2012,9,September,9,Sunday,6,36,3,1,Autumn,,,0,0,0,0,,0,0,0,0,1
2012-09-10,2012,9,September,10,Monday,0,37,3,0,Autumn,,,0,0,0,0,,0,0,0,0,0
2012-09-11,2012,9,September,11,Tuesday,1,37,3,0,Autumn,,,0,0,0,0,,0,0,0,0,0
2012-09-12,2012,9,September,12,Wednesday,2,37,3,0,Autumn,,,0,0,0,0,,0,0,0,0,0
2012-09-13,2012,9,September,13,Thursday,3,37,3,0,Autumn,,,0,0,0,0,,0,0,0,0,0
2012-09-14,2012,9,September,14,Friday,4,37,3,0,Autumn,,,0,0,0,0,,0,0,0,0,0
2012-09-15,2012,9,September,15,Saturday,5,37,3,1,Autumn,,,0,0,0,0,,0,0,0,0,1
2012-09-16,2012,9,September,16,Sunday,6,37,3,1,Autumn,,,0,0,0,0,,0,0,0,0,1
2012-09-17,2012,9,September,17,Monday,0,38,3,0,Autumn,,,0,0,0,0,,0,0,0,0,0
2012-09-18,2012,9,September,18,Tuesday,1,38,3,0,Autumn,,,0,0,0,0,,0,0,0,0,0
2012-09-19,2012,9,September,19,Wednesday,2,38,3,0,Autumn,,,0,0,0,0,,0,0,0,0,0
2012-09-20,2012,9,September,20,Thursday,3,38,3,0,Autumn,,,0,0,0,0,,0,0,0,0,0
2012-09-21,2012,9,September,21,Friday,4,38,3,0,Autumn,,,0,0,0,0,,0,0,0,0,0
2012-09-22,2012,9,September,22,Saturday,5,38,3,1,Autumn,,,0,0,0,0,,0,0,0,0,1
2012-09-23,2012,9,September,23,Sunday,6,38,3,1,Autumn,,,0,0,0,0,,0,0,0,0,1
2012-09-24,2012,9,September,24,Monday,0,39,3,0,Autumn,,,0,0,0,0,,0,0,0,0,0
2012-09-25,2012,9,September,25,Tuesday,1,39,3,0,Autumn,,,0,0,0,0,,0,0,0,0,0
2012-09-26,2012,9,September,26,Wednesday,2,39,3,0,Autumn,,,0,0,0,0,,0,0,0,0,0
2012-09-27,2012,9,September,27,Thursday,3,39,3,0,Autumn,,,0,0,0,0,,0,0,0,0,0
2012-09-28,2012,9,September,28,Friday,4,39,3,0,Autumn,,,0,0,0,0,,0,0,0,0,0
2012-09-29,2012,9,September,29,Saturday,5,39,3,1,Autumn,,,0,0,0,0,,0,0,0,0,1
2012-09-30,2012,9,September,30,Sunday,6,39,3,1,Autumn,,,0,0,0,0,,0,0,0,0,1
2012-10-01,2012,10,October,1,Monday,0,40,4,0,Autumn,,,0,0,0,0,,0,0,0,0,0
2012-10-02,2012,10,October,2,Tuesday,1,40,4,0,Autumn,,,0,0,0,0,,0,0,0,0,0
2012-10-03,2012,10,October,3,Wednesday,2,40,4,0,Autumn,,,0,0,0,0,,0,0,0,0,0
2012-10-04,2012,10,October,4,Thursday,3,40,4,0,Autumn,,,0,0,0,0,,0,0,0,0,0
2012-10-05,2012,10,October,5,Friday,4,40,4,0,Autumn,,,0,0,0,0,,0,0,0,0,0
2012-10-06,2012,10,October,6,Saturday,5,40,4,1,Autumn,,,0,0,0,0,,0,0,0,0,1
2012-10-07,2012,10,October,7,Sunday,6,40,4,1,Autumn,,,0,0,0,0,,0,0,0,0,1
2012-10-08,2012,10,October,8,Monday,0,41,4,0,Autumn,,,0,0,0,0,,0,0,0,0,0
2012-10-09,2012,10,October,9,Tuesday,1,41,4,0,Autumn,,,0,0,0,0,,0,0,0,0,0
2012-10-10,2012,10,October,10,Wednesday,2,41,4,0,Autumn,,,0,0,0,0,,0,0,0,0,0
2012-10-11,2012,10,October,11,Thursday,3,41,4,0,Autumn,,,0,0,0,0,,0,0,0,0,0
2012-10-12,2012,10,October,12,Friday,4,41,4,0,Autumn,,,0,0,0,0,,0,0,0,0,0
2012-10-13,2012,10,October,13,Saturday,5,41,4,1,Autumn,,,0,0,0,0,,0,0,0,0,1
2012-10-14,2012,10,October,14,Sunday,6,41,4,1,Autumn,,,0,0,0,0,,0,0,0,0,1
2012-10-15,2012,10,October,15,Monday,0,42,4,0,Autumn,,,0,0,0,0,,0,0,0,0,0
2012-10-16,2012,10,October,16,Tuesday,1,42,4,0,Autumn,,,0,0,0,0,,0,0,0,0,0
2012-10-17,2012,10,October,17,Wednesday,2,42,4,0,Autumn,,,0,0,0,0,,0,0,0,0,0
2012-10-18,2012,10,October,18,Thursday,3,42,4,0,Autumn,,,0,0,0,0,,0,0,0,0,0
2012-10-19,2012,10,October,19,Friday,4,42,4,0,Autumn,,,0,0,0,0,,0,0,0,0,0
2012-10-20,2012,10,October,20,Saturday,5,42,4,1,Autumn,,,0,0,0,0,,0,0,0,0,1
2012-10-21,2012,10,October,21,Sunday,6,42,4,1,Autumn,,,0,0,0,0,,0,0,0,0,1
2012-10-22,2012,10,October,22,Monday,0,43,4,0,Autumn,,,0,0,0,0,,0,0,0,0,0
2012-10-23,2012,10,October,23,Tuesday,1,43,4,0,Autumn,,,0,0,0,0,,0,0,0,0,0
2012-10-24,2012,10,October,24,Wednesday,2,43,4,0,Autumn,,,0,0,0,0,,0,0,0,0,0
2012-10-25,2012,10,October,25,Thursday,3,43,4,0,Autumn,,,0,0,0,0,,0,0,0,0,0
2012-10-26,2012,10,October,26,Friday,4,43,4,0,Autumn,,,0,0,0,0,,0,0,0,0,0
2012-10-27,2012,10,October,27,Saturday,5,43,4,1,Autumn,,,0,0,0,0,,0,0,0,0,1
2012-10-28,2012,10,October,28,Sunday,6,43,4,1,Autumn,,,0,0,0,0,,0,0,0,0,1
2012-10-29,2012,10,October,29,Monday,0,44,4,0,Autumn,,,0,0,0,0,,0,0,0,0,0
2012-10-30,2012,10,October,30,Tuesday,1,44,4,0,Autumn,,,0,0,0,0,,0,0,0,0,0
2012-10-31,2012,10,October,31,Wednesday,2,44,4,0,Autumn,,,0,0,0,0,,0,0,0,0,0
2012-11-01,2012,11,November,1,Thursday,3,44,4,0,Autumn,,,0,0,0,0,,0,0,0,0,0
2012-11-02,2012,11,November,2,Friday,4,44,4,0,Autumn,,,0,0,0,0,,0,0,0,0,0
2012-11-03,2012,11,November,3,Saturday,5,44,4,1,Autumn,,,0,0,0,0,,0,0,0,0,1
2012-11-04,2012,11,November,4,Sunday,6,44,4,1,Autumn,,,0,0,0,0,,0,0,0,0,1
2012-11-05,2012,11,November,5,Monday,0,45,4,0,Autumn,,,0,0,0,0,,0,0,0,0,0
2012-11-06,2012,11,November,6,Tuesday,1,45,4,0,Autumn,,,0,0,0,0,,0,0,0,0,0
2012-11-07,2012,11,November,7,Wednesday,2,45,4,0,Autumn,,,0,0,0,0,,0,0,0,0,0
2012-11-08,2012,11,November,8,Thursday,3,45,4,0,Autumn,,,0,0,0,0,,0,0,0,0,0
2012-11-09,2012,11,November,9,Friday,4,45,4,0,Autumn,,,0,0,0,0,,0,0,0,0,0
2012-11-10,2012,11,November,10,Saturday,5,45,4,1,Autumn,,,0,0,0,0,,0,0,0,0,1
2012-11-11,2012,11,November,11,Sunday,6,45,4,1,Autumn,,,0,0,0,0,,0,0,0,0,1
2012-11-12,2012,11,November,12,Monday,0,46,4,0,Autumn,,,0,0,0,0,,0,0,0,0,0
2012-11-13,2012,11,November,13,Tuesday,1,46,4,0,Autumn,,,0,0,0,0,,0,0,0,0,0
2012-11-14,2012,11,November,14,Wednesday,2,46,4,0,Autumn,,,0,0,0,0,,0,0,0,0,0
2012-11-15,2012,11,November,15,Thursday,3,46,4,0,Autumn,,,0,0,0,0,,0,0,0,0,0
2012-11-16,2012,11,November,16,Friday,4,46,4,0,Autumn,,,0,0,0,0,,0,0,0,0,0
2012-11-17,2012,11,November,17,Saturday,5,46,4,1,Autumn,,,0,0,0,0,,0,0,0,0,1
2012-11-18,2012,11,November,18,Sunday,6,46,4,1,Autumn,,,0,0,0,0,,0,0,0,0,1
2012-11-19,2012,11,November,19,Monday,0,47,4,0,Autumn,,,0,0,0,0,,0,0,0,0,0
2012-11-20,2012,11,November,20,Tuesday,1,47,4,0,Autumn,,,0,0,0,0,,0,0,0,0,0
2012-11-21,2012,11,November,21,Wednesday,2,47,4,0,Autumn,,,0,0,0,0,,0,0,0,0,0
2012-11-22,2012,11,November,22,Thursday,3,47,4,0,Autumn,,,0,0,0,0,,0,0,0,0,0
2012-11-23,2012,11,November,23,Friday,4,47,4,0,Autumn,,,0,0,0,0,,0,0,0,0,0
2012-11-24,2012,11,November,24,Saturday,5,47,4,1,Autumn,,,0,0,0,0,,0,0,0,0,1
2012-11-25,2012,11,November,25,Sunday,6,47,4,1,Autumn,,,0,0,0,0,,0,0,0,0,1
2012-11-26,2012,11,November,26,Monday,0,48,4,0,Autumn,,,0,0,0,0,,0,0,0,0,0
2012-11-27,2012,11,November,27,Tuesday,1,48,4,0,Autumn,,,0,0,0,0,,0,0,0,0,0
2012-11-28,2012,11,November,28,Wednesday,2,48,4,0,Autumn,,,0,0,0,0,,0,0,0,0,0
2012-11-29,2012,11,November,29,Thursday,3,48,4,0,Autumn,,,0,0,0,0,,0,0,0,0,0
2012-11-30,2012,11,November,30,Friday,4,48,4,0,Autumn,,,0,0,0,0,,0,0,0,0,0
2012-12-01,2012,12,December,1,Saturday,5,48,4,1,Winter,,,0,0,0,0,,0,0,0,0,1
2012-12-02,2012,12,December,2,Sunday,6,48,4,1,Winter,,,0,0,0,0,,0,0,0,0,1
2012-12-03,2012,12,December,3,Monday,0,49,4,0,Winter,,,0,0,0,0,,0,0,0,0,0
2012-12-04,2012,12,December,4,Tuesday,1,49,4,0,Winter,,,0,0,0,0,,0,0,0,0,0
2012-12-05,2012,12,December,5,Wednesday,2,49,4,0,Winter,,,0,0,0,0,,0,0,0,0,0
2012-12-06,2012,12,December,6,Thursday,3,49,4,0,Winter,,,0,0,0,0,,0,0,0,0,0
2012-12-07,2012,12,December,7,Friday,4,49,4,0,Winter,,,0,0,0,0,,0,0,0,0,0
2012-12-08,2012,12,December,8,Saturday,5,49,4,1,Winter,,,0,0,0,0,,0,0,0,0,1
2012-12-09,2012,12,December,9,Sunday,6,49,4,1,Winter,,,0,0,0,0,,0,0,0,0,1
2012-12-10,2012,12,December,10,Monday,0,50,4,0,Winter,,,0,0,0,0,,0,0,0,0,0
2012-12-11,2012,12,December,11,Tuesday,1,50,4,0,Winter,,,0,0,0,0,,0,0,0,0,0
2012-12-12,2012,12,December,12,Wednesday,2,50,4,0,Winter,,,0,0,0,0,,0,0,0,0,0
2012-12-13,2012,12,December,13,Thursday,3,50,4,0,Winter,,,0,0,0,0,,0,0,0,0,0
2012-12-14,2012,12,December,14,Friday,4,50,4,0,Winter,,,0,0,0,0,,0,0,0,0,0
2012-12-15,2012,12,December,15,Saturday,5,50,4,1,Winter,,,0,0,0,0,,0,0,0,0,1
2012-12-16,2012,12,December,16,Sunday,6,50,4,1,Winter,,,0,0,0,0,,0,0,0,0,1
2012-12-17,2012,12,December,17,Monday,0,51,4,0,Winter,,,0,0,0,0,,0,0,0,0,0
2012-12-18,2012,12,December,18,Tuesday,1,51,4,0,Winter,,,0,0,0,0,,0,0,0,0,0
2012-12-19,2012,12,December,19,Wednesday,2,51,4,0,Winter,,,0,0,0,0,,0,0,0,0,0
2012-12-20,2012,12,December,20,Thursday,3,51,4,0,Winter,,,0,0,0,0,,0,0,0,0,0
2012-12-21,2012,12,December,21,Friday,4,51,4,0,Winter,,,0,0,0,0,,0,0,0,0,0
2012-12-22,2012,12,December,22,Saturday,5,51,4,1,Winter,,,0,0,0,0,,0,0,0,0,1
2012-12-23,2012,12,December,23,Sunday,6,51,4,1,Winter,,,0,0,0,0,,0,0,0,0,1
2012-12-24,2012,12,December,24,Monday,0,52,4,0,Winter,,,0,0,0,0,,0,0,0,0,0
2012-12-25,2012,12,December,25,Tuesday,1,52,4,0,Winter,,,0,0,1,0,,0,0,0,0,1
2012-12-26,2012,12,December,26,Wednesday,2,52,4,0,Winter,,,0,0,1,0,,0,0,0,0,1
2012-12-27,2012,12,December,27,Thursday,3,52,4,0,Winter,,,0,0,0,0,,0,0,0,0,0
2012-12-28,2012,12,December,28,Friday,4,52,4,0,Winter,,,0,0,0,0,,0,0,0,0,0
2012-12-29,2012,12,December,29,Saturday,5,52,4,1,Winter,,,0,0,0,0,,0,0,0,0,1
2012-12-30,2012,12,December,30,Sunday,6,52,4,1,Winter,,,0,0,0,0,,0,0,0,0,1
2012-12-31,2012,12,December,31,Monday,0,1,4,0,Winter,,,0,0,0,0,,0,0,0,0,0
2013-01-01,2013,1,January,1,Tuesday,1,1,1,0,Winter,,,0,0,1,0,,0,0,0,0,1
2013-01-02,2013,1,January,2,Wednesday,2,1,1,0,Winter,,,0,0,0,0,,0,0,0,0,0
2013-01-03,2013,1,January,3,Thursday,3,1,1,0,Winter,,,0,0,0,0,,0,0,0,0,0
2013-01-04,2013,1,January,4,Friday,4,1,1,0,Winter,,,0,0,0,0,,0,0,0,0,0
2013-01-05,2013,1,January,5,Saturday,5,1,1,1,Winter,,,0,0,0,0,,0,0,0,0,1
2013-01-06,2013,1,January,6,Sunday,6,1,1,1,Winter,,,0,0,0,0,,0,0,0,0,1
2013-01-07,2013,1,January,7,Monday,0,2,1,0,Winter,,,0,0,0,0,,0,0,0,0,0
2013-01-08,2013,1,January,8,Tuesday,1,2,1,0,Winter,,,0,0,0,0,,0,0,0,0,0
2013-01-09,2013,1,January,9,Wednesday,2,2,1,0,Winter,,,0,0,0,0,,0,0,0,0,0
2013-01-10,2013,1,January,10,Thursday,3,2,1,0,Winter,,,0,0,0,0,,0,0,0,0,0
2013-01-11,2013,1,January,11,Friday,4,2,1,0,Winter,,,0,0,0,0,,0,0,0,0,0
2013-01-12,2013,1,January,12,Saturday,5,2,1,1,Winter,,,0,0,0,0,,0,0,0,0,1
2013-01-13,2013,1,January,13,Sunday,6,2,1,1,Winter,,,0,0,0,0,,0,0,0,0,1
2013-01-14,2013,1,January,14,Monday,0,3,1,0,Winter,,,0,0,0,0,,0,0,0,0,0
2013-01-15,2013,1,January,15,Tuesday,1,3,1,0,Winter,,,0,0,0,0,,0,0,0,0,0
2013-01-16,2013,1,January,16,Wednesday,2,3,1,0,Winter,,,0,0,0,0,,0,0,0,0,0
2013-01-17,2013,1,January,17,Thursday,3,3,1,0,Winter,,,0,0,0,0,,0,0,0,0,0
2013-01-18,2013,1,January,18,Friday,4,3,1,0,Winter,,,0,0,0,0,,0,0,0,0,0
2013-01-19,2013,1,January,19,Saturday,5,3,1,1,Winter,,,0,0,0,0,,0,0,0,0,1
2013-01-20,2013,1,January,20,Sunday,6,3,1,1,Winter,,,0,0,0,0,,0,0,0,0,1
2013-01-21,2013,1,January,21,Monday,0,4,1,0,Winter,,,0,0,0,0,,0,0,0,0,0
2013-01-22,2013,1,January,22,Tuesday,1,4,1,0,Winter,,,0,0,0,0,,0,0,0,0,0
2013-01-23,2013,1,January,23,Wednesday,2,4,1,0,Winter,,,0,0,0,0,,0,0,0,0,0
2013-01-24,2013,1,January,24,Thursday,3,4,1,0,Winter,,,0,0,0,0,,0,0,0,0,0
2013-01-25,2013,1,January,25,Friday,4,4,1,0,Winter,,,0,0,0,0,,0,0,0,0,0
2013-01-26,2013,1,January,26,Saturday,5,4,1,1,Winter,,,0,0,0,0,,0,0,0,0,1
2013-01-27,2013,1,January,27,Sunday,6,4,1,1,Winter,,,0,0,0,0,,0,0,0,0,1
2013-01-28,2013,1,January,28,Monday,0,5,1,0,Winter,,,0,0,0,0,,0,0,0,0,0
2013-01-29,2013,1,January,29,Tuesday,1,5,1,0,Winter,,,0,0,0,0,,0,0,0,0,0
2013-01-30,2013,1,January,30,Wednesday,2,5,1,0,Winter,,,0,0,0,0,,0,0,0,0,0
2013-01-31,2013,1,January,31,Thursday,3,5,1,0,Winter,,,0,0,0,0,,0,0,0,0,0
2013-02-01,2013,2,February,1,Friday,4,5,1,0,Winter,,,0,0,0,0,,0,0,0,0,0
2013-02-02,2013,2,February,2,Saturday,5,5,1,1,Winter,,,0,0,0,0,,0,0,0,0,1
2013-02-03,2013,2,February,3,Sunday,6,5,1,1,Winter,,,0,0,0,0,,0,0,0,0,1
2013-02-04,2013,2,February,4,Monday,0,6,1,0,Winter,,,0,0,0,0,,0,0,0,0,0
2013-02-05,2013,2,February,5,Tuesday,1,6,1,0,Winter,,,0,0,0,0,,0,0,0,0,0
2013-02-06,2013,2,February,6,Wednesday,2,6,1,0,Winter,,,0,0,0,0,,0,0,0,0,0
2013-02-07,2013,2,February,7,Thursday,3,6,1,0,Winter,,,0,0,0,0,,0,0,0,0,0
2013-02-08,2013,2,February,8,Friday,4,6,1,0,Winter,,,0,0,0,0,,0,0,0,0,0
2013-02-09,2013,2,February,9,Saturday,5,6,1,1,Winter,,,0,0,0,0,,0,0,0,0,1
2013-02-10,2013,2,February,10,Sunday,6,6,1,1,Winter,,,0,0,0,0,,0,0,0,0,1
2013-02-11,2013,2,February,11,Monday,0,7,1,0,Winter,,,0,0,0,0,,0,0,0,0,0
2013-02-12,2013,2,February,12,Tuesday,1,7,1,0,Winter,,,0,0,0,0,,0,0,0,0,0
2013-02-13,2013,2,February,13,Wednesday,2,7,1,0,Winter,,,0,0,0,0,,0,0,0,0,0
2013-02-14,2013,2,February,14,Thursday,3,7,1,0,Winter,,,0,0,0,0,,0,0,0,0,0
2013-02-15,2013,2,February,15,Friday,4,7,1,0,Winter,,,0,0,0,0,,0,0,0,0,0
2013-02-16,2013,2,February,16,Saturday,5,7,1,1,Winter,,,0,0,0,0,,0,0,0,0,1
2013-02-17,2013,2,February,17,Sunday,6,7,1,1,Winter,,,0,0,0,0,,0,0,0,0,1
2013-02-18,2013,2,February,18,Monday,0,8,1,0,Winter,,,0,0,0,0,,0,0,0,0,0
2013-02-19,2013,2,February,19,Tuesday,1,8,1,0,Winter,,,0,0,0,0,,0,0,0,0,0
2013-02-20,2013,2,February,20,Wednesday,2,8,1,0,Winter,,,0,0,0,0,,0,0,0,0,0
2013-02-21,2013,2,February,21,Thursday,3,8,1,0,Winter,,,0,0,0,0,,0,0,0,0,0
2013-02-22,2013,2,February,22,Friday,4,8,1,0,Winter,,,0,0,0,0,,0,0,0,0,0
2013-02-23,2013,2,February,23,Saturday,5,8,1,1,Winter,,,0,0,0,0,,0,0,0,0,1
2013-02-24,2013,2,February,24,Sunday,6,8,1,1,Winter,,,0,0,0,0,,0,0,0,0,1
2013-02-25,2013,2,February,25,Monday,0,9,1,0,Winter,,,0,0,0,0,,0,0,0,0,0
2013-02-26,2013,2,February,26,Tuesday,1,9,1,0,Winter,,,0,0,0,0,,0,0,0,0,0
2013-02-27,2013,2,February,27,Wednesday,2,9,1,0,Winter,,,0,0,0,0,,0,0,0,0,0
2013-02-28,2013,2,February,28,Thursday,3,9,1,0,Winter,,,0,0,0,0,,0,0,0,0,0
2013-03-01,2013,3,March,1,Friday,4,9,1,0,Spring,,,0,0,0,0,,0,0,0,0,0
2013-03-02,2013,3,March,2,Saturday,5,9,1,1,Spring,,,0,0,0,0,,0,0,0,0,1
2013-03-03,2013,3,March,3,Sunday,6,9,1,1,Spring,,,0,0,0,0,,0,0,0,0,1
2013-03-04,2013,3,March,4,Monday,0,10,1,0,Spring,,,0,0,0,0,,0,0,0,0,0
2013-03-05,2013,3,March,5,Tuesday,1,10,1,0,Spring,,,0,0,0,0,,0,0,0,0,0
2013-03-06,2013,3,March,6,Wednesday,2,10,1,0,Spring,,,0,0,0,0,,0,0,0,0,0
2013-03-07,2013,3,March,7,Thursday,3,10,1,0,Spring,,,0,0,0,0,,0,0,0,0,0
2013-03-08,2013,3,March,8,Friday,4,10,1,0,Spring,,,0,0,0,0,,0,0,0,0,0
2013-03-09,2013,3,March,9,Saturday,5,10,1,1,Spring,,,0,0,0,0,,0,0,0,0,1
2013-03-10,2013,3,March,10,Sunday,6,10,1,1,Spring,,,0,0,0,0,,0,0,0,0,1
2013-03-11,2013,3,March,11,Monday,0,11,1,0,Spring,,,0,0,0,0,,0,0,0,0,0
2013-03-12,2013,3,March,12,Tuesday,1,11,1,0,Spring,,,0,0,0,0,,0,0,0,0,0
2013-03-13,2013,3,March,13,Wednesday,2,11,1,0,Spring,,,0,0,0,0,,0,0,0,0,0
2013-03-14,2013,3,March,14,Thursday,3,11,1,0,Spring,,,0,0,0,0,,0,0,0,0,0
2013-03-15,2013,3,March,15,Friday,4,11,1,0,Spring,,,0,0,0,0,,0,0,0,0,0
2013-03-16,2013,3,March,16,Saturday,5,11,1,1,Spring,,,0,0,0,0,,0,0,0,0,1
2013-03-17,2013,3,March,17,Sunday,6,11,1,1,Spring,,,0,0,0,0,,0,0,0,0,1
2013-03-18,2013,3,March,18,Monday,0,12,1,0,Spring,,,0,0,0,0,,0,0,0,0,0
2013-03-19,2013,3,March,19,Tuesday,1,12,1,0,Spring,,,0,0,0,0,,0,0,0,0,0
2013-03-20,2013,3,March,20,Wednesday,2,12,1,0,Spring,,,0,0,0,0,,0,0,0,0,0
2013-03-21,2013,3,March,21,Thursday,3,12,1,0,Spring,,,0,0,0,0,,0,0,0,0,0
2013-03-22,2013,3,March,22,Friday,4,12,1,0,Spring,,,0,0,0,0,,0,0,0,0,0
2013-03-23,2013,3,March,23,Saturday,5,12,1,1,Spring,,,0,0,0,0,,0,0,0,0,1
2013-03-24,2013,3,March,24,Sunday,6,12,1,1,Spring,,,0,0,0,0,,0,0,0,0,1
2013-03-25,2013,3,March,25,Monday,0,13,1,0,Spring,,,0,0,0,0,,0,0,0,0,0
2013-03-26,2013,3,March,26,Tuesday,1,13,1,0,Spring,,,0,0,0,0,,0,0,0,0,0
2013-03-27,2013,3,March,27,Wednesday,2,13,1,0,Spring,,,0,0,0,0,,0,0,0,0,0
2013-03-28,2013,3,March,28,Thursday,3,13,1,0,Spring,,,0,0,0,0,,0,0,0,0,0
2013-03-29,2013,3,March,29,Friday,4,13,1,0,Spring,,,0,0,1,0,,0,0,0,0,1
2013-03-30,2013,3,March,30,Saturday,5,13,1,1,Spring,,,0,0,0,0,,0,0,0,0,1
2013-03-31,2013,3,March,31,Sunday,6,13,1,1,Spring,,,0,0,0,0,,0,0,0,0,1
2013-04-01,2013,4,April,1,Monday,0,14,2,0,Spring,,,0,0,1,0,,0,0,0,0,1
2013-04-02,2013,4,April,2,Tuesday,1,14,2,0,Spring,,,0,0,0,0,,0,0,0,0,0
2013-04-03,2013,4,April,3,Wednesday,2,14,2,0,Spring,,,0,0,0,0,,0,0,0,0,0
2013-04-04,2013,4,April,4,Thursday,3,14,2,0,Spring,,,0,0,0,0,,0,0,0,0,0
2013-04-05,2013,4,April,5,Friday,4,14,2,0,Spring,,,0,0,0,0,,0,0,0,0,0
2013-04-06,2013,4,April,6,Saturday,5,14,2,1,Spring,,,0,0,0,0,,0,0,0,0,1
2013-04-07,2013,4,April,7,Sunday,6,14,2,1,Spring,,,0,0,0,0,,0,0,0,0,1
2013-04-08,2013,4,April,8,Monday,0,15,2,0,Spring,,,0,0,0,0,,0,0,0,0,0
2013-04-09,2013,4,April,9,Tuesday,1,15,2,0,Spring,,,0,0,0,0,,0,0,0,0,0
2013-04-10,2013,4,April,10,Wednesday,2,15,2,0,Spring,,,0,0,0,0,,0,0,0,0,0
2013-04-11,2013,4,April,11,Thursday,3,15,2,0,Spring,,,0,0,0,0,,0,0,0,0,0
2013-04-12,2013,4,April,12,Friday,4,15,2,0,Spring,,,0,0,0,0,,0,0,0,0,0
2013-04-13,2013,4,April,13,Saturday,5,15,2,1,Spring,,,0,0,0,0,,0,0,0,0,1
2013-04-14,2013,4,April,14,Sunday,6,15,2,1,Spring,,,0,0,0,0,,0,0,0,0,1
2013-04-15,2013,4,April,15,Monday,0,16,2,0,Spring,,,0,0,0,0,,0,0,0,0,0
2013-04-16,2013,4,April,16,Tuesday,1,16,2,0,Spring,,,0,0,0,0,,0,0,0,0,0
2013-04-17,2013,4,April,17,Wednesday,2,16,2,0,Spring,,,0,0,0,0,,0,0,0,0,0
2013-04-18,2013,4,April,18,Thursday,3,16,2,0,Spring,,,0,0,0,0,,0,0,0,0,0
2013-04-19,2013,4,April,19,Friday,4,16,2,0,Spring,,,0,0,0,0,,0,0,0,0,0
2013-04-20,2013,4,April,20,Saturday,5,16,2,1,Spring,,,0,0,0,0,,0,0,0,0,1
2013-04-21,2013,4,April,21,Sunday,6,16,2,1,Spring,,,0,0,0,0,,0,0,0,0,1
2013-04-22,2013,4,April,22,Monday,0,17,2,0,Spring,,,0,0,0,0,,0,0,0,0,0
2013-04-23,2013,4,April,23,Tuesday,1,17,2,0,Spring,,,0,0,0,0,,0,0,0,0,0
2013-04-24,2013,4,April,24,Wednesday,2,17,2,0,Spring,,,0,0,0,0,,0,0,0,0,0
2013-04-25,2013,4,April,25,Thursday,3,17,2,0,Spring,,,0,0,0,0,,0,0,0,0,0
2013-04-26,2013,4,April,26,Friday,4,17,2,0,Spring,,,0,0,0,0,,0,0,0,0,0
2013-04-27,2013,4,April,27,Saturday,5,17,2,1,Spring,,,0,0,0,0,,0,0,0,0,1
2013-04-28,2013,4,April,28,Sunday,6,17,2,1,Spring,,,0,0,0,0,,0,0,0,0,1
2013-04-29,2013,4,April,29,Monday,0,18,2,0,Spring,,,0,0,0,0,,0,0,0,0,0
2013-04-30,2013,4,April,30,Tuesday,1,18,2,0,Spring,,,0,0,0,0,,0,0,0,0,0
2013-05-01,2013,5,May,1,Wednesday,2,18,2,0,Spring,,,0,0,0,0,,0,0,0,0,0
2013-05-02,2013,5,May,2,Thursday,3,18,2,0,Spring,,,0,0,0,0,,0,0,0,0,0
2013-05-03,2013,5,May,3,Friday,4,18,2,0,Spring,,,0,0,0,0,,0,0,0,0,0
2013-05-04,2013,5,May,4,Saturday,5,18,2,1,Spring,,,0,0,0,0,,0,0,0,0,1
2013-05-05,2013,5,May,5,Sunday,6,18,2,1,Spring,,,0,0,0,0,,0,0,0,0,1
2013-05-06,2013,5,May,6,Monday,0,19,2,0,Spring,,,0,0,1,0,,0,0,0,0,1
2013-05-07,2013,5,May,7,Tuesday,1,19,2,0,Spring,,,0,0,0,0,,0,0,0,0,0
2013-05-08,2013,5,May,8,Wednesday,2,19,2,0,Spring,,,0,0,0,0,,0,0,0,0,0
2013-05-09,2013,5,May,9,Thursday,3,19,2,0,Spring,,,0,0,0,0,,0,0,0,0,0
2013-05-10,2013,5,May,10,Friday,4,19,2,0,Spring,,,0,0,0,0,,0,0,0,0,0
2013-05-11,2013,5,May,11,Saturday,5,19,2,1,Spring,,,0,0,0,0,,0,0,0,0,1
2013-05-12,2013,5,May,12,Sunday,6,19,2,1,Spring,,,0,0,0,0,,0,0,0,0,1
2013-05-13,2013,5,May,13,Monday,0,20,2,0,Spring,,,0,0,0,0,,0,0,0,0,0
2013-05-14,2013,5,May,14,Tuesday,1,20,2,0,Spring,,,0,0,0,0,,0,0,0,0,0
2013-05-15,2013,5,May,15,Wednesday,2,20,2,0,Spring,,,0,0,0,0,,0,0,0,0,0
2013-05-16,2013,5,May,16,Thursday,3,20,2,0,Spring,,,0,0,0,0,,0,0,0,0,0
2013-05-17,2013,5,May,17,Friday,4,20,2,0,Spring,,,0,0,0,0,,0,0,0,0,0
2013-05-18,2013,5,May,18,Saturday,5,20,2,1,Spring,,,0,0,0,0,,0,0,0,0,1
2013-05-19,2013,5,May,19,Sunday,6,20,2,1,Spring,,,0,0,0,0,,0,0,0,0,1
2013-05-20,2013,5,May,20,Monday,0,21,2,0,Spring,,,0,0,0,0,,0,0,0,0,0
2013-05-21,2013,5,May,21,Tuesday,1,21,2,0,Spring,,,0,0,0,0,,0,0,0,0,0
2013-05-22,2013,5,May,22,Wednesday,2,21,2,0,Spring,,,0,0,0,0,,0,0,0,0,0
2013-05-23,2013,5,May,23,Thursday,3,21,2,0,Spring,,,0,0,0,0,,0,0,0,0,0
2013-05-24,2013,5,May,24,Friday,4,21,2,0,Spring,,,0,0,0,0,,0,0,0,0,0
2013-05-25,2013,5,May,25,Saturday,5,21,2,1,Spring,,,0,0,0,0,,0,0,0,0,1
2013-05-26,2013,5,May,26,Sunday,6,21,2,1,Spring,,,0,0,0,0,,0,0,0,0,1
2013-05-27,2013,5,May,27,Monday,0,22,2,0,Spring,,,0,0,1,0,,0,0,0,0,1
2013-05-28,2013,5,May,28,Tuesday,1,22,2,0,Spring,,,0,0,0,0,,0,0,0,0,0
2013-05-29,2013,5,May,29,Wednesday,2,22,2,0,Spring,,,0,0,0,0,,0,0,0,0,0
2013-05-30,2013,5,May,30,Thursday,3,22,2,0,Spring,,,0,0,0,0,,0,0,0,0,0
2013-05-31,2013,5,May,31,Friday,4,22,2,0,Spring,,,0,0,0,0,,0,0,0,0,0
2013-06-01,2013,6,June,1,Saturday,5,22,2,1,Summer,,,0,0,0,0,,0,0,0,0,1
2013-06-02,2013,6,June,2,Sunday,6,22,2,1,Summer,,,0,0,0,0,,0,0,0,0,1
2013-06-03,2013,6,June,3,Monday,0,23,2,0,Summer,,,0,0,0,0,,0,0,0,0,0
2013-06-04,2013,6,June,4,Tuesday,1,23,2,0,Summer,,,0,0,0,0,,0,0,0,0,0
2013-06-05,2013,6,June,5,Wednesday,2,23,2,0,Summer,,,0,0,0,0,,0,0,0,0,0
2013-06-06,2013,6,June,6,Thursday,3,23,2,0,Summer,,,0,0,0,0,,0,0,0,0,0
2013-06-07,2013,6,June,7,Friday,4,23,2,0,Summer,,,0,0,0,0,,0,0,0,0,0
2013-06-08,2013,6,June,8,Saturday,5,23,2,1,Summer,,,0,0,0,0,,0,0,0,0,1
2013-06-09,2013,6,June,9,Sunday,6,23,2,1,Summer,,,0,0,0,0,,0,0,0,0,1
2013-06-10,2013,6,June,10,Monday,0,24,2,0,Summer,,,0,0,0,0,,0,0,0,0,0
2013-06-11,2013,6,June,11,Tuesday,1,24,2,0,Summer,,,0,0,0,0,,0,0,0,0,0
2013-06-12,2013,6,June,12,Wednesday,2,24,2,0,Summer,,,0,0,0,0,,0,0,0,0,0
2013-06-13,2013,6,June,13,Thursday,3,24,2,0,Summer,,,0,0,0,0,,0,0,0,0,0
2013-06-14,2013,6,June,14,Friday,4,24,2,0,Summer,,,0,0,0,0,,0,0,0,0,0
2013-06-15,2013,6,June,15,Saturday,5,24,2,1,Summer,,,0,0,0,0,,0,0,0,0,1
2013-06-16,2013,6,June,16,Sunday,6,24,2,1,Summer,,,0,0,0,0,,0,0,0,0,1
2013-06-17,2013,6,June,17,Monday,0,25,2,0,Summer,,,0,0,0,0,,0,0,0,0,0
2013-06-18,2013,6,June,18,Tuesday,1,25,2,0,Summer,,,0,0,0,0,,0,0,0,0,0
2013-06-19,2013,6,June,19,Wednesday,2,25,2,0,Summer,,,0,0,0,0,,0,0,0,0,0
2013-06-20,2013,6,June,20,Thursday,3,25,2,0,Summer,,,0,0,0,0,,0,0,0,0,0
2013-06-21,2013,6,June,21,Friday,4,25,2,0,Summer,,,0,0,0,0,,0,0,0,0,0
2013-06-22,2013,6,June,22,Saturday,5,25,2,1,Summer,,,0,0,0,0,,0,0,0,0,1
2013-06-23,2013,6,June,23,Sunday,6,25,2,1,Summer,,,0,0,0,0,,0,0,0,0,1
2013-06-24,2013,6,June,24,Monday,0,26,2,0,Summer,,,0,0,0,0,,0,0,0,0,0
2013-06-25,2013,6,June,25,Tuesday,1,26,2,0,Summer,,,0,0,0,0,,0,0,0,0,0
2013-06-26,2013,6,June,26,Wednesday,2,26,2,0,Summer,,,0,0,0,0,,0,0,0,0,0
2013-06-27,2013,6,June,27,Thursday,3,26,2,0,Summer,,,0,0,0,0,,0,0,0,0,0
2013-06-28,2013,6,June,28,Friday,4,26,2,0,Summer,,,0,0,0,0,,0,0,0,0,0
2013-06-29,2013,6,June,29,Saturday,5,26,2,1,Summer,,,0,0,0,0,,0,0,0,0,1
2013-06-30,2013,6,June,30,Sunday,6,26,2,1,Summer,,,0,0,0,0,,0,0,0,0,1
2013-07-01,2013,7,July,1,Monday,0,27,3,0,Summer,,,0,0,0,0,,0,0,0,0,0
2013-07-02,2013,7,July,2,Tuesday,1,27,3,0,Summer,,,0,0,0,0,,0,0,0,0,0
2013-07-03,2013,7,July,3,Wednesday,2,27,3,0,Summer,,,0,0,0,0,,0,0,0,0,0
2013-07-04,2013,7,July,4,Thursday,3,27,3,0,Summer,,,0,0,0,0,,0,0,0,0,0
2013-07-05,2013,7,July,5,Friday,4,27,3,0,Summer,,,0,0,0,0,,0,0,0,0,0
2013-07-06,2013,7,July,6,Saturday,5,27,3,1,Summer,,,0,0,0,0,,0,0,0,0,1
2013-07-07,2013,7,July,7,Sunday,6,27,3,1,Summer,,,0,0,0,0,,0,0,0,0,1
2013-07-08,2013,7,July,8,Monday,0,28,3,0,Summer,,,0,0,0,0,,0,0,0,0,0
2013-07-09,2013,7,July,9,Tuesday,1,28,3,0,Summer,,,0,0,0,0,,0,0,0,0,0
2013-07-10,2013,7,July,10,Wednesday,2,28,3,0,Summer,,,0,0,0,0,,0,0,0,0,0
2013-07-11,2013,7,July,11,Thursday,3,28,3,0,Summer,,,0,0,0,0,,0,0,0,0,0
2013-07-12,2013,7,July,12,Friday,4,28,3,0,Summer,,,0,0,0,0,,0,0,0,0,0
2013-07-13,2013,7,July,13,Saturday,5,28,3,1,Summer,,,0,0,0,0,,0,0,0,0,1
2013-07-14,2013,7,July,14,Sunday,6,28,3,1,Summer,,,0,0,0,0,,0,0,0,0,1
2013-07-15,2013,7,July,15,Monday,0,29,3,0,Summer,,,0,0,0,0,,0,0,0,0,0
2013-07-16,2013,7,July,16,Tuesday,1,29,3,0,Summer,,,0,0,0,0,,0,0,0,0,0
2013-07-17,2013,7,July,17,Wednesday,2,29,3,0,Summer,,,0,0,0,0,,0,0,0,0,0
2013-07-18,2013,7,July,18,Thursday,3,29,3,0,Summer,,,0,0,0,0,,0,0,0,0,0
2013-07-19,2013,7,July,19,Friday,4,29,3,0,Summer,,,0,0,0,0,,0,0,0,0,0
2013-07-20,2013,7,July,20,Saturday,5,29,3,1,Summer,,,0,0,0,0,,0,0,0,0,1
2013-07-21,2013,7,July,21,Sunday,6,29,3,1,Summer,,,0,0,0,0,,0,0,0,0,1
2013-07-22,2013,7,July,22,Monday,0,30,3,0,Summer,,,0,0,0,0,,0,0,0,0,0
2013-07-23,2013,7,July,23,Tuesday,1,30,3,0,Summer,,,0,0,0,0,,0,0,0,0,0
2013-07-24,2013,7,July,24,Wednesday,2,30,3,0,Summer,,,0,0,0,0,,0,0,0,0,0
2013-07-25,2013,7,July,25,Thursday,3,30,3,0,Summer,,,0,0,0,0,,0,0,0,0,0
2013-07-26,2013,7,July,26,Friday,4,30,3,0,Summer,,,0,0,0,0,,0,0,0,0,0
2013-07-27,2013,7,July,27,Saturday,5,30,3,1,Summer,,,0,0,0,0,,0,0,0,0,1
2013-07-28,2013,7,July,28,Sunday,6,30,3,1,Summer,,,0,0,0,0,,0,0,0,0,1
2013-07-29,2013,7,July,29,Monday,0,31,3,0,Summer,,,0,0,0,0,,0,0,0,0,0
2013-07-30,2013,7,July,30,Tuesday,1,31,3,0,Summer,,,0,0,0,0,,0,0,0,0,0
2013-07-31,2013,7,July,31,Wednesday,2,31,3,0,Summer,,,0,0,0,0,,0,0,0,0,0
2013-08-01,2013,8,August,1,Thursday,3,31,3,0,Summer,,,0,0,0,0,,0,0,0,0,0
2013-08-02,2013,8,August,2,Friday,4,31,3,0,Summer,,,0,0,0,0,,0,0,0,0,0
2013-08-03,2013,8,August,3,Saturday,5,31,3,1,Summer,,,0,0,0,0,,0,0,0,0,1
2013-08-04,2013,8,August,4,Sunday,6,31,3,1,Summer,,,0,0,0,0,,0,0,0,0,1
2013-08-05,2013,8,August,5,Monday,0,32,3,0,Summer,,,0,0,0,0,,0,0,0,0,0
2013-08-06,2013,8,August,6,Tuesday,1,32,3,0,Summer,,,0,0,0,0,,0,0,0,0,0
2013-08-07,2013,8,August,7,Wednesday,2,32,3,0,Summer,,,0,0,0,0,,0,0,0,0,0
2013-08-08,2013,8,August,8,Thursday,3,32,3,0,Summer,,,0,0,0,0,,0,0,0,0,0
2013-08-09,2013,8,August,9,Friday,4,32,3,0,Summer,,,0,0,0,0,,0,0,0,0,0
2013-08-10,2013,8,August,10,Saturday,5,32,3,1,Summer,,,0,0,0,0,,0,0,0,0,1
2013-08-11,2013,8,August,11,Sunday,6,32,3,1,Summer,,,0,0,0,0,,0,0,0,0,1
2013-08-12,2013,8,August,12,Monday,0,33,3,0,Summer,,,0,0,0,0,,0,0,0,0,0
2013-08-13,2013,8,August,13,Tuesday,1,33,3,0,Summer,,,0,0,0,0,,0,0,0,0,0
2013-08-14,2013,8,August,14,Wednesday,2,33,3,0,Summer,,,0,0,0,0,,0,0,0,0,0
2013-08-15,2013,8,August,15,Thursday,3,33,3,0,Summer,,,0,0,0,0,,0,0,0,0,0
2013-08-16,2013,8,August,16,Friday,4,33,3,0,Summer,,,0,0,0,0,,0,0,0,0,0
2013-08-17,2013,8,August,17,Saturday,5,33,3,1,Summer,,,0,0,0,0,,0,0,0,0,1
2013-08-18,2013,8,August,18,Sunday,6,33,3,1,Summer,,,0,0,0,0,,0,0,0,0,1
2013-08-19,2013,8,August,19,Monday,0,34,3,0,Summer,,,0,0,0,0,,0,0,0,0,0
2013-08-20,2013,8,August,20,Tuesday,1,34,3,0,Summer,,,0,0,0,0,,0,0,0,0,0
2013-08-21,2013,8,August,21,Wednesday,2,34,3,0,Summer,,,0,0,0,0,,0,0,0,0,0
2013-08-22,2013,8,August,22,Thursday,3,34,3,0,Summer,,,0,0,0,0,,0,0,0,0,0
2013-08-23,2013,8,August,23,Friday,4,34,3,0,Summer,,,0,0,0,0,,0,0,0,0,0
2013-08-24,2013,8,August,24,Saturday,5,34,3,1,Summer,,,0,0,0,0,,0,0,0,0,1
2013-08-25,2013,8,August,25,Sunday,6,34,3,1,Summer,,,0,0,0,0,,0,0,0,0,1
2013-08-26,2013,8,August,26,Monday,0,35,3,0,Summer,,,0,0,1,0,,0,0,0,0,1
2013-08-27,2013,8,August,27,Tuesday,1,35,3,0,Summer,,,0,0,0,0,,0,0,0,0,0
2013-08-28,2013,8,August,28,Wednesday,2,35,3,0,Summer,,,0,0,0,0,,0,0,0,0,0
2013-08-29,2013,8,August,29,Thursday,3,35,3,0,Summer,,,0,0,0,0,,0,0,0,0,0
2013-08-30,2013,8,August,30,Friday,4,35,3,0,Summer,,,0,0,0,0,,0,0,0,0,0
2013-08-31,2013,8,August,31,Saturday,5,35,3,1,Summer,,,0,0,0,0,,0,0,0,0,1
2013-09-01,2013,9,September,1,Sunday,6,35,3,1,Autumn,,,0,0,0,0,,0,0,0,0,1
2013-09-02,2013,9,September,2,Monday,0,36,3,0,Autumn,,,0,0,0,0,,0,0,0,0,0
2013-09-03,2013,9,September,3,Tuesday,1,36,3,0,Autumn,,,0,0,0,0,,0,0,0,0,0
2013-09-04,2013,9,September,4,Wednesday,2,36,3,0,Autumn,,,0,0,0,0,,0,0,0,0,0
2013-09-05,2013,9,September,5,Thursday,3,36,3,0,Autumn,,,0,0,0,0,,0,0,0,0,0
2013-09-06,2013,9,September,6,Friday,4,36,3,0,Autumn,,,0,0,0,0,,0,0,0,0,0
2013-09-07,2013,9,September,7,Saturday,5,36,3,1,Autumn,,,0,0,0,0,,0,0,0,0,1
2013-09-08,2013,9,September,8,Sunday,6,36,3,1,Autumn,,,0,0,0,0,,0,0,0,0,1
2013-09-09,2013,9,September,9,Monday,0,37,3,0,Autumn,,,0,0,0,0,,0,0,0,0,0
2013-09-10,2013,9,September,10,Tuesday,1,37,3,0,Autumn,,,0,0,0,0,,0,0,0,0,0
2013-09-11,2013,9,September,11,Wednesday,2,37,3,0,Autumn,,,0,0,0,0,,0,0,0,0,0
2013-09-12,2013,9,September,12,Thursday,3,37,3,0,Autumn,,,0,0,0,0,,0,0,0,0,0
2013-09-13,2013,9,September,13,Friday,4,37,3,0,Autumn,,,0,0,0,0,,0,0,0,0,0
2013-09-14,2013,9,September,14,Saturday,5,37,3,1,Autumn,,,0,0,0,0,,0,0,0,0,1
2013-09-15,2013,9,September,15,Sunday,6,37,3,1,Autumn,,,0,0,0,0,,0,0,0,0,1
2013-09-16,2013,9,September,16,Monday,0,38,3,0,Autumn,,,0,0,0,0,,0,0,0,0,0
2013-09-17,2013,9,September,17,Tuesday,1,38,3,0,Autumn,,,0,0,0,0,,0,0,0,0,0
2013-09-18,2013,9,September,18,Wednesday,2,38,3,0,Autumn,,,0,0,0,0,,0,0,0,0,0
2013-09-19,2013,9,September,19,Thursday,3,38,3,0,Autumn,,,0,0,0,0,,0,0,0,0,0
2013-09-20,2013,9,September,20,Friday,4,38,3,0,Autumn,,,0,0,0,0,,0,0,0,0,0
2013-09-21,2013,9,September,21,Saturday,5,38,3,1,Autumn,,,0,0,0,0,,0,0,0,0,1
2013-09-22,2013,9,September,22,Sunday,6,38,3,1,Autumn,,,0,0,0,0,,0,0,0,0,1
2013-09-23,2013,9,September,23,Monday,0,39,3,0,Autumn,,,0,0,0,0,,0,0,0,0,0
2013-09-24,2013,9,September,24,Tuesday,1,39,3,0,Autumn,,,0,0,0,0,,0,0,0,0,0
2013-09-25,2013,9,September,25,Wednesday,2,39,3,0,Autumn,,,0,0,0,0,,0,0,0,0,0
2013-09-26,2013,9,September,26,Thursday,3,39,3,0,Autumn,,,0,0,0,0,,0,0,0,0,0
2013-09-27,2013,9,September,27,Friday,4,39,3,0,Autumn,,,0,0,0,0,,0,0,0,0,0
2013-09-28,2013,9,September,28,Saturday,5,39,3,1,Autumn,,,0,0,0,0,,0,0,0,0,1
2013-09-29,2013,9,September,29,Sunday,6,39,3,1,Autumn,,,0,0,0,0,,0,0,0,0,1
2013-09-30,2013,9,September,30,Monday,0,40,3,0,Autumn,,,0,0,0,0,,0,0,0,0,0
2013-10-01,2013,10,October,1,Tuesday,1,40,4,0,Autumn,,,0,0,0,0,,0,0,0,0,0
2013-10-02,2013,10,October,2,Wednesday,2,40,4,0,Autumn,,,0,0,0,0,,0,0,0,0,0
2013-10-03,2013,10,October,3,Thursday,3,40,4,0,Autumn,,,0,0,0,0,,0,0,0,0,0
2013-10-04,2013,10,October,4,Friday,4,40,4,0,Autumn,,,0,0,0,0,,0,0,0,0,0
2013-10-05,2013,10,October,5,Saturday,5,40,4,1,Autumn,,,0,0,0,0,,0,0,0,0,1
2013-10-06,2013,10,October,6,Sunday,6,40,4,1,Autumn,,,0,0,0,0,,0,0,0,0,1
2013-10-07,2013,10,October,7,Monday,0,41,4,0,Autumn,,,0,0,0,0,,0,0,0,0,0
2013-10-08,2013,10,October,8,Tuesday,1,41,4,0,Autumn,,,0,0,0,0,,0,0,0,0,0
2013-10-09,2013,10,October,9,Wednesday,2,41,4,0,Autumn,,,0,0,0,0,,0,0,0,0,0
2013-10-10,2013,10,October,10,Thursday,3,41,4,0,Autumn,,,0,0,0,0,,0,0,0,0,0
2013-10-11,2013,10,October,11,Friday,4,41,4,0,Autumn,,,0,0,0,0,,0,0,0,0,0
2013-10-12,2013,10,October,12,Saturday,5,41,4,1,Autumn,,,0,0,0,0,,0,0,0,0,1
2013-10-13,2013,10,October,13,Sunday,6,41,4,1,Autumn,,,0,0,0,0,,0,0,0,0,1
2013-10-14,2013,10,October,14,Monday,0,42,4,0,Autumn,,,0,0,0,0,,0,0,0,0,0
2013-10-15,2013,10,October,15,Tuesday,1,42,4,0,Autumn,,,0,0,0,0,,0,0,0,0,0
2013-10-16,2013,10,October,16,Wednesday,2,42,4,0,Autumn,,,0,0,0,0,,0,0,0,0,0
2013-10-17,2013,10,October,17,Thursday,3,42,4,0,Autumn,,,0,0,0,0,,0,0,0,0,0
2013-10-18,2013,10,October,18,Friday,4,42,4,0,Autumn,,,0,0,0,0,,0,0,0,0,0
2013-10-19,2013,10,October,19,Saturday,5,42,4,1,Autumn,,,0,0,0,0,,0,0,0,0,1
2013-10-20,2013,10,October,20,Sunday,6,42,4,1,Autumn,,,0,0,0,0,,0,0,0,0,1
2013-10-21,2013,10,October,21,Monday,0,43,4,0,Autumn,,,0,0,0,0,,0,0,0,0,0
2013-10-22,2013,10,October,22,Tuesday,1,43,4,0,Autumn,,,0,0,0,0,,0,0,0,0,0
2013-10-23,2013,10,October,23,Wednesday,2,43,4,0,Autumn,,,0,0,0,0,,0,0,0,0,0
2013-10-24,2013,10,October,24,Thursday,3,43,4,0,Autumn,,,0,0,0,0,,0,0,0,0,0
2013-10-25,2013,10,October,25,Friday,4,43,4,0,Autumn,,,0,0,0,0,,0,0,0,0,0
2013-10-26,2013,10,October,26,Saturday,5,43,4,1,Autumn,,,0,0,0,0,,0,0,0,0,1
2013-10-27,2013,10,October,27,Sunday,6,43,4,1,Autumn,,,0,0,0,0,,0,0,0,0,1
2013-10-28,2013,10,October,28,Monday,0,44,4,0,Autumn,,,0,0,0,0,,0,0,0,0,0
2013-10-29,2013,10,October,29,Tuesday,1,44,4,0,Autumn,,,0,0,0,0,,0,0,0,0,0
2013-10-30,2013,10,October,30,Wednesday,2,44,4,0,Autumn,,,0,0,0,0,,0,0,0,0,0
2013-10-31,2013,10,October,31,Thursday,3,44,4,0,Autumn,,,0,0,0,0,,0,0,0,0,0
2013-11-01,2013,11,November,1,Friday,4,44,4,0,Autumn,,,0,0,0,0,,0,0,0,0,0
2013-11-02,2013,11,November,2,Saturday,5,44,4,1,Autumn,,,0,0,0,0,,0,0,0,0,1
2013-11-03,2013,11,November,3,Sunday,6,44,4,1,Autumn,,,0,0,0,0,,0,0,0,0,1
2013-11-04,2013,11,November,4,Monday,0,45,4,0,Autumn,,,0,0,0,0,,0,0,0,0,0
2013-11-05,2013,11,November,5,Tuesday,1,45,4,0,Autumn,,,0,0,0,0,,0,0,0,0,0
2013-11-06,2013,11,November,6,Wednesday,2,45,4,0,Autumn,,,0,0,0,0,,0,0,0,0,0
2013-11-07,2013,11,November,7,Thursday,3,45,4,0,Autumn,,,0,0,0,0,,0,0,0,0,0
2013-11-08,2013,11,November,8,Friday,4,45,4,0,Autumn,,,0,0,0,0,,0,0,0,0,0
2013-11-09,2013,11,November,9,Saturday,5,45,4,1,Autumn,,,0,0,0,0,,0,0,0,0,1
2013-11-10,2013,11,November,10,Sunday,6,45,4,1,Autumn,,,0,0,0,0,,0,0,0,0,1
2013-11-11,2013,11,November,11,Monday,0,46,4,0,Autumn,,,0,0,0,0,,0,0,0,0,0
2013-11-12,2013,11,November,12,Tuesday,1,46,4,0,Autumn,,,0,0,0,0,,0,0,0,0,0
2013-11-13,2013,11,November,13,Wednesday,2,46,4,0,Autumn,,,0,0,0,0,,0,0,0,0,0
2013-11-14,2013,11,November,14,Thursday,3,46,4,0,Autumn,,,0,0,0,0,,0,0,0,0,0
2013-11-15,2013,11,November,15,Friday,4,46,4,0,Autumn,,,0,0,0,0,,0,0,0,0,0
2013-11-16,2013,11,November,16,Saturday,5,46,4,1,Autumn,,,0,0,0,0,,0,0,0,0,1
2013-11-17,2013,11,November,17,Sunday,6,46,4,1,Autumn,,,0,0,0,0,,0,0,0,0,1
2013-11-18,2013,11,November,18,Monday,0,47,4,0,Autumn,,,0,0,0,0,,0,0,0,0,0
2013-11-19,2013,11,November,19,Tuesday,1,47,4,0,Autumn,,,0,0,0,0,,0,0,0,0,0
2013-11-20,2013,11,November,20,Wednesday,2,47,4,0,Autumn,,,0,0,0,0,,0,0,0,0,0
2013-11-21,2013,11,November,21,Thursday,3,47,4,0,Autumn,,,0,0,0,0,,0,0,0,0,0
2013-11-22,2013,11,November,22,Friday,4,47,4,0,Autumn,,,0,0,0,0,,0,0,0,0,0
2013-11-23,2013,11,November,23,Saturday,5,47,4,1,Autumn,,,0,0,0,0,,0,0,0,0,1
2013-11-24,2013,11,November,24,Sunday,6,47,4,1,Autumn,,,0,0,0,0,,0,0,0,0,1
2013-11-25,2013,11,November,25,Monday,0,48,4,0,Autumn,,,0,0,0,0,,0,0,0,0,0
2013-11-26,2013,11,November,26,Tuesday,1,48,4,0,Autumn,,,0,0,0,0,,0,0,0,0,0
2013-11-27,2013,11,November,27,Wednesday,2,48,4,0,Autumn,,,0,0,0,0,,0,0,0,0,0
2013-11-28,2013,11,November,28,Thursday,3,48,4,0,Autumn,,,0,0,0,0,,0,0,0,0,0
2013-11-29,2013,11,November,29,Friday,4,48,4,0,Autumn,,,0,0,0,0,,0,0,0,0,0
2013-11-30,2013,11,November,30,Saturday,5,48,4,1,Autumn,,,0,0,0,0,,0,0,0,0,1
2013-12-01,2013,12,December,1,Sunday,6,48,4,1,Winter,,,0,0,0,0,,0,0,0,0,1
2013-12-02,2013,12,December,2,Monday,0,49,4,0,Winter,,,0,0,0,0,,0,0,0,0,0
2013-12-03,2013,12,December,3,Tuesday,1,49,4,0,Winter,,,0,0,0,0,,0,0,0,0,0
2013-12-04,2013,12,December,4,Wednesday,2,49,4,0,Winter,,,0,0,0,0,,0,0,0,0,0
2013-12-05,2013,12,December,5,Thursday,3,49,4,0,Winter,,,0,0,0,0,,0,0,0,0,0
2013-12-06,2013,12,December,6,Friday,4,49,4,0,Winter,,,0,0,0,0,,0,0,0,0,0
2013-12-07,2013,12,December,7,Saturday,5,49,4,1,Winter,,,0,0,0,0,,0,0,0,0,1
2013-12-08,2013,12,December,8,Sunday,6,49,4,1,Winter,,,0,0,0,0,,0,0,0,0,1
2013-12-09,2013,12,December,9,Monday,0,50,4,0,Winter,,,0,0,0,0,,0,0,0,0,0
2013-12-10,2013,12,December,10,Tuesday,1,50,4,0,Winter,,,0,0,0,0,,0,0,0,0,0
2013-12-11,2013,12,December,11,Wednesday,2,50,4,0,Winter,,,0,0,0,0,,0,0,0,0,0
2013-12-12,2013,12,December,12,Thursday,3,50,4,0,Winter,,,0,0,0,0,,0,0,0,0,0
2013-12-13,2013,12,December,13,Friday,4,50,4,0,Winter,,,0,0,0,0,,0,0,0,0,0
2013-12-14,2013,12,December,14,Saturday,5,50,4,1,Winter,,,0,0,0,0,,0,0,0,0,1
2013-12-15,2013,12,December,15,Sunday,6,50,4,1,Winter,,,0,0,0,0,,0,0,0,0,1
2013-12-16,2013,12,December,16,Monday,0,51,4,0,Winter,,,0,0,0,0,,0,0,0,0,0
2013-12-17,2013,12,December,17,Tuesday,1,51,4,0,Winter,,,0,0,0,0,,0,0,0,0,0
2013-12-18,2013,12,December,18,Wednesday,2,51,4,0,Winter,,,0,0,0,0,,0,0,0,0,0
2013-12-19,2013,12,December,19,Thursday,3,51,4,0,Winter,,,0,0,0,0,,0,0,0,0,0
2013-12-20,2013,12,December,20,Friday,4,51,4,0,Winter,,,0,0,0,0,,0,0,0,0,0
2013-12-21,2013,12,December,21,Saturday,5,51,4,1,Winter,,,0,0,0,0,,0,0,0,0,1
2013-12-22,2013,12,December,22,Sunday,6,51,4,1,Winter,,,0,0,0,0,,0,0,0,0,1
2013-12-23,2013,12,December,23,Monday,0,52,4,0,Winter,,,0,0,0,0,,0,0,0,0,0
2013-12-24,2013,12,December,24,Tuesday,1,52,4,0,Winter,,,0,0,0,0,,0,0,0,0,0
2013-12-25,2013,12,December,25,Wednesday,2,52,4,0,Winter,,,0,0,1,0,,0,0,0,0,1
2013-12-26,2013,12,December,26,Thursday,3,52,4,0,Winter,,,0,0,1,0,,0,0,0,0,1
2013-12-27,2013,12,December,27,Friday,4,52,4,0,Winter,,,0,0,0,0,,0,0,0,0,0
2013-12-28,2013,12,December,28,Saturday,5,52,4,1,Winter,,,0,0,0,0,,0,0,0,0,1
2013-12-29,2013,12,December,29,Sunday,6,52,4,1,Winter,,,0,0,0,0,,0,0,0,0,1
2013-12-30,2013,12,December,30,Monday,0,1,4,0,Winter,,,0,0,0,0,,0,0,0,0,0
2013-12-31,2013,12,December,31,Tuesday,1,1,4,0,Winter,,,0,0,0,0,,0,0,0,0,0
2014-01-01,2014,1,January,1,Wednesday,2,1,1,0,Winter,,,0,0,1,0,,0,0,0,0,1
2014-01-02,2014,1,January,2,Thursday,3,1,1,0,Winter,,,0,0,0,0,,0,0,0,0,0
2014-01-03,2014,1,January,3,Friday,4,1,1,0,Winter,,,0,0,0,0,,0,0,0,0,0
2014-01-04,2014,1,January,4,Saturday,5,1,1,1,Winter,,,0,0,0,0,,0,0,0,0,1
2014-01-05,2014,1,January,5,Sunday,6,1,1,1,Winter,,,0,0,0,0,,0,0,0,0,1
2014-01-06,2014,1,January,6,Monday,0,2,1,0,Winter,,,0,0,0,0,,0,0,0,0,0
2014-01-07,2014,1,January,7,Tuesday,1,2,1,0,Winter,,,0,0,0,0,,0,0,0,0,0
2014-01-08,2014,1,January,8,Wednesday,2,2,1,0,Winter,,,0,0,0,0,,0,0,0,0,0
2014-01-09,2014,1,January,9,Thursday,3,2,1,0,Winter,,,0,0,0,0,,0,0,0,0,0
2014-01-10,2014,1,January,10,Friday,4,2,1,0,Winter,,,0,0,0,0,,0,0,0,0,0
2014-01-11,2014,1,January,11,Saturday,5,2,1,1,Winter,,,0,0,0,0,,0,0,0,0,1
2014-01-12,2014,1,January,12,Sunday,6,2,1,1,Winter,,,0,0,0,0,,0,0,0,0,1
2014-01-13,2014,1,January,13,Monday,0,3,1,0,Winter,,,0,0,0,0,,0,0,0,0,0
2014-01-14,2014,1,January,14,Tuesday,1,3,1,0,Winter,,,0,0,0,0,,0,0,0,0,0
2014-01-15,2014,1,January,15,Wednesday,2,3,1,0,Winter,,,0,0,0,0,,0,0,0,0,0
2014-01-16,2014,1,January,16,Thursday,3,3,1,0,Winter,,,0,0,0,0,,0,0,0,0,0
2014-01-17,2014,1,January,17,Friday,4,3,1,0,Winter,,,0,0,0,0,,0,0,0,0,0
2014-01-18,2014,1,January,18,Saturday,5,3,1,1,Winter,,,0,0,0,0,,0,0,0,0,1
2014-01-19,2014,1,January,19,Sunday,6,3,1,1,Winter,,,0,0,0,0,,0,0,0,0,1
2014-01-20,2014,1,January,20,Monday,0,4,1,0,Winter,,,0,0,0,0,,0,0,0,0,0
2014-01-21,2014,1,January,21,Tuesday,1,4,1,0,Winter,,,0,0,0,0,,0,0,0,0,0
2014-01-22,2014,1,January,22,Wednesday,2,4,1,0,Winter,,,0,0,0,0,,0,0,0,0,0
2014-01-23,2014,1,January,23,Thursday,3,4,1,0,Winter,,,0,0,0,0,,0,0,0,0,0
2014-01-24,2014,1,January,24,Friday,4,4,1,0,Winter,,,0,0,0,0,,0,0,0,0,0
2014-01-25,2014,1,January,25,Saturday,5,4,1,1,Winter,,,0,0,0,0,,0,0,0,0,1
2014-01-26,2014,1,January,26,Sunday,6,4,1,1,Winter,,,0,0,0,0,,0,0,0,0,1
2014-01-27,2014,1,January,27,Monday,0,5,1,0,Winter,,,0,0,0,0,,0,0,0,0,0
2014-01-28,2014,1,January,28,Tuesday,1,5,1,0,Winter,,,0,0,0,0,,0,0,0,0,0
2014-01-29,2014,1,January,29,Wednesday,2,5,1,0,Winter,,,0,0,0,0,,0,0,0,0,0
2014-01-30,2014,1,January,30,Thursday,3,5,1,0,Winter,,,0,0,0,0,,0,0,0,0,0
2014-01-31,2014,1,January,31,Friday,4,5,1,0,Winter,,,0,0,0,0,,0,0,0,0,0
2014-02-01,2014,2,February,1,Saturday,5,5,1,1,Winter,,,0,0,0,0,,0,0,0,0,1
2014-02-02,2014,2,February,2,Sunday,6,5,1,1,Winter,,,0,0,0,0,,0,0,0,0,1
2014-02-03,2014,2,February,3,Monday,0,6,1,0,Winter,,,0,0,0,0,,0,0,0,0,0
2014-02-04,2014,2,February,4,Tuesday,1,6,1,0,Winter,,,0,0,0,0,,0,0,0,0,0
2014-02-05,2014,2,February,5,Wednesday,2,6,1,0,Winter,,,0,0,0,0,,0,0,0,0,0
2014-02-06,2014,2,February,6,Thursday,3,6,1,0,Winter,,,0,0,0,0,,0,0,0,0,0
2014-02-07,2014,2,February,7,Friday,4,6,1,0,Winter,,,0,0,0,0,,0,0,0,0,0
2014-02-08,2014,2,February,8,Saturday,5,6,1,1,Winter,,,0,0,0,0,,0,0,0,0,1
2014-02-09,2014,2,February,9,Sunday,6,6,1,1,Winter,,,0,0,0,0,,0,0,0,0,1
2014-02-10,2014,2,February,10,Monday,0,7,1,0,Winter,,,0,0,0,0,,0,0,0,0,0
2014-02-11,2014,2,February,11,Tuesday,1,7,1,0,Winter,,,0,0,0,0,,0,0,0,0,0
2014-02-12,2014,2,February,12,Wednesday,2,7,1,0,Winter,,,0,0,0,0,,0,0,0,0,0
2014-02-13,2014,2,February,13,Thursday,3,7,1,0,Winter,,,0,0,0,0,,0,0,0,0,0
2014-02-14,2014,2,February,14,Friday,4,7,1,0,Winter,,,0,0,0,0,,0,0,0,0,0
2014-02-15,2014,2,February,15,Saturday,5,7,1,1,Winter,,,0,0,0,0,,0,0,0,0,1
2014-02-16,2014,2,February,16,Sunday,6,7,1,1,Winter,,,0,0,0,0,,0,0,0,0,1
2014-02-17,2014,2,February,17,Monday,0,8,1,0,Winter,,,0,0,0,0,,0,0,0,0,0
2014-02-18,2014,2,February,18,Tuesday,1,8,1,0,Winter,,,0,0,0,0,,0,0,0,0,0
2014-02-19,2014,2,February,19,Wednesday,2,8,1,0,Winter,,,0,0,0,0,,0,0,0,0,0
2014-02-20,2014,2,February,20,Thursday,3,8,1,0,Winter,,,0,0,0,0,,0,0,0,0,0
2014-02-21,2014,2,February,21,Friday,4,8,1,0,Winter,,,0,0,0,0,,0,0,0,0,0
2014-02-22,2014,2,February,22,Saturday,5,8,1,1,Winter,,,0,0,0,0,,0,0,0,0,1
2014-02-23,2014,2,February,23,Sunday,6,8,1,1,Winter,,,0,0,0,0,,0,0,0,0,1
2014-02-24,2014,2,February,24,Monday,0,9,1,0,Winter,,,0,0,0,0,,0,0,0,0,0
2014-02-25,2014,2,February,25,Tuesday,1,9,1,0,Winter,,,0,0,0,0,,0,0,0,0,0
2014-02-26,2014,2,February,26,Wednesday,2,9,1,0,Winter,,,0,0,0,0,,0,0,0,0,0
2014-02-27,2014,2,February,27,Thursday,3,9,1,0,Winter,,,0,0,0,0,,0,0,0,0,0
2014-02-28,2014,2,February,28,Friday,4,9,1,0,Winter,,,0,0,0,0,,0,0,0,0,0
2014-03-01,2014,3,March,1,Saturday,5,9,1,1,Spring,,,0,0,0,0,,0,0,0,0,1
2014-03-02,2014,3,March,2,Sunday,6,9,1,1,Spring,,,0,0,0,0,,0,0,0,0,1
2014-03-03,2014,3,March,3,Monday,0,10,1,0,Spring,,,0,0,0,0,,0,0,0,0,0
2014-03-04,2014,3,March,4,Tuesday,1,10,1,0,Spring,,,0,0,0,0,,0,0,0,0,0
2014-03-05,2014,3,March,5,Wednesday,2,10,1,0,Spring,,,0,0,0,0,,0,0,0,0,0
2014-03-06,2014,3,March,6,Thursday,3,10,1,0,Spring,,,0,0,0,0,,0,0,0,0,0
2014-03-07,2014,3,March,7,Friday,4,10,1,0,Spring,,,0,0,0,0,,0,0,0,0,0
2014-03-08,2014,3,March,8,Saturday,5,10,1,1,Spring,,,0,0,0,0,,0,0,0,0,1
2014-03-09,2014,3,March,9,Sunday,6,10,1,1,Spring,,,0,0,0,0,,0,0,0,0,1
2014-03-10,2014,3,March,10,Monday,0,11,1,0,Spring,,,0,0,0,0,,0,0,0,0,0
2014-03-11,2014,3,March,11,Tuesday,1,11,1,0,Spring,,,0,0,0,0,,0,0,0,0,0
2014-03-12,2014,3,March,12,Wednesday,2,11,1,0,Spring,,,0,0,0,0,,0,0,0,0,0
2014-03-13,2014,3,March,13,Thursday,3,11,1,0,Spring,,,0,0,0,0,,0,0,0,0,0
2014-03-14,2014,3,March,14,Friday,4,11,1,0,Spring,,,0,0,0,0,,0,0,0,0,0
2014-03-15,2014,3,March,15,Saturday,5,11,1,1,Spring,,,0,0,0,0,,0,0,0,0,1
2014-03-16,2014,3,March,16,Sunday,6,11,1,1,Spring,,,0,0,0,0,,0,0,0,0,1
2014-03-17,2014,3,March,17,Monday,0,12,1,0,Spring,,,0,0,0,0,,0,0,0,0,0
2014-03-18,2014,3,March,18,Tuesday,1,12,1,0,Spring,,,0,0,0,0,,0,0,0,0,0
2014-03-19,2014,3,March,19,Wednesday,2,12,1,0,Spring,,,0,0,0,0,,0,0,0,0,0
2014-03-20,2014,3,March,20,Thursday,3,12,1,0,Spring,,,0,0,0,0,,0,0,0,0,0
2014-03-21,2014,3,March,21,Friday,4,12,1,0,Spring,,,0,0,0,0,,0,0,0,0,0
2014-03-22,2014,3,March,22,Saturday,5,12,1,1,Spring,,,0,0,0,0,,0,0,0,0,1
2014-03-23,2014,3,March,23,Sunday,6,12,1,1,Spring,,,0,0,0,0,,0,0,0,0,1
2014-03-24,2014,3,March,24,Monday,0,13,1,0,Spring,,,0,0,0,0,,0,0,0,0,0
2014-03-25,2014,3,March,25,Tuesday,1,13,1,0,Spring,,,0,0,0,0,,0,0,0,0,0
2014-03-26,2014,3,March,26,Wednesday,2,13,1,0,Spring,,,0,0,0,0,,0,0,0,0,0
2014-03-27,2014,3,March,27,Thursday,3,13,1,0,Spring,,,0,0,0,0,,0,0,0,0,0
2014-03-28,2014,3,March,28,Friday,4,13,1,0,Spring,,,0,0,0,0,,0,0,0,0,0
2014-03-29,2014,3,March,29,Saturday,5,13,1,1,Spring,,,0,0,0,0,,0,0,0,0,1
2014-03-30,2014,3,March,30,Sunday,6,13,1,1,Spring,,,0,0,0,0,,0,0,0,0,1
2014-03-31,2014,3,March,31,Monday,0,14,1,0,Spring,,,0,0,0,0,,0,0,0,0,0
2014-04-01,2014,4,April,1,Tuesday,1,14,2,0,Spring,,,0,0,0,0,,0,0,0,0,0
2014-04-02,2014,4,April,2,Wednesday,2,14,2,0,Spring,,,0,0,0,0,,0,0,0,0,0
2014-04-03,2014,4,April,3,Thursday,3,14,2,0,Spring,,,0,0,0,0,,0,0,0,0,0
2014-04-04,2014,4,April,4,Friday,4,14,2,0,Spring,,,0,0,0,0,,0,0,0,0,0
2014-04-05,2014,4,April,5,Saturday,5,14,2,1,Spring,,,0,0,0,0,,0,0,0,0,1
2014-04-06,2014,4,April,6,Sunday,6,14,2,1,Spring,,,0,0,0,0,,0,0,0,0,1
2014-04-07,2014,4,April,7,Monday,0,15,2,0,Spring,,,0,0,0,0,,0,0,0,0,0
2014-04-08,2014,4,April,8,Tuesday,1,15,2,0,Spring,,,0,0,0,0,,0,0,0,0,0
2014-04-09,2014,4,April,9,Wednesday,2,15,2,0,Spring,,,0,0,0,0,,0,0,0,0,0
2014-04-10,2014,4,April,10,Thursday,3,15,2,0,Spring,,,0,0,0,0,,0,0,0,0,0
2014-04-11,2014,4,April,11,Friday,4,15,2,0,Spring,,,0,0,0,0,,0,0,0,0,0
2014-04-12,2014,4,April,12,Saturday,5,15,2,1,Spring,,,0,0,0,0,,0,0,0,0,1
2014-04-13,2014,4,April,13,Sunday,6,15,2,1,Spring,,,0,0,0,0,,0,0,0,0,1
2014-04-14,2014,4,April,14,Monday,0,16,2,0,Spring,,,0,0,0,0,,0,0,0,0,0
2014-04-15,2014,4,April,15,Tuesday,1,16,2,0,Spring,,,0,0,0,0,,0,0,0,0,0
2014-04-16,2014,4,April,16,Wednesday,2,16,2,0,Spring,,,0,0,0,0,,0,0,0,0,0
2014-04-17,2014,4,April,17,Thursday,3,16,2,0,Spring,,,0,0,0,0,,0,0,0,0,0
2014-04-18,2014,4,April,18,Friday,4,16,2,0,Spring,,,0,0,1,0,,0,0,0,0,1
2014-04-19,2014,4,April,19,Saturday,5,16,2,1,Spring,,,0,0,0,0,,0,0,0,0,1
2014-04-20,2014,4,April,20,Sunday,6,16,2,1,Spring,,,0,0,0,0,,0,0,0,0,1
2014-04-21,2014,4,April,21,Monday,0,17,2,0,Spring,,,0,0,1,0,,0,0,0,0,1
2014-04-22,2014,4,April,22,Tuesday,1,17,2,0,Spring,,,0,0,0,0,,0,0,0,0,0
2014-04-23,2014,4,April,23,Wednesday,2,17,2,0,Spring,,,0,0,0,0,,0,0,0,0,0
2014-04-24,2014,4,April,24,Thursday,3,17,2,0,Spring,,,0,0,0,0,,0,0,0,0,0
2014-04-25,2014,4,April,25,Friday,4,17,2,0,Spring,,,0,0,0,0,,0,0,0,0,0
2014-04-26,2014,4,April,26,Saturday,5,17,2,1,Spring,,,0,0,0,0,,0,0,0,0,1
2014-04-27,2014,4,April,27,Sunday,6,17,2,1,Spring,,,0,0,0,0,,0,0,0,0,1
2014-04-28,2014,4,April,28,Monday,0,18,2,0,Spring,,,0,0,0,0,,0,0,0,0,0
2014-04-29,2014,4,April,29,Tuesday,1,18,2,0,Spring,,,0,0,0,0,,0,0,0,0,0
2014-04-30,2014,4,April,30,Wednesday,2,18,2,0,Spring,,,0,0,0,0,,0,0,0,0,0
2014-05-01,2014,5,May,1,Thursday,3,18,2,0,Spring,,,0,0,0,0,,0,0,0,0,0
2014-05-02,2014,5,May,2,Friday,4,18,2,0,Spring,,,0,0,0,0,,0,0,0,0,0
2014-05-03,2014,5,May,3,Saturday,5,18,2,1,Spring,,,0,0,0,0,,0,0,0,0,1
2014-05-04,2014,5,May,4,Sunday,6,18,2,1,Spring,,,0,0,0,0,,0,0,0,0,1
2014-05-05,2014,5,May,5,Monday,0,19,2,0,Spring,,,0,0,1,0,,0,0,0,0,1
2014-05-06,2014,5,May,6,Tuesday,1,19,2,0,Spring,,,0,0,0,0,,0,0,0,0,0
2014-05-07,2014,5,May,7,Wednesday,2,19,2,0,Spring,,,0,0,0,0,,0,0,0,0,0
2014-05-08,2014,5,May,8,Thursday,3,19,2,0,Spring,,,0,0,0,0,,0,0,0,0,0
2014-05-09,2014,5,May,9,Friday,4,19,2,0,Spring,,,0,0,0,0,,0,0,0,0,0
2014-05-10,2014,5,May,10,Saturday,5,19,2,1,Spring,,,0,0,0,0,,0,0,0,0,1
2014-05-11,2014,5,May,11,Sunday,6,19,2,1,Spring,,,0,0,0,0,,0,0,0,0,1
2014-05-12,2014,5,May,12,Monday,0,20,2,0,Spring,,,0,0,0,0,,0,0,0,0,0
2014-05-13,2014,5,May,13,Tuesday,1,20,2,0,Spring,,,0,0,0,0,,0,0,0,0,0
2014-05-14,2014,5,May,14,Wednesday,2,20,2,0,Spring,,,0,0,0,0,,0,0,0,0,0
2014-05-15,2014,5,May,15,Thursday,3,20,2,0,Spring,,,0,0,0,0,,0,0,0,0,0
2014-05-16,2014,5,May,16,Friday,4,20,2,0,Spring,,,0,0,0,0,,0,0,0,0,0
2014-05-17,2014,5,May,17,Saturday,5,20,2,1,Spring,,,0,0,0,0,,0,0,0,0,1
2014-05-18,2014,5,May,18,Sunday,6,20,2,1,Spring,,,0,0,0,0,,0,0,0,0,1
2014-05-19,2014,5,May,19,Monday,0,21,2,0,Spring,,,0,0,0,0,,0,0,0,0,0
2014-05-20,2014,5,May,20,Tuesday,1,21,2,0,Spring,,,0,0,0,0,,0,0,0,0,0
2014-05-21,2014,5,May,21,Wednesday,2,21,2,0,Spring,,,0,0,0,0,,0,0,0,0,0
2014-05-22,2014,5,May,22,Thursday,3,21,2,0,Spring,,,0,0,0,0,,0,0,0,0,0
2014-05-23,2014,5,May,23,Friday,4,21,2,0,Spring,,,0,0,0,0,,0,0,0,0,0
2014-05-24,2014,5,May,24,Saturday,5,21,2,1,Spring,,,0,0,0,0,,0,0,0,0,1
2014-05-25,2014,5,May,25,Sunday,6,21,2,1,Spring,,,0,0,0,0,,0,0,0,0,1
2014-05-26,2014,5,May,26,Monday,0,22,2,0,Spring,,,0,0,1,0,,0,0,0,0,1
2014-05-27,2014,5,May,27,Tuesday,1,22,2,0,Spring,,,0,0,0,0,,0,0,0,0,0
2014-05-28,2014,5,May,28,Wednesday,2,22,2,0,Spring,,,0,0,0,0,,0,0,0,0,0
2014-05-29,2014,5,May,29,Thursday,3,22,2,0,Spring,,,0,0,0,0,,0,0,0,0,0
2014-05-30,2014,5,May,30,Friday,4,22,2,0,Spring,,,0,0,0,0,,0,0,0,0,0
2014-05-31,2014,5,May,31,Saturday,5,22,2,1,Spring,,,0,0,0,0,,0,0,0,0,1
2014-06-01,2014,6,June,1,Sunday,6,22,2,1,Summer,,,0,0,0,0,,0,0,0,0,1
2014-06-02,2014,6,June,2,Monday,0,23,2,0,Summer,,,0,0,0,0,,0,0,0,0,0
2014-06-03,2014,6,June,3,Tuesday,1,23,2,0,Summer,,,0,0,0,0,,0,0,0,0,0
2014-06-04,2014,6,June,4,Wednesday,2,23,2,0,Summer,,,0,0,0,0,,0,0,0,0,0
2014-06-05,2014,6,June,5,Thursday,3,23,2,0,Summer,,,0,0,0,0,,0,0,0,0,0
2014-06-06,2014,6,June,6,Friday,4,23,2,0,Summer,,,0,0,0,0,,0,0,0,0,0
2014-06-07,2014,6,June,7,Saturday,5,23,2,1,Summer,,,0,0,0,0,,0,0,0,0,1
2014-06-08,2014,6,June,8,Sunday,6,23,2,1,Summer,,,0,0,0,0,,0,0,0,0,1
2014-06-09,2014,6,June,9,Monday,0,24,2,0,Summer,,,0,0,0,0,,0,0,0,0,0
2014-06-10,2014,6,June,10,Tuesday,1,24,2,0,Summer,,,0,0,0,0,,0,0,0,0,0
2014-06-11,2014,6,June,11,Wednesday,2,24,2,0,Summer,,,0,0,0,0,,0,0,0,0,0
2014-06-12,2014,6,June,12,Thursday,3,24,2,0,Summer,,,0,0,0,0,,0,0,0,0,0
2014-06-13,2014,6,June,13,Friday,4,24,2,0,Summer,,,0,0,0,0,,0,0,0,0,0
2014-06-14,2014,6,June,14,Saturday,5,24,2,1,Summer,,,0,0,0,0,,0,0,0,0,1
2014-06-15,2014,6,June,15,Sunday,6,24,2,1,Summer,,,0,0,0,0,,0,0,0,0,1
2014-06-16,2014,6,June,16,Monday,0,25,2,0,Summer,,,0,0,0,0,,0,0,0,0,0
2014-06-17,2014,6,June,17,Tuesday,1,25,2,0,Summer,,,0,0,0,0,,0,0,0,0,0
2014-06-18,2014,6,June,18,Wednesday,2,25,2,0,Summer,,,0,0,0,0,,0,0,0,0,0
2014-06-19,2014,6,June,19,Thursday,3,25,2,0,Summer,,,0,0,0,0,,0,0,0,0,0
2014-06-20,2014,6,June,20,Friday,4,25,2,0,Summer,,,0,0,0,0,,0,0,0,0,0
2014-06-21,2014,6,June,21,Saturday,5,25,2,1,Summer,,,0,0,0,0,,0,0,0,0,1
2014-06-22,2014,6,June,22,Sunday,6,25,2,1,Summer,,,0,0,0,0,,0,0,0,0,1
2014-06-23,2014,6,June,23,Monday,0,26,2,0,Summer,,,0,0,0,0,,0,0,0,0,0
2014-06-24,2014,6,June,24,Tuesday,1,26,2,0,Summer,,,0,0,0,0,,0,0,0,0,0
2014-06-25,2014,6,June,25,Wednesday,2,26,2,0,Summer,,,0,0,0,0,,0,0,0,0,0
2014-06-26,2014,6,June,26,Thursday,3,26,2,0,Summer,,,0,0,0,0,,0,0,0,0,0
2014-06-27,2014,6,June,27,Friday,4,26,2,0,Summer,,,0,0,0,0,,0,0,0,0,0
2014-06-28,2014,6,June,28,Saturday,5,26,2,1,Summer,,,0,0,0,0,,0,0,0,0,1
2014-06-29,2014,6,June,29,Sunday,6,26,2,1,Summer,,,0,0,0,0,,0,0,0,0,1
2014-06-30,2014,6,June,30,Monday,0,27,2,0,Summer,,,0,0,0,0,,0,0,0,0,0
2014-07-01,2014,7,July,1,Tuesday,1,27,3,0,Summer,,,0,0,0,0,,0,0,0,0,0
2014-07-02,2014,7,July,2,Wednesday,2,27,3,0,Summer,,,0,0,0,0,,0,0,0,0,0
2014-07-03,2014,7,July,3,Thursday,3,27,3,0,Summer,,,0,0,0,0,,0,0,0,0,0
2014-07-04,2014,7,July,4,Friday,4,27,3,0,Summer,,,0,0,0,0,,0,0,0,0,0
2014-07-05,2014,7,July,5,Saturday,5,27,3,1,Summer,,,0,0,0,0,,0,0,0,0,1
2014-07-06,2014,7,July,6,Sunday,6,27,3,1,Summer,,,0,0,0,0,,0,0,0,0,1
2014-07-07,2014,7,July,7,Monday,0,28,3,0,Summer,,,0,0,0,0,,0,0,0,0,0
2014-07-08,2014,7,July,8,Tuesday,1,28,3,0,Summer,,,0,0,0,0,,0,0,0,0,0
2014-07-09,2014,7,July,9,Wednesday,2,28,3,0,Summer,,,0,0,0,0,,0,0,0,0,0
2014-07-10,2014,7,July,10,Thursday,3,28,3,0,Summer,,,0,0,0,0,,0,0,0,0,0
2014-07-11,2014,7,July,11,Friday,4,28,3,0,Summer,,,0,0,0,0,,0,0,0,0,0
2014-07-12,2014,7,July,12,Saturday,5,28,3,1,Summer,,,0,0,0,0,,0,0,0,0,1
2014-07-13,2014,7,July,13,Sunday,6,28,3,1,Summer,,,0,0,0,0,,0,0,0,0,1
2014-07-14,2014,7,July,14,Monday,0,29,3,0,Summer,,,0,0,0,0,,0,0,0,0,0
2014-07-15,2014,7,July,15,Tuesday,1,29,3,0,Summer,,,0,0,0,0,,0,0,0,0,0
2014-07-16,2014,7,July,16,Wednesday,2,29,3,0,Summer,,,0,0,0,0,,0,0,0,0,0
2014-07-17,2014,7,July,17,Thursday,3,29,3,0,Summer,,,0,0,0,0,,0,0,0,0,0
2014-07-18,2014,7,July,18,Friday,4,29,3,0,Summer,,,0,0,0,0,,0,0,0,0,0
2014-07-19,2014,7,July,19,Saturday,5,29,3,1,Summer,,,0,0,0,0,,0,0,0,0,1
2014-07-20,2014,7,July,20,Sunday,6,29,3,1,Summer,,,0,0,0,0,,0,0,0,0,1
2014-07-21,2014,7,July,21,Monday,0,30,3,0,Summer,,,0,0,0,0,,0,0,0,0,0
2014-07-22,2014,7,July,22,Tuesday,1,30,3,0,Summer,,,0,0,0,0,,0,0,0,0,0
2014-07-23,2014,7,July,23,Wednesday,2,30,3,0,Summer,,,0,0,0,0,,0,0,0,0,0
2014-07-24,2014,7,July,24,Thursday,3,30,3,0,Summer,,,0,0,0,0,,0,0,0,0,0
2014-07-25,2014,7,July,25,Friday,4,30,3,0,Summer,,,0,0,0,0,,0,0,0,0,0
2014-07-26,2014,7,July,26,Saturday,5,30,3,1,Summer,,,0,0,0,0,,0,0,0,0,1
2014-07-27,2014,7,July,27,Sunday,6,30,3,1,Summer,,,0,0,0,0,,0,0,0,0,1
2014-07-28,2014,7,July,28,Monday,0,31,3,0,Summer,,,0,0,0,0,,0,0,0,0,0
2014-07-29,2014,7,July,29,Tuesday,1,31,3,0,Summer,,,0,0,0,0,,0,0,0,0,0
2014-07-30,2014,7,July,30,Wednesday,2,31,3,0,Summer,,,0,0,0,0,,0,0,0,0,0
2014-07-31,2014,7,July,31,Thursday,3,31,3,0,Summer,,,0,0,0,0,,0,0,0,0,0
2014-08-01,2014,8,August,1,Friday,4,31,3,0,Summer,,,0,0,0,0,,0,0,0,0,0
2014-08-02,2014,8,August,2,Saturday,5,31,3,1,Summer,,,0,0,0,0,,0,0,0,0,1
2014-08-03,2014,8,August,3,Sunday,6,31,3,1,Summer,,,0,0,0,0,,0,0,0,0,1
2014-08-04,2014,8,August,4,Monday,0,32,3,0,Summer,,,0,0,0,0,,0,0,0,0,0
2014-08-05,2014,8,August,5,Tuesday,1,32,3,0,Summer,,,0,0,0,0,,0,0,0,0,0
2014-08-06,2014,8,August,6,Wednesday,2,32,3,0,Summer,,,0,0,0,0,,0,0,0,0,0
2014-08-07,2014,8,August,7,Thursday,3,32,3,0,Summer,,,0,0,0,0,,0,0,0,0,0
2014-08-08,2014,8,August,8,Friday,4,32,3,0,Summer,,,0,0,0,0,,0,0,0,0,0
2014-08-09,2014,8,August,9,Saturday,5,32,3,1,Summer,,,0,0,0,0,,0,0,0,0,1
2014-08-10,2014,8,August,10,Sunday,6,32,3,1,Summer,,,0,0,0,0,,0,0,0,0,1
2014-08-11,2014,8,August,11,Monday,0,33,3,0,Summer,,,0,0,0,0,,0,0,0,0,0
2014-08-12,2014,8,August,12,Tuesday,1,33,3,0,Summer,,,0,0,0,0,,0,0,0,0,0
2014-08-13,2014,8,August,13,Wednesday,2,33,3,0,Summer,,,0,0,0,0,,0,0,0,0,0
2014-08-14,2014,8,August,14,Thursday,3,33,3,0,Summer,,,0,0,0,0,,0,0,0,0,0
2014-08-15,2014,8,August,15,Friday,4,33,3,0,Summer,,,0,0,0,0,,0,0,0,0,0
2014-08-16,2014,8,August,16,Saturday,5,33,3,1,Summer,,,0,0,0,0,,0,0,0,0,1
2014-08-17,2014,8,August,17,Sunday,6,33,3,1,Summer,,,0,0,0,0,,0,0,0,0,1
2014-08-18,2014,8,August,18,Monday,0,34,3,0,Summer,,,0,0,0,0,,0,0,0,0,0
2014-08-19,2014,8,August,19,Tuesday,1,34,3,0,Summer,,,0,0,0,0,,0,0,0,0,0
2014-08-20,2014,8,August,20,Wednesday,2,34,3,0,Summer,,,0,0,0,0,,0,0,0,0,0
2014-08-21,2014,8,August,21,Thursday,3,34,3,0,Summer,,,0,0,0,0,,0,0,0,0,0
2014-08-22,2014,8,August,22,Friday,4,34,3,0,Summer,,,0,0,0,0,,0,0,0,0,0
2014-08-23,2014,8,August,23,Saturday,5,34,3,1,Summer,,,0,0,0,0,,0,0,0,0,1
2014-08-24,2014,8,August,24,Sunday,6,34,3,1,Summer,,,0,0,0,0,,0,0,0,0,1
2014-08-25,2014,8,August,25,Monday,0,35,3,0,Summer,,,0,0,1,0,,0,0,0,0,1
2014-08-26,2014,8,August,26,Tuesday,1,35,3,0,Summer,,,0,0,0,0,,0,0,0,0,0
2014-08-27,2014,8,August,27,Wednesday,2,35,3,0,Summer,,,0,0,0,0,,0,0,0,0,0
2014-08-28,2014,8,August,28,Thursday,3,35,3,0,Summer,,,0,0,0,0,,0,0,0,0,0
2014-08-29,2014,8,August,29,Friday,4,35,3,0,Summer,,,0,0,0,0,,0,0,0,0,0
2014-08-30,2014,8,August,30,Saturday,5,35,3,1,Summer,,,0,0,0,0,,0,0,0,0,1
2014-08-31,2014,8,August,31,Sunday,6,35,3,1,Summer,,,0,0,0,0,,0,0,0,0,1
2014-09-01,2014,9,September,1,Monday,0,36,3,0,Autumn,,,0,0,0,0,,0,0,0,0,0
2014-09-02,2014,9,September,2,Tuesday,1,36,3,0,Autumn,,,0,0,0,0,,0,0,0,0,0
2014-09-03,2014,9,September,3,Wednesday,2,36,3,0,Autumn,,,0,0,0,0,,0,0,0,0,0
2014-09-04,2014,9,September,4,Thursday,3,36,3,0,Autumn,,,0,0,0,0,,0,0,0,0,0
2014-09-05,2014,9,September,5,Friday,4,36,3,0,Autumn,,,0,0,0,0,,0,0,0,0,0
2014-09-06,2014,9,September,6,Saturday,5,36,3,1,Autumn,,,0,0,0,0,,0,0,0,0,1
2014-09-07,2014,9,September,7,Sunday,6,36,3,1,Autumn,,,0,0,0,0,,0,0,0,0,1
2014-09-08,2014,9,September,8,Monday,0,37,3,0,Autumn,,,0,0,0,0,,0,0,0,0,0
2014-09-09,2014,9,September,9,Tuesday,1,37,3,0,Autumn,,,0,0,0,0,,0,0,0,0,0
2014-09-10,2014,9,September,10,Wednesday,2,37,3,0,Autumn,,,0,0,0,0,,0,0,0,0,0
2014-09-11,2014,9,September,11,Thursday,3,37,3,0,Autumn,,,0,0,0,0,,0,0,0,0,0
2014-09-12,2014,9,September,12,Friday,4,37,3,0,Autumn,,,0,0,0,0,,0,0,0,0,0
2014-09-13,2014,9,September,13,Saturday,5,37,3,1,Autumn,,,0,0,0,0,,0,0,0,0,1
2014-09-14,2014,9,September,14,Sunday,6,37,3,1,Autumn,,,0,0,0,0,,0,0,0,0,1
2014-09-15,2014,9,September,15,Monday,0,38,3,0,Autumn,,,0,0,0,0,,0,0,0,0,0
2014-09-16,2014,9,September,16,Tuesday,1,38,3,0,Autumn,,,0,0,0,0,,0,0,0,0,0
2014-09-17,2014,9,September,17,Wednesday,2,38,3,0,Autumn,,,0,0,0,0,,0,0,0,0,0
2014-09-18,2014,9,September,18,Thursday,3,38,3,0,Autumn,,,0,0,0,0,,0,0,0,0,0
2014-09-19,2014,9,September,19,Friday,4,38,3,0,Autumn,,,0,0,0,0,,0,0,0,0,0
2014-09-20,2014,9,September,20,Saturday,5,38,3,1,Autumn,,,0,0,0,0,,0,0,0,0,1
2014-09-21,2014,9,September,21,Sunday,6,38,3,1,Autumn,,,0,0,0,0,,0,0,0,0,1
2014-09-22,2014,9,September,22,Monday,0,39,3,0,Autumn,,,0,0,0,0,,0,0,0,0,0
2014-09-23,2014,9,September,23,Tuesday,1,39,3,0,Autumn,,,0,0,0,0,,0,0,0,0,0
2014-09-24,2014,9,September,24,Wednesday,2,39,3,0,Autumn,,,0,0,0,0,,0,0,0,0,0
2014-09-25,2014,9,September,25,Thursday,3,39,3,0,Autumn,,,0,0,0,0,,0,0,0,0,0
2014-09-26,2014,9,September,26,Friday,4,39,3,0,Autumn,,,0,0,0,0,,0,0,0,0,0
2014-09-27,2014,9,September,27,Saturday,5,39,3,1,Autumn,,,0,0,0,0,,0,0,0,0,1
2014-09-28,2014,9,September,28,Sunday,6,39,3,1,Autumn,,,0,0,0,0,,0,0,0,0,1
2014-09-29,2014,9,September,29,Monday,0,40,3,0,Autumn,,,0,0,0,0,,0,0,0,0,0
2014-09-30,2014,9,September,30,Tuesday,1,40,3,0,Autumn,,,0,0,0,0,,0,0,0,0,0
2014-10-01,2014,10,October,1,Wednesday,2,40,4,0,Autumn,,,0,0,0,0,,0,0,0,0,0
2014-10-02,2014,10,October,2,Thursday,3,40,4,0,Autumn,,,0,0,0,0,,0,0,0,0,0
2014-10-03,2014,10,October,3,Friday,4,40,4,0,Autumn,,,0,0,0,0,,0,0,0,0,0
2014-10-04,2014,10,October,4,Saturday,5,40,4,1,Autumn,,,0,0,0,0,,0,0,0,0,1
2014-10-05,2014,10,October,5,Sunday,6,40,4,1,Autumn,,,0,0,0,0,,0,0,0,0,1
2014-10-06,2014,10,October,6,Monday,0,41,4,0,Autumn,,,0,0,0,0,,0,0,0,0,0
2014-10-07,2014,10,October,7,Tuesday,1,41,4,0,Autumn,,,0,0,0,0,,0,0,0,0,0
2014-10-08,2014,10,October,8,Wednesday,2,41,4,0,Autumn,,,0,0,0,0,,0,0,0,0,0
2014-10-09,2014,10,October,9,Thursday,3,41,4,0,Autumn,,,0,0,0,0,,0,0,0,0,0
2014-10-10,2014,10,October,10,Friday,4,41,4,0,Autumn,,,0,0,0,0,,0,0,0,0,0
2014-10-11,2014,10,October,11,Saturday,5,41,4,1,Autumn,,,0,0,0,0,,0,0,0,0,1
2014-10-12,2014,10,October,12,Sunday,6,41,4,1,Autumn,,,0,0,0,0,,0,0,0,0,1
2014-10-13,2014,10,October,13,Monday,0,42,4,0,Autumn,,,0,0,0,0,,0,0,0,0,0
2014-10-14,2014,10,October,14,Tuesday,1,42,4,0,Autumn,,,0,0,0,0,,0,0,0,0,0
2014-10-15,2014,10,October,15,Wednesday,2,42,4,0,Autumn,,,0,0,0,0,,0,0,0,0,0
2014-10-16,2014,10,October,16,Thursday,3,42,4,0,Autumn,,,0,0,0,0,,0,0,0,0,0
2014-10-17,2014,10,October,17,Friday,4,42,4,0,Autumn,,,0,0,0,0,,0,0,0,0,0
2014-10-18,2014,10,October,18,Saturday,5,42,4,1,Autumn,,,0,0,0,0,,0,0,0,0,1
2014-10-19,2014,10,October,19,Sunday,6,42,4,1,Autumn,,,0,0,0,0,,0,0,0,0,1
2014-10-20,2014,10,October,20,Monday,0,43,4,0,Autumn,,,0,0,0,0,,0,0,0,0,0
2014-10-21,2014,10,October,21,Tuesday,1,43,4,0,Autumn,,,0,0,0,0,,0,0,0,0,0
2014-10-22,2014,10,October,22,Wednesday,2,43,4,0,Autumn,,,0,0,0,0,,0,0,0,0,0
2014-10-23,2014,10,October,23,Thursday,3,43,4,0,Autumn,,,0,0,0,0,,0,0,0,0,0
2014-10-24,2014,10,October,24,Friday,4,43,4,0,Autumn,,,0,0,0,0,,0,0,0,0,0
2014-10-25,2014,10,October,25,Saturday,5,43,4,1,Autumn,,,0,0,0,0,,0,0,0,0,1
2014-10-26,2014,10,October,26,Sunday,6,43,4,1,Autumn,,,0,0,0,0,,0,0,0,0,1
2014-10-27,2014,10,October,27,Monday,0,44,4,0,Autumn,,,0,0,0,0,,0,0,0,0,0
2014-10-28,2014,10,October,28,Tuesday,1,44,4,0,Autumn,,,0,0,0,0,,0,0,0,0,0
2014-10-29,2014,10,October,29,Wednesday,2,44,4,0,Autumn,,,0,0,0,0,,0,0,0,0,0
2014-10-30,2014,10,October,30,Thursday,3,44,4,0,Autumn,,,0,0,0,0,,0,0,0,0,0
2014-10-31,2014,10,October,31,Friday,4,44,4,0,Autumn,,,0,0,0,0,,0,0,0,0,0
2014-11-01,2014,11,November,1,Saturday,5,44,4,1,Autumn,,,0,0,0,0,,0,0,0,0,1
2014-11-02,2014,11,November,2,Sunday,6,44,4,1,Autumn,,,0,0,0,0,,0,0,0,0,1
2014-11-03,2014,11,November,3,Monday,0,45,4,0,Autumn,,,0,0,0,0,,0,0,0,0,0
2014-11-04,2014,11,November,4,Tuesday,1,45,4,0,Autumn,,,0,0,0,0,,0,0,0,0,0
2014-11-05,2014,11,November,5,Wednesday,2,45,4,0,Autumn,,,0,0,0,0,,0,0,0,0,0
2014-11-06,2014,11,November,6,Thursday,3,45,4,0,Autumn,,,0,0,0,0,,0,0,0,0,0
2014-11-07,2014,11,November,7,Friday,4,45,4,0,Autumn,,,0,0,0,0,,0,0,0,0,0
2014-11-08,2014,11,November,8,Saturday,5,45,4,1,Autumn,,,0,0,0,0,,0,0,0,0,1
2014-11-09,2014,11,November,9,Sunday,6,45,4,1,Autumn,,,0,0,0,0,,0,0,0,0,1
2014-11-10,2014,11,November,10,Monday,0,46,4,0,Autumn,,,0,0,0,0,,0,0,0,0,0
2014-11-11,2014,11,November,11,Tuesday,1,46,4,0,Autumn,,,0,0,0,0,,0,0,0,0,0
2014-11-12,2014,11,November,12,Wednesday,2,46,4,0,Autumn,,,0,0,0,0,,0,0,0,0,0
2014-11-13,2014,11,November,13,Thursday,3,46,4,0,Autumn,,,0,0,0,0,,0,0,0,0,0
2014-11-14,2014,11,November,14,Friday,4,46,4,0,Autumn,,,0,0,0,0,,0,0,0,0,0
2014-11-15,2014,11,November,15,Saturday,5,46,4,1,Autumn,,,0,0,0,0,,0,0,0,0,1
2014-11-16,2014,11,November,16,Sunday,6,46,4,1,Autumn,,,0,0,0,0,,0,0,0,0,1
2014-11-17,2014,11,November,17,Monday,0,47,4,0,Autumn,,,0,0,0,0,,0,0,0,0,0
2014-11-18,2014,11,November,18,Tuesday,1,47,4,0,Autumn,,,0,0,0,0,,0,0,0,0,0
2014-11-19,2014,11,November,19,Wednesday,2,47,4,0,Autumn,,,0,0,0,0,,0,0,0,0,0
2014-11-20,2014,11,November,20,Thursday,3,47,4,0,Autumn,,,0,0,0,0,,0,0,0,0,0
2014-11-21,2014,11,November,21,Friday,4,47,4,0,Autumn,,,0,0,0,0,,0,0,0,0,0
2014-11-22,2014,11,November,22,Saturday,5,47,4,1,Autumn,,,0,0,0,0,,0,0,0,0,1
2014-11-23,2014,11,November,23,Sunday,6,47,4,1,Autumn,,,0,0,0,0,,0,0,0,0,1
2014-11-24,2014,11,November,24,Monday,0,48,4,0,Autumn,,,0,0,0,0,,0,0,0,0,0
2014-11-25,2014,11,November,25,Tuesday,1,48,4,0,Autumn,,,0,0,0,0,,0,0,0,0,0
2014-11-26,2014,11,November,26,Wednesday,2,48,4,0,Autumn,,,0,0,0,0,,0,0,0,0,0
2014-11-27,2014,11,November,27,Thursday,3,48,4,0,Autumn,,,0,0,0,0,,0,0,0,0,0
2014-11-28,2014,11,November,28,Friday,4,48,4,0,Autumn,,,0,0,0,0,,0,0,0,0,0
2014-11-29,2014,11,November,29,Saturday,5,48,4,1,Autumn,,,0,0,0,0,,0,0,0,0,1
2014-11-30,2014,11,November,30,Sunday,6,48,4,1,Autumn,,,0,0,0,0,,0,0,0,0,1
2014-12-01,2014,12,December,1,Monday,0,49,4,0,Winter,,,0,0,0,0,,0,0,0,0,0
2014-12-02,2014,12,December,2,Tuesday,1,49,4,0,Winter,,,0,0,0,0,,0,0,0,0,0
2014-12-03,2014,12,December,3,Wednesday,2,49,4,0,Winter,,,0,0,0,0,,0,0,0,0,0
2014-12-04,2014,12,December,4,Thursday,3,49,4,0,Winter,,,0,0,0,0,,0,0,0,0,0
2014-12-05,2014,12,December,5,Friday,4,49,4,0,Winter,,,0,0,0,0,,0,0,0,0,0
2014-12-06,2014,12,December,6,Saturday,5,49,4,1,Winter,,,0,0,0,0,,0,0,0,0,1
2014-12-07,2014,12,December,7,Sunday,6,49,4,1,Winter,,,0,0,0,0,,0,0,0,0,1
2014-12-08,2014,12,December,8,Monday,0,50,4,0,Winter,,,0,0,0,0,,0,0,0,0,0
2014-12-09,2014,12,December,9,Tuesday,1,50,4,0,Winter,,,0,0,0,0,,0,0,0,0,0
2014-12-10,2014,12,December,10,Wednesday,2,50,4,0,Winter,,,0,0,0,0,,0,0,0,0,0
2014-12-11,2014,12,December,11,Thursday,3,50,4,0,Winter,,,0,0,0,0,,0,0,0,0,0
2014-12-12,2014,12,December,12,Friday,4,50,4,0,Winter,,,0,0,0,0,,0,0,0,0,0
2014-12-13,2014,12,December,13,Saturday,5,50,4,1,Winter,,,0,0,0,0,,0,0,0,0,1
2014-12-14,2014,12,December,14,Sunday,6,50,4,1,Winter,,,0,0,0,0,,0,0,0,0,1
2014-12-15,2014,12,December,15,Monday,0,51,4,0,Winter,,,0,0,0,0,,0,0,0,0,0
2014-12-16,2014,12,December,16,Tuesday,1,51,4,0,Winter,,,0,0,0,0,,0,0,0,0,0
2014-12-17,2014,12,December,17,Wednesday,2,51,4,0,Winter,,,0,0,0,0,,0,0,0,0,0
2014-12-18,2014,12,December,18,Thursday,3,51,4,0,Winter,,,0,0,0,0,,0,0,0,0,0
2014-12-19,2014,12,December,19,Friday,4,51,4,0,Winter,,,0,0,0,0,,0,0,0,0,0
2014-12-20,2014,12,December,20,Saturday,5,51,4,1,Winter,,,0,0,0,0,,0,0,0,0,1
2014-12-21,2014,12,December,21,Sunday,6,51,4,1,Winter,,,0,0,0,0,,0,0,0,0,1
2014-12-22,2014,12,December,22,Monday,0,52,4,0,Winter,,,0,0,0,0,,0,0,0,0,0
2014-12-23,2014,12,December,23,Tuesday,1,52,4,0,Winter,,,0,0,0,0,,0,0,0,0,0
2014-12-24,2014,12,December,24,Wednesday,2,52,4,0,Winter,,,0,0,0,0,,0,0,0,0,0
2014-12-25,2014,12,December,25,Thursday,3,52,4,0,Winter,,,0,0,1,0,,0,0,0,0,1
2014-12-26,2014,12,December,26,Friday,4,52,4,0,Winter,,,0,0,1,0,,0,0,0,0,1
2014-12-27,2014,12,December,27,Saturday,5,52,4,1,Winter,,,0,0,0,0,,0,0,0,0,1
2014-12-28,2014,12,December,28,Sunday,6,52,4,1,Winter,,,0,0,0,0,,0,0,0,0,1
2014-12-29,2014,12,December,29,Monday,0,1,4,0,Winter,,,0,0,0,0,,0,0,0,0,0
2014-12-30,2014,12,December,30,Tuesday,1,1,4,0,Winter,,,0,0,0,0,,0,0,0,0,0
2014-12-31,2014,12,December,31,Wednesday,2,1,4,0,Winter,,,0,0,0,0,,0,0,0,0,0
2015-01-01,2015,1,January,1,Thursday,3,1,1,0,Winter,,,0,0,1,0,,0,0,0,0,1
2015-01-02,2015,1,January,2,Friday,4,1,1,0,Winter,,,0,0,0,0,,0,0,0,0,0
2015-01-03,2015,1,January,3,Saturday,5,1,1,1,Winter,,,0,0,0,0,,0,0,0,0,1
2015-01-04,2015,1,January,4,Sunday,6,1,1,1,Winter,,,0,0,0,0,,0,0,0,0,1
2015-01-05,2015,1,January,5,Monday,0,2,1,0,Winter,,,0,0,0,0,,0,0,0,0,0
2015-01-06,2015,1,January,6,Tuesday,1,2,1,0,Winter,,,0,0,0,0,,0,0,0,0,0
2015-01-07,2015,1,January,7,Wednesday,2,2,1,0,Winter,,,0,0,0,0,,0,0,0,0,0
2015-01-08,2015,1,January,8,Thursday,3,2,1,0,Winter,,,0,0,0,0,,0,0,0,0,0
2015-01-09,2015,1,January,9,Friday,4,2,1,0,Winter,,,0,0,0,0,,0,0,0,0,0
2015-01-10,2015,1,January,10,Saturday,5,2,1,1,Winter,,,0,0,0,0,,0,0,0,0,1
2015-01-11,2015,1,January,11,Sunday,6,2,1,1,Winter,,,0,0,0,0,,0,0,0,0,1
2015-01-12,2015,1,January,12,Monday,0,3,1,0,Winter,,,0,0,0,0,,0,0,0,0,0
2015-01-13,2015,1,January,13,Tuesday,1,3,1,0,Winter,,,0,0,0,0,,0,0,0,0,0
2015-01-14,2015,1,January,14,Wednesday,2,3,1,0,Winter,,,0,0,0,0,,0,0,0,0,0
2015-01-15,2015,1,January,15,Thursday,3,3,1,0,Winter,,,0,0,0,0,,0,0,0,0,0
2015-01-16,2015,1,January,16,Friday,4,3,1,0,Winter,,,0,0,0,0,,0,0,0,0,0
2015-01-17,2015,1,January,17,Saturday,5,3,1,1,Winter,,,0,0,0,0,,0,0,0,0,1
2015-01-18,2015,1,January,18,Sunday,6,3,1,1,Winter,,,0,0,0,0,,0,0,0,0,1
2015-01-19,2015,1,January,19,Monday,0,4,1,0,Winter,,,0,0,0,0,,0,0,0,0,0
2015-01-20,2015,1,January,20,Tuesday,1,4,1,0,Winter,,,0,0,0,0,,0,0,0,0,0
2015-01-21,2015,1,January,21,Wednesday,2,4,1,0,Winter,,,0,0,0,0,,0,0,0,0,0
2015-01-22,2015,1,January,22,Thursday,3,4,1,0,Winter,,,0,0,0,0,,0,0,0,0,0
2015-01-23,2015,1,January,23,Friday,4,4,1,0,Winter,,,0,0,0,0,,0,0,0,0,0
2015-01-24,2015,1,January,24,Saturday,5,4,1,1,Winter,,,0,0,0,0,,0,0,0,0,1
2015-01-25,2015,1,January,25,Sunday,6,4,1,1,Winter,,,0,0,0,0,,0,0,0,0,1
2015-01-26,2015,1,January,26,Monday,0,5,1,0,Winter,,,0,0,0,0,,0,0,0,0,0
2015-01-27,2015,1,January,27,Tuesday,1,5,1,0,Winter,,,0,0,0,0,,0,0,0,0,0
2015-01-28,2015,1,January,28,Wednesday,2,5,1,0,Winter,,,0,0,0,0,,0,0,0,0,0
2015-01-29,2015,1,January,29,Thursday,3,5,1,0,Winter,,,0,0,0,0,,0,0,0,0,0
2015-01-30,2015,1,January,30,Friday,4,5,1,0,Winter,,,0,0,0,0,,0,0,0,0,0
2015-01-31,2015,1,January,31,Saturday,5,5,1,1,Winter,,,0,0,0,0,,0,0,0,0,1
2015-02-01,2015,2,February,1,Sunday,6,5,1,1,Winter,,,0,0,0,0,,0,0,0,0,1
2015-02-02,2015,2,February,2,Monday,0,6,1,0,Winter,,,0,0,0,0,,0,0,0,0,0
2015-02-03,2015,2,February,3,Tuesday,1,6,1,0,Winter,,,0,0,0,0,,0,0,0,0,0
2015-02-04,2015,2,February,4,Wednesday,2,6,1,0,Winter,,,0,0,0,0,,0,0,0,0,0
2015-02-05,2015,2,February,5,Thursday,3,6,1,0,Winter,,,0,0,0,0,,0,0,0,0,0
2015-02-06,2015,2,February,6,Friday,4,6,1,0,Winter,,,0,0,0,0,,0,0,0,0,0
2015-02-07,2015,2,February,7,Saturday,5,6,1,1,Winter,,,0,0,0,0,,0,0,0,0,1
2015-02-08,2015,2,February,8,Sunday,6,6,1,1,Winter,,,0,0,0,0,,0,0,0,0,1
2015-02-09,2015,2,February,9,Monday,0,7,1,0,Winter,,,0,0,0,0,,0,0,0,0,0
2015-02-10,2015,2,February,10,Tuesday,1,7,1,0,Winter,,,0,0,0,0,,0,0,0,0,0
2015-02-11,2015,2,February,11,Wednesday,2,7,1,0,Winter,,,0,0,0,0,,0,0,0,0,0
2015-02-12,2015,2,February,12,Thursday,3,7,1,0,Winter,,,0,0,0,0,,0,0,0,0,0
2015-02-13,2015,2,February,13,Friday,4,7,1,0,Winter,,,0,0,0,0,,0,0,0,0,0
2015-02-14,2015,2,February,14,Saturday,5,7,1,1,Winter,,,0,0,0,0,,0,0,0,0,1
2015-02-15,2015,2,February,15,Sunday,6,7,1,1,Winter,,,0,0,0,0,,0,0,0,0,1
2015-02-16,2015,2,February,16,Monday,0,8,1,0,Winter,,,0,0,0,0,,0,0,0,0,0
2015-02-17,2015,2,February,17,Tuesday,1,8,1,0,Winter,,,0,0,0,0,,0,0,0,0,0
2015-02-18,2015,2,February,18,Wednesday,2,8,1,0,Winter,,,0,0,0,0,,0,0,0,0,0
2015-02-19,2015,2,February,19,Thursday,3,8,1,0,Winter,,,0,0,0,0,,0,0,0,0,0
2015-02-20,2015,2,February,20,Friday,4,8,1,0,Winter,,,0,0,0,0,,0,0,0,0,0
2015-02-21,2015,2,February,21,Saturday,5,8,1,1,Winter,,,0,0,0,0,,0,0,0,0,1
2015-02-22,2015,2,February,22,Sunday,6,8,1,1,Winter,,,0,0,0,0,,0,0,0,0,1
2015-02-23,2015,2,February,23,Monday,0,9,1,0,Winter,,,0,0,0,0,,0,0,0,0,0
2015-02-24,2015,2,February,24,Tuesday,1,9,1,0,Winter,,,0,0,0,0,,0,0,0,0,0
2015-02-25,2015,2,February,25,Wednesday,2,9,1,0,Winter,,,0,0,0,0,,0,0,0,0,0
2015-02-26,2015,2,February,26,Thursday,3,9,1,0,Winter,,,0,0,0,0,,0,0,0,0,0
2015-02-27,2015,2,February,27,Friday,4,9,1,0,Winter,,,0,0,0,0,,0,0,0,0,0
2015-02-28,2015,2,February,28,Saturday,5,9,1,1,Winter,,,0,0,0,0,,0,0,0,0,1
2015-03-01,2015,3,March,1,Sunday,6,9,1,1,Spring,,,0,0,0,0,,0,0,0,0,1
2015-03-02,2015,3,March,2,Monday,0,10,1,0,Spring,,,0,0,0,0,,0,0,0,0,0
2015-03-03,2015,3,March,3,Tuesday,1,10,1,0,Spring,,,0,0,0,0,,0,0,0,0,0
2015-03-04,2015,3,March,4,Wednesday,2,10,1,0,Spring,,,0,0,0,0,,0,0,0,0,0
2015-03-05,2015,3,March,5,Thursday,3,10,1,0,Spring,,,0,0,0,0,,0,0,0,0,0
2015-03-06,2015,3,March,6,Friday,4,10,1,0,Spring,,,0,0,0,0,,0,0,0,0,0
2015-03-07,2015,3,March,7,Saturday,5,10,1,1,Spring,,,0,0,0,0,,0,0,0,0,1
2015-03-08,2015,3,March,8,Sunday,6,10,1,1,Spring,,,0,0,0,0,,0,0,0,0,1
2015-03-09,2015,3,March,9,Monday,0,11,1,0,Spring,,,0,0,0,0,,0,0,0,0,0
2015-03-10,2015,3,March,10,Tuesday,1,11,1,0,Spring,,,0,0,0,0,,0,0,0,0,0
2015-03-11,2015,3,March,11,Wednesday,2,11,1,0,Spring,,,0,0,0,0,,0,0,0,0,0
2015-03-12,2015,3,March,12,Thursday,3,11,1,0,Spring,,,0,0,0,0,,0,0,0,0,0
2015-03-13,2015,3,March,13,Friday,4,11,1,0,Spring,,,0,0,0,0,,0,0,0,0,0
2015-03-14,2015,3,March,14,Saturday,5,11,1,1,Spring,,,0,0,0,0,,0,0,0,0,1
2015-03-15,2015,3,March,15,Sunday,6,11,1,1,Spring,,,0,0,0,0,,0,0,0,0,1
2015-03-16,2015,3,March,16,Monday,0,12,1,0,Spring,,,0,0,0,0,,0,0,0,0,0
2015-03-17,2015,3,March,17,Tuesday,1,12,1,0,Spring,,,0,0,0,0,,0,0,0,0,0
2015-03-18,2015,3,March,18,Wednesday,2,12,1,0,Spring,,,0,0,0,0,,0,0,0,0,0
2015-03-19,2015,3,March,19,Thursday,3,12,1,0,Spring,,,0,0,0,0,,0,0,0,0,0
2015-03-20,2015,3,March,20,Friday,4,12,1,0,Spring,,,0,0,0,0,,0,0,0,0,0
2015-03-21,2015,3,March,21,Saturday,5,12,1,1,Spring,,,0,0,0,0,,0,0,0,0,1
2015-03-22,2015,3,March,22,Sunday,6,12,1,1,Spring,,,0,0,0,0,,0,0,0,0,1
2015-03-23,2015,3,March,23,Monday,0,13,1,0,Spring,,,0,0,0,0,,0,0,0,0,0
2015-03-24,2015,3,March,24,Tuesday,1,13,1,0,Spring,,,0,0,0,0,,0,0,0,0,0
2015-03-25,2015,3,March,25,Wednesday,2,13,1,0,Spring,,,0,0,0,0,,0,0,0,0,0
2015-03-26,2015,3,March,26,Thursday,3,13,1,0,Spring,,,0,0,0,0,,0,0,0,0,0
2015-03-27,2015,3,March,27,Friday,4,13,1,0,Spring,,,0,0,0,0,,0,0,0,0,0
2015-03-28,2015,3,March,28,Saturday,5,13,1,1,Spring,,,0,0,0,0,,0,0,0,0,1
2015-03-29,2015,3,March,29,Sunday,6,13,1,1,Spring,,,0,0,0,0,,0,0,0,0,1
2015-03-30,2015,3,March,30,Monday,0,14,1,0,Spring,,,0,0,0,0,,0,0,0,0,0
2015-03-31,2015,3,March,31,Tuesday,1,14,1,0,Spring,,,0,0,0,0,,0,0,0,0,0
2015-04-01,2015,4,April,1,Wednesday,2,14,2,0,Spring,,,0,0,0,0,,0,0,0,0,0
2015-04-02,2015,4,April,2,Thursday,3,14,2,0,Spring,,,0,0,0,0,,0,0,0,0,0
2015-04-03,2015,4,April,3,Friday,4,14,2,0,Spring,,,0,0,1,0,,0,0,0,0,1
2015-04-04,2015,4,April,4,Saturday,5,14,2,1,Spring,,,0,0,0,0,,0,0,0,0,1
2015-04-05,2015,4,April,5,Sunday,6,14,2,1,Spring,,,0,0,0,0,,0,0,0,0,1
2015-04-06,2015,4,April,6,Monday,0,15,2,0,Spring,,,0,0,1,0,,0,0,0,0,1
2015-04-07,2015,4,April,7,Tuesday,1,15,2,0,Spring,,,0,0,0,0,,0,0,0,0,0
2015-04-08,2015,4,April,8,Wednesday,2,15,2,0,Spring,,,0,0,0,0,,0,0,0,0,0
2015-04-09,2015,4,April,9,Thursday,3,15,2,0,Spring,,,0,0,0,0,,0,0,0,0,0
2015-04-10,2015,4,April,10,Friday,4,15,2,0,Spring,,,0,0,0,0,,0,0,0,0,0
2015-04-11,2015,4,April,11,Saturday,5,15,2,1,Spring,,,0,0,0,0,,0,0,0,0,1
2015-04-12,2015,4,April,12,Sunday,6,15,2,1,Spring,,,0,0,0,0,,0,0,0,0,1
2015-04-13,2015,4,April,13,Monday,0,16,2,0,Spring,,,0,0,0,0,,0,0,0,0,0
2015-04-14,2015,4,April,14,Tuesday,1,16,2,0,Spring,,,0,0,0,0,,0,0,0,0,0
2015-04-15,2015,4,April,15,Wednesday,2,16,2,0,Spring,,,0,0,0,0,,0,0,0,0,0
2015-04-16,2015,4,April,16,Thursday,3,16,2,0,Spring,,,0,0,0,0,,0,0,0,0,0
2015-04-17,2015,4,April,17,Friday,4,16,2,0,Spring,,,0,0,0,0,,0,0,0,0,0
2015-04-18,2015,4,April,18,Saturday,5,16,2,1,Spring,,,0,0,0,0,,0,0,0,0,1
2015-04-19,2015,4,April,19,Sunday,6,16,2,1,Spring,,,0,0,0,0,,0,0,0,0,1
2015-04-20,2015,4,April,20,Monday,0,17,2,0,Spring,,,0,0,0,0,,0,0,0,0,0
2015-04-21,2015,4,April,21,Tuesday,1,17,2,0,Spring,,,0,0,0,0,,0,0,0,0,0
2015-04-22,2015,4,April,22,Wednesday,2,17,2,0,Spring,,,0,0,0,0,,0,0,0,0,0
2015-04-23,2015,4,April,23,Thursday,3,17,2,0,Spring,,,0,0,0,0,,0,0,0,0,0
2015-04-24,2015,4,April,24,Friday,4,17,2,0,Spring,,,0,0,0,0,,0,0,0,0,0
2015-04-25,2015,4,April,25,Saturday,5,17,2,1,Spring,,,0,0,0,0,,0,0,0,0,1
2015-04-26,2015,4,April,26,Sunday,6,17,2,1,Spring,,,0,0,0,0,,0,0,0,0,1
2015-04-27,2015,4,April,27,Monday,0,18,2,0,Spring,,,0,0,0,0,,0,0,0,0,0
2015-04-28,2015,4,April,28,Tuesday,1,18,2,0,Spring,,,0,0,0,0,,0,0,0,0,0
2015-04-29,2015,4,April,29,Wednesday,2,18,2,0,Spring,,,0,0,0,0,,0,0,0,0,0
2015-04-30,2015,4,April,30,Thursday,3,18,2,0,Spring,,,0,0,0,0,,0,0,0,0,0
2015-05-01,2015,5,May,1,Friday,4,18,2,0,Spring,,,0,0,0,0,,0,0,0,0,0
2015-05-02,2015,5,May,2,Saturday,5,18,2,1,Spring,,,0,0,0,0,,0,0,0,0,1
2015-05-03,2015,5,May,3,Sunday,6,18,2,1,Spring,,,0,0,0,0,,0,0,0,0,1
2015-05-04,2015,5,May,4,Monday,0,19,2,0,Spring,,,0,0,1,0,,0,0,0,0,1
2015-05-05,2015,5,May,5,Tuesday,1,19,2,0,Spring,,,0,0,0,0,,0,0,0,0,0
2015-05-06,2015,5,May,6,Wednesday,2,19,2,0,Spring,,,0,0,0,0,,0,0,0,0,0
2015-05-07,2015,5,May,7,Thursday,3,19,2,0,Spring,,,0,0,0,1,UK General Election 2015,0,1,0,1,0
2015-05-08,2015,5,May,8,Friday,4,19,2,0,Spring,,,0,0,0,0,,0,0,0,0,0
2015-05-09,2015,5,May,9,Saturday,5,19,2,1,Spring,,,0,0,0,0,,0,0,0,0,1
2015-05-10,2015,5,May,10,Sunday,6,19,2,1,Spring,,,0,0,0,0,,0,0,0,0,1
2015-05-11,2015,5,May,11,Monday,0,20,2,0,Spring,,,0,0,0,0,,0,0,0,0,0
2015-05-12,2015,5,May,12,Tuesday,1,20,2,0,Spring,,,0,0,0,0,,0,0,0,0,0
2015-05-13,2015,5,May,13,Wednesday,2,20,2,0,Spring,,,0,0,0,0,,0,0,0,0,0
2015-05-14,2015,5,May,14,Thursday,3,20,2,0,Spring,,,0,0,0,0,,0,0,0,0,0
2015-05-15,2015,5,May,15,Friday,4,20,2,0,Spring,,,0,0,0,0,,0,0,0,0,0
2015-05-16,2015,5,May,16,Saturday,5,20,2,1,Spring,,,0,0,0,0,,0,0,0,0,1
2015-05-17,2015,5,May,17,Sunday,6,20,2,1,Spring,,,0,0,0,0,,0,0,0,0,1
2015-05-18,2015,5,May,18,Monday,0,21,2,0,Spring,,,0,0,0,0,,0,0,0,0,0
2015-05-19,2015,5,May,19,Tuesday,1,21,2,0,Spring,,,0,0,0,0,,0,0,0,0,0
2015-05-20,2015,5,May,20,Wednesday,2,21,2,0,Spring,,,0,0,0,0,,0,0,0,0,0
2015-05-21,2015,5,May,21,Thursday,3,21,2,0,Spring,,,0,0,0,0,,0,0,0,0,0
2015-05-22,2015,5,May,22,Friday,4,21,2,0,Spring,,,0,0,0,0,,0,0,0,0,0
2015-05-23,2015,5,May,23,Saturday,5,21,2,1,Spring,,,0,0,0,0,,0,0,0,0,1
2015-05-24,2015,5,May,24,Sunday,6,21,2,1,Spring,,,0,0,0,0,,0,0,0,0,1
2015-05-25,2015,5,May,25,Monday,0,22,2,0,Spring,,,0,0,1,0,,0,0,0,0,1
2015-05-26,2015,5,May,26,Tuesday,1,22,2,0,Spring,,,0,0,0,0,,0,0,0,0,0
2015-05-27,2015,5,May,27,Wednesday,2,22,2,0,Spring,,,0,0,0,0,,0,0,0,0,0
2015-05-28,2015,5,May,28,Thursday,3,22,2,0,Spring,,,0,0,0,0,,0,0,0,0,0
2015-05-29,2015,5,May,29,Friday,4,22,2,0,Spring,,,0,0,0,0,,0,0,0,0,0
2015-05-30,2015,5,May,30,Saturday,5,22,2,1,Spring,,,0,0,0,0,,0,0,0,0,1
2015-05-31,2015,5,May,31,Sunday,6,22,2,1,Spring,,,0,0,0,0,,0,0,0,0,1
2015-06-01,2015,6,June,1,Monday,0,23,2,0,Summer,,,0,0,0,0,,0,0,0,0,0
2015-06-02,2015,6,June,2,Tuesday,1,23,2,0,Summer,,,0,0,0,0,,0,0,0,0,0
2015-06-03,2015,6,June,3,Wednesday,2,23,2,0,Summer,,,0,0,0,0,,0,0,0,0,0
2015-06-04,2015,6,June,4,Thursday,3,23,2,0,Summer,,,0,0,0,0,,0,0,0,0,0
2015-06-05,2015,6,June,5,Friday,4,23,2,0,Summer,,,0,0,0,0,,0,0,0,0,0
2015-06-06,2015,6,June,6,Saturday,5,23,2,1,Summer,,,0,0,0,0,,0,0,0,0,1
2015-06-07,2015,6,June,7,Sunday,6,23,2,1,Summer,,,0,0,0,0,,0,0,0,0,1
2015-06-08,2015,6,June,8,Monday,0,24,2,0,Summer,,,0,0,0,0,,0,0,0,0,0
2015-06-09,2015,6,June,9,Tuesday,1,24,2,0,Summer,,,0,0,0,0,,0,0,0,0,0
2015-06-10,2015,6,June,10,Wednesday,2,24,2,0,Summer,,,0,0,0,0,,0,0,0,0,0
2015-06-11,2015,6,June,11,Thursday,3,24,2,0,Summer,,,0,0,0,0,,0,0,0,0,0
2015-06-12,2015,6,June,12,Friday,4,24,2,0,Summer,,,0,0,0,0,,0,0,0,0,0
2015-06-13,2015,6,June,13,Saturday,5,24,2,1,Summer,,,0,0,0,0,,0,0,0,0,1
2015-06-14,2015,6,June,14,Sunday,6,24,2,1,Summer,,,0,0,0,0,,0,0,0,0,1
2015-06-15,2015,6,June,15,Monday,0,25,2,0,Summer,,,0,0,0,0,,0,0,0,0,0
2015-06-16,2015,6,June,16,Tuesday,1,25,2,0,Summer,,,0,0,0,0,,0,0,0,0,0
2015-06-17,2015,6,June,17,Wednesday,2,25,2,0,Summer,,,0,0,0,0,,0,0,0,0,0
2015-06-18,2015,6,June,18,Thursday,3,25,2,0,Summer,,,0,0,0,0,,0,0,0,0,0
2015-06-19,2015,6,June,19,Friday,4,25,2,0,Summer,,,0,0,0,0,,0,0,0,0,0
2015-06-20,2015,6,June,20,Saturday,5,25,2,1,Summer,,,0,0,0,0,,0,0,0,0,1
2015-06-21,2015,6,June,21,Sunday,6,25,2,1,Summer,,,0,0,0,0,,0,0,0,0,1
2015-06-22,2015,6,June,22,Monday,0,26,2,0,Summer,,,0,0,0,0,,0,0,0,0,0
2015-06-23,2015,6,June,23,Tuesday,1,26,2,0,Summer,,,0,0,0,0,,0,0,0,0,0
2015-06-24,2015,6,June,24,Wednesday,2,26,2,0,Summer,,,0,0,0,0,,0,0,0,0,0
2015-06-25,2015,6,June,25,Thursday,3,26,2,0,Summer,,,0,0,0,0,,0,0,0,0,0
2015-06-26,2015,6,June,26,Friday,4,26,2,0,Summer,,,0,0,0,0,,0,0,0,0,0
2015-06-27,2015,6,June,27,Saturday,5,26,2,1,Summer,,,0,0,0,0,,0,0,0,0,1
2015-06-28,2015,6,June,28,Sunday,6,26,2,1,Summer,,,0,0,0,0,,0,0,0,0,1
2015-06-29,2015,6,June,29,Monday,0,27,2,0,Summer,,,0,0,0,0,,0,0,0,0,0
2015-06-30,2015,6,June,30,Tuesday,1,27,2,0,Summer,,,0,0,0,0,,0,0,0,0,0
2015-07-01,2015,7,July,1,Wednesday,2,27,3,0,Summer,,,0,0,0,0,,0,0,0,0,0
2015-07-02,2015,7,July,2,Thursday,3,27,3,0,Summer,,,0,0,0,0,,0,0,0,0,0
2015-07-03,2015,7,July,3,Friday,4,27,3,0,Summer,,,0,0,0,0,,0,0,0,0,0
2015-07-04,2015,7,July,4,Saturday,5,27,3,1,Summer,,,0,0,0,0,,0,0,0,0,1
2015-07-05,2015,7,July,5,Sunday,6,27,3,1,Summer,,,0,0,0,0,,0,0,0,0,1
2015-07-06,2015,7,July,6,Monday,0,28,3,0,Summer,,,0,0,0,0,,0,0,0,0,0
2015-07-07,2015,7,July,7,Tuesday,1,28,3,0,Summer,,,0,0,0,0,,0,0,0,0,0
2015-07-08,2015,7,July,8,Wednesday,2,28,3,0,Summer,,,0,0,0,0,,0,0,0,0,0
2015-07-09,2015,7,July,9,Thursday,3,28,3,0,Summer,,,0,0,0,0,,0,0,0,0,0
2015-07-10,2015,7,July,10,Friday,4,28,3,0,Summer,,,0,0,0,0,,0,0,0,0,0
2015-07-11,2015,7,July,11,Saturday,5,28,3,1,Summer,,,0,0,0,0,,0,0,0,0,1
2015-07-12,2015,7,July,12,Sunday,6,28,3,1,Summer,,,0,0,0,0,,0,0,0,0,1
2015-07-13,2015,7,July,13,Monday,0,29,3,0,Summer,,,0,0,0,0,,0,0,0,0,0
2015-07-14,2015,7,July,14,Tuesday,1,29,3,0,Summer,,,0,0,0,0,,0,0,0,0,0
2015-07-15,2015,7,July,15,Wednesday,2,29,3,0,Summer,,,0,0,0,0,,0,0,0,0,0
2015-07-16,2015,7,July,16,Thursday,3,29,3,0,Summer,,,0,0,0,0,,0,0,0,0,0
2015-07-17,2015,7,July,17,Friday,4,29,3,0,Summer,,,0,0,0,0,,0,0,0,0,0
2015-07-18,2015,7,July,18,Saturday,5,29,3,1,Summer,,,0,0,0,0,,0,0,0,0,1
2015-07-19,2015,7,July,19,Sunday,6,29,3,1,Summer,,,0,0,0,0,,0,0,0,0,1
2015-07-20,2015,7,July,20,Monday,0,30,3,0,Summer,,,0,0,0,0,,0,0,0,0,0
2015-07-21,2015,7,July,21,Tuesday,1,30,3,0,Summer,,,0,0,0,0,,0,0,0,0,0
2015-07-22,2015,7,July,22,Wednesday,2,30,3,0,Summer,,,0,0,0,0,,0,0,0,0,0
2015-07-23,2015,7,July,23,Thursday,3,30,3,0,Summer,,,0,0,0,0,,0,0,0,0,0
2015-07-24,2015,7,July,24,Friday,4,30,3,0,Summer,,,0,0,0,0,,0,0,0,0,0
2015-07-25,2015,7,July,25,Saturday,5,30,3,1,Summer,,,0,0,0,0,,0,0,0,0,1
2015-07-26,2015,7,July,26,Sunday,6,30,3,1,Summer,,,0,0,0,0,,0,0,0,0,1
2015-07-27,2015,7,July,27,Monday,0,31,3,0,Summer,,,0,0,0,0,,0,0,0,0,0
2015-07-28,2015,7,July,28,Tuesday,1,31,3,0,Summer,,,0,0,0,0,,0,0,0,0,0
2015-07-29,2015,7,July,29,Wednesday,2,31,3,0,Summer,,,0,0,0,0,,0,0,0,0,0
2015-07-30,2015,7,July,30,Thursday,3,31,3,0,Summer,,,0,0,0,0,,0,0,0,0,0
2015-07-31,2015,7,July,31,Friday,4,31,3,0,Summer,,,0,0,0,0,,0,0,0,0,0
2015-08-01,2015,8,August,1,Saturday,5,31,3,1,Summer,,,0,0,0,0,,0,0,0,0,1
2015-08-02,2015,8,August,2,Sunday,6,31,3,1,Summer,,,0,0,0,0,,0,0,0,0,1
2015-08-03,2015,8,August,3,Monday,0,32,3,0,Summer,,,0,0,0,0,,0,0,0,0,0
2015-08-04,2015,8,August,4,Tuesday,1,32,3,0,Summer,,,0,0,0,0,,0,0,0,0,0
2015-08-05,2015,8,August,5,Wednesday,2,32,3,0,Summer,,,0,0,0,0,,0,0,0,0,0
2015-08-06,2015,8,August,6,Thursday,3,32,3,0,Summer,,,0,0,0,0,,0,0,0,0,0
2015-08-07,2015,8,August,7,Friday,4,32,3,0,Summer,,,0,0,0,0,,0,0,0,0,0
2015-08-08,2015,8,August,8,Saturday,5,32,3,1,Summer,,,0,0,0,0,,0,0,0,0,1
2015-08-09,2015,8,August,9,Sunday,6,32,3,1,Summer,,,0,0,0,0,,0,0,0,0,1
2015-08-10,2015,8,August,10,Monday,0,33,3,0,Summer,,,0,0,0,0,,0,0,0,0,0
2015-08-11,2015,8,August,11,Tuesday,1,33,3,0,Summer,,,0,0,0,0,,0,0,0,0,0
2015-08-12,2015,8,August,12,Wednesday,2,33,3,0,Summer,,,0,0,0,0,,0,0,0,0,0
2015-08-13,2015,8,August,13,Thursday,3,33,3,0,Summer,,,0,0,0,0,,0,0,0,0,0
2015-08-14,2015,8,August,14,Friday,4,33,3,0,Summer,,,0,0,0,0,,0,0,0,0,0
2015-08-15,2015,8,August,15,Saturday,5,33,3,1,Summer,,,0,0,0,0,,0,0,0,0,1
2015-08-16,2015,8,August,16,Sunday,6,33,3,1,Summer,,,0,0,0,0,,0,0,0,0,1
2015-08-17,2015,8,August,17,Monday,0,34,3,0,Summer,,,0,0,0,0,,0,0,0,0,0
2015-08-18,2015,8,August,18,Tuesday,1,34,3,0,Summer,,,0,0,0,0,,0,0,0,0,0
2015-08-19,2015,8,August,19,Wednesday,2,34,3,0,Summer,,,0,0,0,0,,0,0,0,0,0
2015-08-20,2015,8,August,20,Thursday,3,34,3,0,Summer,,,0,0,0,0,,0,0,0,0,0
2015-08-21,2015,8,August,21,Friday,4,34,3,0,Summer,,,0,0,0,0,,0,0,0,0,0
2015-08-22,2015,8,August,22,Saturday,5,34,3,1,Summer,,,0,0,0,0,,0,0,0,0,1
2015-08-23,2015,8,August,23,Sunday,6,34,3,1,Summer,,,0,0,0,0,,0,0,0,0,1
2015-08-24,2015,8,August,24,Monday,0,35,3,0,Summer,,,0,0,0,0,,0,0,0,0,0
2015-08-25,2015,8,August,25,Tuesday,1,35,3,0,Summer,,,0,0,0,0,,0,0,0,0,0
2015-08-26,2015,8,August,26,Wednesday,2,35,3,0,Summer,,,0,0,0,0,,0,0,0,0,0
2015-08-27,2015,8,August,27,Thursday,3,35,3,0,Summer,,,0,0,0,0,,0,0,0,0,0
2015-08-28,2015,8,August,28,Friday,4,35,3,0,Summer,,,0,0,0,0,,0,0,0,0,0
2015-08-29,2015,8,August,29,Saturday,5,35,3,1,Summer,,,0,0,0,0,,0,0,0,0,1
2015-08-30,2015,8,August,30,Sunday,6,35,3,1,Summer,,,0,0,0,0,,0,0,0,0,1
2015-08-31,2015,8,August,31,Monday,0,36,3,0,Summer,,,0,0,1,0,,0,0,0,0,1
2015-09-01,2015,9,September,1,Tuesday,1,36,3,0,Autumn,,,0,0,0,0,,0,0,0,0,0
2015-09-02,2015,9,September,2,Wednesday,2,36,3,0,Autumn,,,0,0,0,0,,0,0,0,0,0
2015-09-03,2015,9,September,3,Thursday,3,36,3,0,Autumn,,,0,0,0,0,,0,0,0,0,0
2015-09-04,2015,9,September,4,Friday,4,36,3,0,Autumn,,,0,0,0,0,,0,0,0,0,0
2015-09-05,2015,9,September,5,Saturday,5,36,3,1,Autumn,,,0,0,0,0,,0,0,0,0,1
2015-09-06,2015,9,September,6,Sunday,6,36,3,1,Autumn,,,0,0,0,0,,0,0,0,0,1
2015-09-07,2015,9,September,7,Monday,0,37,3,0,Autumn,,,0,0,0,0,,0,0,0,0,0
2015-09-08,2015,9,September,8,Tuesday,1,37,3,0,Autumn,,,0,0,0,0,,0,0,0,0,0
2015-09-09,2015,9,September,9,Wednesday,2,37,3,0,Autumn,,,0,0,0,0,,0,0,0,0,0
2015-09-10,2015,9,September,10,Thursday,3,37,3,0,Autumn,,,0,0,0,0,,0,0,0,0,0
2015-09-11,2015,9,September,11,Friday,4,37,3,0,Autumn,,,0,0,0,0,,0,0,0,0,0
2015-09-12,2015,9,September,12,Saturday,5,37,3,1,Autumn,,,0,0,0,0,,0,0,0,0,1
2015-09-13,2015,9,September,13,Sunday,6,37,3,1,Autumn,,,0,0,0,0,,0,0,0,0,1
2015-09-14,2015,9,September,14,Monday,0,38,3,0,Autumn,,,0,0,0,0,,0,0,0,0,0
2015-09-15,2015,9,September,15,Tuesday,1,38,3,0,Autumn,,,0,0,0,0,,0,0,0,0,0
2015-09-16,2015,9,September,16,Wednesday,2,38,3,0,Autumn,,,0,0,0,0,,0,0,0,0,0
2015-09-17,2015,9,September,17,Thursday,3,38,3,0,Autumn,,,0,0,0,0,,0,0,0,0,0
2015-09-18,2015,9,September,18,Friday,4,38,3,0,Autumn,,,0,0,0,0,,0,0,0,0,0
2015-09-19,2015,9,September,19,Saturday,5,38,3,1,Autumn,,,0,0,0,0,,0,0,0,0,1
2015-09-20,2015,9,September,20,Sunday,6,38,3,1,Autumn,,,0,0,0,0,,0,0,0,0,1
2015-09-21,2015,9,September,21,Monday,0,39,3,0,Autumn,,,0,0,0,0,,0,0,0,0,0
2015-09-22,2015,9,September,22,Tuesday,1,39,3,0,Autumn,,,0,0,0,0,,0,0,0,0,0
2015-09-23,2015,9,September,23,Wednesday,2,39,3,0,Autumn,,,0,0,0,0,,0,0,0,0,0
2015-09-24,2015,9,September,24,Thursday,3,39,3,0,Autumn,,,0,0,0,0,,0,0,0,0,0
2015-09-25,2015,9,September,25,Friday,4,39,3,0,Autumn,,,0,0,0,0,,0,0,0,0,0
2015-09-26,2015,9,September,26,Saturday,5,39,3,1,Autumn,,,0,0,0,0,,0,0,0,0,1
2015-09-27,2015,9,September,27,Sunday,6,39,3,1,Autumn,,,0,0,0,0,,0,0,0,0,1
2015-09-28,2015,9,September,28,Monday,0,40,3,0,Autumn,,,0,0,0,0,,0,0,0,0,0
2015-09-29,2015,9,September,29,Tuesday,1,40,3,0,Autumn,,,0,0,0,0,,0,0,0,0,0
2015-09-30,2015,9,September,30,Wednesday,2,40,3,0,Autumn,,,0,0,0,0,,0,0,0,0,0
2015-10-01,2015,10,October,1,Thursday,3,40,4,0,Autumn,,,0,0,0,0,,0,0,0,0,0
2015-10-02,2015,10,October,2,Friday,4,40,4,0,Autumn,,,0,0,0,0,,0,0,0,0,0
2015-10-03,2015,10,October,3,Saturday,5,40,4,1,Autumn,,,0,0,0,0,,0,0,0,0,1
2015-10-04,2015,10,October,4,Sunday,6,40,4,1,Autumn,,,0,0,0,0,,0,0,0,0,1
2015-10-05,2015,10,October,5,Monday,0,41,4,0,Autumn,,,0,0,0,0,,0,0,0,0,0
2015-10-06,2015,10,October,6,Tuesday,1,41,4,0,Autumn,,,0,0,0,0,,0,0,0,0,0
2015-10-07,2015,10,October,7,Wednesday,2,41,4,0,Autumn,,,0,0,0,0,,0,0,0,0,0
2015-10-08,2015,10,October,8,Thursday,3,41,4,0,Autumn,,,0,0,0,0,,0,0,0,0,0
2015-10-09,2015,10,October,9,Friday,4,41,4,0,Autumn,,,0,0,0,0,,0,0,0,0,0
2015-10-10,2015,10,October,10,Saturday,5,41,4,1,Autumn,,,0,0,0,0,,0,0,0,0,1
2015-10-11,2015,10,October,11,Sunday,6,41,4,1,Autumn,,,0,0,0,0,,0,0,0,0,1
2015-10-12,2015,10,October,12,Monday,0,42,4,0,Autumn,,,0,0,0,0,,0,0,0,0,0
2015-10-13,2015,10,October,13,Tuesday,1,42,4,0,Autumn,,,0,0,0,0,,0,0,0,0,0
2015-10-14,2015,10,October,14,Wednesday,2,42,4,0,Autumn,,,0,0,0,0,,0,0,0,0,0
2015-10-15,2015,10,October,15,Thursday,3,42,4,0,Autumn,,,0,0,0,0,,0,0,0,0,0
2015-10-16,2015,10,October,16,Friday,4,42,4,0,Autumn,,,0,0,0,0,,0,0,0,0,0
2015-10-17,2015,10,October,17,Saturday,5,42,4,1,Autumn,,,0,0,0,0,,0,0,0,0,1
2015-10-18,2015,10,October,18,Sunday,6,42,4,1,Autumn,,,0,0,0,0,,0,0,0,0,1
2015-10-19,2015,10,October,19,Monday,0,43,4,0,Autumn,,,0,0,0,0,,0,0,0,0,0
2015-10-20,2015,10,October,20,Tuesday,1,43,4,0,Autumn,,,0,0,0,0,,0,0,0,0,0
2015-10-21,2015,10,October,21,Wednesday,2,43,4,0,Autumn,,,0,0,0,0,,0,0,0,0,0
2015-10-22,2015,10,October,22,Thursday,3,43,4,0,Autumn,,,0,0,0,0,,0,0,0,0,0
2015-10-23,2015,10,October,23,Friday,4,43,4,0,Autumn,,,0,0,0,0,,0,0,0,0,0
2015-10-24,2015,10,October,24,Saturday,5,43,4,1,Autumn,,,0,0,0,0,,0,0,0,0,1
2015-10-25,2015,10,October,25,Sunday,6,43,4,1,Autumn,,,0,0,0,0,,0,0,0,0,1
2015-10-26,2015,10,October,26,Monday,0,44,4,0,Autumn,,,0,0,0,0,,0,0,0,0,0
2015-10-27,2015,10,October,27,Tuesday,1,44,4,0,Autumn,,,0,0,0,0,,0,0,0,0,0
2015-10-28,2015,10,October,28,Wednesday,2,44,4,0,Autumn,,,0,0,0,0,,0,0,0,0,0
2015-10-29,2015,10,October,29,Thursday,3,44,4,0,Autumn,,,0,0,0,0,,0,0,0,0,0
2015-10-30,2015,10,October,30,Friday,4,44,4,0,Autumn,,,0,0,0,0,,0,0,0,0,0
2015-10-31,2015,10,October,31,Saturday,5,44,4,1,Autumn,,,0,0,0,0,,0,0,0,0,1
2015-11-01,2015,11,November,1,Sunday,6,44,4,1,Autumn,,,0,0,0,0,,0,0,0,0,1
2015-11-02,2015,11,November,2,Monday,0,45,4,0,Autumn,,,0,0,0,0,,0,0,0,0,0
2015-11-03,2015,11,November,3,Tuesday,1,45,4,0,Autumn,,,0,0,0,0,,0,0,0,0,0
2015-11-04,2015,11,November,4,Wednesday,2,45,4,0,Autumn,,,0,0,0,0,,0,0,0,0,0
2015-11-05,2015,11,November,5,Thursday,3,45,4,0,Autumn,,,0,0,0,0,,0,0,0,0,0
2015-11-06,2015,11,November,6,Friday,4,45,4,0,Autumn,,,0,0,0,0,,0,0,0,0,0
2015-11-07,2015,11,November,7,Saturday,5,45,4,1,Autumn,,,0,0,0,0,,0,0,0,0,1
2015-11-08,2015,11,November,8,Sunday,6,45,4,1,Autumn,,,0,0,0,0,,0,0,0,0,1
2015-11-09,2015,11,November,9,Monday,0,46,4,0,Autumn,,,0,0,0,0,,0,0,0,0,0
2015-11-10,2015,11,November,10,Tuesday,1,46,4,0,Autumn,,,0,0,0,0,,0,0,0,0,0
2015-11-11,2015,11,November,11,Wednesday,2,46,4,0,Autumn,,,0,0,0,0,,0,0,0,0,0
2015-11-12,2015,11,November,12,Thursday,3,46,4,0,Autumn,,,0,0,0,0,,0,0,0,0,0
2015-11-13,2015,11,November,13,Friday,4,46,4,0,Autumn,,,0,0,0,0,,0,0,0,0,0
2015-11-14,2015,11,November,14,Saturday,5,46,4,1,Autumn,,,0,0,0,0,,0,0,0,0,1
2015-11-15,2015,11,November,15,Sunday,6,46,4,1,Autumn,,,0,0,0,0,,0,0,0,0,1
2015-11-16,2015,11,November,16,Monday,0,47,4,0,Autumn,,,0,0,0,0,,0,0,0,0,0
2015-11-17,2015,11,November,17,Tuesday,1,47,4,0,Autumn,,,0,0,0,0,,0,0,0,0,0
2015-11-18,2015,11,November,18,Wednesday,2,47,4,0,Autumn,,,0,0,0,0,,0,0,0,0,0
2015-11-19,2015,11,November,19,Thursday,3,47,4,0,Autumn,,,0,0,0,0,,0,0,0,0,0
2015-11-20,2015,11,November,20,Friday,4,47,4,0,Autumn,,,0,0,0,0,,0,0,0,0,0
2015-11-21,2015,11,November,21,Saturday,5,47,4,1,Autumn,,,0,0,0,0,,0,0,0,0,1
2015-11-22,2015,11,November,22,Sunday,6,47,4,1,Autumn,,,0,0,0,0,,0,0,0,0,1
2015-11-23,2015,11,November,23,Monday,0,48,4,0,Autumn,,,0,0,0,0,,0,0,0,0,0
2015-11-24,2015,11,November,24,Tuesday,1,48,4,0,Autumn,,,0,0,0,0,,0,0,0,0,0
2015-11-25,2015,11,November,25,Wednesday,2,48,4,0,Autumn,,,0,0,0,0,,0,0,0,0,0
2015-11-26,2015,11,November,26,Thursday,3,48,4,0,Autumn,,,0,0,0,0,,0,0,0,0,0
2015-11-27,2015,11,November,27,Friday,4,48,4,0,Autumn,,,0,0,0,0,,0,0,0,0,0
2015-11-28,2015,11,November,28,Saturday,5,48,4,1,Autumn,,,0,0,0,0,,0,0,0,0,1
2015-11-29,2015,11,November,29,Sunday,6,48,4,1,Autumn,,,0,0,0,0,,0,0,0,0,1
2015-11-30,2015,11,November,30,Monday,0,49,4,0,Autumn,,,0,0,0,0,,0,0,0,0,0
2015-12-01,2015,12,December,1,Tuesday,1,49,4,0,Winter,,,0,0,0,0,,0,0,0,0,0
2015-12-02,2015,12,December,2,Wednesday,2,49,4,0,Winter,,,0,0,0,0,,0,0,0,0,0
2015-12-03,2015,12,December,3,Thursday,3,49,4,0,Winter,,,0,0,0,0,,0,0,0,0,0
2015-12-04,2015,12,December,4,Friday,4,49,4,0,Winter,,,0,0,0,0,,0,0,0,0,0
2015-12-05,2015,12,December,5,Saturday,5,49,4,1,Winter,,,0,0,0,0,,0,0,0,0,1
2015-12-06,2015,12,December,6,Sunday,6,49,4,1,Winter,,,0,0,0,0,,0,0,0,0,1
2015-12-07,2015,12,December,7,Monday,0,50,4,0,Winter,,,0,0,0,0,,0,0,0,0,0
2015-12-08,2015,12,December,8,Tuesday,1,50,4,0,Winter,,,0,0,0,0,,0,0,0,0,0
2015-12-09,2015,12,December,9,Wednesday,2,50,4,0,Winter,,,0,0,0,0,,0,0,0,0,0
2015-12-10,2015,12,December,10,Thursday,3,50,4,0,Winter,,,0,0,0,0,,0,0,0,0,0
2015-12-11,2015,12,December,11,Friday,4,50,4,0,Winter,,,0,0,0,0,,0,0,0,0,0
2015-12-12,2015,12,December,12,Saturday,5,50,4,1,Winter,,,0,0,0,0,,0,0,0,0,1
2015-12-13,2015,12,December,13,Sunday,6,50,4,1,Winter,,,0,0,0,0,,0,0,0,0,1
2015-12-14,2015,12,December,14,Monday,0,51,4,0,Winter,,,0,0,0,0,,0,0,0,0,0
2015-12-15,2015,12,December,15,Tuesday,1,51,4,0,Winter,,,0,0,0,0,,0,0,0,0,0
2015-12-16,2015,12,December,16,Wednesday,2,51,4,0,Winter,,,0,0,0,0,,0,0,0,0,0
2015-12-17,2015,12,December,17,Thursday,3,51,4,0,Winter,,,0,0,0,0,,0,0,0,0,0
2015-12-18,2015,12,December,18,Friday,4,51,4,0,Winter,,,0,0,0,0,,0,0,0,0,0
2015-12-19,2015,12,December,19,Saturday,5,51,4,1,Winter,,,0,0,0,0,,0,0,0,0,1
2015-12-20,2015,12,December,20,Sunday,6,51,4,1,Winter,,,0,0,0,0,,0,0,0,0,1
2015-12-21,2015,12,December,21,Monday,0,52,4,0,Winter,,,0,0,0,0,,0,0,0,0,0
2015-12-22,2015,12,December,22,Tuesday,1,52,4,0,Winter,,,0,0,0,0,,0,0,0,0,0
2015-12-23,2015,12,December,23,Wednesday,2,52,4,0,Winter,,,0,0,0,0,,0,0,0,0,0
2015-12-24,2015,12,December,24,Thursday,3,52,4,0,Winter,,,0,0,0,0,,0,0,0,0,0
2015-12-25,2015,12,December,25,Friday,4,52,4,0,Winter,,,0,0,1,0,,0,0,0,0,1
2015-12-26,2015,12,December,26,Saturday,5,52,4,1,Winter,,,0,0,0,0,,0,0,0,0,1
2015-12-27,2015,12,December,27,Sunday,6,52,4,1,Winter,,,0,0,0,0,,0,0,0,0,1
2015-12-28,2015,12,December,28,Monday,0,53,4,0,Winter,,,0,0,1,0,,0,0,0,0,1
2015-12-29,2015,12,December,29,Tuesday,1,53,4,0,Winter,,,0,0,0,0,,0,0,0,0,0
2015-12-30,2015,12,December,30,Wednesday,2,53,4,0,Winter,,,0,0,0,0,,0,0,0,0,0
2015-12-31,2015,12,December,31,Thursday,3,53,4,0,Winter,,,0,0,0,0,,0,0,0,0,0
2016-01-01,2016,1,January,1,Friday,4,53,1,0,Winter,,,0,0,1,0,,0,0,0,0,1
2016-01-02,2016,1,January,2,Saturday,5,53,1,1,Winter,,,0,0,0,0,,0,0,0,0,1
2016-01-03,2016,1,January,3,Sunday,6,53,1,1,Winter,,,0,0,0,0,,0,0,0,0,1
2016-01-04,2016,1,January,4,Monday,0,1,1,0,Winter,,,0,0,0,0,,0,0,0,0,0
2016-01-05,2016,1,January,5,Tuesday,1,1,1,0,Winter,,,0,0,0,0,,0,0,0,0,0
2016-01-06,2016,1,January,6,Wednesday,2,1,1,0,Winter,,,0,0,0,0,,0,0,0,0,0
2016-01-07,2016,1,January,7,Thursday,3,1,1,0,Winter,,,0,0,0,0,,0,0,0,0,0
2016-01-08,2016,1,January,8,Friday,4,1,1,0,Winter,,,0,0,0,0,,0,0,0,0,0
2016-01-09,2016,1,January,9,Saturday,5,1,1,1,Winter,,,0,0,0,0,,0,0,0,0,1
2016-01-10,2016,1,January,10,Sunday,6,1,1,1,Winter,,,0,0,0,0,,0,0,0,0,1
2016-01-11,2016,1,January,11,Monday,0,2,1,0,Winter,,,0,0,0,0,,0,0,0,0,0
2016-01-12,2016,1,January,12,Tuesday,1,2,1,0,Winter,,,0,0,0,0,,0,0,0,0,0
2016-01-13,2016,1,January,13,Wednesday,2,2,1,0,Winter,,,0,0,0,0,,0,0,0,0,0
2016-01-14,2016,1,January,14,Thursday,3,2,1,0,Winter,,,0,0,0,0,,0,0,0,0,0
2016-01-15,2016,1,January,15,Friday,4,2,1,0,Winter,,,0,0,0,0,,0,0,0,0,0
2016-01-16,2016,1,January,16,Saturday,5,2,1,1,Winter,,,0,0,0,0,,0,0,0,0,1
2016-01-17,2016,1,January,17,Sunday,6,2,1,1,Winter,,,0,0,0,0,,0,0,0,0,1
2016-01-18,2016,1,January,18,Monday,0,3,1,0,Winter,,,0,0,0,0,,0,0,0,0,0
2016-01-19,2016,1,January,19,Tuesday,1,3,1,0,Winter,,,0,0,0,0,,0,0,0,0,0
2016-01-20,2016,1,January,20,Wednesday,2,3,1,0,Winter,,,0,0,0,0,,0,0,0,0,0
2016-01-21,2016,1,January,21,Thursday,3,3,1,0,Winter,,,0,0,0,0,,0,0,0,0,0
2016-01-22,2016,1,January,22,Friday,4,3,1,0,Winter,,,0,0,0,0,,0,0,0,0,0
2016-01-23,2016,1,January,23,Saturday,5,3,1,1,Winter,,,0,0,0,0,,0,0,0,0,1
2016-01-24,2016,1,January,24,Sunday,6,3,1,1,Winter,,,0,0,0,0,,0,0,0,0,1
2016-01-25,2016,1,January,25,Monday,0,4,1,0,Winter,,,0,0,0,0,,0,0,0,0,0
2016-01-26,2016,1,January,26,Tuesday,1,4,1,0,Winter,,,0,0,0,0,,0,0,0,0,0
2016-01-27,2016,1,January,27,Wednesday,2,4,1,0,Winter,,,0,0,0,0,,0,0,0,0,0
2016-01-28,2016,1,January,28,Thursday,3,4,1,0,Winter,,,0,0,0,0,,0,0,0,0,0
2016-01-29,2016,1,January,29,Friday,4,4,1,0,Winter,,,0,0,0,0,,0,0,0,0,0
2016-01-30,2016,1,January,30,Saturday,5,4,1,1,Winter,,,0,0,0,0,,0,0,0,0,1
2016-01-31,2016,1,January,31,Sunday,6,4,1,1,Winter,,,0,0,0,0,,0,0,0,0,1
2016-02-01,2016,2,February,1,Monday,0,5,1,0,Winter,,,0,0,0,0,,0,0,0,0,0
2016-02-02,2016,2,February,2,Tuesday,1,5,1,0,Winter,,,0,0,0,0,,0,0,0,0,0
2016-02-03,2016,2,February,3,Wednesday,2,5,1,0,Winter,,,0,0,0,0,,0,0,0,0,0
2016-02-04,2016,2,February,4,Thursday,3,5,1,0,Winter,,,0,0,0,0,,0,0,0,0,0
2016-02-05,2016,2,February,5,Friday,4,5,1,0,Winter,,,0,0,0,0,,0,0,0,0,0
2016-02-06,2016,2,February,6,Saturday,5,5,1,1,Winter,,,0,0,0,0,,0,0,0,0,1
2016-02-07,2016,2,February,7,Sunday,6,5,1,1,Winter,,,0,0,0,0,,0,0,0,0,1
2016-02-08,2016,2,February,8,Monday,0,6,1,0,Winter,,,0,0,0,0,,0,0,0,0,0
2016-02-09,2016,2,February,9,Tuesday,1,6,1,0,Winter,,,0,0,0,0,,0,0,0,0,0
2016-02-10,2016,2,February,10,Wednesday,2,6,1,0,Winter,,,0,0,0,0,,0,0,0,0,0
2016-02-11,2016,2,February,11,Thursday,3,6,1,0,Winter,,,0,0,0,0,,0,0,0,0,0
2016-02-12,2016,2,February,12,Friday,4,6,1,0,Winter,,,0,0,0,0,,0,0,0,0,0
2016-02-13,2016,2,February,13,Saturday,5,6,1,1,Winter,,,0,0,0,0,,0,0,0,0,1
2016-02-14,2016,2,February,14,Sunday,6,6,1,1,Winter,,,0,0,0,0,,0,0,0,0,1
2016-02-15,2016,2,February,15,Monday,0,7,1,0,Winter,,,0,0,0,0,,0,0,0,0,0
2016-02-16,2016,2,February,16,Tuesday,1,7,1,0,Winter,,,0,0,0,0,,0,0,0,0,0
2016-02-17,2016,2,February,17,Wednesday,2,7,1,0,Winter,,,0,0,0,0,,0,0,0,0,0
2016-02-18,2016,2,February,18,Thursday,3,7,1,0,Winter,,,0,0,0,0,,0,0,0,0,0
2016-02-19,2016,2,February,19,Friday,4,7,1,0,Winter,,,0,0,0,0,,0,0,0,0,0
2016-02-20,2016,2,February,20,Saturday,5,7,1,1,Winter,,,0,0,0,0,,0,0,0,0,1
2016-02-21,2016,2,February,21,Sunday,6,7,1,1,Winter,,,0,0,0,0,,0,0,0,0,1
2016-02-22,2016,2,February,22,Monday,0,8,1,0,Winter,,,0,0,0,0,,0,0,0,0,0
2016-02-23,2016,2,February,23,Tuesday,1,8,1,0,Winter,,,0,0,0,0,,0,0,0,0,0
2016-02-24,2016,2,February,24,Wednesday,2,8,1,0,Winter,,,0,0,0,0,,0,0,0,0,0
2016-02-25,2016,2,February,25,Thursday,3,8,1,0,Winter,,,0,0,0,0,,0,0,0,0,0
2016-02-26,2016,2,February,26,Friday,4,8,1,0,Winter,,,0,0,0,0,,0,0,0,0,0
2016-02-27,2016,2,February,27,Saturday,5,8,1,1,Winter,,,0,0,0,0,,0,0,0,0,1
2016-02-28,2016,2,February,28,Sunday,6,8,1,1,Winter,,,0,0,0,0,,0,0,0,0,1
2016-02-29,2016,2,February,29,Monday,0,9,1,0,Winter,,,0,0,0,0,,0,0,0,0,0
2016-03-01,2016,3,March,1,Tuesday,1,9,1,0,Spring,,,0,0,0,0,,0,0,0,0,0
2016-03-02,2016,3,March,2,Wednesday,2,9,1,0,Spring,,,0,0,0,0,,0,0,0,0,0
2016-03-03,2016,3,March,3,Thursday,3,9,1,0,Spring,,,0,0,0,0,,0,0,0,0,0
2016-03-04,2016,3,March,4,Friday,4,9,1,0,Spring,,,0,0,0,0,,0,0,0,0,0
2016-03-05,2016,3,March,5,Saturday,5,9,1,1,Spring,,,0,0,0,0,,0,0,0,0,1
2016-03-06,2016,3,March,6,Sunday,6,9,1,1,Spring,,,0,0,0,0,,0,0,0,0,1
2016-03-07,2016,3,March,7,Monday,0,10,1,0,Spring,,,0,0,0,0,,0,0,0,0,0
2016-03-08,2016,3,March,8,Tuesday,1,10,1,0,Spring,,,0,0,0,0,,0,0,0,0,0
2016-03-09,2016,3,March,9,Wednesday,2,10,1,0,Spring,,,0,0,0,0,,0,0,0,0,0
2016-03-10,2016,3,March,10,Thursday,3,10,1,0,Spring,,,0,0,0,0,,0,0,0,0,0
2016-03-11,2016,3,March,11,Friday,4,10,1,0,Spring,,,0,0,0,0,,0,0,0,0,0
2016-03-12,2016,3,March,12,Saturday,5,10,1,1,Spring,,,0,0,0,0,,0,0,0,0,1
2016-03-13,2016,3,March,13,Sunday,6,10,1,1,Spring,,,0,0,0,0,,0,0,0,0,1
2016-03-14,2016,3,March,14,Monday,0,11,1,0,Spring,,,0,0,0,0,,0,0,0,0,0
2016-03-15,2016,3,March,15,Tuesday,1,11,1,0,Spring,,,0,0,0,0,,0,0,0,0,0
2016-03-16,2016,3,March,16,Wednesday,2,11,1,0,Spring,,,0,0,0,0,,0,0,0,0,0
2016-03-17,2016,3,March,17,Thursday,3,11,1,0,Spring,,,0,0,0,0,,0,0,0,0,0
2016-03-18,2016,3,March,18,Friday,4,11,1,0,Spring,,,0,0,0,0,,0,0,0,0,0
2016-03-19,2016,3,March,19,Saturday,5,11,1,1,Spring,,,0,0,0,0,,0,0,0,0,1
2016-03-20,2016,3,March,20,Sunday,6,11,1,1,Spring,,,0,0,0,0,,0,0,0,0,1
2016-03-21,2016,3,March,21,Monday,0,12,1,0,Spring,,,0,0,0,0,,0,0,0,0,0
2016-03-22,2016,3,March,22,Tuesday,1,12,1,0,Spring,,,0,0,0,0,,0,0,0,0,0
2016-03-23,2016,3,March,23,Wednesday,2,12,1,0,Spring,,,0,0,0,0,,0,0,0,0,0
2016-03-24,2016,3,March,24,Thursday,3,12,1,0,Spring,,,0,0,0,0,,0,0,0,0,0
2016-03-25,2016,3,March,25,Friday,4,12,1,0,Spring,,,0,0,1,0,,0,0,0,0,1
2016-03-26,2016,3,March,26,Saturday,5,12,1,1,Spring,,,0,0,0,0,,0,0,0,0,1
2016-03-27,2016,3,March,27,Sunday,6,12,1,1,Spring,,,0,0,0,0,,0,0,0,0,1
2016-03-28,2016,3,March,28,Monday,0,13,1,0,Spring,,,0,0,1,0,,0,0,0,0,1
2016-03-29,2016,3,March,29,Tuesday,1,13,1,0,Spring,,,0,0,0,0,,0,0,0,0,0
2016-03-30,2016,3,March,30,Wednesday,2,13,1,0,Spring,,,0,0,0,0,,0,0,0,0,0
2016-03-31,2016,3,March,31,Thursday,3,13,1,0,Spring,,,0,0,0,0,,0,0,0,0,0
2016-04-01,2016,4,April,1,Friday,4,13,2,0,Spring,,,0,0,0,0,,0,0,0,0,0
2016-04-02,2016,4,April,2,Saturday,5,13,2,1,Spring,,,0,0,0,0,,0,0,0,0,1
2016-04-03,2016,4,April,3,Sunday,6,13,2,1,Spring,,,0,0,0,0,,0,0,0,0,1
2016-04-04,2016,4,April,4,Monday,0,14,2,0,Spring,,,0,0,0,0,,0,0,0,0,0
2016-04-05,2016,4,April,5,Tuesday,1,14,2,0,Spring,,,0,0,0,0,,0,0,0,0,0
2016-04-06,2016,4,April,6,Wednesday,2,14,2,0,Spring,,,0,0,0,0,,0,0,0,0,0
2016-04-07,2016,4,April,7,Thursday,3,14,2,0,Spring,,,0,0,0,0,,0,0,0,0,0
2016-04-08,2016,4,April,8,Friday,4,14,2,0,Spring,,,0,0,0,0,,0,0,0,0,0
2016-04-09,2016,4,April,9,Saturday,5,14,2,1,Spring,,,0,0,0,0,,0,0,0,0,1
2016-04-10,2016,4,April,10,Sunday,6,14,2,1,Spring,,,0,0,0,0,,0,0,0,0,1
2016-04-11,2016,4,April,11,Monday,0,15,2,0,Spring,,,0,0,0,0,,0,0,0,0,0
2016-04-12,2016,4,April,12,Tuesday,1,15,2,0,Spring,,,0,0,0,0,,0,0,0,0,0
2016-04-13,2016,4,April,13,Wednesday,2,15,2,0,Spring,,,0,0,0,0,,0,0,0,0,0
2016-04-14,2016,4,April,14,Thursday,3,15,2,0,Spring,,,0,0,0,0,,0,0,0,0,0
2016-04-15,2016,4,April,15,Friday,4,15,2,0,Spring,,,0,0,0,0,,0,0,0,0,0
2016-04-16,2016,4,April,16,Saturday,5,15,2,1,Spring,,,0,0,0,0,,0,0,0,0,1
2016-04-17,2016,4,April,17,Sunday,6,15,2,1,Spring,,,0,0,0,0,,0,0,0,0,1
2016-04-18,2016,4,April,18,Monday,0,16,2,0,Spring,,,0,0,0,0,,0,0,0,0,0
2016-04-19,2016,4,April,19,Tuesday,1,16,2,0,Spring,,,0,0,0,0,,0,0,0,0,0
2016-04-20,2016,4,April,20,Wednesday,2,16,2,0,Spring,,,0,0,0,0,,0,0,0,0,0
2016-04-21,2016,4,April,21,Thursday,3,16,2,0,Spring,,,0,0,0,0,,0,0,0,0,0
2016-04-22,2016,4,April,22,Friday,4,16,2,0,Spring,,,0,0,0,0,,0,0,0,0,0
2016-04-23,2016,4,April,23,Saturday,5,16,2,1,Spring,,,0,0,0,0,,0,0,0,0,1
2016-04-24,2016,4,April,24,Sunday,6,16,2,1,Spring,,,0,0,0,0,,0,0,0,0,1
2016-04-25,2016,4,April,25,Monday,0,17,2,0,Spring,,,0,0,0,0,,0,0,0,0,0
2016-04-26,2016,4,April,26,Tuesday,1,17,2,0,Spring,,,0,0,0,0,,0,0,0,0,0
2016-04-27,2016,4,April,27,Wednesday,2,17,2,0,Spring,,,0,0,0,0,,0,0,0,0,0
2016-04-28,2016,4,April,28,Thursday,3,17,2,0,Spring,,,0,0,0,0,,0,0,0,0,0
2016-04-29,2016,4,April,29,Friday,4,17,2,0,Spring,,,0,0,0,0,,0,0,0,0,0
2016-04-30,2016,4,April,30,Saturday,5,17,2,1,Spring,,,0,0,0,0,,0,0,0,0,1
2016-05-01,2016,5,May,1,Sunday,6,17,2,1,Spring,,,0,0,0,0,,0,0,0,0,1
2016-05-02,2016,5,May,2,Monday,0,18,2,0,Spring,,,0,0,1,0,,0,0,0,0,1
2016-05-03,2016,5,May,3,Tuesday,1,18,2,0,Spring,,,0,0,0,0,,0,0,0,0,0
2016-05-04,2016,5,May,4,Wednesday,2,18,2,0,Spring,,,0,0,0,0,,0,0,0,0,0
2016-05-05,2016,5,May,5,Thursday,3,18,2,0,Spring,,,0,0,0,0,,0,0,0,0,0
2016-05-06,2016,5,May,6,Friday,4,18,2,0,Spring,,,0,0,0,0,,0,0,0,0,0
2016-05-07,2016,5,May,7,Saturday,5,18,2,1,Spring,,,0,0,0,0,,0,0,0,0,1
2016-05-08,2016,5,May,8,Sunday,6,18,2,1,Spring,,,0,0,0,0,,0,0,0,0,1
2016-05-09,2016,5,May,9,Monday,0,19,2,0,Spring,,,0,0,0,0,,0,0,0,0,0
2016-05-10,2016,5,May,10,Tuesday,1,19,2,0,Spring,,,0,0,0,0,,0,0,0,0,0
2016-05-11,2016,5,May,11,Wednesday,2,19,2,0,Spring,,,0,0,0,0,,0,0,0,0,0
2016-05-12,2016,5,May,12,Thursday,3,19,2,0,Spring,,,0,0,0,0,,0,0,0,0,0
2016-05-13,2016,5,May,13,Friday,4,19,2,0,Spring,,,0,0,0,0,,0,0,0,0,0
2016-05-14,2016,5,May,14,Saturday,5,19,2,1,Spring,,,0,0,0,0,,0,0,0,0,1
2016-05-15,2016,5,May,15,Sunday,6,19,2,1,Spring,,,0,0,0,0,,0,0,0,0,1
2016-05-16,2016,5,May,16,Monday,0,20,2,0,Spring,,,0,0,0,0,,0,0,0,0,0
2016-05-17,2016,5,May,17,Tuesday,1,20,2,0,Spring,,,0,0,0,0,,0,0,0,0,0
2016-05-18,2016,5,May,18,Wednesday,2,20,2,0,Spring,,,0,0,0,0,,0,0,0,0,0
2016-05-19,2016,5,May,19,Thursday,3,20,2,0,Spring,,,0,0,0,0,,0,0,0,0,0
2016-05-20,2016,5,May,20,Friday,4,20,2,0,Spring,,,0,0,0,0,,0,0,0,0,0
2016-05-21,2016,5,May,21,Saturday,5,20,2,1,Spring,,,0,0,0,0,,0,0,0,0,1
2016-05-22,2016,5,May,22,Sunday,6,20,2,1,Spring,,,0,0,0,0,,0,0,0,0,1
2016-05-23,2016,5,May,23,Monday,0,21,2,0,Spring,,,0,0,0,0,,0,0,0,0,0
2016-05-24,2016,5,May,24,Tuesday,1,21,2,0,Spring,,,0,0,0,0,,0,0,0,0,0
2016-05-25,2016,5,May,25,Wednesday,2,21,2,0,Spring,,,0,0,0,0,,0,0,0,0,0
2016-05-26,2016,5,May,26,Thursday,3,21,2,0,Spring,,,0,0,0,0,,0,0,0,0,0
2016-05-27,2016,5,May,27,Friday,4,21,2,0,Spring,,,0,0,0,0,,0,0,0,0,0
2016-05-28,2016,5,May,28,Saturday,5,21,2,1,Spring,,,0,0,0,0,,0,0,0,0,1
2016-05-29,2016,5,May,29,Sunday,6,21,2,1,Spring,,,0,0,0,0,,0,0,0,0,1
2016-05-30,2016,5,May,30,Monday,0,22,2,0,Spring,,,0,0,1,0,,0,0,0,0,1
2016-05-31,2016,5,May,31,Tuesday,1,22,2,0,Spring,,,0,0,0,0,,0,0,0,0,0
2016-06-01,2016,6,June,1,Wednesday,2,22,2,0,Summer,,,0,0,0,0,,0,0,0,0,0
2016-06-02,2016,6,June,2,Thursday,3,22,2,0,Summer,,,0,0,0,0,,0,0,0,0,0
2016-06-03,2016,6,June,3,Friday,4,22,2,0,Summer,,,0,0,0,0,,0,0,0,0,0
2016-06-04,2016,6,June,4,Saturday,5,22,2,1,Summer,,,0,0,0,0,,0,0,0,0,1
2016-06-05,2016,6,June,5,Sunday,6,22,2,1,Summer,,,0,0,0,0,,0,0,0,0,1
2016-06-06,2016,6,June,6,Monday,0,23,2,0,Summer,,,0,0,0,0,,0,0,0,0,0
2016-06-07,2016,6,June,7,Tuesday,1,23,2,0,Summer,,,0,0,0,0,,0,0,0,0,0
2016-06-08,2016,6,June,8,Wednesday,2,23,2,0,Summer,,,0,0,0,0,,0,0,0,0,0
2016-06-09,2016,6,June,9,Thursday,3,23,2,0,Summer,,,0,0,0,0,,0,0,0,0,0
2016-06-10,2016,6,June,10,Friday,4,23,2,0,Summer,,,0,0,0,0,,0,0,0,0,0
2016-06-11,2016,6,June,11,Saturday,5,23,2,1,Summer,,,0,0,0,0,,0,0,0,0,1
2016-06-12,2016,6,June,12,Sunday,6,23,2,1,Summer,,,0,0,0,0,,0,0,0,0,1
2016-06-13,2016,6,June,13,Monday,0,24,2,0,Summer,,,0,0,0,0,,0,0,0,0,0
2016-06-14,2016,6,June,14,Tuesday,1,24,2,0,Summer,,,0,0,0,0,,0,0,0,0,0
2016-06-15,2016,6,June,15,Wednesday,2,24,2,0,Summer,,,0,0,0,0,,0,0,0,0,0
2016-06-16,2016,6,June,16,Thursday,3,24,2,0,Summer,,,0,0,0,0,,0,0,0,0,0
2016-06-17,2016,6,June,17,Friday,4,24,2,0,Summer,,,0,0,0,0,,0,0,0,0,0
2016-06-18,2016,6,June,18,Saturday,5,24,2,1,Summer,,,0,0,0,0,,0,0,0,0,1
2016-06-19,2016,6,June,19,Sunday,6,24,2,1,Summer,,,0,0,0,0,,0,0,0,0,1
2016-06-20,2016,6,June,20,Monday,0,25,2,0,Summer,,,0,0,0,0,,0,0,0,0,0
2016-06-21,2016,6,June,21,Tuesday,1,25,2,0,Summer,,,0,0,0,0,,0,0,0,0,0
2016-06-22,2016,6,June,22,Wednesday,2,25,2,0,Summer,,,0,0,0,0,,0,0,0,0,0
2016-06-23,2016,6,June,23,Thursday,3,25,2,0,Summer,,,0,0,0,0,,0,0,0,0,0
2016-06-24,2016,6,June,24,Friday,4,25,2,0,Summer,,,0,0,0,0,,0,0,0,0,0
2016-06-25,2016,6,June,25,Saturday,5,25,2,1,Summer,,,0,0,0,0,,0,0,0,0,1
2016-06-26,2016,6,June,26,Sunday,6,25,2,1,Summer,,,0,0,0,0,,0,0,0,0,1
2016-06-27,2016,6,June,27,Monday,0,26,2,0,Summer,,,0,0,0,0,,0,0,0,0,0
2016-06-28,2016,6,June,28,Tuesday,1,26,2,0,Summer,,,0,0,0,0,,0,0,0,0,0
2016-06-29,2016,6,June,29,Wednesday,2,26,2,0,Summer,,,0,0,0,0,,0,0,0,0,0
2016-06-30,2016,6,June,30,Thursday,3,26,2,0,Summer,,,0,0,0,0,,0,0,0,0,0
2016-07-01,2016,7,July,1,Friday,4,26,3,0,Summer,,,0,0,0,0,,0,0,0,0,0
2016-07-02,2016,7,July,2,Saturday,5,26,3,1,Summer,,,0,0,0,0,,0,0,0,0,1
2016-07-03,2016,7,July,3,Sunday,6,26,3,1,Summer,,,0,0,0,0,,0,0,0,0,1
2016-07-04,2016,7,July,4,Monday,0,27,3,0,Summer,,,0,0,0,0,,0,0,0,0,0
2016-07-05,2016,7,July,5,Tuesday,1,27,3,0,Summer,,,0,0,0,0,,0,0,0,0,0
2016-07-06,2016,7,July,6,Wednesday,2,27,3,0,Summer,,,0,0,0,0,,0,0,0,0,0
2016-07-07,2016,7,July,7,Thursday,3,27,3,0,Summer,,,0,0,0,0,,0,0,0,0,0
2016-07-08,2016,7,July,8,Friday,4,27,3,0,Summer,,,0,0,0,0,,0,0,0,0,0
2016-07-09,2016,7,July,9,Saturday,5,27,3,1,Summer,,,0,0,0,0,,0,0,0,0,1
2016-07-10,2016,7,July,10,Sunday,6,27,3,1,Summer,,,0,0,0,0,,0,0,0,0,1
2016-07-11,2016,7,July,11,Monday,0,28,3,0,Summer,,,0,0,0,0,,0,0,0,0,0
2016-07-12,2016,7,July,12,Tuesday,1,28,3,0,Summer,,,0,0,0,0,,0,0,0,0,0
2016-07-13,2016,7,July,13,Wednesday,2,28,3,0,Summer,,,0,0,0,0,,0,0,0,0,0
2016-07-14,2016,7,July,14,Thursday,3,28,3,0,Summer,,,0,0,0,0,,0,0,0,0,0
2016-07-15,2016,7,July,15,Friday,4,28,3,0,Summer,,,0,0,0,0,,0,0,0,0,0
2016-07-16,2016,7,July,16,Saturday,5,28,3,1,Summer,,,0,0,0,0,,0,0,0,0,1
2016-07-17,2016,7,July,17,Sunday,6,28,3,1,Summer,,,0,0,0,0,,0,0,0,0,1
2016-07-18,2016,7,July,18,Monday,0,29,3,0,Summer,,,0,0,0,0,,0,0,0,0,0
2016-07-19,2016,7,July,19,Tuesday,1,29,3,0,Summer,,,0,0,0,0,,0,0,0,0,0
2016-07-20,2016,7,July,20,Wednesday,2,29,3,0,Summer,,,0,0,0,0,,0,0,0,0,0
2016-07-21,2016,7,July,21,Thursday,3,29,3,0,Summer,,,0,0,0,0,,0,0,0,0,0
2016-07-22,2016,7,July,22,Friday,4,29,3,0,Summer,,,0,0,0,0,,0,0,0,0,0
2016-07-23,2016,7,July,23,Saturday,5,29,3,1,Summer,,,0,0,0,0,,0,0,0,0,1
2016-07-24,2016,7,July,24,Sunday,6,29,3,1,Summer,,,0,0,0,0,,0,0,0,0,1
2016-07-25,2016,7,July,25,Monday,0,30,3,0,Summer,,,0,0,0,0,,0,0,0,0,0
2016-07-26,2016,7,July,26,Tuesday,1,30,3,0,Summer,,,0,0,0,0,,0,0,0,0,0
2016-07-27,2016,7,July,27,Wednesday,2,30,3,0,Summer,,,0,0,0,0,,0,0,0,0,0
2016-07-28,2016,7,July,28,Thursday,3,30,3,0,Summer,,,0,0,0,0,,0,0,0,0,0
2016-07-29,2016,7,July,29,Friday,4,30,3,0,Summer,,,0,0,0,0,,0,0,0,0,0
2016-07-30,2016,7,July,30,Saturday,5,30,3,1,Summer,,,0,0,0,0,,0,0,0,0,1
2016-07-31,2016,7,July,31,Sunday,6,30,3,1,Summer,,,0,0,0,0,,0,0,0,0,1
2016-08-01,2016,8,August,1,Monday,0,31,3,0,Summer,,,0,0,0,0,,0,0,0,0,0
2016-08-02,2016,8,August,2,Tuesday,1,31,3,0,Summer,,,0,0,0,0,,0,0,0,0,0
2016-08-03,2016,8,August,3,Wednesday,2,31,3,0,Summer,,,0,0,0,0,,0,0,0,0,0
2016-08-04,2016,8,August,4,Thursday,3,31,3,0,Summer,,,0,0,0,0,,0,0,0,0,0
2016-08-05,2016,8,August,5,Friday,4,31,3,0,Summer,,,0,0,0,0,,0,0,0,0,0
2016-08-06,2016,8,August,6,Saturday,5,31,3,1,Summer,,,0,0,0,0,,0,0,0,0,1
2016-08-07,2016,8,August,7,Sunday,6,31,3,1,Summer,,,0,0,0,0,,0,0,0,0,1
2016-08-08,2016,8,August,8,Monday,0,32,3,0,Summer,,,0,0,0,0,,0,0,0,0,0
2016-08-09,2016,8,August,9,Tuesday,1,32,3,0,Summer,,,0,0,0,0,,0,0,0,0,0
2016-08-10,2016,8,August,10,Wednesday,2,32,3,0,Summer,,,0,0,0,0,,0,0,0,0,0
2016-08-11,2016,8,August,11,Thursday,3,32,3,0,Summer,,,0,0,0,0,,0,0,0,0,0
2016-08-12,2016,8,August,12,Friday,4,32,3,0,Summer,,,0,0,0,0,,0,0,0,0,0
2016-08-13,2016,8,August,13,Saturday,5,32,3,1,Summer,,,0,0,0,0,,0,0,0,0,1
2016-08-14,2016,8,August,14,Sunday,6,32,3,1,Summer,,,0,0,0,0,,0,0,0,0,1
2016-08-15,2016,8,August,15,Monday,0,33,3,0,Summer,,,0,0,0,0,,0,0,0,0,0
2016-08-16,2016,8,August,16,Tuesday,1,33,3,0,Summer,,,0,0,0,0,,0,0,0,0,0
2016-08-17,2016,8,August,17,Wednesday,2,33,3,0,Summer,,,0,0,0,0,,0,0,0,0,0
2016-08-18,2016,8,August,18,Thursday,3,33,3,0,Summer,,,0,0,0,0,,0,0,0,0,0
2016-08-19,2016,8,August,19,Friday,4,33,3,0,Summer,,,0,0,0,0,,0,0,0,0,0
2016-08-20,2016,8,August,20,Saturday,5,33,3,1,Summer,,,0,0,0,0,,0,0,0,0,1
2016-08-21,2016,8,August,21,Sunday,6,33,3,1,Summer,,,0,0,0,0,,0,0,0,0,1
2016-08-22,2016,8,August,22,Monday,0,34,3,0,Summer,,,0,0,0,0,,0,0,0,0,0
2016-08-23,2016,8,August,23,Tuesday,1,34,3,0,Summer,,,0,0,0,0,,0,0,0,0,0
2016-08-24,2016,8,August,24,Wednesday,2,34,3,0,Summer,,,0,0,0,0,,0,0,0,0,0
2016-08-25,2016,8,August,25,Thursday,3,34,3,0,Summer,,,0,0,0,0,,0,0,0,0,0
2016-08-26,2016,8,August,26,Friday,4,34,3,0,Summer,,,0,0,0,0,,0,0,0,0,0
2016-08-27,2016,8,August,27,Saturday,5,34,3,1,Summer,,,0,0,0,0,,0,0,0,0,1
2016-08-28,2016,8,August,28,Sunday,6,34,3,1,Summer,,,0,0,0,0,,0,0,0,0,1
2016-08-29,2016,8,August,29,Monday,0,35,3,0,Summer,,,0,0,1,0,,0,0,0,0,1
2016-08-30,2016,8,August,30,Tuesday,1,35,3,0,Summer,,,0,0,0,0,,0,0,0,0,0
2016-08-31,2016,8,August,31,Wednesday,2,35,3,0,Summer,,,0,0,0,0,,0,0,0,0,0
2016-09-01,2016,9,September,1,Thursday,3,35,3,0,Autumn,,,0,0,0,0,,0,0,0,0,0
2016-09-02,2016,9,September,2,Friday,4,35,3,0,Autumn,,,0,0,0,0,,0,0,0,0,0
2016-09-03,2016,9,September,3,Saturday,5,35,3,1,Autumn,,,0,0,0,0,,0,0,0,0,1
2016-09-04,2016,9,September,4,Sunday,6,35,3,1,Autumn,,,0,0,0,0,,0,0,0,0,1
2016-09-05,2016,9,September,5,Monday,0,36,3,0,Autumn,,,0,0,0,0,,0,0,0,0,0
2016-09-06,2016,9,September,6,Tuesday,1,36,3,0,Autumn,,,0,0,0,0,,0,0,0,0,0
2016-09-07,2016,9,September,7,Wednesday,2,36,3,0,Autumn,,,0,0,0,0,,0,0,0,0,0
2016-09-08,2016,9,September,8,Thursday,3,36,3,0,Autumn,,,0,0,0,0,,0,0,0,0,0
2016-09-09,2016,9,September,9,Friday,4,36,3,0,Autumn,,,0,0,0,0,,0,0,0,0,0
2016-09-10,2016,9,September,10,Saturday,5,36,3,1,Autumn,,,0,0,0,0,,0,0,0,0,1
2016-09-11,2016,9,September,11,Sunday,6,36,3,1,Autumn,,,0,0,0,0,,0,0,0,0,1
2016-09-12,2016,9,September,12,Monday,0,37,3,0,Autumn,,,0,0,0,0,,0,0,0,0,0
2016-09-13,2016,9,September,13,Tuesday,1,37,3,0,Autumn,,,0,0,0,0,,0,0,0,0,0
2016-09-14,2016,9,September,14,Wednesday,2,37,3,0,Autumn,,,0,0,0,0,,0,0,0,0,0
2016-09-15,2016,9,September,15,Thursday,3,37,3,0,Autumn,,,0,0,0,0,,0,0,0,0,0
2016-09-16,2016,9,September,16,Friday,4,37,3,0,Autumn,,,0,0,0,0,,0,0,0,0,0
2016-09-17,2016,9,September,17,Saturday,5,37,3,1,Autumn,,,0,0,0,0,,0,0,0,0,1
2016-09-18,2016,9,September,18,Sunday,6,37,3,1,Autumn,,,0,0,0,0,,0,0,0,0,1
2016-09-19,2016,9,September,19,Monday,0,38,3,0,Autumn,,,0,0,0,0,,0,0,0,0,0
2016-09-20,2016,9,September,20,Tuesday,1,38,3,0,Autumn,,,0,0,0,0,,0,0,0,0,0
2016-09-21,2016,9,September,21,Wednesday,2,38,3,0,Autumn,,,0,0,0,0,,0,0,0,0,0
2016-09-22,2016,9,September,22,Thursday,3,38,3,0,Autumn,,,0,0,0,0,,0,0,0,0,0
2016-09-23,2016,9,September,23,Friday,4,38,3,0,Autumn,,,0,0,0,0,,0,0,0,0,0
2016-09-24,2016,9,September,24,Saturday,5,38,3,1,Autumn,,,0,0,0,0,,0,0,0,0,1
2016-09-25,2016,9,September,25,Sunday,6,38,3,1,Autumn,,,0,0,0,0,,0,0,0,0,1
2016-09-26,2016,9,September,26,Monday,0,39,3,0,Autumn,,,0,0,0,0,,0,0,0,0,0
2016-09-27,2016,9,September,27,Tuesday,1,39,3,0,Autumn,,,0,0,0,0,,0,0,0,0,0
2016-09-28,2016,9,September,28,Wednesday,2,39,3,0,Autumn,,,0,0,0,0,,0,0,0,0,0
2016-09-29,2016,9,September,29,Thursday,3,39,3,0,Autumn,,,0,0,0,0,,0,0,0,0,0
2016-09-30,2016,9,September,30,Friday,4,39,3,0,Autumn,,,0,0,0,0,,0,0,0,0,0
2016-10-01,2016,10,October,1,Saturday,5,39,4,1,Autumn,,,0,0,0,0,,0,0,0,0,1
2016-10-02,2016,10,October,2,Sunday,6,39,4,1,Autumn,,,0,0,0,0,,0,0,0,0,1
2016-10-03,2016,10,October,3,Monday,0,40,4,0,Autumn,,,0,0,0,0,,0,0,0,0,0
2016-10-04,2016,10,October,4,Tuesday,1,40,4,0,Autumn,,,0,0,0,0,,0,0,0,0,0
2016-10-05,2016,10,October,5,Wednesday,2,40,4,0,Autumn,,,0,0,0,0,,0,0,0,0,0
2016-10-06,2016,10,October,6,Thursday,3,40,4,0,Autumn,,,0,0,0,0,,0,0,0,0,0
2016-10-07,2016,10,October,7,Friday,4,40,4,0,Autumn,,,0,0,0,0,,0,0,0,0,0
2016-10-08,2016,10,October,8,Saturday,5,40,4,1,Autumn,,,0,0,0,0,,0,0,0,0,1
2016-10-09,2016,10,October,9,Sunday,6,40,4,1,Autumn,,,0,0,0,0,,0,0,0,0,1
2016-10-10,2016,10,October,10,Monday,0,41,4,0,Autumn,,,0,0,0,0,,0,0,0,0,0
2016-10-11,2016,10,October,11,Tuesday,1,41,4,0,Autumn,,,0,0,0,0,,0,0,0,0,0
2016-10-12,2016,10,October,12,Wednesday,2,41,4,0,Autumn,,,0,0,0,0,,0,0,0,0,0
2016-10-13,2016,10,October,13,Thursday,3,41,4,0,Autumn,,,0,0,0,0,,0,0,0,0,0
2016-10-14,2016,10,October,14,Friday,4,41,4,0,Autumn,,,0,0,0,0,,0,0,0,0,0
2016-10-15,2016,10,October,15,Saturday,5,41,4,1,Autumn,,,0,0,0,0,,0,0,0,0,1
2016-10-16,2016,10,October,16,Sunday,6,41,4,1,Autumn,,,0,0,0,0,,0,0,0,0,1
2016-10-17,2016,10,October,17,Monday,0,42,4,0,Autumn,,,0,0,0,0,,0,0,0,0,0
2016-10-18,2016,10,October,18,Tuesday,1,42,4,0,Autumn,,,0,0,0,0,,0,0,0,0,0
2016-10-19,2016,10,October,19,Wednesday,2,42,4,0,Autumn,,,0,0,0,0,,0,0,0,0,0
2016-10-20,2016,10,October,20,Thursday,3,42,4,0,Autumn,,,0,0,0,0,,0,0,0,0,0
2016-10-21,2016,10,October,21,Friday,4,42,4,0,Autumn,,,0,0,0,0,,0,0,0,0,0
2016-10-22,2016,10,October,22,Saturday,5,42,4,1,Autumn,,,0,0,0,0,,0,0,0,0,1
2016-10-23,2016,10,October,23,Sunday,6,42,4,1,Autumn,,,0,0,0,0,,0,0,0,0,1
2016-10-24,2016,10,October,24,Monday,0,43,4,0,Autumn,,,0,0,0,0,,0,0,0,0,0
2016-10-25,2016,10,October,25,Tuesday,1,43,4,0,Autumn,,,0,0,0,0,,0,0,0,0,0
2016-10-26,2016,10,October,26,Wednesday,2,43,4,0,Autumn,,,0,0,0,0,,0,0,0,0,0
2016-10-27,2016,10,October,27,Thursday,3,43,4,0,Autumn,,,0,0,0,0,,0,0,0,0,0
2016-10-28,2016,10,October,28,Friday,4,43,4,0,Autumn,,,0,0,0,0,,0,0,0,0,0
2016-10-29,2016,10,October,29,Saturday,5,43,4,1,Autumn,,,0,0,0,0,,0,0,0,0,1
2016-10-30,2016,10,October,30,Sunday,6,43,4,1,Autumn,,,0,0,0,0,,0,0,0,0,1
2016-10-31,2016,10,October,31,Monday,0,44,4,0,Autumn,,,0,0,0,0,,0,0,0,0,0
2016-11-01,2016,11,November,1,Tuesday,1,44,4,0,Autumn,,,0,0,0,0,,0,0,0,0,0
2016-11-02,2016,11,November,2,Wednesday,2,44,4,0,Autumn,,,0,0,0,0,,0,0,0,0,0
2016-11-03,2016,11,November,3,Thursday,3,44,4,0,Autumn,,,0,0,0,0,,0,0,0,0,0
2016-11-04,2016,11,November,4,Friday,4,44,4,0,Autumn,,,0,0,0,0,,0,0,0,0,0
2016-11-05,2016,11,November,5,Saturday,5,44,4,1,Autumn,,,0,0,0,0,,0,0,0,0,1
2016-11-06,2016,11,November,6,Sunday,6,44,4,1,Autumn,,,0,0,0,0,,0,0,0,0,1
2016-11-07,2016,11,November,7,Monday,0,45,4,0,Autumn,,,0,0,0,0,,0,0,0,0,0
2016-11-08,2016,11,November,8,Tuesday,1,45,4,0,Autumn,,,0,0,0,0,,0,0,0,0,0
2016-11-09,2016,11,November,9,Wednesday,2,45,4,0,Autumn,,,0,0,0,0,,0,0,0,0,0
2016-11-10,2016,11,November,10,Thursday,3,45,4,0,Autumn,,,0,0,0,0,,0,0,0,0,0
2016-11-11,2016,11,November,11,Friday,4,45,4,0,Autumn,,,0,0,0,0,,0,0,0,0,0
2016-11-12,2016,11,November,12,Saturday,5,45,4,1,Autumn,,,0,0,0,0,,0,0,0,0,1
2016-11-13,2016,11,November,13,Sunday,6,45,4,1,Autumn,,,0,0,0,0,,0,0,0,0,1
2016-11-14,2016,11,November,14,Monday,0,46,4,0,Autumn,,,0,0,0,0,,0,0,0,0,0
2016-11-15,2016,11,November,15,Tuesday,1,46,4,0,Autumn,,,0,0,0,0,,0,0,0,0,0
2016-11-16,2016,11,November,16,Wednesday,2,46,4,0,Autumn,,,0,0,0,0,,0,0,0,0,0
2016-11-17,2016,11,November,17,Thursday,3,46,4,0,Autumn,,,0,0,0,0,,0,0,0,0,0
2016-11-18,2016,11,November,18,Friday,4,46,4,0,Autumn,,,0,0,0,0,,0,0,0,0,0
2016-11-19,2016,11,November,19,Saturday,5,46,4,1,Autumn,,,0,0,0,0,,0,0,0,0,1
2016-11-20,2016,11,November,20,Sunday,6,46,4,1,Autumn,,,0,0,0,0,,0,0,0,0,1
2016-11-21,2016,11,November,21,Monday,0,47,4,0,Autumn,,,0,0,0,0,,0,0,0,0,0
2016-11-22,2016,11,November,22,Tuesday,1,47,4,0,Autumn,,,0,0,0,0,,0,0,0,0,0
2016-11-23,2016,11,November,23,Wednesday,2,47,4,0,Autumn,,,0,0,0,0,,0,0,0,0,0
2016-11-24,2016,11,November,24,Thursday,3,47,4,0,Autumn,,,0,0,0,0,,0,0,0,0,0
2016-11-25,2016,11,November,25,Friday,4,47,4,0,Autumn,,,0,0,0,0,,0,0,0,0,0
2016-11-26,2016,11,November,26,Saturday,5,47,4,1,Autumn,,,0,0,0,0,,0,0,0,0,1
2016-11-27,2016,11,November,27,Sunday,6,47,4,1,Autumn,,,0,0,0,0,,0,0,0,0,1
2016-11-28,2016,11,November,28,Monday,0,48,4,0,Autumn,,,0,0,0,0,,0,0,0,0,0
2016-11-29,2016,11,November,29,Tuesday,1,48,4,0,Autumn,,,0,0,0,0,,0,0,0,0,0
2016-11-30,2016,11,November,30,Wednesday,2,48,4,0,Autumn,,,0,0,0,0,,0,0,0,0,0
2016-12-01,2016,12,December,1,Thursday,3,48,4,0,Winter,,,0,0,0,0,,0,0,0,0,0
2016-12-02,2016,12,December,2,Friday,4,48,4,0,Winter,,,0,0,0,0,,0,0,0,0,0
2016-12-03,2016,12,December,3,Saturday,5,48,4,1,Winter,,,0,0,0,0,,0,0,0,0,1
2016-12-04,2016,12,December,4,Sunday,6,48,4,1,Winter,,,0,0,0,0,,0,0,0,0,1
2016-12-05,2016,12,December,5,Monday,0,49,4,0,Winter,,,0,0,0,0,,0,0,0,0,0
2016-12-06,2016,12,December,6,Tuesday,1,49,4,0,Winter,,,0,0,0,0,,0,0,0,0,0
2016-12-07,2016,12,December,7,Wednesday,2,49,4,0,Winter,,,0,0,0,0,,0,0,0,0,0
2016-12-08,2016,12,December,8,Thursday,3,49,4,0,Winter,,,0,0,0,0,,0,0,0,0,0
2016-12-09,2016,12,December,9,Friday,4,49,4,0,Winter,,,0,0,0,0,,0,0,0,0,0
2016-12-10,2016,12,December,10,Saturday,5,49,4,1,Winter,,,0,0,0,0,,0,0,0,0,1
2016-12-11,2016,12,December,11,Sunday,6,49,4,1,Winter,,,0,0,0,0,,0,0,0,0,1
2016-12-12,2016,12,December,12,Monday,0,50,4,0,Winter,,,0,0,0,0,,0,0,0,0,0
2016-12-13,2016,12,December,13,Tuesday,1,50,4,0,Winter,,,0,0,0,0,,0,0,0,0,0
2016-12-14,2016,12,December,14,Wednesday,2,50,4,0,Winter,,,0,0,0,0,,0,0,0,0,0
2016-12-15,2016,12,December,15,Thursday,3,50,4,0,Winter,,,0,0,0,0,,0,0,0,0,0
2016-12-16,2016,12,December,16,Friday,4,50,4,0,Winter,,,0,0,0,0,,0,0,0,0,0
2016-12-17,2016,12,December,17,Saturday,5,50,4,1,Winter,,,0,0,0,0,,0,0,0,0,1
2016-12-18,2016,12,December,18,Sunday,6,50,4,1,Winter,,,0,0,0,0,,0,0,0,0,1
2016-12-19,2016,12,December,19,Monday,0,51,4,0,Winter,,,0,0,0,0,,0,0,0,0,0
2016-12-20,2016,12,December,20,Tuesday,1,51,4,0,Winter,,,0,0,0,0,,0,0,0,0,0
2016-12-21,2016,12,December,21,Wednesday,2,51,4,0,Winter,,,0,0,0,0,,0,0,0,0,0
2016-12-22,2016,12,December,22,Thursday,3,51,4,0,Winter,,,0,0,0,0,,0,0,0,0,0
2016-12-23,2016,12,December,23,Friday,4,51,4,0,Winter,,,0,0,0,0,,0,0,0,0,0
2016-12-24,2016,12,December,24,Saturday,5,51,4,1,Winter,,,0,0,0,0,,0,0,0,0,1
2016-12-25,2016,12,December,25,Sunday,6,51,4,1,Winter,,,0,0,0,0,,0,0,0,0,1
2016-12-26,2016,12,December,26,Monday,0,52,4,0,Winter,,,0,0,1,0,,0,0,0,0,1
2016-12-27,2016,12,December,27,Tuesday,1,52,4,0,Winter,,,0,0,1,0,,0,0,0,0,1
2016-12-28,2016,12,December,28,Wednesday,2,52,4,0,Winter,,,0,0,0,0,,0,0,0,0,0
2016-12-29,2016,12,December,29,Thursday,3,52,4,0,Winter,,,0,0,0,0,,0,0,0,0,0
2016-12-30,2016,12,December,30,Friday,4,52,4,0,Winter,,,0,0,0,0,,0,0,0,0,0
2016-12-31,2016,12,December,31,Saturday,5,52,4,1,Winter,,,0,0,0,0,,0,0,0,0,1
2017-01-01,2017,1,January,1,Sunday,6,52,1,1,Winter,,,0,0,0,0,,0,0,0,0,1
2017-01-02,2017,1,January,2,Monday,0,1,1,0,Winter,,,0,0,1,0,,0,0,0,0,1
2017-01-03,2017,1,January,3,Tuesday,1,1,1,0,Winter,,,0,0,0,0,,0,0,0,0,0
2017-01-04,2017,1,January,4,Wednesday,2,1,1,0,Winter,,,0,0,0,0,,0,0,0,0,0
2017-01-05,2017,1,January,5,Thursday,3,1,1,0,Winter,,,0,0,0,0,,0,0,0,0,0
2017-01-06,2017,1,January,6,Friday,4,1,1,0,Winter,,,0,0,0,0,,0,0,0,0,0
2017-01-07,2017,1,January,7,Saturday,5,1,1,1,Winter,,,0,0,0,0,,0,0,0,0,1
2017-01-08,2017,1,January,8,Sunday,6,1,1,1,Winter,,,0,0,0,0,,0,0,0,0,1
2017-01-09,2017,1,January,9,Monday,0,2,1,0,Winter,,,0,0,0,0,,0,0,0,0,0
2017-01-10,2017,1,January,10,Tuesday,1,2,1,0,Winter,,,0,0,0,0,,0,0,0,0,0
2017-01-11,2017,1,January,11,Wednesday,2,2,1,0,Winter,,,0,0,0,0,,0,0,0,0,0
2017-01-12,2017,1,January,12,Thursday,3,2,1,0,Winter,,,0,0,0,0,,0,0,0,0,0
2017-01-13,2017,1,January,13,Friday,4,2,1,0,Winter,,,0,0,0,0,,0,0,0,0,0
2017-01-14,2017,1,January,14,Saturday,5,2,1,1,Winter,,,0,0,0,0,,0,0,0,0,1
2017-01-15,2017,1,January,15,Sunday,6,2,1,1,Winter,,,0,0,0,0,,0,0,0,0,1
2017-01-16,2017,1,January,16,Monday,0,3,1,0,Winter,,,0,0,0,0,,0,0,0,0,0
2017-01-17,2017,1,January,17,Tuesday,1,3,1,0,Winter,,,0,0,0,0,,0,0,0,0,0
2017-01-18,2017,1,January,18,Wednesday,2,3,1,0,Winter,,,0,0,0,0,,0,0,0,0,0
2017-01-19,2017,1,January,19,Thursday,3,3,1,0,Winter,,,0,0,0,0,,0,0,0,0,0
2017-01-20,2017,1,January,20,Friday,4,3,1,0,Winter,,,0,0,0,0,,0,0,0,0,0
2017-01-21,2017,1,January,21,Saturday,5,3,1,1,Winter,,,0,0,0,0,,0,0,0,0,1
2017-01-22,2017,1,January,22,Sunday,6,3,1,1,Winter,,,0,0,0,0,,0,0,0,0,1
2017-01-23,2017,1,January,23,Monday,0,4,1,0,Winter,,,0,0,0,0,,0,0,0,0,0
2017-01-24,2017,1,January,24,Tuesday,1,4,1,0,Winter,,,0,0,0,0,,0,0,0,0,0
2017-01-25,2017,1,January,25,Wednesday,2,4,1,0,Winter,,,0,0,0,0,,0,0,0,0,0
2017-01-26,2017,1,January,26,Thursday,3,4,1,0,Winter,,,0,0,0,0,,0,0,0,0,0
2017-01-27,2017,1,January,27,Friday,4,4,1,0,Winter,,,0,0,0,0,,0,0,0,0,0
2017-01-28,2017,1,January,28,Saturday,5,4,1,1,Winter,,,0,0,0,0,,0,0,0,0,1
2017-01-29,2017,1,January,29,Sunday,6,4,1,1,Winter,,,0,0,0,0,,0,0,0,0,1
2017-01-30,2017,1,January,30,Monday,0,5,1,0,Winter,,,0,0,0,0,,0,0,0,0,0
2017-01-31,2017,1,January,31,Tuesday,1,5,1,0,Winter,,,0,0,0,0,,0,0,0,0,0
2017-02-01,2017,2,February,1,Wednesday,2,5,1,0,Winter,,,0,0,0,0,,0,0,0,0,0
2017-02-02,2017,2,February,2,Thursday,3,5,1,0,Winter,,,0,0,0,0,,0,0,0,0,0
2017-02-03,2017,2,February,3,Friday,4,5,1,0,Winter,,,0,0,0,0,,0,0,0,0,0
2017-02-04,2017,2,February,4,Saturday,5,5,1,1,Winter,,,0,0,0,0,,0,0,0,0,1
2017-02-05,2017,2,February,5,Sunday,6,5,1,1,Winter,,,0,0,0,0,,0,0,0,0,1
2017-02-06,2017,2,February,6,Monday,0,6,1,0,Winter,,,0,0,0,0,,0,0,0,0,0
2017-02-07,2017,2,February,7,Tuesday,1,6,1,0,Winter,,,0,0,0,0,,0,0,0,0,0
2017-02-08,2017,2,February,8,Wednesday,2,6,1,0,Winter,,,0,0,0,0,,0,0,0,0,0
2017-02-09,2017,2,February,9,Thursday,3,6,1,0,Winter,,,0,0,0,0,,0,0,0,0,0
2017-02-10,2017,2,February,10,Friday,4,6,1,0,Winter,,,0,0,0,0,,0,0,0,0,0
2017-02-11,2017,2,February,11,Saturday,5,6,1,1,Winter,,,0,0,0,0,,0,0,0,0,1
2017-02-12,2017,2,February,12,Sunday,6,6,1,1,Winter,,,0,0,0,0,,0,0,0,0,1
2017-02-13,2017,2,February,13,Monday,0,7,1,0,Winter,,,0,0,0,0,,0,0,0,0,0
2017-02-14,2017,2,February,14,Tuesday,1,7,1,0,Winter,,,0,0,0,0,,0,0,0,0,0
2017-02-15,2017,2,February,15,Wednesday,2,7,1,0,Winter,,,0,0,0,0,,0,0,0,0,0
2017-02-16,2017,2,February,16,Thursday,3,7,1,0,Winter,,,0,0,0,0,,0,0,0,0,0
2017-02-17,2017,2,February,17,Friday,4,7,1,0,Winter,,,0,0,0,0,,0,0,0,0,0
2017-02-18,2017,2,February,18,Saturday,5,7,1,1,Winter,,,0,0,0,0,,0,0,0,0,1
2017-02-19,2017,2,February,19,Sunday,6,7,1,1,Winter,,,0,0,0,0,,0,0,0,0,1
2017-02-20,2017,2,February,20,Monday,0,8,1,0,Winter,,,0,0,0,0,,0,0,0,0,0
2017-02-21,2017,2,February,21,Tuesday,1,8,1,0,Winter,,,0,0,0,0,,0,0,0,0,0
2017-02-22,2017,2,February,22,Wednesday,2,8,1,0,Winter,,,0,0,0,0,,0,0,0,0,0
2017-02-23,2017,2,February,23,Thursday,3,8,1,0,Winter,,,0,0,0,0,,0,0,0,0,0
2017-02-24,2017,2,February,24,Friday,4,8,1,0,Winter,,,0,0,0,0,,0,0,0,0,0
2017-02-25,2017,2,February,25,Saturday,5,8,1,1,Winter,,,0,0,0,0,,0,0,0,0,1
2017-02-26,2017,2,February,26,Sunday,6,8,1,1,Winter,,,0,0,0,0,,0,0,0,0,1
2017-02-27,2017,2,February,27,Monday,0,9,1,0,Winter,,,0,0,0,0,,0,0,0,0,0
2017-02-28,2017,2,February,28,Tuesday,1,9,1,0,Winter,,,0,0,0,0,,0,0,0,0,0
2017-03-01,2017,3,March,1,Wednesday,2,9,1,0,Spring,,,0,0,0,0,,0,0,0,0,0
2017-03-02,2017,3,March,2,Thursday,3,9,1,0,Spring,,,0,0,0,0,,0,0,0,0,0
2017-03-03,2017,3,March,3,Friday,4,9,1,0,Spring,,,0,0,0,0,,0,0,0,0,0
2017-03-04,2017,3,March,4,Saturday,5,9,1,1,Spring,,,0,0,0,0,,0,0,0,0,1
2017-03-05,2017,3,March,5,Sunday,6,9,1,1,Spring,,,0,0,0,0,,0,0,0,0,1
2017-03-06,2017,3,March,6,Monday,0,10,1,0,Spring,,,0,0,0,0,,0,0,0,0,0
2017-03-07,2017,3,March,7,Tuesday,1,10,1,0,Spring,,,0,0,0,0,,0,0,0,0,0
2017-03-08,2017,3,March,8,Wednesday,2,10,1,0,Spring,,,0,0,0,0,,0,0,0,0,0
2017-03-09,2017,3,March,9,Thursday,3,10,1,0,Spring,,,0,0,0,0,,0,0,0,0,0
2017-03-10,2017,3,March,10,Friday,4,10,1,0,Spring,,,0,0,0,0,,0,0,0,0,0
2017-03-11,2017,3,March,11,Saturday,5,10,1,1,Spring,,,0,0,0,0,,0,0,0,0,1
2017-03-12,2017,3,March,12,Sunday,6,10,1,1,Spring,,,0,0,0,0,,0,0,0,0,1
2017-03-13,2017,3,March,13,Monday,0,11,1,0,Spring,,,0,0,0,0,,0,0,0,0,0
2017-03-14,2017,3,March,14,Tuesday,1,11,1,0,Spring,,,0,0,0,0,,0,0,0,0,0
2017-03-15,2017,3,March,15,Wednesday,2,11,1,0,Spring,,,0,0,0,0,,0,0,0,0,0
2017-03-16,2017,3,March,16,Thursday,3,11,1,0,Spring,,,0,0,0,0,,0,0,0,0,0
2017-03-17,2017,3,March,17,Friday,4,11,1,0,Spring,,,0,0,0,0,,0,0,0,0,0
2017-03-18,2017,3,March,18,Saturday,5,11,1,1,Spring,,,0,0,0,0,,0,0,0,0,1
2017-03-19,2017,3,March,19,Sunday,6,11,1,1,Spring,,,0,0,0,0,,0,0,0,0,1
2017-03-20,2017,3,March,20,Monday,0,12,1,0,Spring,,,0,0,0,0,,0,0,0,0,0
2017-03-21,2017,3,March,21,Tuesday,1,12,1,0,Spring,,,0,0,0,0,,0,0,0,0,0
2017-03-22,2017,3,March,22,Wednesday,2,12,1,0,Spring,,,0,0,0,0,,0,0,0,0,0
2017-03-23,2017,3,March,23,Thursday,3,12,1,0,Spring,,,0,0,0,0,,0,0,0,0,0
2017-03-24,2017,3,March,24,Friday,4,12,1,0,Spring,,,0,0,0,0,,0,0,0,0,0
2017-03-25,2017,3,March,25,Saturday,5,12,1,1,Spring,,,0,0,0,0,,0,0,0,0,1
2017-03-26,2017,3,March,26,Sunday,6,12,1,1,Spring,,,0,0,0,0,,0,0,0,0,1
2017-03-27,2017,3,March,27,Monday,0,13,1,0,Spring,,,0,0,0,0,,0,0,0,0,0
2017-03-28,2017,3,March,28,Tuesday,1,13,1,0,Spring,,,0,0,0,0,,0,0,0,0,0
2017-03-29,2017,3,March,29,Wednesday,2,13,1,0,Spring,,,0,0,0,0,,0,0,0,0,0
2017-03-30,2017,3,March,30,Thursday,3,13,1,0,Spring,,,0,0,0,0,,0,0,0,0,0
2017-03-31,2017,3,March,31,Friday,4,13,1,0,Spring,,,0,0,0,0,,0,0,0,0,0
2017-04-01,2017,4,April,1,Saturday,5,13,2,1,Spring,,,0,0,0,0,,0,0,0,0,1
2017-04-02,2017,4,April,2,Sunday,6,13,2,1,Spring,,,0,0,0,0,,0,0,0,0,1
2017-04-03,2017,4,April,3,Monday,0,14,2,0,Spring,,,0,0,0,0,,0,0,0,0,0
2017-04-04,2017,4,April,4,Tuesday,1,14,2,0,Spring,,,0,0,0,0,,0,0,0,0,0
2017-04-05,2017,4,April,5,Wednesday,2,14,2,0,Spring,,,0,0,0,0,,0,0,0,0,0
2017-04-06,2017,4,April,6,Thursday,3,14,2,0,Spring,,,0,0,0,0,,0,0,0,0,0
2017-04-07,2017,4,April,7,Friday,4,14,2,0,Spring,,,0,0,0,0,,0,0,0,0,0
2017-04-08,2017,4,April,8,Saturday,5,14,2,1,Spring,,,0,0,0,0,,0,0,0,0,1
2017-04-09,2017,4,April,9,Sunday,6,14,2,1,Spring,,,0,0,0,0,,0,0,0,0,1
2017-04-10,2017,4,April,10,Monday,0,15,2,0,Spring,,,0,0,0,0,,0,0,0,0,0
2017-04-11,2017,4,April,11,Tuesday,1,15,2,0,Spring,,,0,0,0,0,,0,0,0,0,0
2017-04-12,2017,4,April,12,Wednesday,2,15,2,0,Spring,,,0,0,0,0,,0,0,0,0,0
2017-04-13,2017,4,April,13,Thursday,3,15,2,0,Spring,,,0,0,0,0,,0,0,0,0,0
2017-04-14,2017,4,April,14,Friday,4,15,2,0,Spring,,,0,0,1,0,,0,0,0,0,1
2017-04-15,2017,4,April,15,Saturday,5,15,2,1,Spring,,,0,0,0,0,,0,0,0,0,1
2017-04-16,2017,4,April,16,Sunday,6,15,2,1,Spring,,,0,0,0,0,,0,0,0,0,1
2017-04-17,2017,4,April,17,Monday,0,16,2,0,Spring,,,0,0,1,0,,0,0,0,0,1
2017-04-18,2017,4,April,18,Tuesday,1,16,2,0,Spring,,,0,0,0,0,,0,0,0,0,0
2017-04-19,2017,4,April,19,Wednesday,2,16,2,0,Spring,,,0,0,0,0,,0,0,0,0,0
2017-04-20,2017,4,April,20,Thursday,3,16,2,0,Spring,,,0,0,0,0,,0,0,0,0,0
2017-04-21,2017,4,April,21,Friday,4,16,2,0,Spring,,,0,0,0,0,,0,0,0,0,0
2017-04-22,2017,4,April,22,Saturday,5,16,2,1,Spring,,,0,0,0,0,,0,0,0,0,1
2017-04-23,2017,4,April,23,Sunday,6,16,2,1,Spring,,,0,0,0,0,,0,0,0,0,1
2017-04-24,2017,4,April,24,Monday,0,17,2,0,Spring,,,0,0,0,0,,0,0,0,0,0
2017-04-25,2017,4,April,25,Tuesday,1,17,2,0,Spring,,,0,0,0,0,,0,0,0,0,0
2017-04-26,2017,4,April,26,Wednesday,2,17,2,0,Spring,,,0,0,0,0,,0,0,0,0,0
2017-04-27,2017,4,April,27,Thursday,3,17,2,0,Spring,,,0,0,0,0,,0,0,0,0,0
2017-04-28,2017,4,April,28,Friday,4,17,2,0,Spring,,,0,0,0,0,,0,0,0,0,0
2017-04-29,2017,4,April,29,Saturday,5,17,2,1,Spring,,,0,0,0,0,,0,0,0,0,1
2017-04-30,2017,4,April,30,Sunday,6,17,2,1,Spring,,,0,0,0,0,,0,0,0,0,1
2017-05-01,2017,5,May,1,Monday,0,18,2,0,Spring,,,0,0,1,0,,0,0,0,0,1
2017-05-02,2017,5,May,2,Tuesday,1,18,2,0,Spring,,,0,0,0,0,,0,0,0,0,0
2017-05-03,2017,5,May,3,Wednesday,2,18,2,0,Spring,,,0,0,0,0,,0,0,0,0,0
2017-05-04,2017,5,May,4,Thursday,3,18,2,0,Spring,,,0,0,0,0,,0,0,0,0,0
2017-05-05,2017,5,May,5,Friday,4,18,2,0,Spring,,,0,0,0,0,,0,0,0,0,0
2017-05-06,2017,5,May,6,Saturday,5,18,2,1,Spring,,,0,0,0,0,,0,0,0,0,1
2017-05-07,2017,5,May,7,Sunday,6,18,2,1,Spring,,,0,0,0,0,,0,0,0,0,1
2017-05-08,2017,5,May,8,Monday,0,19,2,0,Spring,,,0,0,0,0,,0,0,0,0,0
2017-05-09,2017,5,May,9,Tuesday,1,19,2,0,Spring,,,0,0,0,0,,0,0,0,0,0
2017-05-10,2017,5,May,10,Wednesday,2,19,2,0,Spring,,,0,0,0,0,,0,0,0,0,0
2017-05-11,2017,5,May,11,Thursday,3,19,2,0,Spring,,,0,0,0,0,,0,0,0,0,0
2017-05-12,2017,5,May,12,Friday,4,19,2,0,Spring,,,0,0,0,0,,0,0,0,0,0
2017-05-13,2017,5,May,13,Saturday,5,19,2,1,Spring,,,0,0,0,0,,0,0,0,0,1
2017-05-14,2017,5,May,14,Sunday,6,19,2,1,Spring,,,0,0,0,0,,0,0,0,0,1
2017-05-15,2017,5,May,15,Monday,0,20,2,0,Spring,,,0,0,0,0,,0,0,0,0,0
2017-05-16,2017,5,May,16,Tuesday,1,20,2,0,Spring,,,0,0,0,0,,0,0,0,0,0
2017-05-17,2017,5,May,17,Wednesday,2,20,2,0,Spring,,,0,0,0,0,,0,0,0,0,0
2017-05-18,2017,5,May,18,Thursday,3,20,2,0,Spring,,,0,0,0,0,,0,0,0,0,0
2017-05-19,2017,5,May,19,Friday,4,20,2,0,Spring,,,0,0,0,0,,0,0,0,0,0
2017-05-20,2017,5,May,20,Saturday,5,20,2,1,Spring,,,0,0,0,0,,0,0,0,0,1
2017-05-21,2017,5,May,21,Sunday,6,20,2,1,Spring,,,0,0,0,0,,0,0,0,0,1
2017-05-22,2017,5,May,22,Monday,0,21,2,0,Spring,,,0,0,0,0,,0,0,0,0,0
2017-05-23,2017,5,May,23,Tuesday,1,21,2,0,Spring,,,0,0,0,0,,0,0,0,0,0
2017-05-24,2017,5,May,24,Wednesday,2,21,2,0,Spring,,,0,0,0,0,,0,0,0,0,0
2017-05-25,2017,5,May,25,Thursday,3,21,2,0,Spring,,,0,0,0,0,,0,0,0,0,0
2017-05-26,2017,5,May,26,Friday,4,21,2,0,Spring,,,0,0,0,0,,0,0,0,0,0
2017-05-27,2017,5,May,27,Saturday,5,21,2,1,Spring,,,0,0,0,0,,0,0,0,0,1
2017-05-28,2017,5,May,28,Sunday,6,21,2,1,Spring,,,0,0,0,0,,0,0,0,0,1
2017-05-29,2017,5,May,29,Monday,0,22,2,0,Spring,,,0,0,1,0,,0,0,0,0,1
2017-05-30,2017,5,May,30,Tuesday,1,22,2,0,Spring,,,0,0,0,0,,0,0,0,0,0
2017-05-31,2017,5,May,31,Wednesday,2,22,2,0,Spring,,,0,0,0,0,,0,0,0,0,0
2017-06-01,2017,6,June,1,Thursday,3,22,2,0,Summer,,,0,0,0,0,,0,0,0,0,0
2017-06-02,2017,6,June,2,Friday,4,22,2,0,Summer,,,0,0,0,0,,0,0,0,0,0
2017-06-03,2017,6,June,3,Saturday,5,22,2,1,Summer,,,0,0,0,0,,0,0,0,0,1
2017-06-04,2017,6,June,4,Sunday,6,22,2,1,Summer,,,0,0,0,0,,0,0,0,0,1
2017-06-05,2017,6,June,5,Monday,0,23,2,0,Summer,,,0,0,0,0,,0,0,0,0,0
2017-06-06,2017,6,June,6,Tuesday,1,23,2,0,Summer,,,0,0,0,0,,0,0,0,0,0
2017-06-07,2017,6,June,7,Wednesday,2,23,2,0,Summer,,,0,0,0,0,,0,0,0,0,0
2017-06-08,2017,6,June,8,Thursday,3,23,2,0,Summer,,,0,0,0,1,UK General Election 2017,0,1,0,1,0
2017-06-09,2017,6,June,9,Friday,4,23,2,0,Summer,,,0,0,0,0,,0,0,0,0,0
2017-06-10,2017,6,June,10,Saturday,5,23,2,1,Summer,,,0,0,0,0,,0,0,0,0,1
2017-06-11,2017,6,June,11,Sunday,6,23,2,1,Summer,,,0,0,0,0,,0,0,0,0,1
2017-06-12,2017,6,June,12,Monday,0,24,2,0,Summer,,,0,0,0,0,,0,0,0,0,0
2017-06-13,2017,6,June,13,Tuesday,1,24,2,0,Summer,,,0,0,0,0,,0,0,0,0,0
2017-06-14,2017,6,June,14,Wednesday,2,24,2,0,Summer,,,0,0,0,0,,0,0,0,0,0
2017-06-15,2017,6,June,15,Thursday,3,24,2,0,Summer,,,0,0,0,0,,0,0,0,0,0
2017-06-16,2017,6,June,16,Friday,4,24,2,0,Summer,,,0,0,0,0,,0,0,0,0,0
2017-06-17,2017,6,June,17,Saturday,5,24,2,1,Summer,,,0,0,0,0,,0,0,0,0,1
2017-06-18,2017,6,June,18,Sunday,6,24,2,1,Summer,,,0,0,0,0,,0,0,0,0,1
2017-06-19,2017,6,June,19,Monday,0,25,2,0,Summer,,,0,0,0,0,,0,0,0,0,0
2017-06-20,2017,6,June,20,Tuesday,1,25,2,0,Summer,,,0,0,0,0,,0,0,0,0,0
2017-06-21,2017,6,June,21,Wednesday,2,25,2,0,Summer,,,0,0,0,0,,0,0,0,0,0
2017-06-22,2017,6,June,22,Thursday,3,25,2,0,Summer,,,0,0,0,0,,0,0,0,0,0
2017-06-23,2017,6,June,23,Friday,4,25,2,0,Summer,,,0,0,0,0,,0,0,0,0,0
2017-06-24,2017,6,June,24,Saturday,5,25,2,1,Summer,,,0,0,0,0,,0,0,0,0,1
2017-06-25,2017,6,June,25,Sunday,6,25,2,1,Summer,,,0,0,0,0,,0,0,0,0,1
2017-06-26,2017,6,June,26,Monday,0,26,2,0,Summer,,,0,0,0,0,,0,0,0,0,0
2017-06-27,2017,6,June,27,Tuesday,1,26,2,0,Summer,,,0,0,0,0,,0,0,0,0,0
2017-06-28,2017,6,June,28,Wednesday,2,26,2,0,Summer,,,0,0,0,0,,0,0,0,0,0
2017-06-29,2017,6,June,29,Thursday,3,26,2,0,Summer,,,0,0,0,0,,0,0,0,0,0
2017-06-30,2017,6,June,30,Friday,4,26,2,0,Summer,,,0,0,0,0,,0,0,0,0,0
2017-07-01,2017,7,July,1,Saturday,5,26,3,1,Summer,,,0,0,0,0,,0,0,0,0,1
2017-07-02,2017,7,July,2,Sunday,6,26,3,1,Summer,,,0,0,0,0,,0,0,0,0,1
2017-07-03,2017,7,July,3,Monday,0,27,3,0,Summer,,,0,0,0,0,,0,0,0,0,0
2017-07-04,2017,7,July,4,Tuesday,1,27,3,0,Summer,,,0,0,0,0,,0,0,0,0,0
2017-07-05,2017,7,July,5,Wednesday,2,27,3,0,Summer,,,0,0,0,0,,0,0,0,0,0
2017-07-06,2017,7,July,6,Thursday,3,27,3,0,Summer,,,0,0,0,0,,0,0,0,0,0
2017-07-07,2017,7,July,7,Friday,4,27,3,0,Summer,,,0,0,0,0,,0,0,0,0,0
2017-07-08,2017,7,July,8,Saturday,5,27,3,1,Summer,,,0,0,0,0,,0,0,0,0,1
2017-07-09,2017,7,July,9,Sunday,6,27,3,1,Summer,,,0,0,0,0,,0,0,0,0,1
2017-07-10,2017,7,July,10,Monday,0,28,3,0,Summer,,,0,0,0,0,,0,0,0,0,0
2017-07-11,2017,7,July,11,Tuesday,1,28,3,0,Summer,,,0,0,0,0,,0,0,0,0,0
2017-07-12,2017,7,July,12,Wednesday,2,28,3,0,Summer,,,0,0,0,0,,0,0,0,0,0
2017-07-13,2017,7,July,13,Thursday,3,28,3,0,Summer,,,0,0,0,0,,0,0,0,0,0
2017-07-14,2017,7,July,14,Friday,4,28,3,0,Summer,,,0,0,0,0,,0,0,0,0,0
2017-07-15,2017,7,July,15,Saturday,5,28,3,1,Summer,,,0,0,0,0,,0,0,0,0,1
2017-07-16,2017,7,July,16,Sunday,6,28,3,1,Summer,,,0,0,0,0,,0,0,0,0,1
2017-07-17,2017,7,July,17,Monday,0,29,3,0,Summer,,,0,0,0,0,,0,0,0,0,0
2017-07-18,2017,7,July,18,Tuesday,1,29,3,0,Summer,,,0,0,0,0,,0,0,0,0,0
2017-07-19,2017,7,July,19,Wednesday,2,29,3,0,Summer,,,0,0,0,0,,0,0,0,0,0
2017-07-20,2017,7,July,20,Thursday,3,29,3,0,Summer,,,0,0,0,0,,0,0,0,0,0
2017-07-21,2017,7,July,21,Friday,4,29,3,0,Summer,,,0,0,0,0,,0,0,0,0,0
2017-07-22,2017,7,July,22,Saturday,5,29,3,1,Summer,,,0,0,0,0,,0,0,0,0,1
2017-07-23,2017,7,July,23,Sunday,6,29,3,1,Summer,,,0,0,0,0,,0,0,0,0,1
2017-07-24,2017,7,July,24,Monday,0,30,3,0,Summer,,,0,0,0,0,,0,0,0,0,0
2017-07-25,2017,7,July,25,Tuesday,1,30,3,0,Summer,,,0,0,0,0,,0,0,0,0,0
2017-07-26,2017,7,July,26,Wednesday,2,30,3,0,Summer,,,0,0,0,0,,0,0,0,0,0
2017-07-27,2017,7,July,27,Thursday,3,30,3,0,Summer,,,0,0,0,0,,0,0,0,0,0
2017-07-28,2017,7,July,28,Friday,4,30,3,0,Summer,,,0,0,0,0,,0,0,0,0,0
2017-07-29,2017,7,July,29,Saturday,5,30,3,1,Summer,,,0,0,0,0,,0,0,0,0,1
2017-07-30,2017,7,July,30,Sunday,6,30,3,1,Summer,,,0,0,0,0,,0,0,0,0,1
2017-07-31,2017,7,July,31,Monday,0,31,3,0,Summer,,,0,0,0,0,,0,0,0,0,0
2017-08-01,2017,8,August,1,Tuesday,1,31,3,0,Summer,,,0,0,0,0,,0,0,0,0,0
2017-08-02,2017,8,August,2,Wednesday,2,31,3,0,Summer,,,0,0,0,0,,0,0,0,0,0
2017-08-03,2017,8,August,3,Thursday,3,31,3,0,Summer,,,0,0,0,0,,0,0,0,0,0
2017-08-04,2017,8,August,4,Friday,4,31,3,0,Summer,,,0,0,0,0,,0,0,0,0,0
2017-08-05,2017,8,August,5,Saturday,5,31,3,1,Summer,,,0,0,0,0,,0,0,0,0,1
2017-08-06,2017,8,August,6,Sunday,6,31,3,1,Summer,,,0,0,0,0,,0,0,0,0,1
2017-08-07,2017,8,August,7,Monday,0,32,3,0,Summer,,,0,0,0,0,,0,0,0,0,0
2017-08-08,2017,8,August,8,Tuesday,1,32,3,0,Summer,,,0,0,0,0,,0,0,0,0,0
2017-08-09,2017,8,August,9,Wednesday,2,32,3,0,Summer,,,0,0,0,0,,0,0,0,0,0
2017-08-10,2017,8,August,10,Thursday,3,32,3,0,Summer,,,0,0,0,0,,0,0,0,0,0
2017-08-11,2017,8,August,11,Friday,4,32,3,0,Summer,,,0,0,0,0,,0,0,0,0,0
2017-08-12,2017,8,August,12,Saturday,5,32,3,1,Summer,,,0,0,0,0,,0,0,0,0,1
2017-08-13,2017,8,August,13,Sunday,6,32,3,1,Summer,,,0,0,0,0,,0,0,0,0,1
2017-08-14,2017,8,August,14,Monday,0,33,3,0,Summer,,,0,0,0,0,,0,0,0,0,0
2017-08-15,2017,8,August,15,Tuesday,1,33,3,0,Summer,,,0,0,0,0,,0,0,0,0,0
2017-08-16,2017,8,August,16,Wednesday,2,33,3,0,Summer,,,0,0,0,0,,0,0,0,0,0
2017-08-17,2017,8,August,17,Thursday,3,33,3,0,Summer,,,0,0,0,0,,0,0,0,0,0
2017-08-18,2017,8,August,18,Friday,4,33,3,0,Summer,,,0,0,0,0,,0,0,0,0,0
2017-08-19,2017,8,August,19,Saturday,5,33,3,1,Summer,,,0,0,0,0,,0,0,0,0,1
2017-08-20,2017,8,August,20,Sunday,6,33,3,1,Summer,,,0,0,0,0,,0,0,0,0,1
2017-08-21,2017,8,August,21,Monday,0,34,3,0,Summer,,,0,0,0,0,,0,0,0,0,0
2017-08-22,2017,8,August,22,Tuesday,1,34,3,0,Summer,,,0,0,0,0,,0,0,0,0,0
2017-08-23,2017,8,August,23,Wednesday,2,34,3,0,Summer,,,0,0,0,0,,0,0,0,0,0
2017-08-24,2017,8,August,24,Thursday,3,34,3,0,Summer,,,0,0,0,0,,0,0,0,0,0
2017-08-25,2017,8,August,25,Friday,4,34,3,0,Summer,,,0,0,0,0,,0,0,0,0,0
2017-08-26,2017,8,August,26,Saturday,5,34,3,1,Summer,,,0,0,0,0,,0,0,0,0,1
2017-08-27,2017,8,August,27,Sunday,6,34,3,1,Summer,,,0,0,0,0,,0,0,0,0,1
2017-08-28,2017,8,August,28,Monday,0,35,3,0,Summer,,,0,0,1,0,,0,0,0,0,1
2017-08-29,2017,8,August,29,Tuesday,1,35,3,0,Summer,,,0,0,0,0,,0,0,0,0,0
2017-08-30,2017,8,August,30,Wednesday,2,35,3,0,Summer,,,0,0,0,0,,0,0,0,0,0
2017-08-31,2017,8,August,31,Thursday,3,35,3,0,Summer,,,0,0,0,0,,0,0,0,0,0
2017-09-01,2017,9,September,1,Friday,4,35,3,0,Autumn,,,0,0,0,0,,0,0,0,0,0
2017-09-02,2017,9,September,2,Saturday,5,35,3,1,Autumn,,,0,0,0,0,,0,0,0,0,1
2017-09-03,2017,9,September,3,Sunday,6,35,3,1,Autumn,,,0,0,0,0,,0,0,0,0,1
2017-09-04,2017,9,September,4,Monday,0,36,3,0,Autumn,,,0,0,0,0,,0,0,0,0,0
2017-09-05,2017,9,September,5,Tuesday,1,36,3,0,Autumn,,,0,0,0,0,,0,0,0,0,0
2017-09-06,2017,9,September,6,Wednesday,2,36,3,0,Autumn,,,0,0,0,0,,0,0,0,0,0
2017-09-07,2017,9,September,7,Thursday,3,36,3,0,Autumn,,,0,0,0,0,,0,0,0,0,0
2017-09-08,2017,9,September,8,Friday,4,36,3,0,Autumn,,,0,0,0,0,,0,0,0,0,0
2017-09-09,2017,9,September,9,Saturday,5,36,3,1,Autumn,,,0,0,0,0,,0,0,0,0,1
2017-09-10,2017,9,September,10,Sunday,6,36,3,1,Autumn,,,0,0,0,0,,0,0,0,0,1
2017-09-11,2017,9,September,11,Monday,0,37,3,0,Autumn,,,0,0,0,0,,0,0,0,0,0
2017-09-12,2017,9,September,12,Tuesday,1,37,3,0,Autumn,,,0,0,0,0,,0,0,0,0,0
2017-09-13,2017,9,September,13,Wednesday,2,37,3,0,Autumn,,,0,0,0,0,,0,0,0,0,0
2017-09-14,2017,9,September,14,Thursday,3,37,3,0,Autumn,,,0,0,0,0,,0,0,0,0,0
2017-09-15,2017,9,September,15,Friday,4,37,3,0,Autumn,,,0,0,0,0,,0,0,0,0,0
2017-09-16,2017,9,September,16,Saturday,5,37,3,1,Autumn,,,0,0,0,0,,0,0,0,0,1
2017-09-17,2017,9,September,17,Sunday,6,37,3,1,Autumn,,,0,0,0,0,,0,0,0,0,1
2017-09-18,2017,9,September,18,Monday,0,38,3,0,Autumn,,,0,0,0,0,,0,0,0,0,0
2017-09-19,2017,9,September,19,Tuesday,1,38,3,0,Autumn,,,0,0,0,0,,0,0,0,0,0
2017-09-20,2017,9,September,20,Wednesday,2,38,3,0,Autumn,,,0,0,0,0,,0,0,0,0,0
2017-09-21,2017,9,September,21,Thursday,3,38,3,0,Autumn,,,0,0,0,0,,0,0,0,0,0
2017-09-22,2017,9,September,22,Friday,4,38,3,0,Autumn,,,0,0,0,0,,0,0,0,0,0
2017-09-23,2017,9,September,23,Saturday,5,38,3,1,Autumn,,,0,0,0,0,,0,0,0,0,1
2017-09-24,2017,9,September,24,Sunday,6,38,3,1,Autumn,,,0,0,0,0,,0,0,0,0,1
2017-09-25,2017,9,September,25,Monday,0,39,3,0,Autumn,,,0,0,0,0,,0,0,0,0,0
2017-09-26,2017,9,September,26,Tuesday,1,39,3,0,Autumn,,,0,0,0,0,,0,0,0,0,0
2017-09-27,2017,9,September,27,Wednesday,2,39,3,0,Autumn,,,0,0,0,0,,0,0,0,0,0
2017-09-28,2017,9,September,28,Thursday,3,39,3,0,Autumn,,,0,0,0,0,,0,0,0,0,0
2017-09-29,2017,9,September,29,Friday,4,39,3,0,Autumn,,,0,0,0,0,,0,0,0,0,0
2017-09-30,2017,9,September,30,Saturday,5,39,3,1,Autumn,,,0,0,0,0,,0,0,0,0,1
2017-10-01,2017,10,October,1,Sunday,6,39,4,1,Autumn,,,0,0,0,0,,0,0,0,0,1
2017-10-02,2017,10,October,2,Monday,0,40,4,0,Autumn,,,0,0,0,0,,0,0,0,0,0
2017-10-03,2017,10,October,3,Tuesday,1,40,4,0,Autumn,,,0,0,0,0,,0,0,0,0,0
2017-10-04,2017,10,October,4,Wednesday,2,40,4,0,Autumn,,,0,0,0,0,,0,0,0,0,0
2017-10-05,2017,10,October,5,Thursday,3,40,4,0,Autumn,,,0,0,0,0,,0,0,0,0,0
2017-10-06,2017,10,October,6,Friday,4,40,4,0,Autumn,,,0,0,0,0,,0,0,0,0,0
2017-10-07,2017,10,October,7,Saturday,5,40,4,1,Autumn,,,0,0,0,0,,0,0,0,0,1
2017-10-08,2017,10,October,8,Sunday,6,40,4,1,Autumn,,,0,0,0,0,,0,0,0,0,1
2017-10-09,2017,10,October,9,Monday,0,41,4,0,Autumn,,,0,0,0,0,,0,0,0,0,0
2017-10-10,2017,10,October,10,Tuesday,1,41,4,0,Autumn,,,0,0,0,0,,0,0,0,0,0
2017-10-11,2017,10,October,11,Wednesday,2,41,4,0,Autumn,,,0,0,0,0,,0,0,0,0,0
2017-10-12,2017,10,October,12,Thursday,3,41,4,0,Autumn,,,0,0,0,0,,0,0,0,0,0
2017-10-13,2017,10,October,13,Friday,4,41,4,0,Autumn,,,0,0,0,0,,0,0,0,0,0
2017-10-14,2017,10,October,14,Saturday,5,41,4,1,Autumn,,,0,0,0,0,,0,0,0,0,1
2017-10-15,2017,10,October,15,Sunday,6,41,4,1,Autumn,,,0,0,0,0,,0,0,0,0,1
2017-10-16,2017,10,October,16,Monday,0,42,4,0,Autumn,,,0,0,0,0,,0,0,0,0,0
2017-10-17,2017,10,October,17,Tuesday,1,42,4,0,Autumn,,,0,0,0,0,,0,0,0,0,0
2017-10-18,2017,10,October,18,Wednesday,2,42,4,0,Autumn,,,0,0,0,0,,0,0,0,0,0
2017-10-19,2017,10,October,19,Thursday,3,42,4,0,Autumn,,,0,0,0,0,,0,0,0,0,0
2017-10-20,2017,10,October,20,Friday,4,42,4,0,Autumn,,,0,0,0,0,,0,0,0,0,0
2017-10-21,2017,10,October,21,Saturday,5,42,4,1,Autumn,,,0,0,0,0,,0,0,0,0,1
2017-10-22,2017,10,October,22,Sunday,6,42,4,1,Autumn,,,0,0,0,0,,0,0,0,0,1
2017-10-23,2017,10,October,23,Monday,0,43,4,0,Autumn,,,0,0,0,0,,0,0,0,0,0
2017-10-24,2017,10,October,24,Tuesday,1,43,4,0,Autumn,,,0,0,0,0,,0,0,0,0,0
2017-10-25,2017,10,October,25,Wednesday,2,43,4,0,Autumn,,,0,0,0,0,,0,0,0,0,0
2017-10-26,2017,10,October,26,Thursday,3,43,4,0,Autumn,,,0,0,0,0,,0,0,0,0,0
2017-10-27,2017,10,October,27,Friday,4,43,4,0,Autumn,,,0,0,0,0,,0,0,0,0,0
2017-10-28,2017,10,October,28,Saturday,5,43,4,1,Autumn,,,0,0,0,0,,0,0,0,0,1
2017-10-29,2017,10,October,29,Sunday,6,43,4,1,Autumn,,,0,0,0,0,,0,0,0,0,1
2017-10-30,2017,10,October,30,Monday,0,44,4,0,Autumn,,,0,0,0,0,,0,0,0,0,0
2017-10-31,2017,10,October,31,Tuesday,1,44,4,0,Autumn,,,0,0,0,0,,0,0,0,0,0
2017-11-01,2017,11,November,1,Wednesday,2,44,4,0,Autumn,,,0,0,0,0,,0,0,0,0,0
2017-11-02,2017,11,November,2,Thursday,3,44,4,0,Autumn,,,0,0,0,0,,0,0,0,0,0
2017-11-03,2017,11,November,3,Friday,4,44,4,0,Autumn,,,0,0,0,0,,0,0,0,0,0
2017-11-04,2017,11,November,4,Saturday,5,44,4,1,Autumn,,,0,0,0,0,,0,0,0,0,1
2017-11-05,2017,11,November,5,Sunday,6,44,4,1,Autumn,,,0,0,0,0,,0,0,0,0,1
2017-11-06,2017,11,November,6,Monday,0,45,4,0,Autumn,,,0,0,0,0,,0,0,0,0,0
2017-11-07,2017,11,November,7,Tuesday,1,45,4,0,Autumn,,,0,0,0,0,,0,0,0,0,0
2017-11-08,2017,11,November,8,Wednesday,2,45,4,0,Autumn,,,0,0,0,0,,0,0,0,0,0
2017-11-09,2017,11,November,9,Thursday,3,45,4,0,Autumn,,,0,0,0,0,,0,0,0,0,0
2017-11-10,2017,11,November,10,Friday,4,45,4,0,Autumn,,,0,0,0,0,,0,0,0,0,0
2017-11-11,2017,11,November,11,Saturday,5,45,4,1,Autumn,,,0,0,0,0,,0,0,0,0,1
2017-11-12,2017,11,November,12,Sunday,6,45,4,1,Autumn,,,0,0,0,0,,0,0,0,0,1
2017-11-13,2017,11,November,13,Monday,0,46,4,0,Autumn,,,0,0,0,0,,0,0,0,0,0
2017-11-14,2017,11,November,14,Tuesday,1,46,4,0,Autumn,,,0,0,0,0,,0,0,0,0,0
2017-11-15,2017,11,November,15,Wednesday,2,46,4,0,Autumn,,,0,0,0,0,,0,0,0,0,0
2017-11-16,2017,11,November,16,Thursday,3,46,4,0,Autumn,,,0,0,0,0,,0,0,0,0,0
2017-11-17,2017,11,November,17,Friday,4,46,4,0,Autumn,,,0,0,0,0,,0,0,0,0,0
2017-11-18,2017,11,November,18,Saturday,5,46,4,1,Autumn,,,0,0,0,0,,0,0,0,0,1
2017-11-19,2017,11,November,19,Sunday,6,46,4,1,Autumn,,,0,0,0,0,,0,0,0,0,1
2017-11-20,2017,11,November,20,Monday,0,47,4,0,Autumn,,,0,0,0,0,,0,0,0,0,0
2017-11-21,2017,11,November,21,Tuesday,1,47,4,0,Autumn,,,0,0,0,0,,0,0,0,0,0
2017-11-22,2017,11,November,22,Wednesday,2,47,4,0,Autumn,,,0,0,0,0,,0,0,0,0,0
2017-11-23,2017,11,November,23,Thursday,3,47,4,0,Autumn,,,0,0,0,0,,0,0,0,0,0
2017-11-24,2017,11,November,24,Friday,4,47,4,0,Autumn,,,0,0,0,0,,0,0,0,0,0
2017-11-25,2017,11,November,25,Saturday,5,47,4,1,Autumn,,,0,0,0,0,,0,0,0,0,1
2017-11-26,2017,11,November,26,Sunday,6,47,4,1,Autumn,,,0,0,0,0,,0,0,0,0,1
2017-11-27,2017,11,November,27,Monday,0,48,4,0,Autumn,,,0,0,0,0,,0,0,0,0,0
2017-11-28,2017,11,November,28,Tuesday,1,48,4,0,Autumn,,,0,0,0,0,,0,0,0,0,0
2017-11-29,2017,11,November,29,Wednesday,2,48,4,0,Autumn,,,0,0,0,0,,0,0,0,0,0
2017-11-30,2017,11,November,30,Thursday,3,48,4,0,Autumn,,,0,0,0,0,,0,0,0,0,0
2017-12-01,2017,12,December,1,Friday,4,48,4,0,Winter,,,0,0,0,0,,0,0,0,0,0
2017-12-02,2017,12,December,2,Saturday,5,48,4,1,Winter,,,0,0,0,0,,0,0,0,0,1
2017-12-03,2017,12,December,3,Sunday,6,48,4,1,Winter,,,0,0,0,0,,0,0,0,0,1
2017-12-04,2017,12,December,4,Monday,0,49,4,0,Winter,,,0,0,0,0,,0,0,0,0,0
2017-12-05,2017,12,December,5,Tuesday,1,49,4,0,Winter,,,0,0,0,0,,0,0,0,0,0
2017-12-06,2017,12,December,6,Wednesday,2,49,4,0,Winter,,,0,0,0,0,,0,0,0,0,0
2017-12-07,2017,12,December,7,Thursday,3,49,4,0,Winter,,,0,0,0,0,,0,0,0,0,0
2017-12-08,2017,12,December,8,Friday,4,49,4,0,Winter,,,0,0,0,0,,0,0,0,0,0
2017-12-09,2017,12,December,9,Saturday,5,49,4,1,Winter,,,0,0,0,0,,0,0,0,0,1
2017-12-10,2017,12,December,10,Sunday,6,49,4,1,Winter,,,0,0,0,0,,0,0,0,0,1
2017-12-11,2017,12,December,11,Monday,0,50,4,0,Winter,,,0,0,0,0,,0,0,0,0,0
2017-12-12,2017,12,December,12,Tuesday,1,50,4,0,Winter,,,0,0,0,0,,0,0,0,0,0
2017-12-13,2017,12,December,13,Wednesday,2,50,4,0,Winter,,,0,0,0,0,,0,0,0,0,0
2017-12-14,2017,12,December,14,Thursday,3,50,4,0,Winter,,,0,0,0,0,,0,0,0,0,0
2017-12-15,2017,12,December,15,Friday,4,50,4,0,Winter,,,0,0,0,0,,0,0,0,0,0
2017-12-16,2017,12,December,16,Saturday,5,50,4,1,Winter,,,0,0,0,0,,0,0,0,0,1
2017-12-17,2017,12,December,17,Sunday,6,50,4,1,Winter,,,0,0,0,0,,0,0,0,0,1
2017-12-18,2017,12,December,18,Monday,0,51,4,0,Winter,,,0,0,0,0,,0,0,0,0,0
2017-12-19,2017,12,December,19,Tuesday,1,51,4,0,Winter,,,0,0,0,0,,0,0,0,0,0
2017-12-20,2017,12,December,20,Wednesday,2,51,4,0,Winter,,,0,0,0,0,,0,0,0,0,0
2017-12-21,2017,12,December,21,Thursday,3,51,4,0,Winter,,,0,0,0,0,,0,0,0,0,0
2017-12-22,2017,12,December,22,Friday,4,51,4,0,Winter,,,0,0,0,0,,0,0,0,0,0
2017-12-23,2017,12,December,23,Saturday,5,51,4,1,Winter,,,0,0,0,0,,0,0,0,0,1
2017-12-24,2017,12,December,24,Sunday,6,51,4,1,Winter,,,0,0,0,0,,0,0,0,0,1
2017-12-25,2017,12,December,25,Monday,0,52,4,0,Winter,,,0,0,1,0,,0,0,0,0,1
2017-12-26,2017,12,December,26,Tuesday,1,52,4,0,Winter,,,0,0,1,0,,0,0,0,0,1
2017-12-27,2017,12,December,27,Wednesday,2,52,4,0,Winter,,,0,0,0,0,,0,0,0,0,0
2017-12-28,2017,12,December,28,Thursday,3,52,4,0,Winter,,,0,0,0,0,,0,0,0,0,0
2017-12-29,2017,12,December,29,Friday,4,52,4,0,Winter,,,0,0,0,0,,0,0,0,0,0
2017-12-30,2017,12,December,30,Saturday,5,52,4,1,Winter,,,0,0,0,0,,0,0,0,0,1
2017-12-31,2017,12,December,31,Sunday,6,52,4,1,Winter,,,0,0,0,0,,0,0,0,0,1
2018-01-01,2018,1,January,1,Monday,0,1,1,0,Winter,,,0,0,1,0,,0,0,0,0,1
2018-01-02,2018,1,January,2,Tuesday,1,1,1,0,Winter,,,0,0,0,0,,0,0,0,0,0
2018-01-03,2018,1,January,3,Wednesday,2,1,1,0,Winter,,,0,0,0,0,,0,0,0,0,0
2018-01-04,2018,1,January,4,Thursday,3,1,1,0,Winter,,,0,0,0,0,,0,0,0,0,0
2018-01-05,2018,1,January,5,Friday,4,1,1,0,Winter,,,0,0,0,0,,0,0,0,0,0
2018-01-06,2018,1,January,6,Saturday,5,1,1,1,Winter,,,0,0,0,0,,0,0,0,0,1
2018-01-07,2018,1,January,7,Sunday,6,1,1,1,Winter,,,0,0,0,0,,0,0,0,0,1
2018-01-08,2018,1,January,8,Monday,0,2,1,0,Winter,,,0,0,0,0,,0,0,0,0,0
2018-01-09,2018,1,January,9,Tuesday,1,2,1,0,Winter,,,0,0,0,0,,0,0,0,0,0
2018-01-10,2018,1,January,10,Wednesday,2,2,1,0,Winter,,,0,0,0,0,,0,0,0,0,0
2018-01-11,2018,1,January,11,Thursday,3,2,1,0,Winter,,,0,0,0,0,,0,0,0,0,0
2018-01-12,2018,1,January,12,Friday,4,2,1,0,Winter,,,0,0,0,0,,0,0,0,0,0
2018-01-13,2018,1,January,13,Saturday,5,2,1,1,Winter,,,0,0,0,0,,0,0,0,0,1
2018-01-14,2018,1,January,14,Sunday,6,2,1,1,Winter,,,0,0,0,0,,0,0,0,0,1
2018-01-15,2018,1,January,15,Monday,0,3,1,0,Winter,,,0,0,0,0,,0,0,0,0,0
2018-01-16,2018,1,January,16,Tuesday,1,3,1,0,Winter,,,0,0,0,0,,0,0,0,0,0
2018-01-17,2018,1,January,17,Wednesday,2,3,1,0,Winter,,,0,0,0,0,,0,0,0,0,0
2018-01-18,2018,1,January,18,Thursday,3,3,1,0,Winter,,,0,0,0,0,,0,0,0,0,0
2018-01-19,2018,1,January,19,Friday,4,3,1,0,Winter,,,0,0,0,0,,0,0,0,0,0
2018-01-20,2018,1,January,20,Saturday,5,3,1,1,Winter,,,0,0,0,0,,0,0,0,0,1
2018-01-21,2018,1,January,21,Sunday,6,3,1,1,Winter,,,0,0,0,0,,0,0,0,0,1
2018-01-22,2018,1,January,22,Monday,0,4,1,0,Winter,,,0,0,0,0,,0,0,0,0,0
2018-01-23,2018,1,January,23,Tuesday,1,4,1,0,Winter,,,0,0,0,0,,0,0,0,0,0
2018-01-24,2018,1,January,24,Wednesday,2,4,1,0,Winter,,,0,0,0,0,,0,0,0,0,0
2018-01-25,2018,1,January,25,Thursday,3,4,1,0,Winter,,,0,0,0,0,,0,0,0,0,0
2018-01-26,2018,1,January,26,Friday,4,4,1,0,Winter,,,0,0,0,0,,0,0,0,0,0
2018-01-27,2018,1,January,27,Saturday,5,4,1,1,Winter,,,0,0,0,0,,0,0,0,0,1
2018-01-28,2018,1,January,28,Sunday,6,4,1,1,Winter,,,0,0,0,0,,0,0,0,0,1
2018-01-29,2018,1,January,29,Monday,0,5,1,0,Winter,,,0,0,0,0,,0,0,0,0,0
2018-01-30,2018,1,January,30,Tuesday,1,5,1,0,Winter,,,0,0,0,0,,0,0,0,0,0
2018-01-31,2018,1,January,31,Wednesday,2,5,1,0,Winter,,,0,0,0,0,,0,0,0,0,0
2018-02-01,2018,2,February,1,Thursday,3,5,1,0,Winter,,,0,0,0,0,,0,0,0,0,0
2018-02-02,2018,2,February,2,Friday,4,5,1,0,Winter,,,0,0,0,0,,0,0,0,0,0
2018-02-03,2018,2,February,3,Saturday,5,5,1,1,Winter,,,0,0,0,0,,0,0,0,0,1
2018-02-04,2018,2,February,4,Sunday,6,5,1,1,Winter,,,0,0,0,0,,0,0,0,0,1
2018-02-05,2018,2,February,5,Monday,0,6,1,0,Winter,,,0,0,0,0,,0,0,0,0,0
2018-02-06,2018,2,February,6,Tuesday,1,6,1,0,Winter,,,0,0,0,0,,0,0,0,0,0
2018-02-07,2018,2,February,7,Wednesday,2,6,1,0,Winter,,,0,0,0,0,,0,0,0,0,0
2018-02-08,2018,2,February,8,Thursday,3,6,1,0,Winter,,,0,0,0,0,,0,0,0,0,0
2018-02-09,2018,2,February,9,Friday,4,6,1,0,Winter,,,0,0,0,0,,0,0,0,0,0
2018-02-10,2018,2,February,10,Saturday,5,6,1,1,Winter,,,0,0,0,0,,0,0,0,0,1
2018-02-11,2018,2,February,11,Sunday,6,6,1,1,Winter,,,0,0,0,0,,0,0,0,0,1
2018-02-12,2018,2,February,12,Monday,0,7,1,0,Winter,,,0,0,0,0,,0,0,0,0,0
2018-02-13,2018,2,February,13,Tuesday,1,7,1,0,Winter,,,0,0,0,0,,0,0,0,0,0
2018-02-14,2018,2,February,14,Wednesday,2,7,1,0,Winter,,,0,0,0,0,,0,0,0,0,0
2018-02-15,2018,2,February,15,Thursday,3,7,1,0,Winter,,,0,0,0,0,,0,0,0,0,0
2018-02-16,2018,2,February,16,Friday,4,7,1,0,Winter,,,0,0,0,0,,0,0,0,0,0
2018-02-17,2018,2,February,17,Saturday,5,7,1,1,Winter,,,0,0,0,0,,0,0,0,0,1
2018-02-18,2018,2,February,18,Sunday,6,7,1,1,Winter,,,0,0,0,0,,0,0,0,0,1
2018-02-19,2018,2,February,19,Monday,0,8,1,0,Winter,,,0,0,0,0,,0,0,0,0,0
2018-02-20,2018,2,February,20,Tuesday,1,8,1,0,Winter,,,0,0,0,0,,0,0,0,0,0
2018-02-21,2018,2,February,21,Wednesday,2,8,1,0,Winter,,,0,0,0,0,,0,0,0,0,0
2018-02-22,2018,2,February,22,Thursday,3,8,1,0,Winter,,,0,0,0,0,,0,0,0,0,0
2018-02-23,2018,2,February,23,Friday,4,8,1,0,Winter,,,0,0,0,0,,0,0,0,0,0
2018-02-24,2018,2,February,24,Saturday,5,8,1,1,Winter,,,0,0,0,0,,0,0,0,0,1
2018-02-25,2018,2,February,25,Sunday,6,8,1,1,Winter,,,0,0,0,0,,0,0,0,0,1
2018-02-26,2018,2,February,26,Monday,0,9,1,0,Winter,,,0,0,0,0,,0,0,0,0,0
2018-02-27,2018,2,February,27,Tuesday,1,9,1,0,Winter,,,0,0,0,0,,0,0,0,0,0
2018-02-28,2018,2,February,28,Wednesday,2,9,1,0,Winter,,,0,0,0,0,,0,0,0,0,0
2018-03-01,2018,3,March,1,Thursday,3,9,1,0,Spring,,,0,0,0,0,,0,0,0,0,0
2018-03-02,2018,3,March,2,Friday,4,9,1,0,Spring,,,0,0,0,0,,0,0,0,0,0
2018-03-03,2018,3,March,3,Saturday,5,9,1,1,Spring,,,0,0,0,0,,0,0,0,0,1
2018-03-04,2018,3,March,4,Sunday,6,9,1,1,Spring,,,0,0,0,0,,0,0,0,0,1
2018-03-05,2018,3,March,5,Monday,0,10,1,0,Spring,,,0,0,0,0,,0,0,0,0,0
2018-03-06,2018,3,March,6,Tuesday,1,10,1,0,Spring,,,0,0,0,0,,0,0,0,0,0
2018-03-07,2018,3,March,7,Wednesday,2,10,1,0,Spring,,,0,0,0,0,,0,0,0,0,0
2018-03-08,2018,3,March,8,Thursday,3,10,1,0,Spring,,,0,0,0,0,,0,0,0,0,0
2018-03-09,2018,3,March,9,Friday,4,10,1,0,Spring,,,0,0,0,0,,0,0,0,0,0
2018-03-10,2018,3,March,10,Saturday,5,10,1,1,Spring,,,0,0,0,0,,0,0,0,0,1
2018-03-11,2018,3,March,11,Sunday,6,10,1,1,Spring,,,0,0,0,0,,0,0,0,0,1
2018-03-12,2018,3,March,12,Monday,0,11,1,0,Spring,,,0,0,0,0,,0,0,0,0,0
2018-03-13,2018,3,March,13,Tuesday,1,11,1,0,Spring,,,0,0,0,0,,0,0,0,0,0
2018-03-14,2018,3,March,14,Wednesday,2,11,1,0,Spring,,,0,0,0,0,,0,0,0,0,0
2018-03-15,2018,3,March,15,Thursday,3,11,1,0,Spring,,,0,0,0,0,,0,0,0,0,0
2018-03-16,2018,3,March,16,Friday,4,11,1,0,Spring,,,0,0,0,0,,0,0,0,0,0
2018-03-17,2018,3,March,17,Saturday,5,11,1,1,Spring,,,0,0,0,0,,0,0,0,0,1
2018-03-18,2018,3,March,18,Sunday,6,11,1,1,Spring,,,0,0,0,0,,0,0,0,0,1
2018-03-19,2018,3,March,19,Monday,0,12,1,0,Spring,,,0,0,0,0,,0,0,0,0,0
2018-03-20,2018,3,March,20,Tuesday,1,12,1,0,Spring,,,0,0,0,0,,0,0,0,0,0
2018-03-21,2018,3,March,21,Wednesday,2,12,1,0,Spring,,,0,0,0,0,,0,0,0,0,0
2018-03-22,2018,3,March,22,Thursday,3,12,1,0,Spring,,,0,0,0,0,,0,0,0,0,0
2018-03-23,2018,3,March,23,Friday,4,12,1,0,Spring,,,0,0,0,0,,0,0,0,0,0
2018-03-24,2018,3,March,24,Saturday,5,12,1,1,Spring,,,0,0,0,0,,0,0,0,0,1
2018-03-25,2018,3,March,25,Sunday,6,12,1,1,Spring,,,0,0,0,0,,0,0,0,0,1
2018-03-26,2018,3,March,26,Monday,0,13,1,0,Spring,,,0,0,0,0,,0,0,0,0,0
2018-03-27,2018,3,March,27,Tuesday,1,13,1,0,Spring,,,0,0,0,0,,0,0,0,0,0
2018-03-28,2018,3,March,28,Wednesday,2,13,1,0,Spring,,,0,0,0,0,,0,0,0,0,0
2018-03-29,2018,3,March,29,Thursday,3,13,1,0,Spring,,,0,0,0,0,,0,0,0,0,0
2018-03-30,2018,3,March,30,Friday,4,13,1,0,Spring,,,0,0,1,0,,0,0,0,0,1
2018-03-31,2018,3,March,31,Saturday,5,13,1,1,Spring,,,0,0,0,0,,0,0,0,0,1
2018-04-01,2018,4,April,1,Sunday,6,13,2,1,Spring,,,0,0,0,0,,0,0,0,0,1
2018-04-02,2018,4,April,2,Monday,0,14,2,0,Spring,,,0,0,1,0,,0,0,0,0,1
2018-04-03,2018,4,April,3,Tuesday,1,14,2,0,Spring,,,0,0,0,0,,0,0,0,0,0
2018-04-04,2018,4,April,4,Wednesday,2,14,2,0,Spring,,,0,0,0,0,,0,0,0,0,0
2018-04-05,2018,4,April,5,Thursday,3,14,2,0,Spring,,,0,0,0,0,,0,0,0,0,0
2018-04-06,2018,4,April,6,Friday,4,14,2,0,Spring,,,0,0,0,0,,0,0,0,0,0
2018-04-07,2018,4,April,7,Saturday,5,14,2,1,Spring,,,0,0,0,0,,0,0,0,0,1
2018-04-08,2018,4,April,8,Sunday,6,14,2,1,Spring,,,0,0,0,0,,0,0,0,0,1
2018-04-09,2018,4,April,9,Monday,0,15,2,0,Spring,,,0,0,0,0,,0,0,0,0,0
2018-04-10,2018,4,April,10,Tuesday,1,15,2,0,Spring,,,0,0,0,0,,0,0,0,0,0
2018-04-11,2018,4,April,11,Wednesday,2,15,2,0,Spring,,,0,0,0,0,,0,0,0,0,0
2018-04-12,2018,4,April,12,Thursday,3,15,2,0,Spring,,,0,0,0,0,,0,0,0,0,0
2018-04-13,2018,4,April,13,Friday,4,15,2,0,Spring,,,0,0,0,0,,0,0,0,0,0
2018-04-14,2018,4,April,14,Saturday,5,15,2,1,Spring,,,0,0,0,0,,0,0,0,0,1
2018-04-15,2018,4,April,15,Sunday,6,15,2,1,Spring,,,0,0,0,0,,0,0,0,0,1
2018-04-16,2018,4,April,16,Monday,0,16,2,0,Spring,,,0,0,0,0,,0,0,0,0,0
2018-04-17,2018,4,April,17,Tuesday,1,16,2,0,Spring,,,0,0,0,0,,0,0,0,0,0
2018-04-18,2018,4,April,18,Wednesday,2,16,2,0,Spring,,,0,0,0,0,,0,0,0,0,0
2018-04-19,2018,4,April,19,Thursday,3,16,2,0,Spring,,,0,0,0,0,,0,0,0,0,0
2018-04-20,2018,4,April,20,Friday,4,16,2,0,Spring,,,0,0,0,0,,0,0,0,0,0
2018-04-21,2018,4,April,21,Saturday,5,16,2,1,Spring,,,0,0,0,0,,0,0,0,0,1
2018-04-22,2018,4,April,22,Sunday,6,16,2,1,Spring,,,0,0,0,0,,0,0,0,0,1
2018-04-23,2018,4,April,23,Monday,0,17,2,0,Spring,,,0,0,0,0,,0,0,0,0,0
2018-04-24,2018,4,April,24,Tuesday,1,17,2,0,Spring,,,0,0,0,0,,0,0,0,0,0
2018-04-25,2018,4,April,25,Wednesday,2,17,2,0,Spring,,,0,0,0,0,,0,0,0,0,0
2018-04-26,2018,4,April,26,Thursday,3,17,2,0,Spring,,,0,0,0,0,,0,0,0,0,0
2018-04-27,2018,4,April,27,Friday,4,17,2,0,Spring,,,0,0,0,0,,0,0,0,0,0
2018-04-28,2018,4,April,28,Saturday,5,17,2,1,Spring,,,0,0,0,0,,0,0,0,0,1
2018-04-29,2018,4,April,29,Sunday,6,17,2,1,Spring,,,0,0,0,0,,0,0,0,0,1
2018-04-30,2018,4,April,30,Monday,0,18,2,0,Spring,,,0,0,0,0,,0,0,0,0,0
2018-05-01,2018,5,May,1,Tuesday,1,18,2,0,Spring,,,0,0,0,0,,0,0,0,0,0
2018-05-02,2018,5,May,2,Wednesday,2,18,2,0,Spring,,,0,0,0,0,,0,0,0,0,0
2018-05-03,2018,5,May,3,Thursday,3,18,2,0,Spring,,,0,0,0,0,,0,0,0,0,0
2018-05-04,2018,5,May,4,Friday,4,18,2,0,Spring,,,0,0,0,0,,0,0,0,0,0
2018-05-05,2018,5,May,5,Saturday,5,18,2,1,Spring,,,0,0,0,0,,0,0,0,0,1
2018-05-06,2018,5,May,6,Sunday,6,18,2,1,Spring,,,0,0,0,0,,0,0,0,0,1
2018-05-07,2018,5,May,7,Monday,0,19,2,0,Spring,,,0,0,1,0,,0,0,0,0,1
2018-05-08,2018,5,May,8,Tuesday,1,19,2,0,Spring,,,0,0,0,0,,0,0,0,0,0
2018-05-09,2018,5,May,9,Wednesday,2,19,2,0,Spring,,,0,0,0,0,,0,0,0,0,0
2018-05-10,2018,5,May,10,Thursday,3,19,2,0,Spring,,,0,0,0,0,,0,0,0,0,0
2018-05-11,2018,5,May,11,Friday,4,19,2,0,Spring,,,0,0,0,0,,0,0,0,0,0
2018-05-12,2018,5,May,12,Saturday,5,19,2,1,Spring,,,0,0,0,0,,0,0,0,0,1
2018-05-13,2018,5,May,13,Sunday,6,19,2,1,Spring,,,0,0,0,0,,0,0,0,0,1
2018-05-14,2018,5,May,14,Monday,0,20,2,0,Spring,,,0,0,0,0,,0,0,0,0,0
2018-05-15,2018,5,May,15,Tuesday,1,20,2,0,Spring,,,0,0,0,0,,0,0,0,0,0
2018-05-16,2018,5,May,16,Wednesday,2,20,2,0,Spring,,,0,0,0,0,,0,0,0,0,0
2018-05-17,2018,5,May,17,Thursday,3,20,2,0,Spring,,,0,0,0,0,,0,0,0,0,0
2018-05-18,2018,5,May,18,Friday,4,20,2,0,Spring,,,0,0,0,0,,0,0,0,0,0
2018-05-19,2018,5,May,19,Saturday,5,20,2,1,Spring,,,0,0,0,0,,0,0,0,0,1
2018-05-20,2018,5,May,20,Sunday,6,20,2,1,Spring,,,0,0,0,0,,0,0,0,0,1
2018-05-21,2018,5,May,21,Monday,0,21,2,0,Spring,,,0,0,0,0,,0,0,0,0,0
2018-05-22,2018,5,May,22,Tuesday,1,21,2,0,Spring,,,0,0,0,0,,0,0,0,0,0
2018-05-23,2018,5,May,23,Wednesday,2,21,2,0,Spring,,,0,0,0,0,,0,0,0,0,0
2018-05-24,2018,5,May,24,Thursday,3,21,2,0,Spring,,,0,0,0,0,,0,0,0,0,0
2018-05-25,2018,5,May,25,Friday,4,21,2,0,Spring,,,0,0,0,0,,0,0,0,0,0
2018-05-26,2018,5,May,26,Saturday,5,21,2,1,Spring,,,0,0,0,0,,0,0,0,0,1
2018-05-27,2018,5,May,27,Sunday,6,21,2,1,Spring,,,0,0,0,0,,0,0,0,0,1
2018-05-28,2018,5,May,28,Monday,0,22,2,0,Spring,,,0,0,1,0,,0,0,0,0,1
2018-05-29,2018,5,May,29,Tuesday,1,22,2,0,Spring,,,0,0,0,0,,0,0,0,0,0
2018-05-30,2018,5,May,30,Wednesday,2,22,2,0,Spring,,,0,0,0,0,,0,0,0,0,0
2018-05-31,2018,5,May,31,Thursday,3,22,2,0,Spring,,,0,0,0,0,,0,0,0,0,0
2018-06-01,2018,6,June,1,Friday,4,22,2,0,Summer,,,0,0,0,0,,0,0,0,0,0
2018-06-02,2018,6,June,2,Saturday,5,22,2,1,Summer,,,0,0,0,0,,0,0,0,0,1
2018-06-03,2018,6,June,3,Sunday,6,22,2,1,Summer,,,0,0,0,0,,0,0,0,0,1
2018-06-04,2018,6,June,4,Monday,0,23,2,0,Summer,,,0,0,0,0,,0,0,0,0,0
2018-06-05,2018,6,June,5,Tuesday,1,23,2,0,Summer,,,0,0,0,0,,0,0,0,0,0
2018-06-06,2018,6,June,6,Wednesday,2,23,2,0,Summer,,,0,0,0,0,,0,0,0,0,0
2018-06-07,2018,6,June,7,Thursday,3,23,2,0,Summer,,,0,0,0,0,,0,0,0,0,0
2018-06-08,2018,6,June,8,Friday,4,23,2,0,Summer,,,0,0,0,0,,0,0,0,0,0
2018-06-09,2018,6,June,9,Saturday,5,23,2,1,Summer,,,0,0,0,0,,0,0,0,0,1
2018-06-10,2018,6,June,10,Sunday,6,23,2,1,Summer,,,0,0,0,0,,0,0,0,0,1
2018-06-11,2018,6,June,11,Monday,0,24,2,0,Summer,,,0,0,0,0,,0,0,0,0,0
2018-06-12,2018,6,June,12,Tuesday,1,24,2,0,Summer,,,0,0,0,0,,0,0,0,0,0
2018-06-13,2018,6,June,13,Wednesday,2,24,2,0,Summer,,,0,0,0,0,,0,0,0,0,0
2018-06-14,2018,6,June,14,Thursday,3,24,2,0,Summer,,,0,0,0,0,,0,0,0,0,0
2018-06-15,2018,6,June,15,Friday,4,24,2,0,Summer,,,0,0,0,0,,0,0,0,0,0
2018-06-16,2018,6,June,16,Saturday,5,24,2,1,Summer,,,0,0,0,0,,0,0,0,0,1
2018-06-17,2018,6,June,17,Sunday,6,24,2,1,Summer,,,0,0,0,0,,0,0,0,0,1
2018-06-18,2018,6,June,18,Monday,0,25,2,0,Summer,,,0,0,0,0,,0,0,0,0,0
2018-06-19,2018,6,June,19,Tuesday,1,25,2,0,Summer,,,0,0,0,0,,0,0,0,0,0
2018-06-20,2018,6,June,20,Wednesday,2,25,2,0,Summer,,,0,0,0,0,,0,0,0,0,0
2018-06-21,2018,6,June,21,Thursday,3,25,2,0,Summer,,,0,0,0,0,,0,0,0,0,0
2018-06-22,2018,6,June,22,Friday,4,25,2,0,Summer,,,0,0,0,0,,0,0,0,0,0
2018-06-23,2018,6,June,23,Saturday,5,25,2,1,Summer,,,0,0,0,0,,0,0,0,0,1
2018-06-24,2018,6,June,24,Sunday,6,25,2,1,Summer,,,0,0,0,0,,0,0,0,0,1
2018-06-25,2018,6,June,25,Monday,0,26,2,0,Summer,,,0,0,0,0,,0,0,0,0,0
2018-06-26,2018,6,June,26,Tuesday,1,26,2,0,Summer,,,0,0,0,0,,0,0,0,0,0
2018-06-27,2018,6,June,27,Wednesday,2,26,2,0,Summer,,,0,0,0,0,,0,0,0,0,0
2018-06-28,2018,6,June,28,Thursday,3,26,2,0,Summer,,,0,0,0,0,,0,0,0,0,0
2018-06-29,2018,6,June,29,Friday,4,26,2,0,Summer,,,0,0,0,0,,0,0,0,0,0
2018-06-30,2018,6,June,30,Saturday,5,26,2,1,Summer,,,0,0,0,0,,0,0,0,0,1
2018-07-01,2018,7,July,1,Sunday,6,26,3,1,Summer,,,0,0,0,0,,0,0,0,0,1
2018-07-02,2018,7,July,2,Monday,0,27,3,0,Summer,,,0,0,0,0,,0,0,0,0,0
2018-07-03,2018,7,July,3,Tuesday,1,27,3,0,Summer,,,0,0,0,0,,0,0,0,0,0
2018-07-04,2018,7,July,4,Wednesday,2,27,3,0,Summer,,,0,0,0,0,,0,0,0,0,0
2018-07-05,2018,7,July,5,Thursday,3,27,3,0,Summer,,,0,0,0,0,,0,0,0,0,0
2018-07-06,2018,7,July,6,Friday,4,27,3,0,Summer,,,0,0,0,0,,0,0,0,0,0
2018-07-07,2018,7,July,7,Saturday,5,27,3,1,Summer,,,0,0,0,0,,0,0,0,0,1
2018-07-08,2018,7,July,8,Sunday,6,27,3,1,Summer,,,0,0,0,0,,0,0,0,0,1
2018-07-09,2018,7,July,9,Monday,0,28,3,0,Summer,,,0,0,0,0,,0,0,0,0,0
2018-07-10,2018,7,July,10,Tuesday,1,28,3,0,Summer,,,0,0,0,0,,0,0,0,0,0
2018-07-11,2018,7,July,11,Wednesday,2,28,3,0,Summer,,,0,0,0,0,,0,0,0,0,0
2018-07-12,2018,7,July,12,Thursday,3,28,3,0,Summer,,,0,0,0,0,,0,0,0,0,0
2018-07-13,2018,7,July,13,Friday,4,28,3,0,Summer,,,0,0,0,0,,0,0,0,0,0
2018-07-14,2018,7,July,14,Saturday,5,28,3,1,Summer,,,0,0,0,0,,0,0,0,0,1
2018-07-15,2018,7,July,15,Sunday,6,28,3,1,Summer,,,0,0,0,0,,0,0,0,0,1
2018-07-16,2018,7,July,16,Monday,0,29,3,0,Summer,,,0,0,0,0,,0,0,0,0,0
2018-07-17,2018,7,July,17,Tuesday,1,29,3,0,Summer,,,0,0,0,0,,0,0,0,0,0
2018-07-18,2018,7,July,18,Wednesday,2,29,3,0,Summer,,,0,0,0,0,,0,0,0,0,0
2018-07-19,2018,7,July,19,Thursday,3,29,3,0,Summer,,,0,0,0,0,,0,0,0,0,0
2018-07-20,2018,7,July,20,Friday,4,29,3,0,Summer,,,0,0,0,0,,0,0,0,0,0
2018-07-21,2018,7,July,21,Saturday,5,29,3,1,Summer,,,0,0,0,0,,0,0,0,0,1
2018-07-22,2018,7,July,22,Sunday,6,29,3,1,Summer,,,0,0,0,0,,0,0,0,0,1
2018-07-23,2018,7,July,23,Monday,0,30,3,0,Summer,,,0,0,0,0,,0,0,0,0,0
2018-07-24,2018,7,July,24,Tuesday,1,30,3,0,Summer,,,0,0,0,0,,0,0,0,0,0
2018-07-25,2018,7,July,25,Wednesday,2,30,3,0,Summer,,,0,0,0,0,,0,0,0,0,0
2018-07-26,2018,7,July,26,Thursday,3,30,3,0,Summer,,,0,0,0,0,,0,0,0,0,0
2018-07-27,2018,7,July,27,Friday,4,30,3,0,Summer,,,0,0,0,0,,0,0,0,0,0
2018-07-28,2018,7,July,28,Saturday,5,30,3,1,Summer,,,0,0,0,0,,0,0,0,0,1
2018-07-29,2018,7,July,29,Sunday,6,30,3,1,Summer,,,0,0,0,0,,0,0,0,0,1
2018-07-30,2018,7,July,30,Monday,0,31,3,0,Summer,,,0,0,0,0,,0,0,0,0,0
2018-07-31,2018,7,July,31,Tuesday,1,31,3,0,Summer,,,0,0,0,0,,0,0,0,0,0
2018-08-01,2018,8,August,1,Wednesday,2,31,3,0,Summer,,,0,0,0,0,,0,0,0,0,0
2018-08-02,2018,8,August,2,Thursday,3,31,3,0,Summer,,,0,0,0,0,,0,0,0,0,0
2018-08-03,2018,8,August,3,Friday,4,31,3,0,Summer,,,0,0,0,0,,0,0,0,0,0
2018-08-04,2018,8,August,4,Saturday,5,31,3,1,Summer,,,0,0,0,0,,0,0,0,0,1
2018-08-05,2018,8,August,5,Sunday,6,31,3,1,Summer,,,0,0,0,0,,0,0,0,0,1
2018-08-06,2018,8,August,6,Monday,0,32,3,0,Summer,,,0,0,0,0,,0,0,0,0,0
2018-08-07,2018,8,August,7,Tuesday,1,32,3,0,Summer,,,0,0,0,0,,0,0,0,0,0
2018-08-08,2018,8,August,8,Wednesday,2,32,3,0,Summer,,,0,0,0,0,,0,0,0,0,0
2018-08-09,2018,8,August,9,Thursday,3,32,3,0,Summer,,,0,0,0,0,,0,0,0,0,0
2018-08-10,2018,8,August,10,Friday,4,32,3,0,Summer,,,0,0,0,0,,0,0,0,0,0
2018-08-11,2018,8,August,11,Saturday,5,32,3,1,Summer,,,0,0,0,0,,0,0,0,0,1
2018-08-12,2018,8,August,12,Sunday,6,32,3,1,Summer,,,0,0,0,0,,0,0,0,0,1
2018-08-13,2018,8,August,13,Monday,0,33,3,0,Summer,,,0,0,0,0,,0,0,0,0,0
2018-08-14,2018,8,August,14,Tuesday,1,33,3,0,Summer,,,0,0,0,0,,0,0,0,0,0
2018-08-15,2018,8,August,15,Wednesday,2,33,3,0,Summer,,,0,0,0,0,,0,0,0,0,0
2018-08-16,2018,8,August,16,Thursday,3,33,3,0,Summer,,,0,0,0,0,,0,0,0,0,0
2018-08-17,2018,8,August,17,Friday,4,33,3,0,Summer,,,0,0,0,0,,0,0,0,0,0
2018-08-18,2018,8,August,18,Saturday,5,33,3,1,Summer,,,0,0,0,0,,0,0,0,0,1
2018-08-19,2018,8,August,19,Sunday,6,33,3,1,Summer,,,0,0,0,0,,0,0,0,0,1
2018-08-20,2018,8,August,20,Monday,0,34,3,0,Summer,,,0,0,0,0,,0,0,0,0,0
2018-08-21,2018,8,August,21,Tuesday,1,34,3,0,Summer,,,0,0,0,0,,0,0,0,0,0
2018-08-22,2018,8,August,22,Wednesday,2,34,3,0,Summer,,,0,0,0,0,,0,0,0,0,0
2018-08-23,2018,8,August,23,Thursday,3,34,3,0,Summer,,,0,0,0,0,,0,0,0,0,0
2018-08-24,2018,8,August,24,Friday,4,34,3,0,Summer,,,0,0,0,0,,0,0,0,0,0
2018-08-25,2018,8,August,25,Saturday,5,34,3,1,Summer,,,0,0,0,0,,0,0,0,0,1
2018-08-26,2018,8,August,26,Sunday,6,34,3,1,Summer,,,0,0,0,0,,0,0,0,0,1
2018-08-27,2018,8,August,27,Monday,0,35,3,0,Summer,,,0,0,1,0,,0,0,0,0,1
2018-08-28,2018,8,August,28,Tuesday,1,35,3,0,Summer,,,0,0,0,0,,0,0,0,0,0
2018-08-29,2018,8,August,29,Wednesday,2,35,3,0,Summer,,,0,0,0,0,,0,0,0,0,0
2018-08-30,2018,8,August,30,Thursday,3,35,3,0,Summer,,,0,0,0,0,,0,0,0,0,0
2018-08-31,2018,8,August,31,Friday,4,35,3,0,Summer,,,0,0,0,0,,0,0,0,0,0
2018-09-01,2018,9,September,1,Saturday,5,35,3,1,Autumn,,,0,0,0,0,,0,0,0,0,1
2018-09-02,2018,9,September,2,Sunday,6,35,3,1,Autumn,,,0,0,0,0,,0,0,0,0,1
2018-09-03,2018,9,September,3,Monday,0,36,3,0,Autumn,,,0,0,0,0,,0,0,0,0,0
2018-09-04,2018,9,September,4,Tuesday,1,36,3,0,Autumn,,,0,0,0,0,,0,0,0,0,0
2018-09-05,2018,9,September,5,Wednesday,2,36,3,0,Autumn,,,0,0,0,0,,0,0,0,0,0
2018-09-06,2018,9,September,6,Thursday,3,36,3,0,Autumn,,,0,0,0,0,,0,0,0,0,0
2018-09-07,2018,9,September,7,Friday,4,36,3,0,Autumn,,,0,0,0,0,,0,0,0,0,0
2018-09-08,2018,9,September,8,Saturday,5,36,3,1,Autumn,,,0,0,0,0,,0,0,0,0,1
2018-09-09,2018,9,September,9,Sunday,6,36,3,1,Autumn,,,0,0,0,0,,0,0,0,0,1
2018-09-10,2018,9,September,10,Monday,0,37,3,0,Autumn,,,0,0,0,0,,0,0,0,0,0
2018-09-11,2018,9,September,11,Tuesday,1,37,3,0,Autumn,,,0,0,0,0,,0,0,0,0,0
2018-09-12,2018,9,September,12,Wednesday,2,37,3,0,Autumn,,,0,0,0,0,,0,0,0,0,0
2018-09-13,2018,9,September,13,Thursday,3,37,3,0,Autumn,,,0,0,0,0,,0,0,0,0,0
2018-09-14,2018,9,September,14,Friday,4,37,3,0,Autumn,,,0,0,0,0,,0,0,0,0,0
2018-09-15,2018,9,September,15,Saturday,5,37,3,1,Autumn,,,0,0,0,0,,0,0,0,0,1
2018-09-16,2018,9,September,16,Sunday,6,37,3,1,Autumn,,,0,0,0,0,,0,0,0,0,1
2018-09-17,2018,9,September,17,Monday,0,38,3,0,Autumn,,,0,0,0,0,,0,0,0,0,0
2018-09-18,2018,9,September,18,Tuesday,1,38,3,0,Autumn,,,0,0,0,0,,0,0,0,0,0
2018-09-19,2018,9,September,19,Wednesday,2,38,3,0,Autumn,,,0,0,0,0,,0,0,0,0,0
2018-09-20,2018,9,September,20,Thursday,3,38,3,0,Autumn,,,0,0,0,0,,0,0,0,0,0
2018-09-21,2018,9,September,21,Friday,4,38,3,0,Autumn,,,0,0,0,0,,0,0,0,0,0
2018-09-22,2018,9,September,22,Saturday,5,38,3,1,Autumn,,,0,0,0,0,,0,0,0,0,1
2018-09-23,2018,9,September,23,Sunday,6,38,3,1,Autumn,,,0,0,0,0,,0,0,0,0,1
2018-09-24,2018,9,September,24,Monday,0,39,3,0,Autumn,,,0,0,0,0,,0,0,0,0,0
2018-09-25,2018,9,September,25,Tuesday,1,39,3,0,Autumn,,,0,0,0,0,,0,0,0,0,0
2018-09-26,2018,9,September,26,Wednesday,2,39,3,0,Autumn,,,0,0,0,0,,0,0,0,0,0
2018-09-27,2018,9,September,27,Thursday,3,39,3,0,Autumn,,,0,0,0,0,,0,0,0,0,0
2018-09-28,2018,9,September,28,Friday,4,39,3,0,Autumn,,,0,0,0,0,,0,0,0,0,0
2018-09-29,2018,9,September,29,Saturday,5,39,3,1,Autumn,,,0,0,0,0,,0,0,0,0,1
2018-09-30,2018,9,September,30,Sunday,6,39,3,1,Autumn,,,0,0,0,0,,0,0,0,0,1
2018-10-01,2018,10,October,1,Monday,0,40,4,0,Autumn,,,0,0,0,0,,0,0,0,0,0
2018-10-02,2018,10,October,2,Tuesday,1,40,4,0,Autumn,,,0,0,0,0,,0,0,0,0,0
2018-10-03,2018,10,October,3,Wednesday,2,40,4,0,Autumn,,,0,0,0,0,,0,0,0,0,0
2018-10-04,2018,10,October,4,Thursday,3,40,4,0,Autumn,,,0,0,0,0,,0,0,0,0,0
2018-10-05,2018,10,October,5,Friday,4,40,4,0,Autumn,,,0,0,0,0,,0,0,0,0,0
2018-10-06,2018,10,October,6,Saturday,5,40,4,1,Autumn,,,0,0,0,0,,0,0,0,0,1
2018-10-07,2018,10,October,7,Sunday,6,40,4,1,Autumn,,,0,0,0,0,,0,0,0,0,1
2018-10-08,2018,10,October,8,Monday,0,41,4,0,Autumn,,,0,0,0,0,,0,0,0,0,0
2018-10-09,2018,10,October,9,Tuesday,1,41,4,0,Autumn,,,0,0,0,0,,0,0,0,0,0
2018-10-10,2018,10,October,10,Wednesday,2,41,4,0,Autumn,,,0,0,0,0,,0,0,0,0,0
2018-10-11,2018,10,October,11,Thursday,3,41,4,0,Autumn,,,0,0,0,0,,0,0,0,0,0
2018-10-12,2018,10,October,12,Friday,4,41,4,0,Autumn,,,0,0,0,0,,0,0,0,0,0
2018-10-13,2018,10,October,13,Saturday,5,41,4,1,Autumn,,,0,0,0,0,,0,0,0,0,1
2018-10-14,2018,10,October,14,Sunday,6,41,4,1,Autumn,,,0,0,0,0,,0,0,0,0,1
2018-10-15,2018,10,October,15,Monday,0,42,4,0,Autumn,,,0,0,0,0,,0,0,0,0,0
2018-10-16,2018,10,October,16,Tuesday,1,42,4,0,Autumn,,,0,0,0,0,,0,0,0,0,0
2018-10-17,2018,10,October,17,Wednesday,2,42,4,0,Autumn,,,0,0,0,0,,0,0,0,0,0
2018-10-18,2018,10,October,18,Thursday,3,42,4,0,Autumn,,,0,0,0,0,,0,0,0,0,0
2018-10-19,2018,10,October,19,Friday,4,42,4,0,Autumn,,,0,0,0,0,,0,0,0,0,0
2018-10-20,2018,10,October,20,Saturday,5,42,4,1,Autumn,,,0,0,0,0,,0,0,0,0,1
2018-10-21,2018,10,October,21,Sunday,6,42,4,1,Autumn,,,0,0,0,0,,0,0,0,0,1
2018-10-22,2018,10,October,22,Monday,0,43,4,0,Autumn,,,0,0,0,0,,0,0,0,0,0
2018-10-23,2018,10,October,23,Tuesday,1,43,4,0,Autumn,,,0,0,0,0,,0,0,0,0,0
2018-10-24,2018,10,October,24,Wednesday,2,43,4,0,Autumn,,,0,0,0,0,,0,0,0,0,0
2018-10-25,2018,10,October,25,Thursday,3,43,4,0,Autumn,,,0,0,0,0,,0,0,0,0,0
2018-10-26,2018,10,October,26,Friday,4,43,4,0,Autumn,,,0,0,0,0,,0,0,0,0,0
2018-10-27,2018,10,October,27,Saturday,5,43,4,1,Autumn,,,0,0,0,0,,0,0,0,0,1
2018-10-28,2018,10,October,28,Sunday,6,43,4,1,Autumn,,,0,0,0,0,,0,0,0,0,1
2018-10-29,2018,10,October,29,Monday,0,44,4,0,Autumn,,,0,0,0,0,,0,0,0,0,0
2018-10-30,2018,10,October,30,Tuesday,1,44,4,0,Autumn,,,0,0,0,0,,0,0,0,0,0
2018-10-31,2018,10,October,31,Wednesday,2,44,4,0,Autumn,,,0,0,0,0,,0,0,0,0,0
2018-11-01,2018,11,November,1,Thursday,3,44,4,0,Autumn,,,0,0,0,0,,0,0,0,0,0
2018-11-02,2018,11,November,2,Friday,4,44,4,0,Autumn,,,0,0,0,0,,0,0,0,0,0
2018-11-03,2018,11,November,3,Saturday,5,44,4,1,Autumn,,,0,0,0,0,,0,0,0,0,1
2018-11-04,2018,11,November,4,Sunday,6,44,4,1,Autumn,,,0,0,0,0,,0,0,0,0,1
2018-11-05,2018,11,November,5,Monday,0,45,4,0,Autumn,,,0,0,0,0,,0,0,0,0,0
2018-11-06,2018,11,November,6,Tuesday,1,45,4,0,Autumn,,,0,0,0,0,,0,0,0,0,0
2018-11-07,2018,11,November,7,Wednesday,2,45,4,0,Autumn,,,0,0,0,0,,0,0,0,0,0
2018-11-08,2018,11,November,8,Thursday,3,45,4,0,Autumn,,,0,0,0,0,,0,0,0,0,0
2018-11-09,2018,11,November,9,Friday,4,45,4,0,Autumn,,,0,0,0,0,,0,0,0,0,0
2018-11-10,2018,11,November,10,Saturday,5,45,4,1,Autumn,,,0,0,0,0,,0,0,0,0,1
2018-11-11,2018,11,November,11,Sunday,6,45,4,1,Autumn,,,0,0,0,0,,0,0,0,0,1
2018-11-12,2018,11,November,12,Monday,0,46,4,0,Autumn,,,0,0,0,0,,0,0,0,0,0
2018-11-13,2018,11,November,13,Tuesday,1,46,4,0,Autumn,,,0,0,0,0,,0,0,0,0,0
2018-11-14,2018,11,November,14,Wednesday,2,46,4,0,Autumn,,,0,0,0,0,,0,0,0,0,0
2018-11-15,2018,11,November,15,Thursday,3,46,4,0,Autumn,,,0,0,0,0,,0,0,0,0,0
2018-11-16,2018,11,November,16,Friday,4,46,4,0,Autumn,,,0,0,0,0,,0,0,0,0,0
2018-11-17,2018,11,November,17,Saturday,5,46,4,1,Autumn,,,0,0,0,0,,0,0,0,0,1
2018-11-18,2018,11,November,18,Sunday,6,46,4,1,Autumn,,,0,0,0,0,,0,0,0,0,1
2018-11-19,2018,11,November,19,Monday,0,47,4,0,Autumn,,,0,0,0,0,,0,0,0,0,0
2018-11-20,2018,11,November,20,Tuesday,1,47,4,0,Autumn,,,0,0,0,0,,0,0,0,0,0
2018-11-21,2018,11,November,21,Wednesday,2,47,4,0,Autumn,,,0,0,0,0,,0,0,0,0,0
2018-11-22,2018,11,November,22,Thursday,3,47,4,0,Autumn,,,0,0,0,0,,0,0,0,0,0
2018-11-23,2018,11,November,23,Friday,4,47,4,0,Autumn,,,0,0,0,0,,0,0,0,0,0
2018-11-24,2018,11,November,24,Saturday,5,47,4,1,Autumn,,,0,0,0,0,,0,0,0,0,1
2018-11-25,2018,11,November,25,Sunday,6,47,4,1,Autumn,,,0,0,0,0,,0,0,0,0,1
2018-11-26,2018,11,November,26,Monday,0,48,4,0,Autumn,,,0,0,0,0,,0,0,0,0,0
2018-11-27,2018,11,November,27,Tuesday,1,48,4,0,Autumn,,,0,0,0,0,,0,0,0,0,0
2018-11-28,2018,11,November,28,Wednesday,2,48,4,0,Autumn,,,0,0,0,0,,0,0,0,0,0
2018-11-29,2018,11,November,29,Thursday,3,48,4,0,Autumn,,,0,0,0,0,,0,0,0,0,0
2018-11-30,2018,11,November,30,Friday,4,48,4,0,Autumn,,,0,0,0,0,,0,0,0,0,0
2018-12-01,2018,12,December,1,Saturday,5,48,4,1,Winter,,,0,0,0,0,,0,0,0,0,1
2018-12-02,2018,12,December,2,Sunday,6,48,4,1,Winter,,,0,0,0,0,,0,0,0,0,1
2018-12-03,2018,12,December,3,Monday,0,49,4,0,Winter,,,0,0,0,0,,0,0,0,0,0
2018-12-04,2018,12,December,4,Tuesday,1,49,4,0,Winter,,,0,0,0,0,,0,0,0,0,0
2018-12-05,2018,12,December,5,Wednesday,2,49,4,0,Winter,,,0,0,0,0,,0,0,0,0,0
2018-12-06,2018,12,December,6,Thursday,3,49,4,0,Winter,,,0,0,0,0,,0,0,0,0,0
2018-12-07,2018,12,December,7,Friday,4,49,4,0,Winter,,,0,0,0,0,,0,0,0,0,0
2018-12-08,2018,12,December,8,Saturday,5,49,4,1,Winter,,,0,0,0,0,,0,0,0,0,1
2018-12-09,2018,12,December,9,Sunday,6,49,4,1,Winter,,,0,0,0,0,,0,0,0,0,1
2018-12-10,2018,12,December,10,Monday,0,50,4,0,Winter,,,0,0,0,0,,0,0,0,0,0
2018-12-11,2018,12,December,11,Tuesday,1,50,4,0,Winter,,,0,0,0,0,,0,0,0,0,0
2018-12-12,2018,12,December,12,Wednesday,2,50,4,0,Winter,,,0,0,0,0,,0,0,0,0,0
2018-12-13,2018,12,December,13,Thursday,3,50,4,0,Winter,,,0,0,0,0,,0,0,0,0,0
2018-12-14,2018,12,December,14,Friday,4,50,4,0,Winter,,,0,0,0,0,,0,0,0,0,0
2018-12-15,2018,12,December,15,Saturday,5,50,4,1,Winter,,,0,0,0,0,,0,0,0,0,1
2018-12-16,2018,12,December,16,Sunday,6,50,4,1,Winter,,,0,0,0,0,,0,0,0,0,1
2018-12-17,2018,12,December,17,Monday,0,51,4,0,Winter,,,0,0,0,0,,0,0,0,0,0
2018-12-18,2018,12,December,18,Tuesday,1,51,4,0,Winter,,,0,0,0,0,,0,0,0,0,0
2018-12-19,2018,12,December,19,Wednesday,2,51,4,0,Winter,,,0,0,0,0,,0,0,0,0,0
2018-12-20,2018,12,December,20,Thursday,3,51,4,0,Winter,,,0,0,0,0,,0,0,0,0,0
2018-12-21,2018,12,December,21,Friday,4,51,4,0,Winter,,,0,0,0,0,,0,0,0,0,0
2018-12-22,2018,12,December,22,Saturday,5,51,4,1,Winter,,,0,0,0,0,,0,0,0,0,1
2018-12-23,2018,12,December,23,Sunday,6,51,4,1,Winter,,,0,0,0,0,,0,0,0,0,1
2018-12-24,2018,12,December,24,Monday,0,52,4,0,Winter,,,0,0,0,0,,0,0,0,0,0
2018-12-25,2018,12,December,25,Tuesday,1,52,4,0,Winter,,,0,0,1,0,,0,0,0,0,1
2018-12-26,2018,12,December,26,Wednesday,2,52,4,0,Winter,,,0,0,1,0,,0,0,0,0,1
2018-12-27,2018,12,December,27,Thursday,3,52,4,0,Winter,,,0,0,0,0,,0,0,0,0,0
2018-12-28,2018,12,December,28,Friday,4,52,4,0,Winter,,,0,0,0,0,,0,0,0,0,0
2018-12-29,2018,12,December,29,Saturday,5,52,4,1,Winter,,,0,0,0,0,,0,0,0,0,1
2018-12-30,2018,12,December,30,Sunday,6,52,4,1,Winter,,,0,0,0,0,,0,0,0,0,1
2018-12-31,2018,12,December,31,Monday,0,1,4,0,Winter,,,0,0,0,0,,0,0,0,0,0
2019-01-01,2019,1,January,1,Tuesday,1,1,1,0,Winter,New Year’s Day,england-and-wales | scotland,1,1,1,0,,0,0,0,0,1
2019-01-02,2019,1,January,2,Wednesday,2,1,1,0,Winter,2nd January,scotland,0,1,1,0,,0,0,0,0,1
2019-01-03,2019,1,January,3,Thursday,3,1,1,0,Winter,,,0,0,0,0,,0,0,0,0,0
2019-01-04,2019,1,January,4,Friday,4,1,1,0,Winter,,,0,0,0,0,,0,0,0,0,0
2019-01-05,2019,1,January,5,Saturday,5,1,1,1,Winter,,,0,0,0,0,,0,0,0,0,1
2019-01-06,2019,1,January,6,Sunday,6,1,1,1,Winter,,,0,0,0,0,,0,0,0,0,1
2019-01-07,2019,1,January,7,Monday,0,2,1,0,Winter,,,0,0,0,0,,0,0,0,0,0
2019-01-08,2019,1,January,8,Tuesday,1,2,1,0,Winter,,,0,0,0,0,,0,0,0,0,0
2019-01-09,2019,1,January,9,Wednesday,2,2,1,0,Winter,,,0,0,0,0,,0,0,0,0,0
2019-01-10,2019,1,January,10,Thursday,3,2,1,0,Winter,,,0,0,0,0,,0,0,0,0,0
2019-01-11,2019,1,January,11,Friday,4,2,1,0,Winter,,,0,0,0,0,,0,0,0,0,0
2019-01-12,2019,1,January,12,Saturday,5,2,1,1,Winter,,,0,0,0,0,,0,0,0,0,1
2019-01-13,2019,1,January,13,Sunday,6,2,1,1,Winter,,,0,0,0,0,,0,0,0,0,1
2019-01-14,2019,1,January,14,Monday,0,3,1,0,Winter,,,0,0,0,0,,0,0,0,0,0
2019-01-15,2019,1,January,15,Tuesday,1,3,1,0,Winter,,,0,0,0,0,,0,0,0,0,0
2019-01-16,2019,1,January,16,Wednesday,2,3,1,0,Winter,,,0,0,0,0,,0,0,0,0,0
2019-01-17,2019,1,January,17,Thursday,3,3,1,0,Winter,,,0,0,0,0,,0,0,0,0,0
2019-01-18,2019,1,January,18,Friday,4,3,1,0,Winter,,,0,0,0,0,,0,0,0,0,0
2019-01-19,2019,1,January,19,Saturday,5,3,1,1,Winter,,,0,0,0,0,,0,0,0,0,1
2019-01-20,2019,1,January,20,Sunday,6,3,1,1,Winter,,,0,0,0,0,,0,0,0,0,1
2019-01-21,2019,1,January,21,Monday,0,4,1,0,Winter,,,0,0,0,0,,0,0,0,0,0
2019-01-22,2019,1,January,22,Tuesday,1,4,1,0,Winter,,,0,0,0,0,,0,0,0,0,0
2019-01-23,2019,1,January,23,Wednesday,2,4,1,0,Winter,,,0,0,0,0,,0,0,0,0,0
2019-01-24,2019,1,January,24,Thursday,3,4,1,0,Winter,,,0,0,0,0,,0,0,0,0,0
2019-01-25,2019,1,January,25,Friday,4,4,1,0,Winter,,,0,0,0,0,,0,0,0,0,0
2019-01-26,2019,1,January,26,Saturday,5,4,1,1,Winter,,,0,0,0,0,,0,0,0,0,1
2019-01-27,2019,1,January,27,Sunday,6,4,1,1,Winter,,,0,0,0,0,,0,0,0,0,1
2019-01-28,2019,1,January,28,Monday,0,5,1,0,Winter,,,0,0,0,0,,0,0,0,0,0
2019-01-29,2019,1,January,29,Tuesday,1,5,1,0,Winter,,,0,0,0,0,,0,0,0,0,0
2019-01-30,2019,1,January,30,Wednesday,2,5,1,0,Winter,,,0,0,0,0,,0,0,0,0,0
2019-01-31,2019,1,January,31,Thursday,3,5,1,0,Winter,,,0,0,0,0,,0,0,0,0,0
2019-02-01,2019,2,February,1,Friday,4,5,1,0,Winter,,,0,0,0,0,,0,0,0,0,0
2019-02-02,2019,2,February,2,Saturday,5,5,1,1,Winter,,,0,0,0,0,,0,0,0,0,1
2019-02-03,2019,2,February,3,Sunday,6,5,1,1,Winter,,,0,0,0,0,,0,0,0,0,1
2019-02-04,2019,2,February,4,Monday,0,6,1,0,Winter,,,0,0,0,0,,0,0,0,0,0
2019-02-05,2019,2,February,5,Tuesday,1,6,1,0,Winter,,,0,0,0,0,,0,0,0,0,0
2019-02-06,2019,2,February,6,Wednesday,2,6,1,0,Winter,,,0,0,0,0,,0,0,0,0,0
2019-02-07,2019,2,February,7,Thursday,3,6,1,0,Winter,,,0,0,0,0,,0,0,0,0,0
2019-02-08,2019,2,February,8,Friday,4,6,1,0,Winter,,,0,0,0,0,,0,0,0,0,0
2019-02-09,2019,2,February,9,Saturday,5,6,1,1,Winter,,,0,0,0,0,,0,0,0,0,1
2019-02-10,2019,2,February,10,Sunday,6,6,1,1,Winter,,,0,0,0,0,,0,0,0,0,1
2019-02-11,2019,2,February,11,Monday,0,7,1,0,Winter,,,0,0,0,0,,0,0,0,0,0
2019-02-12,2019,2,February,12,Tuesday,1,7,1,0,Winter,,,0,0,0,0,,0,0,0,0,0
2019-02-13,2019,2,February,13,Wednesday,2,7,1,0,Winter,,,0,0,0,0,,0,0,0,0,0
2019-02-14,2019,2,February,14,Thursday,3,7,1,0,Winter,,,0,0,0,0,,0,0,0,0,0
2019-02-15,2019,2,February,15,Friday,4,7,1,0,Winter,,,0,0,0,0,,0,0,0,0,0
2019-02-16,2019,2,February,16,Saturday,5,7,1,1,Winter,,,0,0,0,0,,0,0,0,0,1
2019-02-17,2019,2,February,17,Sunday,6,7,1,1,Winter,,,0,0,0,0,,0,0,0,0,1
2019-02-18,2019,2,February,18,Monday,0,8,1,0,Winter,,,0,0,0,0,,0,0,0,0,0
2019-02-19,2019,2,February,19,Tuesday,1,8,1,0,Winter,,,0,0,0,0,,0,0,0,0,0
2019-02-20,2019,2,February,20,Wednesday,2,8,1,0,Winter,,,0,0,0,0,,0,0,0,0,0
2019-02-21,2019,2,February,21,Thursday,3,8,1,0,Winter,,,0,0,0,0,,0,0,0,0,0
2019-02-22,2019,2,February,22,Friday,4,8,1,0,Winter,,,0,0,0,0,,0,0,0,0,0
2019-02-23,2019,2,February,23,Saturday,5,8,1,1,Winter,,,0,0,0,0,,0,0,0,0,1
2019-02-24,2019,2,February,24,Sunday,6,8,1,1,Winter,,,0,0,0,0,,0,0,0,0,1
2019-02-25,2019,2,February,25,Monday,0,9,1,0,Winter,,,0,0,0,0,,0,0,0,0,0
2019-02-26,2019,2,February,26,Tuesday,1,9,1,0,Winter,,,0,0,0,0,,0,0,0,0,0
2019-02-27,2019,2,February,27,Wednesday,2,9,1,0,Winter,,,0,0,0,0,,0,0,0,0,0
2019-02-28,2019,2,February,28,Thursday,3,9,1,0,Winter,,,0,0,0,0,,0,0,0,0,0
2019-03-01,2019,3,March,1,Friday,4,9,1,0,Spring,,,0,0,0,0,,0,0,0,0,0
2019-03-02,2019,3,March,2,Saturday,5,9,1,1,Spring,,,0,0,0,0,,0,0,0,0,1
2019-03-03,2019,3,March,3,Sunday,6,9,1,1,Spring,,,0,0,0,0,,0,0,0,0,1
2019-03-04,2019,3,March,4,Monday,0,10,1,0,Spring,,,0,0,0,0,,0,0,0,0,0
2019-03-05,2019,3,March,5,Tuesday,1,10,1,0,Spring,,,0,0,0,0,,0,0,0,0,0
2019-03-06,2019,3,March,6,Wednesday,2,10,1,0,Spring,,,0,0,0,0,,0,0,0,0,0
2019-03-07,2019,3,March,7,Thursday,3,10,1,0,Spring,,,0,0,0,0,,0,0,0,0,0
2019-03-08,2019,3,March,8,Friday,4,10,1,0,Spring,,,0,0,0,0,,0,0,0,0,0
2019-03-09,2019,3,March,9,Saturday,5,10,1,1,Spring,,,0,0,0,0,,0,0,0,0,1
2019-03-10,2019,3,March,10,Sunday,6,10,1,1,Spring,,,0,0,0,0,,0,0,0,0,1
2019-03-11,2019,3,March,11,Monday,0,11,1,0,Spring,,,0,0,0,0,,0,0,0,0,0
2019-03-12,2019,3,March,12,Tuesday,1,11,1,0,Spring,,,0,0,0,0,,0,0,0,0,0
2019-03-13,2019,3,March,13,Wednesday,2,11,1,0,Spring,,,0,0,0,0,,0,0,0,0,0
2019-03-14,2019,3,March,14,Thursday,3,11,1,0,Spring,,,0,0,0,0,,0,0,0,0,0
2019-03-15,2019,3,March,15,Friday,4,11,1,0,Spring,,,0,0,0,0,,0,0,0,0,0
2019-03-16,2019,3,March,16,Saturday,5,11,1,1,Spring,,,0,0,0,0,,0,0,0,0,1
2019-03-17,2019,3,March,17,Sunday,6,11,1,1,Spring,,,0,0,0,0,,0,0,0,0,1
2019-03-18,2019,3,March,18,Monday,0,12,1,0,Spring,,,0,0,0,0,,0,0,0,0,0
2019-03-19,2019,3,March,19,Tuesday,1,12,1,0,Spring,,,0,0,0,0,,0,0,0,0,0
2019-03-20,2019,3,March,20,Wednesday,2,12,1,0,Spring,,,0,0,0,0,,0,0,0,0,0
2019-03-21,2019,3,March,21,Thursday,3,12,1,0,Spring,,,0,0,0,0,,0,0,0,0,0
2019-03-22,2019,3,March,22,Friday,4,12,1,0,Spring,,,0,0,0,0,,0,0,0,0,0
2019-03-23,2019,3,March,23,Saturday,5,12,1,1,Spring,,,0,0,0,0,,0,0,0,0,1
2019-03-24,2019,3,March,24,Sunday,6,12,1,1,Spring,,,0,0,0,0,,0,0,0,0,1
2019-03-25,2019,3,March,25,Monday,0,13,1,0,Spring,,,0,0,0,0,,0,0,0,0,0
2019-03-26,2019,3,March,26,Tuesday,1,13,1,0,Spring,,,0,0,0,0,,0,0,0,0,0
2019-03-27,2019,3,March,27,Wednesday,2,13,1,0,Spring,,,0,0,0,0,,0,0,0,0,0
2019-03-28,2019,3,March,28,Thursday,3,13,1,0,Spring,,,0,0,0,0,,0,0,0,0,0
2019-03-29,2019,3,March,29,Friday,4,13,1,0,Spring,,,0,0,0,0,,0,0,0,0,0
2019-03-30,2019,3,March,30,Saturday,5,13,1,1,Spring,,,0,0,0,0,,0,0,0,0,1
2019-03-31,2019,3,March,31,Sunday,6,13,1,1,Spring,,,0,0,0,0,,0,0,0,0,1
2019-04-01,2019,4,April,1,Monday,0,14,2,0,Spring,,,0,0,0,0,,0,0,0,0,0
2019-04-02,2019,4,April,2,Tuesday,1,14,2,0,Spring,,,0,0,0,0,,0,0,0,0,0
2019-04-03,2019,4,April,3,Wednesday,2,14,2,0,Spring,,,0,0,0,0,,0,0,0,0,0
2019-04-04,2019,4,April,4,Thursday,3,14,2,0,Spring,,,0,0,0,0,,0,0,0,0,0
2019-04-05,2019,4,April,5,Friday,4,14,2,0,Spring,,,0,0,0,0,,0,0,0,0,0
2019-04-06,2019,4,April,6,Saturday,5,14,2,1,Spring,,,0,0,0,0,,0,0,0,0,1
2019-04-07,2019,4,April,7,Sunday,6,14,2,1,Spring,,,0,0,0,0,,0,0,0,0,1
2019-04-08,2019,4,April,8,Monday,0,15,2,0,Spring,,,0,0,0,0,,0,0,0,0,0
2019-04-09,2019,4,April,9,Tuesday,1,15,2,0,Spring,,,0,0,0,0,,0,0,0,0,0
2019-04-10,2019,4,April,10,Wednesday,2,15,2,0,Spring,,,0,0,0,0,,0,0,0,0,0
2019-04-11,2019,4,April,11,Thursday,3,15,2,0,Spring,,,0,0,0,0,,0,0,0,0,0
2019-04-12,2019,4,April,12,Friday,4,15,2,0,Spring,,,0,0,0,0,,0,0,0,0,0
2019-04-13,2019,4,April,13,Saturday,5,15,2,1,Spring,,,0,0,0,0,,0,0,0,0,1
2019-04-14,2019,4,April,14,Sunday,6,15,2,1,Spring,,,0,0,0,0,,0,0,0,0,1
2019-04-15,2019,4,April,15,Monday,0,16,2,0,Spring,,,0,0,0,0,,0,0,0,0,0
2019-04-16,2019,4,April,16,Tuesday,1,16,2,0,Spring,,,0,0,0,0,,0,0,0,0,0
2019-04-17,2019,4,April,17,Wednesday,2,16,2,0,Spring,,,0,0,0,0,,0,0,0,0,0
2019-04-18,2019,4,April,18,Thursday,3,16,2,0,Spring,,,0,0,0,0,,0,0,0,0,0
2019-04-19,2019,4,April,19,Friday,4,16,2,0,Spring,Good Friday,england-and-wales | scotland,1,1,1,0,,0,0,0,0,1
2019-04-20,2019,4,April,20,Saturday,5,16,2,1,Spring,,,0,0,0,0,,0,0,0,0,1
2019-04-21,2019,4,April,21,Sunday,6,16,2,1,Spring,,,0,0,0,0,,0,0,0,0,1
2019-04-22,2019,4,April,22,Monday,0,17,2,0,Spring,Easter Monday,england-and-wales,1,0,1,0,,0,0,0,0,1
2019-04-23,2019,4,April,23,Tuesday,1,17,2,0,Spring,,,0,0,0,0,,0,0,0,0,0
2019-04-24,2019,4,April,24,Wednesday,2,17,2,0,Spring,,,0,0,0,0,,0,0,0,0,0
2019-04-25,2019,4,April,25,Thursday,3,17,2,0,Spring,,,0,0,0,0,,0,0,0,0,0
2019-04-26,2019,4,April,26,Friday,4,17,2,0,Spring,,,0,0,0,0,,0,0,0,0,0
2019-04-27,2019,4,April,27,Saturday,5,17,2,1,Spring,,,0,0,0,0,,0,0,0,0,1
2019-04-28,2019,4,April,28,Sunday,6,17,2,1,Spring,,,0,0,0,0,,0,0,0,0,1
2019-04-29,2019,4,April,29,Monday,0,18,2,0,Spring,,,0,0,0,0,,0,0,0,0,0
2019-04-30,2019,4,April,30,Tuesday,1,18,2,0,Spring,,,0,0,0,0,,0,0,0,0,0
2019-05-01,2019,5,May,1,Wednesday,2,18,2,0,Spring,,,0,0,0,0,,0,0,0,0,0
2019-05-02,2019,5,May,2,Thursday,3,18,2,0,Spring,,,0,0,0,0,,0,0,0,0,0
2019-05-03,2019,5,May,3,Friday,4,18,2,0,Spring,,,0,0,0,0,,0,0,0,0,0
2019-05-04,2019,5,May,4,Saturday,5,18,2,1,Spring,,,0,0,0,0,,0,0,0,0,1
2019-05-05,2019,5,May,5,Sunday,6,18,2,1,Spring,,,0,0,0,0,,0,0,0,0,1
2019-05-06,2019,5,May,6,Monday,0,19,2,0,Spring,Early May bank holiday,england-and-wales | scotland,1,1,1,0,,0,0,0,0,1
2019-05-07,2019,5,May,7,Tuesday,1,19,2,0,Spring,,,0,0,0,0,,0,0,0,0,0
2019-05-08,2019,5,May,8,Wednesday,2,19,2,0,Spring,,,0,0,0,0,,0,0,0,0,0
2019-05-09,2019,5,May,9,Thursday,3,19,2,0,Spring,,,0,0,0,0,,0,0,0,0,0
2019-05-10,2019,5,May,10,Friday,4,19,2,0,Spring,,,0,0,0,0,,0,0,0,0,0
2019-05-11,2019,5,May,11,Saturday,5,19,2,1,Spring,,,0,0,0,0,,0,0,0,0,1
2019-05-12,2019,5,May,12,Sunday,6,19,2,1,Spring,,,0,0,0,0,,0,0,0,0,1
2019-05-13,2019,5,May,13,Monday,0,20,2,0,Spring,,,0,0,0,0,,0,0,0,0,0
2019-05-14,2019,5,May,14,Tuesday,1,20,2,0,Spring,,,0,0,0,0,,0,0,0,0,0
2019-05-15,2019,5,May,15,Wednesday,2,20,2,0,Spring,,,0,0,0,0,,0,0,0,0,0
2019-05-16,2019,5,May,16,Thursday,3,20,2,0,Spring,,,0,0,0,0,,0,0,0,0,0
2019-05-17,2019,5,May,17,Friday,4,20,2,0,Spring,,,0,0,0,0,,0,0,0,0,0
2019-05-18,2019,5,May,18,Saturday,5,20,2,1,Spring,,,0,0,0,0,,0,0,0,0,1
2019-05-19,2019,5,May,19,Sunday,6,20,2,1,Spring,,,0,0,0,0,,0,0,0,0,1
2019-05-20,2019,5,May,20,Monday,0,21,2,0,Spring,,,0,0,0,0,,0,0,0,0,0
2019-05-21,2019,5,May,21,Tuesday,1,21,2,0,Spring,,,0,0,0,0,,0,0,0,0,0
2019-05-22,2019,5,May,22,Wednesday,2,21,2,0,Spring,,,0,0,0,0,,0,0,0,0,0
2019-05-23,2019,5,May,23,Thursday,3,21,2,0,Spring,,,0,0,0,0,,0,0,0,0,0
2019-05-24,2019,5,May,24,Friday,4,21,2,0,Spring,,,0,0,0,0,,0,0,0,0,0
2019-05-25,2019,5,May,25,Saturday,5,21,2,1,Spring,,,0,0,0,0,,0,0,0,0,1
2019-05-26,2019,5,May,26,Sunday,6,21,2,1,Spring,,,0,0,0,0,,0,0,0,0,1
2019-05-27,2019,5,May,27,Monday,0,22,2,0,Spring,Spring bank holiday,england-and-wales | scotland,1,1,1,0,,0,0,0,0,1
2019-05-28,2019,5,May,28,Tuesday,1,22,2,0,Spring,,,0,0,0,0,,0,0,0,0,0
2019-05-29,2019,5,May,29,Wednesday,2,22,2,0,Spring,,,0,0,0,0,,0,0,0,0,0
2019-05-30,2019,5,May,30,Thursday,3,22,2,0,Spring,,,0,0,0,0,,0,0,0,0,0
2019-05-31,2019,5,May,31,Friday,4,22,2,0,Spring,,,0,0,0,0,,0,0,0,0,0
2019-06-01,2019,6,June,1,Saturday,5,22,2,1,Summer,,,0,0,0,0,,0,0,0,0,1
2019-06-02,2019,6,June,2,Sunday,6,22,2,1,Summer,,,0,0,0,0,,0,0,0,0,1
2019-06-03,2019,6,June,3,Monday,0,23,2,0,Summer,,,0,0,0,0,,0,0,0,0,0
2019-06-04,2019,6,June,4,Tuesday,1,23,2,0,Summer,,,0,0,0,0,,0,0,0,0,0
2019-06-05,2019,6,June,5,Wednesday,2,23,2,0,Summer,,,0,0,0,0,,0,0,0,0,0
2019-06-06,2019,6,June,6,Thursday,3,23,2,0,Summer,,,0,0,0,0,,0,0,0,0,0
2019-06-07,2019,6,June,7,Friday,4,23,2,0,Summer,,,0,0,0,0,,0,0,0,0,0
2019-06-08,2019,6,June,8,Saturday,5,23,2,1,Summer,,,0,0,0,0,,0,0,0,0,1
2019-06-09,2019,6,June,9,Sunday,6,23,2,1,Summer,,,0,0,0,0,,0,0,0,0,1
2019-06-10,2019,6,June,10,Monday,0,24,2,0,Summer,,,0,0,0,0,,0,0,0,0,0
2019-06-11,2019,6,June,11,Tuesday,1,24,2,0,Summer,,,0,0,0,0,,0,0,0,0,0
2019-06-12,2019,6,June,12,Wednesday,2,24,2,0,Summer,,,0,0,0,0,,0,0,0,0,0
2019-06-13,2019,6,June,13,Thursday,3,24,2,0,Summer,,,0,0,0,0,,0,0,0,0,0
2019-06-14,2019,6,June,14,Friday,4,24,2,0,Summer,,,0,0,0,0,,0,0,0,0,0
2019-06-15,2019,6,June,15,Saturday,5,24,2,1,Summer,,,0,0,0,0,,0,0,0,0,1
2019-06-16,2019,6,June,16,Sunday,6,24,2,1,Summer,,,0,0,0,0,,0,0,0,0,1
2019-06-17,2019,6,June,17,Monday,0,25,2,0,Summer,,,0,0,0,0,,0,0,0,0,0
2019-06-18,2019,6,June,18,Tuesday,1,25,2,0,Summer,,,0,0,0,0,,0,0,0,0,0
2019-06-19,2019,6,June,19,Wednesday,2,25,2,0,Summer,,,0,0,0,0,,0,0,0,0,0
2019-06-20,2019,6,June,20,Thursday,3,25,2,0,Summer,,,0,0,0,0,,0,0,0,0,0
2019-06-21,2019,6,June,21,Friday,4,25,2,0,Summer,,,0,0,0,0,,0,0,0,0,0
2019-06-22,2019,6,June,22,Saturday,5,25,2,1,Summer,,,0,0,0,0,,0,0,0,0,1
2019-06-23,2019,6,June,23,Sunday,6,25,2,1,Summer,,,0,0,0,0,,0,0,0,0,1
2019-06-24,2019,6,June,24,Monday,0,26,2,0,Summer,,,0,0,0,0,,0,0,0,0,0
2019-06-25,2019,6,June,25,Tuesday,1,26,2,0,Summer,,,0,0,0,0,,0,0,0,0,0
2019-06-26,2019,6,June,26,Wednesday,2,26,2,0,Summer,,,0,0,0,0,,0,0,0,0,0
2019-06-27,2019,6,June,27,Thursday,3,26,2,0,Summer,,,0,0,0,0,,0,0,0,0,0
2019-06-28,2019,6,June,28,Friday,4,26,2,0,Summer,,,0,0,0,0,,0,0,0,0,0
2019-06-29,2019,6,June,29,Saturday,5,26,2,1,Summer,,,0,0,0,0,,0,0,0,0,1
2019-06-30,2019,6,June,30,Sunday,6,26,2,1,Summer,,,0,0,0,0,,0,0,0,0,1
2019-07-01,2019,7,July,1,Monday,0,27,3,0,Summer,,,0,0,0,0,,0,0,0,0,0
2019-07-02,2019,7,July,2,Tuesday,1,27,3,0,Summer,,,0,0,0,0,,0,0,0,0,0
2019-07-03,2019,7,July,3,Wednesday,2,27,3,0,Summer,,,0,0,0,0,,0,0,0,0,0
2019-07-04,2019,7,July,4,Thursday,3,27,3,0,Summer,,,0,0,0,0,,0,0,0,0,0
2019-07-05,2019,7,July,5,Friday,4,27,3,0,Summer,,,0,0,0,0,,0,0,0,0,0
2019-07-06,2019,7,July,6,Saturday,5,27,3,1,Summer,,,0,0,0,0,,0,0,0,0,1
2019-07-07,2019,7,July,7,Sunday,6,27,3,1,Summer,,,0,0,0,0,,0,0,0,0,1
2019-07-08,2019,7,July,8,Monday,0,28,3,0,Summer,,,0,0,0,0,,0,0,0,0,0
2019-07-09,2019,7,July,9,Tuesday,1,28,3,0,Summer,,,0,0,0,0,,0,0,0,0,0
2019-07-10,2019,7,July,10,Wednesday,2,28,3,0,Summer,,,0,0,0,0,,0,0,0,0,0
2019-07-11,2019,7,July,11,Thursday,3,28,3,0,Summer,,,0,0,0,0,,0,0,0,0,0
2019-07-12,2019,7,July,12,Friday,4,28,3,0,Summer,,,0,0,0,0,,0,0,0,0,0
2019-07-13,2019,7,July,13,Saturday,5,28,3,1,Summer,,,0,0,0,0,,0,0,0,0,1
2019-07-14,2019,7,July,14,Sunday,6,28,3,1,Summer,,,0,0,0,0,,0,0,0,0,1
2019-07-15,2019,7,July,15,Monday,0,29,3,0,Summer,,,0,0,0,0,,0,0,0,0,0
2019-07-16,2019,7,July,16,Tuesday,1,29,3,0,Summer,,,0,0,0,0,,0,0,0,0,0
2019-07-17,2019,7,July,17,Wednesday,2,29,3,0,Summer,,,0,0,0,0,,0,0,0,0,0
2019-07-18,2019,7,July,18,Thursday,3,29,3,0,Summer,,,0,0,0,0,,0,0,0,0,0
2019-07-19,2019,7,July,19,Friday,4,29,3,0,Summer,,,0,0,0,0,,0,0,0,0,0
2019-07-20,2019,7,July,20,Saturday,5,29,3,1,Summer,,,0,0,0,0,,0,0,0,0,1
2019-07-21,2019,7,July,21,Sunday,6,29,3,1,Summer,,,0,0,0,0,,0,0,0,0,1
2019-07-22,2019,7,July,22,Monday,0,30,3,0,Summer,,,0,0,0,0,,0,0,0,0,0
2019-07-23,2019,7,July,23,Tuesday,1,30,3,0,Summer,,,0,0,0,0,,0,0,0,0,0
2019-07-24,2019,7,July,24,Wednesday,2,30,3,0,Summer,,,0,0,0,0,,0,0,0,0,0
2019-07-25,2019,7,July,25,Thursday,3,30,3,0,Summer,,,0,0,0,0,,0,0,0,0,0
2019-07-26,2019,7,July,26,Friday,4,30,3,0,Summer,,,0,0,0,0,,0,0,0,0,0
2019-07-27,2019,7,July,27,Saturday,5,30,3,1,Summer,,,0,0,0,0,,0,0,0,0,1
2019-07-28,2019,7,July,28,Sunday,6,30,3,1,Summer,,,0,0,0,0,,0,0,0,0,1
2019-07-29,2019,7,July,29,Monday,0,31,3,0,Summer,,,0,0,0,0,,0,0,0,0,0
2019-07-30,2019,7,July,30,Tuesday,1,31,3,0,Summer,,,0,0,0,0,,0,0,0,0,0
2019-07-31,2019,7,July,31,Wednesday,2,31,3,0,Summer,,,0,0,0,0,,0,0,0,0,0
2019-08-01,2019,8,August,1,Thursday,3,31,3,0,Summer,,,0,0,0,0,,0,0,0,0,0
2019-08-02,2019,8,August,2,Friday,4,31,3,0,Summer,,,0,0,0,0,,0,0,0,0,0
2019-08-03,2019,8,August,3,Saturday,5,31,3,1,Summer,,,0,0,0,0,,0,0,0,0,1
2019-08-04,2019,8,August,4,Sunday,6,31,3,1,Summer,,,0,0,0,0,,0,0,0,0,1
2019-08-05,2019,8,August,5,Monday,0,32,3,0,Summer,Summer bank holiday,scotland,0,1,1,0,,0,0,0,0,1
2019-08-06,2019,8,August,6,Tuesday,1,32,3,0,Summer,,,0,0,0,0,,0,0,0,0,0
2019-08-07,2019,8,August,7,Wednesday,2,32,3,0,Summer,,,0,0,0,0,,0,0,0,0,0
2019-08-08,2019,8,August,8,Thursday,3,32,3,0,Summer,,,0,0,0,0,,0,0,0,0,0
2019-08-09,2019,8,August,9,Friday,4,32,3,0,Summer,,,0,0,0,0,,0,0,0,0,0
2019-08-10,2019,8,August,10,Saturday,5,32,3,1,Summer,,,0,0,0,0,,0,0,0,0,1
2019-08-11,2019,8,August,11,Sunday,6,32,3,1,Summer,,,0,0,0,0,,0,0,0,0,1
2019-08-12,2019,8,August,12,Monday,0,33,3,0,Summer,,,0,0,0,0,,0,0,0,0,0
2019-08-13,2019,8,August,13,Tuesday,1,33,3,0,Summer,,,0,0,0,0,,0,0,0,0,0
2019-08-14,2019,8,August,14,Wednesday,2,33,3,0,Summer,,,0,0,0,0,,0,0,0,0,0
2019-08-15,2019,8,August,15,Thursday,3,33,3,0,Summer,,,0,0,0,0,,0,0,0,0,0
2019-08-16,2019,8,August,16,Friday,4,33,3,0,Summer,,,0,0,0,0,,0,0,0,0,0
2019-08-17,2019,8,August,17,Saturday,5,33,3,1,Summer,,,0,0,0,0,,0,0,0,0,1
2019-08-18,2019,8,August,18,Sunday,6,33,3,1,Summer,,,0,0,0,0,,0,0,0,0,1
2019-08-19,2019,8,August,19,Monday,0,34,3,0,Summer,,,0,0,0,0,,0,0,0,0,0
2019-08-20,2019,8,August,20,Tuesday,1,34,3,0,Summer,,,0,0,0,0,,0,0,0,0,0
2019-08-21,2019,8,August,21,Wednesday,2,34,3,0,Summer,,,0,0,0,0,,0,0,0,0,0
2019-08-22,2019,8,August,22,Thursday,3,34,3,0,Summer,,,0,0,0,0,,0,0,0,0,0
2019-08-23,2019,8,August,23,Friday,4,34,3,0,Summer,,,0,0,0,0,,0,0,0,0,0
2019-08-24,2019,8,August,24,Saturday,5,34,3,1,Summer,,,0,0,0,0,,0,0,0,0,1
2019-08-25,2019,8,August,25,Sunday,6,34,3,1,Summer,,,0,0,0,0,,0,0,0,0,1
2019-08-26,2019,8,August,26,Monday,0,35,3,0,Summer,Summer bank holiday,england-and-wales,1,0,1,0,,0,0,0,0,1
2019-08-27,2019,8,August,27,Tuesday,1,35,3,0,Summer,,,0,0,0,0,,0,0,0,0,0
2019-08-28,2019,8,August,28,Wednesday,2,35,3,0,Summer,,,0,0,0,0,,0,0,0,0,0
2019-08-29,2019,8,August,29,Thursday,3,35,3,0,Summer,,,0,0,0,0,,0,0,0,0,0
2019-08-30,2019,8,August,30,Friday,4,35,3,0,Summer,,,0,0,0,0,,0,0,0,0,0
2019-08-31,2019,8,August,31,Saturday,5,35,3,1,Summer,,,0,0,0,0,,0,0,0,0,1
2019-09-01,2019,9,September,1,Sunday,6,35,3,1,Autumn,,,0,0,0,0,,0,0,0,0,1
2019-09-02,2019,9,September,2,Monday,0,36,3,0,Autumn,,,0,0,0,0,,0,0,0,0,0
2019-09-03,2019,9,September,3,Tuesday,1,36,3,0,Autumn,,,0,0,0,0,,0,0,0,0,0
2019-09-04,2019,9,September,4,Wednesday,2,36,3,0,Autumn,,,0,0,0,0,,0,0,0,0,0
2019-09-05,2019,9,September,5,Thursday,3,36,3,0,Autumn,,,0,0,0,0,,0,0,0,0,0
2019-09-06,2019,9,September,6,Friday,4,36,3,0,Autumn,,,0,0,0,0,,0,0,0,0,0
2019-09-07,2019,9,September,7,Saturday,5,36,3,1,Autumn,,,0,0,0,0,,0,0,0,0,1
2019-09-08,2019,9,September,8,Sunday,6,36,3,1,Autumn,,,0,0,0,0,,0,0,0,0,1
2019-09-09,2019,9,September,9,Monday,0,37,3,0,Autumn,,,0,0,0,0,,0,0,0,0,0
2019-09-10,2019,9,September,10,Tuesday,1,37,3,0,Autumn,,,0,0,0,0,,0,0,0,0,0
2019-09-11,2019,9,September,11,Wednesday,2,37,3,0,Autumn,,,0,0,0,0,,0,0,0,0,0
2019-09-12,2019,9,September,12,Thursday,3,37,3,0,Autumn,,,0,0,0,0,,0,0,0,0,0
2019-09-13,2019,9,September,13,Friday,4,37,3,0,Autumn,,,0,0,0,0,,0,0,0,0,0
2019-09-14,2019,9,September,14,Saturday,5,37,3,1,Autumn,,,0,0,0,0,,0,0,0,0,1
2019-09-15,2019,9,September,15,Sunday,6,37,3,1,Autumn,,,0,0,0,0,,0,0,0,0,1
2019-09-16,2019,9,September,16,Monday,0,38,3,0,Autumn,,,0,0,0,0,,0,0,0,0,0
2019-09-17,2019,9,September,17,Tuesday,1,38,3,0,Autumn,,,0,0,0,0,,0,0,0,0,0
2019-09-18,2019,9,September,18,Wednesday,2,38,3,0,Autumn,,,0,0,0,0,,0,0,0,0,0
2019-09-19,2019,9,September,19,Thursday,3,38,3,0,Autumn,,,0,0,0,0,,0,0,0,0,0
2019-09-20,2019,9,September,20,Friday,4,38,3,0,Autumn,,,0,0,0,0,,0,0,0,0,0
2019-09-21,2019,9,September,21,Saturday,5,38,3,1,Autumn,,,0,0,0,0,,0,0,0,0,1
2019-09-22,2019,9,September,22,Sunday,6,38,3,1,Autumn,,,0,0,0,0,,0,0,0,0,1
2019-09-23,2019,9,September,23,Monday,0,39,3,0,Autumn,,,0,0,0,0,,0,0,0,0,0
2019-09-24,2019,9,September,24,Tuesday,1,39,3,0,Autumn,,,0,0,0,0,,0,0,0,0,0
2019-09-25,2019,9,September,25,Wednesday,2,39,3,0,Autumn,,,0,0,0,0,,0,0,0,0,0
2019-09-26,2019,9,September,26,Thursday,3,39,3,0,Autumn,,,0,0,0,0,,0,0,0,0,0
2019-09-27,2019,9,September,27,Friday,4,39,3,0,Autumn,,,0,0,0,0,,0,0,0,0,0
2019-09-28,2019,9,September,28,Saturday,5,39,3,1,Autumn,,,0,0,0,0,,0,0,0,0,1
2019-09-29,2019,9,September,29,Sunday,6,39,3,1,Autumn,,,0,0,0,0,,0,0,0,0,1
2019-09-30,2019,9,September,30,Monday,0,40,3,0,Autumn,,,0,0,0,0,,0,0,0,0,0
2019-10-01,2019,10,October,1,Tuesday,1,40,4,0,Autumn,,,0,0,0,0,,0,0,0,0,0
2019-10-02,2019,10,October,2,Wednesday,2,40,4,0,Autumn,,,0,0,0,0,,0,0,0,0,0
2019-10-03,2019,10,October,3,Thursday,3,40,4,0,Autumn,,,0,0,0,0,,0,0,0,0,0
2019-10-04,2019,10,October,4,Friday,4,40,4,0,Autumn,,,0,0,0,0,,0,0,0,0,0
2019-10-05,2019,10,October,5,Saturday,5,40,4,1,Autumn,,,0,0,0,0,,0,0,0,0,1
2019-10-06,2019,10,October,6,Sunday,6,40,4,1,Autumn,,,0,0,0,0,,0,0,0,0,1
2019-10-07,2019,10,October,7,Monday,0,41,4,0,Autumn,,,0,0,0,0,,0,0,0,0,0
2019-10-08,2019,10,October,8,Tuesday,1,41,4,0,Autumn,,,0,0,0,0,,0,0,0,0,0
2019-10-09,2019,10,October,9,Wednesday,2,41,4,0,Autumn,,,0,0,0,0,,0,0,0,0,0
2019-10-10,2019,10,October,10,Thursday,3,41,4,0,Autumn,,,0,0,0,0,,0,0,0,0,0
2019-10-11,2019,10,October,11,Friday,4,41,4,0,Autumn,,,0,0,0,0,,0,0,0,0,0
2019-10-12,2019,10,October,12,Saturday,5,41,4,1,Autumn,,,0,0,0,0,,0,0,0,0,1
2019-10-13,2019,10,October,13,Sunday,6,41,4,1,Autumn,,,0,0,0,0,,0,0,0,0,1
2019-10-14,2019,10,October,14,Monday,0,42,4,0,Autumn,,,0,0,0,0,,0,0,0,0,0
2019-10-15,2019,10,October,15,Tuesday,1,42,4,0,Autumn,,,0,0,0,0,,0,0,0,0,0
2019-10-16,2019,10,October,16,Wednesday,2,42,4,0,Autumn,,,0,0,0,0,,0,0,0,0,0
2019-10-17,2019,10,October,17,Thursday,3,42,4,0,Autumn,,,0,0,0,0,,0,0,0,0,0
2019-10-18,2019,10,October,18,Friday,4,42,4,0,Autumn,,,0,0,0,0,,0,0,0,0,0
2019-10-19,2019,10,October,19,Saturday,5,42,4,1,Autumn,,,0,0,0,0,,0,0,0,0,1
2019-10-20,2019,10,October,20,Sunday,6,42,4,1,Autumn,,,0,0,0,0,,0,0,0,0,1
2019-10-21,2019,10,October,21,Monday,0,43,4,0,Autumn,,,0,0,0,0,,0,0,0,0,0
2019-10-22,2019,10,October,22,Tuesday,1,43,4,0,Autumn,,,0,0,0,0,,0,0,0,0,0
2019-10-23,2019,10,October,23,Wednesday,2,43,4,0,Autumn,,,0,0,0,0,,0,0,0,0,0
2019-10-24,2019,10,October,24,Thursday,3,43,4,0,Autumn,,,0,0,0,0,,0,0,0,0,0
2019-10-25,2019,10,October,25,Friday,4,43,4,0,Autumn,,,0,0,0,0,,0,0,0,0,0
2019-10-26,2019,10,October,26,Saturday,5,43,4,1,Autumn,,,0,0,0,0,,0,0,0,0,1
2019-10-27,2019,10,October,27,Sunday,6,43,4,1,Autumn,,,0,0,0,0,,0,0,0,0,1
2019-10-28,2019,10,October,28,Monday,0,44,4,0,Autumn,,,0,0,0,0,,0,0,0,0,0
2019-10-29,2019,10,October,29,Tuesday,1,44,4,0,Autumn,,,0,0,0,0,,0,0,0,0,0
2019-10-30,2019,10,October,30,Wednesday,2,44,4,0,Autumn,,,0,0,0,0,,0,0,0,0,0
2019-10-31,2019,10,October,31,Thursday,3,44,4,0,Autumn,,,0,0,0,0,,0,0,0,0,0
2019-11-01,2019,11,November,1,Friday,4,44,4,0,Autumn,,,0,0,0,0,,0,0,0,0,0
2019-11-02,2019,11,November,2,Saturday,5,44,4,1,Autumn,,,0,0,0,0,,0,0,0,0,1
2019-11-03,2019,11,November,3,Sunday,6,44,4,1,Autumn,,,0,0,0,0,,0,0,0,0,1
2019-11-04,2019,11,November,4,Monday,0,45,4,0,Autumn,,,0,0,0,0,,0,0,0,0,0
2019-11-05,2019,11,November,5,Tuesday,1,45,4,0,Autumn,,,0,0,0,0,,0,0,0,0,0
2019-11-06,2019,11,November,6,Wednesday,2,45,4,0,Autumn,,,0,0,0,0,,0,0,0,0,0
2019-11-07,2019,11,November,7,Thursday,3,45,4,0,Autumn,,,0,0,0,0,,0,0,0,0,0
2019-11-08,2019,11,November,8,Friday,4,45,4,0,Autumn,,,0,0,0,0,,0,0,0,0,0
2019-11-09,2019,11,November,9,Saturday,5,45,4,1,Autumn,,,0,0,0,0,,0,0,0,0,1
2019-11-10,2019,11,November,10,Sunday,6,45,4,1,Autumn,,,0,0,0,0,,0,0,0,0,1
2019-11-11,2019,11,November,11,Monday,0,46,4,0,Autumn,,,0,0,0,0,,0,0,0,0,0
2019-11-12,2019,11,November,12,Tuesday,1,46,4,0,Autumn,,,0,0,0,0,,0,0,0,0,0
2019-11-13,2019,11,November,13,Wednesday,2,46,4,0,Autumn,,,0,0,0,0,,0,0,0,0,0
2019-11-14,2019,11,November,14,Thursday,3,46,4,0,Autumn,,,0,0,0,0,,0,0,0,0,0
2019-11-15,2019,11,November,15,Friday,4,46,4,0,Autumn,,,0,0,0,0,,0,0,0,0,0
2019-11-16,2019,11,November,16,Saturday,5,46,4,1,Autumn,,,0,0,0,0,,0,0,0,0,1
2019-11-17,2019,11,November,17,Sunday,6,46,4,1,Autumn,,,0,0,0,0,,0,0,0,0,1
2019-11-18,2019,11,November,18,Monday,0,47,4,0,Autumn,,,0,0,0,0,,0,0,0,0,0
2019-11-19,2019,11,November,19,Tuesday,1,47,4,0,Autumn,,,0,0,0,0,,0,0,0,0,0
2019-11-20,2019,11,November,20,Wednesday,2,47,4,0,Autumn,,,0,0,0,0,,0,0,0,0,0
2019-11-21,2019,11,November,21,Thursday,3,47,4,0,Autumn,,,0,0,0,0,,0,0,0,0,0
2019-11-22,2019,11,November,22,Friday,4,47,4,0,Autumn,,,0,0,0,0,,0,0,0,0,0
2019-11-23,2019,11,November,23,Saturday,5,47,4,1,Autumn,,,0,0,0,0,,0,0,0,0,1
2019-11-24,2019,11,November,24,Sunday,6,47,4,1,Autumn,,,0,0,0,0,,0,0,0,0,1
2019-11-25,2019,11,November,25,Monday,0,48,4,0,Autumn,,,0,0,0,0,,0,0,0,0,0
2019-11-26,2019,11,November,26,Tuesday,1,48,4,0,Autumn,,,0,0,0,0,,0,0,0,0,0
2019-11-27,2019,11,November,27,Wednesday,2,48,4,0,Autumn,,,0,0,0,0,,0,0,0,0,0
2019-11-28,2019,11,November,28,Thursday,3,48,4,0,Autumn,,,0,0,0,0,,0,0,0,0,0
2019-11-29,2019,11,November,29,Friday,4,48,4,0,Autumn,,,0,0,0,0,,0,0,0,0,0
2019-11-30,2019,11,November,30,Saturday,5,48,4,1,Autumn,,,0,0,0,0,,0,0,0,0,1
2019-12-01,2019,12,December,1,Sunday,6,48,4,1,Winter,,,0,0,0,0,,0,0,0,0,1
2019-12-02,2019,12,December,2,Monday,0,49,4,0,Winter,St Andrew’s Day,scotland,0,1,1,0,,0,0,0,0,1
2019-12-03,2019,12,December,3,Tuesday,1,49,4,0,Winter,,,0,0,0,0,,0,0,0,0,0
2019-12-04,2019,12,December,4,Wednesday,2,49,4,0,Winter,,,0,0,0,0,,0,0,0,0,0
2019-12-05,2019,12,December,5,Thursday,3,49,4,0,Winter,,,0,0,0,0,,0,0,0,0,0
2019-12-06,2019,12,December,6,Friday,4,49,4,0,Winter,,,0,0,0,0,,0,0,0,0,0
2019-12-07,2019,12,December,7,Saturday,5,49,4,1,Winter,,,0,0,0,0,,0,0,0,0,1
2019-12-08,2019,12,December,8,Sunday,6,49,4,1,Winter,,,0,0,0,0,,0,0,0,0,1
2019-12-09,2019,12,December,9,Monday,0,50,4,0,Winter,,,0,0,0,0,,0,0,0,0,0
2019-12-10,2019,12,December,10,Tuesday,1,50,4,0,Winter,,,0,0,0,0,,0,0,0,0,0
2019-12-11,2019,12,December,11,Wednesday,2,50,4,0,Winter,,,0,0,0,0,,0,0,0,0,0
2019-12-12,2019,12,December,12,Thursday,3,50,4,0,Winter,,,0,0,0,1,UK General Election 2019,0,1,0,1,0
2019-12-13,2019,12,December,13,Friday,4,50,4,0,Winter,,,0,0,0,0,,0,0,0,0,0
2019-12-14,2019,12,December,14,Saturday,5,50,4,1,Winter,,,0,0,0,0,,0,0,0,0,1
2019-12-15,2019,12,December,15,Sunday,6,50,4,1,Winter,,,0,0,0,0,,0,0,0,0,1
2019-12-16,2019,12,December,16,Monday,0,51,4,0,Winter,,,0,0,0,0,,0,0,0,0,0
2019-12-17,2019,12,December,17,Tuesday,1,51,4,0,Winter,,,0,0,0,0,,0,0,0,0,0
2019-12-18,2019,12,December,18,Wednesday,2,51,4,0,Winter,,,0,0,0,0,,0,0,0,0,0
2019-12-19,2019,12,December,19,Thursday,3,51,4,0,Winter,,,0,0,0,0,,0,0,0,0,0
2019-12-20,2019,12,December,20,Friday,4,51,4,0,Winter,,,0,0,0,0,,0,0,0,0,0
2019-12-21,2019,12,December,21,Saturday,5,51,4,1,Winter,,,0,0,0,0,,0,0,0,0,1
2019-12-22,2019,12,December,22,Sunday,6,51,4,1,Winter,,,0,0,0,0,,0,0,0,0,1
2019-12-23,2019,12,December,23,Monday,0,52,4,0,Winter,,,0,0,0,0,,0,0,0,0,0
2019-12-24,2019,12,December,24,Tuesday,1,52,4,0,Winter,,,0,0,0,0,,0,0,0,0,0
2019-12-25,2019,12,December,25,Wednesday,2,52,4,0,Winter,Christmas Day,england-and-wales | scotland,1,1,1,0,,0,0,0,0,1
2019-12-26,2019,12,December,26,Thursday,3,52,4,0,Winter,Boxing Day,england-and-wales | scotland,1,1,1,0,,0,0,0,0,1
2019-12-27,2019,12,December,27,Friday,4,52,4,0,Winter,,,0,0,0,0,,0,0,0,0,0
2019-12-28,2019,12,December,28,Saturday,5,52,4,1,Winter,,,0,0,0,0,,0,0,0,0,1
2019-12-29,2019,12,December,29,Sunday,6,52,4,1,Winter,,,0,0,0,0,,0,0,0,0,1
2019-12-30,2019,12,December,30,Monday,0,1,4,0,Winter,,,0,0,0,0,,0,0,0,0,0
2019-12-31,2019,12,December,31,Tuesday,1,1,4,0,Winter,,,0,0,0,0,,0,0,0,0,0
2020-01-01,2020,1,January,1,Wednesday,2,1,1,0,Winter,New Year’s Day,england-and-wales | scotland,1,1,1,0,,0,0,0,0,1
2020-01-02,2020,1,January,2,Thursday,3,1,1,0,Winter,2nd January,scotland,0,1,1,0,,0,0,0,0,1
2020-01-03,2020,1,January,3,Friday,4,1,1,0,Winter,,,0,0,0,0,,0,0,0,0,0
2020-01-04,2020,1,January,4,Saturday,5,1,1,1,Winter,,,0,0,0,0,,0,0,0,0,1
2020-01-05,2020,1,January,5,Sunday,6,1,1,1,Winter,,,0,0,0,0,,0,0,0,0,1
2020-01-06,2020,1,January,6,Monday,0,2,1,0,Winter,,,0,0,0,0,,0,0,0,0,0
2020-01-07,2020,1,January,7,Tuesday,1,2,1,0,Winter,,,0,0,0,0,,0,0,0,0,0
2020-01-08,2020,1,January,8,Wednesday,2,2,1,0,Winter,,,0,0,0,0,,0,0,0,0,0
2020-01-09,2020,1,January,9,Thursday,3,2,1,0,Winter,,,0,0,0,0,,0,0,0,0,0
2020-01-10,2020,1,January,10,Friday,4,2,1,0,Winter,,,0,0,0,0,,0,0,0,0,0
2020-01-11,2020,1,January,11,Saturday,5,2,1,1,Winter,,,0,0,0,0,,0,0,0,0,1
2020-01-12,2020,1,January,12,Sunday,6,2,1,1,Winter,,,0,0,0,0,,0,0,0,0,1
2020-01-13,2020,1,January,13,Monday,0,3,1,0,Winter,,,0,0,0,0,,0,0,0,0,0
2020-01-14,2020,1,January,14,Tuesday,1,3,1,0,Winter,,,0,0,0,0,,0,0,0,0,0
2020-01-15,2020,1,January,15,Wednesday,2,3,1,0,Winter,,,0,0,0,0,,0,0,0,0,0
2020-01-16,2020,1,January,16,Thursday,3,3,1,0,Winter,,,0,0,0,0,,0,0,0,0,0
2020-01-17,2020,1,January,17,Friday,4,3,1,0,Winter,,,0,0,0,0,,0,0,0,0,0
2020-01-18,2020,1,January,18,Saturday,5,3,1,1,Winter,,,0,0,0,0,,0,0,0,0,1
2020-01-19,2020,1,January,19,Sunday,6,3,1,1,Winter,,,0,0,0,0,,0,0,0,0,1
2020-01-20,2020,1,January,20,Monday,0,4,1,0,Winter,,,0,0,0,0,,0,0,0,0,0
2020-01-21,2020,1,January,21,Tuesday,1,4,1,0,Winter,,,0,0,0,0,,0,0,0,0,0
2020-01-22,2020,1,January,22,Wednesday,2,4,1,0,Winter,,,0,0,0,0,,0,0,0,0,0
2020-01-23,2020,1,January,23,Thursday,3,4,1,0,Winter,,,0,0,0,0,,0,0,0,0,0
2020-01-24,2020,1,January,24,Friday,4,4,1,0,Winter,,,0,0,0,0,,0,0,0,0,0
2020-01-25,2020,1,January,25,Saturday,5,4,1,1,Winter,,,0,0,0,0,,0,0,0,0,1
2020-01-26,2020,1,January,26,Sunday,6,4,1,1,Winter,,,0,0,0,0,,0,0,0,0,1
2020-01-27,2020,1,January,27,Monday,0,5,1,0,Winter,,,0,0,0,0,,0,0,0,0,0
2020-01-28,2020,1,January,28,Tuesday,1,5,1,0,Winter,,,0,0,0,0,,0,0,0,0,0
2020-01-29,2020,1,January,29,Wednesday,2,5,1,0,Winter,,,0,0,0,0,,0,0,0,0,0
2020-01-30,2020,1,January,30,Thursday,3,5,1,0,Winter,,,0,0,0,0,,0,0,0,0,0
2020-01-31,2020,1,January,31,Friday,4,5,1,0,Winter,,,0,0,0,0,,0,0,0,0,0
2020-02-01,2020,2,February,1,Saturday,5,5,1,1,Winter,,,0,0,0,0,,0,0,0,0,1
2020-02-02,2020,2,February,2,Sunday,6,5,1,1,Winter,,,0,0,0,0,,0,0,0,0,1
2020-02-03,2020,2,February,3,Monday,0,6,1,0,Winter,,,0,0,0,0,,0,0,0,0,0
2020-02-04,2020,2,February,4,Tuesday,1,6,1,0,Winter,,,0,0,0,0,,0,0,0,0,0
2020-02-05,2020,2,February,5,Wednesday,2,6,1,0,Winter,,,0,0,0,0,,0,0,0,0,0
2020-02-06,2020,2,February,6,Thursday,3,6,1,0,Winter,,,0,0,0,0,,0,0,0,0,0
2020-02-07,2020,2,February,7,Friday,4,6,1,0,Winter,,,0,0,0,0,,0,0,0,0,0
2020-02-08,2020,2,February,8,Saturday,5,6,1,1,Winter,,,0,0,0,0,,0,0,0,0,1
2020-02-09,2020,2,February,9,Sunday,6,6,1,1,Winter,,,0,0,0,0,,0,0,0,0,1
2020-02-10,2020,2,February,10,Monday,0,7,1,0,Winter,,,0,0,0,0,,0,0,0,0,0
2020-02-11,2020,2,February,11,Tuesday,1,7,1,0,Winter,,,0,0,0,0,,0,0,0,0,0
2020-02-12,2020,2,February,12,Wednesday,2,7,1,0,Winter,,,0,0,0,0,,0,0,0,0,0
2020-02-13,2020,2,February,13,Thursday,3,7,1,0,Winter,,,0,0,0,0,,0,0,0,0,0
2020-02-14,2020,2,February,14,Friday,4,7,1,0,Winter,,,0,0,0,0,,0,0,0,0,0
2020-02-15,2020,2,February,15,Saturday,5,7,1,1,Winter,,,0,0,0,0,,0,0,0,0,1
2020-02-16,2020,2,February,16,Sunday,6,7,1,1,Winter,,,0,0,0,0,,0,0,0,0,1
2020-02-17,2020,2,February,17,Monday,0,8,1,0,Winter,,,0,0,0,0,,0,0,0,0,0
2020-02-18,2020,2,February,18,Tuesday,1,8,1,0,Winter,,,0,0,0,0,,0,0,0,0,0
2020-02-19,2020,2,February,19,Wednesday,2,8,1,0,Winter,,,0,0,0,0,,0,0,0,0,0
2020-02-20,2020,2,February,20,Thursday,3,8,1,0,Winter,,,0,0,0,0,,0,0,0,0,0
2020-02-21,2020,2,February,21,Friday,4,8,1,0,Winter,,,0,0,0,0,,0,0,0,0,0
2020-02-22,2020,2,February,22,Saturday,5,8,1,1,Winter,,,0,0,0,0,,0,0,0,0,1
2020-02-23,2020,2,February,23,Sunday,6,8,1,1,Winter,,,0,0,0,0,,0,0,0,0,1
2020-02-24,2020,2,February,24,Monday,0,9,1,0,Winter,,,0,0,0,0,,0,0,0,0,0
2020-02-25,2020,2,February,25,Tuesday,1,9,1,0,Winter,,,0,0,0,0,,0,0,0,0,0
2020-02-26,2020,2,February,26,Wednesday,2,9,1,0,Winter,,,0,0,0,0,,0,0,0,0,0
2020-02-27,2020,2,February,27,Thursday,3,9,1,0,Winter,,,0,0,0,0,,0,0,0,0,0
2020-02-28,2020,2,February,28,Friday,4,9,1,0,Winter,,,0,0,0,0,,0,0,0,0,0
2020-02-29,2020,2,February,29,Saturday,5,9,1,1,Winter,,,0,0,0,0,,0,0,0,0,1
2020-03-01,2020,3,March,1,Sunday,6,9,1,1,Spring,,,0,0,0,0,,0,0,0,0,1
2020-03-02,2020,3,March,2,Monday,0,10,1,0,Spring,,,0,0,0,0,,0,0,0,0,0
2020-03-03,2020,3,March,3,Tuesday,1,10,1,0,Spring,,,0,0,0,0,,0,0,0,0,0
2020-03-04,2020,3,March,4,Wednesday,2,10,1,0,Spring,,,0,0,0,0,,0,0,0,0,0
2020-03-05,2020,3,March,5,Thursday,3,10,1,0,Spring,,,0,0,0,0,,0,0,0,0,0
2020-03-06,2020,3,March,6,Friday,4,10,1,0,Spring,,,0,0,0,0,,0,0,0,0,0
2020-03-07,2020,3,March,7,Saturday,5,10,1,1,Spring,,,0,0,0,0,,0,0,0,0,1
2020-03-08,2020,3,March,8,Sunday,6,10,1,1,Spring,,,0,0,0,0,,0,0,0,0,1
2020-03-09,2020,3,March,9,Monday,0,11,1,0,Spring,,,0,0,0,0,,0,0,0,0,0
2020-03-10,2020,3,March,10,Tuesday,1,11,1,0,Spring,,,0,0,0,0,,0,0,0,0,0
2020-03-11,2020,3,March,11,Wednesday,2,11,1,0,Spring,,,0,0,0,0,,0,0,0,0,0
2020-03-12,2020,3,March,12,Thursday,3,11,1,0,Spring,,,0,0,0,0,,0,0,0,0,0
2020-03-13,2020,3,March,13,Friday,4,11,1,0,Spring,,,0,0,0,0,,0,0,0,0,0
2020-03-14,2020,3,March,14,Saturday,5,11,1,1,Spring,,,0,0,0,0,,0,0,0,0,1
2020-03-15,2020,3,March,15,Sunday,6,11,1,1,Spring,,,0,0,0,0,,0,0,0,0,1
2020-03-16,2020,3,March,16,Monday,0,12,1,0,Spring,,,0,0,0,0,,0,0,0,0,0
2020-03-17,2020,3,March,17,Tuesday,1,12,1,0,Spring,,,0,0,0,0,,0,0,0,0,0
2020-03-18,2020,3,March,18,Wednesday,2,12,1,0,Spring,,,0,0,0,0,,0,0,0,0,0
2020-03-19,2020,3,March,19,Thursday,3,12,1,0,Spring,,,0,0,0,0,,0,0,0,0,0
2020-03-20,2020,3,March,20,Friday,4,12,1,0,Spring,,,0,0,0,0,,0,0,0,0,0
2020-03-21,2020,3,March,21,Saturday,5,12,1,1,Spring,,,0,0,0,0,,0,0,0,0,1
2020-03-22,2020,3,March,22,Sunday,6,12,1,1,Spring,,,0,0,0,1,Mandatory COVID-19 Stay-at-Home Requirement,1,0,0,1,1
2020-03-23,2020,3,March,23,Monday,0,13,1,0,Spring,,,0,0,0,1,Mandatory COVID-19 Stay-at-Home Requirement,1,0,0,1,0
2020-03-24,2020,3,March,24,Tuesday,1,13,1,0,Spring,,,0,0,0,1,Mandatory COVID-19 Stay-at-Home Requirement,1,0,0,1,0
2020-03-25,2020,3,March,25,Wednesday,2,13,1,0,Spring,,,0,0,0,1,Mandatory COVID-19 Stay-at-Home Requirement,1,0,0,1,0
2020-03-26,2020,3,March,26,Thursday,3,13,1,0,Spring,,,0,0,0,1,Mandatory COVID-19 Stay-at-Home Requirement,1,0,0,1,0
2020-03-27,2020,3,March,27,Friday,4,13,1,0,Spring,,,0,0,0,1,Mandatory COVID-19 Stay-at-Home Requirement,1,0,0,1,0
2020-03-28,2020,3,March,28,Saturday,5,13,1,1,Spring,,,0,0,0,1,Mandatory COVID-19 Stay-at-Home Requirement,1,0,0,1,1
2020-03-29,2020,3,March,29,Sunday,6,13,1,1,Spring,,,0,0,0,1,Mandatory COVID-19 Stay-at-Home Requirement,1,0,0,1,1
2020-03-30,2020,3,March,30,Monday,0,14,1,0,Spring,,,0,0,0,1,Mandatory COVID-19 Stay-at-Home Requirement,1,0,0,1,0
2020-03-31,2020,3,March,31,Tuesday,1,14,1,0,Spring,,,0,0,0,1,Mandatory COVID-19 Stay-at-Home Requirement,1,0,0,1,0
2020-04-01,2020,4,April,1,Wednesday,2,14,2,0,Spring,,,0,0,0,1,Mandatory COVID-19 Stay-at-Home Requirement,1,0,0,1,0
2020-04-02,2020,4,April,2,Thursday,3,14,2,0,Spring,,,0,0,0,1,Mandatory COVID-19 Stay-at-Home Requirement,1,0,0,1,0
2020-04-03,2020,4,April,3,Friday,4,14,2,0,Spring,,,0,0,0,1,Mandatory COVID-19 Stay-at-Home Requirement,1,0,0,1,0
2020-04-04,2020,4,April,4,Saturday,5,14,2,1,Spring,,,0,0,0,1,Mandatory COVID-19 Stay-at-Home Requirement,1,0,0,1,1
2020-04-05,2020,4,April,5,Sunday,6,14,2,1,Spring,,,0,0,0,1,Mandatory COVID-19 Stay-at-Home Requirement,1,0,0,1,1
2020-04-06,2020,4,April,6,Monday,0,15,2,0,Spring,,,0,0,0,1,Mandatory COVID-19 Stay-at-Home Requirement,1,0,0,1,0
2020-04-07,2020,4,April,7,Tuesday,1,15,2,0,Spring,,,0,0,0,1,Mandatory COVID-19 Stay-at-Home Requirement,1,0,0,1,0
2020-04-08,2020,4,April,8,Wednesday,2,15,2,0,Spring,,,0,0,0,1,Mandatory COVID-19 Stay-at-Home Requirement,1,0,0,1,0
2020-04-09,2020,4,April,9,Thursday,3,15,2,0,Spring,,,0,0,0,1,Mandatory COVID-19 Stay-at-Home Requirement,1,0,0,1,0
2020-04-10,2020,4,April,10,Friday,4,15,2,0,Spring,Good Friday,england-and-wales | scotland,1,1,1,1,Mandatory COVID-19 Stay-at-Home Requirement,1,0,0,1,1
2020-04-11,2020,4,April,11,Saturday,5,15,2,1,Spring,,,0,0,0,1,Mandatory COVID-19 Stay-at-Home Requirement,1,0,0,1,1
2020-04-12,2020,4,April,12,Sunday,6,15,2,1,Spring,,,0,0,0,1,Mandatory COVID-19 Stay-at-Home Requirement,1,0,0,1,1
2020-04-13,2020,4,April,13,Monday,0,16,2,0,Spring,Easter Monday,england-and-wales,1,0,1,1,Mandatory COVID-19 Stay-at-Home Requirement,1,0,0,1,1
2020-04-14,2020,4,April,14,Tuesday,1,16,2,0,Spring,,,0,0,0,1,Mandatory COVID-19 Stay-at-Home Requirement,1,0,0,1,0
2020-04-15,2020,4,April,15,Wednesday,2,16,2,0,Spring,,,0,0,0,1,Mandatory COVID-19 Stay-at-Home Requirement,1,0,0,1,0
2020-04-16,2020,4,April,16,Thursday,3,16,2,0,Spring,,,0,0,0,1,Mandatory COVID-19 Stay-at-Home Requirement,1,0,0,1,0
2020-04-17,2020,4,April,17,Friday,4,16,2,0,Spring,,,0,0,0,1,Mandatory COVID-19 Stay-at-Home Requirement,1,0,0,1,0
2020-04-18,2020,4,April,18,Saturday,5,16,2,1,Spring,,,0,0,0,1,Mandatory COVID-19 Stay-at-Home Requirement,1,0,0,1,1
2020-04-19,2020,4,April,19,Sunday,6,16,2,1,Spring,,,0,0,0,1,Mandatory COVID-19 Stay-at-Home Requirement,1,0,0,1,1
2020-04-20,2020,4,April,20,Monday,0,17,2,0,Spring,,,0,0,0,1,Mandatory COVID-19 Stay-at-Home Requirement,1,0,0,1,0
2020-04-21,2020,4,April,21,Tuesday,1,17,2,0,Spring,,,0,0,0,1,Mandatory COVID-19 Stay-at-Home Requirement,1,0,0,1,0
2020-04-22,2020,4,April,22,Wednesday,2,17,2,0,Spring,,,0,0,0,1,Mandatory COVID-19 Stay-at-Home Requirement,1,0,0,1,0
2020-04-23,2020,4,April,23,Thursday,3,17,2,0,Spring,,,0,0,0,1,Mandatory COVID-19 Stay-at-Home Requirement,1,0,0,1,0
2020-04-24,2020,4,April,24,Friday,4,17,2,0,Spring,,,0,0,0,1,Mandatory COVID-19 Stay-at-Home Requirement,1,0,0,1,0
2020-04-25,2020,4,April,25,Saturday,5,17,2,1,Spring,,,0,0,0,1,Mandatory COVID-19 Stay-at-Home Requirement,1,0,0,1,1
2020-04-26,2020,4,April,26,Sunday,6,17,2,1,Spring,,,0,0,0,1,Mandatory COVID-19 Stay-at-Home Requirement,1,0,0,1,1
2020-04-27,2020,4,April,27,Monday,0,18,2,0,Spring,,,0,0,0,1,Mandatory COVID-19 Stay-at-Home Requirement,1,0,0,1,0
2020-04-28,2020,4,April,28,Tuesday,1,18,2,0,Spring,,,0,0,0,1,Mandatory COVID-19 Stay-at-Home Requirement,1,0,0,1,0
2020-04-29,2020,4,April,29,Wednesday,2,18,2,0,Spring,,,0,0,0,1,Mandatory COVID-19 Stay-at-Home Requirement,1,0,0,1,0
2020-04-30,2020,4,April,30,Thursday,3,18,2,0,Spring,,,0,0,0,1,Mandatory COVID-19 Stay-at-Home Requirement,1,0,0,1,0
2020-05-01,2020,5,May,1,Friday,4,18,2,0,Spring,,,0,0,0,1,Mandatory COVID-19 Stay-at-Home Requirement,1,0,0,1,0
2020-05-02,2020,5,May,2,Saturday,5,18,2,1,Spring,,,0,0,0,1,Mandatory COVID-19 Stay-at-Home Requirement,1,0,0,1,1
2020-05-03,2020,5,May,3,Sunday,6,18,2,1,Spring,,,0,0,0,1,Mandatory COVID-19 Stay-at-Home Requirement,1,0,0,1,1
2020-05-04,2020,5,May,4,Monday,0,19,2,0,Spring,,,0,0,0,1,Mandatory COVID-19 Stay-at-Home Requirement,1,0,0,1,0
2020-05-05,2020,5,May,5,Tuesday,1,19,2,0,Spring,,,0,0,0,1,Mandatory COVID-19 Stay-at-Home Requirement,1,0,0,1,0
2020-05-06,2020,5,May,6,Wednesday,2,19,2,0,Spring,,,0,0,0,1,Mandatory COVID-19 Stay-at-Home Requirement,1,0,0,1,0
2020-05-07,2020,5,May,7,Thursday,3,19,2,0,Spring,,,0,0,0,1,Mandatory COVID-19 Stay-at-Home Requirement,1,0,0,1,0
2020-05-08,2020,5,May,8,Friday,4,19,2,0,Spring,Early May bank holiday (VE day),england-and-wales | scotland,1,1,1,1,Mandatory COVID-19 Stay-at-Home Requirement,1,0,0,1,1
2020-05-09,2020,5,May,9,Saturday,5,19,2,1,Spring,,,0,0,0,1,Mandatory COVID-19 Stay-at-Home Requirement,1,0,0,1,1
2020-05-10,2020,5,May,10,Sunday,6,19,2,1,Spring,,,0,0,0,1,Mandatory COVID-19 Stay-at-Home Requirement,1,0,0,1,1
2020-05-11,2020,5,May,11,Monday,0,20,2,0,Spring,,,0,0,0,1,Mandatory COVID-19 Stay-at-Home Requirement,1,0,0,1,0
2020-05-12,2020,5,May,12,Tuesday,1,20,2,0,Spring,,,0,0,0,1,Mandatory COVID-19 Stay-at-Home Requirement,1,0,0,1,0
2020-05-13,2020,5,May,13,Wednesday,2,20,2,0,Spring,,,0,0,0,0,,0,0,0,0,0
2020-05-14,2020,5,May,14,Thursday,3,20,2,0,Spring,,,0,0,0,0,,0,0,0,0,0
2020-05-15,2020,5,May,15,Friday,4,20,2,0,Spring,,,0,0,0,0,,0,0,0,0,0
2020-05-16,2020,5,May,16,Saturday,5,20,2,1,Spring,,,0,0,0,0,,0,0,0,0,1
2020-05-17,2020,5,May,17,Sunday,6,20,2,1,Spring,,,0,0,0,0,,0,0,0,0,1
2020-05-18,2020,5,May,18,Monday,0,21,2,0,Spring,,,0,0,0,0,,0,0,0,0,0
2020-05-19,2020,5,May,19,Tuesday,1,21,2,0,Spring,,,0,0,0,0,,0,0,0,0,0
2020-05-20,2020,5,May,20,Wednesday,2,21,2,0,Spring,,,0,0,0,0,,0,0,0,0,0
2020-05-21,2020,5,May,21,Thursday,3,21,2,0,Spring,,,0,0,0,0,,0,0,0,0,0
2020-05-22,2020,5,May,22,Friday,4,21,2,0,Spring,,,0,0,0,0,,0,0,0,0,0
2020-05-23,2020,5,May,23,Saturday,5,21,2,1,Spring,,,0,0,0,0,,0,0,0,0,1
2020-05-24,2020,5,May,24,Sunday,6,21,2,1,Spring,,,0,0,0,0,,0,0,0,0,1
2020-05-25,2020,5,May,25,Monday,0,22,2,0,Spring,Spring bank holiday,england-and-wales | scotland,1,1,1,0,,0,0,0,0,1
2020-05-26,2020,5,May,26,Tuesday,1,22,2,0,Spring,,,0,0,0,0,,0,0,0,0,0
2020-05-27,2020,5,May,27,Wednesday,2,22,2,0,Spring,,,0,0,0,0,,0,0,0,0,0
2020-05-28,2020,5,May,28,Thursday,3,22,2,0,Spring,,,0,0,0,0,,0,0,0,0,0
2020-05-29,2020,5,May,29,Friday,4,22,2,0,Spring,,,0,0,0,0,,0,0,0,0,0
2020-05-30,2020,5,May,30,Saturday,5,22,2,1,Spring,,,0,0,0,0,,0,0,0,0,1
2020-05-31,2020,5,May,31,Sunday,6,22,2,1,Spring,,,0,0,0,0,,0,0,0,0,1
2020-06-01,2020,6,June,1,Monday,0,23,2,0,Summer,,,0,0,0,0,,0,0,0,0,0
2020-06-02,2020,6,June,2,Tuesday,1,23,2,0,Summer,,,0,0,0,0,,0,0,0,0,0
2020-06-03,2020,6,June,3,Wednesday,2,23,2,0,Summer,,,0,0,0,0,,0,0,0,0,0
2020-06-04,2020,6,June,4,Thursday,3,23,2,0,Summer,,,0,0,0,0,,0,0,0,0,0
2020-06-05,2020,6,June,5,Friday,4,23,2,0,Summer,,,0,0,0,0,,0,0,0,0,0
2020-06-06,2020,6,June,6,Saturday,5,23,2,1,Summer,,,0,0,0,0,,0,0,0,0,1
2020-06-07,2020,6,June,7,Sunday,6,23,2,1,Summer,,,0,0,0,0,,0,0,0,0,1
2020-06-08,2020,6,June,8,Monday,0,24,2,0,Summer,,,0,0,0,0,,0,0,0,0,0
2020-06-09,2020,6,June,9,Tuesday,1,24,2,0,Summer,,,0,0,0,0,,0,0,0,0,0
2020-06-10,2020,6,June,10,Wednesday,2,24,2,0,Summer,,,0,0,0,0,,0,0,0,0,0
2020-06-11,2020,6,June,11,Thursday,3,24,2,0,Summer,,,0,0,0,0,,0,0,0,0,0
2020-06-12,2020,6,June,12,Friday,4,24,2,0,Summer,,,0,0,0,0,,0,0,0,0,0
2020-06-13,2020,6,June,13,Saturday,5,24,2,1,Summer,,,0,0,0,0,,0,0,0,0,1
2020-06-14,2020,6,June,14,Sunday,6,24,2,1,Summer,,,0,0,0,0,,0,0,0,0,1
2020-06-15,2020,6,June,15,Monday,0,25,2,0,Summer,,,0,0,0,0,,0,0,0,0,0
2020-06-16,2020,6,June,16,Tuesday,1,25,2,0,Summer,,,0,0,0,0,,0,0,0,0,0
2020-06-17,2020,6,June,17,Wednesday,2,25,2,0,Summer,,,0,0,0,0,,0,0,0,0,0
2020-06-18,2020,6,June,18,Thursday,3,25,2,0,Summer,,,0,0,0,0,,0,0,0,0,0
2020-06-19,2020,6,June,19,Friday,4,25,2,0,Summer,,,0,0,0,0,,0,0,0,0,0
2020-06-20,2020,6,June,20,Saturday,5,25,2,1,Summer,,,0,0,0,0,,0,0,0,0,1
2020-06-21,2020,6,June,21,Sunday,6,25,2,1,Summer,,,0,0,0,0,,0,0,0,0,1
2020-06-22,2020,6,June,22,Monday,0,26,2,0,Summer,,,0,0,0,0,,0,0,0,0,0
2020-06-23,2020,6,June,23,Tuesday,1,26,2,0,Summer,,,0,0,0,0,,0,0,0,0,0
2020-06-24,2020,6,June,24,Wednesday,2,26,2,0,Summer,,,0,0,0,0,,0,0,0,0,0
2020-06-25,2020,6,June,25,Thursday,3,26,2,0,Summer,,,0,0,0,0,,0,0,0,0,0
2020-06-26,2020,6,June,26,Friday,4,26,2,0,Summer,,,0,0,0,0,,0,0,0,0,0
2020-06-27,2020,6,June,27,Saturday,5,26,2,1,Summer,,,0,0,0,0,,0,0,0,0,1
2020-06-28,2020,6,June,28,Sunday,6,26,2,1,Summer,,,0,0,0,0,,0,0,0,0,1
2020-06-29,2020,6,June,29,Monday,0,27,2,0,Summer,,,0,0,0,0,,0,0,0,0,0
2020-06-30,2020,6,June,30,Tuesday,1,27,2,0,Summer,,,0,0,0,0,,0,0,0,0,0
2020-07-01,2020,7,July,1,Wednesday,2,27,3,0,Summer,,,0,0,0,0,,0,0,0,0,0
2020-07-02,2020,7,July,2,Thursday,3,27,3,0,Summer,,,0,0,0,0,,0,0,0,0,0
2020-07-03,2020,7,July,3,Friday,4,27,3,0,Summer,,,0,0,0,0,,0,0,0,0,0
2020-07-04,2020,7,July,4,Saturday,5,27,3,1,Summer,,,0,0,0,0,,0,0,0,0,1
2020-07-05,2020,7,July,5,Sunday,6,27,3,1,Summer,,,0,0,0,0,,0,0,0,0,1
2020-07-06,2020,7,July,6,Monday,0,28,3,0,Summer,,,0,0,0,0,,0,0,0,0,0
2020-07-07,2020,7,July,7,Tuesday,1,28,3,0,Summer,,,0,0,0,0,,0,0,0,0,0
2020-07-08,2020,7,July,8,Wednesday,2,28,3,0,Summer,,,0,0,0,0,,0,0,0,0,0
2020-07-09,2020,7,July,9,Thursday,3,28,3,0,Summer,,,0,0,0,0,,0,0,0,0,0
2020-07-10,2020,7,July,10,Friday,4,28,3,0,Summer,,,0,0,0,0,,0,0,0,0,0
2020-07-11,2020,7,July,11,Saturday,5,28,3,1,Summer,,,0,0,0,0,,0,0,0,0,1
2020-07-12,2020,7,July,12,Sunday,6,28,3,1,Summer,,,0,0,0,0,,0,0,0,0,1
2020-07-13,2020,7,July,13,Monday,0,29,3,0,Summer,,,0,0,0,0,,0,0,0,0,0
2020-07-14,2020,7,July,14,Tuesday,1,29,3,0,Summer,,,0,0,0,0,,0,0,0,0,0
2020-07-15,2020,7,July,15,Wednesday,2,29,3,0,Summer,,,0,0,0,0,,0,0,0,0,0
2020-07-16,2020,7,July,16,Thursday,3,29,3,0,Summer,,,0,0,0,0,,0,0,0,0,0
2020-07-17,2020,7,July,17,Friday,4,29,3,0,Summer,,,0,0,0,0,,0,0,0,0,0
2020-07-18,2020,7,July,18,Saturday,5,29,3,1,Summer,,,0,0,0,0,,0,0,0,0,1
2020-07-19,2020,7,July,19,Sunday,6,29,3,1,Summer,,,0,0,0,0,,0,0,0,0,1
2020-07-20,2020,7,July,20,Monday,0,30,3,0,Summer,,,0,0,0,0,,0,0,0,0,0
2020-07-21,2020,7,July,21,Tuesday,1,30,3,0,Summer,,,0,0,0,0,,0,0,0,0,0
2020-07-22,2020,7,July,22,Wednesday,2,30,3,0,Summer,,,0,0,0,0,,0,0,0,0,0
2020-07-23,2020,7,July,23,Thursday,3,30,3,0,Summer,,,0,0,0,0,,0,0,0,0,0
2020-07-24,2020,7,July,24,Friday,4,30,3,0,Summer,,,0,0,0,0,,0,0,0,0,0
2020-07-25,2020,7,July,25,Saturday,5,30,3,1,Summer,,,0,0,0,0,,0,0,0,0,1
2020-07-26,2020,7,July,26,Sunday,6,30,3,1,Summer,,,0,0,0,0,,0,0,0,0,1
2020-07-27,2020,7,July,27,Monday,0,31,3,0,Summer,,,0,0,0,0,,0,0,0,0,0
2020-07-28,2020,7,July,28,Tuesday,1,31,3,0,Summer,,,0,0,0,0,,0,0,0,0,0
2020-07-29,2020,7,July,29,Wednesday,2,31,3,0,Summer,,,0,0,0,0,,0,0,0,0,0
2020-07-30,2020,7,July,30,Thursday,3,31,3,0,Summer,,,0,0,0,0,,0,0,0,0,0
2020-07-31,2020,7,July,31,Friday,4,31,3,0,Summer,,,0,0,0,0,,0,0,0,0,0
2020-08-01,2020,8,August,1,Saturday,5,31,3,1,Summer,,,0,0,0,0,,0,0,0,0,1
2020-08-02,2020,8,August,2,Sunday,6,31,3,1,Summer,,,0,0,0,0,,0,0,0,0,1
2020-08-03,2020,8,August,3,Monday,0,32,3,0,Summer,Summer bank holiday,scotland,0,1,1,0,,0,0,0,0,1
2020-08-04,2020,8,August,4,Tuesday,1,32,3,0,Summer,,,0,0,0,0,,0,0,0,0,0
2020-08-05,2020,8,August,5,Wednesday,2,32,3,0,Summer,,,0,0,0,0,,0,0,0,0,0
2020-08-06,2020,8,August,6,Thursday,3,32,3,0,Summer,,,0,0,0,0,,0,0,0,0,0
2020-08-07,2020,8,August,7,Friday,4,32,3,0,Summer,,,0,0,0,0,,0,0,0,0,0
2020-08-08,2020,8,August,8,Saturday,5,32,3,1,Summer,,,0,0,0,0,,0,0,0,0,1
2020-08-09,2020,8,August,9,Sunday,6,32,3,1,Summer,,,0,0,0,0,,0,0,0,0,1
2020-08-10,2020,8,August,10,Monday,0,33,3,0,Summer,,,0,0,0,0,,0,0,0,0,0
2020-08-11,2020,8,August,11,Tuesday,1,33,3,0,Summer,,,0,0,0,0,,0,0,0,0,0
2020-08-12,2020,8,August,12,Wednesday,2,33,3,0,Summer,,,0,0,0,0,,0,0,0,0,0
2020-08-13,2020,8,August,13,Thursday,3,33,3,0,Summer,,,0,0,0,0,,0,0,0,0,0
2020-08-14,2020,8,August,14,Friday,4,33,3,0,Summer,,,0,0,0,0,,0,0,0,0,0
2020-08-15,2020,8,August,15,Saturday,5,33,3,1,Summer,,,0,0,0,0,,0,0,0,0,1
2020-08-16,2020,8,August,16,Sunday,6,33,3,1,Summer,,,0,0,0,0,,0,0,0,0,1
2020-08-17,2020,8,August,17,Monday,0,34,3,0,Summer,,,0,0,0,0,,0,0,0,0,0
2020-08-18,2020,8,August,18,Tuesday,1,34,3,0,Summer,,,0,0,0,0,,0,0,0,0,0
2020-08-19,2020,8,August,19,Wednesday,2,34,3,0,Summer,,,0,0,0,0,,0,0,0,0,0
2020-08-20,2020,8,August,20,Thursday,3,34,3,0,Summer,,,0,0,0,0,,0,0,0,0,0
2020-08-21,2020,8,August,21,Friday,4,34,3,0,Summer,,,0,0,0,0,,0,0,0,0,0
2020-08-22,2020,8,August,22,Saturday,5,34,3,1,Summer,,,0,0,0,0,,0,0,0,0,1
2020-08-23,2020,8,August,23,Sunday,6,34,3,1,Summer,,,0,0,0,0,,0,0,0,0,1
2020-08-24,2020,8,August,24,Monday,0,35,3,0,Summer,,,0,0,0,0,,0,0,0,0,0
2020-08-25,2020,8,August,25,Tuesday,1,35,3,0,Summer,,,0,0,0,0,,0,0,0,0,0
2020-08-26,2020,8,August,26,Wednesday,2,35,3,0,Summer,,,0,0,0,0,,0,0,0,0,0
2020-08-27,2020,8,August,27,Thursday,3,35,3,0,Summer,,,0,0,0,0,,0,0,0,0,0
2020-08-28,2020,8,August,28,Friday,4,35,3,0,Summer,,,0,0,0,0,,0,0,0,0,0
2020-08-29,2020,8,August,29,Saturday,5,35,3,1,Summer,,,0,0,0,0,,0,0,0,0,1
2020-08-30,2020,8,August,30,Sunday,6,35,3,1,Summer,,,0,0,0,0,,0,0,0,0,1
2020-08-31,2020,8,August,31,Monday,0,36,3,0,Summer,Summer bank holiday,england-and-wales,1,0,1,0,,0,0,0,0,1
2020-09-01,2020,9,September,1,Tuesday,1,36,3,0,Autumn,,,0,0,0,0,,0,0,0,0,0
2020-09-02,2020,9,September,2,Wednesday,2,36,3,0,Autumn,,,0,0,0,0,,0,0,0,0,0
2020-09-03,2020,9,September,3,Thursday,3,36,3,0,Autumn,,,0,0,0,0,,0,0,0,0,0
2020-09-04,2020,9,September,4,Friday,4,36,3,0,Autumn,,,0,0,0,0,,0,0,0,0,0
2020-09-05,2020,9,September,5,Saturday,5,36,3,1,Autumn,,,0,0,0,0,,0,0,0,0,1
2020-09-06,2020,9,September,6,Sunday,6,36,3,1,Autumn,,,0,0,0,0,,0,0,0,0,1
2020-09-07,2020,9,September,7,Monday,0,37,3,0,Autumn,,,0,0,0,0,,0,0,0,0,0
2020-09-08,2020,9,September,8,Tuesday,1,37,3,0,Autumn,,,0,0,0,0,,0,0,0,0,0
2020-09-09,2020,9,September,9,Wednesday,2,37,3,0,Autumn,,,0,0,0,0,,0,0,0,0,0
2020-09-10,2020,9,September,10,Thursday,3,37,3,0,Autumn,,,0,0,0,0,,0,0,0,0,0
2020-09-11,2020,9,September,11,Friday,4,37,3,0,Autumn,,,0,0,0,0,,0,0,0,0,0
2020-09-12,2020,9,September,12,Saturday,5,37,3,1,Autumn,,,0,0,0,0,,0,0,0,0,1
2020-09-13,2020,9,September,13,Sunday,6,37,3,1,Autumn,,,0,0,0,0,,0,0,0,0,1
2020-09-14,2020,9,September,14,Monday,0,38,3,0,Autumn,,,0,0,0,0,,0,0,0,0,0
2020-09-15,2020,9,September,15,Tuesday,1,38,3,0,Autumn,,,0,0,0,0,,0,0,0,0,0
2020-09-16,2020,9,September,16,Wednesday,2,38,3,0,Autumn,,,0,0,0,0,,0,0,0,0,0
2020-09-17,2020,9,September,17,Thursday,3,38,3,0,Autumn,,,0,0,0,0,,0,0,0,0,0
2020-09-18,2020,9,September,18,Friday,4,38,3,0,Autumn,,,0,0,0,0,,0,0,0,0,0
2020-09-19,2020,9,September,19,Saturday,5,38,3,1,Autumn,,,0,0,0,0,,0,0,0,0,1
2020-09-20,2020,9,September,20,Sunday,6,38,3,1,Autumn,,,0,0,0,0,,0,0,0,0,1
2020-09-21,2020,9,September,21,Monday,0,39,3,0,Autumn,,,0,0,0,0,,0,0,0,0,0
2020-09-22,2020,9,September,22,Tuesday,1,39,3,0,Autumn,,,0,0,0,0,,0,0,0,0,0
2020-09-23,2020,9,September,23,Wednesday,2,39,3,0,Autumn,,,0,0,0,0,,0,0,0,0,0
2020-09-24,2020,9,September,24,Thursday,3,39,3,0,Autumn,,,0,0,0,0,,0,0,0,0,0
2020-09-25,2020,9,September,25,Friday,4,39,3,0,Autumn,,,0,0,0,0,,0,0,0,0,0
2020-09-26,2020,9,September,26,Saturday,5,39,3,1,Autumn,,,0,0,0,0,,0,0,0,0,1
2020-09-27,2020,9,September,27,Sunday,6,39,3,1,Autumn,,,0,0,0,0,,0,0,0,0,1
2020-09-28,2020,9,September,28,Monday,0,40,3,0,Autumn,,,0,0,0,0,,0,0,0,0,0
2020-09-29,2020,9,September,29,Tuesday,1,40,3,0,Autumn,,,0,0,0,0,,0,0,0,0,0
2020-09-30,2020,9,September,30,Wednesday,2,40,3,0,Autumn,,,0,0,0,0,,0,0,0,0,0
2020-10-01,2020,10,October,1,Thursday,3,40,4,0,Autumn,,,0,0,0,0,,0,0,0,0,0
2020-10-02,2020,10,October,2,Friday,4,40,4,0,Autumn,,,0,0,0,0,,0,0,0,0,0
2020-10-03,2020,10,October,3,Saturday,5,40,4,1,Autumn,,,0,0,0,0,,0,0,0,0,1
2020-10-04,2020,10,October,4,Sunday,6,40,4,1,Autumn,,,0,0,0,0,,0,0,0,0,1
2020-10-05,2020,10,October,5,Monday,0,41,4,0,Autumn,,,0,0,0,0,,0,0,0,0,0
2020-10-06,2020,10,October,6,Tuesday,1,41,4,0,Autumn,,,0,0,0,0,,0,0,0,0,0
2020-10-07,2020,10,October,7,Wednesday,2,41,4,0,Autumn,,,0,0,0,0,,0,0,0,0,0
2020-10-08,2020,10,October,8,Thursday,3,41,4,0,Autumn,,,0,0,0,0,,0,0,0,0,0
2020-10-09,2020,10,October,9,Friday,4,41,4,0,Autumn,,,0,0,0,0,,0,0,0,0,0
2020-10-10,2020,10,October,10,Saturday,5,41,4,1,Autumn,,,0,0,0,0,,0,0,0,0,1
2020-10-11,2020,10,October,11,Sunday,6,41,4,1,Autumn,,,0,0,0,0,,0,0,0,0,1
2020-10-12,2020,10,October,12,Monday,0,42,4,0,Autumn,,,0,0,0,0,,0,0,0,0,0
2020-10-13,2020,10,October,13,Tuesday,1,42,4,0,Autumn,,,0,0,0,0,,0,0,0,0,0
2020-10-14,2020,10,October,14,Wednesday,2,42,4,0,Autumn,,,0,0,0,0,,0,0,0,0,0
2020-10-15,2020,10,October,15,Thursday,3,42,4,0,Autumn,,,0,0,0,0,,0,0,0,0,0
2020-10-16,2020,10,October,16,Friday,4,42,4,0,Autumn,,,0,0,0,0,,0,0,0,0,0
2020-10-17,2020,10,October,17,Saturday,5,42,4,1,Autumn,,,0,0,0,0,,0,0,0,0,1
2020-10-18,2020,10,October,18,Sunday,6,42,4,1,Autumn,,,0,0,0,0,,0,0,0,0,1
2020-10-19,2020,10,October,19,Monday,0,43,4,0,Autumn,,,0,0,0,0,,0,0,0,0,0
2020-10-20,2020,10,October,20,Tuesday,1,43,4,0,Autumn,,,0,0,0,0,,0,0,0,0,0
2020-10-21,2020,10,October,21,Wednesday,2,43,4,0,Autumn,,,0,0,0,0,,0,0,0,0,0
2020-10-22,2020,10,October,22,Thursday,3,43,4,0,Autumn,,,0,0,0,0,,0,0,0,0,0
2020-10-23,2020,10,October,23,Friday,4,43,4,0,Autumn,,,0,0,0,1,Mandatory COVID-19 Stay-at-Home Requirement,1,0,0,1,0
2020-10-24,2020,10,October,24,Saturday,5,43,4,1,Autumn,,,0,0,0,1,Mandatory COVID-19 Stay-at-Home Requirement,1,0,0,1,1
2020-10-25,2020,10,October,25,Sunday,6,43,4,1,Autumn,,,0,0,0,1,Mandatory COVID-19 Stay-at-Home Requirement,1,0,0,1,1
2020-10-26,2020,10,October,26,Monday,0,44,4,0,Autumn,,,0,0,0,1,Mandatory COVID-19 Stay-at-Home Requirement,1,0,0,1,0
2020-10-27,2020,10,October,27,Tuesday,1,44,4,0,Autumn,,,0,0,0,1,Mandatory COVID-19 Stay-at-Home Requirement,1,0,0,1,0
2020-10-28,2020,10,October,28,Wednesday,2,44,4,0,Autumn,,,0,0,0,1,Mandatory COVID-19 Stay-at-Home Requirement,1,0,0,1,0
2020-10-29,2020,10,October,29,Thursday,3,44,4,0,Autumn,,,0,0,0,1,Mandatory COVID-19 Stay-at-Home Requirement,1,0,0,1,0
2020-10-30,2020,10,October,30,Friday,4,44,4,0,Autumn,,,0,0,0,1,Mandatory COVID-19 Stay-at-Home Requirement,1,0,0,1,0
2020-10-31,2020,10,October,31,Saturday,5,44,4,1,Autumn,,,0,0,0,1,Mandatory COVID-19 Stay-at-Home Requirement,1,0,0,1,1
2020-11-01,2020,11,November,1,Sunday,6,44,4,1,Autumn,,,0,0,0,1,Mandatory COVID-19 Stay-at-Home Requirement,1,0,0,1,1
2020-11-02,2020,11,November,2,Monday,0,45,4,0,Autumn,,,0,0,0,1,Mandatory COVID-19 Stay-at-Home Requirement,1,0,0,1,0
2020-11-03,2020,11,November,3,Tuesday,1,45,4,0,Autumn,,,0,0,0,1,Mandatory COVID-19 Stay-at-Home Requirement,1,0,0,1,0
2020-11-04,2020,11,November,4,Wednesday,2,45,4,0,Autumn,,,0,0,0,1,Mandatory COVID-19 Stay-at-Home Requirement,1,0,0,1,0
2020-11-05,2020,11,November,5,Thursday,3,45,4,0,Autumn,,,0,0,0,1,Mandatory COVID-19 Stay-at-Home Requirement,1,0,0,1,0
2020-11-06,2020,11,November,6,Friday,4,45,4,0,Autumn,,,0,0,0,0,,0,0,0,0,0
2020-11-07,2020,11,November,7,Saturday,5,45,4,1,Autumn,,,0,0,0,0,,0,0,0,0,1
2020-11-08,2020,11,November,8,Sunday,6,45,4,1,Autumn,,,0,0,0,0,,0,0,0,0,1
2020-11-09,2020,11,November,9,Monday,0,46,4,0,Autumn,,,0,0,0,0,,0,0,0,0,0
2020-11-10,2020,11,November,10,Tuesday,1,46,4,0,Autumn,,,0,0,0,0,,0,0,0,0,0
2020-11-11,2020,11,November,11,Wednesday,2,46,4,0,Autumn,,,0,0,0,0,,0,0,0,0,0
2020-11-12,2020,11,November,12,Thursday,3,46,4,0,Autumn,,,0,0,0,0,,0,0,0,0,0
2020-11-13,2020,11,November,13,Friday,4,46,4,0,Autumn,,,0,0,0,0,,0,0,0,0,0
2020-11-14,2020,11,November,14,Saturday,5,46,4,1,Autumn,,,0,0,0,0,,0,0,0,0,1
2020-11-15,2020,11,November,15,Sunday,6,46,4,1,Autumn,,,0,0,0,0,,0,0,0,0,1
2020-11-16,2020,11,November,16,Monday,0,47,4,0,Autumn,,,0,0,0,0,,0,0,0,0,0
2020-11-17,2020,11,November,17,Tuesday,1,47,4,0,Autumn,,,0,0,0,0,,0,0,0,0,0
2020-11-18,2020,11,November,18,Wednesday,2,47,4,0,Autumn,,,0,0,0,0,,0,0,0,0,0
2020-11-19,2020,11,November,19,Thursday,3,47,4,0,Autumn,,,0,0,0,0,,0,0,0,0,0
2020-11-20,2020,11,November,20,Friday,4,47,4,0,Autumn,,,0,0,0,0,,0,0,0,0,0
2020-11-21,2020,11,November,21,Saturday,5,47,4,1,Autumn,,,0,0,0,0,,0,0,0,0,1
2020-11-22,2020,11,November,22,Sunday,6,47,4,1,Autumn,,,0,0,0,0,,0,0,0,0,1
2020-11-23,2020,11,November,23,Monday,0,48,4,0,Autumn,,,0,0,0,0,,0,0,0,0,0
2020-11-24,2020,11,November,24,Tuesday,1,48,4,0,Autumn,,,0,0,0,0,,0,0,0,0,0
2020-11-25,2020,11,November,25,Wednesday,2,48,4,0,Autumn,,,0,0,0,0,,0,0,0,0,0
2020-11-26,2020,11,November,26,Thursday,3,48,4,0,Autumn,,,0,0,0,0,,0,0,0,0,0
2020-11-27,2020,11,November,27,Friday,4,48,4,0,Autumn,,,0,0,0,0,,0,0,0,0,0
2020-11-28,2020,11,November,28,Saturday,5,48,4,1,Autumn,,,0,0,0,0,,0,0,0,0,1
2020-11-29,2020,11,November,29,Sunday,6,48,4,1,Autumn,,,0,0,0,0,,0,0,0,0,1
2020-11-30,2020,11,November,30,Monday,0,49,4,0,Autumn,St Andrew’s Day,scotland,0,1,1,0,,0,0,0,0,1
2020-12-01,2020,12,December,1,Tuesday,1,49,4,0,Winter,,,0,0,0,0,,0,0,0,0,0
2020-12-02,2020,12,December,2,Wednesday,2,49,4,0,Winter,,,0,0,0,0,,0,0,0,0,0
2020-12-03,2020,12,December,3,Thursday,3,49,4,0,Winter,,,0,0,0,0,,0,0,0,0,0
2020-12-04,2020,12,December,4,Friday,4,49,4,0,Winter,,,0,0,0,0,,0,0,0,0,0
2020-12-05,2020,12,December,5,Saturday,5,49,4,1,Winter,,,0,0,0,0,,0,0,0,0,1
2020-12-06,2020,12,December,6,Sunday,6,49,4,1,Winter,,,0,0,0,0,,0,0,0,0,1
2020-12-07,2020,12,December,7,Monday,0,50,4,0,Winter,,,0,0,0,0,,0,0,0,0,0
2020-12-08,2020,12,December,8,Tuesday,1,50,4,0,Winter,,,0,0,0,0,,0,0,0,0,0
2020-12-09,2020,12,December,9,Wednesday,2,50,4,0,Winter,,,0,0,0,0,,0,0,0,0,0
2020-12-10,2020,12,December,10,Thursday,3,50,4,0,Winter,,,0,0,0,0,,0,0,0,0,0
2020-12-11,2020,12,December,11,Friday,4,50,4,0,Winter,,,0,0,0,0,,0,0,0,0,0
2020-12-12,2020,12,December,12,Saturday,5,50,4,1,Winter,,,0,0,0,0,,0,0,0,0,1
2020-12-13,2020,12,December,13,Sunday,6,50,4,1,Winter,,,0,0,0,0,,0,0,0,0,1
2020-12-14,2020,12,December,14,Monday,0,51,4,0,Winter,,,0,0,0,0,,0,0,0,0,0
2020-12-15,2020,12,December,15,Tuesday,1,51,4,0,Winter,,,0,0,0,0,,0,0,0,0,0
2020-12-16,2020,12,December,16,Wednesday,2,51,4,0,Winter,,,0,0,0,0,,0,0,0,0,0
2020-12-17,2020,12,December,17,Thursday,3,51,4,0,Winter,,,0,0,0,0,,0,0,0,0,0
2020-12-18,2020,12,December,18,Friday,4,51,4,0,Winter,,,0,0,0,0,,0,0,0,0,0
2020-12-19,2020,12,December,19,Saturday,5,51,4,1,Winter,,,0,0,0,1,Mandatory COVID-19 Stay-at-Home Requirement,1,0,0,1,1
2020-12-20,2020,12,December,20,Sunday,6,51,4,1,Winter,,,0,0,0,1,Mandatory COVID-19 Stay-at-Home Requirement,1,0,0,1,1
2020-12-21,2020,12,December,21,Monday,0,52,4,0,Winter,,,0,0,0,1,Mandatory COVID-19 Stay-at-Home Requirement,1,0,0,1,0
2020-12-22,2020,12,December,22,Tuesday,1,52,4,0,Winter,,,0,0,0,1,Mandatory COVID-19 Stay-at-Home Requirement,1,0,0,1,0
2020-12-23,2020,12,December,23,Wednesday,2,52,4,0,Winter,,,0,0,0,1,Mandatory COVID-19 Stay-at-Home Requirement,1,0,0,1,0
2020-12-24,2020,12,December,24,Thursday,3,52,4,0,Winter,,,0,0,0,1,Mandatory COVID-19 Stay-at-Home Requirement,1,0,0,1,0
2020-12-25,2020,12,December,25,Friday,4,52,4,0,Winter,Christmas Day,england-and-wales | scotland,1,1,1,1,Mandatory COVID-19 Stay-at-Home Requirement,1,0,0,1,1
2020-12-26,2020,12,December,26,Saturday,5,52,4,1,Winter,,,0,0,0,1,Mandatory COVID-19 Stay-at-Home Requirement,1,0,0,1,1
2020-12-27,2020,12,December,27,Sunday,6,52,4,1,Winter,,,0,0,0,1,Mandatory COVID-19 Stay-at-Home Requirement,1,0,0,1,1
2020-12-28,2020,12,December,28,Monday,0,53,4,0,Winter,Boxing Day,england-and-wales | scotland,1,1,1,1,Mandatory COVID-19 Stay-at-Home Requirement,1,0,0,1,1
2020-12-29,2020,12,December,29,Tuesday,1,53,4,0,Winter,,,0,0,0,1,Mandatory COVID-19 Stay-at-Home Requirement,1,0,0,1,0
2020-12-30,2020,12,December,30,Wednesday,2,53,4,0,Winter,,,0,0,0,1,Mandatory COVID-19 Stay-at-Home Requirement,1,0,0,1,0
2020-12-31,2020,12,December,31,Thursday,3,53,4,0,Winter,,,0,0,0,1,Mandatory COVID-19 Stay-at-Home Requirement,1,0,0,1,0
2021-01-01,2021,1,January,1,Friday,4,53,1,0,Winter,New Year’s Day,england-and-wales | scotland,1,1,1,1,Mandatory COVID-19 Stay-at-Home Requirement,1,0,0,1,1
2021-01-02,2021,1,January,2,Saturday,5,53,1,1,Winter,,,0,0,0,1,Mandatory COVID-19 Stay-at-Home Requirement,1,0,0,1,1
2021-01-03,2021,1,January,3,Sunday,6,53,1,1,Winter,,,0,0,0,1,Mandatory COVID-19 Stay-at-Home Requirement,1,0,0,1,1
2021-01-04,2021,1,January,4,Monday,0,1,1,0,Winter,2nd January,scotland,0,1,1,1,Mandatory COVID-19 Stay-at-Home Requirement,1,0,0,1,1
2021-01-05,2021,1,January,5,Tuesday,1,1,1,0,Winter,,,0,0,0,1,Mandatory COVID-19 Stay-at-Home Requirement,1,0,0,1,0
2021-01-06,2021,1,January,6,Wednesday,2,1,1,0,Winter,,,0,0,0,1,Mandatory COVID-19 Stay-at-Home Requirement,1,0,0,1,0
2021-01-07,2021,1,January,7,Thursday,3,1,1,0,Winter,,,0,0,0,1,Mandatory COVID-19 Stay-at-Home Requirement,1,0,0,1,0
2021-01-08,2021,1,January,8,Friday,4,1,1,0,Winter,,,0,0,0,1,Mandatory COVID-19 Stay-at-Home Requirement,1,0,0,1,0
2021-01-09,2021,1,January,9,Saturday,5,1,1,1,Winter,,,0,0,0,1,Mandatory COVID-19 Stay-at-Home Requirement,1,0,0,1,1
2021-01-10,2021,1,January,10,Sunday,6,1,1,1,Winter,,,0,0,0,1,Mandatory COVID-19 Stay-at-Home Requirement,1,0,0,1,1
2021-01-11,2021,1,January,11,Monday,0,2,1,0,Winter,,,0,0,0,1,Mandatory COVID-19 Stay-at-Home Requirement,1,0,0,1,0
2021-01-12,2021,1,January,12,Tuesday,1,2,1,0,Winter,,,0,0,0,1,Mandatory COVID-19 Stay-at-Home Requirement,1,0,0,1,0
2021-01-13,2021,1,January,13,Wednesday,2,2,1,0,Winter,,,0,0,0,1,Mandatory COVID-19 Stay-at-Home Requirement,1,0,0,1,0
2021-01-14,2021,1,January,14,Thursday,3,2,1,0,Winter,,,0,0,0,1,Mandatory COVID-19 Stay-at-Home Requirement,1,0,0,1,0
2021-01-15,2021,1,January,15,Friday,4,2,1,0,Winter,,,0,0,0,1,Mandatory COVID-19 Stay-at-Home Requirement,1,0,0,1,0
2021-01-16,2021,1,January,16,Saturday,5,2,1,1,Winter,,,0,0,0,1,Mandatory COVID-19 Stay-at-Home Requirement,1,0,0,1,1
2021-01-17,2021,1,January,17,Sunday,6,2,1,1,Winter,,,0,0,0,1,Mandatory COVID-19 Stay-at-Home Requirement,1,0,0,1,1
2021-01-18,2021,1,January,18,Monday,0,3,1,0,Winter,,,0,0,0,1,Mandatory COVID-19 Stay-at-Home Requirement,1,0,0,1,0
2021-01-19,2021,1,January,19,Tuesday,1,3,1,0,Winter,,,0,0,0,1,Mandatory COVID-19 Stay-at-Home Requirement,1,0,0,1,0
2021-01-20,2021,1,January,20,Wednesday,2,3,1,0,Winter,,,0,0,0,1,Mandatory COVID-19 Stay-at-Home Requirement,1,0,0,1,0
2021-01-21,2021,1,January,21,Thursday,3,3,1,0,Winter,,,0,0,0,1,Mandatory COVID-19 Stay-at-Home Requirement,1,0,0,1,0
2021-01-22,2021,1,January,22,Friday,4,3,1,0,Winter,,,0,0,0,1,Mandatory COVID-19 Stay-at-Home Requirement,1,0,0,1,0
2021-01-23,2021,1,January,23,Saturday,5,3,1,1,Winter,,,0,0,0,1,Mandatory COVID-19 Stay-at-Home Requirement,1,0,0,1,1
2021-01-24,2021,1,January,24,Sunday,6,3,1,1,Winter,,,0,0,0,1,Mandatory COVID-19 Stay-at-Home Requirement,1,0,0,1,1
2021-01-25,2021,1,January,25,Monday,0,4,1,0,Winter,,,0,0,0,1,Mandatory COVID-19 Stay-at-Home Requirement,1,0,0,1,0
2021-01-26,2021,1,January,26,Tuesday,1,4,1,0,Winter,,,0,0,0,1,Mandatory COVID-19 Stay-at-Home Requirement,1,0,0,1,0
2021-01-27,2021,1,January,27,Wednesday,2,4,1,0,Winter,,,0,0,0,1,Mandatory COVID-19 Stay-at-Home Requirement,1,0,0,1,0
2021-01-28,2021,1,January,28,Thursday,3,4,1,0,Winter,,,0,0,0,1,Mandatory COVID-19 Stay-at-Home Requirement,1,0,0,1,0
2021-01-29,2021,1,January,29,Friday,4,4,1,0,Winter,,,0,0,0,1,Mandatory COVID-19 Stay-at-Home Requirement,1,0,0,1,0
2021-01-30,2021,1,January,30,Saturday,5,4,1,1,Winter,,,0,0,0,1,Mandatory COVID-19 Stay-at-Home Requirement,1,0,0,1,1
2021-01-31,2021,1,January,31,Sunday,6,4,1,1,Winter,,,0,0,0,1,Mandatory COVID-19 Stay-at-Home Requirement,1,0,0,1,1
2021-02-01,2021,2,February,1,Monday,0,5,1,0,Winter,,,0,0,0,1,Mandatory COVID-19 Stay-at-Home Requirement,1,0,0,1,0
2021-02-02,2021,2,February,2,Tuesday,1,5,1,0,Winter,,,0,0,0,1,Mandatory COVID-19 Stay-at-Home Requirement,1,0,0,1,0
2021-02-03,2021,2,February,3,Wednesday,2,5,1,0,Winter,,,0,0,0,1,Mandatory COVID-19 Stay-at-Home Requirement,1,0,0,1,0
2021-02-04,2021,2,February,4,Thursday,3,5,1,0,Winter,,,0,0,0,1,Mandatory COVID-19 Stay-at-Home Requirement,1,0,0,1,0
2021-02-05,2021,2,February,5,Friday,4,5,1,0,Winter,,,0,0,0,1,Mandatory COVID-19 Stay-at-Home Requirement,1,0,0,1,0
2021-02-06,2021,2,February,6,Saturday,5,5,1,1,Winter,,,0,0,0,1,Mandatory COVID-19 Stay-at-Home Requirement,1,0,0,1,1
2021-02-07,2021,2,February,7,Sunday,6,5,1,1,Winter,,,0,0,0,1,Mandatory COVID-19 Stay-at-Home Requirement,1,0,0,1,1
2021-02-08,2021,2,February,8,Monday,0,6,1,0,Winter,,,0,0,0,1,Mandatory COVID-19 Stay-at-Home Requirement,1,0,0,1,0
2021-02-09,2021,2,February,9,Tuesday,1,6,1,0,Winter,,,0,0,0,1,Mandatory COVID-19 Stay-at-Home Requirement,1,0,0,1,0
2021-02-10,2021,2,February,10,Wednesday,2,6,1,0,Winter,,,0,0,0,1,Mandatory COVID-19 Stay-at-Home Requirement,1,0,0,1,0
2021-02-11,2021,2,February,11,Thursday,3,6,1,0,Winter,,,0,0,0,1,Mandatory COVID-19 Stay-at-Home Requirement,1,0,0,1,0
2021-02-12,2021,2,February,12,Friday,4,6,1,0,Winter,,,0,0,0,1,Mandatory COVID-19 Stay-at-Home Requirement,1,0,0,1,0
2021-02-13,2021,2,February,13,Saturday,5,6,1,1,Winter,,,0,0,0,1,Mandatory COVID-19 Stay-at-Home Requirement,1,0,0,1,1
2021-02-14,2021,2,February,14,Sunday,6,6,1,1,Winter,,,0,0,0,1,Mandatory COVID-19 Stay-at-Home Requirement,1,0,0,1,1
2021-02-15,2021,2,February,15,Monday,0,7,1,0,Winter,,,0,0,0,1,Mandatory COVID-19 Stay-at-Home Requirement,1,0,0,1,0
2021-02-16,2021,2,February,16,Tuesday,1,7,1,0,Winter,,,0,0,0,1,Mandatory COVID-19 Stay-at-Home Requirement,1,0,0,1,0
2021-02-17,2021,2,February,17,Wednesday,2,7,1,0,Winter,,,0,0,0,1,Mandatory COVID-19 Stay-at-Home Requirement,1,0,0,1,0
2021-02-18,2021,2,February,18,Thursday,3,7,1,0,Winter,,,0,0,0,1,Mandatory COVID-19 Stay-at-Home Requirement,1,0,0,1,0
2021-02-19,2021,2,February,19,Friday,4,7,1,0,Winter,,,0,0,0,1,Mandatory COVID-19 Stay-at-Home Requirement,1,0,0,1,0
2021-02-20,2021,2,February,20,Saturday,5,7,1,1,Winter,,,0,0,0,1,Mandatory COVID-19 Stay-at-Home Requirement,1,0,0,1,1
2021-02-21,2021,2,February,21,Sunday,6,7,1,1,Winter,,,0,0,0,1,Mandatory COVID-19 Stay-at-Home Requirement,1,0,0,1,1
2021-02-22,2021,2,February,22,Monday,0,8,1,0,Winter,,,0,0,0,1,Mandatory COVID-19 Stay-at-Home Requirement,1,0,0,1,0
2021-02-23,2021,2,February,23,Tuesday,1,8,1,0,Winter,,,0,0,0,1,Mandatory COVID-19 Stay-at-Home Requirement,1,0,0,1,0
2021-02-24,2021,2,February,24,Wednesday,2,8,1,0,Winter,,,0,0,0,1,Mandatory COVID-19 Stay-at-Home Requirement,1,0,0,1,0
2021-02-25,2021,2,February,25,Thursday,3,8,1,0,Winter,,,0,0,0,1,Mandatory COVID-19 Stay-at-Home Requirement,1,0,0,1,0
2021-02-26,2021,2,February,26,Friday,4,8,1,0,Winter,,,0,0,0,1,Mandatory COVID-19 Stay-at-Home Requirement,1,0,0,1,0
2021-02-27,2021,2,February,27,Saturday,5,8,1,1,Winter,,,0,0,0,1,Mandatory COVID-19 Stay-at-Home Requirement,1,0,0,1,1
2021-02-28,2021,2,February,28,Sunday,6,8,1,1,Winter,,,0,0,0,1,Mandatory COVID-19 Stay-at-Home Requirement,1,0,0,1,1
2021-03-01,2021,3,March,1,Monday,0,9,1,0,Spring,,,0,0,0,1,Mandatory COVID-19 Stay-at-Home Requirement,1,0,0,1,0
2021-03-02,2021,3,March,2,Tuesday,1,9,1,0,Spring,,,0,0,0,1,Mandatory COVID-19 Stay-at-Home Requirement,1,0,0,1,0
2021-03-03,2021,3,March,3,Wednesday,2,9,1,0,Spring,,,0,0,0,1,Mandatory COVID-19 Stay-at-Home Requirement,1,0,0,1,0
2021-03-04,2021,3,March,4,Thursday,3,9,1,0,Spring,,,0,0,0,1,Mandatory COVID-19 Stay-at-Home Requirement,1,0,0,1,0
2021-03-05,2021,3,March,5,Friday,4,9,1,0,Spring,,,0,0,0,1,Mandatory COVID-19 Stay-at-Home Requirement,1,0,0,1,0
2021-03-06,2021,3,March,6,Saturday,5,9,1,1,Spring,,,0,0,0,1,Mandatory COVID-19 Stay-at-Home Requirement,1,0,0,1,1
2021-03-07,2021,3,March,7,Sunday,6,9,1,1,Spring,,,0,0,0,1,Mandatory COVID-19 Stay-at-Home Requirement,1,0,0,1,1
2021-03-08,2021,3,March,8,Monday,0,10,1,0,Spring,,,0,0,0,1,Mandatory COVID-19 Stay-at-Home Requirement,1,0,0,1,0
2021-03-09,2021,3,March,9,Tuesday,1,10,1,0,Spring,,,0,0,0,1,Mandatory COVID-19 Stay-at-Home Requirement,1,0,0,1,0
2021-03-10,2021,3,March,10,Wednesday,2,10,1,0,Spring,,,0,0,0,1,Mandatory COVID-19 Stay-at-Home Requirement,1,0,0,1,0
2021-03-11,2021,3,March,11,Thursday,3,10,1,0,Spring,,,0,0,0,1,Mandatory COVID-19 Stay-at-Home Requirement,1,0,0,1,0
2021-03-12,2021,3,March,12,Friday,4,10,1,0,Spring,,,0,0,0,1,Mandatory COVID-19 Stay-at-Home Requirement,1,0,0,1,0
2021-03-13,2021,3,March,13,Saturday,5,10,1,1,Spring,,,0,0,0,1,Mandatory COVID-19 Stay-at-Home Requirement,1,0,0,1,1
2021-03-14,2021,3,March,14,Sunday,6,10,1,1,Spring,,,0,0,0,1,Mandatory COVID-19 Stay-at-Home Requirement,1,0,0,1,1
2021-03-15,2021,3,March,15,Monday,0,11,1,0,Spring,,,0,0,0,1,Mandatory COVID-19 Stay-at-Home Requirement,1,0,0,1,0
2021-03-16,2021,3,March,16,Tuesday,1,11,1,0,Spring,,,0,0,0,1,Mandatory COVID-19 Stay-at-Home Requirement,1,0,0,1,0
2021-03-17,2021,3,March,17,Wednesday,2,11,1,0,Spring,,,0,0,0,1,Mandatory COVID-19 Stay-at-Home Requirement,1,0,0,1,0
2021-03-18,2021,3,March,18,Thursday,3,11,1,0,Spring,,,0,0,0,1,Mandatory COVID-19 Stay-at-Home Requirement,1,0,0,1,0
2021-03-19,2021,3,March,19,Friday,4,11,1,0,Spring,,,0,0,0,1,Mandatory COVID-19 Stay-at-Home Requirement,1,0,0,1,0
2021-03-20,2021,3,March,20,Saturday,5,11,1,1,Spring,,,0,0,0,1,Mandatory COVID-19 Stay-at-Home Requirement,1,0,0,1,1
2021-03-21,2021,3,March,21,Sunday,6,11,1,1,Spring,,,0,0,0,1,Mandatory COVID-19 Stay-at-Home Requirement,1,0,0,1,1
2021-03-22,2021,3,March,22,Monday,0,12,1,0,Spring,,,0,0,0,1,Mandatory COVID-19 Stay-at-Home Requirement,1,0,0,1,0
2021-03-23,2021,3,March,23,Tuesday,1,12,1,0,Spring,,,0,0,0,1,Mandatory COVID-19 Stay-at-Home Requirement,1,0,0,1,0
2021-03-24,2021,3,March,24,Wednesday,2,12,1,0,Spring,,,0,0,0,1,Mandatory COVID-19 Stay-at-Home Requirement,1,0,0,1,0
2021-03-25,2021,3,March,25,Thursday,3,12,1,0,Spring,,,0,0,0,1,Mandatory COVID-19 Stay-at-Home Requirement,1,0,0,1,0
2021-03-26,2021,3,March,26,Friday,4,12,1,0,Spring,,,0,0,0,1,Mandatory COVID-19 Stay-at-Home Requirement,1,0,0,1,0
2021-03-27,2021,3,March,27,Saturday,5,12,1,1,Spring,,,0,0,0,1,Mandatory COVID-19 Stay-at-Home Requirement,1,0,0,1,1
2021-03-28,2021,3,March,28,Sunday,6,12,1,1,Spring,,,0,0,0,1,Mandatory COVID-19 Stay-at-Home Requirement,1,0,0,1,1
2021-03-29,2021,3,March,29,Monday,0,13,1,0,Spring,,,0,0,0,1,Mandatory COVID-19 Stay-at-Home Requirement,1,0,0,1,0
2021-03-30,2021,3,March,30,Tuesday,1,13,1,0,Spring,,,0,0,0,1,Mandatory COVID-19 Stay-at-Home Requirement,1,0,0,1,0
2021-03-31,2021,3,March,31,Wednesday,2,13,1,0,Spring,,,0,0,0,1,Mandatory COVID-19 Stay-at-Home Requirement,1,0,0,1,0
2021-04-01,2021,4,April,1,Thursday,3,13,2,0,Spring,,,0,0,0,1,Mandatory COVID-19 Stay-at-Home Requirement,1,0,0,1,0
2021-04-02,2021,4,April,2,Friday,4,13,2,0,Spring,Good Friday,england-and-wales | scotland,1,1,1,1,Mandatory COVID-19 Stay-at-Home Requirement,1,0,0,1,1
2021-04-03,2021,4,April,3,Saturday,5,13,2,1,Spring,,,0,0,0,1,Mandatory COVID-19 Stay-at-Home Requirement,1,0,0,1,1
2021-04-04,2021,4,April,4,Sunday,6,13,2,1,Spring,,,0,0,0,1,Mandatory COVID-19 Stay-at-Home Requirement,1,0,0,1,1
2021-04-05,2021,4,April,5,Monday,0,14,2,0,Spring,Easter Monday,england-and-wales,1,0,1,1,Mandatory COVID-19 Stay-at-Home Requirement,1,0,0,1,1
2021-04-06,2021,4,April,6,Tuesday,1,14,2,0,Spring,,,0,0,0,1,Mandatory COVID-19 Stay-at-Home Requirement,1,0,0,1,0
2021-04-07,2021,4,April,7,Wednesday,2,14,2,0,Spring,,,0,0,0,1,Mandatory COVID-19 Stay-at-Home Requirement,1,0,0,1,0
2021-04-08,2021,4,April,8,Thursday,3,14,2,0,Spring,,,0,0,0,1,Mandatory COVID-19 Stay-at-Home Requirement,1,0,0,1,0
2021-04-09,2021,4,April,9,Friday,4,14,2,0,Spring,,,0,0,0,1,Mandatory COVID-19 Stay-at-Home Requirement,1,0,0,1,0
2021-04-10,2021,4,April,10,Saturday,5,14,2,1,Spring,,,0,0,0,1,Mandatory COVID-19 Stay-at-Home Requirement,1,0,0,1,1
2021-04-11,2021,4,April,11,Sunday,6,14,2,1,Spring,,,0,0,0,1,Mandatory COVID-19 Stay-at-Home Requirement,1,0,0,1,1
2021-04-12,2021,4,April,12,Monday,0,15,2,0,Spring,,,0,0,0,0,,0,0,0,0,0
2021-04-13,2021,4,April,13,Tuesday,1,15,2,0,Spring,,,0,0,0,0,,0,0,0,0,0
2021-04-14,2021,4,April,14,Wednesday,2,15,2,0,Spring,,,0,0,0,0,,0,0,0,0,0
2021-04-15,2021,4,April,15,Thursday,3,15,2,0,Spring,,,0,0,0,0,,0,0,0,0,0
2021-04-16,2021,4,April,16,Friday,4,15,2,0,Spring,,,0,0,0,0,,0,0,0,0,0
2021-04-17,2021,4,April,17,Saturday,5,15,2,1,Spring,,,0,0,0,0,,0,0,0,0,1
2021-04-18,2021,4,April,18,Sunday,6,15,2,1,Spring,,,0,0,0,0,,0,0,0,0,1
2021-04-19,2021,4,April,19,Monday,0,16,2,0,Spring,,,0,0,0,0,,0,0,0,0,0
2021-04-20,2021,4,April,20,Tuesday,1,16,2,0,Spring,,,0,0,0,0,,0,0,0,0,0
2021-04-21,2021,4,April,21,Wednesday,2,16,2,0,Spring,,,0,0,0,0,,0,0,0,0,0
2021-04-22,2021,4,April,22,Thursday,3,16,2,0,Spring,,,0,0,0,0,,0,0,0,0,0
2021-04-23,2021,4,April,23,Friday,4,16,2,0,Spring,,,0,0,0,0,,0,0,0,0,0
2021-04-24,2021,4,April,24,Saturday,5,16,2,1,Spring,,,0,0,0,0,,0,0,0,0,1
2021-04-25,2021,4,April,25,Sunday,6,16,2,1,Spring,,,0,0,0,0,,0,0,0,0,1
2021-04-26,2021,4,April,26,Monday,0,17,2,0,Spring,,,0,0,0,0,,0,0,0,0,0
2021-04-27,2021,4,April,27,Tuesday,1,17,2,0,Spring,,,0,0,0,0,,0,0,0,0,0
2021-04-28,2021,4,April,28,Wednesday,2,17,2,0,Spring,,,0,0,0,0,,0,0,0,0,0
2021-04-29,2021,4,April,29,Thursday,3,17,2,0,Spring,,,0,0,0,0,,0,0,0,0,0
2021-04-30,2021,4,April,30,Friday,4,17,2,0,Spring,,,0,0,0,0,,0,0,0,0,0
2021-05-01,2021,5,May,1,Saturday,5,17,2,1,Spring,,,0,0,0,0,,0,0,0,0,1
2021-05-02,2021,5,May,2,Sunday,6,17,2,1,Spring,,,0,0,0,0,,0,0,0,0,1
2021-05-03,2021,5,May,3,Monday,0,18,2,0,Spring,Early May bank holiday,england-and-wales | scotland,1,1,1,0,,0,0,0,0,1
2021-05-04,2021,5,May,4,Tuesday,1,18,2,0,Spring,,,0,0,0,0,,0,0,0,0,0
2021-05-05,2021,5,May,5,Wednesday,2,18,2,0,Spring,,,0,0,0,0,,0,0,0,0,0
2021-05-06,2021,5,May,6,Thursday,3,18,2,0,Spring,,,0,0,0,0,,0,0,0,0,0
2021-05-07,2021,5,May,7,Friday,4,18,2,0,Spring,,,0,0,0,0,,0,0,0,0,0
2021-05-08,2021,5,May,8,Saturday,5,18,2,1,Spring,,,0,0,0,0,,0,0,0,0,1
2021-05-09,2021,5,May,9,Sunday,6,18,2,1,Spring,,,0,0,0,0,,0,0,0,0,1
2021-05-10,2021,5,May,10,Monday,0,19,2,0,Spring,,,0,0,0,0,,0,0,0,0,0
2021-05-11,2021,5,May,11,Tuesday,1,19,2,0,Spring,,,0,0,0,0,,0,0,0,0,0
2021-05-12,2021,5,May,12,Wednesday,2,19,2,0,Spring,,,0,0,0,0,,0,0,0,0,0
2021-05-13,2021,5,May,13,Thursday,3,19,2,0,Spring,,,0,0,0,0,,0,0,0,0,0
2021-05-14,2021,5,May,14,Friday,4,19,2,0,Spring,,,0,0,0,0,,0,0,0,0,0
2021-05-15,2021,5,May,15,Saturday,5,19,2,1,Spring,,,0,0,0,0,,0,0,0,0,1
2021-05-16,2021,5,May,16,Sunday,6,19,2,1,Spring,,,0,0,0,0,,0,0,0,0,1
2021-05-17,2021,5,May,17,Monday,0,20,2,0,Spring,,,0,0,0,0,,0,0,0,0,0
2021-05-18,2021,5,May,18,Tuesday,1,20,2,0,Spring,,,0,0,0,0,,0,0,0,0,0
2021-05-19,2021,5,May,19,Wednesday,2,20,2,0,Spring,,,0,0,0,0,,0,0,0,0,0
2021-05-20,2021,5,May,20,Thursday,3,20,2,0,Spring,,,0,0,0,0,,0,0,0,0,0
2021-05-21,2021,5,May,21,Friday,4,20,2,0,Spring,,,0,0,0,0,,0,0,0,0,0
2021-05-22,2021,5,May,22,Saturday,5,20,2,1,Spring,,,0,0,0,0,,0,0,0,0,1
2021-05-23,2021,5,May,23,Sunday,6,20,2,1,Spring,,,0,0,0,0,,0,0,0,0,1
2021-05-24,2021,5,May,24,Monday,0,21,2,0,Spring,,,0,0,0,0,,0,0,0,0,0
2021-05-25,2021,5,May,25,Tuesday,1,21,2,0,Spring,,,0,0,0,0,,0,0,0,0,0
2021-05-26,2021,5,May,26,Wednesday,2,21,2,0,Spring,,,0,0,0,0,,0,0,0,0,0
2021-05-27,2021,5,May,27,Thursday,3,21,2,0,Spring,,,0,0,0,0,,0,0,0,0,0
2021-05-28,2021,5,May,28,Friday,4,21,2,0,Spring,,,0,0,0,0,,0,0,0,0,0
2021-05-29,2021,5,May,29,Saturday,5,21,2,1,Spring,,,0,0,0,0,,0,0,0,0,1
2021-05-30,2021,5,May,30,Sunday,6,21,2,1,Spring,,,0,0,0,0,,0,0,0,0,1
2021-05-31,2021,5,May,31,Monday,0,22,2,0,Spring,Spring bank holiday,england-and-wales | scotland,1,1,1,0,,0,0,0,0,1
2021-06-01,2021,6,June,1,Tuesday,1,22,2,0,Summer,,,0,0,0,0,,0,0,0,0,0
2021-06-02,2021,6,June,2,Wednesday,2,22,2,0,Summer,,,0,0,0,0,,0,0,0,0,0
2021-06-03,2021,6,June,3,Thursday,3,22,2,0,Summer,,,0,0,0,0,,0,0,0,0,0
2021-06-04,2021,6,June,4,Friday,4,22,2,0,Summer,,,0,0,0,0,,0,0,0,0,0
2021-06-05,2021,6,June,5,Saturday,5,22,2,1,Summer,,,0,0,0,0,,0,0,0,0,1
2021-06-06,2021,6,June,6,Sunday,6,22,2,1,Summer,,,0,0,0,0,,0,0,0,0,1
2021-06-07,2021,6,June,7,Monday,0,23,2,0,Summer,,,0,0,0,0,,0,0,0,0,0
2021-06-08,2021,6,June,8,Tuesday,1,23,2,0,Summer,,,0,0,0,0,,0,0,0,0,0
2021-06-09,2021,6,June,9,Wednesday,2,23,2,0,Summer,,,0,0,0,0,,0,0,0,0,0
2021-06-10,2021,6,June,10,Thursday,3,23,2,0,Summer,,,0,0,0,0,,0,0,0,0,0
2021-06-11,2021,6,June,11,Friday,4,23,2,0,Summer,,,0,0,0,0,,0,0,0,0,0
2021-06-12,2021,6,June,12,Saturday,5,23,2,1,Summer,,,0,0,0,0,,0,0,0,0,1
2021-06-13,2021,6,June,13,Sunday,6,23,2,1,Summer,,,0,0,0,0,,0,0,0,0,1
2021-06-14,2021,6,June,14,Monday,0,24,2,0,Summer,,,0,0,0,0,,0,0,0,0,0
2021-06-15,2021,6,June,15,Tuesday,1,24,2,0,Summer,,,0,0,0,0,,0,0,0,0,0
2021-06-16,2021,6,June,16,Wednesday,2,24,2,0,Summer,,,0,0,0,0,,0,0,0,0,0
2021-06-17,2021,6,June,17,Thursday,3,24,2,0,Summer,,,0,0,0,0,,0,0,0,0,0
2021-06-18,2021,6,June,18,Friday,4,24,2,0,Summer,,,0,0,0,0,,0,0,0,0,0
2021-06-19,2021,6,June,19,Saturday,5,24,2,1,Summer,,,0,0,0,0,,0,0,0,0,1
2021-06-20,2021,6,June,20,Sunday,6,24,2,1,Summer,,,0,0,0,0,,0,0,0,0,1
2021-06-21,2021,6,June,21,Monday,0,25,2,0,Summer,,,0,0,0,0,,0,0,0,0,0
2021-06-22,2021,6,June,22,Tuesday,1,25,2,0,Summer,,,0,0,0,0,,0,0,0,0,0
2021-06-23,2021,6,June,23,Wednesday,2,25,2,0,Summer,,,0,0,0,0,,0,0,0,0,0
2021-06-24,2021,6,June,24,Thursday,3,25,2,0,Summer,,,0,0,0,0,,0,0,0,0,0
2021-06-25,2021,6,June,25,Friday,4,25,2,0,Summer,,,0,0,0,0,,0,0,0,0,0
2021-06-26,2021,6,June,26,Saturday,5,25,2,1,Summer,,,0,0,0,0,,0,0,0,0,1
2021-06-27,2021,6,June,27,Sunday,6,25,2,1,Summer,,,0,0,0,0,,0,0,0,0,1
2021-06-28,2021,6,June,28,Monday,0,26,2,0,Summer,,,0,0,0,0,,0,0,0,0,0
2021-06-29,2021,6,June,29,Tuesday,1,26,2,0,Summer,,,0,0,0,0,,0,0,0,0,0
2021-06-30,2021,6,June,30,Wednesday,2,26,2,0,Summer,,,0,0,0,0,,0,0,0,0,0
2021-07-01,2021,7,July,1,Thursday,3,26,3,0,Summer,,,0,0,0,0,,0,0,0,0,0
2021-07-02,2021,7,July,2,Friday,4,26,3,0,Summer,,,0,0,0,0,,0,0,0,0,0
2021-07-03,2021,7,July,3,Saturday,5,26,3,1,Summer,,,0,0,0,0,,0,0,0,0,1
2021-07-04,2021,7,July,4,Sunday,6,26,3,1,Summer,,,0,0,0,0,,0,0,0,0,1
2021-07-05,2021,7,July,5,Monday,0,27,3,0,Summer,,,0,0,0,0,,0,0,0,0,0
2021-07-06,2021,7,July,6,Tuesday,1,27,3,0,Summer,,,0,0,0,0,,0,0,0,0,0
2021-07-07,2021,7,July,7,Wednesday,2,27,3,0,Summer,,,0,0,0,0,,0,0,0,0,0
2021-07-08,2021,7,July,8,Thursday,3,27,3,0,Summer,,,0,0,0,0,,0,0,0,0,0
2021-07-09,2021,7,July,9,Friday,4,27,3,0,Summer,,,0,0,0,0,,0,0,0,0,0
2021-07-10,2021,7,July,10,Saturday,5,27,3,1,Summer,,,0,0,0,0,,0,0,0,0,1
2021-07-11,2021,7,July,11,Sunday,6,27,3,1,Summer,,,0,0,0,0,,0,0,0,0,1
2021-07-12,2021,7,July,12,Monday,0,28,3,0,Summer,,,0,0,0,0,,0,0,0,0,0
2021-07-13,2021,7,July,13,Tuesday,1,28,3,0,Summer,,,0,0,0,0,,0,0,0,0,0
2021-07-14,2021,7,July,14,Wednesday,2,28,3,0,Summer,,,0,0,0,0,,0,0,0,0,0
2021-07-15,2021,7,July,15,Thursday,3,28,3,0,Summer,,,0,0,0,0,,0,0,0,0,0
2021-07-16,2021,7,July,16,Friday,4,28,3,0,Summer,,,0,0,0,0,,0,0,0,0,0
2021-07-17,2021,7,July,17,Saturday,5,28,3,1,Summer,,,0,0,0,0,,0,0,0,0,1
2021-07-18,2021,7,July,18,Sunday,6,28,3,1,Summer,,,0,0,0,0,,0,0,0,0,1
2021-07-19,2021,7,July,19,Monday,0,29,3,0,Summer,,,0,0,0,0,,0,0,0,0,0
2021-07-20,2021,7,July,20,Tuesday,1,29,3,0,Summer,,,0,0,0,0,,0,0,0,0,0
2021-07-21,2021,7,July,21,Wednesday,2,29,3,0,Summer,,,0,0,0,0,,0,0,0,0,0
2021-07-22,2021,7,July,22,Thursday,3,29,3,0,Summer,,,0,0,0,0,,0,0,0,0,0
2021-07-23,2021,7,July,23,Friday,4,29,3,0,Summer,,,0,0,0,0,,0,0,0,0,0
2021-07-24,2021,7,July,24,Saturday,5,29,3,1,Summer,,,0,0,0,0,,0,0,0,0,1
2021-07-25,2021,7,July,25,Sunday,6,29,3,1,Summer,,,0,0,0,0,,0,0,0,0,1
2021-07-26,2021,7,July,26,Monday,0,30,3,0,Summer,,,0,0,0,0,,0,0,0,0,0
2021-07-27,2021,7,July,27,Tuesday,1,30,3,0,Summer,,,0,0,0,0,,0,0,0,0,0
2021-07-28,2021,7,July,28,Wednesday,2,30,3,0,Summer,,,0,0,0,0,,0,0,0,0,0
2021-07-29,2021,7,July,29,Thursday,3,30,3,0,Summer,,,0,0,0,0,,0,0,0,0,0
2021-07-30,2021,7,July,30,Friday,4,30,3,0,Summer,,,0,0,0,0,,0,0,0,0,0
2021-07-31,2021,7,July,31,Saturday,5,30,3,1,Summer,,,0,0,0,0,,0,0,0,0,1
2021-08-01,2021,8,August,1,Sunday,6,30,3,1,Summer,,,0,0,0,0,,0,0,0,0,1
2021-08-02,2021,8,August,2,Monday,0,31,3,0,Summer,Summer bank holiday,scotland,0,1,1,0,,0,0,0,0,1
2021-08-03,2021,8,August,3,Tuesday,1,31,3,0,Summer,,,0,0,0,0,,0,0,0,0,0
2021-08-04,2021,8,August,4,Wednesday,2,31,3,0,Summer,,,0,0,0,0,,0,0,0,0,0
2021-08-05,2021,8,August,5,Thursday,3,31,3,0,Summer,,,0,0,0,0,,0,0,0,0,0
2021-08-06,2021,8,August,6,Friday,4,31,3,0,Summer,,,0,0,0,0,,0,0,0,0,0
2021-08-07,2021,8,August,7,Saturday,5,31,3,1,Summer,,,0,0,0,0,,0,0,0,0,1
2021-08-08,2021,8,August,8,Sunday,6,31,3,1,Summer,,,0,0,0,0,,0,0,0,0,1
2021-08-09,2021,8,August,9,Monday,0,32,3,0,Summer,,,0,0,0,0,,0,0,0,0,0
2021-08-10,2021,8,August,10,Tuesday,1,32,3,0,Summer,,,0,0,0,0,,0,0,0,0,0
2021-08-11,2021,8,August,11,Wednesday,2,32,3,0,Summer,,,0,0,0,0,,0,0,0,0,0
2021-08-12,2021,8,August,12,Thursday,3,32,3,0,Summer,,,0,0,0,0,,0,0,0,0,0
2021-08-13,2021,8,August,13,Friday,4,32,3,0,Summer,,,0,0,0,0,,0,0,0,0,0
2021-08-14,2021,8,August,14,Saturday,5,32,3,1,Summer,,,0,0,0,0,,0,0,0,0,1
2021-08-15,2021,8,August,15,Sunday,6,32,3,1,Summer,,,0,0,0,0,,0,0,0,0,1
2021-08-16,2021,8,August,16,Monday,0,33,3,0,Summer,,,0,0,0,0,,0,0,0,0,0
2021-08-17,2021,8,August,17,Tuesday,1,33,3,0,Summer,,,0,0,0,0,,0,0,0,0,0
2021-08-18,2021,8,August,18,Wednesday,2,33,3,0,Summer,,,0,0,0,0,,0,0,0,0,0
2021-08-19,2021,8,August,19,Thursday,3,33,3,0,Summer,,,0,0,0,0,,0,0,0,0,0
2021-08-20,2021,8,August,20,Friday,4,33,3,0,Summer,,,0,0,0,0,,0,0,0,0,0
2021-08-21,2021,8,August,21,Saturday,5,33,3,1,Summer,,,0,0,0,0,,0,0,0,0,1
2021-08-22,2021,8,August,22,Sunday,6,33,3,1,Summer,,,0,0,0,0,,0,0,0,0,1
2021-08-23,2021,8,August,23,Monday,0,34,3,0,Summer,,,0,0,0,0,,0,0,0,0,0
2021-08-24,2021,8,August,24,Tuesday,1,34,3,0,Summer,,,0,0,0,0,,0,0,0,0,0
2021-08-25,2021,8,August,25,Wednesday,2,34,3,0,Summer,,,0,0,0,0,,0,0,0,0,0
2021-08-26,2021,8,August,26,Thursday,3,34,3,0,Summer,,,0,0,0,0,,0,0,0,0,0
2021-08-27,2021,8,August,27,Friday,4,34,3,0,Summer,,,0,0,0,0,,0,0,0,0,0
2021-08-28,2021,8,August,28,Saturday,5,34,3,1,Summer,,,0,0,0,0,,0,0,0,0,1
2021-08-29,2021,8,August,29,Sunday,6,34,3,1,Summer,,,0,0,0,0,,0,0,0,0,1
2021-08-30,2021,8,August,30,Monday,0,35,3,0,Summer,Summer bank holiday,england-and-wales,1,0,1,0,,0,0,0,0,1
2021-08-31,2021,8,August,31,Tuesday,1,35,3,0,Summer,,,0,0,0,0,,0,0,0,0,0
2021-09-01,2021,9,September,1,Wednesday,2,35,3,0,Autumn,,,0,0,0,0,,0,0,0,0,0
2021-09-02,2021,9,September,2,Thursday,3,35,3,0,Autumn,,,0,0,0,0,,0,0,0,0,0
2021-09-03,2021,9,September,3,Friday,4,35,3,0,Autumn,,,0,0,0,0,,0,0,0,0,0
2021-09-04,2021,9,September,4,Saturday,5,35,3,1,Autumn,,,0,0,0,0,,0,0,0,0,1
2021-09-05,2021,9,September,5,Sunday,6,35,3,1,Autumn,,,0,0,0,0,,0,0,0,0,1
2021-09-06,2021,9,September,6,Monday,0,36,3,0,Autumn,,,0,0,0,0,,0,0,0,0,0
2021-09-07,2021,9,September,7,Tuesday,1,36,3,0,Autumn,,,0,0,0,0,,0,0,0,0,0
2021-09-08,2021,9,September,8,Wednesday,2,36,3,0,Autumn,,,0,0,0,0,,0,0,0,0,0
2021-09-09,2021,9,September,9,Thursday,3,36,3,0,Autumn,,,0,0,0,0,,0,0,0,0,0
2021-09-10,2021,9,September,10,Friday,4,36,3,0,Autumn,,,0,0,0,0,,0,0,0,0,0
2021-09-11,2021,9,September,11,Saturday,5,36,3,1,Autumn,,,0,0,0,0,,0,0,0,0,1
2021-09-12,2021,9,September,12,Sunday,6,36,3,1,Autumn,,,0,0,0,0,,0,0,0,0,1
2021-09-13,2021,9,September,13,Monday,0,37,3,0,Autumn,,,0,0,0,0,,0,0,0,0,0
2021-09-14,2021,9,September,14,Tuesday,1,37,3,0,Autumn,,,0,0,0,0,,0,0,0,0,0
2021-09-15,2021,9,September,15,Wednesday,2,37,3,0,Autumn,,,0,0,0,0,,0,0,0,0,0
2021-09-16,2021,9,September,16,Thursday,3,37,3,0,Autumn,,,0,0,0,0,,0,0,0,0,0
2021-09-17,2021,9,September,17,Friday,4,37,3,0,Autumn,,,0,0,0,0,,0,0,0,0,0
2021-09-18,2021,9,September,18,Saturday,5,37,3,1,Autumn,,,0,0,0,0,,0,0,0,0,1
2021-09-19,2021,9,September,19,Sunday,6,37,3,1,Autumn,,,0,0,0,0,,0,0,0,0,1
2021-09-20,2021,9,September,20,Monday,0,38,3,0,Autumn,,,0,0,0,0,,0,0,0,0,0
2021-09-21,2021,9,September,21,Tuesday,1,38,3,0,Autumn,,,0,0,0,0,,0,0,0,0,0
2021-09-22,2021,9,September,22,Wednesday,2,38,3,0,Autumn,,,0,0,0,0,,0,0,0,0,0
2021-09-23,2021,9,September,23,Thursday,3,38,3,0,Autumn,,,0,0,0,0,,0,0,0,0,0
2021-09-24,2021,9,September,24,Friday,4,38,3,0,Autumn,,,0,0,0,0,,0,0,0,0,0
2021-09-25,2021,9,September,25,Saturday,5,38,3,1,Autumn,,,0,0,0,0,,0,0,0,0,1
2021-09-26,2021,9,September,26,Sunday,6,38,3,1,Autumn,,,0,0,0,0,,0,0,0,0,1
2021-09-27,2021,9,September,27,Monday,0,39,3,0,Autumn,,,0,0,0,0,,0,0,0,0,0
2021-09-28,2021,9,September,28,Tuesday,1,39,3,0,Autumn,,,0,0,0,0,,0,0,0,0,0
2021-09-29,2021,9,September,29,Wednesday,2,39,3,0,Autumn,,,0,0,0,0,,0,0,0,0,0
2021-09-30,2021,9,September,30,Thursday,3,39,3,0,Autumn,,,0,0,0,0,,0,0,0,0,0
2021-10-01,2021,10,October,1,Friday,4,39,4,0,Autumn,,,0,0,0,0,,0,0,0,0,0
2021-10-02,2021,10,October,2,Saturday,5,39,4,1,Autumn,,,0,0,0,0,,0,0,0,0,1
2021-10-03,2021,10,October,3,Sunday,6,39,4,1,Autumn,,,0,0,0,0,,0,0,0,0,1
2021-10-04,2021,10,October,4,Monday,0,40,4,0,Autumn,,,0,0,0,0,,0,0,0,0,0
2021-10-05,2021,10,October,5,Tuesday,1,40,4,0,Autumn,,,0,0,0,0,,0,0,0,0,0
2021-10-06,2021,10,October,6,Wednesday,2,40,4,0,Autumn,,,0,0,0,0,,0,0,0,0,0
2021-10-07,2021,10,October,7,Thursday,3,40,4,0,Autumn,,,0,0,0,0,,0,0,0,0,0
2021-10-08,2021,10,October,8,Friday,4,40,4,0,Autumn,,,0,0,0,0,,0,0,0,0,0
2021-10-09,2021,10,October,9,Saturday,5,40,4,1,Autumn,,,0,0,0,0,,0,0,0,0,1
2021-10-10,2021,10,October,10,Sunday,6,40,4,1,Autumn,,,0,0,0,0,,0,0,0,0,1
2021-10-11,2021,10,October,11,Monday,0,41,4,0,Autumn,,,0,0,0,0,,0,0,0,0,0
2021-10-12,2021,10,October,12,Tuesday,1,41,4,0,Autumn,,,0,0,0,0,,0,0,0,0,0
2021-10-13,2021,10,October,13,Wednesday,2,41,4,0,Autumn,,,0,0,0,0,,0,0,0,0,0
2021-10-14,2021,10,October,14,Thursday,3,41,4,0,Autumn,,,0,0,0,0,,0,0,0,0,0
2021-10-15,2021,10,October,15,Friday,4,41,4,0,Autumn,,,0,0,0,0,,0,0,0,0,0
2021-10-16,2021,10,October,16,Saturday,5,41,4,1,Autumn,,,0,0,0,0,,0,0,0,0,1
2021-10-17,2021,10,October,17,Sunday,6,41,4,1,Autumn,,,0,0,0,0,,0,0,0,0,1
2021-10-18,2021,10,October,18,Monday,0,42,4,0,Autumn,,,0,0,0,0,,0,0,0,0,0
2021-10-19,2021,10,October,19,Tuesday,1,42,4,0,Autumn,,,0,0,0,0,,0,0,0,0,0
2021-10-20,2021,10,October,20,Wednesday,2,42,4,0,Autumn,,,0,0,0,0,,0,0,0,0,0
2021-10-21,2021,10,October,21,Thursday,3,42,4,0,Autumn,,,0,0,0,0,,0,0,0,0,0
2021-10-22,2021,10,October,22,Friday,4,42,4,0,Autumn,,,0,0,0,0,,0,0,0,0,0
2021-10-23,2021,10,October,23,Saturday,5,42,4,1,Autumn,,,0,0,0,0,,0,0,0,0,1
2021-10-24,2021,10,October,24,Sunday,6,42,4,1,Autumn,,,0,0,0,0,,0,0,0,0,1
2021-10-25,2021,10,October,25,Monday,0,43,4,0,Autumn,,,0,0,0,0,,0,0,0,0,0
2021-10-26,2021,10,October,26,Tuesday,1,43,4,0,Autumn,,,0,0,0,0,,0,0,0,0,0
2021-10-27,2021,10,October,27,Wednesday,2,43,4,0,Autumn,,,0,0,0,0,,0,0,0,0,0
2021-10-28,2021,10,October,28,Thursday,3,43,4,0,Autumn,,,0,0,0,0,,0,0,0,0,0
2021-10-29,2021,10,October,29,Friday,4,43,4,0,Autumn,,,0,0,0,0,,0,0,0,0,0
2021-10-30,2021,10,October,30,Saturday,5,43,4,1,Autumn,,,0,0,0,0,,0,0,0,0,1
2021-10-31,2021,10,October,31,Sunday,6,43,4,1,Autumn,,,0,0,0,0,,0,0,0,0,1
2021-11-01,2021,11,November,1,Monday,0,44,4,0,Autumn,,,0,0,0,0,,0,0,0,0,0
2021-11-02,2021,11,November,2,Tuesday,1,44,4,0,Autumn,,,0,0,0,0,,0,0,0,0,0
2021-11-03,2021,11,November,3,Wednesday,2,44,4,0,Autumn,,,0,0,0,0,,0,0,0,0,0
2021-11-04,2021,11,November,4,Thursday,3,44,4,0,Autumn,,,0,0,0,0,,0,0,0,0,0
2021-11-05,2021,11,November,5,Friday,4,44,4,0,Autumn,,,0,0,0,0,,0,0,0,0,0
2021-11-06,2021,11,November,6,Saturday,5,44,4,1,Autumn,,,0,0,0,0,,0,0,0,0,1
2021-11-07,2021,11,November,7,Sunday,6,44,4,1,Autumn,,,0,0,0,0,,0,0,0,0,1
2021-11-08,2021,11,November,8,Monday,0,45,4,0,Autumn,,,0,0,0,0,,0,0,0,0,0
2021-11-09,2021,11,November,9,Tuesday,1,45,4,0,Autumn,,,0,0,0,0,,0,0,0,0,0
2021-11-10,2021,11,November,10,Wednesday,2,45,4,0,Autumn,,,0,0,0,0,,0,0,0,0,0
2021-11-11,2021,11,November,11,Thursday,3,45,4,0,Autumn,,,0,0,0,0,,0,0,0,0,0
2021-11-12,2021,11,November,12,Friday,4,45,4,0,Autumn,,,0,0,0,0,,0,0,0,0,0
2021-11-13,2021,11,November,13,Saturday,5,45,4,1,Autumn,,,0,0,0,0,,0,0,0,0,1
2021-11-14,2021,11,November,14,Sunday,6,45,4,1,Autumn,,,0,0,0,0,,0,0,0,0,1
2021-11-15,2021,11,November,15,Monday,0,46,4,0,Autumn,,,0,0,0,0,,0,0,0,0,0
2021-11-16,2021,11,November,16,Tuesday,1,46,4,0,Autumn,,,0,0,0,0,,0,0,0,0,0
2021-11-17,2021,11,November,17,Wednesday,2,46,4,0,Autumn,,,0,0,0,0,,0,0,0,0,0
2021-11-18,2021,11,November,18,Thursday,3,46,4,0,Autumn,,,0,0,0,0,,0,0,0,0,0
2021-11-19,2021,11,November,19,Friday,4,46,4,0,Autumn,,,0,0,0,0,,0,0,0,0,0
2021-11-20,2021,11,November,20,Saturday,5,46,4,1,Autumn,,,0,0,0,0,,0,0,0,0,1
2021-11-21,2021,11,November,21,Sunday,6,46,4,1,Autumn,,,0,0,0,0,,0,0,0,0,1
2021-11-22,2021,11,November,22,Monday,0,47,4,0,Autumn,,,0,0,0,0,,0,0,0,0,0
2021-11-23,2021,11,November,23,Tuesday,1,47,4,0,Autumn,,,0,0,0,0,,0,0,0,0,0
2021-11-24,2021,11,November,24,Wednesday,2,47,4,0,Autumn,,,0,0,0,0,,0,0,0,0,0
2021-11-25,2021,11,November,25,Thursday,3,47,4,0,Autumn,,,0,0,0,0,,0,0,0,0,0
2021-11-26,2021,11,November,26,Friday,4,47,4,0,Autumn,,,0,0,0,0,,0,0,0,0,0
2021-11-27,2021,11,November,27,Saturday,5,47,4,1,Autumn,,,0,0,0,0,,0,0,0,0,1
2021-11-28,2021,11,November,28,Sunday,6,47,4,1,Autumn,,,0,0,0,0,,0,0,0,0,1
2021-11-29,2021,11,November,29,Monday,0,48,4,0,Autumn,,,0,0,0,0,,0,0,0,0,0
2021-11-30,2021,11,November,30,Tuesday,1,48,4,0,Autumn,St Andrew’s Day,scotland,0,1,1,0,,0,0,0,0,1
2021-12-01,2021,12,December,1,Wednesday,2,48,4,0,Winter,,,0,0,0,0,,0,0,0,0,0
2021-12-02,2021,12,December,2,Thursday,3,48,4,0,Winter,,,0,0,0,0,,0,0,0,0,0
2021-12-03,2021,12,December,3,Friday,4,48,4,0,Winter,,,0,0,0,0,,0,0,0,0,0
2021-12-04,2021,12,December,4,Saturday,5,48,4,1,Winter,,,0,0,0,0,,0,0,0,0,1
2021-12-05,2021,12,December,5,Sunday,6,48,4,1,Winter,,,0,0,0,0,,0,0,0,0,1
2021-12-06,2021,12,December,6,Monday,0,49,4,0,Winter,,,0,0,0,0,,0,0,0,0,0
2021-12-07,2021,12,December,7,Tuesday,1,49,4,0,Winter,,,0,0,0,0,,0,0,0,0,0
2021-12-08,2021,12,December,8,Wednesday,2,49,4,0,Winter,,,0,0,0,0,,0,0,0,0,0
2021-12-09,2021,12,December,9,Thursday,3,49,4,0,Winter,,,0,0,0,0,,0,0,0,0,0
2021-12-10,2021,12,December,10,Friday,4,49,4,0,Winter,,,0,0,0,0,,0,0,0,0,0
2021-12-11,2021,12,December,11,Saturday,5,49,4,1,Winter,,,0,0,0,0,,0,0,0,0,1
2021-12-12,2021,12,December,12,Sunday,6,49,4,1,Winter,,,0,0,0,0,,0,0,0,0,1
2021-12-13,2021,12,December,13,Monday,0,50,4,0,Winter,,,0,0,0,0,,0,0,0,0,0
2021-12-14,2021,12,December,14,Tuesday,1,50,4,0,Winter,,,0,0,0,0,,0,0,0,0,0
2021-12-15,2021,12,December,15,Wednesday,2,50,4,0,Winter,,,0,0,0,0,,0,0,0,0,0
2021-12-16,2021,12,December,16,Thursday,3,50,4,0,Winter,,,0,0,0,0,,0,0,0,0,0
2021-12-17,2021,12,December,17,Friday,4,50,4,0,Winter,,,0,0,0,0,,0,0,0,0,0
2021-12-18,2021,12,December,18,Saturday,5,50,4,1,Winter,,,0,0,0,0,,0,0,0,0,1
2021-12-19,2021,12,December,19,Sunday,6,50,4,1,Winter,,,0,0,0,0,,0,0,0,0,1
2021-12-20,2021,12,December,20,Monday,0,51,4,0,Winter,,,0,0,0,0,,0,0,0,0,0
2021-12-21,2021,12,December,21,Tuesday,1,51,4,0,Winter,,,0,0,0,0,,0,0,0,0,0
2021-12-22,2021,12,December,22,Wednesday,2,51,4,0,Winter,,,0,0,0,0,,0,0,0,0,0
2021-12-23,2021,12,December,23,Thursday,3,51,4,0,Winter,,,0,0,0,0,,0,0,0,0,0
2021-12-24,2021,12,December,24,Friday,4,51,4,0,Winter,,,0,0,0,0,,0,0,0,0,0
2021-12-25,2021,12,December,25,Saturday,5,51,4,1,Winter,,,0,0,0,0,,0,0,0,0,1
2021-12-26,2021,12,December,26,Sunday,6,51,4,1,Winter,,,0,0,0,0,,0,0,0,0,1
2021-12-27,2021,12,December,27,Monday,0,52,4,0,Winter,Christmas Day,england-and-wales | scotland,1,1,1,0,,0,0,0,0,1
2021-12-28,2021,12,December,28,Tuesday,1,52,4,0,Winter,Boxing Day,england-and-wales | scotland,1,1,1,0,,0,0,0,0,1
2021-12-29,2021,12,December,29,Wednesday,2,52,4,0,Winter,,,0,0,0,0,,0,0,0,0,0
2021-12-30,2021,12,December,30,Thursday,3,52,4,0,Winter,,,0,0,0,0,,0,0,0,0,0
2021-12-31,2021,12,December,31,Friday,4,52,4,0,Winter,,,0,0,0,0,,0,0,0,0,0
2022-01-01,2022,1,January,1,Saturday,5,52,1,1,Winter,,,0,0,0,0,,0,0,0,0,1
2022-01-02,2022,1,January,2,Sunday,6,52,1,1,Winter,,,0,0,0,0,,0,0,0,0,1
2022-01-03,2022,1,January,3,Monday,0,1,1,0,Winter,New Year’s Day,england-and-wales | scotland,1,1,1,0,,0,0,0,0,1
2022-01-04,2022,1,January,4,Tuesday,1,1,1,0,Winter,2nd January,scotland,0,1,1,0,,0,0,0,0,1
2022-01-05,2022,1,January,5,Wednesday,2,1,1,0,Winter,,,0,0,0,0,,0,0,0,0,0
2022-01-06,2022,1,January,6,Thursday,3,1,1,0,Winter,,,0,0,0,0,,0,0,0,0,0
2022-01-07,2022,1,January,7,Friday,4,1,1,0,Winter,,,0,0,0,0,,0,0,0,0,0
2022-01-08,2022,1,January,8,Saturday,5,1,1,1,Winter,,,0,0,0,0,,0,0,0,0,1
2022-01-09,2022,1,January,9,Sunday,6,1,1,1,Winter,,,0,0,0,0,,0,0,0,0,1
2022-01-10,2022,1,January,10,Monday,0,2,1,0,Winter,,,0,0,0,0,,0,0,0,0,0
2022-01-11,2022,1,January,11,Tuesday,1,2,1,0,Winter,,,0,0,0,0,,0,0,0,0,0
2022-01-12,2022,1,January,12,Wednesday,2,2,1,0,Winter,,,0,0,0,0,,0,0,0,0,0
2022-01-13,2022,1,January,13,Thursday,3,2,1,0,Winter,,,0,0,0,0,,0,0,0,0,0
2022-01-14,2022,1,January,14,Friday,4,2,1,0,Winter,,,0,0,0,0,,0,0,0,0,0
2022-01-15,2022,1,January,15,Saturday,5,2,1,1,Winter,,,0,0,0,0,,0,0,0,0,1
2022-01-16,2022,1,January,16,Sunday,6,2,1,1,Winter,,,0,0,0,0,,0,0,0,0,1
2022-01-17,2022,1,January,17,Monday,0,3,1,0,Winter,,,0,0,0,0,,0,0,0,0,0
2022-01-18,2022,1,January,18,Tuesday,1,3,1,0,Winter,,,0,0,0,0,,0,0,0,0,0
2022-01-19,2022,1,January,19,Wednesday,2,3,1,0,Winter,,,0,0,0,0,,0,0,0,0,0
2022-01-20,2022,1,January,20,Thursday,3,3,1,0,Winter,,,0,0,0,0,,0,0,0,0,0
2022-01-21,2022,1,January,21,Friday,4,3,1,0,Winter,,,0,0,0,0,,0,0,0,0,0
2022-01-22,2022,1,January,22,Saturday,5,3,1,1,Winter,,,0,0,0,0,,0,0,0,0,1
2022-01-23,2022,1,January,23,Sunday,6,3,1,1,Winter,,,0,0,0,0,,0,0,0,0,1
2022-01-24,2022,1,January,24,Monday,0,4,1,0,Winter,,,0,0,0,0,,0,0,0,0,0
2022-01-25,2022,1,January,25,Tuesday,1,4,1,0,Winter,,,0,0,0,0,,0,0,0,0,0
2022-01-26,2022,1,January,26,Wednesday,2,4,1,0,Winter,,,0,0,0,0,,0,0,0,0,0
2022-01-27,2022,1,January,27,Thursday,3,4,1,0,Winter,,,0,0,0,0,,0,0,0,0,0
2022-01-28,2022,1,January,28,Friday,4,4,1,0,Winter,,,0,0,0,0,,0,0,0,0,0
2022-01-29,2022,1,January,29,Saturday,5,4,1,1,Winter,,,0,0,0,0,,0,0,0,0,1
2022-01-30,2022,1,January,30,Sunday,6,4,1,1,Winter,,,0,0,0,0,,0,0,0,0,1
2022-01-31,2022,1,January,31,Monday,0,5,1,0,Winter,,,0,0,0,0,,0,0,0,0,0
2022-02-01,2022,2,February,1,Tuesday,1,5,1,0,Winter,,,0,0,0,0,,0,0,0,0,0
2022-02-02,2022,2,February,2,Wednesday,2,5,1,0,Winter,,,0,0,0,0,,0,0,0,0,0
2022-02-03,2022,2,February,3,Thursday,3,5,1,0,Winter,,,0,0,0,0,,0,0,0,0,0
2022-02-04,2022,2,February,4,Friday,4,5,1,0,Winter,,,0,0,0,0,,0,0,0,0,0
2022-02-05,2022,2,February,5,Saturday,5,5,1,1,Winter,,,0,0,0,0,,0,0,0,0,1
2022-02-06,2022,2,February,6,Sunday,6,5,1,1,Winter,,,0,0,0,0,,0,0,0,0,1
2022-02-07,2022,2,February,7,Monday,0,6,1,0,Winter,,,0,0,0,0,,0,0,0,0,0
2022-02-08,2022,2,February,8,Tuesday,1,6,1,0,Winter,,,0,0,0,0,,0,0,0,0,0
2022-02-09,2022,2,February,9,Wednesday,2,6,1,0,Winter,,,0,0,0,0,,0,0,0,0,0
2022-02-10,2022,2,February,10,Thursday,3,6,1,0,Winter,,,0,0,0,0,,0,0,0,0,0
2022-02-11,2022,2,February,11,Friday,4,6,1,0,Winter,,,0,0,0,0,,0,0,0,0,0
2022-02-12,2022,2,February,12,Saturday,5,6,1,1,Winter,,,0,0,0,0,,0,0,0,0,1
2022-02-13,2022,2,February,13,Sunday,6,6,1,1,Winter,,,0,0,0,0,,0,0,0,0,1
2022-02-14,2022,2,February,14,Monday,0,7,1,0,Winter,,,0,0,0,0,,0,0,0,0,0
2022-02-15,2022,2,February,15,Tuesday,1,7,1,0,Winter,,,0,0,0,0,,0,0,0,0,0
2022-02-16,2022,2,February,16,Wednesday,2,7,1,0,Winter,,,0,0,0,0,,0,0,0,0,0
2022-02-17,2022,2,February,17,Thursday,3,7,1,0,Winter,,,0,0,0,0,,0,0,0,0,0
2022-02-18,2022,2,February,18,Friday,4,7,1,0,Winter,,,0,0,0,0,,0,0,0,0,0
2022-02-19,2022,2,February,19,Saturday,5,7,1,1,Winter,,,0,0,0,0,,0,0,0,0,1
2022-02-20,2022,2,February,20,Sunday,6,7,1,1,Winter,,,0,0,0,0,,0,0,0,0,1
2022-02-21,2022,2,February,21,Monday,0,8,1,0,Winter,,,0,0,0,0,,0,0,0,0,0
2022-02-22,2022,2,February,22,Tuesday,1,8,1,0,Winter,,,0,0,0,0,,0,0,0,0,0
2022-02-23,2022,2,February,23,Wednesday,2,8,1,0,Winter,,,0,0,0,0,,0,0,0,0,0
2022-02-24,2022,2,February,24,Thursday,3,8,1,0,Winter,,,0,0,0,0,,0,0,0,0,0
2022-02-25,2022,2,February,25,Friday,4,8,1,0,Winter,,,0,0,0,0,,0,0,0,0,0
2022-02-26,2022,2,February,26,Saturday,5,8,1,1,Winter,,,0,0,0,0,,0,0,0,0,1
2022-02-27,2022,2,February,27,Sunday,6,8,1,1,Winter,,,0,0,0,0,,0,0,0,0,1
2022-02-28,2022,2,February,28,Monday,0,9,1,0,Winter,,,0,0,0,0,,0,0,0,0,0
2022-03-01,2022,3,March,1,Tuesday,1,9,1,0,Spring,,,0,0,0,0,,0,0,0,0,0
2022-03-02,2022,3,March,2,Wednesday,2,9,1,0,Spring,,,0,0,0,0,,0,0,0,0,0
2022-03-03,2022,3,March,3,Thursday,3,9,1,0,Spring,,,0,0,0,0,,0,0,0,0,0
2022-03-04,2022,3,March,4,Friday,4,9,1,0,Spring,,,0,0,0,0,,0,0,0,0,0
2022-03-05,2022,3,March,5,Saturday,5,9,1,1,Spring,,,0,0,0,0,,0,0,0,0,1
2022-03-06,2022,3,March,6,Sunday,6,9,1,1,Spring,,,0,0,0,0,,0,0,0,0,1
2022-03-07,2022,3,March,7,Monday,0,10,1,0,Spring,,,0,0,0,0,,0,0,0,0,0
2022-03-08,2022,3,March,8,Tuesday,1,10,1,0,Spring,,,0,0,0,0,,0,0,0,0,0
2022-03-09,2022,3,March,9,Wednesday,2,10,1,0,Spring,,,0,0,0,0,,0,0,0,0,0
2022-03-10,2022,3,March,10,Thursday,3,10,1,0,Spring,,,0,0,0,0,,0,0,0,0,0
2022-03-11,2022,3,March,11,Friday,4,10,1,0,Spring,,,0,0,0,0,,0,0,0,0,0
2022-03-12,2022,3,March,12,Saturday,5,10,1,1,Spring,,,0,0,0,0,,0,0,0,0,1
2022-03-13,2022,3,March,13,Sunday,6,10,1,1,Spring,,,0,0,0,0,,0,0,0,0,1
2022-03-14,2022,3,March,14,Monday,0,11,1,0,Spring,,,0,0,0,0,,0,0,0,0,0
2022-03-15,2022,3,March,15,Tuesday,1,11,1,0,Spring,,,0,0,0,0,,0,0,0,0,0
2022-03-16,2022,3,March,16,Wednesday,2,11,1,0,Spring,,,0,0,0,0,,0,0,0,0,0
2022-03-17,2022,3,March,17,Thursday,3,11,1,0,Spring,,,0,0,0,0,,0,0,0,0,0
2022-03-18,2022,3,March,18,Friday,4,11,1,0,Spring,,,0,0,0,0,,0,0,0,0,0
2022-03-19,2022,3,March,19,Saturday,5,11,1,1,Spring,,,0,0,0,0,,0,0,0,0,1
2022-03-20,2022,3,March,20,Sunday,6,11,1,1,Spring,,,0,0,0,0,,0,0,0,0,1
2022-03-21,2022,3,March,21,Monday,0,12,1,0,Spring,,,0,0,0,0,,0,0,0,0,0
2022-03-22,2022,3,March,22,Tuesday,1,12,1,0,Spring,,,0,0,0,0,,0,0,0,0,0
2022-03-23,2022,3,March,23,Wednesday,2,12,1,0,Spring,,,0,0,0,0,,0,0,0,0,0
2022-03-24,2022,3,March,24,Thursday,3,12,1,0,Spring,,,0,0,0,0,,0,0,0,0,0
2022-03-25,2022,3,March,25,Friday,4,12,1,0,Spring,,,0,0,0,0,,0,0,0,0,0
2022-03-26,2022,3,March,26,Saturday,5,12,1,1,Spring,,,0,0,0,0,,0,0,0,0,1
2022-03-27,2022,3,March,27,Sunday,6,12,1,1,Spring,,,0,0,0,0,,0,0,0,0,1
2022-03-28,2022,3,March,28,Monday,0,13,1,0,Spring,,,0,0,0,0,,0,0,0,0,0
2022-03-29,2022,3,March,29,Tuesday,1,13,1,0,Spring,,,0,0,0,0,,0,0,0,0,0
2022-03-30,2022,3,March,30,Wednesday,2,13,1,0,Spring,,,0,0,0,0,,0,0,0,0,0
2022-03-31,2022,3,March,31,Thursday,3,13,1,0,Spring,,,0,0,0,0,,0,0,0,0,0
2022-04-01,2022,4,April,1,Friday,4,13,2,0,Spring,,,0,0,0,0,,0,0,0,0,0
2022-04-02,2022,4,April,2,Saturday,5,13,2,1,Spring,,,0,0,0,0,,0,0,0,0,1
2022-04-03,2022,4,April,3,Sunday,6,13,2,1,Spring,,,0,0,0,0,,0,0,0,0,1
2022-04-04,2022,4,April,4,Monday,0,14,2,0,Spring,,,0,0,0,0,,0,0,0,0,0
2022-04-05,2022,4,April,5,Tuesday,1,14,2,0,Spring,,,0,0,0,0,,0,0,0,0,0
2022-04-06,2022,4,April,6,Wednesday,2,14,2,0,Spring,,,0,0,0,0,,0,0,0,0,0
2022-04-07,2022,4,April,7,Thursday,3,14,2,0,Spring,,,0,0,0,0,,0,0,0,0,0
2022-04-08,2022,4,April,8,Friday,4,14,2,0,Spring,,,0,0,0,0,,0,0,0,0,0
2022-04-09,2022,4,April,9,Saturday,5,14,2,1,Spring,,,0,0,0,0,,0,0,0,0,1
2022-04-10,2022,4,April,10,Sunday,6,14,2,1,Spring,,,0,0,0,0,,0,0,0,0,1
2022-04-11,2022,4,April,11,Monday,0,15,2,0,Spring,,,0,0,0,0,,0,0,0,0,0
2022-04-12,2022,4,April,12,Tuesday,1,15,2,0,Spring,,,0,0,0,0,,0,0,0,0,0
2022-04-13,2022,4,April,13,Wednesday,2,15,2,0,Spring,,,0,0,0,0,,0,0,0,0,0
2022-04-14,2022,4,April,14,Thursday,3,15,2,0,Spring,,,0,0,0,0,,0,0,0,0,0
2022-04-15,2022,4,April,15,Friday,4,15,2,0,Spring,Good Friday,england-and-wales | scotland,1,1,1,0,,0,0,0,0,1
2022-04-16,2022,4,April,16,Saturday,5,15,2,1,Spring,,,0,0,0,0,,0,0,0,0,1
2022-04-17,2022,4,April,17,Sunday,6,15,2,1,Spring,,,0,0,0,0,,0,0,0,0,1
2022-04-18,2022,4,April,18,Monday,0,16,2,0,Spring,Easter Monday,england-and-wales,1,0,1,0,,0,0,0,0,1
2022-04-19,2022,4,April,19,Tuesday,1,16,2,0,Spring,,,0,0,0,0,,0,0,0,0,0
2022-04-20,2022,4,April,20,Wednesday,2,16,2,0,Spring,,,0,0,0,0,,0,0,0,0,0
2022-04-21,2022,4,April,21,Thursday,3,16,2,0,Spring,,,0,0,0,0,,0,0,0,0,0
2022-04-22,2022,4,April,22,Friday,4,16,2,0,Spring,,,0,0,0,0,,0,0,0,0,0
2022-04-23,2022,4,April,23,Saturday,5,16,2,1,Spring,,,0,0,0,0,,0,0,0,0,1
2022-04-24,2022,4,April,24,Sunday,6,16,2,1,Spring,,,0,0,0,0,,0,0,0,0,1
2022-04-25,2022,4,April,25,Monday,0,17,2,0,Spring,,,0,0,0,0,,0,0,0,0,0
2022-04-26,2022,4,April,26,Tuesday,1,17,2,0,Spring,,,0,0,0,0,,0,0,0,0,0
2022-04-27,2022,4,April,27,Wednesday,2,17,2,0,Spring,,,0,0,0,0,,0,0,0,0,0
2022-04-28,2022,4,April,28,Thursday,3,17,2,0,Spring,,,0,0,0,0,,0,0,0,0,0
2022-04-29,2022,4,April,29,Friday,4,17,2,0,Spring,,,0,0,0,0,,0,0,0,0,0
2022-04-30,2022,4,April,30,Saturday,5,17,2,1,Spring,,,0,0,0,0,,0,0,0,0,1
2022-05-01,2022,5,May,1,Sunday,6,17,2,1,Spring,,,0,0,0,0,,0,0,0,0,1
2022-05-02,2022,5,May,2,Monday,0,18,2,0,Spring,Early May bank holiday,england-and-wales | scotland,1,1,1,0,,0,0,0,0,1
2022-05-03,2022,5,May,3,Tuesday,1,18,2,0,Spring,,,0,0,0,0,,0,0,0,0,0
2022-05-04,2022,5,May,4,Wednesday,2,18,2,0,Spring,,,0,0,0,0,,0,0,0,0,0
2022-05-05,2022,5,May,5,Thursday,3,18,2,0,Spring,,,0,0,0,0,,0,0,0,0,0
2022-05-06,2022,5,May,6,Friday,4,18,2,0,Spring,,,0,0,0,0,,0,0,0,0,0
2022-05-07,2022,5,May,7,Saturday,5,18,2,1,Spring,,,0,0,0,0,,0,0,0,0,1
2022-05-08,2022,5,May,8,Sunday,6,18,2,1,Spring,,,0,0,0,0,,0,0,0,0,1
2022-05-09,2022,5,May,9,Monday,0,19,2,0,Spring,,,0,0,0,0,,0,0,0,0,0
2022-05-10,2022,5,May,10,Tuesday,1,19,2,0,Spring,,,0,0,0,0,,0,0,0,0,0
2022-05-11,2022,5,May,11,Wednesday,2,19,2,0,Spring,,,0,0,0,0,,0,0,0,0,0
2022-05-12,2022,5,May,12,Thursday,3,19,2,0,Spring,,,0,0,0,0,,0,0,0,0,0
2022-05-13,2022,5,May,13,Friday,4,19,2,0,Spring,,,0,0,0,0,,0,0,0,0,0
2022-05-14,2022,5,May,14,Saturday,5,19,2,1,Spring,,,0,0,0,0,,0,0,0,0,1
2022-05-15,2022,5,May,15,Sunday,6,19,2,1,Spring,,,0,0,0,0,,0,0,0,0,1
2022-05-16,2022,5,May,16,Monday,0,20,2,0,Spring,,,0,0,0,0,,0,0,0,0,0
2022-05-17,2022,5,May,17,Tuesday,1,20,2,0,Spring,,,0,0,0,0,,0,0,0,0,0
2022-05-18,2022,5,May,18,Wednesday,2,20,2,0,Spring,,,0,0,0,0,,0,0,0,0,0
2022-05-19,2022,5,May,19,Thursday,3,20,2,0,Spring,,,0,0,0,0,,0,0,0,0,0
2022-05-20,2022,5,May,20,Friday,4,20,2,0,Spring,,,0,0,0,0,,0,0,0,0,0
2022-05-21,2022,5,May,21,Saturday,5,20,2,1,Spring,,,0,0,0,0,,0,0,0,0,1
2022-05-22,2022,5,May,22,Sunday,6,20,2,1,Spring,,,0,0,0,0,,0,0,0,0,1
2022-05-23,2022,5,May,23,Monday,0,21,2,0,Spring,,,0,0,0,0,,0,0,0,0,0
2022-05-24,2022,5,May,24,Tuesday,1,21,2,0,Spring,,,0,0,0,0,,0,0,0,0,0
2022-05-25,2022,5,May,25,Wednesday,2,21,2,0,Spring,,,0,0,0,0,,0,0,0,0,0
2022-05-26,2022,5,May,26,Thursday,3,21,2,0,Spring,,,0,0,0,0,,0,0,0,0,0
2022-05-27,2022,5,May,27,Friday,4,21,2,0,Spring,,,0,0,0,0,,0,0,0,0,0
2022-05-28,2022,5,May,28,Saturday,5,21,2,1,Spring,,,0,0,0,0,,0,0,0,0,1
2022-05-29,2022,5,May,29,Sunday,6,21,2,1,Spring,,,0,0,0,0,,0,0,0,0,1
2022-05-30,2022,5,May,30,Monday,0,22,2,0,Spring,,,0,0,0,0,,0,0,0,0,0
2022-05-31,2022,5,May,31,Tuesday,1,22,2,0,Spring,,,0,0,0,0,,0,0,0,0,0
2022-06-01,2022,6,June,1,Wednesday,2,22,2,0,Summer,,,0,0,0,0,,0,0,0,0,0
2022-06-02,2022,6,June,2,Thursday,3,22,2,0,Summer,Spring bank holiday,england-and-wales | scotland,1,1,1,0,,0,0,0,0,1
2022-06-03,2022,6,June,3,Friday,4,22,2,0,Summer,Platinum Jubilee bank holiday,england-and-wales | scotland,1,1,1,0,,0,0,0,0,1
2022-06-04,2022,6,June,4,Saturday,5,22,2,1,Summer,,,0,0,0,0,,0,0,0,0,1
2022-06-05,2022,6,June,5,Sunday,6,22,2,1,Summer,,,0,0,0,0,,0,0,0,0,1
2022-06-06,2022,6,June,6,Monday,0,23,2,0,Summer,,,0,0,0,0,,0,0,0,0,0
2022-06-07,2022,6,June,7,Tuesday,1,23,2,0,Summer,,,0,0,0,0,,0,0,0,0,0
2022-06-08,2022,6,June,8,Wednesday,2,23,2,0,Summer,,,0,0,0,0,,0,0,0,0,0
2022-06-09,2022,6,June,9,Thursday,3,23,2,0,Summer,,,0,0,0,0,,0,0,0,0,0
2022-06-10,2022,6,June,10,Friday,4,23,2,0,Summer,,,0,0,0,0,,0,0,0,0,0
2022-06-11,2022,6,June,11,Saturday,5,23,2,1,Summer,,,0,0,0,0,,0,0,0,0,1
2022-06-12,2022,6,June,12,Sunday,6,23,2,1,Summer,,,0,0,0,0,,0,0,0,0,1
2022-06-13,2022,6,June,13,Monday,0,24,2,0,Summer,,,0,0,0,0,,0,0,0,0,0
2022-06-14,2022,6,June,14,Tuesday,1,24,2,0,Summer,,,0,0,0,0,,0,0,0,0,0
2022-06-15,2022,6,June,15,Wednesday,2,24,2,0,Summer,,,0,0,0,0,,0,0,0,0,0
2022-06-16,2022,6,June,16,Thursday,3,24,2,0,Summer,,,0,0,0,0,,0,0,0,0,0
2022-06-17,2022,6,June,17,Friday,4,24,2,0,Summer,,,0,0,0,0,,0,0,0,0,0
2022-06-18,2022,6,June,18,Saturday,5,24,2,1,Summer,,,0,0,0,0,,0,0,0,0,1
2022-06-19,2022,6,June,19,Sunday,6,24,2,1,Summer,,,0,0,0,0,,0,0,0,0,1
2022-06-20,2022,6,June,20,Monday,0,25,2,0,Summer,,,0,0,0,0,,0,0,0,0,0
2022-06-21,2022,6,June,21,Tuesday,1,25,2,0,Summer,,,0,0,0,0,,0,0,0,0,0
2022-06-22,2022,6,June,22,Wednesday,2,25,2,0,Summer,,,0,0,0,0,,0,0,0,0,0
2022-06-23,2022,6,June,23,Thursday,3,25,2,0,Summer,,,0,0,0,0,,0,0,0,0,0
2022-06-24,2022,6,June,24,Friday,4,25,2,0,Summer,,,0,0,0,0,,0,0,0,0,0
2022-06-25,2022,6,June,25,Saturday,5,25,2,1,Summer,,,0,0,0,0,,0,0,0,0,1
2022-06-26,2022,6,June,26,Sunday,6,25,2,1,Summer,,,0,0,0,0,,0,0,0,0,1
2022-06-27,2022,6,June,27,Monday,0,26,2,0,Summer,,,0,0,0,0,,0,0,0,0,0
2022-06-28,2022,6,June,28,Tuesday,1,26,2,0,Summer,,,0,0,0,0,,0,0,0,0,0
2022-06-29,2022,6,June,29,Wednesday,2,26,2,0,Summer,,,0,0,0,0,,0,0,0,0,0
2022-06-30,2022,6,June,30,Thursday,3,26,2,0,Summer,,,0,0,0,0,,0,0,0,0,0
2022-07-01,2022,7,July,1,Friday,4,26,3,0,Summer,,,0,0,0,0,,0,0,0,0,0
2022-07-02,2022,7,July,2,Saturday,5,26,3,1,Summer,,,0,0,0,0,,0,0,0,0,1
2022-07-03,2022,7,July,3,Sunday,6,26,3,1,Summer,,,0,0,0,0,,0,0,0,0,1
2022-07-04,2022,7,July,4,Monday,0,27,3,0,Summer,,,0,0,0,0,,0,0,0,0,0
2022-07-05,2022,7,July,5,Tuesday,1,27,3,0,Summer,,,0,0,0,0,,0,0,0,0,0
2022-07-06,2022,7,July,6,Wednesday,2,27,3,0,Summer,,,0,0,0,0,,0,0,0,0,0
2022-07-07,2022,7,July,7,Thursday,3,27,3,0,Summer,,,0,0,0,0,,0,0,0,0,0
2022-07-08,2022,7,July,8,Friday,4,27,3,0,Summer,,,0,0,0,0,,0,0,0,0,0
2022-07-09,2022,7,July,9,Saturday,5,27,3,1,Summer,,,0,0,0,0,,0,0,0,0,1
2022-07-10,2022,7,July,10,Sunday,6,27,3,1,Summer,,,0,0,0,0,,0,0,0,0,1
2022-07-11,2022,7,July,11,Monday,0,28,3,0,Summer,,,0,0,0,0,,0,0,0,0,0
2022-07-12,2022,7,July,12,Tuesday,1,28,3,0,Summer,,,0,0,0,0,,0,0,0,0,0
2022-07-13,2022,7,July,13,Wednesday,2,28,3,0,Summer,,,0,0,0,0,,0,0,0,0,0
2022-07-14,2022,7,July,14,Thursday,3,28,3,0,Summer,,,0,0,0,0,,0,0,0,0,0
2022-07-15,2022,7,July,15,Friday,4,28,3,0,Summer,,,0,0,0,0,,0,0,0,0,0
2022-07-16,2022,7,July,16,Saturday,5,28,3,1,Summer,,,0,0,0,0,,0,0,0,0,1
2022-07-17,2022,7,July,17,Sunday,6,28,3,1,Summer,,,0,0,0,0,,0,0,0,0,1
2022-07-18,2022,7,July,18,Monday,0,29,3,0,Summer,,,0,0,0,0,,0,0,0,0,0
2022-07-19,2022,7,July,19,Tuesday,1,29,3,0,Summer,,,0,0,0,0,,0,0,0,0,0
2022-07-20,2022,7,July,20,Wednesday,2,29,3,0,Summer,,,0,0,0,0,,0,0,0,0,0
2022-07-21,2022,7,July,21,Thursday,3,29,3,0,Summer,,,0,0,0,0,,0,0,0,0,0
2022-07-22,2022,7,July,22,Friday,4,29,3,0,Summer,,,0,0,0,0,,0,0,0,0,0
2022-07-23,2022,7,July,23,Saturday,5,29,3,1,Summer,,,0,0,0,0,,0,0,0,0,1
2022-07-24,2022,7,July,24,Sunday,6,29,3,1,Summer,,,0,0,0,0,,0,0,0,0,1
2022-07-25,2022,7,July,25,Monday,0,30,3,0,Summer,,,0,0,0,0,,0,0,0,0,0
2022-07-26,2022,7,July,26,Tuesday,1,30,3,0,Summer,,,0,0,0,0,,0,0,0,0,0
2022-07-27,2022,7,July,27,Wednesday,2,30,3,0,Summer,,,0,0,0,0,,0,0,0,0,0
2022-07-28,2022,7,July,28,Thursday,3,30,3,0,Summer,,,0,0,0,0,,0,0,0,0,0
2022-07-29,2022,7,July,29,Friday,4,30,3,0,Summer,,,0,0,0,0,,0,0,0,0,0
2022-07-30,2022,7,July,30,Saturday,5,30,3,1,Summer,,,0,0,0,0,,0,0,0,0,1
2022-07-31,2022,7,July,31,Sunday,6,30,3,1,Summer,,,0,0,0,0,,0,0,0,0,1
2022-08-01,2022,8,August,1,Monday,0,31,3,0,Summer,Summer bank holiday,scotland,0,1,1,0,,0,0,0,0,1
2022-08-02,2022,8,August,2,Tuesday,1,31,3,0,Summer,,,0,0,0,0,,0,0,0,0,0
2022-08-03,2022,8,August,3,Wednesday,2,31,3,0,Summer,,,0,0,0,0,,0,0,0,0,0
2022-08-04,2022,8,August,4,Thursday,3,31,3,0,Summer,,,0,0,0,0,,0,0,0,0,0
2022-08-05,2022,8,August,5,Friday,4,31,3,0,Summer,,,0,0,0,0,,0,0,0,0,0
2022-08-06,2022,8,August,6,Saturday,5,31,3,1,Summer,,,0,0,0,0,,0,0,0,0,1
2022-08-07,2022,8,August,7,Sunday,6,31,3,1,Summer,,,0,0,0,0,,0,0,0,0,1
2022-08-08,2022,8,August,8,Monday,0,32,3,0,Summer,,,0,0,0,0,,0,0,0,0,0
2022-08-09,2022,8,August,9,Tuesday,1,32,3,0,Summer,,,0,0,0,0,,0,0,0,0,0
2022-08-10,2022,8,August,10,Wednesday,2,32,3,0,Summer,,,0,0,0,0,,0,0,0,0,0
2022-08-11,2022,8,August,11,Thursday,3,32,3,0,Summer,,,0,0,0,0,,0,0,0,0,0
2022-08-12,2022,8,August,12,Friday,4,32,3,0,Summer,,,0,0,0,0,,0,0,0,0,0
2022-08-13,2022,8,August,13,Saturday,5,32,3,1,Summer,,,0,0,0,0,,0,0,0,0,1
2022-08-14,2022,8,August,14,Sunday,6,32,3,1,Summer,,,0,0,0,0,,0,0,0,0,1
2022-08-15,2022,8,August,15,Monday,0,33,3,0,Summer,,,0,0,0,0,,0,0,0,0,0
2022-08-16,2022,8,August,16,Tuesday,1,33,3,0,Summer,,,0,0,0,0,,0,0,0,0,0
2022-08-17,2022,8,August,17,Wednesday,2,33,3,0,Summer,,,0,0,0,0,,0,0,0,0,0
2022-08-18,2022,8,August,18,Thursday,3,33,3,0,Summer,,,0,0,0,0,,0,0,0,0,0
2022-08-19,2022,8,August,19,Friday,4,33,3,0,Summer,,,0,0,0,0,,0,0,0,0,0
2022-08-20,2022,8,August,20,Saturday,5,33,3,1,Summer,,,0,0,0,0,,0,0,0,0,1
2022-08-21,2022,8,August,21,Sunday,6,33,3,1,Summer,,,0,0,0,0,,0,0,0,0,1
2022-08-22,2022,8,August,22,Monday,0,34,3,0,Summer,,,0,0,0,0,,0,0,0,0,0
2022-08-23,2022,8,August,23,Tuesday,1,34,3,0,Summer,,,0,0,0,0,,0,0,0,0,0
2022-08-24,2022,8,August,24,Wednesday,2,34,3,0,Summer,,,0,0,0,0,,0,0,0,0,0
2022-08-25,2022,8,August,25,Thursday,3,34,3,0,Summer,,,0,0,0,0,,0,0,0,0,0
2022-08-26,2022,8,August,26,Friday,4,34,3,0,Summer,,,0,0,0,0,,0,0,0,0,0
2022-08-27,2022,8,August,27,Saturday,5,34,3,1,Summer,,,0,0,0,0,,0,0,0,0,1
2022-08-28,2022,8,August,28,Sunday,6,34,3,1,Summer,,,0,0,0,0,,0,0,0,0,1
2022-08-29,2022,8,August,29,Monday,0,35,3,0,Summer,Summer bank holiday,england-and-wales,1,0,1,0,,0,0,0,0,1
2022-08-30,2022,8,August,30,Tuesday,1,35,3,0,Summer,,,0,0,0,0,,0,0,0,0,0
2022-08-31,2022,8,August,31,Wednesday,2,35,3,0,Summer,,,0,0,0,0,,0,0,0,0,0
2022-09-01,2022,9,September,1,Thursday,3,35,3,0,Autumn,,,0,0,0,0,,0,0,0,0,0
2022-09-02,2022,9,September,2,Friday,4,35,3,0,Autumn,,,0,0,0,0,,0,0,0,0,0
2022-09-03,2022,9,September,3,Saturday,5,35,3,1,Autumn,,,0,0,0,0,,0,0,0,0,1
2022-09-04,2022,9,September,4,Sunday,6,35,3,1,Autumn,,,0,0,0,0,,0,0,0,0,1
2022-09-05,2022,9,September,5,Monday,0,36,3,0,Autumn,,,0,0,0,0,,0,0,0,0,0
2022-09-06,2022,9,September,6,Tuesday,1,36,3,0,Autumn,,,0,0,0,0,,0,0,0,0,0
2022-09-07,2022,9,September,7,Wednesday,2,36,3,0,Autumn,,,0,0,0,0,,0,0,0,0,0
2022-09-08,2022,9,September,8,Thursday,3,36,3,0,Autumn,,,0,0,0,0,,0,0,0,0,0
2022-09-09,2022,9,September,9,Friday,4,36,3,0,Autumn,,,0,0,0,0,,0,0,0,0,0
2022-09-10,2022,9,September,10,Saturday,5,36,3,1,Autumn,,,0,0,0,0,,0,0,0,0,1
2022-09-11,2022,9,September,11,Sunday,6,36,3,1,Autumn,,,0,0,0,0,,0,0,0,0,1
2022-09-12,2022,9,September,12,Monday,0,37,3,0,Autumn,,,0,0,0,0,,0,0,0,0,0
2022-09-13,2022,9,September,13,Tuesday,1,37,3,0,Autumn,,,0,0,0,0,,0,0,0,0,0
2022-09-14,2022,9,September,14,Wednesday,2,37,3,0,Autumn,,,0,0,0,0,,0,0,0,0,0
2022-09-15,2022,9,September,15,Thursday,3,37,3,0,Autumn,,,0,0,0,0,,0,0,0,0,0
2022-09-16,2022,9,September,16,Friday,4,37,3,0,Autumn,,,0,0,0,0,,0,0,0,0,0
2022-09-17,2022,9,September,17,Saturday,5,37,3,1,Autumn,,,0,0,0,0,,0,0,0,0,1
2022-09-18,2022,9,September,18,Sunday,6,37,3,1,Autumn,,,0,0,0,0,,0,0,0,0,1
2022-09-19,2022,9,September,19,Monday,0,38,3,0,Autumn,Bank Holiday for the State Funeral of Queen Elizabeth II,england-and-wales | scotland,1,1,1,0,,0,0,0,0,1
2022-09-20,2022,9,September,20,Tuesday,1,38,3,0,Autumn,,,0,0,0,0,,0,0,0,0,0
2022-09-21,2022,9,September,21,Wednesday,2,38,3,0,Autumn,,,0,0,0,0,,0,0,0,0,0
2022-09-22,2022,9,September,22,Thursday,3,38,3,0,Autumn,,,0,0,0,0,,0,0,0,0,0
2022-09-23,2022,9,September,23,Friday,4,38,3,0,Autumn,,,0,0,0,0,,0,0,0,0,0
2022-09-24,2022,9,September,24,Saturday,5,38,3,1,Autumn,,,0,0,0,0,,0,0,0,0,1
2022-09-25,2022,9,September,25,Sunday,6,38,3,1,Autumn,,,0,0,0,0,,0,0,0,0,1
2022-09-26,2022,9,September,26,Monday,0,39,3,0,Autumn,,,0,0,0,0,,0,0,0,0,0
2022-09-27,2022,9,September,27,Tuesday,1,39,3,0,Autumn,,,0,0,0,0,,0,0,0,0,0
2022-09-28,2022,9,September,28,Wednesday,2,39,3,0,Autumn,,,0,0,0,0,,0,0,0,0,0
2022-09-29,2022,9,September,29,Thursday,3,39,3,0,Autumn,,,0,0,0,0,,0,0,0,0,0
2022-09-30,2022,9,September,30,Friday,4,39,3,0,Autumn,,,0,0,0,0,,0,0,0,0,0
2022-10-01,2022,10,October,1,Saturday,5,39,4,1,Autumn,,,0,0,0,0,,0,0,0,0,1
2022-10-02,2022,10,October,2,Sunday,6,39,4,1,Autumn,,,0,0,0,0,,0,0,0,0,1
2022-10-03,2022,10,October,3,Monday,0,40,4,0,Autumn,,,0,0,0,0,,0,0,0,0,0
2022-10-04,2022,10,October,4,Tuesday,1,40,4,0,Autumn,,,0,0,0,0,,0,0,0,0,0
2022-10-05,2022,10,October,5,Wednesday,2,40,4,0,Autumn,,,0,0,0,0,,0,0,0,0,0
2022-10-06,2022,10,October,6,Thursday,3,40,4,0,Autumn,,,0,0,0,0,,0,0,0,0,0
2022-10-07,2022,10,October,7,Friday,4,40,4,0,Autumn,,,0,0,0,0,,0,0,0,0,0
2022-10-08,2022,10,October,8,Saturday,5,40,4,1,Autumn,,,0,0,0,0,,0,0,0,0,1
2022-10-09,2022,10,October,9,Sunday,6,40,4,1,Autumn,,,0,0,0,0,,0,0,0,0,1
2022-10-10,2022,10,October,10,Monday,0,41,4,0,Autumn,,,0,0,0,0,,0,0,0,0,0
2022-10-11,2022,10,October,11,Tuesday,1,41,4,0,Autumn,,,0,0,0,0,,0,0,0,0,0
2022-10-12,2022,10,October,12,Wednesday,2,41,4,0,Autumn,,,0,0,0,0,,0,0,0,0,0
2022-10-13,2022,10,October,13,Thursday,3,41,4,0,Autumn,,,0,0,0,0,,0,0,0,0,0
2022-10-14,2022,10,October,14,Friday,4,41,4,0,Autumn,,,0,0,0,0,,0,0,0,0,0
2022-10-15,2022,10,October,15,Saturday,5,41,4,1,Autumn,,,0,0,0,0,,0,0,0,0,1
2022-10-16,2022,10,October,16,Sunday,6,41,4,1,Autumn,,,0,0,0,0,,0,0,0,0,1
2022-10-17,2022,10,October,17,Monday,0,42,4,0,Autumn,,,0,0,0,0,,0,0,0,0,0
2022-10-18,2022,10,October,18,Tuesday,1,42,4,0,Autumn,,,0,0,0,0,,0,0,0,0,0
2022-10-19,2022,10,October,19,Wednesday,2,42,4,0,Autumn,,,0,0,0,0,,0,0,0,0,0
2022-10-20,2022,10,October,20,Thursday,3,42,4,0,Autumn,,,0,0,0,0,,0,0,0,0,0
2022-10-21,2022,10,October,21,Friday,4,42,4,0,Autumn,,,0,0,0,0,,0,0,0,0,0
2022-10-22,2022,10,October,22,Saturday,5,42,4,1,Autumn,,,0,0,0,0,,0,0,0,0,1
2022-10-23,2022,10,October,23,Sunday,6,42,4,1,Autumn,,,0,0,0,0,,0,0,0,0,1
2022-10-24,2022,10,October,24,Monday,0,43,4,0,Autumn,,,0,0,0,0,,0,0,0,0,0
2022-10-25,2022,10,October,25,Tuesday,1,43,4,0,Autumn,,,0,0,0,0,,0,0,0,0,0
2022-10-26,2022,10,October,26,Wednesday,2,43,4,0,Autumn,,,0,0,0,0,,0,0,0,0,0
2022-10-27,2022,10,October,27,Thursday,3,43,4,0,Autumn,,,0,0,0,0,,0,0,0,0,0
2022-10-28,2022,10,October,28,Friday,4,43,4,0,Autumn,,,0,0,0,0,,0,0,0,0,0
2022-10-29,2022,10,October,29,Saturday,5,43,4,1,Autumn,,,0,0,0,0,,0,0,0,0,1
2022-10-30,2022,10,October,30,Sunday,6,43,4,1,Autumn,,,0,0,0,0,,0,0,0,0,1
2022-10-31,2022,10,October,31,Monday,0,44,4,0,Autumn,,,0,0,0,0,,0,0,0,0,0
2022-11-01,2022,11,November,1,Tuesday,1,44,4,0,Autumn,,,0,0,0,0,,0,0,0,0,0
2022-11-02,2022,11,November,2,Wednesday,2,44,4,0,Autumn,,,0,0,0,0,,0,0,0,0,0
2022-11-03,2022,11,November,3,Thursday,3,44,4,0,Autumn,,,0,0,0,0,,0,0,0,0,0
2022-11-04,2022,11,November,4,Friday,4,44,4,0,Autumn,,,0,0,0,0,,0,0,0,0,0
2022-11-05,2022,11,November,5,Saturday,5,44,4,1,Autumn,,,0,0,0,0,,0,0,0,0,1
2022-11-06,2022,11,November,6,Sunday,6,44,4,1,Autumn,,,0,0,0,0,,0,0,0,0,1
2022-11-07,2022,11,November,7,Monday,0,45,4,0,Autumn,,,0,0,0,0,,0,0,0,0,0
2022-11-08,2022,11,November,8,Tuesday,1,45,4,0,Autumn,,,0,0,0,0,,0,0,0,0,0
2022-11-09,2022,11,November,9,Wednesday,2,45,4,0,Autumn,,,0,0,0,0,,0,0,0,0,0
2022-11-10,2022,11,November,10,Thursday,3,45,4,0,Autumn,,,0,0,0,0,,0,0,0,0,0
2022-11-11,2022,11,November,11,Friday,4,45,4,0,Autumn,,,0,0,0,0,,0,0,0,0,0
2022-11-12,2022,11,November,12,Saturday,5,45,4,1,Autumn,,,0,0,0,0,,0,0,0,0,1
2022-11-13,2022,11,November,13,Sunday,6,45,4,1,Autumn,,,0,0,0,0,,0,0,0,0,1
2022-11-14,2022,11,November,14,Monday,0,46,4,0,Autumn,,,0,0,0,0,,0,0,0,0,0
2022-11-15,2022,11,November,15,Tuesday,1,46,4,0,Autumn,,,0,0,0,0,,0,0,0,0,0
2022-11-16,2022,11,November,16,Wednesday,2,46,4,0,Autumn,,,0,0,0,0,,0,0,0,0,0
2022-11-17,2022,11,November,17,Thursday,3,46,4,0,Autumn,,,0,0,0,0,,0,0,0,0,0
2022-11-18,2022,11,November,18,Friday,4,46,4,0,Autumn,,,0,0,0,0,,0,0,0,0,0
2022-11-19,2022,11,November,19,Saturday,5,46,4,1,Autumn,,,0,0,0,0,,0,0,0,0,1
2022-11-20,2022,11,November,20,Sunday,6,46,4,1,Autumn,,,0,0,0,0,,0,0,0,0,1
2022-11-21,2022,11,November,21,Monday,0,47,4,0,Autumn,,,0,0,0,0,,0,0,0,0,0
2022-11-22,2022,11,November,22,Tuesday,1,47,4,0,Autumn,,,0,0,0,0,,0,0,0,0,0
2022-11-23,2022,11,November,23,Wednesday,2,47,4,0,Autumn,,,0,0,0,0,,0,0,0,0,0
2022-11-24,2022,11,November,24,Thursday,3,47,4,0,Autumn,,,0,0,0,0,,0,0,0,0,0
2022-11-25,2022,11,November,25,Friday,4,47,4,0,Autumn,,,0,0,0,0,,0,0,0,0,0
2022-11-26,2022,11,November,26,Saturday,5,47,4,1,Autumn,,,0,0,0,0,,0,0,0,0,1
2022-11-27,2022,11,November,27,Sunday,6,47,4,1,Autumn,,,0,0,0,0,,0,0,0,0,1
2022-11-28,2022,11,November,28,Monday,0,48,4,0,Autumn,,,0,0,0,0,,0,0,0,0,0
2022-11-29,2022,11,November,29,Tuesday,1,48,4,0,Autumn,,,0,0,0,0,,0,0,0,0,0
2022-11-30,2022,11,November,30,Wednesday,2,48,4,0,Autumn,St Andrew’s Day,scotland,0,1,1,0,,0,0,0,0,1
2022-12-01,2022,12,December,1,Thursday,3,48,4,0,Winter,,,0,0,0,0,,0,0,0,0,0
2022-12-02,2022,12,December,2,Friday,4,48,4,0,Winter,,,0,0,0,0,,0,0,0,0,0
2022-12-03,2022,12,December,3,Saturday,5,48,4,1,Winter,,,0,0,0,0,,0,0,0,0,1
2022-12-04,2022,12,December,4,Sunday,6,48,4,1,Winter,,,0,0,0,0,,0,0,0,0,1
2022-12-05,2022,12,December,5,Monday,0,49,4,0,Winter,,,0,0,0,0,,0,0,0,0,0
2022-12-06,2022,12,December,6,Tuesday,1,49,4,0,Winter,,,0,0,0,0,,0,0,0,0,0
2022-12-07,2022,12,December,7,Wednesday,2,49,4,0,Winter,,,0,0,0,0,,0,0,0,0,0
2022-12-08,2022,12,December,8,Thursday,3,49,4,0,Winter,,,0,0,0,0,,0,0,0,0,0
2022-12-09,2022,12,December,9,Friday,4,49,4,0,Winter,,,0,0,0,0,,0,0,0,0,0
2022-12-10,2022,12,December,10,Saturday,5,49,4,1,Winter,,,0,0,0,0,,0,0,0,0,1
2022-12-11,2022,12,December,11,Sunday,6,49,4,1,Winter,,,0,0,0,0,,0,0,0,0,1
2022-12-12,2022,12,December,12,Monday,0,50,4,0,Winter,,,0,0,0,0,,0,0,0,0,0
2022-12-13,2022,12,December,13,Tuesday,1,50,4,0,Winter,,,0,0,0,0,,0,0,0,0,0
2022-12-14,2022,12,December,14,Wednesday,2,50,4,0,Winter,,,0,0,0,0,,0,0,0,0,0
2022-12-15,2022,12,December,15,Thursday,3,50,4,0,Winter,,,0,0,0,0,,0,0,0,0,0
2022-12-16,2022,12,December,16,Friday,4,50,4,0,Winter,,,0,0,0,0,,0,0,0,0,0
2022-12-17,2022,12,December,17,Saturday,5,50,4,1,Winter,,,0,0,0,0,,0,0,0,0,1
2022-12-18,2022,12,December,18,Sunday,6,50,4,1,Winter,,,0,0,0,0,,0,0,0,0,1
2022-12-19,2022,12,December,19,Monday,0,51,4,0,Winter,,,0,0,0,0,,0,0,0,0,0
2022-12-20,2022,12,December,20,Tuesday,1,51,4,0,Winter,,,0,0,0,0,,0,0,0,0,0
2022-12-21,2022,12,December,21,Wednesday,2,51,4,0,Winter,,,0,0,0,0,,0,0,0,0,0
2022-12-22,2022,12,December,22,Thursday,3,51,4,0,Winter,,,0,0,0,0,,0,0,0,0,0
2022-12-23,2022,12,December,23,Friday,4,51,4,0,Winter,,,0,0,0,0,,0,0,0,0,0
2022-12-24,2022,12,December,24,Saturday,5,51,4,1,Winter,,,0,0,0,0,,0,0,0,0,1
2022-12-25,2022,12,December,25,Sunday,6,51,4,1,Winter,,,0,0,0,0,,0,0,0,0,1
2022-12-26,2022,12,December,26,Monday,0,52,4,0,Winter,Boxing Day,england-and-wales | scotland,1,1,1,0,,0,0,0,0,1
2022-12-27,2022,12,December,27,Tuesday,1,52,4,0,Winter,Christmas Day,england-and-wales | scotland,1,1,1,0,,0,0,0,0,1
2022-12-28,2022,12,December,28,Wednesday,2,52,4,0,Winter,,,0,0,0,0,,0,0,0,0,0
2022-12-29,2022,12,December,29,Thursday,3,52,4,0,Winter,,,0,0,0,0,,0,0,0,0,0
2022-12-30,2022,12,December,30,Friday,4,52,4,0,Winter,,,0,0,0,0,,0,0,0,0,0
2022-12-31,2022,12,December,31,Saturday,5,52,4,1,Winter,,,0,0,0,0,,0,0,0,0,1
2023-01-01,2023,1,January,1,Sunday,6,52,1,1,Winter,,,0,0,0,0,,0,0,0,0,1
2023-01-02,2023,1,January,2,Monday,0,1,1,0,Winter,New Year’s Day,england-and-wales | scotland,1,1,1,0,,0,0,0,0,1
2023-01-03,2023,1,January,3,Tuesday,1,1,1,0,Winter,2nd January,scotland,0,1,1,0,,0,0,0,0,1
2023-01-04,2023,1,January,4,Wednesday,2,1,1,0,Winter,,,0,0,0,0,,0,0,0,0,0
2023-01-05,2023,1,January,5,Thursday,3,1,1,0,Winter,,,0,0,0,0,,0,0,0,0,0
2023-01-06,2023,1,January,6,Friday,4,1,1,0,Winter,,,0,0,0,0,,0,0,0,0,0
2023-01-07,2023,1,January,7,Saturday,5,1,1,1,Winter,,,0,0,0,0,,0,0,0,0,1
2023-01-08,2023,1,January,8,Sunday,6,1,1,1,Winter,,,0,0,0,0,,0,0,0,0,1
2023-01-09,2023,1,January,9,Monday,0,2,1,0,Winter,,,0,0,0,0,,0,0,0,0,0
2023-01-10,2023,1,January,10,Tuesday,1,2,1,0,Winter,,,0,0,0,0,,0,0,0,0,0
2023-01-11,2023,1,January,11,Wednesday,2,2,1,0,Winter,,,0,0,0,0,,0,0,0,0,0
2023-01-12,2023,1,January,12,Thursday,3,2,1,0,Winter,,,0,0,0,0,,0,0,0,0,0
2023-01-13,2023,1,January,13,Friday,4,2,1,0,Winter,,,0,0,0,0,,0,0,0,0,0
2023-01-14,2023,1,January,14,Saturday,5,2,1,1,Winter,,,0,0,0,0,,0,0,0,0,1
2023-01-15,2023,1,January,15,Sunday,6,2,1,1,Winter,,,0,0,0,0,,0,0,0,0,1
2023-01-16,2023,1,January,16,Monday,0,3,1,0,Winter,,,0,0,0,0,,0,0,0,0,0
2023-01-17,2023,1,January,17,Tuesday,1,3,1,0,Winter,,,0,0,0,0,,0,0,0,0,0
2023-01-18,2023,1,January,18,Wednesday,2,3,1,0,Winter,,,0,0,0,0,,0,0,0,0,0
2023-01-19,2023,1,January,19,Thursday,3,3,1,0,Winter,,,0,0,0,0,,0,0,0,0,0
2023-01-20,2023,1,January,20,Friday,4,3,1,0,Winter,,,0,0,0,0,,0,0,0,0,0
2023-01-21,2023,1,January,21,Saturday,5,3,1,1,Winter,,,0,0,0,0,,0,0,0,0,1
2023-01-22,2023,1,January,22,Sunday,6,3,1,1,Winter,,,0,0,0,0,,0,0,0,0,1
2023-01-23,2023,1,January,23,Monday,0,4,1,0,Winter,,,0,0,0,0,,0,0,0,0,0
2023-01-24,2023,1,January,24,Tuesday,1,4,1,0,Winter,,,0,0,0,0,,0,0,0,0,0
2023-01-25,2023,1,January,25,Wednesday,2,4,1,0,Winter,,,0,0,0,0,,0,0,0,0,0
2023-01-26,2023,1,January,26,Thursday,3,4,1,0,Winter,,,0,0,0,0,,0,0,0,0,0
2023-01-27,2023,1,January,27,Friday,4,4,1,0,Winter,,,0,0,0,0,,0,0,0,0,0
2023-01-28,2023,1,January,28,Saturday,5,4,1,1,Winter,,,0,0,0,0,,0,0,0,0,1
2023-01-29,2023,1,January,29,Sunday,6,4,1,1,Winter,,,0,0,0,0,,0,0,0,0,1
2023-01-30,2023,1,January,30,Monday,0,5,1,0,Winter,,,0,0,0,0,,0,0,0,0,0
2023-01-31,2023,1,January,31,Tuesday,1,5,1,0,Winter,,,0,0,0,0,,0,0,0,0,0
2023-02-01,2023,2,February,1,Wednesday,2,5,1,0,Winter,,,0,0,0,0,,0,0,0,0,0
2023-02-02,2023,2,February,2,Thursday,3,5,1,0,Winter,,,0,0,0,0,,0,0,0,0,0
2023-02-03,2023,2,February,3,Friday,4,5,1,0,Winter,,,0,0,0,0,,0,0,0,0,0
2023-02-04,2023,2,February,4,Saturday,5,5,1,1,Winter,,,0,0,0,0,,0,0,0,0,1
2023-02-05,2023,2,February,5,Sunday,6,5,1,1,Winter,,,0,0,0,0,,0,0,0,0,1
2023-02-06,2023,2,February,6,Monday,0,6,1,0,Winter,,,0,0,0,0,,0,0,0,0,0
2023-02-07,2023,2,February,7,Tuesday,1,6,1,0,Winter,,,0,0,0,0,,0,0,0,0,0
2023-02-08,2023,2,February,8,Wednesday,2,6,1,0,Winter,,,0,0,0,0,,0,0,0,0,0
2023-02-09,2023,2,February,9,Thursday,3,6,1,0,Winter,,,0,0,0,0,,0,0,0,0,0
2023-02-10,2023,2,February,10,Friday,4,6,1,0,Winter,,,0,0,0,0,,0,0,0,0,0
2023-02-11,2023,2,February,11,Saturday,5,6,1,1,Winter,,,0,0,0,0,,0,0,0,0,1
2023-02-12,2023,2,February,12,Sunday,6,6,1,1,Winter,,,0,0,0,0,,0,0,0,0,1
2023-02-13,2023,2,February,13,Monday,0,7,1,0,Winter,,,0,0,0,0,,0,0,0,0,0
2023-02-14,2023,2,February,14,Tuesday,1,7,1,0,Winter,,,0,0,0,0,,0,0,0,0,0
2023-02-15,2023,2,February,15,Wednesday,2,7,1,0,Winter,,,0,0,0,0,,0,0,0,0,0
2023-02-16,2023,2,February,16,Thursday,3,7,1,0,Winter,,,0,0,0,0,,0,0,0,0,0
2023-02-17,2023,2,February,17,Friday,4,7,1,0,Winter,,,0,0,0,0,,0,0,0,0,0
2023-02-18,2023,2,February,18,Saturday,5,7,1,1,Winter,,,0,0,0,0,,0,0,0,0,1
2023-02-19,2023,2,February,19,Sunday,6,7,1,1,Winter,,,0,0,0,0,,0,0,0,0,1
2023-02-20,2023,2,February,20,Monday,0,8,1,0,Winter,,,0,0,0,0,,0,0,0,0,0
2023-02-21,2023,2,February,21,Tuesday,1,8,1,0,Winter,,,0,0,0,0,,0,0,0,0,0
2023-02-22,2023,2,February,22,Wednesday,2,8,1,0,Winter,,,0,0,0,0,,0,0,0,0,0
2023-02-23,2023,2,February,23,Thursday,3,8,1,0,Winter,,,0,0,0,0,,0,0,0,0,0
2023-02-24,2023,2,February,24,Friday,4,8,1,0,Winter,,,0,0,0,0,,0,0,0,0,0
2023-02-25,2023,2,February,25,Saturday,5,8,1,1,Winter,,,0,0,0,0,,0,0,0,0,1
2023-02-26,2023,2,February,26,Sunday,6,8,1,1,Winter,,,0,0,0,0,,0,0,0,0,1
2023-02-27,2023,2,February,27,Monday,0,9,1,0,Winter,,,0,0,0,0,,0,0,0,0,0
2023-02-28,2023,2,February,28,Tuesday,1,9,1,0,Winter,,,0,0,0,0,,0,0,0,0,0
2023-03-01,2023,3,March,1,Wednesday,2,9,1,0,Spring,,,0,0,0,0,,0,0,0,0,0
2023-03-02,2023,3,March,2,Thursday,3,9,1,0,Spring,,,0,0,0,0,,0,0,0,0,0
2023-03-03,2023,3,March,3,Friday,4,9,1,0,Spring,,,0,0,0,0,,0,0,0,0,0
2023-03-04,2023,3,March,4,Saturday,5,9,1,1,Spring,,,0,0,0,0,,0,0,0,0,1
2023-03-05,2023,3,March,5,Sunday,6,9,1,1,Spring,,,0,0,0,0,,0,0,0,0,1
2023-03-06,2023,3,March,6,Monday,0,10,1,0,Spring,,,0,0,0,0,,0,0,0,0,0
2023-03-07,2023,3,March,7,Tuesday,1,10,1,0,Spring,,,0,0,0,0,,0,0,0,0,0
2023-03-08,2023,3,March,8,Wednesday,2,10,1,0,Spring,,,0,0,0,0,,0,0,0,0,0
2023-03-09,2023,3,March,9,Thursday,3,10,1,0,Spring,,,0,0,0,0,,0,0,0,0,0
2023-03-10,2023,3,March,10,Friday,4,10,1,0,Spring,,,0,0,0,0,,0,0,0,0,0
2023-03-11,2023,3,March,11,Saturday,5,10,1,1,Spring,,,0,0,0,0,,0,0,0,0,1
2023-03-12,2023,3,March,12,Sunday,6,10,1,1,Spring,,,0,0,0,0,,0,0,0,0,1
2023-03-13,2023,3,March,13,Monday,0,11,1,0,Spring,,,0,0,0,0,,0,0,0,0,0
2023-03-14,2023,3,March,14,Tuesday,1,11,1,0,Spring,,,0,0,0,0,,0,0,0,0,0
2023-03-15,2023,3,March,15,Wednesday,2,11,1,0,Spring,,,0,0,0,0,,0,0,0,0,0
2023-03-16,2023,3,March,16,Thursday,3,11,1,0,Spring,,,0,0,0,0,,0,0,0,0,0
2023-03-17,2023,3,March,17,Friday,4,11,1,0,Spring,,,0,0,0,0,,0,0,0,0,0
2023-03-18,2023,3,March,18,Saturday,5,11,1,1,Spring,,,0,0,0,0,,0,0,0,0,1
2023-03-19,2023,3,March,19,Sunday,6,11,1,1,Spring,,,0,0,0,0,,0,0,0,0,1
2023-03-20,2023,3,March,20,Monday,0,12,1,0,Spring,,,0,0,0,0,,0,0,0,0,0
2023-03-21,2023,3,March,21,Tuesday,1,12,1,0,Spring,,,0,0,0,0,,0,0,0,0,0
2023-03-22,2023,3,March,22,Wednesday,2,12,1,0,Spring,,,0,0,0,0,,0,0,0,0,0
2023-03-23,2023,3,March,23,Thursday,3,12,1,0,Spring,,,0,0,0,0,,0,0,0,0,0
2023-03-24,2023,3,March,24,Friday,4,12,1,0,Spring,,,0,0,0,0,,0,0,0,0,0
2023-03-25,2023,3,March,25,Saturday,5,12,1,1,Spring,,,0,0,0,0,,0,0,0,0,1
2023-03-26,2023,3,March,26,Sunday,6,12,1,1,Spring,,,0,0,0,0,,0,0,0,0,1
2023-03-27,2023,3,March,27,Monday,0,13,1,0,Spring,,,0,0,0,0,,0,0,0,0,0
2023-03-28,2023,3,March,28,Tuesday,1,13,1,0,Spring,,,0,0,0,0,,0,0,0,0,0
2023-03-29,2023,3,March,29,Wednesday,2,13,1,0,Spring,,,0,0,0,0,,0,0,0,0,0
2023-03-30,2023,3,March,30,Thursday,3,13,1,0,Spring,,,0,0,0,0,,0,0,0,0,0
2023-03-31,2023,3,March,31,Friday,4,13,1,0,Spring,,,0,0,0,0,,0,0,0,0,0
2023-04-01,2023,4,April,1,Saturday,5,13,2,1,Spring,,,0,0,0,0,,0,0,0,0,1
2023-04-02,2023,4,April,2,Sunday,6,13,2,1,Spring,,,0,0,0,0,,0,0,0,0,1
2023-04-03,2023,4,April,3,Monday,0,14,2,0,Spring,,,0,0,0,0,,0,0,0,0,0
2023-04-04,2023,4,April,4,Tuesday,1,14,2,0,Spring,,,0,0,0,0,,0,0,0,0,0
2023-04-05,2023,4,April,5,Wednesday,2,14,2,0,Spring,,,0,0,0,0,,0,0,0,0,0
2023-04-06,2023,4,April,6,Thursday,3,14,2,0,Spring,,,0,0,0,0,,0,0,0,0,0
2023-04-07,2023,4,April,7,Friday,4,14,2,0,Spring,Good Friday,england-and-wales | scotland,1,1,1,0,,0,0,0,0,1
2023-04-08,2023,4,April,8,Saturday,5,14,2,1,Spring,,,0,0,0,0,,0,0,0,0,1
2023-04-09,2023,4,April,9,Sunday,6,14,2,1,Spring,,,0,0,0,0,,0,0,0,0,1
2023-04-10,2023,4,April,10,Monday,0,15,2,0,Spring,Easter Monday,england-and-wales,1,0,1,0,,0,0,0,0,1
2023-04-11,2023,4,April,11,Tuesday,1,15,2,0,Spring,,,0,0,0,0,,0,0,0,0,0
2023-04-12,2023,4,April,12,Wednesday,2,15,2,0,Spring,,,0,0,0,0,,0,0,0,0,0
2023-04-13,2023,4,April,13,Thursday,3,15,2,0,Spring,,,0,0,0,0,,0,0,0,0,0
2023-04-14,2023,4,April,14,Friday,4,15,2,0,Spring,,,0,0,0,0,,0,0,0,0,0
2023-04-15,2023,4,April,15,Saturday,5,15,2,1,Spring,,,0,0,0,0,,0,0,0,0,1
2023-04-16,2023,4,April,16,Sunday,6,15,2,1,Spring,,,0,0,0,0,,0,0,0,0,1
2023-04-17,2023,4,April,17,Monday,0,16,2,0,Spring,,,0,0,0,0,,0,0,0,0,0
2023-04-18,2023,4,April,18,Tuesday,1,16,2,0,Spring,,,0,0,0,0,,0,0,0,0,0
2023-04-19,2023,4,April,19,Wednesday,2,16,2,0,Spring,,,0,0,0,0,,0,0,0,0,0
2023-04-20,2023,4,April,20,Thursday,3,16,2,0,Spring,,,0,0,0,0,,0,0,0,0,0
2023-04-21,2023,4,April,21,Friday,4,16,2,0,Spring,,,0,0,0,0,,0,0,0,0,0
2023-04-22,2023,4,April,22,Saturday,5,16,2,1,Spring,,,0,0,0,0,,0,0,0,0,1
2023-04-23,2023,4,April,23,Sunday,6,16,2,1,Spring,,,0,0,0,0,,0,0,0,0,1
2023-04-24,2023,4,April,24,Monday,0,17,2,0,Spring,,,0,0,0,0,,0,0,0,0,0
2023-04-25,2023,4,April,25,Tuesday,1,17,2,0,Spring,,,0,0,0,0,,0,0,0,0,0
2023-04-26,2023,4,April,26,Wednesday,2,17,2,0,Spring,,,0,0,0,0,,0,0,0,0,0
2023-04-27,2023,4,April,27,Thursday,3,17,2,0,Spring,,,0,0,0,0,,0,0,0,0,0
2023-04-28,2023,4,April,28,Friday,4,17,2,0,Spring,,,0,0,0,0,,0,0,0,0,0
2023-04-29,2023,4,April,29,Saturday,5,17,2,1,Spring,,,0,0,0,0,,0,0,0,0,1
2023-04-30,2023,4,April,30,Sunday,6,17,2,1,Spring,,,0,0,0,0,,0,0,0,0,1
2023-05-01,2023,5,May,1,Monday,0,18,2,0,Spring,Early May bank holiday,england-and-wales | scotland,1,1,1,0,,0,0,0,0,1
2023-05-02,2023,5,May,2,Tuesday,1,18,2,0,Spring,,,0,0,0,0,,0,0,0,0,0
2023-05-03,2023,5,May,3,Wednesday,2,18,2,0,Spring,,,0,0,0,0,,0,0,0,0,0
2023-05-04,2023,5,May,4,Thursday,3,18,2,0,Spring,,,0,0,0,0,,0,0,0,0,0
2023-05-05,2023,5,May,5,Friday,4,18,2,0,Spring,,,0,0,0,0,,0,0,0,0,0
2023-05-06,2023,5,May,6,Saturday,5,18,2,1,Spring,,,0,0,0,0,,0,0,0,0,1
2023-05-07,2023,5,May,7,Sunday,6,18,2,1,Spring,,,0,0,0,0,,0,0,0,0,1
2023-05-08,2023,5,May,8,Monday,0,19,2,0,Spring,Bank holiday for the coronation of King Charles III,england-and-wales | scotland,1,1,1,0,,0,0,0,0,1
2023-05-09,2023,5,May,9,Tuesday,1,19,2,0,Spring,,,0,0,0,0,,0,0,0,0,0
2023-05-10,2023,5,May,10,Wednesday,2,19,2,0,Spring,,,0,0,0,0,,0,0,0,0,0
2023-05-11,2023,5,May,11,Thursday,3,19,2,0,Spring,,,0,0,0,0,,0,0,0,0,0
2023-05-12,2023,5,May,12,Friday,4,19,2,0,Spring,,,0,0,0,0,,0,0,0,0,0
2023-05-13,2023,5,May,13,Saturday,5,19,2,1,Spring,,,0,0,0,0,,0,0,0,0,1
2023-05-14,2023,5,May,14,Sunday,6,19,2,1,Spring,,,0,0,0,0,,0,0,0,0,1
2023-05-15,2023,5,May,15,Monday,0,20,2,0,Spring,,,0,0,0,0,,0,0,0,0,0
2023-05-16,2023,5,May,16,Tuesday,1,20,2,0,Spring,,,0,0,0,0,,0,0,0,0,0
2023-05-17,2023,5,May,17,Wednesday,2,20,2,0,Spring,,,0,0,0,0,,0,0,0,0,0
2023-05-18,2023,5,May,18,Thursday,3,20,2,0,Spring,,,0,0,0,0,,0,0,0,0,0
2023-05-19,2023,5,May,19,Friday,4,20,2,0,Spring,,,0,0,0,0,,0,0,0,0,0
2023-05-20,2023,5,May,20,Saturday,5,20,2,1,Spring,,,0,0,0,0,,0,0,0,0,1
2023-05-21,2023,5,May,21,Sunday,6,20,2,1,Spring,,,0,0,0,0,,0,0,0,0,1
2023-05-22,2023,5,May,22,Monday,0,21,2,0,Spring,,,0,0,0,0,,0,0,0,0,0
2023-05-23,2023,5,May,23,Tuesday,1,21,2,0,Spring,,,0,0,0,0,,0,0,0,0,0
2023-05-24,2023,5,May,24,Wednesday,2,21,2,0,Spring,,,0,0,0,0,,0,0,0,0,0
2023-05-25,2023,5,May,25,Thursday,3,21,2,0,Spring,,,0,0,0,0,,0,0,0,0,0
2023-05-26,2023,5,May,26,Friday,4,21,2,0,Spring,,,0,0,0,0,,0,0,0,0,0
2023-05-27,2023,5,May,27,Saturday,5,21,2,1,Spring,,,0,0,0,0,,0,0,0,0,1
2023-05-28,2023,5,May,28,Sunday,6,21,2,1,Spring,,,0,0,0,0,,0,0,0,0,1
2023-05-29,2023,5,May,29,Monday,0,22,2,0,Spring,Spring bank holiday,england-and-wales | scotland,1,1,1,0,,0,0,0,0,1
2023-05-30,2023,5,May,30,Tuesday,1,22,2,0,Spring,,,0,0,0,0,,0,0,0,0,0
2023-05-31,2023,5,May,31,Wednesday,2,22,2,0,Spring,,,0,0,0,0,,0,0,0,0,0
2023-06-01,2023,6,June,1,Thursday,3,22,2,0,Summer,,,0,0,0,0,,0,0,0,0,0
2023-06-02,2023,6,June,2,Friday,4,22,2,0,Summer,,,0,0,0,0,,0,0,0,0,0
2023-06-03,2023,6,June,3,Saturday,5,22,2,1,Summer,,,0,0,0,0,,0,0,0,0,1
2023-06-04,2023,6,June,4,Sunday,6,22,2,1,Summer,,,0,0,0,0,,0,0,0,0,1
2023-06-05,2023,6,June,5,Monday,0,23,2,0,Summer,,,0,0,0,0,,0,0,0,0,0
2023-06-06,2023,6,June,6,Tuesday,1,23,2,0,Summer,,,0,0,0,0,,0,0,0,0,0
2023-06-07,2023,6,June,7,Wednesday,2,23,2,0,Summer,,,0,0,0,0,,0,0,0,0,0
2023-06-08,2023,6,June,8,Thursday,3,23,2,0,Summer,,,0,0,0,0,,0,0,0,0,0
2023-06-09,2023,6,June,9,Friday,4,23,2,0,Summer,,,0,0,0,0,,0,0,0,0,0
2023-06-10,2023,6,June,10,Saturday,5,23,2,1,Summer,,,0,0,0,0,,0,0,0,0,1
2023-06-11,2023,6,June,11,Sunday,6,23,2,1,Summer,,,0,0,0,0,,0,0,0,0,1
2023-06-12,2023,6,June,12,Monday,0,24,2,0,Summer,,,0,0,0,0,,0,0,0,0,0
2023-06-13,2023,6,June,13,Tuesday,1,24,2,0,Summer,,,0,0,0,0,,0,0,0,0,0
2023-06-14,2023,6,June,14,Wednesday,2,24,2,0,Summer,,,0,0,0,0,,0,0,0,0,0
2023-06-15,2023,6,June,15,Thursday,3,24,2,0,Summer,,,0,0,0,0,,0,0,0,0,0
2023-06-16,2023,6,June,16,Friday,4,24,2,0,Summer,,,0,0,0,0,,0,0,0,0,0
2023-06-17,2023,6,June,17,Saturday,5,24,2,1,Summer,,,0,0,0,0,,0,0,0,0,1
2023-06-18,2023,6,June,18,Sunday,6,24,2,1,Summer,,,0,0,0,0,,0,0,0,0,1
2023-06-19,2023,6,June,19,Monday,0,25,2,0,Summer,,,0,0,0,0,,0,0,0,0,0
2023-06-20,2023,6,June,20,Tuesday,1,25,2,0,Summer,,,0,0,0,0,,0,0,0,0,0
2023-06-21,2023,6,June,21,Wednesday,2,25,2,0,Summer,,,0,0,0,0,,0,0,0,0,0
2023-06-22,2023,6,June,22,Thursday,3,25,2,0,Summer,,,0,0,0,0,,0,0,0,0,0
2023-06-23,2023,6,June,23,Friday,4,25,2,0,Summer,,,0,0,0,0,,0,0,0,0,0
2023-06-24,2023,6,June,24,Saturday,5,25,2,1,Summer,,,0,0,0,0,,0,0,0,0,1
2023-06-25,2023,6,June,25,Sunday,6,25,2,1,Summer,,,0,0,0,0,,0,0,0,0,1
2023-06-26,2023,6,June,26,Monday,0,26,2,0,Summer,,,0,0,0,0,,0,0,0,0,0
2023-06-27,2023,6,June,27,Tuesday,1,26,2,0,Summer,,,0,0,0,0,,0,0,0,0,0
2023-06-28,2023,6,June,28,Wednesday,2,26,2,0,Summer,,,0,0,0,0,,0,0,0,0,0
2023-06-29,2023,6,June,29,Thursday,3,26,2,0,Summer,,,0,0,0,0,,0,0,0,0,0
2023-06-30,2023,6,June,30,Friday,4,26,2,0,Summer,,,0,0,0,0,,0,0,0,0,0
2023-07-01,2023,7,July,1,Saturday,5,26,3,1,Summer,,,0,0,0,0,,0,0,0,0,1
2023-07-02,2023,7,July,2,Sunday,6,26,3,1,Summer,,,0,0,0,0,,0,0,0,0,1
2023-07-03,2023,7,July,3,Monday,0,27,3,0,Summer,,,0,0,0,0,,0,0,0,0,0
2023-07-04,2023,7,July,4,Tuesday,1,27,3,0,Summer,,,0,0,0,0,,0,0,0,0,0
2023-07-05,2023,7,July,5,Wednesday,2,27,3,0,Summer,,,0,0,0,0,,0,0,0,0,0
2023-07-06,2023,7,July,6,Thursday,3,27,3,0,Summer,,,0,0,0,0,,0,0,0,0,0
2023-07-07,2023,7,July,7,Friday,4,27,3,0,Summer,,,0,0,0,0,,0,0,0,0,0
2023-07-08,2023,7,July,8,Saturday,5,27,3,1,Summer,,,0,0,0,0,,0,0,0,0,1
2023-07-09,2023,7,July,9,Sunday,6,27,3,1,Summer,,,0,0,0,0,,0,0,0,0,1
2023-07-10,2023,7,July,10,Monday,0,28,3,0,Summer,,,0,0,0,0,,0,0,0,0,0
2023-07-11,2023,7,July,11,Tuesday,1,28,3,0,Summer,,,0,0,0,0,,0,0,0,0,0
2023-07-12,2023,7,July,12,Wednesday,2,28,3,0,Summer,,,0,0,0,0,,0,0,0,0,0
2023-07-13,2023,7,July,13,Thursday,3,28,3,0,Summer,,,0,0,0,0,,0,0,0,0,0
2023-07-14,2023,7,July,14,Friday,4,28,3,0,Summer,,,0,0,0,0,,0,0,0,0,0
2023-07-15,2023,7,July,15,Saturday,5,28,3,1,Summer,,,0,0,0,0,,0,0,0,0,1
2023-07-16,2023,7,July,16,Sunday,6,28,3,1,Summer,,,0,0,0,0,,0,0,0,0,1
2023-07-17,2023,7,July,17,Monday,0,29,3,0,Summer,,,0,0,0,0,,0,0,0,0,0
2023-07-18,2023,7,July,18,Tuesday,1,29,3,0,Summer,,,0,0,0,0,,0,0,0,0,0
2023-07-19,2023,7,July,19,Wednesday,2,29,3,0,Summer,,,0,0,0,0,,0,0,0,0,0
2023-07-20,2023,7,July,20,Thursday,3,29,3,0,Summer,,,0,0,0,0,,0,0,0,0,0
2023-07-21,2023,7,July,21,Friday,4,29,3,0,Summer,,,0,0,0,0,,0,0,0,0,0
2023-07-22,2023,7,July,22,Saturday,5,29,3,1,Summer,,,0,0,0,0,,0,0,0,0,1
2023-07-23,2023,7,July,23,Sunday,6,29,3,1,Summer,,,0,0,0,0,,0,0,0,0,1
2023-07-24,2023,7,July,24,Monday,0,30,3,0,Summer,,,0,0,0,0,,0,0,0,0,0
2023-07-25,2023,7,July,25,Tuesday,1,30,3,0,Summer,,,0,0,0,0,,0,0,0,0,0
2023-07-26,2023,7,July,26,Wednesday,2,30,3,0,Summer,,,0,0,0,0,,0,0,0,0,0
2023-07-27,2023,7,July,27,Thursday,3,30,3,0,Summer,,,0,0,0,0,,0,0,0,0,0
2023-07-28,2023,7,July,28,Friday,4,30,3,0,Summer,,,0,0,0,0,,0,0,0,0,0
2023-07-29,2023,7,July,29,Saturday,5,30,3,1,Summer,,,0,0,0,0,,0,0,0,0,1
2023-07-30,2023,7,July,30,Sunday,6,30,3,1,Summer,,,0,0,0,0,,0,0,0,0,1
2023-07-31,2023,7,July,31,Monday,0,31,3,0,Summer,,,0,0,0,0,,0,0,0,0,0
2023-08-01,2023,8,August,1,Tuesday,1,31,3,0,Summer,,,0,0,0,0,,0,0,0,0,0
2023-08-02,2023,8,August,2,Wednesday,2,31,3,0,Summer,,,0,0,0,0,,0,0,0,0,0
2023-08-03,2023,8,August,3,Thursday,3,31,3,0,Summer,,,0,0,0,0,,0,0,0,0,0
2023-08-04,2023,8,August,4,Friday,4,31,3,0,Summer,,,0,0,0,0,,0,0,0,0,0
2023-08-05,2023,8,August,5,Saturday,5,31,3,1,Summer,,,0,0,0,0,,0,0,0,0,1
2023-08-06,2023,8,August,6,Sunday,6,31,3,1,Summer,,,0,0,0,0,,0,0,0,0,1
2023-08-07,2023,8,August,7,Monday,0,32,3,0,Summer,Summer bank holiday,scotland,0,1,1,0,,0,0,0,0,1
2023-08-08,2023,8,August,8,Tuesday,1,32,3,0,Summer,,,0,0,0,0,,0,0,0,0,0
2023-08-09,2023,8,August,9,Wednesday,2,32,3,0,Summer,,,0,0,0,0,,0,0,0,0,0
2023-08-10,2023,8,August,10,Thursday,3,32,3,0,Summer,,,0,0,0,0,,0,0,0,0,0
2023-08-11,2023,8,August,11,Friday,4,32,3,0,Summer,,,0,0,0,0,,0,0,0,0,0
2023-08-12,2023,8,August,12,Saturday,5,32,3,1,Summer,,,0,0,0,0,,0,0,0,0,1
2023-08-13,2023,8,August,13,Sunday,6,32,3,1,Summer,,,0,0,0,0,,0,0,0,0,1
2023-08-14,2023,8,August,14,Monday,0,33,3,0,Summer,,,0,0,0,0,,0,0,0,0,0
2023-08-15,2023,8,August,15,Tuesday,1,33,3,0,Summer,,,0,0,0,0,,0,0,0,0,0
2023-08-16,2023,8,August,16,Wednesday,2,33,3,0,Summer,,,0,0,0,0,,0,0,0,0,0
2023-08-17,2023,8,August,17,Thursday,3,33,3,0,Summer,,,0,0,0,0,,0,0,0,0,0
2023-08-18,2023,8,August,18,Friday,4,33,3,0,Summer,,,0,0,0,0,,0,0,0,0,0
2023-08-19,2023,8,August,19,Saturday,5,33,3,1,Summer,,,0,0,0,0,,0,0,0,0,1
2023-08-20,2023,8,August,20,Sunday,6,33,3,1,Summer,,,0,0,0,0,,0,0,0,0,1
2023-08-21,2023,8,August,21,Monday,0,34,3,0,Summer,,,0,0,0,0,,0,0,0,0,0
2023-08-22,2023,8,August,22,Tuesday,1,34,3,0,Summer,,,0,0,0,0,,0,0,0,0,0
2023-08-23,2023,8,August,23,Wednesday,2,34,3,0,Summer,,,0,0,0,0,,0,0,0,0,0
2023-08-24,2023,8,August,24,Thursday,3,34,3,0,Summer,,,0,0,0,0,,0,0,0,0,0
2023-08-25,2023,8,August,25,Friday,4,34,3,0,Summer,,,0,0,0,0,,0,0,0,0,0
2023-08-26,2023,8,August,26,Saturday,5,34,3,1,Summer,,,0,0,0,0,,0,0,0,0,1
2023-08-27,2023,8,August,27,Sunday,6,34,3,1,Summer,,,0,0,0,0,,0,0,0,0,1
2023-08-28,2023,8,August,28,Monday,0,35,3,0,Summer,Summer bank holiday,england-and-wales,1,0,1,0,,0,0,0,0,1
2023-08-29,2023,8,August,29,Tuesday,1,35,3,0,Summer,,,0,0,0,0,,0,0,0,0,0
2023-08-30,2023,8,August,30,Wednesday,2,35,3,0,Summer,,,0,0,0,0,,0,0,0,0,0
2023-08-31,2023,8,August,31,Thursday,3,35,3,0,Summer,,,0,0,0,0,,0,0,0,0,0
2023-09-01,2023,9,September,1,Friday,4,35,3,0,Autumn,,,0,0,0,0,,0,0,0,0,0
2023-09-02,2023,9,September,2,Saturday,5,35,3,1,Autumn,,,0,0,0,0,,0,0,0,0,1
2023-09-03,2023,9,September,3,Sunday,6,35,3,1,Autumn,,,0,0,0,0,,0,0,0,0,1
2023-09-04,2023,9,September,4,Monday,0,36,3,0,Autumn,,,0,0,0,0,,0,0,0,0,0
2023-09-05,2023,9,September,5,Tuesday,1,36,3,0,Autumn,,,0,0,0,0,,0,0,0,0,0
2023-09-06,2023,9,September,6,Wednesday,2,36,3,0,Autumn,,,0,0,0,0,,0,0,0,0,0
2023-09-07,2023,9,September,7,Thursday,3,36,3,0,Autumn,,,0,0,0,0,,0,0,0,0,0
2023-09-08,2023,9,September,8,Friday,4,36,3,0,Autumn,,,0,0,0,0,,0,0,0,0,0
2023-09-09,2023,9,September,9,Saturday,5,36,3,1,Autumn,,,0,0,0,0,,0,0,0,0,1
2023-09-10,2023,9,September,10,Sunday,6,36,3,1,Autumn,,,0,0,0,0,,0,0,0,0,1
2023-09-11,2023,9,September,11,Monday,0,37,3,0,Autumn,,,0,0,0,0,,0,0,0,0,0
2023-09-12,2023,9,September,12,Tuesday,1,37,3,0,Autumn,,,0,0,0,0,,0,0,0,0,0
2023-09-13,2023,9,September,13,Wednesday,2,37,3,0,Autumn,,,0,0,0,0,,0,0,0,0,0
2023-09-14,2023,9,September,14,Thursday,3,37,3,0,Autumn,,,0,0,0,0,,0,0,0,0,0
2023-09-15,2023,9,September,15,Friday,4,37,3,0,Autumn,,,0,0,0,0,,0,0,0,0,0
2023-09-16,2023,9,September,16,Saturday,5,37,3,1,Autumn,,,0,0,0,0,,0,0,0,0,1
2023-09-17,2023,9,September,17,Sunday,6,37,3,1,Autumn,,,0,0,0,0,,0,0,0,0,1
2023-09-18,2023,9,September,18,Monday,0,38,3,0,Autumn,,,0,0,0,0,,0,0,0,0,0
2023-09-19,2023,9,September,19,Tuesday,1,38,3,0,Autumn,,,0,0,0,0,,0,0,0,0,0
2023-09-20,2023,9,September,20,Wednesday,2,38,3,0,Autumn,,,0,0,0,0,,0,0,0,0,0
2023-09-21,2023,9,September,21,Thursday,3,38,3,0,Autumn,,,0,0,0,0,,0,0,0,0,0
2023-09-22,2023,9,September,22,Friday,4,38,3,0,Autumn,,,0,0,0,0,,0,0,0,0,0
2023-09-23,2023,9,September,23,Saturday,5,38,3,1,Autumn,,,0,0,0,0,,0,0,0,0,1
2023-09-24,2023,9,September,24,Sunday,6,38,3,1,Autumn,,,0,0,0,0,,0,0,0,0,1
2023-09-25,2023,9,September,25,Monday,0,39,3,0,Autumn,,,0,0,0,0,,0,0,0,0,0
2023-09-26,2023,9,September,26,Tuesday,1,39,3,0,Autumn,,,0,0,0,0,,0,0,0,0,0
2023-09-27,2023,9,September,27,Wednesday,2,39,3,0,Autumn,,,0,0,0,0,,0,0,0,0,0
2023-09-28,2023,9,September,28,Thursday,3,39,3,0,Autumn,,,0,0,0,0,,0,0,0,0,0
2023-09-29,2023,9,September,29,Friday,4,39,3,0,Autumn,,,0,0,0,0,,0,0,0,0,0
2023-09-30,2023,9,September,30,Saturday,5,39,3,1,Autumn,,,0,0,0,0,,0,0,0,0,1
2023-10-01,2023,10,October,1,Sunday,6,39,4,1,Autumn,,,0,0,0,0,,0,0,0,0,1
2023-10-02,2023,10,October,2,Monday,0,40,4,0,Autumn,,,0,0,0,0,,0,0,0,0,0
2023-10-03,2023,10,October,3,Tuesday,1,40,4,0,Autumn,,,0,0,0,0,,0,0,0,0,0
2023-10-04,2023,10,October,4,Wednesday,2,40,4,0,Autumn,,,0,0,0,0,,0,0,0,0,0
2023-10-05,2023,10,October,5,Thursday,3,40,4,0,Autumn,,,0,0,0,0,,0,0,0,0,0
2023-10-06,2023,10,October,6,Friday,4,40,4,0,Autumn,,,0,0,0,0,,0,0,0,0,0
2023-10-07,2023,10,October,7,Saturday,5,40,4,1,Autumn,,,0,0,0,0,,0,0,0,0,1
2023-10-08,2023,10,October,8,Sunday,6,40,4,1,Autumn,,,0,0,0,0,,0,0,0,0,1
2023-10-09,2023,10,October,9,Monday,0,41,4,0,Autumn,,,0,0,0,0,,0,0,0,0,0
2023-10-10,2023,10,October,10,Tuesday,1,41,4,0,Autumn,,,0,0,0,0,,0,0,0,0,0
2023-10-11,2023,10,October,11,Wednesday,2,41,4,0,Autumn,,,0,0,0,0,,0,0,0,0,0
2023-10-12,2023,10,October,12,Thursday,3,41,4,0,Autumn,,,0,0,0,0,,0,0,0,0,0
2023-10-13,2023,10,October,13,Friday,4,41,4,0,Autumn,,,0,0,0,0,,0,0,0,0,0
2023-10-14,2023,10,October,14,Saturday,5,41,4,1,Autumn,,,0,0,0,0,,0,0,0,0,1
2023-10-15,2023,10,October,15,Sunday,6,41,4,1,Autumn,,,0,0,0,0,,0,0,0,0,1
2023-10-16,2023,10,October,16,Monday,0,42,4,0,Autumn,,,0,0,0,0,,0,0,0,0,0
2023-10-17,2023,10,October,17,Tuesday,1,42,4,0,Autumn,,,0,0,0,0,,0,0,0,0,0
2023-10-18,2023,10,October,18,Wednesday,2,42,4,0,Autumn,,,0,0,0,0,,0,0,0,0,0
2023-10-19,2023,10,October,19,Thursday,3,42,4,0,Autumn,,,0,0,0,0,,0,0,0,0,0
2023-10-20,2023,10,October,20,Friday,4,42,4,0,Autumn,,,0,0,0,0,,0,0,0,0,0
2023-10-21,2023,10,October,21,Saturday,5,42,4,1,Autumn,,,0,0,0,0,,0,0,0,0,1
2023-10-22,2023,10,October,22,Sunday,6,42,4,1,Autumn,,,0,0,0,0,,0,0,0,0,1
2023-10-23,2023,10,October,23,Monday,0,43,4,0,Autumn,,,0,0,0,0,,0,0,0,0,0
2023-10-24,2023,10,October,24,Tuesday,1,43,4,0,Autumn,,,0,0,0,0,,0,0,0,0,0
2023-10-25,2023,10,October,25,Wednesday,2,43,4,0,Autumn,,,0,0,0,0,,0,0,0,0,0
2023-10-26,2023,10,October,26,Thursday,3,43,4,0,Autumn,,,0,0,0,0,,0,0,0,0,0
2023-10-27,2023,10,October,27,Friday,4,43,4,0,Autumn,,,0,0,0,0,,0,0,0,0,0
2023-10-28,2023,10,October,28,Saturday,5,43,4,1,Autumn,,,0,0,0,0,,0,0,0,0,1
2023-10-29,2023,10,October,29,Sunday,6,43,4,1,Autumn,,,0,0,0,0,,0,0,0,0,1
2023-10-30,2023,10,October,30,Monday,0,44,4,0,Autumn,,,0,0,0,0,,0,0,0,0,0
2023-10-31,2023,10,October,31,Tuesday,1,44,4,0,Autumn,,,0,0,0,0,,0,0,0,0,0
2023-11-01,2023,11,November,1,Wednesday,2,44,4,0,Autumn,,,0,0,0,0,,0,0,0,0,0
2023-11-02,2023,11,November,2,Thursday,3,44,4,0,Autumn,,,0,0,0,0,,0,0,0,0,0
2023-11-03,2023,11,November,3,Friday,4,44,4,0,Autumn,,,0,0,0,0,,0,0,0,0,0
2023-11-04,2023,11,November,4,Saturday,5,44,4,1,Autumn,,,0,0,0,0,,0,0,0,0,1
2023-11-05,2023,11,November,5,Sunday,6,44,4,1,Autumn,,,0,0,0,0,,0,0,0,0,1
2023-11-06,2023,11,November,6,Monday,0,45,4,0,Autumn,,,0,0,0,0,,0,0,0,0,0
2023-11-07,2023,11,November,7,Tuesday,1,45,4,0,Autumn,,,0,0,0,0,,0,0,0,0,0
2023-11-08,2023,11,November,8,Wednesday,2,45,4,0,Autumn,,,0,0,0,0,,0,0,0,0,0
2023-11-09,2023,11,November,9,Thursday,3,45,4,0,Autumn,,,0,0,0,0,,0,0,0,0,0
2023-11-10,2023,11,November,10,Friday,4,45,4,0,Autumn,,,0,0,0,0,,0,0,0,0,0
2023-11-11,2023,11,November,11,Saturday,5,45,4,1,Autumn,,,0,0,0,0,,0,0,0,0,1
2023-11-12,2023,11,November,12,Sunday,6,45,4,1,Autumn,,,0,0,0,0,,0,0,0,0,1
2023-11-13,2023,11,November,13,Monday,0,46,4,0,Autumn,,,0,0,0,0,,0,0,0,0,0
2023-11-14,2023,11,November,14,Tuesday,1,46,4,0,Autumn,,,0,0,0,0,,0,0,0,0,0
2023-11-15,2023,11,November,15,Wednesday,2,46,4,0,Autumn,,,0,0,0,0,,0,0,0,0,0
2023-11-16,2023,11,November,16,Thursday,3,46,4,0,Autumn,,,0,0,0,0,,0,0,0,0,0
2023-11-17,2023,11,November,17,Friday,4,46,4,0,Autumn,,,0,0,0,0,,0,0,0,0,0
2023-11-18,2023,11,November,18,Saturday,5,46,4,1,Autumn,,,0,0,0,0,,0,0,0,0,1
2023-11-19,2023,11,November,19,Sunday,6,46,4,1,Autumn,,,0,0,0,0,,0,0,0,0,1
2023-11-20,2023,11,November,20,Monday,0,47,4,0,Autumn,,,0,0,0,0,,0,0,0,0,0
2023-11-21,2023,11,November,21,Tuesday,1,47,4,0,Autumn,,,0,0,0,0,,0,0,0,0,0
2023-11-22,2023,11,November,22,Wednesday,2,47,4,0,Autumn,,,0,0,0,0,,0,0,0,0,0
2023-11-23,2023,11,November,23,Thursday,3,47,4,0,Autumn,,,0,0,0,0,,0,0,0,0,0
2023-11-24,2023,11,November,24,Friday,4,47,4,0,Autumn,,,0,0,0,0,,0,0,0,0,0
2023-11-25,2023,11,November,25,Saturday,5,47,4,1,Autumn,,,0,0,0,0,,0,0,0,0,1
2023-11-26,2023,11,November,26,Sunday,6,47,4,1,Autumn,,,0,0,0,0,,0,0,0,0,1
2023-11-27,2023,11,November,27,Monday,0,48,4,0,Autumn,,,0,0,0,0,,0,0,0,0,0
2023-11-28,2023,11,November,28,Tuesday,1,48,4,0,Autumn,,,0,0,0,0,,0,0,0,0,0
2023-11-29,2023,11,November,29,Wednesday,2,48,4,0,Autumn,,,0,0,0,0,,0,0,0,0,0
2023-11-30,2023,11,November,30,Thursday,3,48,4,0,Autumn,St Andrew’s Day,scotland,0,1,1,0,,0,0,0,0,1
2023-12-01,2023,12,December,1,Friday,4,48,4,0,Winter,,,0,0,0,0,,0,0,0,0,0
2023-12-02,2023,12,December,2,Saturday,5,48,4,1,Winter,,,0,0,0,0,,0,0,0,0,1
2023-12-03,2023,12,December,3,Sunday,6,48,4,1,Winter,,,0,0,0,0,,0,0,0,0,1
2023-12-04,2023,12,December,4,Monday,0,49,4,0,Winter,,,0,0,0,0,,0,0,0,0,0
2023-12-05,2023,12,December,5,Tuesday,1,49,4,0,Winter,,,0,0,0,0,,0,0,0,0,0
2023-12-06,2023,12,December,6,Wednesday,2,49,4,0,Winter,,,0,0,0,0,,0,0,0,0,0
2023-12-07,2023,12,December,7,Thursday,3,49,4,0,Winter,,,0,0,0,0,,0,0,0,0,0
2023-12-08,2023,12,December,8,Friday,4,49,4,0,Winter,,,0,0,0,0,,0,0,0,0,0
2023-12-09,2023,12,December,9,Saturday,5,49,4,1,Winter,,,0,0,0,0,,0,0,0,0,1
2023-12-10,2023,12,December,10,Sunday,6,49,4,1,Winter,,,0,0,0,0,,0,0,0,0,1
2023-12-11,2023,12,December,11,Monday,0,50,4,0,Winter,,,0,0,0,0,,0,0,0,0,0
2023-12-12,2023,12,December,12,Tuesday,1,50,4,0,Winter,,,0,0,0,0,,0,0,0,0,0
2023-12-13,2023,12,December,13,Wednesday,2,50,4,0,Winter,,,0,0,0,0,,0,0,0,0,0
2023-12-14,2023,12,December,14,Thursday,3,50,4,0,Winter,,,0,0,0,0,,0,0,0,0,0
2023-12-15,2023,12,December,15,Friday,4,50,4,0,Winter,,,0,0,0,0,,0,0,0,0,0
2023-12-16,2023,12,December,16,Saturday,5,50,4,1,Winter,,,0,0,0,0,,0,0,0,0,1
2023-12-17,2023,12,December,17,Sunday,6,50,4,1,Winter,,,0,0,0,0,,0,0,0,0,1
2023-12-18,2023,12,December,18,Monday,0,51,4,0,Winter,,,0,0,0,0,,0,0,0,0,0
2023-12-19,2023,12,December,19,Tuesday,1,51,4,0,Winter,,,0,0,0,0,,0,0,0,0,0
2023-12-20,2023,12,December,20,Wednesday,2,51,4,0,Winter,,,0,0,0,0,,0,0,0,0,0
2023-12-21,2023,12,December,21,Thursday,3,51,4,0,Winter,,,0,0,0,0,,0,0,0,0,0
2023-12-22,2023,12,December,22,Friday,4,51,4,0,Winter,,,0,0,0,0,,0,0,0,0,0
2023-12-23,2023,12,December,23,Saturday,5,51,4,1,Winter,,,0,0,0,0,,0,0,0,0,1
2023-12-24,2023,12,December,24,Sunday,6,51,4,1,Winter,,,0,0,0,0,,0,0,0,0,1
2023-12-25,2023,12,December,25,Monday,0,52,4,0,Winter,Christmas Day,england-and-wales | scotland,1,1,1,0,,0,0,0,0,1
2023-12-26,2023,12,December,26,Tuesday,1,52,4,0,Winter,Boxing Day,england-and-wales | scotland,1,1,1,0,,0,0,0,0,1
2023-12-27,2023,12,December,27,Wednesday,2,52,4,0,Winter,,,0,0,0,0,,0,0,0,0,0
2023-12-28,2023,12,December,28,Thursday,3,52,4,0,Winter,,,0,0,0,0,,0,0,0,0,0
2023-12-29,2023,12,December,29,Friday,4,52,4,0,Winter,,,0,0,0,0,,0,0,0,0,0
2023-12-30,2023,12,December,30,Saturday,5,52,4,1,Winter,,,0,0,0,0,,0,0,0,0,1
2023-12-31,2023,12,December,31,Sunday,6,52,4,1,Winter,,,0,0,0,0,,0,0,0,0,1
2024-01-01,2024,1,January,1,Monday,0,1,1,0,Winter,New Year’s Day,england-and-wales | scotland,1,1,1,0,,0,0,0,0,1
2024-01-02,2024,1,January,2,Tuesday,1,1,1,0,Winter,2nd January,scotland,0,1,1,0,,0,0,0,0,1
2024-01-03,2024,1,January,3,Wednesday,2,1,1,0,Winter,,,0,0,0,0,,0,0,0,0,0
2024-01-04,2024,1,January,4,Thursday,3,1,1,0,Winter,,,0,0,0,0,,0,0,0,0,0
2024-01-05,2024,1,January,5,Friday,4,1,1,0,Winter,,,0,0,0,0,,0,0,0,0,0
2024-01-06,2024,1,January,6,Saturday,5,1,1,1,Winter,,,0,0,0,0,,0,0,0,0,1
2024-01-07,2024,1,January,7,Sunday,6,1,1,1,Winter,,,0,0,0,0,,0,0,0,0,1
2024-01-08,2024,1,January,8,Monday,0,2,1,0,Winter,,,0,0,0,0,,0,0,0,0,0
2024-01-09,2024,1,January,9,Tuesday,1,2,1,0,Winter,,,0,0,0,0,,0,0,0,0,0
2024-01-10,2024,1,January,10,Wednesday,2,2,1,0,Winter,,,0,0,0,0,,0,0,0,0,0
2024-01-11,2024,1,January,11,Thursday,3,2,1,0,Winter,,,0,0,0,0,,0,0,0,0,0
2024-01-12,2024,1,January,12,Friday,4,2,1,0,Winter,,,0,0,0,0,,0,0,0,0,0
2024-01-13,2024,1,January,13,Saturday,5,2,1,1,Winter,,,0,0,0,0,,0,0,0,0,1
2024-01-14,2024,1,January,14,Sunday,6,2,1,1,Winter,,,0,0,0,0,,0,0,0,0,1
2024-01-15,2024,1,January,15,Monday,0,3,1,0,Winter,,,0,0,0,0,,0,0,0,0,0
2024-01-16,2024,1,January,16,Tuesday,1,3,1,0,Winter,,,0,0,0,0,,0,0,0,0,0
2024-01-17,2024,1,January,17,Wednesday,2,3,1,0,Winter,,,0,0,0,0,,0,0,0,0,0
2024-01-18,2024,1,January,18,Thursday,3,3,1,0,Winter,,,0,0,0,0,,0,0,0,0,0
2024-01-19,2024,1,January,19,Friday,4,3,1,0,Winter,,,0,0,0,0,,0,0,0,0,0
2024-01-20,2024,1,January,20,Saturday,5,3,1,1,Winter,,,0,0,0,0,,0,0,0,0,1
2024-01-21,2024,1,January,21,Sunday,6,3,1,1,Winter,,,0,0,0,0,,0,0,0,0,1
2024-01-22,2024,1,January,22,Monday,0,4,1,0,Winter,,,0,0,0,0,,0,0,0,0,0
2024-01-23,2024,1,January,23,Tuesday,1,4,1,0,Winter,,,0,0,0,0,,0,0,0,0,0
2024-01-24,2024,1,January,24,Wednesday,2,4,1,0,Winter,,,0,0,0,0,,0,0,0,0,0
2024-01-25,2024,1,January,25,Thursday,3,4,1,0,Winter,,,0,0,0,0,,0,0,0,0,0
2024-01-26,2024,1,January,26,Friday,4,4,1,0,Winter,,,0,0,0,0,,0,0,0,0,0
2024-01-27,2024,1,January,27,Saturday,5,4,1,1,Winter,,,0,0,0,0,,0,0,0,0,1
2024-01-28,2024,1,January,28,Sunday,6,4,1,1,Winter,,,0,0,0,0,,0,0,0,0,1
2024-01-29,2024,1,January,29,Monday,0,5,1,0,Winter,,,0,0,0,0,,0,0,0,0,0
2024-01-30,2024,1,January,30,Tuesday,1,5,1,0,Winter,,,0,0,0,0,,0,0,0,0,0
2024-01-31,2024,1,January,31,Wednesday,2,5,1,0,Winter,,,0,0,0,0,,0,0,0,0,0
2024-02-01,2024,2,February,1,Thursday,3,5,1,0,Winter,,,0,0,0,0,,0,0,0,0,0
2024-02-02,2024,2,February,2,Friday,4,5,1,0,Winter,,,0,0,0,0,,0,0,0,0,0
2024-02-03,2024,2,February,3,Saturday,5,5,1,1,Winter,,,0,0,0,0,,0,0,0,0,1
2024-02-04,2024,2,February,4,Sunday,6,5,1,1,Winter,,,0,0,0,0,,0,0,0,0,1
2024-02-05,2024,2,February,5,Monday,0,6,1,0,Winter,,,0,0,0,0,,0,0,0,0,0
2024-02-06,2024,2,February,6,Tuesday,1,6,1,0,Winter,,,0,0,0,0,,0,0,0,0,0
2024-02-07,2024,2,February,7,Wednesday,2,6,1,0,Winter,,,0,0,0,0,,0,0,0,0,0
2024-02-08,2024,2,February,8,Thursday,3,6,1,0,Winter,,,0,0,0,0,,0,0,0,0,0
2024-02-09,2024,2,February,9,Friday,4,6,1,0,Winter,,,0,0,0,0,,0,0,0,0,0
2024-02-10,2024,2,February,10,Saturday,5,6,1,1,Winter,,,0,0,0,0,,0,0,0,0,1
2024-02-11,2024,2,February,11,Sunday,6,6,1,1,Winter,,,0,0,0,0,,0,0,0,0,1
2024-02-12,2024,2,February,12,Monday,0,7,1,0,Winter,,,0,0,0,0,,0,0,0,0,0
2024-02-13,2024,2,February,13,Tuesday,1,7,1,0,Winter,,,0,0,0,0,,0,0,0,0,0
2024-02-14,2024,2,February,14,Wednesday,2,7,1,0,Winter,,,0,0,0,0,,0,0,0,0,0
2024-02-15,2024,2,February,15,Thursday,3,7,1,0,Winter,,,0,0,0,0,,0,0,0,0,0
2024-02-16,2024,2,February,16,Friday,4,7,1,0,Winter,,,0,0,0,0,,0,0,0,0,0
2024-02-17,2024,2,February,17,Saturday,5,7,1,1,Winter,,,0,0,0,0,,0,0,0,0,1
2024-02-18,2024,2,February,18,Sunday,6,7,1,1,Winter,,,0,0,0,0,,0,0,0,0,1
2024-02-19,2024,2,February,19,Monday,0,8,1,0,Winter,,,0,0,0,0,,0,0,0,0,0
2024-02-20,2024,2,February,20,Tuesday,1,8,1,0,Winter,,,0,0,0,0,,0,0,0,0,0
2024-02-21,2024,2,February,21,Wednesday,2,8,1,0,Winter,,,0,0,0,0,,0,0,0,0,0
2024-02-22,2024,2,February,22,Thursday,3,8,1,0,Winter,,,0,0,0,0,,0,0,0,0,0
2024-02-23,2024,2,February,23,Friday,4,8,1,0,Winter,,,0,0,0,0,,0,0,0,0,0
2024-02-24,2024,2,February,24,Saturday,5,8,1,1,Winter,,,0,0,0,0,,0,0,0,0,1
2024-02-25,2024,2,February,25,Sunday,6,8,1,1,Winter,,,0,0,0,0,,0,0,0,0,1
2024-02-26,2024,2,February,26,Monday,0,9,1,0,Winter,,,0,0,0,0,,0,0,0,0,0
2024-02-27,2024,2,February,27,Tuesday,1,9,1,0,Winter,,,0,0,0,0,,0,0,0,0,0
2024-02-28,2024,2,February,28,Wednesday,2,9,1,0,Winter,,,0,0,0,0,,0,0,0,0,0
2024-02-29,2024,2,February,29,Thursday,3,9,1,0,Winter,,,0,0,0,0,,0,0,0,0,0
2024-03-01,2024,3,March,1,Friday,4,9,1,0,Spring,,,0,0,0,0,,0,0,0,0,0
2024-03-02,2024,3,March,2,Saturday,5,9,1,1,Spring,,,0,0,0,0,,0,0,0,0,1
2024-03-03,2024,3,March,3,Sunday,6,9,1,1,Spring,,,0,0,0,0,,0,0,0,0,1
2024-03-04,2024,3,March,4,Monday,0,10,1,0,Spring,,,0,0,0,0,,0,0,0,0,0
2024-03-05,2024,3,March,5,Tuesday,1,10,1,0,Spring,,,0,0,0,0,,0,0,0,0,0
2024-03-06,2024,3,March,6,Wednesday,2,10,1,0,Spring,,,0,0,0,0,,0,0,0,0,0
2024-03-07,2024,3,March,7,Thursday,3,10,1,0,Spring,,,0,0,0,0,,0,0,0,0,0
2024-03-08,2024,3,March,8,Friday,4,10,1,0,Spring,,,0,0,0,0,,0,0,0,0,0
2024-03-09,2024,3,March,9,Saturday,5,10,1,1,Spring,,,0,0,0,0,,0,0,0,0,1
2024-03-10,2024,3,March,10,Sunday,6,10,1,1,Spring,,,0,0,0,0,,0,0,0,0,1
2024-03-11,2024,3,March,11,Monday,0,11,1,0,Spring,,,0,0,0,0,,0,0,0,0,0
2024-03-12,2024,3,March,12,Tuesday,1,11,1,0,Spring,,,0,0,0,0,,0,0,0,0,0
2024-03-13,2024,3,March,13,Wednesday,2,11,1,0,Spring,,,0,0,0,0,,0,0,0,0,0
2024-03-14,2024,3,March,14,Thursday,3,11,1,0,Spring,,,0,0,0,0,,0,0,0,0,0
2024-03-15,2024,3,March,15,Friday,4,11,1,0,Spring,,,0,0,0,0,,0,0,0,0,0
2024-03-16,2024,3,March,16,Saturday,5,11,1,1,Spring,,,0,0,0,0,,0,0,0,0,1
2024-03-17,2024,3,March,17,Sunday,6,11,1,1,Spring,,,0,0,0,0,,0,0,0,0,1
2024-03-18,2024,3,March,18,Monday,0,12,1,0,Spring,,,0,0,0,0,,0,0,0,0,0
2024-03-19,2024,3,March,19,Tuesday,1,12,1,0,Spring,,,0,0,0,0,,0,0,0,0,0
2024-03-20,2024,3,March,20,Wednesday,2,12,1,0,Spring,,,0,0,0,0,,0,0,0,0,0
2024-03-21,2024,3,March,21,Thursday,3,12,1,0,Spring,,,0,0,0,0,,0,0,0,0,0
2024-03-22,2024,3,March,22,Friday,4,12,1,0,Spring,,,0,0,0,0,,0,0,0,0,0
2024-03-23,2024,3,March,23,Saturday,5,12,1,1,Spring,,,0,0,0,0,,0,0,0,0,1
2024-03-24,2024,3,March,24,Sunday,6,12,1,1,Spring,,,0,0,0,0,,0,0,0,0,1
2024-03-25,2024,3,March,25,Monday,0,13,1,0,Spring,,,0,0,0,0,,0,0,0,0,0
2024-03-26,2024,3,March,26,Tuesday,1,13,1,0,Spring,,,0,0,0,0,,0,0,0,0,0
2024-03-27,2024,3,March,27,Wednesday,2,13,1,0,Spring,,,0,0,0,0,,0,0,0,0,0
2024-03-28,2024,3,March,28,Thursday,3,13,1,0,Spring,,,0,0,0,0,,0,0,0,0,0
2024-03-29,2024,3,March,29,Friday,4,13,1,0,Spring,Good Friday,england-and-wales | scotland,1,1,1,0,,0,0,0,0,1
2024-03-30,2024,3,March,30,Saturday,5,13,1,1,Spring,,,0,0,0,0,,0,0,0,0,1
2024-03-31,2024,3,March,31,Sunday,6,13,1,1,Spring,,,0,0,0,0,,0,0,0,0,1
2024-04-01,2024,4,April,1,Monday,0,14,2,0,Spring,Easter Monday,england-and-wales,1,0,1,0,,0,0,0,0,1
2024-04-02,2024,4,April,2,Tuesday,1,14,2,0,Spring,,,0,0,0,0,,0,0,0,0,0
2024-04-03,2024,4,April,3,Wednesday,2,14,2,0,Spring,,,0,0,0,0,,0,0,0,0,0
2024-04-04,2024,4,April,4,Thursday,3,14,2,0,Spring,,,0,0,0,0,,0,0,0,0,0
2024-04-05,2024,4,April,5,Friday,4,14,2,0,Spring,,,0,0,0,0,,0,0,0,0,0
2024-04-06,2024,4,April,6,Saturday,5,14,2,1,Spring,,,0,0,0,0,,0,0,0,0,1
2024-04-07,2024,4,April,7,Sunday,6,14,2,1,Spring,,,0,0,0,0,,0,0,0,0,1
2024-04-08,2024,4,April,8,Monday,0,15,2,0,Spring,,,0,0,0,0,,0,0,0,0,0
2024-04-09,2024,4,April,9,Tuesday,1,15,2,0,Spring,,,0,0,0,0,,0,0,0,0,0
2024-04-10,2024,4,April,10,Wednesday,2,15,2,0,Spring,,,0,0,0,0,,0,0,0,0,0
2024-04-11,2024,4,April,11,Thursday,3,15,2,0,Spring,,,0,0,0,0,,0,0,0,0,0
2024-04-12,2024,4,April,12,Friday,4,15,2,0,Spring,,,0,0,0,0,,0,0,0,0,0
2024-04-13,2024,4,April,13,Saturday,5,15,2,1,Spring,,,0,0,0,0,,0,0,0,0,1
2024-04-14,2024,4,April,14,Sunday,6,15,2,1,Spring,,,0,0,0,0,,0,0,0,0,1
2024-04-15,2024,4,April,15,Monday,0,16,2,0,Spring,,,0,0,0,0,,0,0,0,0,0
2024-04-16,2024,4,April,16,Tuesday,1,16,2,0,Spring,,,0,0,0,0,,0,0,0,0,0
2024-04-17,2024,4,April,17,Wednesday,2,16,2,0,Spring,,,0,0,0,0,,0,0,0,0,0
2024-04-18,2024,4,April,18,Thursday,3,16,2,0,Spring,,,0,0,0,0,,0,0,0,0,0
2024-04-19,2024,4,April,19,Friday,4,16,2,0,Spring,,,0,0,0,0,,0,0,0,0,0
2024-04-20,2024,4,April,20,Saturday,5,16,2,1,Spring,,,0,0,0,0,,0,0,0,0,1
2024-04-21,2024,4,April,21,Sunday,6,16,2,1,Spring,,,0,0,0,0,,0,0,0,0,1
2024-04-22,2024,4,April,22,Monday,0,17,2,0,Spring,,,0,0,0,0,,0,0,0,0,0
2024-04-23,2024,4,April,23,Tuesday,1,17,2,0,Spring,,,0,0,0,0,,0,0,0,0,0
2024-04-24,2024,4,April,24,Wednesday,2,17,2,0,Spring,,,0,0,0,0,,0,0,0,0,0
2024-04-25,2024,4,April,25,Thursday,3,17,2,0,Spring,,,0,0,0,0,,0,0,0,0,0
2024-04-26,2024,4,April,26,Friday,4,17,2,0,Spring,,,0,0,0,0,,0,0,0,0,0
2024-04-27,2024,4,April,27,Saturday,5,17,2,1,Spring,,,0,0,0,0,,0,0,0,0,1
2024-04-28,2024,4,April,28,Sunday,6,17,2,1,Spring,,,0,0,0,0,,0,0,0,0,1
2024-04-29,2024,4,April,29,Monday,0,18,2,0,Spring,,,0,0,0,0,,0,0,0,0,0
2024-04-30,2024,4,April,30,Tuesday,1,18,2,0,Spring,,,0,0,0,0,,0,0,0,0,0
2024-05-01,2024,5,May,1,Wednesday,2,18,2,0,Spring,,,0,0,0,0,,0,0,0,0,0
2024-05-02,2024,5,May,2,Thursday,3,18,2,0,Spring,,,0,0,0,0,,0,0,0,0,0
2024-05-03,2024,5,May,3,Friday,4,18,2,0,Spring,,,0,0,0,0,,0,0,0,0,0
2024-05-04,2024,5,May,4,Saturday,5,18,2,1,Spring,,,0,0,0,0,,0,0,0,0,1
2024-05-05,2024,5,May,5,Sunday,6,18,2,1,Spring,,,0,0,0,0,,0,0,0,0,1
2024-05-06,2024,5,May,6,Monday,0,19,2,0,Spring,Early May bank holiday,england-and-wales | scotland,1,1,1,0,,0,0,0,0,1
2024-05-07,2024,5,May,7,Tuesday,1,19,2,0,Spring,,,0,0,0,0,,0,0,0,0,0
2024-05-08,2024,5,May,8,Wednesday,2,19,2,0,Spring,,,0,0,0,0,,0,0,0,0,0
2024-05-09,2024,5,May,9,Thursday,3,19,2,0,Spring,,,0,0,0,0,,0,0,0,0,0
2024-05-10,2024,5,May,10,Friday,4,19,2,0,Spring,,,0,0,0,0,,0,0,0,0,0
2024-05-11,2024,5,May,11,Saturday,5,19,2,1,Spring,,,0,0,0,0,,0,0,0,0,1
2024-05-12,2024,5,May,12,Sunday,6,19,2,1,Spring,,,0,0,0,0,,0,0,0,0,1
2024-05-13,2024,5,May,13,Monday,0,20,2,0,Spring,,,0,0,0,0,,0,0,0,0,0
2024-05-14,2024,5,May,14,Tuesday,1,20,2,0,Spring,,,0,0,0,0,,0,0,0,0,0
2024-05-15,2024,5,May,15,Wednesday,2,20,2,0,Spring,,,0,0,0,0,,0,0,0,0,0
2024-05-16,2024,5,May,16,Thursday,3,20,2,0,Spring,,,0,0,0,0,,0,0,0,0,0
2024-05-17,2024,5,May,17,Friday,4,20,2,0,Spring,,,0,0,0,0,,0,0,0,0,0
2024-05-18,2024,5,May,18,Saturday,5,20,2,1,Spring,,,0,0,0,0,,0,0,0,0,1
2024-05-19,2024,5,May,19,Sunday,6,20,2,1,Spring,,,0,0,0,0,,0,0,0,0,1
2024-05-20,2024,5,May,20,Monday,0,21,2,0,Spring,,,0,0,0,0,,0,0,0,0,0
2024-05-21,2024,5,May,21,Tuesday,1,21,2,0,Spring,,,0,0,0,0,,0,0,0,0,0
2024-05-22,2024,5,May,22,Wednesday,2,21,2,0,Spring,,,0,0,0,0,,0,0,0,0,0
2024-05-23,2024,5,May,23,Thursday,3,21,2,0,Spring,,,0,0,0,0,,0,0,0,0,0
2024-05-24,2024,5,May,24,Friday,4,21,2,0,Spring,,,0,0,0,0,,0,0,0,0,0
2024-05-25,2024,5,May,25,Saturday,5,21,2,1,Spring,,,0,0,0,0,,0,0,0,0,1
2024-05-26,2024,5,May,26,Sunday,6,21,2,1,Spring,,,0,0,0,0,,0,0,0,0,1
2024-05-27,2024,5,May,27,Monday,0,22,2,0,Spring,Spring bank holiday,england-and-wales | scotland,1,1,1,0,,0,0,0,0,1
2024-05-28,2024,5,May,28,Tuesday,1,22,2,0,Spring,,,0,0,0,0,,0,0,0,0,0
2024-05-29,2024,5,May,29,Wednesday,2,22,2,0,Spring,,,0,0,0,0,,0,0,0,0,0
2024-05-30,2024,5,May,30,Thursday,3,22,2,0,Spring,,,0,0,0,0,,0,0,0,0,0
2024-05-31,2024,5,May,31,Friday,4,22,2,0,Spring,,,0,0,0,0,,0,0,0,0,0
2024-06-01,2024,6,June,1,Saturday,5,22,2,1,Summer,,,0,0,0,0,,0,0,0,0,1
2024-06-02,2024,6,June,2,Sunday,6,22,2,1,Summer,,,0,0,0,0,,0,0,0,0,1
2024-06-03,2024,6,June,3,Monday,0,23,2,0,Summer,,,0,0,0,0,,0,0,0,0,0
2024-06-04,2024,6,June,4,Tuesday,1,23,2,0,Summer,,,0,0,0,0,,0,0,0,0,0
2024-06-05,2024,6,June,5,Wednesday,2,23,2,0,Summer,,,0,0,0,0,,0,0,0,0,0
2024-06-06,2024,6,June,6,Thursday,3,23,2,0,Summer,,,0,0,0,0,,0,0,0,0,0
2024-06-07,2024,6,June,7,Friday,4,23,2,0,Summer,,,0,0,0,0,,0,0,0,0,0
2024-06-08,2024,6,June,8,Saturday,5,23,2,1,Summer,,,0,0,0,0,,0,0,0,0,1
2024-06-09,2024,6,June,9,Sunday,6,23,2,1,Summer,,,0,0,0,0,,0,0,0,0,1
2024-06-10,2024,6,June,10,Monday,0,24,2,0,Summer,,,0,0,0,0,,0,0,0,0,0
2024-06-11,2024,6,June,11,Tuesday,1,24,2,0,Summer,,,0,0,0,0,,0,0,0,0,0
2024-06-12,2024,6,June,12,Wednesday,2,24,2,0,Summer,,,0,0,0,0,,0,0,0,0,0
2024-06-13,2024,6,June,13,Thursday,3,24,2,0,Summer,,,0,0,0,0,,0,0,0,0,0
2024-06-14,2024,6,June,14,Friday,4,24,2,0,Summer,,,0,0,0,0,,0,0,0,0,0
2024-06-15,2024,6,June,15,Saturday,5,24,2,1,Summer,,,0,0,0,0,,0,0,0,0,1
2024-06-16,2024,6,June,16,Sunday,6,24,2,1,Summer,,,0,0,0,0,,0,0,0,0,1
2024-06-17,2024,6,June,17,Monday,0,25,2,0,Summer,,,0,0,0,0,,0,0,0,0,0
2024-06-18,2024,6,June,18,Tuesday,1,25,2,0,Summer,,,0,0,0,0,,0,0,0,0,0
2024-06-19,2024,6,June,19,Wednesday,2,25,2,0,Summer,,,0,0,0,0,,0,0,0,0,0
2024-06-20,2024,6,June,20,Thursday,3,25,2,0,Summer,,,0,0,0,0,,0,0,0,0,0
2024-06-21,2024,6,June,21,Friday,4,25,2,0,Summer,,,0,0,0,0,,0,0,0,0,0
2024-06-22,2024,6,June,22,Saturday,5,25,2,1,Summer,,,0,0,0,0,,0,0,0,0,1
2024-06-23,2024,6,June,23,Sunday,6,25,2,1,Summer,,,0,0,0,0,,0,0,0,0,1
2024-06-24,2024,6,June,24,Monday,0,26,2,0,Summer,,,0,0,0,0,,0,0,0,0,0
2024-06-25,2024,6,June,25,Tuesday,1,26,2,0,Summer,,,0,0,0,0,,0,0,0,0,0
2024-06-26,2024,6,June,26,Wednesday,2,26,2,0,Summer,,,0,0,0,0,,0,0,0,0,0
2024-06-27,2024,6,June,27,Thursday,3,26,2,0,Summer,,,0,0,0,0,,0,0,0,0,0
2024-06-28,2024,6,June,28,Friday,4,26,2,0,Summer,,,0,0,0,0,,0,0,0,0,0
2024-06-29,2024,6,June,29,Saturday,5,26,2,1,Summer,,,0,0,0,0,,0,0,0,0,1
2024-06-30,2024,6,June,30,Sunday,6,26,2,1,Summer,,,0,0,0,0,,0,0,0,0,1
2024-07-01,2024,7,July,1,Monday,0,27,3,0,Summer,,,0,0,0,0,,0,0,0,0,0
2024-07-02,2024,7,July,2,Tuesday,1,27,3,0,Summer,,,0,0,0,0,,0,0,0,0,0
2024-07-03,2024,7,July,3,Wednesday,2,27,3,0,Summer,,,0,0,0,0,,0,0,0,0,0
2024-07-04,2024,7,July,4,Thursday,3,27,3,0,Summer,,,0,0,0,1,UK General Election 2024,0,1,0,1,0
2024-07-05,2024,7,July,5,Friday,4,27,3,0,Summer,,,0,0,0,0,,0,0,0,0,0
2024-07-06,2024,7,July,6,Saturday,5,27,3,1,Summer,,,0,0,0,0,,0,0,0,0,1
2024-07-07,2024,7,July,7,Sunday,6,27,3,1,Summer,,,0,0,0,0,,0,0,0,0,1
2024-07-08,2024,7,July,8,Monday,0,28,3,0,Summer,,,0,0,0,0,,0,0,0,0,0
2024-07-09,2024,7,July,9,Tuesday,1,28,3,0,Summer,,,0,0,0,0,,0,0,0,0,0
2024-07-10,2024,7,July,10,Wednesday,2,28,3,0,Summer,,,0,0,0,0,,0,0,0,0,0
2024-07-11,2024,7,July,11,Thursday,3,28,3,0,Summer,,,0,0,0,0,,0,0,0,0,0
2024-07-12,2024,7,July,12,Friday,4,28,3,0,Summer,,,0,0,0,0,,0,0,0,0,0
2024-07-13,2024,7,July,13,Saturday,5,28,3,1,Summer,,,0,0,0,0,,0,0,0,0,1
2024-07-14,2024,7,July,14,Sunday,6,28,3,1,Summer,,,0,0,0,0,,0,0,0,0,1
2024-07-15,2024,7,July,15,Monday,0,29,3,0,Summer,,,0,0,0,0,,0,0,0,0,0
2024-07-16,2024,7,July,16,Tuesday,1,29,3,0,Summer,,,0,0,0,0,,0,0,0,0,0
2024-07-17,2024,7,July,17,Wednesday,2,29,3,0,Summer,,,0,0,0,0,,0,0,0,0,0
2024-07-18,2024,7,July,18,Thursday,3,29,3,0,Summer,,,0,0,0,0,,0,0,0,0,0
2024-07-19,2024,7,July,19,Friday,4,29,3,0,Summer,,,0,0,0,0,,0,0,0,0,0
2024-07-20,2024,7,July,20,Saturday,5,29,3,1,Summer,,,0,0,0,0,,0,0,0,0,1
2024-07-21,2024,7,July,21,Sunday,6,29,3,1,Summer,,,0,0,0,0,,0,0,0,0,1
2024-07-22,2024,7,July,22,Monday,0,30,3,0,Summer,,,0,0,0,0,,0,0,0,0,0
2024-07-23,2024,7,July,23,Tuesday,1,30,3,0,Summer,,,0,0,0,0,,0,0,0,0,0
2024-07-24,2024,7,July,24,Wednesday,2,30,3,0,Summer,,,0,0,0,0,,0,0,0,0,0
2024-07-25,2024,7,July,25,Thursday,3,30,3,0,Summer,,,0,0,0,0,,0,0,0,0,0
2024-07-26,2024,7,July,26,Friday,4,30,3,0,Summer,,,0,0,0,0,,0,0,0,0,0
2024-07-27,2024,7,July,27,Saturday,5,30,3,1,Summer,,,0,0,0,0,,0,0,0,0,1
2024-07-28,2024,7,July,28,Sunday,6,30,3,1,Summer,,,0,0,0,0,,0,0,0,0,1
2024-07-29,2024,7,July,29,Monday,0,31,3,0,Summer,,,0,0,0,0,,0,0,0,0,0
2024-07-30,2024,7,July,30,Tuesday,1,31,3,0,Summer,,,0,0,0,0,,0,0,0,0,0
2024-07-31,2024,7,July,31,Wednesday,2,31,3,0,Summer,,,0,0,0,0,,0,0,0,0,0
2024-08-01,2024,8,August,1,Thursday,3,31,3,0,Summer,,,0,0,0,0,,0,0,0,0,0
2024-08-02,2024,8,August,2,Friday,4,31,3,0,Summer,,,0,0,0,0,,0,0,0,0,0
2024-08-03,2024,8,August,3,Saturday,5,31,3,1,Summer,,,0,0,0,0,,0,0,0,0,1
2024-08-04,2024,8,August,4,Sunday,6,31,3,1,Summer,,,0,0,0,0,,0,0,0,0,1
2024-08-05,2024,8,August,5,Monday,0,32,3,0,Summer,Summer bank holiday,scotland,0,1,1,0,,0,0,0,0,1
2024-08-06,2024,8,August,6,Tuesday,1,32,3,0,Summer,,,0,0,0,0,,0,0,0,0,0
2024-08-07,2024,8,August,7,Wednesday,2,32,3,0,Summer,,,0,0,0,0,,0,0,0,0,0
2024-08-08,2024,8,August,8,Thursday,3,32,3,0,Summer,,,0,0,0,0,,0,0,0,0,0
2024-08-09,2024,8,August,9,Friday,4,32,3,0,Summer,,,0,0,0,0,,0,0,0,0,0
2024-08-10,2024,8,August,10,Saturday,5,32,3,1,Summer,,,0,0,0,0,,0,0,0,0,1
2024-08-11,2024,8,August,11,Sunday,6,32,3,1,Summer,,,0,0,0,0,,0,0,0,0,1
2024-08-12,2024,8,August,12,Monday,0,33,3,0,Summer,,,0,0,0,0,,0,0,0,0,0
2024-08-13,2024,8,August,13,Tuesday,1,33,3,0,Summer,,,0,0,0,0,,0,0,0,0,0
2024-08-14,2024,8,August,14,Wednesday,2,33,3,0,Summer,,,0,0,0,0,,0,0,0,0,0
2024-08-15,2024,8,August,15,Thursday,3,33,3,0,Summer,,,0,0,0,0,,0,0,0,0,0
2024-08-16,2024,8,August,16,Friday,4,33,3,0,Summer,,,0,0,0,0,,0,0,0,0,0
2024-08-17,2024,8,August,17,Saturday,5,33,3,1,Summer,,,0,0,0,0,,0,0,0,0,1
2024-08-18,2024,8,August,18,Sunday,6,33,3,1,Summer,,,0,0,0,0,,0,0,0,0,1
2024-08-19,2024,8,August,19,Monday,0,34,3,0,Summer,,,0,0,0,0,,0,0,0,0,0
2024-08-20,2024,8,August,20,Tuesday,1,34,3,0,Summer,,,0,0,0,0,,0,0,0,0,0
2024-08-21,2024,8,August,21,Wednesday,2,34,3,0,Summer,,,0,0,0,0,,0,0,0,0,0
2024-08-22,2024,8,August,22,Thursday,3,34,3,0,Summer,,,0,0,0,0,,0,0,0,0,0
2024-08-23,2024,8,August,23,Friday,4,34,3,0,Summer,,,0,0,0,0,,0,0,0,0,0
2024-08-24,2024,8,August,24,Saturday,5,34,3,1,Summer,,,0,0,0,0,,0,0,0,0,1
2024-08-25,2024,8,August,25,Sunday,6,34,3,1,Summer,,,0,0,0,0,,0,0,0,0,1
2024-08-26,2024,8,August,26,Monday,0,35,3,0,Summer,Summer bank holiday,england-and-wales,1,0,1,0,,0,0,0,0,1
2024-08-27,2024,8,August,27,Tuesday,1,35,3,0,Summer,,,0,0,0,0,,0,0,0,0,0
2024-08-28,2024,8,August,28,Wednesday,2,35,3,0,Summer,,,0,0,0,0,,0,0,0,0,0
2024-08-29,2024,8,August,29,Thursday,3,35,3,0,Summer,,,0,0,0,0,,0,0,0,0,0
2024-08-30,2024,8,August,30,Friday,4,35,3,0,Summer,,,0,0,0,0,,0,0,0,0,0
2024-08-31,2024,8,August,31,Saturday,5,35,3,1,Summer,,,0,0,0,0,,0,0,0,0,1
2024-09-01,2024,9,September,1,Sunday,6,35,3,1,Autumn,,,0,0,0,0,,0,0,0,0,1
2024-09-02,2024,9,September,2,Monday,0,36,3,0,Autumn,,,0,0,0,0,,0,0,0,0,0
2024-09-03,2024,9,September,3,Tuesday,1,36,3,0,Autumn,,,0,0,0,0,,0,0,0,0,0
2024-09-04,2024,9,September,4,Wednesday,2,36,3,0,Autumn,,,0,0,0,0,,0,0,0,0,0
2024-09-05,2024,9,September,5,Thursday,3,36,3,0,Autumn,,,0,0,0,0,,0,0,0,0,0
2024-09-06,2024,9,September,6,Friday,4,36,3,0,Autumn,,,0,0,0,0,,0,0,0,0,0
2024-09-07,2024,9,September,7,Saturday,5,36,3,1,Autumn,,,0,0,0,0,,0,0,0,0,1
2024-09-08,2024,9,September,8,Sunday,6,36,3,1,Autumn,,,0,0,0,0,,0,0,0,0,1
2024-09-09,2024,9,September,9,Monday,0,37,3,0,Autumn,,,0,0,0,0,,0,0,0,0,0
2024-09-10,2024,9,September,10,Tuesday,1,37,3,0,Autumn,,,0,0,0,0,,0,0,0,0,0
2024-09-11,2024,9,September,11,Wednesday,2,37,3,0,Autumn,,,0,0,0,0,,0,0,0,0,0
2024-09-12,2024,9,September,12,Thursday,3,37,3,0,Autumn,,,0,0,0,0,,0,0,0,0,0
2024-09-13,2024,9,September,13,Friday,4,37,3,0,Autumn,,,0,0,0,0,,0,0,0,0,0
2024-09-14,2024,9,September,14,Saturday,5,37,3,1,Autumn,,,0,0,0,0,,0,0,0,0,1
2024-09-15,2024,9,September,15,Sunday,6,37,3,1,Autumn,,,0,0,0,0,,0,0,0,0,1
2024-09-16,2024,9,September,16,Monday,0,38,3,0,Autumn,,,0,0,0,0,,0,0,0,0,0
2024-09-17,2024,9,September,17,Tuesday,1,38,3,0,Autumn,,,0,0,0,0,,0,0,0,0,0
2024-09-18,2024,9,September,18,Wednesday,2,38,3,0,Autumn,,,0,0,0,0,,0,0,0,0,0
2024-09-19,2024,9,September,19,Thursday,3,38,3,0,Autumn,,,0,0,0,0,,0,0,0,0,0
2024-09-20,2024,9,September,20,Friday,4,38,3,0,Autumn,,,0,0,0,0,,0,0,0,0,0
2024-09-21,2024,9,September,21,Saturday,5,38,3,1,Autumn,,,0,0,0,0,,0,0,0,0,1
2024-09-22,2024,9,September,22,Sunday,6,38,3,1,Autumn,,,0,0,0,0,,0,0,0,0,1
2024-09-23,2024,9,September,23,Monday,0,39,3,0,Autumn,,,0,0,0,0,,0,0,0,0,0
2024-09-24,2024,9,September,24,Tuesday,1,39,3,0,Autumn,,,0,0,0,0,,0,0,0,0,0
2024-09-25,2024,9,September,25,Wednesday,2,39,3,0,Autumn,,,0,0,0,0,,0,0,0,0,0
2024-09-26,2024,9,September,26,Thursday,3,39,3,0,Autumn,,,0,0,0,0,,0,0,0,0,0
2024-09-27,2024,9,September,27,Friday,4,39,3,0,Autumn,,,0,0,0,0,,0,0,0,0,0
2024-09-28,2024,9,September,28,Saturday,5,39,3,1,Autumn,,,0,0,0,0,,0,0,0,0,1
2024-09-29,2024,9,September,29,Sunday,6,39,3,1,Autumn,,,0,0,0,0,,0,0,0,0,1
2024-09-30,2024,9,September,30,Monday,0,40,3,0,Autumn,,,0,0,0,0,,0,0,0,0,0
2024-10-01,2024,10,October,1,Tuesday,1,40,4,0,Autumn,,,0,0,0,0,,0,0,0,0,0
2024-10-02,2024,10,October,2,Wednesday,2,40,4,0,Autumn,,,0,0,0,0,,0,0,0,0,0
2024-10-03,2024,10,October,3,Thursday,3,40,4,0,Autumn,,,0,0,0,0,,0,0,0,0,0
2024-10-04,2024,10,October,4,Friday,4,40,4,0,Autumn,,,0,0,0,0,,0,0,0,0,0
2024-10-05,2024,10,October,5,Saturday,5,40,4,1,Autumn,,,0,0,0,0,,0,0,0,0,1
2024-10-06,2024,10,October,6,Sunday,6,40,4,1,Autumn,,,0,0,0,0,,0,0,0,0,1
2024-10-07,2024,10,October,7,Monday,0,41,4,0,Autumn,,,0,0,0,0,,0,0,0,0,0
2024-10-08,2024,10,October,8,Tuesday,1,41,4,0,Autumn,,,0,0,0,0,,0,0,0,0,0
2024-10-09,2024,10,October,9,Wednesday,2,41,4,0,Autumn,,,0,0,0,0,,0,0,0,0,0
2024-10-10,2024,10,October,10,Thursday,3,41,4,0,Autumn,,,0,0,0,0,,0,0,0,0,0
2024-10-11,2024,10,October,11,Friday,4,41,4,0,Autumn,,,0,0,0,0,,0,0,0,0,0
2024-10-12,2024,10,October,12,Saturday,5,41,4,1,Autumn,,,0,0,0,0,,0,0,0,0,1
2024-10-13,2024,10,October,13,Sunday,6,41,4,1,Autumn,,,0,0,0,0,,0,0,0,0,1
2024-10-14,2024,10,October,14,Monday,0,42,4,0,Autumn,,,0,0,0,0,,0,0,0,0,0
2024-10-15,2024,10,October,15,Tuesday,1,42,4,0,Autumn,,,0,0,0,0,,0,0,0,0,0
2024-10-16,2024,10,October,16,Wednesday,2,42,4,0,Autumn,,,0,0,0,0,,0,0,0,0,0
2024-10-17,2024,10,October,17,Thursday,3,42,4,0,Autumn,,,0,0,0,0,,0,0,0,0,0
2024-10-18,2024,10,October,18,Friday,4,42,4,0,Autumn,,,0,0,0,0,,0,0,0,0,0
2024-10-19,2024,10,October,19,Saturday,5,42,4,1,Autumn,,,0,0,0,0,,0,0,0,0,1
2024-10-20,2024,10,October,20,Sunday,6,42,4,1,Autumn,,,0,0,0,0,,0,0,0,0,1
2024-10-21,2024,10,October,21,Monday,0,43,4,0,Autumn,,,0,0,0,0,,0,0,0,0,0
2024-10-22,2024,10,October,22,Tuesday,1,43,4,0,Autumn,,,0,0,0,0,,0,0,0,0,0
2024-10-23,2024,10,October,23,Wednesday,2,43,4,0,Autumn,,,0,0,0,0,,0,0,0,0,0
2024-10-24,2024,10,October,24,Thursday,3,43,4,0,Autumn,,,0,0,0,0,,0,0,0,0,0
2024-10-25,2024,10,October,25,Friday,4,43,4,0,Autumn,,,0,0,0,0,,0,0,0,0,0
2024-10-26,2024,10,October,26,Saturday,5,43,4,1,Autumn,,,0,0,0,0,,0,0,0,0,1
2024-10-27,2024,10,October,27,Sunday,6,43,4,1,Autumn,,,0,0,0,0,,0,0,0,0,1
2024-10-28,2024,10,October,28,Monday,0,44,4,0,Autumn,,,0,0,0,0,,0,0,0,0,0
2024-10-29,2024,10,October,29,Tuesday,1,44,4,0,Autumn,,,0,0,0,0,,0,0,0,0,0
2024-10-30,2024,10,October,30,Wednesday,2,44,4,0,Autumn,,,0,0,0,0,,0,0,0,0,0
2024-10-31,2024,10,October,31,Thursday,3,44,4,0,Autumn,,,0,0,0,0,,0,0,0,0,0
2024-11-01,2024,11,November,1,Friday,4,44,4,0,Autumn,,,0,0,0,0,,0,0,0,0,0
2024-11-02,2024,11,November,2,Saturday,5,44,4,1,Autumn,,,0,0,0,0,,0,0,0,0,1
2024-11-03,2024,11,November,3,Sunday,6,44,4,1,Autumn,,,0,0,0,0,,0,0,0,0,1
2024-11-04,2024,11,November,4,Monday,0,45,4,0,Autumn,,,0,0,0,0,,0,0,0,0,0
2024-11-05,2024,11,November,5,Tuesday,1,45,4,0,Autumn,,,0,0,0,0,,0,0,0,0,0
2024-11-06,2024,11,November,6,Wednesday,2,45,4,0,Autumn,,,0,0,0,0,,0,0,0,0,0
2024-11-07,2024,11,November,7,Thursday,3,45,4,0,Autumn,,,0,0,0,0,,0,0,0,0,0
2024-11-08,2024,11,November,8,Friday,4,45,4,0,Autumn,,,0,0,0,0,,0,0,0,0,0
2024-11-09,2024,11,November,9,Saturday,5,45,4,1,Autumn,,,0,0,0,0,,0,0,0,0,1
2024-11-10,2024,11,November,10,Sunday,6,45,4,1,Autumn,,,0,0,0,0,,0,0,0,0,1
2024-11-11,2024,11,November,11,Monday,0,46,4,0,Autumn,,,0,0,0,0,,0,0,0,0,0
2024-11-12,2024,11,November,12,Tuesday,1,46,4,0,Autumn,,,0,0,0,0,,0,0,0,0,0
2024-11-13,2024,11,November,13,Wednesday,2,46,4,0,Autumn,,,0,0,0,0,,0,0,0,0,0
2024-11-14,2024,11,November,14,Thursday,3,46,4,0,Autumn,,,0,0,0,0,,0,0,0,0,0
2024-11-15,2024,11,November,15,Friday,4,46,4,0,Autumn,,,0,0,0,0,,0,0,0,0,0
2024-11-16,2024,11,November,16,Saturday,5,46,4,1,Autumn,,,0,0,0,0,,0,0,0,0,1
2024-11-17,2024,11,November,17,Sunday,6,46,4,1,Autumn,,,0,0,0,0,,0,0,0,0,1
2024-11-18,2024,11,November,18,Monday,0,47,4,0,Autumn,,,0,0,0,0,,0,0,0,0,0
2024-11-19,2024,11,November,19,Tuesday,1,47,4,0,Autumn,,,0,0,0,0,,0,0,0,0,0
2024-11-20,2024,11,November,20,Wednesday,2,47,4,0,Autumn,,,0,0,0,0,,0,0,0,0,0
2024-11-21,2024,11,November,21,Thursday,3,47,4,0,Autumn,,,0,0,0,0,,0,0,0,0,0
2024-11-22,2024,11,November,22,Friday,4,47,4,0,Autumn,,,0,0,0,0,,0,0,0,0,0
2024-11-23,2024,11,November,23,Saturday,5,47,4,1,Autumn,,,0,0,0,0,,0,0,0,0,1
2024-11-24,2024,11,November,24,Sunday,6,47,4,1,Autumn,,,0,0,0,0,,0,0,0,0,1
2024-11-25,2024,11,November,25,Monday,0,48,4,0,Autumn,,,0,0,0,0,,0,0,0,0,0
2024-11-26,2024,11,November,26,Tuesday,1,48,4,0,Autumn,,,0,0,0,0,,0,0,0,0,0
2024-11-27,2024,11,November,27,Wednesday,2,48,4,0,Autumn,,,0,0,0,0,,0,0,0,0,0
2024-11-28,2024,11,November,28,Thursday,3,48,4,0,Autumn,,,0,0,0,0,,0,0,0,0,0
2024-11-29,2024,11,November,29,Friday,4,48,4,0,Autumn,,,0,0,0,0,,0,0,0,0,0
2024-11-30,2024,11,November,30,Saturday,5,48,4,1,Autumn,,,0,0,0,0,,0,0,0,0,1
2024-12-01,2024,12,December,1,Sunday,6,48,4,1,Winter,,,0,0,0,0,,0,0,0,0,1
2024-12-02,2024,12,December,2,Monday,0,49,4,0,Winter,St Andrew’s Day,scotland,0,1,1,0,,0,0,0,0,1
2024-12-03,2024,12,December,3,Tuesday,1,49,4,0,Winter,,,0,0,0,0,,0,0,0,0,0
2024-12-04,2024,12,December,4,Wednesday,2,49,4,0,Winter,,,0,0,0,0,,0,0,0,0,0
2024-12-05,2024,12,December,5,Thursday,3,49,4,0,Winter,,,0,0,0,0,,0,0,0,0,0
2024-12-06,2024,12,December,6,Friday,4,49,4,0,Winter,,,0,0,0,0,,0,0,0,0,0
2024-12-07,2024,12,December,7,Saturday,5,49,4,1,Winter,,,0,0,0,0,,0,0,0,0,1
2024-12-08,2024,12,December,8,Sunday,6,49,4,1,Winter,,,0,0,0,0,,0,0,0,0,1
2024-12-09,2024,12,December,9,Monday,0,50,4,0,Winter,,,0,0,0,0,,0,0,0,0,0
2024-12-10,2024,12,December,10,Tuesday,1,50,4,0,Winter,,,0,0,0,0,,0,0,0,0,0
2024-12-11,2024,12,December,11,Wednesday,2,50,4,0,Winter,,,0,0,0,0,,0,0,0,0,0
2024-12-12,2024,12,December,12,Thursday,3,50,4,0,Winter,,,0,0,0,0,,0,0,0,0,0
2024-12-13,2024,12,December,13,Friday,4,50,4,0,Winter,,,0,0,0,0,,0,0,0,0,0
2024-12-14,2024,12,December,14,Saturday,5,50,4,1,Winter,,,0,0,0,0,,0,0,0,0,1
2024-12-15,2024,12,December,15,Sunday,6,50,4,1,Winter,,,0,0,0,0,,0,0,0,0,1
2024-12-16,2024,12,December,16,Monday,0,51,4,0,Winter,,,0,0,0,0,,0,0,0,0,0
2024-12-17,2024,12,December,17,Tuesday,1,51,4,0,Winter,,,0,0,0,0,,0,0,0,0,0
2024-12-18,2024,12,December,18,Wednesday,2,51,4,0,Winter,,,0,0,0,0,,0,0,0,0,0
2024-12-19,2024,12,December,19,Thursday,3,51,4,0,Winter,,,0,0,0,0,,0,0,0,0,0
2024-12-20,2024,12,December,20,Friday,4,51,4,0,Winter,,,0,0,0,0,,0,0,0,0,0
2024-12-21,2024,12,December,21,Saturday,5,51,4,1,Winter,,,0,0,0,0,,0,0,0,0,1
2024-12-22,2024,12,December,22,Sunday,6,51,4,1,Winter,,,0,0,0,0,,0,0,0,0,1
2024-12-23,2024,12,December,23,Monday,0,52,4,0,Winter,,,0,0,0,0,,0,0,0,0,0
2024-12-24,2024,12,December,24,Tuesday,1,52,4,0,Winter,,,0,0,0,0,,0,0,0,0,0
2024-12-25,2024,12,December,25,Wednesday,2,52,4,0,Winter,Christmas Day,england-and-wales | scotland,1,1,1,0,,0,0,0,0,1
2024-12-26,2024,12,December,26,Thursday,3,52,4,0,Winter,Boxing Day,england-and-wales | scotland,1,1,1,0,,0,0,0,0,1
2024-12-27,2024,12,December,27,Friday,4,52,4,0,Winter,,,0,0,0,0,,0,0,0,0,0
2024-12-28,2024,12,December,28,Saturday,5,52,4,1,Winter,,,0,0,0,0,,0,0,0,0,1
2024-12-29,2024,12,December,29,Sunday,6,52,4,1,Winter,,,0,0,0,0,,0,0,0,0,1
2024-12-30,2024,12,December,30,Monday,0,1,4,0,Winter,,,0,0,0,0,,0,0,0,0,0
2024-12-31,2024,12,December,31,Tuesday,1,1,4,0,Winter,,,0,0,0,0,,0,0,0,0,0
2025-01-01,2025,1,January,1,Wednesday,2,1,1,0,Winter,New Year’s Day,england-and-wales | scotland,1,1,1,0,,0,0,0,0,1
2025-01-02,2025,1,January,2,Thursday,3,1,1,0,Winter,2nd January,scotland,0,1,1,0,,0,0,0,0,1
2025-01-03,2025,1,January,3,Friday,4,1,1,0,Winter,,,0,0,0,0,,0,0,0,0,0
2025-01-04,2025,1,January,4,Saturday,5,1,1,1,Winter,,,0,0,0,0,,0,0,0,0,1
2025-01-05,2025,1,January,5,Sunday,6,1,1,1,Winter,,,0,0,0,0,,0,0,0,0,1
2025-01-06,2025,1,January,6,Monday,0,2,1,0,Winter,,,0,0,0,0,,0,0,0,0,0
2025-01-07,2025,1,January,7,Tuesday,1,2,1,0,Winter,,,0,0,0,0,,0,0,0,0,0
2025-01-08,2025,1,January,8,Wednesday,2,2,1,0,Winter,,,0,0,0,0,,0,0,0,0,0
2025-01-09,2025,1,January,9,Thursday,3,2,1,0,Winter,,,0,0,0,0,,0,0,0,0,0
2025-01-10,2025,1,January,10,Friday,4,2,1,0,Winter,,,0,0,0,0,,0,0,0,0,0
2025-01-11,2025,1,January,11,Saturday,5,2,1,1,Winter,,,0,0,0,0,,0,0,0,0,1
2025-01-12,2025,1,January,12,Sunday,6,2,1,1,Winter,,,0,0,0,0,,0,0,0,0,1
2025-01-13,2025,1,January,13,Monday,0,3,1,0,Winter,,,0,0,0,0,,0,0,0,0,0
2025-01-14,2025,1,January,14,Tuesday,1,3,1,0,Winter,,,0,0,0,0,,0,0,0,0,0
2025-01-15,2025,1,January,15,Wednesday,2,3,1,0,Winter,,,0,0,0,0,,0,0,0,0,0
2025-01-16,2025,1,January,16,Thursday,3,3,1,0,Winter,,,0,0,0,0,,0,0,0,0,0
2025-01-17,2025,1,January,17,Friday,4,3,1,0,Winter,,,0,0,0,0,,0,0,0,0,0
2025-01-18,2025,1,January,18,Saturday,5,3,1,1,Winter,,,0,0,0,0,,0,0,0,0,1
2025-01-19,2025,1,January,19,Sunday,6,3,1,1,Winter,,,0,0,0,0,,0,0,0,0,1
2025-01-20,2025,1,January,20,Monday,0,4,1,0,Winter,,,0,0,0,0,,0,0,0,0,0
2025-01-21,2025,1,January,21,Tuesday,1,4,1,0,Winter,,,0,0,0,0,,0,0,0,0,0
2025-01-22,2025,1,January,22,Wednesday,2,4,1,0,Winter,,,0,0,0,0,,0,0,0,0,0
2025-01-23,2025,1,January,23,Thursday,3,4,1,0,Winter,,,0,0,0,0,,0,0,0,0,0
2025-01-24,2025,1,January,24,Friday,4,4,1,0,Winter,,,0,0,0,0,,0,0,0,0,0
2025-01-25,2025,1,January,25,Saturday,5,4,1,1,Winter,,,0,0,0,0,,0,0,0,0,1
2025-01-26,2025,1,January,26,Sunday,6,4,1,1,Winter,,,0,0,0,0,,0,0,0,0,1
2025-01-27,2025,1,January,27,Monday,0,5,1,0,Winter,,,0,0,0,0,,0,0,0,0,0
2025-01-28,2025,1,January,28,Tuesday,1,5,1,0,Winter,,,0,0,0,0,,0,0,0,0,0
2025-01-29,2025,1,January,29,Wednesday,2,5,1,0,Winter,,,0,0,0,0,,0,0,0,0,0
2025-01-30,2025,1,January,30,Thursday,3,5,1,0,Winter,,,0,0,0,0,,0,0,0,0,0
2025-01-31,2025,1,January,31,Friday,4,5,1,0,Winter,,,0,0,0,0,,0,0,0,0,0
2025-02-01,2025,2,February,1,Saturday,5,5,1,1,Winter,,,0,0,0,0,,0,0,0,0,1
2025-02-02,2025,2,February,2,Sunday,6,5,1,1,Winter,,,0,0,0,0,,0,0,0,0,1
2025-02-03,2025,2,February,3,Monday,0,6,1,0,Winter,,,0,0,0,0,,0,0,0,0,0
2025-02-04,2025,2,February,4,Tuesday,1,6,1,0,Winter,,,0,0,0,0,,0,0,0,0,0
2025-02-05,2025,2,February,5,Wednesday,2,6,1,0,Winter,,,0,0,0,0,,0,0,0,0,0
2025-02-06,2025,2,February,6,Thursday,3,6,1,0,Winter,,,0,0,0,0,,0,0,0,0,0
2025-02-07,2025,2,February,7,Friday,4,6,1,0,Winter,,,0,0,0,0,,0,0,0,0,0
2025-02-08,2025,2,February,8,Saturday,5,6,1,1,Winter,,,0,0,0,0,,0,0,0,0,1
2025-02-09,2025,2,February,9,Sunday,6,6,1,1,Winter,,,0,0,0,0,,0,0,0,0,1
2025-02-10,2025,2,February,10,Monday,0,7,1,0,Winter,,,0,0,0,0,,0,0,0,0,0
2025-02-11,2025,2,February,11,Tuesday,1,7,1,0,Winter,,,0,0,0,0,,0,0,0,0,0
2025-02-12,2025,2,February,12,Wednesday,2,7,1,0,Winter,,,0,0,0,0,,0,0,0,0,0
2025-02-13,2025,2,February,13,Thursday,3,7,1,0,Winter,,,0,0,0,0,,0,0,0,0,0
2025-02-14,2025,2,February,14,Friday,4,7,1,0,Winter,,,0,0,0,0,,0,0,0,0,0
2025-02-15,2025,2,February,15,Saturday,5,7,1,1,Winter,,,0,0,0,0,,0,0,0,0,1
2025-02-16,2025,2,February,16,Sunday,6,7,1,1,Winter,,,0,0,0,0,,0,0,0,0,1
2025-02-17,2025,2,February,17,Monday,0,8,1,0,Winter,,,0,0,0,0,,0,0,0,0,0
2025-02-18,2025,2,February,18,Tuesday,1,8,1,0,Winter,,,0,0,0,0,,0,0,0,0,0
2025-02-19,2025,2,February,19,Wednesday,2,8,1,0,Winter,,,0,0,0,0,,0,0,0,0,0
2025-02-20,2025,2,February,20,Thursday,3,8,1,0,Winter,,,0,0,0,0,,0,0,0,0,0
2025-02-21,2025,2,February,21,Friday,4,8,1,0,Winter,,,0,0,0,0,,0,0,0,0,0
2025-02-22,2025,2,February,22,Saturday,5,8,1,1,Winter,,,0,0,0,0,,0,0,0,0,1
2025-02-23,2025,2,February,23,Sunday,6,8,1,1,Winter,,,0,0,0,0,,0,0,0,0,1
2025-02-24,2025,2,February,24,Monday,0,9,1,0,Winter,,,0,0,0,0,,0,0,0,0,0
2025-02-25,2025,2,February,25,Tuesday,1,9,1,0,Winter,,,0,0,0,0,,0,0,0,0,0
2025-02-26,2025,2,February,26,Wednesday,2,9,1,0,Winter,,,0,0,0,0,,0,0,0,0,0
2025-02-27,2025,2,February,27,Thursday,3,9,1,0,Winter,,,0,0,0,0,,0,0,0,0,0
2025-02-28,2025,2,February,28,Friday,4,9,1,0,Winter,,,0,0,0,0,,0,0,0,0,0
2025-03-01,2025,3,March,1,Saturday,5,9,1,1,Spring,,,0,0,0,0,,0,0,0,0,1
2025-03-02,2025,3,March,2,Sunday,6,9,1,1,Spring,,,0,0,0,0,,0,0,0,0,1
2025-03-03,2025,3,March,3,Monday,0,10,1,0,Spring,,,0,0,0,0,,0,0,0,0,0
2025-03-04,2025,3,March,4,Tuesday,1,10,1,0,Spring,,,0,0,0,0,,0,0,0,0,0
2025-03-05,2025,3,March,5,Wednesday,2,10,1,0,Spring,,,0,0,0,0,,0,0,0,0,0
2025-03-06,2025,3,March,6,Thursday,3,10,1,0,Spring,,,0,0,0,0,,0,0,0,0,0
2025-03-07,2025,3,March,7,Friday,4,10,1,0,Spring,,,0,0,0,0,,0,0,0,0,0
2025-03-08,2025,3,March,8,Saturday,5,10,1,1,Spring,,,0,0,0,0,,0,0,0,0,1
2025-03-09,2025,3,March,9,Sunday,6,10,1,1,Spring,,,0,0,0,0,,0,0,0,0,1
2025-03-10,2025,3,March,10,Monday,0,11,1,0,Spring,,,0,0,0,0,,0,0,0,0,0
2025-03-11,2025,3,March,11,Tuesday,1,11,1,0,Spring,,,0,0,0,0,,0,0,0,0,0
2025-03-12,2025,3,March,12,Wednesday,2,11,1,0,Spring,,,0,0,0,0,,0,0,0,0,0
2025-03-13,2025,3,March,13,Thursday,3,11,1,0,Spring,,,0,0,0,0,,0,0,0,0,0
2025-03-14,2025,3,March,14,Friday,4,11,1,0,Spring,,,0,0,0,0,,0,0,0,0,0
2025-03-15,2025,3,March,15,Saturday,5,11,1,1,Spring,,,0,0,0,0,,0,0,0,0,1
2025-03-16,2025,3,March,16,Sunday,6,11,1,1,Spring,,,0,0,0,0,,0,0,0,0,1
2025-03-17,2025,3,March,17,Monday,0,12,1,0,Spring,,,0,0,0,0,,0,0,0,0,0
2025-03-18,2025,3,March,18,Tuesday,1,12,1,0,Spring,,,0,0,0,0,,0,0,0,0,0
2025-03-19,2025,3,March,19,Wednesday,2,12,1,0,Spring,,,0,0,0,0,,0,0,0,0,0
2025-03-20,2025,3,March,20,Thursday,3,12,1,0,Spring,,,0,0,0,0,,0,0,0,0,0
2025-03-21,2025,3,March,21,Friday,4,12,1,0,Spring,,,0,0,0,0,,0,0,0,0,0
2025-03-22,2025,3,March,22,Saturday,5,12,1,1,Spring,,,0,0,0,0,,0,0,0,0,1
2025-03-23,2025,3,March,23,Sunday,6,12,1,1,Spring,,,0,0,0,0,,0,0,0,0,1
2025-03-24,2025,3,March,24,Monday,0,13,1,0,Spring,,,0,0,0,0,,0,0,0,0,0
2025-03-25,2025,3,March,25,Tuesday,1,13,1,0,Spring,,,0,0,0,0,,0,0,0,0,0
2025-03-26,2025,3,March,26,Wednesday,2,13,1,0,Spring,,,0,0,0,0,,0,0,0,0,0
2025-03-27,2025,3,March,27,Thursday,3,13,1,0,Spring,,,0,0,0,0,,0,0,0,0,0
2025-03-28,2025,3,March,28,Friday,4,13,1,0,Spring,,,0,0,0,0,,0,0,0,0,0
2025-03-29,2025,3,March,29,Saturday,5,13,1,1,Spring,,,0,0,0,0,,0,0,0,0,1
2025-03-30,2025,3,March,30,Sunday,6,13,1,1,Spring,,,0,0,0,0,,0,0,0,0,1
2025-03-31,2025,3,March,31,Monday,0,14,1,0,Spring,,,0,0,0,0,,0,0,0,0,0
2025-04-01,2025,4,April,1,Tuesday,1,14,2,0,Spring,,,0,0,0,0,,0,0,0,0,0
2025-04-02,2025,4,April,2,Wednesday,2,14,2,0,Spring,,,0,0,0,0,,0,0,0,0,0
2025-04-03,2025,4,April,3,Thursday,3,14,2,0,Spring,,,0,0,0,0,,0,0,0,0,0
2025-04-04,2025,4,April,4,Friday,4,14,2,0,Spring,,,0,0,0,0,,0,0,0,0,0
2025-04-05,2025,4,April,5,Saturday,5,14,2,1,Spring,,,0,0,0,0,,0,0,0,0,1
2025-04-06,2025,4,April,6,Sunday,6,14,2,1,Spring,,,0,0,0,0,,0,0,0,0,1
2025-04-07,2025,4,April,7,Monday,0,15,2,0,Spring,,,0,0,0,0,,0,0,0,0,0
2025-04-08,2025,4,April,8,Tuesday,1,15,2,0,Spring,,,0,0,0,0,,0,0,0,0,0
2025-04-09,2025,4,April,9,Wednesday,2,15,2,0,Spring,,,0,0,0,0,,0,0,0,0,0
2025-04-10,2025,4,April,10,Thursday,3,15,2,0,Spring,,,0,0,0,0,,0,0,0,0,0
2025-04-11,2025,4,April,11,Friday,4,15,2,0,Spring,,,0,0,0,0,,0,0,0,0,0
2025-04-12,2025,4,April,12,Saturday,5,15,2,1,Spring,,,0,0,0,0,,0,0,0,0,1
2025-04-13,2025,4,April,13,Sunday,6,15,2,1,Spring,,,0,0,0,0,,0,0,0,0,1
2025-04-14,2025,4,April,14,Monday,0,16,2,0,Spring,,,0,0,0,0,,0,0,0,0,0
2025-04-15,2025,4,April,15,Tuesday,1,16,2,0,Spring,,,0,0,0,0,,0,0,0,0,0
2025-04-16,2025,4,April,16,Wednesday,2,16,2,0,Spring,,,0,0,0,0,,0,0,0,0,0
2025-04-17,2025,4,April,17,Thursday,3,16,2,0,Spring,,,0,0,0,0,,0,0,0,0,0
2025-04-18,2025,4,April,18,Friday,4,16,2,0,Spring,Good Friday,england-and-wales | scotland,1,1,1,0,,0,0,0,0,1
2025-04-19,2025,4,April,19,Saturday,5,16,2,1,Spring,,,0,0,0,0,,0,0,0,0,1
2025-04-20,2025,4,April,20,Sunday,6,16,2,1,Spring,,,0,0,0,0,,0,0,0,0,1
2025-04-21,2025,4,April,21,Monday,0,17,2,0,Spring,Easter Monday,england-and-wales,1,0,1,0,,0,0,0,0,1
2025-04-22,2025,4,April,22,Tuesday,1,17,2,0,Spring,,,0,0,0,0,,0,0,0,0,0
2025-04-23,2025,4,April,23,Wednesday,2,17,2,0,Spring,,,0,0,0,0,,0,0,0,0,0
2025-04-24,2025,4,April,24,Thursday,3,17,2,0,Spring,,,0,0,0,0,,0,0,0,0,0
2025-04-25,2025,4,April,25,Friday,4,17,2,0,Spring,,,0,0,0,0,,0,0,0,0,0
2025-04-26,2025,4,April,26,Saturday,5,17,2,1,Spring,,,0,0,0,0,,0,0,0,0,1
2025-04-27,2025,4,April,27,Sunday,6,17,2,1,Spring,,,0,0,0,0,,0,0,0,0,1
2025-04-28,2025,4,April,28,Monday,0,18,2,0,Spring,,,0,0,0,0,,0,0,0,0,0
2025-04-29,2025,4,April,29,Tuesday,1,18,2,0,Spring,,,0,0,0,0,,0,0,0,0,0
2025-04-30,2025,4,April,30,Wednesday,2,18,2,0,Spring,,,0,0,0,0,,0,0,0,0,0
2025-05-01,2025,5,May,1,Thursday,3,18,2,0,Spring,,,0,0,0,0,,0,0,0,0,0
2025-05-02,2025,5,May,2,Friday,4,18,2,0,Spring,,,0,0,0,0,,0,0,0,0,0
2025-05-03,2025,5,May,3,Saturday,5,18,2,1,Spring,,,0,0,0,0,,0,0,0,0,1
2025-05-04,2025,5,May,4,Sunday,6,18,2,1,Spring,,,0,0,0,0,,0,0,0,0,1
2025-05-05,2025,5,May,5,Monday,0,19,2,0,Spring,Early May bank holiday,england-and-wales | scotland,1,1,1,0,,0,0,0,0,1
2025-05-06,2025,5,May,6,Tuesday,1,19,2,0,Spring,,,0,0,0,0,,0,0,0,0,0
2025-05-07,2025,5,May,7,Wednesday,2,19,2,0,Spring,,,0,0,0,0,,0,0,0,0,0
2025-05-08,2025,5,May,8,Thursday,3,19,2,0,Spring,,,0,0,0,0,,0,0,0,0,0
2025-05-09,2025,5,May,9,Friday,4,19,2,0,Spring,,,0,0,0,0,,0,0,0,0,0
2025-05-10,2025,5,May,10,Saturday,5,19,2,1,Spring,,,0,0,0,0,,0,0,0,0,1
2025-05-11,2025,5,May,11,Sunday,6,19,2,1,Spring,,,0,0,0,0,,0,0,0,0,1
2025-05-12,2025,5,May,12,Monday,0,20,2,0,Spring,,,0,0,0,0,,0,0,0,0,0
2025-05-13,2025,5,May,13,Tuesday,1,20,2,0,Spring,,,0,0,0,0,,0,0,0,0,0
2025-05-14,2025,5,May,14,Wednesday,2,20,2,0,Spring,,,0,0,0,0,,0,0,0,0,0
2025-05-15,2025,5,May,15,Thursday,3,20,2,0,Spring,,,0,0,0,0,,0,0,0,0,0
2025-05-16,2025,5,May,16,Friday,4,20,2,0,Spring,,,0,0,0,0,,0,0,0,0,0
2025-05-17,2025,5,May,17,Saturday,5,20,2,1,Spring,,,0,0,0,0,,0,0,0,0,1
2025-05-18,2025,5,May,18,Sunday,6,20,2,1,Spring,,,0,0,0,0,,0,0,0,0,1
2025-05-19,2025,5,May,19,Monday,0,21,2,0,Spring,,,0,0,0,0,,0,0,0,0,0
2025-05-20,2025,5,May,20,Tuesday,1,21,2,0,Spring,,,0,0,0,0,,0,0,0,0,0
2025-05-21,2025,5,May,21,Wednesday,2,21,2,0,Spring,,,0,0,0,0,,0,0,0,0,0
2025-05-22,2025,5,May,22,Thursday,3,21,2,0,Spring,,,0,0,0,0,,0,0,0,0,0
2025-05-23,2025,5,May,23,Friday,4,21,2,0,Spring,,,0,0,0,0,,0,0,0,0,0
2025-05-24,2025,5,May,24,Saturday,5,21,2,1,Spring,,,0,0,0,0,,0,0,0,0,1
2025-05-25,2025,5,May,25,Sunday,6,21,2,1,Spring,,,0,0,0,0,,0,0,0,0,1
2025-05-26,2025,5,May,26,Monday,0,22,2,0,Spring,Spring bank holiday,england-and-wales | scotland,1,1,1,0,,0,0,0,0,1
2025-05-27,2025,5,May,27,Tuesday,1,22,2,0,Spring,,,0,0,0,0,,0,0,0,0,0
2025-05-28,2025,5,May,28,Wednesday,2,22,2,0,Spring,,,0,0,0,0,,0,0,0,0,0
2025-05-29,2025,5,May,29,Thursday,3,22,2,0,Spring,,,0,0,0,0,,0,0,0,0,0
2025-05-30,2025,5,May,30,Friday,4,22,2,0,Spring,,,0,0,0,0,,0,0,0,0,0
2025-05-31,2025,5,May,31,Saturday,5,22,2,1,Spring,,,0,0,0,0,,0,0,0,0,1
2025-06-01,2025,6,June,1,Sunday,6,22,2,1,Summer,,,0,0,0,0,,0,0,0,0,1
2025-06-02,2025,6,June,2,Monday,0,23,2,0,Summer,,,0,0,0,0,,0,0,0,0,0
2025-06-03,2025,6,June,3,Tuesday,1,23,2,0,Summer,,,0,0,0,0,,0,0,0,0,0
2025-06-04,2025,6,June,4,Wednesday,2,23,2,0,Summer,,,0,0,0,0,,0,0,0,0,0
2025-06-05,2025,6,June,5,Thursday,3,23,2,0,Summer,,,0,0,0,0,,0,0,0,0,0
2025-06-06,2025,6,June,6,Friday,4,23,2,0,Summer,,,0,0,0,0,,0,0,0,0,0
2025-06-07,2025,6,June,7,Saturday,5,23,2,1,Summer,,,0,0,0,0,,0,0,0,0,1
2025-06-08,2025,6,June,8,Sunday,6,23,2,1,Summer,,,0,0,0,0,,0,0,0,0,1
2025-06-09,2025,6,June,9,Monday,0,24,2,0,Summer,,,0,0,0,0,,0,0,0,0,0
2025-06-10,2025,6,June,10,Tuesday,1,24,2,0,Summer,,,0,0,0,0,,0,0,0,0,0
2025-06-11,2025,6,June,11,Wednesday,2,24,2,0,Summer,,,0,0,0,0,,0,0,0,0,0
2025-06-12,2025,6,June,12,Thursday,3,24,2,0,Summer,,,0,0,0,0,,0,0,0,0,0
2025-06-13,2025,6,June,13,Friday,4,24,2,0,Summer,,,0,0,0,0,,0,0,0,0,0
2025-06-14,2025,6,June,14,Saturday,5,24,2,1,Summer,,,0,0,0,0,,0,0,0,0,1
2025-06-15,2025,6,June,15,Sunday,6,24,2,1,Summer,,,0,0,0,0,,0,0,0,0,1
2025-06-16,2025,6,June,16,Monday,0,25,2,0,Summer,,,0,0,0,0,,0,0,0,0,0
2025-06-17,2025,6,June,17,Tuesday,1,25,2,0,Summer,,,0,0,0,0,,0,0,0,0,0
2025-06-18,2025,6,June,18,Wednesday,2,25,2,0,Summer,,,0,0,0,0,,0,0,0,0,0
2025-06-19,2025,6,June,19,Thursday,3,25,2,0,Summer,,,0,0,0,0,,0,0,0,0,0
2025-06-20,2025,6,June,20,Friday,4,25,2,0,Summer,,,0,0,0,0,,0,0,0,0,0
2025-06-21,2025,6,June,21,Saturday,5,25,2,1,Summer,,,0,0,0,0,,0,0,0,0,1
2025-06-22,2025,6,June,22,Sunday,6,25,2,1,Summer,,,0,0,0,0,,0,0,0,0,1
2025-06-23,2025,6,June,23,Monday,0,26,2,0,Summer,,,0,0,0,0,,0,0,0,0,0
2025-06-24,2025,6,June,24,Tuesday,1,26,2,0,Summer,,,0,0,0,0,,0,0,0,0,0
2025-06-25,2025,6,June,25,Wednesday,2,26,2,0,Summer,,,0,0,0,0,,0,0,0,0,0
2025-06-26,2025,6,June,26,Thursday,3,26,2,0,Summer,,,0,0,0,0,,0,0,0,0,0
2025-06-27,2025,6,June,27,Friday,4,26,2,0,Summer,,,0,0,0,0,,0,0,0,0,0
2025-06-28,2025,6,June,28,Saturday,5,26,2,1,Summer,,,0,0,0,0,,0,0,0,0,1
2025-06-29,2025,6,June,29,Sunday,6,26,2,1,Summer,,,0,0,0,0,,0,0,0,0,1
2025-06-30,2025,6,June,30,Monday,0,27,2,0,Summer,,,0,0,0,0,,0,0,0,0,0
2025-07-01,2025,7,July,1,Tuesday,1,27,3,0,Summer,,,0,0,0,0,,0,0,0,0,0
2025-07-02,2025,7,July,2,Wednesday,2,27,3,0,Summer,,,0,0,0,0,,0,0,0,0,0
2025-07-03,2025,7,July,3,Thursday,3,27,3,0,Summer,,,0,0,0,0,,0,0,0,0,0
2025-07-04,2025,7,July,4,Friday,4,27,3,0,Summer,,,0,0,0,0,,0,0,0,0,0
2025-07-05,2025,7,July,5,Saturday,5,27,3,1,Summer,,,0,0,0,0,,0,0,0,0,1
2025-07-06,2025,7,July,6,Sunday,6,27,3,1,Summer,,,0,0,0,0,,0,0,0,0,1
2025-07-07,2025,7,July,7,Monday,0,28,3,0,Summer,,,0,0,0,0,,0,0,0,0,0
2025-07-08,2025,7,July,8,Tuesday,1,28,3,0,Summer,,,0,0,0,0,,0,0,0,0,0
2025-07-09,2025,7,July,9,Wednesday,2,28,3,0,Summer,,,0,0,0,0,,0,0,0,0,0
2025-07-10,2025,7,July,10,Thursday,3,28,3,0,Summer,,,0,0,0,0,,0,0,0,0,0
2025-07-11,2025,7,July,11,Friday,4,28,3,0,Summer,,,0,0,0,0,,0,0,0,0,0
2025-07-12,2025,7,July,12,Saturday,5,28,3,1,Summer,,,0,0,0,0,,0,0,0,0,1
2025-07-13,2025,7,July,13,Sunday,6,28,3,1,Summer,,,0,0,0,0,,0,0,0,0,1
2025-07-14,2025,7,July,14,Monday,0,29,3,0,Summer,,,0,0,0,0,,0,0,0,0,0
2025-07-15,2025,7,July,15,Tuesday,1,29,3,0,Summer,,,0,0,0,0,,0,0,0,0,0
2025-07-16,2025,7,July,16,Wednesday,2,29,3,0,Summer,,,0,0,0,0,,0,0,0,0,0
2025-07-17,2025,7,July,17,Thursday,3,29,3,0,Summer,,,0,0,0,0,,0,0,0,0,0
2025-07-18,2025,7,July,18,Friday,4,29,3,0,Summer,,,0,0,0,0,,0,0,0,0,0
2025-07-19,2025,7,July,19,Saturday,5,29,3,1,Summer,,,0,0,0,0,,0,0,0,0,1
2025-07-20,2025,7,July,20,Sunday,6,29,3,1,Summer,,,0,0,0,0,,0,0,0,0,1
2025-07-21,2025,7,July,21,Monday,0,30,3,0,Summer,,,0,0,0,0,,0,0,0,0,0
2025-07-22,2025,7,July,22,Tuesday,1,30,3,0,Summer,,,0,0,0,0,,0,0,0,0,0
2025-07-23,2025,7,July,23,Wednesday,2,30,3,0,Summer,,,0,0,0,0,,0,0,0,0,0
2025-07-24,2025,7,July,24,Thursday,3,30,3,0,Summer,,,0,0,0,0,,0,0,0,0,0
2025-07-25,2025,7,July,25,Friday,4,30,3,0,Summer,,,0,0,0,0,,0,0,0,0,0
2025-07-26,2025,7,July,26,Saturday,5,30,3,1,Summer,,,0,0,0,0,,0,0,0,0,1
2025-07-27,2025,7,July,27,Sunday,6,30,3,1,Summer,,,0,0,0,0,,0,0,0,0,1
2025-07-28,2025,7,July,28,Monday,0,31,3,0,Summer,,,0,0,0,0,,0,0,0,0,0
2025-07-29,2025,7,July,29,Tuesday,1,31,3,0,Summer,,,0,0,0,0,,0,0,0,0,0
2025-07-30,2025,7,July,30,Wednesday,2,31,3,0,Summer,,,0,0,0,0,,0,0,0,0,0
2025-07-31,2025,7,July,31,Thursday,3,31,3,0,Summer,,,0,0,0,0,,0,0,0,0,0
2025-08-01,2025,8,August,1,Friday,4,31,3,0,Summer,,,0,0,0,0,,0,0,0,0,0
2025-08-02,2025,8,August,2,Saturday,5,31,3,1,Summer,,,0,0,0,0,,0,0,0,0,1
2025-08-03,2025,8,August,3,Sunday,6,31,3,1,Summer,,,0,0,0,0,,0,0,0,0,1
2025-08-04,2025,8,August,4,Monday,0,32,3,0,Summer,Summer bank holiday,scotland,0,1,1,0,,0,0,0,0,1
2025-08-05,2025,8,August,5,Tuesday,1,32,3,0,Summer,,,0,0,0,0,,0,0,0,0,0
2025-08-06,2025,8,August,6,Wednesday,2,32,3,0,Summer,,,0,0,0,0,,0,0,0,0,0
2025-08-07,2025,8,August,7,Thursday,3,32,3,0,Summer,,,0,0,0,0,,0,0,0,0,0
2025-08-08,2025,8,August,8,Friday,4,32,3,0,Summer,,,0,0,0,0,,0,0,0,0,0
2025-08-09,2025,8,August,9,Saturday,5,32,3,1,Summer,,,0,0,0,0,,0,0,0,0,1
2025-08-10,2025,8,August,10,Sunday,6,32,3,1,Summer,,,0,0,0,0,,0,0,0,0,1
2025-08-11,2025,8,August,11,Monday,0,33,3,0,Summer,,,0,0,0,0,,0,0,0,0,0
2025-08-12,2025,8,August,12,Tuesday,1,33,3,0,Summer,,,0,0,0,0,,0,0,0,0,0
2025-08-13,2025,8,August,13,Wednesday,2,33,3,0,Summer,,,0,0,0,0,,0,0,0,0,0
2025-08-14,2025,8,August,14,Thursday,3,33,3,0,Summer,,,0,0,0,0,,0,0,0,0,0
2025-08-15,2025,8,August,15,Friday,4,33,3,0,Summer,,,0,0,0,0,,0,0,0,0,0
2025-08-16,2025,8,August,16,Saturday,5,33,3,1,Summer,,,0,0,0,0,,0,0,0,0,1
2025-08-17,2025,8,August,17,Sunday,6,33,3,1,Summer,,,0,0,0,0,,0,0,0,0,1
2025-08-18,2025,8,August,18,Monday,0,34,3,0,Summer,,,0,0,0,0,,0,0,0,0,0
2025-08-19,2025,8,August,19,Tuesday,1,34,3,0,Summer,,,0,0,0,0,,0,0,0,0,0
2025-08-20,2025,8,August,20,Wednesday,2,34,3,0,Summer,,,0,0,0,0,,0,0,0,0,0
2025-08-21,2025,8,August,21,Thursday,3,34,3,0,Summer,,,0,0,0,0,,0,0,0,0,0
2025-08-22,2025,8,August,22,Friday,4,34,3,0,Summer,,,0,0,0,0,,0,0,0,0,0
2025-08-23,2025,8,August,23,Saturday,5,34,3,1,Summer,,,0,0,0,0,,0,0,0,0,1
2025-08-24,2025,8,August,24,Sunday,6,34,3,1,Summer,,,0,0,0,0,,0,0,0,0,1
2025-08-25,2025,8,August,25,Monday,0,35,3,0,Summer,Summer bank holiday,england-and-wales,1,0,1,0,,0,0,0,0,1
2025-08-26,2025,8,August,26,Tuesday,1,35,3,0,Summer,,,0,0,0,0,,0,0,0,0,0
2025-08-27,2025,8,August,27,Wednesday,2,35,3,0,Summer,,,0,0,0,0,,0,0,0,0,0
2025-08-28,2025,8,August,28,Thursday,3,35,3,0,Summer,,,0,0,0,0,,0,0,0,0,0
2025-08-29,2025,8,August,29,Friday,4,35,3,0,Summer,,,0,0,0,0,,0,0,0,0,0
2025-08-30,2025,8,August,30,Saturday,5,35,3,1,Summer,,,0,0,0,0,,0,0,0,0,1
2025-08-31,2025,8,August,31,Sunday,6,35,3,1,Summer,,,0,0,0,0,,0,0,0,0,1
2025-09-01,2025,9,September,1,Monday,0,36,3,0,Autumn,,,0,0,0,0,,0,0,0,0,0
2025-09-02,2025,9,September,2,Tuesday,1,36,3,0,Autumn,,,0,0,0,0,,0,0,0,0,0
2025-09-03,2025,9,September,3,Wednesday,2,36,3,0,Autumn,,,0,0,0,0,,0,0,0,0,0
2025-09-04,2025,9,September,4,Thursday,3,36,3,0,Autumn,,,0,0,0,0,,0,0,0,0,0
2025-09-05,2025,9,September,5,Friday,4,36,3,0,Autumn,,,0,0,0,0,,0,0,0,0,0
2025-09-06,2025,9,September,6,Saturday,5,36,3,1,Autumn,,,0,0,0,0,,0,0,0,0,1
2025-09-07,2025,9,September,7,Sunday,6,36,3,1,Autumn,,,0,0,0,0,,0,0,0,0,1
2025-09-08,2025,9,September,8,Monday,0,37,3,0,Autumn,,,0,0,0,0,,0,0,0,0,0
2025-09-09,2025,9,September,9,Tuesday,1,37,3,0,Autumn,,,0,0,0,0,,0,0,0,0,0
2025-09-10,2025,9,September,10,Wednesday,2,37,3,0,Autumn,,,0,0,0,0,,0,0,0,0,0
2025-09-11,2025,9,September,11,Thursday,3,37,3,0,Autumn,,,0,0,0,0,,0,0,0,0,0
2025-09-12,2025,9,September,12,Friday,4,37,3,0,Autumn,,,0,0,0,0,,0,0,0,0,0
2025-09-13,2025,9,September,13,Saturday,5,37,3,1,Autumn,,,0,0,0,0,,0,0,0,0,1
2025-09-14,2025,9,September,14,Sunday,6,37,3,1,Autumn,,,0,0,0,0,,0,0,0,0,1
2025-09-15,2025,9,September,15,Monday,0,38,3,0,Autumn,,,0,0,0,0,,0,0,0,0,0
2025-09-16,2025,9,September,16,Tuesday,1,38,3,0,Autumn,,,0,0,0,0,,0,0,0,0,0
2025-09-17,2025,9,September,17,Wednesday,2,38,3,0,Autumn,,,0,0,0,0,,0,0,0,0,0
2025-09-18,2025,9,September,18,Thursday,3,38,3,0,Autumn,,,0,0,0,0,,0,0,0,0,0
2025-09-19,2025,9,September,19,Friday,4,38,3,0,Autumn,,,0,0,0,0,,0,0,0,0,0
2025-09-20,2025,9,September,20,Saturday,5,38,3,1,Autumn,,,0,0,0,0,,0,0,0,0,1
2025-09-21,2025,9,September,21,Sunday,6,38,3,1,Autumn,,,0,0,0,0,,0,0,0,0,1
2025-09-22,2025,9,September,22,Monday,0,39,3,0,Autumn,,,0,0,0,0,,0,0,0,0,0
2025-09-23,2025,9,September,23,Tuesday,1,39,3,0,Autumn,,,0,0,0,0,,0,0,0,0,0
2025-09-24,2025,9,September,24,Wednesday,2,39,3,0,Autumn,,,0,0,0,0,,0,0,0,0,0
2025-09-25,2025,9,September,25,Thursday,3,39,3,0,Autumn,,,0,0,0,0,,0,0,0,0,0
2025-09-26,2025,9,September,26,Friday,4,39,3,0,Autumn,,,0,0,0,0,,0,0,0,0,0
2025-09-27,2025,9,September,27,Saturday,5,39,3,1,Autumn,,,0,0,0,0,,0,0,0,0,1
2025-09-28,2025,9,September,28,Sunday,6,39,3,1,Autumn,,,0,0,0,0,,0,0,0,0,1
2025-09-29,2025,9,September,29,Monday,0,40,3,0,Autumn,,,0,0,0,0,,0,0,0,0,0
2025-09-30,2025,9,September,30,Tuesday,1,40,3,0,Autumn,,,0,0,0,0,,0,0,0,0,0
2025-10-01,2025,10,October,1,Wednesday,2,40,4,0,Autumn,,,0,0,0,0,,0,0,0,0,0
2025-10-02,2025,10,October,2,Thursday,3,40,4,0,Autumn,,,0,0,0,0,,0,0,0,0,0
2025-10-03,2025,10,October,3,Friday,4,40,4,0,Autumn,,,0,0,0,0,,0,0,0,0,0
2025-10-04,2025,10,October,4,Saturday,5,40,4,1,Autumn,,,0,0,0,0,,0,0,0,0,1
2025-10-05,2025,10,October,5,Sunday,6,40,4,1,Autumn,,,0,0,0,0,,0,0,0,0,1
2025-10-06,2025,10,October,6,Monday,0,41,4,0,Autumn,,,0,0,0,0,,0,0,0,0,0
2025-10-07,2025,10,October,7,Tuesday,1,41,4,0,Autumn,,,0,0,0,0,,0,0,0,0,0
2025-10-08,2025,10,October,8,Wednesday,2,41,4,0,Autumn,,,0,0,0,0,,0,0,0,0,0
2025-10-09,2025,10,October,9,Thursday,3,41,4,0,Autumn,,,0,0,0,0,,0,0,0,0,0
2025-10-10,2025,10,October,10,Friday,4,41,4,0,Autumn,,,0,0,0,0,,0,0,0,0,0
2025-10-11,2025,10,October,11,Saturday,5,41,4,1,Autumn,,,0,0,0,0,,0,0,0,0,1
2025-10-12,2025,10,October,12,Sunday,6,41,4,1,Autumn,,,0,0,0,0,,0,0,0,0,1
2025-10-13,2025,10,October,13,Monday,0,42,4,0,Autumn,,,0,0,0,0,,0,0,0,0,0
2025-10-14,2025,10,October,14,Tuesday,1,42,4,0,Autumn,,,0,0,0,0,,0,0,0,0,0
2025-10-15,2025,10,October,15,Wednesday,2,42,4,0,Autumn,,,0,0,0,0,,0,0,0,0,0
2025-10-16,2025,10,October,16,Thursday,3,42,4,0,Autumn,,,0,0,0,0,,0,0,0,0,0
2025-10-17,2025,10,October,17,Friday,4,42,4,0,Autumn,,,0,0,0,0,,0,0,0,0,0
2025-10-18,2025,10,October,18,Saturday,5,42,4,1,Autumn,,,0,0,0,0,,0,0,0,0,1
2025-10-19,2025,10,October,19,Sunday,6,42,4,1,Autumn,,,0,0,0,0,,0,0,0,0,1
2025-10-20,2025,10,October,20,Monday,0,43,4,0,Autumn,,,0,0,0,0,,0,0,0,0,0
2025-10-21,2025,10,October,21,Tuesday,1,43,4,0,Autumn,,,0,0,0,0,,0,0,0,0,0
2025-10-22,2025,10,October,22,Wednesday,2,43,4,0,Autumn,,,0,0,0,0,,0,0,0,0,0
2025-10-23,2025,10,October,23,Thursday,3,43,4,0,Autumn,,,0,0,0,0,,0,0,0,0,0
2025-10-24,2025,10,October,24,Friday,4,43,4,0,Autumn,,,0,0,0,0,,0,0,0,0,0
2025-10-25,2025,10,October,25,Saturday,5,43,4,1,Autumn,,,0,0,0,0,,0,0,0,0,1
2025-10-26,2025,10,October,26,Sunday,6,43,4,1,Autumn,,,0,0,0,0,,0,0,0,0,1
2025-10-27,2025,10,October,27,Monday,0,44,4,0,Autumn,,,0,0,0,0,,0,0,0,0,0
2025-10-28,2025,10,October,28,Tuesday,1,44,4,0,Autumn,,,0,0,0,0,,0,0,0,0,0
2025-10-29,2025,10,October,29,Wednesday,2,44,4,0,Autumn,,,0,0,0,0,,0,0,0,0,0
2025-10-30,2025,10,October,30,Thursday,3,44,4,0,Autumn,,,0,0,0,0,,0,0,0,0,0
2025-10-31,2025,10,October,31,Friday,4,44,4,0,Autumn,,,0,0,0,0,,0,0,0,0,0
2025-11-01,2025,11,November,1,Saturday,5,44,4,1,Autumn,,,0,0,0,0,,0,0,0,0,1
2025-11-02,2025,11,November,2,Sunday,6,44,4,1,Autumn,,,0,0,0,0,,0,0,0,0,1
2025-11-03,2025,11,November,3,Monday,0,45,4,0,Autumn,,,0,0,0,0,,0,0,0,0,0
2025-11-04,2025,11,November,4,Tuesday,1,45,4,0,Autumn,,,0,0,0,0,,0,0,0,0,0
2025-11-05,2025,11,November,5,Wednesday,2,45,4,0,Autumn,,,0,0,0,0,,0,0,0,0,0
2025-11-06,2025,11,November,6,Thursday,3,45,4,0,Autumn,,,0,0,0,0,,0,0,0,0,0
2025-11-07,2025,11,November,7,Friday,4,45,4,0,Autumn,,,0,0,0,0,,0,0,0,0,0
2025-11-08,2025,11,November,8,Saturday,5,45,4,1,Autumn,,,0,0,0,0,,0,0,0,0,1
2025-11-09,2025,11,November,9,Sunday,6,45,4,1,Autumn,,,0,0,0,0,,0,0,0,0,1
2025-11-10,2025,11,November,10,Monday,0,46,4,0,Autumn,,,0,0,0,0,,0,0,0,0,0
2025-11-11,2025,11,November,11,Tuesday,1,46,4,0,Autumn,,,0,0,0,0,,0,0,0,0,0
2025-11-12,2025,11,November,12,Wednesday,2,46,4,0,Autumn,,,0,0,0,0,,0,0,0,0,0
2025-11-13,2025,11,November,13,Thursday,3,46,4,0,Autumn,,,0,0,0,0,,0,0,0,0,0
2025-11-14,2025,11,November,14,Friday,4,46,4,0,Autumn,,,0,0,0,0,,0,0,0,0,0
2025-11-15,2025,11,November,15,Saturday,5,46,4,1,Autumn,,,0,0,0,0,,0,0,0,0,1
2025-11-16,2025,11,November,16,Sunday,6,46,4,1,Autumn,,,0,0,0,0,,0,0,0,0,1
2025-11-17,2025,11,November,17,Monday,0,47,4,0,Autumn,,,0,0,0,0,,0,0,0,0,0
2025-11-18,2025,11,November,18,Tuesday,1,47,4,0,Autumn,,,0,0,0,0,,0,0,0,0,0
2025-11-19,2025,11,November,19,Wednesday,2,47,4,0,Autumn,,,0,0,0,0,,0,0,0,0,0
2025-11-20,2025,11,November,20,Thursday,3,47,4,0,Autumn,,,0,0,0,0,,0,0,0,0,0
2025-11-21,2025,11,November,21,Friday,4,47,4,0,Autumn,,,0,0,0,0,,0,0,0,0,0
2025-11-22,2025,11,November,22,Saturday,5,47,4,1,Autumn,,,0,0,0,0,,0,0,0,0,1
2025-11-23,2025,11,November,23,Sunday,6,47,4,1,Autumn,,,0,0,0,0,,0,0,0,0,1
2025-11-24,2025,11,November,24,Monday,0,48,4,0,Autumn,,,0,0,0,0,,0,0,0,0,0
2025-11-25,2025,11,November,25,Tuesday,1,48,4,0,Autumn,,,0,0,0,0,,0,0,0,0,0
2025-11-26,2025,11,November,26,Wednesday,2,48,4,0,Autumn,,,0,0,0,0,,0,0,0,0,0
2025-11-27,2025,11,November,27,Thursday,3,48,4,0,Autumn,,,0,0,0,0,,0,0,0,0,0
2025-11-28,2025,11,November,28,Friday,4,48,4,0,Autumn,,,0,0,0,0,,0,0,0,0,0
2025-11-29,2025,11,November,29,Saturday,5,48,4,1,Autumn,,,0,0,0,0,,0,0,0,0,1
2025-11-30,2025,11,November,30,Sunday,6,48,4,1,Autumn,,,0,0,0,0,,0,0,0,0,1
2025-12-01,2025,12,December,1,Monday,0,49,4,0,Winter,St Andrew’s Day,scotland,0,1,1,0,,0,0,0,0,1
2025-12-02,2025,12,December,2,Tuesday,1,49,4,0,Winter,,,0,0,0,0,,0,0,0,0,0
2025-12-03,2025,12,December,3,Wednesday,2,49,4,0,Winter,,,0,0,0,0,,0,0,0,0,0
2025-12-04,2025,12,December,4,Thursday,3,49,4,0,Winter,,,0,0,0,0,,0,0,0,0,0
2025-12-05,2025,12,December,5,Friday,4,49,4,0,Winter,,,0,0,0,0,,0,0,0,0,0
2025-12-06,2025,12,December,6,Saturday,5,49,4,1,Winter,,,0,0,0,0,,0,0,0,0,1
2025-12-07,2025,12,December,7,Sunday,6,49,4,1,Winter,,,0,0,0,0,,0,0,0,0,1
2025-12-08,2025,12,December,8,Monday,0,50,4,0,Winter,,,0,0,0,0,,0,0,0,0,0
2025-12-09,2025,12,December,9,Tuesday,1,50,4,0,Winter,,,0,0,0,0,,0,0,0,0,0
2025-12-10,2025,12,December,10,Wednesday,2,50,4,0,Winter,,,0,0,0,0,,0,0,0,0,0
2025-12-11,2025,12,December,11,Thursday,3,50,4,0,Winter,,,0,0,0,0,,0,0,0,0,0
2025-12-12,2025,12,December,12,Friday,4,50,4,0,Winter,,,0,0,0,0,,0,0,0,0,0
2025-12-13,2025,12,December,13,Saturday,5,50,4,1,Winter,,,0,0,0,0,,0,0,0,0,1
2025-12-14,2025,12,December,14,Sunday,6,50,4,1,Winter,,,0,0,0,0,,0,0,0,0,1
2025-12-15,2025,12,December,15,Monday,0,51,4,0,Winter,,,0,0,0,0,,0,0,0,0,0
2025-12-16,2025,12,December,16,Tuesday,1,51,4,0,Winter,,,0,0,0,0,,0,0,0,0,0
2025-12-17,2025,12,December,17,Wednesday,2,51,4,0,Winter,,,0,0,0,0,,0,0,0,0,0
2025-12-18,2025,12,December,18,Thursday,3,51,4,0,Winter,,,0,0,0,0,,0,0,0,0,0
2025-12-19,2025,12,December,19,Friday,4,51,4,0,Winter,,,0,0,0,0,,0,0,0,0,0
2025-12-20,2025,12,December,20,Saturday,5,51,4,1,Winter,,,0,0,0,0,,0,0,0,0,1
2025-12-21,2025,12,December,21,Sunday,6,51,4,1,Winter,,,0,0,0,0,,0,0,0,0,1
2025-12-22,2025,12,December,22,Monday,0,52,4,0,Winter,,,0,0,0,0,,0,0,0,0,0
2025-12-23,2025,12,December,23,Tuesday,1,52,4,0,Winter,,,0,0,0,0,,0,0,0,0,0
2025-12-24,2025,12,December,24,Wednesday,2,52,4,0,Winter,,,0,0,0,0,,0,0,0,0,0
2025-12-25,2025,12,December,25,Thursday,3,52,4,0,Winter,Christmas Day,england-and-wales | scotland,1,1,1,0,,0,0,0,0,1
2025-12-26,2025,12,December,26,Friday,4,52,4,0,Winter,Boxing Day,england-and-wales | scotland,1,1,1,0,,0,0,0,0,1
2025-12-27,2025,12,December,27,Saturday,5,52,4,1,Winter,,,0,0,0,0,,0,0,0,0,1
2025-12-28,2025,12,December,28,Sunday,6,52,4,1,Winter,,,0,0,0,0,,0,0,0,0,1
2025-12-29,2025,12,December,29,Monday,0,1,4,0,Winter,,,0,0,0,0,,0,0,0,0,0
2025-12-30,2025,12,December,30,Tuesday,1,1,4,0,Winter,,,0,0,0,0,,0,0,0,0,0
2025-12-31,2025,12,December,31,Wednesday,2,1,4,0,Winter,,,0,0,0,0,,0,0,0,0,0
2026-01-01,2026,1,January,1,Thursday,3,1,1,0,Winter,New Year’s Day,england-and-wales | scotland,1,1,1,0,,0,0,0,0,1
2026-01-02,2026,1,January,2,Friday,4,1,1,0,Winter,2nd January,scotland,0,1,1,0,,0,0,0,0,1
2026-01-03,2026,1,January,3,Saturday,5,1,1,1,Winter,,,0,0,0,0,,0,0,0,0,1
2026-01-04,2026,1,January,4,Sunday,6,1,1,1,Winter,,,0,0,0,0,,0,0,0,0,1
2026-01-05,2026,1,January,5,Monday,0,2,1,0,Winter,,,0,0,0,0,,0,0,0,0,0
2026-01-06,2026,1,January,6,Tuesday,1,2,1,0,Winter,,,0,0,0,0,,0,0,0,0,0
2026-01-07,2026,1,January,7,Wednesday,2,2,1,0,Winter,,,0,0,0,0,,0,0,0,0,0
2026-01-08,2026,1,January,8,Thursday,3,2,1,0,Winter,,,0,0,0,0,,0,0,0,0,0
2026-01-09,2026,1,January,9,Friday,4,2,1,0,Winter,,,0,0,0,0,,0,0,0,0,0
2026-01-10,2026,1,January,10,Saturday,5,2,1,1,Winter,,,0,0,0,0,,0,0,0,0,1
2026-01-11,2026,1,January,11,Sunday,6,2,1,1,Winter,,,0,0,0,0,,0,0,0,0,1
2026-01-12,2026,1,January,12,Monday,0,3,1,0,Winter,,,0,0,0,0,,0,0,0,0,0
2026-01-13,2026,1,January,13,Tuesday,1,3,1,0,Winter,,,0,0,0,0,,0,0,0,0,0
2026-01-14,2026,1,January,14,Wednesday,2,3,1,0,Winter,,,0,0,0,0,,0,0,0,0,0
2026-01-15,2026,1,January,15,Thursday,3,3,1,0,Winter,,,0,0,0,0,,0,0,0,0,0
2026-01-16,2026,1,January,16,Friday,4,3,1,0,Winter,,,0,0,0,0,,0,0,0,0,0
2026-01-17,2026,1,January,17,Saturday,5,3,1,1,Winter,,,0,0,0,0,,0,0,0,0,1
2026-01-18,2026,1,January,18,Sunday,6,3,1,1,Winter,,,0,0,0,0,,0,0,0,0,1
2026-01-19,2026,1,January,19,Monday,0,4,1,0,Winter,,,0,0,0,0,,0,0,0,0,0
2026-01-20,2026,1,January,20,Tuesday,1,4,1,0,Winter,,,0,0,0,0,,0,0,0,0,0
2026-01-21,2026,1,January,21,Wednesday,2,4,1,0,Winter,,,0,0,0,0,,0,0,0,0,0
2026-01-22,2026,1,January,22,Thursday,3,4,1,0,Winter,,,0,0,0,0,,0,0,0,0,0
2026-01-23,2026,1,January,23,Friday,4,4,1,0,Winter,,,0,0,0,0,,0,0,0,0,0
2026-01-24,2026,1,January,24,Saturday,5,4,1,1,Winter,,,0,0,0,0,,0,0,0,0,1
2026-01-25,2026,1,January,25,Sunday,6,4,1,1,Winter,,,0,0,0,0,,0,0,0,0,1
2026-01-26,2026,1,January,26,Monday,0,5,1,0,Winter,,,0,0,0,0,,0,0,0,0,0
2026-01-27,2026,1,January,27,Tuesday,1,5,1,0,Winter,,,0,0,0,0,,0,0,0,0,0
2026-01-28,2026,1,January,28,Wednesday,2,5,1,0,Winter,,,0,0,0,0,,0,0,0,0,0
2026-01-29,2026,1,January,29,Thursday,3,5,1,0,Winter,,,0,0,0,0,,0,0,0,0,0
2026-01-30,2026,1,January,30,Friday,4,5,1,0,Winter,,,0,0,0,0,,0,0,0,0,0
2026-01-31,2026,1,January,31,Saturday,5,5,1,1,Winter,,,0,0,0,0,,0,0,0,0,1
2026-02-01,2026,2,February,1,Sunday,6,5,1,1,Winter,,,0,0,0,0,,0,0,0,0,1
2026-02-02,2026,2,February,2,Monday,0,6,1,0,Winter,,,0,0,0,0,,0,0,0,0,0
2026-02-03,2026,2,February,3,Tuesday,1,6,1,0,Winter,,,0,0,0,0,,0,0,0,0,0
2026-02-04,2026,2,February,4,Wednesday,2,6,1,0,Winter,,,0,0,0,0,,0,0,0,0,0
2026-02-05,2026,2,February,5,Thursday,3,6,1,0,Winter,,,0,0,0,0,,0,0,0,0,0
2026-02-06,2026,2,February,6,Friday,4,6,1,0,Winter,,,0,0,0,0,,0,0,0,0,0
2026-02-07,2026,2,February,7,Saturday,5,6,1,1,Winter,,,0,0,0,0,,0,0,0,0,1
2026-02-08,2026,2,February,8,Sunday,6,6,1,1,Winter,,,0,0,0,0,,0,0,0,0,1
2026-02-09,2026,2,February,9,Monday,0,7,1,0,Winter,,,0,0,0,0,,0,0,0,0,0
2026-02-10,2026,2,February,10,Tuesday,1,7,1,0,Winter,,,0,0,0,0,,0,0,0,0,0
2026-02-11,2026,2,February,11,Wednesday,2,7,1,0,Winter,,,0,0,0,0,,0,0,0,0,0
2026-02-12,2026,2,February,12,Thursday,3,7,1,0,Winter,,,0,0,0,0,,0,0,0,0,0
2026-02-13,2026,2,February,13,Friday,4,7,1,0,Winter,,,0,0,0,0,,0,0,0,0,0
2026-02-14,2026,2,February,14,Saturday,5,7,1,1,Winter,,,0,0,0,0,,0,0,0,0,1
2026-02-15,2026,2,February,15,Sunday,6,7,1,1,Winter,,,0,0,0,0,,0,0,0,0,1
2026-02-16,2026,2,February,16,Monday,0,8,1,0,Winter,,,0,0,0,0,,0,0,0,0,0
2026-02-17,2026,2,February,17,Tuesday,1,8,1,0,Winter,,,0,0,0,0,,0,0,0,0,0
2026-02-18,2026,2,February,18,Wednesday,2,8,1,0,Winter,,,0,0,0,0,,0,0,0,0,0
2026-02-19,2026,2,February,19,Thursday,3,8,1,0,Winter,,,0,0,0,0,,0,0,0,0,0
2026-02-20,2026,2,February,20,Friday,4,8,1,0,Winter,,,0,0,0,0,,0,0,0,0,0
2026-02-21,2026,2,February,21,Saturday,5,8,1,1,Winter,,,0,0,0,0,,0,0,0,0,1
2026-02-22,2026,2,February,22,Sunday,6,8,1,1,Winter,,,0,0,0,0,,0,0,0,0,1
2026-02-23,2026,2,February,23,Monday,0,9,1,0,Winter,,,0,0,0,0,,0,0,0,0,0
2026-02-24,2026,2,February,24,Tuesday,1,9,1,0,Winter,,,0,0,0,0,,0,0,0,0,0
2026-02-25,2026,2,February,25,Wednesday,2,9,1,0,Winter,,,0,0,0,0,,0,0,0,0,0
2026-02-26,2026,2,February,26,Thursday,3,9,1,0,Winter,,,0,0,0,0,,0,0,0,0,0
2026-02-27,2026,2,February,27,Friday,4,9,1,0,Winter,,,0,0,0,0,,0,0,0,0,0
2026-02-28,2026,2,February,28,Saturday,5,9,1,1,Winter,,,0,0,0,0,,0,0,0,0,1
2026-03-01,2026,3,March,1,Sunday,6,9,1,1,Spring,,,0,0,0,0,,0,0,0,0,1
2026-03-02,2026,3,March,2,Monday,0,10,1,0,Spring,,,0,0,0,0,,0,0,0,0,0
2026-03-03,2026,3,March,3,Tuesday,1,10,1,0,Spring,,,0,0,0,0,,0,0,0,0,0
2026-03-04,2026,3,March,4,Wednesday,2,10,1,0,Spring,,,0,0,0,0,,0,0,0,0,0
2026-03-05,2026,3,March,5,Thursday,3,10,1,0,Spring,,,0,0,0,0,,0,0,0,0,0
2026-03-06,2026,3,March,6,Friday,4,10,1,0,Spring,,,0,0,0,0,,0,0,0,0,0
2026-03-07,2026,3,March,7,Saturday,5,10,1,1,Spring,,,0,0,0,0,,0,0,0,0,1
2026-03-08,2026,3,March,8,Sunday,6,10,1,1,Spring,,,0,0,0,0,,0,0,0,0,1
2026-03-09,2026,3,March,9,Monday,0,11,1,0,Spring,,,0,0,0,0,,0,0,0,0,0
2026-03-10,2026,3,March,10,Tuesday,1,11,1,0,Spring,,,0,0,0,0,,0,0,0,0,0
2026-03-11,2026,3,March,11,Wednesday,2,11,1,0,Spring,,,0,0,0,0,,0,0,0,0,0
2026-03-12,2026,3,March,12,Thursday,3,11,1,0,Spring,,,0,0,0,0,,0,0,0,0,0
2026-03-13,2026,3,March,13,Friday,4,11,1,0,Spring,,,0,0,0,0,,0,0,0,0,0
2026-03-14,2026,3,March,14,Saturday,5,11,1,1,Spring,,,0,0,0,0,,0,0,0,0,1
2026-03-15,2026,3,March,15,Sunday,6,11,1,1,Spring,,,0,0,0,0,,0,0,0,0,1
2026-03-16,2026,3,March,16,Monday,0,12,1,0,Spring,,,0,0,0,0,,0,0,0,0,0
2026-03-17,2026,3,March,17,Tuesday,1,12,1,0,Spring,,,0,0,0,0,,0,0,0,0,0
2026-03-18,2026,3,March,18,Wednesday,2,12,1,0,Spring,,,0,0,0,0,,0,0,0,0,0
2026-03-19,2026,3,March,19,Thursday,3,12,1,0,Spring,,,0,0,0,0,,0,0,0,0,0
2026-03-20,2026,3,March,20,Friday,4,12,1,0,Spring,,,0,0,0,0,,0,0,0,0,0
2026-03-21,2026,3,March,21,Saturday,5,12,1,1,Spring,,,0,0,0,0,,0,0,0,0,1
2026-03-22,2026,3,March,22,Sunday,6,12,1,1,Spring,,,0,0,0,0,,0,0,0,0,1
2026-03-23,2026,3,March,23,Monday,0,13,1,0,Spring,,,0,0,0,0,,0,0,0,0,0
2026-03-24,2026,3,March,24,Tuesday,1,13,1,0,Spring,,,0,0,0,0,,0,0,0,0,0
2026-03-25,2026,3,March,25,Wednesday,2,13,1,0,Spring,,,0,0,0,0,,0,0,0,0,0
2026-03-26,2026,3,March,26,Thursday,3,13,1,0,Spring,,,0,0,0,0,,0,0,0,0,0
2026-03-27,2026,3,March,27,Friday,4,13,1,0,Spring,,,0,0,0,0,,0,0,0,0,0
2026-03-28,2026,3,March,28,Saturday,5,13,1,1,Spring,,,0,0,0,0,,0,0,0,0,1
2026-03-29,2026,3,March,29,Sunday,6,13,1,1,Spring,,,0,0,0,0,,0,0,0,0,1
2026-03-30,2026,3,March,30,Monday,0,14,1,0,Spring,,,0,0,0,0,,0,0,0,0,0
2026-03-31,2026,3,March,31,Tuesday,1,14,1,0,Spring,,,0,0,0,0,,0,0,0,0,0
2026-04-01,2026,4,April,1,Wednesday,2,14,2,0,Spring,,,0,0,0,0,,0,0,0,0,0
2026-04-02,2026,4,April,2,Thursday,3,14,2,0,Spring,,,0,0,0,0,,0,0,0,0,0
2026-04-03,2026,4,April,3,Friday,4,14,2,0,Spring,Good Friday,england-and-wales | scotland,1,1,1,0,,0,0,0,0,1
2026-04-04,2026,4,April,4,Saturday,5,14,2,1,Spring,,,0,0,0,0,,0,0,0,0,1
2026-04-05,2026,4,April,5,Sunday,6,14,2,1,Spring,,,0,0,0,0,,0,0,0,0,1
2026-04-06,2026,4,April,6,Monday,0,15,2,0,Spring,Easter Monday,england-and-wales,1,0,1,0,,0,0,0,0,1
2026-04-07,2026,4,April,7,Tuesday,1,15,2,0,Spring,,,0,0,0,0,,0,0,0,0,0
2026-04-08,2026,4,April,8,Wednesday,2,15,2,0,Spring,,,0,0,0,0,,0,0,0,0,0
2026-04-09,2026,4,April,9,Thursday,3,15,2,0,Spring,,,0,0,0,0,,0,0,0,0,0
2026-04-10,2026,4,April,10,Friday,4,15,2,0,Spring,,,0,0,0,0,,0,0,0,0,0
2026-04-11,2026,4,April,11,Saturday,5,15,2,1,Spring,,,0,0,0,0,,0,0,0,0,1
2026-04-12,2026,4,April,12,Sunday,6,15,2,1,Spring,,,0,0,0,0,,0,0,0,0,1
2026-04-13,2026,4,April,13,Monday,0,16,2,0,Spring,,,0,0,0,0,,0,0,0,0,0
2026-04-14,2026,4,April,14,Tuesday,1,16,2,0,Spring,,,0,0,0,0,,0,0,0,0,0
2026-04-15,2026,4,April,15,Wednesday,2,16,2,0,Spring,,,0,0,0,0,,0,0,0,0,0
2026-04-16,2026,4,April,16,Thursday,3,16,2,0,Spring,,,0,0,0,0,,0,0,0,0,0
2026-04-17,2026,4,April,17,Friday,4,16,2,0,Spring,,,0,0,0,0,,0,0,0,0,0
2026-04-18,2026,4,April,18,Saturday,5,16,2,1,Spring,,,0,0,0,0,,0,0,0,0,1
2026-04-19,2026,4,April,19,Sunday,6,16,2,1,Spring,,,0,0,0,0,,0,0,0,0,1
2026-04-20,2026,4,April,20,Monday,0,17,2,0,Spring,,,0,0,0,0,,0,0,0,0,0
2026-04-21,2026,4,April,21,Tuesday,1,17,2,0,Spring,,,0,0,0,0,,0,0,0,0,0
2026-04-22,2026,4,April,22,Wednesday,2,17,2,0,Spring,,,0,0,0,0,,0,0,0,0,0
2026-04-23,2026,4,April,23,Thursday,3,17,2,0,Spring,,,0,0,0,0,,0,0,0,0,0
2026-04-24,2026,4,April,24,Friday,4,17,2,0,Spring,,,0,0,0,0,,0,0,0,0,0
2026-04-25,2026,4,April,25,Saturday,5,17,2,1,Spring,,,0,0,0,0,,0,0,0,0,1
2026-04-26,2026,4,April,26,Sunday,6,17,2,1,Spring,,,0,0,0,0,,0,0,0,0,1
2026-04-27,2026,4,April,27,Monday,0,18,2,0,Spring,,,0,0,0,0,,0,0,0,0,0
2026-04-28,2026,4,April,28,Tuesday,1,18,2,0,Spring,,,0,0,0,0,,0,0,0,0,0
2026-04-29,2026,4,April,29,Wednesday,2,18,2,0,Spring,,,0,0,0,0,,0,0,0,0,0
2026-04-30,2026,4,April,30,Thursday,3,18,2,0,Spring,,,0,0,0,0,,0,0,0,0,0
2026-05-01,2026,5,May,1,Friday,4,18,2,0,Spring,,,0,0,0,0,,0,0,0,0,0
2026-05-02,2026,5,May,2,Saturday,5,18,2,1,Spring,,,0,0,0,0,,0,0,0,0,1
2026-05-03,2026,5,May,3,Sunday,6,18,2,1,Spring,,,0,0,0,0,,0,0,0,0,1
2026-05-04,2026,5,May,4,Monday,0,19,2,0,Spring,Early May bank holiday,england-and-wales | scotland,1,1,1,0,,0,0,0,0,1
2026-05-05,2026,5,May,5,Tuesday,1,19,2,0,Spring,,,0,0,0,0,,0,0,0,0,0
2026-05-06,2026,5,May,6,Wednesday,2,19,2,0,Spring,,,0,0,0,0,,0,0,0,0,0
2026-05-07,2026,5,May,7,Thursday,3,19,2,0,Spring,,,0,0,0,0,,0,0,0,0,0
2026-05-08,2026,5,May,8,Friday,4,19,2,0,Spring,,,0,0,0,0,,0,0,0,0,0
2026-05-09,2026,5,May,9,Saturday,5,19,2,1,Spring,,,0,0,0,0,,0,0,0,0,1
2026-05-10,2026,5,May,10,Sunday,6,19,2,1,Spring,,,0,0,0,0,,0,0,0,0,1
2026-05-11,2026,5,May,11,Monday,0,20,2,0,Spring,,,0,0,0,0,,0,0,0,0,0
2026-05-12,2026,5,May,12,Tuesday,1,20,2,0,Spring,,,0,0,0,0,,0,0,0,0,0
2026-05-13,2026,5,May,13,Wednesday,2,20,2,0,Spring,,,0,0,0,0,,0,0,0,0,0
2026-05-14,2026,5,May,14,Thursday,3,20,2,0,Spring,,,0,0,0,0,,0,0,0,0,0
2026-05-15,2026,5,May,15,Friday,4,20,2,0,Spring,,,0,0,0,0,,0,0,0,0,0
2026-05-16,2026,5,May,16,Saturday,5,20,2,1,Spring,,,0,0,0,0,,0,0,0,0,1
2026-05-17,2026,5,May,17,Sunday,6,20,2,1,Spring,,,0,0,0,0,,0,0,0,0,1
2026-05-18,2026,5,May,18,Monday,0,21,2,0,Spring,,,0,0,0,0,,0,0,0,0,0
2026-05-19,2026,5,May,19,Tuesday,1,21,2,0,Spring,,,0,0,0,0,,0,0,0,0,0
2026-05-20,2026,5,May,20,Wednesday,2,21,2,0,Spring,,,0,0,0,0,,0,0,0,0,0
2026-05-21,2026,5,May,21,Thursday,3,21,2,0,Spring,,,0,0,0,0,,0,0,0,0,0
2026-05-22,2026,5,May,22,Friday,4,21,2,0,Spring,,,0,0,0,0,,0,0,0,0,0
2026-05-23,2026,5,May,23,Saturday,5,21,2,1,Spring,,,0,0,0,0,,0,0,0,0,1
2026-05-24,2026,5,May,24,Sunday,6,21,2,1,Spring,,,0,0,0,0,,0,0,0,0,1
2026-05-25,2026,5,May,25,Monday,0,22,2,0,Spring,Spring bank holiday,england-and-wales | scotland,1,1,1,0,,0,0,0,0,1
2026-05-26,2026,5,May,26,Tuesday,1,22,2,0,Spring,,,0,0,0,0,,0,0,0,0,0
2026-05-27,2026,5,May,27,Wednesday,2,22,2,0,Spring,,,0,0,0,0,,0,0,0,0,0
2026-05-28,2026,5,May,28,Thursday,3,22,2,0,Spring,,,0,0,0,0,,0,0,0,0,0
2026-05-29,2026,5,May,29,Friday,4,22,2,0,Spring,,,0,0,0,0,,0,0,0,0,0
2026-05-30,2026,5,May,30,Saturday,5,22,2,1,Spring,,,0,0,0,0,,0,0,0,0,1
2026-05-31,2026,5,May,31,Sunday,6,22,2,1,Spring,,,0,0,0,0,,0,0,0,0,1
2026-06-01,2026,6,June,1,Monday,0,23,2,0,Summer,,,0,0,0,0,,0,0,0,0,0
2026-06-02,2026,6,June,2,Tuesday,1,23,2,0,Summer,,,0,0,0,0,,0,0,0,0,0
2026-06-03,2026,6,June,3,Wednesday,2,23,2,0,Summer,,,0,0,0,0,,0,0,0,0,0
2026-06-04,2026,6,June,4,Thursday,3,23,2,0,Summer,,,0,0,0,0,,0,0,0,0,0
2026-06-05,2026,6,June,5,Friday,4,23,2,0,Summer,,,0,0,0,0,,0,0,0,0,0
2026-06-06,2026,6,June,6,Saturday,5,23,2,1,Summer,,,0,0,0,0,,0,0,0,0,1
2026-06-07,2026,6,June,7,Sunday,6,23,2,1,Summer,,,0,0,0,0,,0,0,0,0,1
2026-06-08,2026,6,June,8,Monday,0,24,2,0,Summer,,,0,0,0,0,,0,0,0,0,0
2026-06-09,2026,6,June,9,Tuesday,1,24,2,0,Summer,,,0,0,0,0,,0,0,0,0,0
2026-06-10,2026,6,June,10,Wednesday,2,24,2,0,Summer,,,0,0,0,0,,0,0,0,0,0
2026-06-11,2026,6,June,11,Thursday,3,24,2,0,Summer,,,0,0,0,0,,0,0,0,0,0
2026-06-12,2026,6,June,12,Friday,4,24,2,0,Summer,,,0,0,0,0,,0,0,0,0,0
2026-06-13,2026,6,June,13,Saturday,5,24,2,1,Summer,,,0,0,0,0,,0,0,0,0,1
2026-06-14,2026,6,June,14,Sunday,6,24,2,1,Summer,,,0,0,0,0,,0,0,0,0,1
2026-06-15,2026,6,June,15,Monday,0,25,2,0,Summer,World Cup bank holiday,scotland,0,1,1,0,,0,0,0,0,1
2026-06-16,2026,6,June,16,Tuesday,1,25,2,0,Summer,,,0,0,0,0,,0,0,0,0,0
2026-06-17,2026,6,June,17,Wednesday,2,25,2,0,Summer,,,0,0,0,1,England Match - England 4-2 Croatia,0,0,1,1,0
2026-06-18,2026,6,June,18,Thursday,3,25,2,0,Summer,,,0,0,0,0,,0,0,0,0,0
2026-06-19,2026,6,June,19,Friday,4,25,2,0,Summer,,,0,0,0,0,,0,0,0,0,0
2026-06-20,2026,6,June,20,Saturday,5,25,2,1,Summer,,,0,0,0,0,,0,0,0,0,1
2026-06-21,2026,6,June,21,Sunday,6,25,2,1,Summer,,,0,0,0,0,,0,0,0,0,1
2026-06-22,2026,6,June,22,Monday,0,26,2,0,Summer,,,0,0,0,0,,0,0,0,0,0
2026-06-23,2026,6,June,23,Tuesday,1,26,2,0,Summer,,,0,0,0,1,England Match - England 0-0 Ghana,0,0,1,1,0
2026-06-24,2026,6,June,24,Wednesday,2,26,2,0,Summer,,,0,0,0,0,,0,0,0,0,0
2026-06-25,2026,6,June,25,Thursday,3,26,2,0,Summer,,,0,0,0,0,,0,0,0,0,0
2026-06-26,2026,6,June,26,Friday,4,26,2,0,Summer,,,0,0,0,0,,0,0,0,0,0
2026-06-27,2026,6,June,27,Saturday,5,26,2,1,Summer,,,0,0,0,1,England Match - Panama 0-2 England,0,0,1,1,1
2026-06-28,2026,6,June,28,Sunday,6,26,2,1,Summer,,,0,0,0,0,,0,0,0,0,1
2026-06-29,2026,6,June,29,Monday,0,27,2,0,Summer,,,0,0,0,0,,0,0,0,0,0
2026-06-30,2026,6,June,30,Tuesday,1,27,2,0,Summer,,,0,0,0,0,,0,0,0,0,0
2026-07-01,2026,7,July,1,Wednesday,2,27,3,0,Summer,,,0,0,0,0,,0,0,0,0,0
2026-07-02,2026,7,July,2,Thursday,3,27,3,0,Summer,,,0,0,0,0,,0,0,0,0,0
2026-07-03,2026,7,July,3,Friday,4,27,3,0,Summer,,,0,0,0,0,,0,0,0,0,0
2026-07-04,2026,7,July,4,Saturday,5,27,3,1,Summer,,,0,0,0,0,,0,0,0,0,1
2026-07-05,2026,7,July,5,Sunday,6,27,3,1,Summer,,,0,0,0,0,,0,0,0,0,1
2026-07-06,2026,7,July,6,Monday,0,28,3,0,Summer,,,0,0,0,0,,0,0,0,0,0
2026-07-07,2026,7,July,7,Tuesday,1,28,3,0,Summer,,,0,0,0,0,,0,0,0,0,0
2026-07-08,2026,7,July,8,Wednesday,2,28,3,0,Summer,,,0,0,0,0,,0,0,0,0,0
2026-07-09,2026,7,July,9,Thursday,3,28,3,0,Summer,,,0,0,0,0,,0,0,0,0,0
2026-07-10,2026,7,July,10,Friday,4,28,3,0,Summer,,,0,0,0,0,,0,0,0,0,0
2026-07-11,2026,7,July,11,Saturday,5,28,3,1,Summer,,,0,0,0,0,,0,0,0,0,1
2026-07-12,2026,7,July,12,Sunday,6,28,3,1,Summer,,,0,0,0,0,,0,0,0,0,1
2026-07-13,2026,7,July,13,Monday,0,29,3,0,Summer,,,0,0,0,0,,0,0,0,0,0
2026-07-14,2026,7,July,14,Tuesday,1,29,3,0,Summer,,,0,0,0,0,,0,0,0,0,0
2026-07-15,2026,7,July,15,Wednesday,2,29,3,0,Summer,,,0,0,0,0,,0,0,0,0,0
2026-07-16,2026,7,July,16,Thursday,3,29,3,0,Summer,,,0,0,0,0,,0,0,0,0,0
2026-07-17,2026,7,July,17,Friday,4,29,3,0,Summer,,,0,0,0,0,,0,0,0,0,0
2026-07-18,2026,7,July,18,Saturday,5,29,3,1,Summer,,,0,0,0,0,,0,0,0,0,1
2026-07-19,2026,7,July,19,Sunday,6,29,3,1,Summer,,,0,0,0,0,,0,0,0,0,1
2026-07-20,2026,7,July,20,Monday,0,30,3,0,Summer,,,0,0,0,0,,0,0,0,0,0
2026-07-21,2026,7,July,21,Tuesday,1,30,3,0,Summer,,,0,0,0,0,,0,0,0,0,0
2026-07-22,2026,7,July,22,Wednesday,2,30,3,0,Summer,,,0,0,0,0,,0,0,0,0,0
2026-07-23,2026,7,July,23,Thursday,3,30,3,0,Summer,,,0,0,0,0,,0,0,0,0,0
2026-07-24,2026,7,July,24,Friday,4,30,3,0,Summer,,,0,0,0,0,,0,0,0,0,0
2026-07-25,2026,7,July,25,Saturday,5,30,3,1,Summer,,,0,0,0,0,,0,0,0,0,1
2026-07-26,2026,7,July,26,Sunday,6,30,3,1,Summer,,,0,0,0,0,,0,0,0,0,1
2026-07-27,2026,7,July,27,Monday,0,31,3,0,Summer,,,0,0,0,0,,0,0,0,0,0
2026-07-28,2026,7,July,28,Tuesday,1,31,3,0,Summer,,,0,0,0,0,,0,0,0,0,0
2026-07-29,2026,7,July,29,Wednesday,2,31,3,0,Summer,,,0,0,0,0,,0,0,0,0,0
2026-07-30,2026,7,July,30,Thursday,3,31,3,0,Summer,,,0,0,0,0,,0,0,0,0,0
2026-07-31,2026,7,July,31,Friday,4,31,3,0,Summer,,,0,0,0,0,,0,0,0,0,0
2026-08-01,2026,8,August,1,Saturday,5,31,3,1,Summer,,,0,0,0,0,,0,0,0,0,1
2026-08-02,2026,8,August,2,Sunday,6,31,3,1,Summer,,,0,0,0,0,,0,0,0,0,1
2026-08-03,2026,8,August,3,Monday,0,32,3,0,Summer,Summer bank holiday,scotland,0,1,1,0,,0,0,0,0,1
2026-08-04,2026,8,August,4,Tuesday,1,32,3,0,Summer,,,0,0,0,0,,0,0,0,0,0
2026-08-05,2026,8,August,5,Wednesday,2,32,3,0,Summer,,,0,0,0,0,,0,0,0,0,0
2026-08-06,2026,8,August,6,Thursday,3,32,3,0,Summer,,,0,0,0,0,,0,0,0,0,0
2026-08-07,2026,8,August,7,Friday,4,32,3,0,Summer,,,0,0,0,0,,0,0,0,0,0
2026-08-08,2026,8,August,8,Saturday,5,32,3,1,Summer,,,0,0,0,0,,0,0,0,0,1
2026-08-09,2026,8,August,9,Sunday,6,32,3,1,Summer,,,0,0,0,0,,0,0,0,0,1
2026-08-10,2026,8,August,10,Monday,0,33,3,0,Summer,,,0,0,0,0,,0,0,0,0,0
2026-08-11,2026,8,August,11,Tuesday,1,33,3,0,Summer,,,0,0,0,0,,0,0,0,0,0
2026-08-12,2026,8,August,12,Wednesday,2,33,3,0,Summer,,,0,0,0,0,,0,0,0,0,0
2026-08-13,2026,8,August,13,Thursday,3,33,3,0,Summer,,,0,0,0,0,,0,0,0,0,0
2026-08-14,2026,8,August,14,Friday,4,33,3,0,Summer,,,0,0,0,0,,0,0,0,0,0
2026-08-15,2026,8,August,15,Saturday,5,33,3,1,Summer,,,0,0,0,0,,0,0,0,0,1
2026-08-16,2026,8,August,16,Sunday,6,33,3,1,Summer,,,0,0,0,0,,0,0,0,0,1
2026-08-17,2026,8,August,17,Monday,0,34,3,0,Summer,,,0,0,0,0,,0,0,0,0,0
2026-08-18,2026,8,August,18,Tuesday,1,34,3,0,Summer,,,0,0,0,0,,0,0,0,0,0
2026-08-19,2026,8,August,19,Wednesday,2,34,3,0,Summer,,,0,0,0,0,,0,0,0,0,0
2026-08-20,2026,8,August,20,Thursday,3,34,3,0,Summer,,,0,0,0,0,,0,0,0,0,0
2026-08-21,2026,8,August,21,Friday,4,34,3,0,Summer,,,0,0,0,0,,0,0,0,0,0
2026-08-22,2026,8,August,22,Saturday,5,34,3,1,Summer,,,0,0,0,0,,0,0,0,0,1
2026-08-23,2026,8,August,23,Sunday,6,34,3,1,Summer,,,0,0,0,0,,0,0,0,0,1
2026-08-24,2026,8,August,24,Monday,0,35,3,0,Summer,,,0,0,0,0,,0,0,0,0,0
2026-08-25,2026,8,August,25,Tuesday,1,35,3,0,Summer,,,0,0,0,0,,0,0,0,0,0
2026-08-26,2026,8,August,26,Wednesday,2,35,3,0,Summer,,,0,0,0,0,,0,0,0,0,0
2026-08-27,2026,8,August,27,Thursday,3,35,3,0,Summer,,,0,0,0,0,,0,0,0,0,0
2026-08-28,2026,8,August,28,Friday,4,35,3,0,Summer,,,0,0,0,0,,0,0,0,0,0
2026-08-29,2026,8,August,29,Saturday,5,35,3,1,Summer,,,0,0,0,0,,0,0,0,0,1
2026-08-30,2026,8,August,30,Sunday,6,35,3,1,Summer,,,0,0,0,0,,0,0,0,0,1
2026-08-31,2026,8,August,31,Monday,0,36,3,0,Summer,Summer bank holiday,england-and-wales,1,0,1,0,,0,0,0,0,1
2026-09-01,2026,9,September,1,Tuesday,1,36,3,0,Autumn,,,0,0,0,0,,0,0,0,0,0
2026-09-02,2026,9,September,2,Wednesday,2,36,3,0,Autumn,,,0,0,0,0,,0,0,0,0,0
2026-09-03,2026,9,September,3,Thursday,3,36,3,0,Autumn,,,0,0,0,0,,0,0,0,0,0
2026-09-04,2026,9,September,4,Friday,4,36,3,0,Autumn,,,0,0,0,0,,0,0,0,0,0
2026-09-05,2026,9,September,5,Saturday,5,36,3,1,Autumn,,,0,0,0,0,,0,0,0,0,1
2026-09-06,2026,9,September,6,Sunday,6,36,3,1,Autumn,,,0,0,0,0,,0,0,0,0,1
2026-09-07,2026,9,September,7,Monday,0,37,3,0,Autumn,,,0,0,0,0,,0,0,0,0,0
2026-09-08,2026,9,September,8,Tuesday,1,37,3,0,Autumn,,,0,0,0,0,,0,0,0,0,0
2026-09-09,2026,9,September,9,Wednesday,2,37,3,0,Autumn,,,0,0,0,0,,0,0,0,0,0
2026-09-10,2026,9,September,10,Thursday,3,37,3,0,Autumn,,,0,0,0,0,,0,0,0,0,0
2026-09-11,2026,9,September,11,Friday,4,37,3,0,Autumn,,,0,0,0,0,,0,0,0,0,0
2026-09-12,2026,9,September,12,Saturday,5,37,3,1,Autumn,,,0,0,0,0,,0,0,0,0,1
2026-09-13,2026,9,September,13,Sunday,6,37,3,1,Autumn,,,0,0,0,0,,0,0,0,0,1
2026-09-14,2026,9,September,14,Monday,0,38,3,0,Autumn,,,0,0,0,0,,0,0,0,0,0
2026-09-15,2026,9,September,15,Tuesday,1,38,3,0,Autumn,,,0,0,0,0,,0,0,0,0,0
2026-09-16,2026,9,September,16,Wednesday,2,38,3,0,Autumn,,,0,0,0,0,,0,0,0,0,0
2026-09-17,2026,9,September,17,Thursday,3,38,3,0,Autumn,,,0,0,0,0,,0,0,0,0,0
2026-09-18,2026,9,September,18,Friday,4,38,3,0,Autumn,,,0,0,0,0,,0,0,0,0,0
2026-09-19,2026,9,September,19,Saturday,5,38,3,1,Autumn,,,0,0,0,0,,0,0,0,0,1
2026-09-20,2026,9,September,20,Sunday,6,38,3,1,Autumn,,,0,0,0,0,,0,0,0,0,1
2026-09-21,2026,9,September,21,Monday,0,39,3,0,Autumn,,,0,0,0,0,,0,0,0,0,0
2026-09-22,2026,9,September,22,Tuesday,1,39,3,0,Autumn,,,0,0,0,0,,0,0,0,0,0
2026-09-23,2026,9,September,23,Wednesday,2,39,3,0,Autumn,,,0,0,0,0,,0,0,0,0,0
2026-09-24,2026,9,September,24,Thursday,3,39,3,0,Autumn,,,0,0,0,0,,0,0,0,0,0
2026-09-25,2026,9,September,25,Friday,4,39,3,0,Autumn,,,0,0,0,0,,0,0,0,0,0
2026-09-26,2026,9,September,26,Saturday,5,39,3,1,Autumn,,,0,0,0,0,,0,0,0,0,1
2026-09-27,2026,9,September,27,Sunday,6,39,3,1,Autumn,,,0,0,0,0,,0,0,0,0,1
2026-09-28,2026,9,September,28,Monday,0,40,3,0,Autumn,,,0,0,0,0,,0,0,0,0,0
2026-09-29,2026,9,September,29,Tuesday,1,40,3,0,Autumn,,,0,0,0,0,,0,0,0,0,0
2026-09-30,2026,9,September,30,Wednesday,2,40,3,0,Autumn,,,0,0,0,0,,0,0,0,0,0
2026-10-01,2026,10,October,1,Thursday,3,40,4,0,Autumn,,,0,0,0,0,,0,0,0,0,0
2026-10-02,2026,10,October,2,Friday,4,40,4,0,Autumn,,,0,0,0,0,,0,0,0,0,0
2026-10-03,2026,10,October,3,Saturday,5,40,4,1,Autumn,,,0,0,0,0,,0,0,0,0,1
2026-10-04,2026,10,October,4,Sunday,6,40,4,1,Autumn,,,0,0,0,0,,0,0,0,0,1
2026-10-05,2026,10,October,5,Monday,0,41,4,0,Autumn,,,0,0,0,0,,0,0,0,0,0
2026-10-06,2026,10,October,6,Tuesday,1,41,4,0,Autumn,,,0,0,0,0,,0,0,0,0,0
2026-10-07,2026,10,October,7,Wednesday,2,41,4,0,Autumn,,,0,0,0,0,,0,0,0,0,0
2026-10-08,2026,10,October,8,Thursday,3,41,4,0,Autumn,,,0,0,0,0,,0,0,0,0,0
2026-10-09,2026,10,October,9,Friday,4,41,4,0,Autumn,,,0,0,0,0,,0,0,0,0,0
2026-10-10,2026,10,October,10,Saturday,5,41,4,1,Autumn,,,0,0,0,0,,0,0,0,0,1
2026-10-11,2026,10,October,11,Sunday,6,41,4,1,Autumn,,,0,0,0,0,,0,0,0,0,1
2026-10-12,2026,10,October,12,Monday,0,42,4,0,Autumn,,,0,0,0,0,,0,0,0,0,0
2026-10-13,2026,10,October,13,Tuesday,1,42,4,0,Autumn,,,0,0,0,0,,0,0,0,0,0
2026-10-14,2026,10,October,14,Wednesday,2,42,4,0,Autumn,,,0,0,0,0,,0,0,0,0,0
2026-10-15,2026,10,October,15,Thursday,3,42,4,0,Autumn,,,0,0,0,0,,0,0,0,0,0
2026-10-16,2026,10,October,16,Friday,4,42,4,0,Autumn,,,0,0,0,0,,0,0,0,0,0
2026-10-17,2026,10,October,17,Saturday,5,42,4,1,Autumn,,,0,0,0,0,,0,0,0,0,1
2026-10-18,2026,10,October,18,Sunday,6,42,4,1,Autumn,,,0,0,0,0,,0,0,0,0,1
2026-10-19,2026,10,October,19,Monday,0,43,4,0,Autumn,,,0,0,0,0,,0,0,0,0,0
2026-10-20,2026,10,October,20,Tuesday,1,43,4,0,Autumn,,,0,0,0,0,,0,0,0,0,0
2026-10-21,2026,10,October,21,Wednesday,2,43,4,0,Autumn,,,0,0,0,0,,0,0,0,0,0
2026-10-22,2026,10,October,22,Thursday,3,43,4,0,Autumn,,,0,0,0,0,,0,0,0,0,0
2026-10-23,2026,10,October,23,Friday,4,43,4,0,Autumn,,,0,0,0,0,,0,0,0,0,0
2026-10-24,2026,10,October,24,Saturday,5,43,4,1,Autumn,,,0,0,0,0,,0,0,0,0,1
2026-10-25,2026,10,October,25,Sunday,6,43,4,1,Autumn,,,0,0,0,0,,0,0,0,0,1
2026-10-26,2026,10,October,26,Monday,0,44,4,0,Autumn,,,0,0,0,0,,0,0,0,0,0
2026-10-27,2026,10,October,27,Tuesday,1,44,4,0,Autumn,,,0,0,0,0,,0,0,0,0,0
2026-10-28,2026,10,October,28,Wednesday,2,44,4,0,Autumn,,,0,0,0,0,,0,0,0,0,0
2026-10-29,2026,10,October,29,Thursday,3,44,4,0,Autumn,,,0,0,0,0,,0,0,0,0,0
2026-10-30,2026,10,October,30,Friday,4,44,4,0,Autumn,,,0,0,0,0,,0,0,0,0,0
2026-10-31,2026,10,October,31,Saturday,5,44,4,1,Autumn,,,0,0,0,0,,0,0,0,0,1
2026-11-01,2026,11,November,1,Sunday,6,44,4,1,Autumn,,,0,0,0,0,,0,0,0,0,1
2026-11-02,2026,11,November,2,Monday,0,45,4,0,Autumn,,,0,0,0,0,,0,0,0,0,0
2026-11-03,2026,11,November,3,Tuesday,1,45,4,0,Autumn,,,0,0,0,0,,0,0,0,0,0
2026-11-04,2026,11,November,4,Wednesday,2,45,4,0,Autumn,,,0,0,0,0,,0,0,0,0,0
2026-11-05,2026,11,November,5,Thursday,3,45,4,0,Autumn,,,0,0,0,0,,0,0,0,0,0
2026-11-06,2026,11,November,6,Friday,4,45,4,0,Autumn,,,0,0,0,0,,0,0,0,0,0
2026-11-07,2026,11,November,7,Saturday,5,45,4,1,Autumn,,,0,0,0,0,,0,0,0,0,1
2026-11-08,2026,11,November,8,Sunday,6,45,4,1,Autumn,,,0,0,0,0,,0,0,0,0,1
2026-11-09,2026,11,November,9,Monday,0,46,4,0,Autumn,,,0,0,0,0,,0,0,0,0,0
2026-11-10,2026,11,November,10,Tuesday,1,46,4,0,Autumn,,,0,0,0,0,,0,0,0,0,0
2026-11-11,2026,11,November,11,Wednesday,2,46,4,0,Autumn,,,0,0,0,0,,0,0,0,0,0
2026-11-12,2026,11,November,12,Thursday,3,46,4,0,Autumn,,,0,0,0,0,,0,0,0,0,0
2026-11-13,2026,11,November,13,Friday,4,46,4,0,Autumn,,,0,0,0,0,,0,0,0,0,0
2026-11-14,2026,11,November,14,Saturday,5,46,4,1,Autumn,,,0,0,0,0,,0,0,0,0,1
2026-11-15,2026,11,November,15,Sunday,6,46,4,1,Autumn,,,0,0,0,0,,0,0,0,0,1
2026-11-16,2026,11,November,16,Monday,0,47,4,0,Autumn,,,0,0,0,0,,0,0,0,0,0
2026-11-17,2026,11,November,17,Tuesday,1,47,4,0,Autumn,,,0,0,0,0,,0,0,0,0,0
2026-11-18,2026,11,November,18,Wednesday,2,47,4,0,Autumn,,,0,0,0,0,,0,0,0,0,0
2026-11-19,2026,11,November,19,Thursday,3,47,4,0,Autumn,,,0,0,0,0,,0,0,0,0,0
2026-11-20,2026,11,November,20,Friday,4,47,4,0,Autumn,,,0,0,0,0,,0,0,0,0,0
2026-11-21,2026,11,November,21,Saturday,5,47,4,1,Autumn,,,0,0,0,0,,0,0,0,0,1
2026-11-22,2026,11,November,22,Sunday,6,47,4,1,Autumn,,,0,0,0,0,,0,0,0,0,1
2026-11-23,2026,11,November,23,Monday,0,48,4,0,Autumn,,,0,0,0,0,,0,0,0,0,0
2026-11-24,2026,11,November,24,Tuesday,1,48,4,0,Autumn,,,0,0,0,0,,0,0,0,0,0
2026-11-25,2026,11,November,25,Wednesday,2,48,4,0,Autumn,,,0,0,0,0,,0,0,0,0,0
2026-11-26,2026,11,November,26,Thursday,3,48,4,0,Autumn,,,0,0,0,0,,0,0,0,0,0
2026-11-27,2026,11,November,27,Friday,4,48,4,0,Autumn,,,0,0,0,0,,0,0,0,0,0
2026-11-28,2026,11,November,28,Saturday,5,48,4,1,Autumn,,,0,0,0,0,,0,0,0,0,1
2026-11-29,2026,11,November,29,Sunday,6,48,4,1,Autumn,,,0,0,0,0,,0,0,0,0,1
2026-11-30,2026,11,November,30,Monday,0,49,4,0,Autumn,St Andrew’s Day,scotland,0,1,1,0,,0,0,0,0,1
2026-12-01,2026,12,December,1,Tuesday,1,49,4,0,Winter,,,0,0,0,0,,0,0,0,0,0
2026-12-02,2026,12,December,2,Wednesday,2,49,4,0,Winter,,,0,0,0,0,,0,0,0,0,0
2026-12-03,2026,12,December,3,Thursday,3,49,4,0,Winter,,,0,0,0,0,,0,0,0,0,0
2026-12-04,2026,12,December,4,Friday,4,49,4,0,Winter,,,0,0,0,0,,0,0,0,0,0
2026-12-05,2026,12,December,5,Saturday,5,49,4,1,Winter,,,0,0,0,0,,0,0,0,0,1
2026-12-06,2026,12,December,6,Sunday,6,49,4,1,Winter,,,0,0,0,0,,0,0,0,0,1
2026-12-07,2026,12,December,7,Monday,0,50,4,0,Winter,,,0,0,0,0,,0,0,0,0,0
2026-12-08,2026,12,December,8,Tuesday,1,50,4,0,Winter,,,0,0,0,0,,0,0,0,0,0
2026-12-09,2026,12,December,9,Wednesday,2,50,4,0,Winter,,,0,0,0,0,,0,0,0,0,0
2026-12-10,2026,12,December,10,Thursday,3,50,4,0,Winter,,,0,0,0,0,,0,0,0,0,0
2026-12-11,2026,12,December,11,Friday,4,50,4,0,Winter,,,0,0,0,0,,0,0,0,0,0
2026-12-12,2026,12,December,12,Saturday,5,50,4,1,Winter,,,0,0,0,0,,0,0,0,0,1
2026-12-13,2026,12,December,13,Sunday,6,50,4,1,Winter,,,0,0,0,0,,0,0,0,0,1
2026-12-14,2026,12,December,14,Monday,0,51,4,0,Winter,,,0,0,0,0,,0,0,0,0,0
2026-12-15,2026,12,December,15,Tuesday,1,51,4,0,Winter,,,0,0,0,0,,0,0,0,0,0
2026-12-16,2026,12,December,16,Wednesday,2,51,4,0,Winter,,,0,0,0,0,,0,0,0,0,0
2026-12-17,2026,12,December,17,Thursday,3,51,4,0,Winter,,,0,0,0,0,,0,0,0,0,0
2026-12-18,2026,12,December,18,Friday,4,51,4,0,Winter,,,0,0,0,0,,0,0,0,0,0
2026-12-19,2026,12,December,19,Saturday,5,51,4,1,Winter,,,0,0,0,0,,0,0,0,0,1
2026-12-20,2026,12,December,20,Sunday,6,51,4,1,Winter,,,0,0,0,0,,0,0,0,0,1
2026-12-21,2026,12,December,21,Monday,0,52,4,0,Winter,,,0,0,0,0,,0,0,0,0,0
2026-12-22,2026,12,December,22,Tuesday,1,52,4,0,Winter,,,0,0,0,0,,0,0,0,0,0
2026-12-23,2026,12,December,23,Wednesday,2,52,4,0,Winter,,,0,0,0,0,,0,0,0,0,0
2026-12-24,2026,12,December,24,Thursday,3,52,4,0,Winter,,,0,0,0,0,,0,0,0,0,0
2026-12-25,2026,12,December,25,Friday,4,52,4,0,Winter,Christmas Day,england-and-wales | scotland,1,1,1,0,,0,0,0,0,1
2026-12-26,2026,12,December,26,Saturday,5,52,4,1,Winter,,,0,0,0,0,,0,0,0,0,1
2026-12-27,2026,12,December,27,Sunday,6,52,4,1,Winter,,,0,0,0,0,,0,0,0,0,1
2026-12-28,2026,12,December,28,Monday,0,53,4,0,Winter,Boxing Day,england-and-wales | scotland,1,1,1,0,,0,0,0,0,1
2026-12-29,2026,12,December,29,Tuesday,1,53,4,0,Winter,,,0,0,0,0,,0,0,0,0,0
2026-12-30,2026,12,December,30,Wednesday,2,53,4,0,Winter,,,0,0,0,0,,0,0,0,0,0
2026-12-31,2026,12,December,31,Thursday,3,53,4,0,Winter,,,0,0,0,0,,0,0,0,0,0
2027-01-01,2027,1,January,1,Friday,4,53,1,0,Winter,New Year’s Day,england-and-wales | scotland,1,1,1,0,,0,0,0,0,1
2027-01-02,2027,1,January,2,Saturday,5,53,1,1,Winter,,,0,0,0,0,,0,0,0,0,1
2027-01-03,2027,1,January,3,Sunday,6,53,1,1,Winter,,,0,0,0,0,,0,0,0,0,1
2027-01-04,2027,1,January,4,Monday,0,1,1,0,Winter,2nd January,scotland,0,1,1,0,,0,0,0,0,1
2027-01-05,2027,1,January,5,Tuesday,1,1,1,0,Winter,,,0,0,0,0,,0,0,0,0,0
2027-01-06,2027,1,January,6,Wednesday,2,1,1,0,Winter,,,0,0,0,0,,0,0,0,0,0
2027-01-07,2027,1,January,7,Thursday,3,1,1,0,Winter,,,0,0,0,0,,0,0,0,0,0
2027-01-08,2027,1,January,8,Friday,4,1,1,0,Winter,,,0,0,0,0,,0,0,0,0,0
2027-01-09,2027,1,January,9,Saturday,5,1,1,1,Winter,,,0,0,0,0,,0,0,0,0,1
2027-01-10,2027,1,January,10,Sunday,6,1,1,1,Winter,,,0,0,0,0,,0,0,0,0,1
2027-01-11,2027,1,January,11,Monday,0,2,1,0,Winter,,,0,0,0,0,,0,0,0,0,0
2027-01-12,2027,1,January,12,Tuesday,1,2,1,0,Winter,,,0,0,0,0,,0,0,0,0,0
2027-01-13,2027,1,January,13,Wednesday,2,2,1,0,Winter,,,0,0,0,0,,0,0,0,0,0
2027-01-14,2027,1,January,14,Thursday,3,2,1,0,Winter,,,0,0,0,0,,0,0,0,0,0
2027-01-15,2027,1,January,15,Friday,4,2,1,0,Winter,,,0,0,0,0,,0,0,0,0,0
2027-01-16,2027,1,January,16,Saturday,5,2,1,1,Winter,,,0,0,0,0,,0,0,0,0,1
2027-01-17,2027,1,January,17,Sunday,6,2,1,1,Winter,,,0,0,0,0,,0,0,0,0,1
2027-01-18,2027,1,January,18,Monday,0,3,1,0,Winter,,,0,0,0,0,,0,0,0,0,0
2027-01-19,2027,1,January,19,Tuesday,1,3,1,0,Winter,,,0,0,0,0,,0,0,0,0,0
2027-01-20,2027,1,January,20,Wednesday,2,3,1,0,Winter,,,0,0,0,0,,0,0,0,0,0
2027-01-21,2027,1,January,21,Thursday,3,3,1,0,Winter,,,0,0,0,0,,0,0,0,0,0
2027-01-22,2027,1,January,22,Friday,4,3,1,0,Winter,,,0,0,0,0,,0,0,0,0,0
2027-01-23,2027,1,January,23,Saturday,5,3,1,1,Winter,,,0,0,0,0,,0,0,0,0,1
2027-01-24,2027,1,January,24,Sunday,6,3,1,1,Winter,,,0,0,0,0,,0,0,0,0,1
2027-01-25,2027,1,January,25,Monday,0,4,1,0,Winter,,,0,0,0,0,,0,0,0,0,0
2027-01-26,2027,1,January,26,Tuesday,1,4,1,0,Winter,,,0,0,0,0,,0,0,0,0,0
2027-01-27,2027,1,January,27,Wednesday,2,4,1,0,Winter,,,0,0,0,0,,0,0,0,0,0
2027-01-28,2027,1,January,28,Thursday,3,4,1,0,Winter,,,0,0,0,0,,0,0,0,0,0
2027-01-29,2027,1,January,29,Friday,4,4,1,0,Winter,,,0,0,0,0,,0,0,0,0,0
2027-01-30,2027,1,January,30,Saturday,5,4,1,1,Winter,,,0,0,0,0,,0,0,0,0,1
2027-01-31,2027,1,January,31,Sunday,6,4,1,1,Winter,,,0,0,0,0,,0,0,0,0,1
2027-02-01,2027,2,February,1,Monday,0,5,1,0,Winter,,,0,0,0,0,,0,0,0,0,0
2027-02-02,2027,2,February,2,Tuesday,1,5,1,0,Winter,,,0,0,0,0,,0,0,0,0,0
2027-02-03,2027,2,February,3,Wednesday,2,5,1,0,Winter,,,0,0,0,0,,0,0,0,0,0
2027-02-04,2027,2,February,4,Thursday,3,5,1,0,Winter,,,0,0,0,0,,0,0,0,0,0
2027-02-05,2027,2,February,5,Friday,4,5,1,0,Winter,,,0,0,0,0,,0,0,0,0,0
2027-02-06,2027,2,February,6,Saturday,5,5,1,1,Winter,,,0,0,0,0,,0,0,0,0,1
2027-02-07,2027,2,February,7,Sunday,6,5,1,1,Winter,,,0,0,0,0,,0,0,0,0,1
2027-02-08,2027,2,February,8,Monday,0,6,1,0,Winter,,,0,0,0,0,,0,0,0,0,0
2027-02-09,2027,2,February,9,Tuesday,1,6,1,0,Winter,,,0,0,0,0,,0,0,0,0,0
2027-02-10,2027,2,February,10,Wednesday,2,6,1,0,Winter,,,0,0,0,0,,0,0,0,0,0
2027-02-11,2027,2,February,11,Thursday,3,6,1,0,Winter,,,0,0,0,0,,0,0,0,0,0
2027-02-12,2027,2,February,12,Friday,4,6,1,0,Winter,,,0,0,0,0,,0,0,0,0,0
2027-02-13,2027,2,February,13,Saturday,5,6,1,1,Winter,,,0,0,0,0,,0,0,0,0,1
2027-02-14,2027,2,February,14,Sunday,6,6,1,1,Winter,,,0,0,0,0,,0,0,0,0,1
2027-02-15,2027,2,February,15,Monday,0,7,1,0,Winter,,,0,0,0,0,,0,0,0,0,0
2027-02-16,2027,2,February,16,Tuesday,1,7,1,0,Winter,,,0,0,0,0,,0,0,0,0,0
2027-02-17,2027,2,February,17,Wednesday,2,7,1,0,Winter,,,0,0,0,0,,0,0,0,0,0
2027-02-18,2027,2,February,18,Thursday,3,7,1,0,Winter,,,0,0,0,0,,0,0,0,0,0
2027-02-19,2027,2,February,19,Friday,4,7,1,0,Winter,,,0,0,0,0,,0,0,0,0,0
2027-02-20,2027,2,February,20,Saturday,5,7,1,1,Winter,,,0,0,0,0,,0,0,0,0,1
2027-02-21,2027,2,February,21,Sunday,6,7,1,1,Winter,,,0,0,0,0,,0,0,0,0,1
2027-02-22,2027,2,February,22,Monday,0,8,1,0,Winter,,,0,0,0,0,,0,0,0,0,0
2027-02-23,2027,2,February,23,Tuesday,1,8,1,0,Winter,,,0,0,0,0,,0,0,0,0,0
2027-02-24,2027,2,February,24,Wednesday,2,8,1,0,Winter,,,0,0,0,0,,0,0,0,0,0
2027-02-25,2027,2,February,25,Thursday,3,8,1,0,Winter,,,0,0,0,0,,0,0,0,0,0
2027-02-26,2027,2,February,26,Friday,4,8,1,0,Winter,,,0,0,0,0,,0,0,0,0,0
2027-02-27,2027,2,February,27,Saturday,5,8,1,1,Winter,,,0,0,0,0,,0,0,0,0,1
2027-02-28,2027,2,February,28,Sunday,6,8,1,1,Winter,,,0,0,0,0,,0,0,0,0,1
2027-03-01,2027,3,March,1,Monday,0,9,1,0,Spring,,,0,0,0,0,,0,0,0,0,0
2027-03-02,2027,3,March,2,Tuesday,1,9,1,0,Spring,,,0,0,0,0,,0,0,0,0,0
2027-03-03,2027,3,March,3,Wednesday,2,9,1,0,Spring,,,0,0,0,0,,0,0,0,0,0
2027-03-04,2027,3,March,4,Thursday,3,9,1,0,Spring,,,0,0,0,0,,0,0,0,0,0
2027-03-05,2027,3,March,5,Friday,4,9,1,0,Spring,,,0,0,0,0,,0,0,0,0,0
2027-03-06,2027,3,March,6,Saturday,5,9,1,1,Spring,,,0,0,0,0,,0,0,0,0,1
2027-03-07,2027,3,March,7,Sunday,6,9,1,1,Spring,,,0,0,0,0,,0,0,0,0,1
2027-03-08,2027,3,March,8,Monday,0,10,1,0,Spring,,,0,0,0,0,,0,0,0,0,0
2027-03-09,2027,3,March,9,Tuesday,1,10,1,0,Spring,,,0,0,0,0,,0,0,0,0,0
2027-03-10,2027,3,March,10,Wednesday,2,10,1,0,Spring,,,0,0,0,0,,0,0,0,0,0
2027-03-11,2027,3,March,11,Thursday,3,10,1,0,Spring,,,0,0,0,0,,0,0,0,0,0
2027-03-12,2027,3,March,12,Friday,4,10,1,0,Spring,,,0,0,0,0,,0,0,0,0,0
2027-03-13,2027,3,March,13,Saturday,5,10,1,1,Spring,,,0,0,0,0,,0,0,0,0,1
2027-03-14,2027,3,March,14,Sunday,6,10,1,1,Spring,,,0,0,0,0,,0,0,0,0,1
2027-03-15,2027,3,March,15,Monday,0,11,1,0,Spring,,,0,0,0,0,,0,0,0,0,0
2027-03-16,2027,3,March,16,Tuesday,1,11,1,0,Spring,,,0,0,0,0,,0,0,0,0,0
2027-03-17,2027,3,March,17,Wednesday,2,11,1,0,Spring,,,0,0,0,0,,0,0,0,0,0
2027-03-18,2027,3,March,18,Thursday,3,11,1,0,Spring,,,0,0,0,0,,0,0,0,0,0
2027-03-19,2027,3,March,19,Friday,4,11,1,0,Spring,,,0,0,0,0,,0,0,0,0,0
2027-03-20,2027,3,March,20,Saturday,5,11,1,1,Spring,,,0,0,0,0,,0,0,0,0,1
2027-03-21,2027,3,March,21,Sunday,6,11,1,1,Spring,,,0,0,0,0,,0,0,0,0,1
2027-03-22,2027,3,March,22,Monday,0,12,1,0,Spring,,,0,0,0,0,,0,0,0,0,0
2027-03-23,2027,3,March,23,Tuesday,1,12,1,0,Spring,,,0,0,0,0,,0,0,0,0,0
2027-03-24,2027,3,March,24,Wednesday,2,12,1,0,Spring,,,0,0,0,0,,0,0,0,0,0
2027-03-25,2027,3,March,25,Thursday,3,12,1,0,Spring,,,0,0,0,0,,0,0,0,0,0
2027-03-26,2027,3,March,26,Friday,4,12,1,0,Spring,Good Friday,england-and-wales | scotland,1,1,1,0,,0,0,0,0,1
2027-03-27,2027,3,March,27,Saturday,5,12,1,1,Spring,,,0,0,0,0,,0,0,0,0,1
2027-03-28,2027,3,March,28,Sunday,6,12,1,1,Spring,,,0,0,0,0,,0,0,0,0,1
2027-03-29,2027,3,March,29,Monday,0,13,1,0,Spring,Easter Monday,england-and-wales,1,0,1,0,,0,0,0,0,1
2027-03-30,2027,3,March,30,Tuesday,1,13,1,0,Spring,,,0,0,0,0,,0,0,0,0,0
2027-03-31,2027,3,March,31,Wednesday,2,13,1,0,Spring,,,0,0,0,0,,0,0,0,0,0
2027-04-01,2027,4,April,1,Thursday,3,13,2,0,Spring,,,0,0,0,0,,0,0,0,0,0
2027-04-02,2027,4,April,2,Friday,4,13,2,0,Spring,,,0,0,0,0,,0,0,0,0,0
2027-04-03,2027,4,April,3,Saturday,5,13,2,1,Spring,,,0,0,0,0,,0,0,0,0,1
2027-04-04,2027,4,April,4,Sunday,6,13,2,1,Spring,,,0,0,0,0,,0,0,0,0,1
2027-04-05,2027,4,April,5,Monday,0,14,2,0,Spring,,,0,0,0,0,,0,0,0,0,0
2027-04-06,2027,4,April,6,Tuesday,1,14,2,0,Spring,,,0,0,0,0,,0,0,0,0,0
2027-04-07,2027,4,April,7,Wednesday,2,14,2,0,Spring,,,0,0,0,0,,0,0,0,0,0
2027-04-08,2027,4,April,8,Thursday,3,14,2,0,Spring,,,0,0,0,0,,0,0,0,0,0
2027-04-09,2027,4,April,9,Friday,4,14,2,0,Spring,,,0,0,0,0,,0,0,0,0,0
2027-04-10,2027,4,April,10,Saturday,5,14,2,1,Spring,,,0,0,0,0,,0,0,0,0,1
2027-04-11,2027,4,April,11,Sunday,6,14,2,1,Spring,,,0,0,0,0,,0,0,0,0,1
2027-04-12,2027,4,April,12,Monday,0,15,2,0,Spring,,,0,0,0,0,,0,0,0,0,0
2027-04-13,2027,4,April,13,Tuesday,1,15,2,0,Spring,,,0,0,0,0,,0,0,0,0,0
2027-04-14,2027,4,April,14,Wednesday,2,15,2,0,Spring,,,0,0,0,0,,0,0,0,0,0
2027-04-15,2027,4,April,15,Thursday,3,15,2,0,Spring,,,0,0,0,0,,0,0,0,0,0
2027-04-16,2027,4,April,16,Friday,4,15,2,0,Spring,,,0,0,0,0,,0,0,0,0,0
2027-04-17,2027,4,April,17,Saturday,5,15,2,1,Spring,,,0,0,0,0,,0,0,0,0,1
2027-04-18,2027,4,April,18,Sunday,6,15,2,1,Spring,,,0,0,0,0,,0,0,0,0,1
2027-04-19,2027,4,April,19,Monday,0,16,2,0,Spring,,,0,0,0,0,,0,0,0,0,0
2027-04-20,2027,4,April,20,Tuesday,1,16,2,0,Spring,,,0,0,0,0,,0,0,0,0,0
2027-04-21,2027,4,April,21,Wednesday,2,16,2,0,Spring,,,0,0,0,0,,0,0,0,0,0
2027-04-22,2027,4,April,22,Thursday,3,16,2,0,Spring,,,0,0,0,0,,0,0,0,0,0
2027-04-23,2027,4,April,23,Friday,4,16,2,0,Spring,,,0,0,0,0,,0,0,0,0,0
2027-04-24,2027,4,April,24,Saturday,5,16,2,1,Spring,,,0,0,0,0,,0,0,0,0,1
2027-04-25,2027,4,April,25,Sunday,6,16,2,1,Spring,,,0,0,0,0,,0,0,0,0,1
2027-04-26,2027,4,April,26,Monday,0,17,2,0,Spring,,,0,0,0,0,,0,0,0,0,0
2027-04-27,2027,4,April,27,Tuesday,1,17,2,0,Spring,,,0,0,0,0,,0,0,0,0,0
2027-04-28,2027,4,April,28,Wednesday,2,17,2,0,Spring,,,0,0,0,0,,0,0,0,0,0
2027-04-29,2027,4,April,29,Thursday,3,17,2,0,Spring,,,0,0,0,0,,0,0,0,0,0
2027-04-30,2027,4,April,30,Friday,4,17,2,0,Spring,,,0,0,0,0,,0,0,0,0,0
2027-05-01,2027,5,May,1,Saturday,5,17,2,1,Spring,,,0,0,0,0,,0,0,0,0,1
2027-05-02,2027,5,May,2,Sunday,6,17,2,1,Spring,,,0,0,0,0,,0,0,0,0,1
2027-05-03,2027,5,May,3,Monday,0,18,2,0,Spring,Early May bank holiday,england-and-wales | scotland,1,1,1,0,,0,0,0,0,1
2027-05-04,2027,5,May,4,Tuesday,1,18,2,0,Spring,,,0,0,0,0,,0,0,0,0,0
2027-05-05,2027,5,May,5,Wednesday,2,18,2,0,Spring,,,0,0,0,0,,0,0,0,0,0
2027-05-06,2027,5,May,6,Thursday,3,18,2,0,Spring,,,0,0,0,0,,0,0,0,0,0
2027-05-07,2027,5,May,7,Friday,4,18,2,0,Spring,,,0,0,0,0,,0,0,0,0,0
2027-05-08,2027,5,May,8,Saturday,5,18,2,1,Spring,,,0,0,0,0,,0,0,0,0,1
2027-05-09,2027,5,May,9,Sunday,6,18,2,1,Spring,,,0,0,0,0,,0,0,0,0,1
2027-05-10,2027,5,May,10,Monday,0,19,2,0,Spring,,,0,0,0,0,,0,0,0,0,0
2027-05-11,2027,5,May,11,Tuesday,1,19,2,0,Spring,,,0,0,0,0,,0,0,0,0,0
2027-05-12,2027,5,May,12,Wednesday,2,19,2,0,Spring,,,0,0,0,0,,0,0,0,0,0
2027-05-13,2027,5,May,13,Thursday,3,19,2,0,Spring,,,0,0,0,0,,0,0,0,0,0
2027-05-14,2027,5,May,14,Friday,4,19,2,0,Spring,,,0,0,0,0,,0,0,0,0,0
2027-05-15,2027,5,May,15,Saturday,5,19,2,1,Spring,,,0,0,0,0,,0,0,0,0,1
2027-05-16,2027,5,May,16,Sunday,6,19,2,1,Spring,,,0,0,0,0,,0,0,0,0,1
2027-05-17,2027,5,May,17,Monday,0,20,2,0,Spring,,,0,0,0,0,,0,0,0,0,0
2027-05-18,2027,5,May,18,Tuesday,1,20,2,0,Spring,,,0,0,0,0,,0,0,0,0,0
2027-05-19,2027,5,May,19,Wednesday,2,20,2,0,Spring,,,0,0,0,0,,0,0,0,0,0
2027-05-20,2027,5,May,20,Thursday,3,20,2,0,Spring,,,0,0,0,0,,0,0,0,0,0
2027-05-21,2027,5,May,21,Friday,4,20,2,0,Spring,,,0,0,0,0,,0,0,0,0,0
2027-05-22,2027,5,May,22,Saturday,5,20,2,1,Spring,,,0,0,0,0,,0,0,0,0,1
2027-05-23,2027,5,May,23,Sunday,6,20,2,1,Spring,,,0,0,0,0,,0,0,0,0,1
2027-05-24,2027,5,May,24,Monday,0,21,2,0,Spring,,,0,0,0,0,,0,0,0,0,0
2027-05-25,2027,5,May,25,Tuesday,1,21,2,0,Spring,,,0,0,0,0,,0,0,0,0,0
2027-05-26,2027,5,May,26,Wednesday,2,21,2,0,Spring,,,0,0,0,0,,0,0,0,0,0
2027-05-27,2027,5,May,27,Thursday,3,21,2,0,Spring,,,0,0,0,0,,0,0,0,0,0
2027-05-28,2027,5,May,28,Friday,4,21,2,0,Spring,,,0,0,0,0,,0,0,0,0,0
2027-05-29,2027,5,May,29,Saturday,5,21,2,1,Spring,,,0,0,0,0,,0,0,0,0,1
2027-05-30,2027,5,May,30,Sunday,6,21,2,1,Spring,,,0,0,0,0,,0,0,0,0,1
2027-05-31,2027,5,May,31,Monday,0,22,2,0,Spring,Spring bank holiday,england-and-wales | scotland,1,1,1,0,,0,0,0,0,1
2027-06-01,2027,6,June,1,Tuesday,1,22,2,0,Summer,,,0,0,0,0,,0,0,0,0,0
2027-06-02,2027,6,June,2,Wednesday,2,22,2,0,Summer,,,0,0,0,0,,0,0,0,0,0
2027-06-03,2027,6,June,3,Thursday,3,22,2,0,Summer,,,0,0,0,0,,0,0,0,0,0
2027-06-04,2027,6,June,4,Friday,4,22,2,0,Summer,,,0,0,0,0,,0,0,0,0,0
2027-06-05,2027,6,June,5,Saturday,5,22,2,1,Summer,,,0,0,0,0,,0,0,0,0,1
2027-06-06,2027,6,June,6,Sunday,6,22,2,1,Summer,,,0,0,0,0,,0,0,0,0,1
2027-06-07,2027,6,June,7,Monday,0,23,2,0,Summer,,,0,0,0,0,,0,0,0,0,0
2027-06-08,2027,6,June,8,Tuesday,1,23,2,0,Summer,,,0,0,0,0,,0,0,0,0,0
2027-06-09,2027,6,June,9,Wednesday,2,23,2,0,Summer,,,0,0,0,0,,0,0,0,0,0
2027-06-10,2027,6,June,10,Thursday,3,23,2,0,Summer,,,0,0,0,0,,0,0,0,0,0
2027-06-11,2027,6,June,11,Friday,4,23,2,0,Summer,,,0,0,0,0,,0,0,0,0,0
2027-06-12,2027,6,June,12,Saturday,5,23,2,1,Summer,,,0,0,0,0,,0,0,0,0,1
2027-06-13,2027,6,June,13,Sunday,6,23,2,1,Summer,,,0,0,0,0,,0,0,0,0,1
2027-06-14,2027,6,June,14,Monday,0,24,2,0,Summer,,,0,0,0,0,,0,0,0,0,0
2027-06-15,2027,6,June,15,Tuesday,1,24,2,0,Summer,,,0,0,0,0,,0,0,0,0,0
2027-06-16,2027,6,June,16,Wednesday,2,24,2,0,Summer,,,0,0,0,0,,0,0,0,0,0
2027-06-17,2027,6,June,17,Thursday,3,24,2,0,Summer,,,0,0,0,0,,0,0,0,0,0
2027-06-18,2027,6,June,18,Friday,4,24,2,0,Summer,,,0,0,0,0,,0,0,0,0,0
2027-06-19,2027,6,June,19,Saturday,5,24,2,1,Summer,,,0,0,0,0,,0,0,0,0,1
2027-06-20,2027,6,June,20,Sunday,6,24,2,1,Summer,,,0,0,0,0,,0,0,0,0,1
2027-06-21,2027,6,June,21,Monday,0,25,2,0,Summer,,,0,0,0,0,,0,0,0,0,0
2027-06-22,2027,6,June,22,Tuesday,1,25,2,0,Summer,,,0,0,0,0,,0,0,0,0,0
2027-06-23,2027,6,June,23,Wednesday,2,25,2,0,Summer,,,0,0,0,0,,0,0,0,0,0
2027-06-24,2027,6,June,24,Thursday,3,25,2,0,Summer,,,0,0,0,0,,0,0,0,0,0
2027-06-25,2027,6,June,25,Friday,4,25,2,0,Summer,,,0,0,0,0,,0,0,0,0,0
2027-06-26,2027,6,June,26,Saturday,5,25,2,1,Summer,,,0,0,0,0,,0,0,0,0,1
2027-06-27,2027,6,June,27,Sunday,6,25,2,1,Summer,,,0,0,0,0,,0,0,0,0,1
2027-06-28,2027,6,June,28,Monday,0,26,2,0,Summer,,,0,0,0,0,,0,0,0,0,0
2027-06-29,2027,6,June,29,Tuesday,1,26,2,0,Summer,,,0,0,0,0,,0,0,0,0,0
2027-06-30,2027,6,June,30,Wednesday,2,26,2,0,Summer,,,0,0,0,0,,0,0,0,0,0
2027-07-01,2027,7,July,1,Thursday,3,26,3,0,Summer,,,0,0,0,0,,0,0,0,0,0
2027-07-02,2027,7,July,2,Friday,4,26,3,0,Summer,,,0,0,0,0,,0,0,0,0,0
2027-07-03,2027,7,July,3,Saturday,5,26,3,1,Summer,,,0,0,0,0,,0,0,0,0,1
2027-07-04,2027,7,July,4,Sunday,6,26,3,1,Summer,,,0,0,0,0,,0,0,0,0,1
2027-07-05,2027,7,July,5,Monday,0,27,3,0,Summer,,,0,0,0,0,,0,0,0,0,0
2027-07-06,2027,7,July,6,Tuesday,1,27,3,0,Summer,,,0,0,0,0,,0,0,0,0,0
2027-07-07,2027,7,July,7,Wednesday,2,27,3,0,Summer,,,0,0,0,0,,0,0,0,0,0
2027-07-08,2027,7,July,8,Thursday,3,27,3,0,Summer,,,0,0,0,0,,0,0,0,0,0
2027-07-09,2027,7,July,9,Friday,4,27,3,0,Summer,,,0,0,0,0,,0,0,0,0,0
2027-07-10,2027,7,July,10,Saturday,5,27,3,1,Summer,,,0,0,0,0,,0,0,0,0,1
2027-07-11,2027,7,July,11,Sunday,6,27,3,1,Summer,,,0,0,0,0,,0,0,0,0,1
2027-07-12,2027,7,July,12,Monday,0,28,3,0,Summer,,,0,0,0,0,,0,0,0,0,0
2027-07-13,2027,7,July,13,Tuesday,1,28,3,0,Summer,,,0,0,0,0,,0,0,0,0,0
2027-07-14,2027,7,July,14,Wednesday,2,28,3,0,Summer,,,0,0,0,0,,0,0,0,0,0
2027-07-15,2027,7,July,15,Thursday,3,28,3,0,Summer,,,0,0,0,0,,0,0,0,0,0
2027-07-16,2027,7,July,16,Friday,4,28,3,0,Summer,,,0,0,0,0,,0,0,0,0,0
2027-07-17,2027,7,July,17,Saturday,5,28,3,1,Summer,,,0,0,0,0,,0,0,0,0,1
2027-07-18,2027,7,July,18,Sunday,6,28,3,1,Summer,,,0,0,0,0,,0,0,0,0,1
2027-07-19,2027,7,July,19,Monday,0,29,3,0,Summer,,,0,0,0,0,,0,0,0,0,0
2027-07-20,2027,7,July,20,Tuesday,1,29,3,0,Summer,,,0,0,0,0,,0,0,0,0,0
2027-07-21,2027,7,July,21,Wednesday,2,29,3,0,Summer,,,0,0,0,0,,0,0,0,0,0
2027-07-22,2027,7,July,22,Thursday,3,29,3,0,Summer,,,0,0,0,0,,0,0,0,0,0
2027-07-23,2027,7,July,23,Friday,4,29,3,0,Summer,,,0,0,0,0,,0,0,0,0,0
2027-07-24,2027,7,July,24,Saturday,5,29,3,1,Summer,,,0,0,0,0,,0,0,0,0,1
2027-07-25,2027,7,July,25,Sunday,6,29,3,1,Summer,,,0,0,0,0,,0,0,0,0,1
2027-07-26,2027,7,July,26,Monday,0,30,3,0,Summer,,,0,0,0,0,,0,0,0,0,0
2027-07-27,2027,7,July,27,Tuesday,1,30,3,0,Summer,,,0,0,0,0,,0,0,0,0,0
2027-07-28,2027,7,July,28,Wednesday,2,30,3,0,Summer,,,0,0,0,0,,0,0,0,0,0
2027-07-29,2027,7,July,29,Thursday,3,30,3,0,Summer,,,0,0,0,0,,0,0,0,0,0
2027-07-30,2027,7,July,30,Friday,4,30,3,0,Summer,,,0,0,0,0,,0,0,0,0,0
2027-07-31,2027,7,July,31,Saturday,5,30,3,1,Summer,,,0,0,0,0,,0,0,0,0,1
2027-08-01,2027,8,August,1,Sunday,6,30,3,1,Summer,,,0,0,0,0,,0,0,0,0,1
2027-08-02,2027,8,August,2,Monday,0,31,3,0,Summer,Summer bank holiday,scotland,0,1,1,0,,0,0,0,0,1
2027-08-03,2027,8,August,3,Tuesday,1,31,3,0,Summer,,,0,0,0,0,,0,0,0,0,0
2027-08-04,2027,8,August,4,Wednesday,2,31,3,0,Summer,,,0,0,0,0,,0,0,0,0,0
2027-08-05,2027,8,August,5,Thursday,3,31,3,0,Summer,,,0,0,0,0,,0,0,0,0,0
2027-08-06,2027,8,August,6,Friday,4,31,3,0,Summer,,,0,0,0,0,,0,0,0,0,0
2027-08-07,2027,8,August,7,Saturday,5,31,3,1,Summer,,,0,0,0,0,,0,0,0,0,1
2027-08-08,2027,8,August,8,Sunday,6,31,3,1,Summer,,,0,0,0,0,,0,0,0,0,1
2027-08-09,2027,8,August,9,Monday,0,32,3,0,Summer,,,0,0,0,0,,0,0,0,0,0
2027-08-10,2027,8,August,10,Tuesday,1,32,3,0,Summer,,,0,0,0,0,,0,0,0,0,0
2027-08-11,2027,8,August,11,Wednesday,2,32,3,0,Summer,,,0,0,0,0,,0,0,0,0,0
2027-08-12,2027,8,August,12,Thursday,3,32,3,0,Summer,,,0,0,0,0,,0,0,0,0,0
2027-08-13,2027,8,August,13,Friday,4,32,3,0,Summer,,,0,0,0,0,,0,0,0,0,0
2027-08-14,2027,8,August,14,Saturday,5,32,3,1,Summer,,,0,0,0,0,,0,0,0,0,1
2027-08-15,2027,8,August,15,Sunday,6,32,3,1,Summer,,,0,0,0,0,,0,0,0,0,1
2027-08-16,2027,8,August,16,Monday,0,33,3,0,Summer,,,0,0,0,0,,0,0,0,0,0
2027-08-17,2027,8,August,17,Tuesday,1,33,3,0,Summer,,,0,0,0,0,,0,0,0,0,0
2027-08-18,2027,8,August,18,Wednesday,2,33,3,0,Summer,,,0,0,0,0,,0,0,0,0,0
2027-08-19,2027,8,August,19,Thursday,3,33,3,0,Summer,,,0,0,0,0,,0,0,0,0,0
2027-08-20,2027,8,August,20,Friday,4,33,3,0,Summer,,,0,0,0,0,,0,0,0,0,0
2027-08-21,2027,8,August,21,Saturday,5,33,3,1,Summer,,,0,0,0,0,,0,0,0,0,1
2027-08-22,2027,8,August,22,Sunday,6,33,3,1,Summer,,,0,0,0,0,,0,0,0,0,1
2027-08-23,2027,8,August,23,Monday,0,34,3,0,Summer,,,0,0,0,0,,0,0,0,0,0
2027-08-24,2027,8,August,24,Tuesday,1,34,3,0,Summer,,,0,0,0,0,,0,0,0,0,0
2027-08-25,2027,8,August,25,Wednesday,2,34,3,0,Summer,,,0,0,0,0,,0,0,0,0,0
2027-08-26,2027,8,August,26,Thursday,3,34,3,0,Summer,,,0,0,0,0,,0,0,0,0,0
2027-08-27,2027,8,August,27,Friday,4,34,3,0,Summer,,,0,0,0,0,,0,0,0,0,0
2027-08-28,2027,8,August,28,Saturday,5,34,3,1,Summer,,,0,0,0,0,,0,0,0,0,1
2027-08-29,2027,8,August,29,Sunday,6,34,3,1,Summer,,,0,0,0,0,,0,0,0,0,1
2027-08-30,2027,8,August,30,Monday,0,35,3,0,Summer,Summer bank holiday,england-and-wales,1,0,1,0,,0,0,0,0,1
2027-08-31,2027,8,August,31,Tuesday,1,35,3,0,Summer,,,0,0,0,0,,0,0,0,0,0
2027-09-01,2027,9,September,1,Wednesday,2,35,3,0,Autumn,,,0,0,0,0,,0,0,0,0,0
2027-09-02,2027,9,September,2,Thursday,3,35,3,0,Autumn,,,0,0,0,0,,0,0,0,0,0
2027-09-03,2027,9,September,3,Friday,4,35,3,0,Autumn,,,0,0,0,0,,0,0,0,0,0
2027-09-04,2027,9,September,4,Saturday,5,35,3,1,Autumn,,,0,0,0,0,,0,0,0,0,1
2027-09-05,2027,9,September,5,Sunday,6,35,3,1,Autumn,,,0,0,0,0,,0,0,0,0,1
2027-09-06,2027,9,September,6,Monday,0,36,3,0,Autumn,,,0,0,0,0,,0,0,0,0,0
2027-09-07,2027,9,September,7,Tuesday,1,36,3,0,Autumn,,,0,0,0,0,,0,0,0,0,0
2027-09-08,2027,9,September,8,Wednesday,2,36,3,0,Autumn,,,0,0,0,0,,0,0,0,0,0
2027-09-09,2027,9,September,9,Thursday,3,36,3,0,Autumn,,,0,0,0,0,,0,0,0,0,0
2027-09-10,2027,9,September,10,Friday,4,36,3,0,Autumn,,,0,0,0,0,,0,0,0,0,0
2027-09-11,2027,9,September,11,Saturday,5,36,3,1,Autumn,,,0,0,0,0,,0,0,0,0,1
2027-09-12,2027,9,September,12,Sunday,6,36,3,1,Autumn,,,0,0,0,0,,0,0,0,0,1
2027-09-13,2027,9,September,13,Monday,0,37,3,0,Autumn,,,0,0,0,0,,0,0,0,0,0
2027-09-14,2027,9,September,14,Tuesday,1,37,3,0,Autumn,,,0,0,0,0,,0,0,0,0,0
2027-09-15,2027,9,September,15,Wednesday,2,37,3,0,Autumn,,,0,0,0,0,,0,0,0,0,0
2027-09-16,2027,9,September,16,Thursday,3,37,3,0,Autumn,,,0,0,0,0,,0,0,0,0,0
2027-09-17,2027,9,September,17,Friday,4,37,3,0,Autumn,,,0,0,0,0,,0,0,0,0,0
2027-09-18,2027,9,September,18,Saturday,5,37,3,1,Autumn,,,0,0,0,0,,0,0,0,0,1
2027-09-19,2027,9,September,19,Sunday,6,37,3,1,Autumn,,,0,0,0,0,,0,0,0,0,1
2027-09-20,2027,9,September,20,Monday,0,38,3,0,Autumn,,,0,0,0,0,,0,0,0,0,0
2027-09-21,2027,9,September,21,Tuesday,1,38,3,0,Autumn,,,0,0,0,0,,0,0,0,0,0
2027-09-22,2027,9,September,22,Wednesday,2,38,3,0,Autumn,,,0,0,0,0,,0,0,0,0,0
2027-09-23,2027,9,September,23,Thursday,3,38,3,0,Autumn,,,0,0,0,0,,0,0,0,0,0
2027-09-24,2027,9,September,24,Friday,4,38,3,0,Autumn,,,0,0,0,0,,0,0,0,0,0
2027-09-25,2027,9,September,25,Saturday,5,38,3,1,Autumn,,,0,0,0,0,,0,0,0,0,1
2027-09-26,2027,9,September,26,Sunday,6,38,3,1,Autumn,,,0,0,0,0,,0,0,0,0,1
2027-09-27,2027,9,September,27,Monday,0,39,3,0,Autumn,,,0,0,0,0,,0,0,0,0,0
2027-09-28,2027,9,September,28,Tuesday,1,39,3,0,Autumn,,,0,0,0,0,,0,0,0,0,0
2027-09-29,2027,9,September,29,Wednesday,2,39,3,0,Autumn,,,0,0,0,0,,0,0,0,0,0
2027-09-30,2027,9,September,30,Thursday,3,39,3,0,Autumn,,,0,0,0,0,,0,0,0,0,0
2027-10-01,2027,10,October,1,Friday,4,39,4,0,Autumn,,,0,0,0,0,,0,0,0,0,0
2027-10-02,2027,10,October,2,Saturday,5,39,4,1,Autumn,,,0,0,0,0,,0,0,0,0,1
2027-10-03,2027,10,October,3,Sunday,6,39,4,1,Autumn,,,0,0,0,0,,0,0,0,0,1
2027-10-04,2027,10,October,4,Monday,0,40,4,0,Autumn,,,0,0,0,0,,0,0,0,0,0
2027-10-05,2027,10,October,5,Tuesday,1,40,4,0,Autumn,,,0,0,0,0,,0,0,0,0,0
2027-10-06,2027,10,October,6,Wednesday,2,40,4,0,Autumn,,,0,0,0,0,,0,0,0,0,0
2027-10-07,2027,10,October,7,Thursday,3,40,4,0,Autumn,,,0,0,0,0,,0,0,0,0,0
2027-10-08,2027,10,October,8,Friday,4,40,4,0,Autumn,,,0,0,0,0,,0,0,0,0,0
2027-10-09,2027,10,October,9,Saturday,5,40,4,1,Autumn,,,0,0,0,0,,0,0,0,0,1
2027-10-10,2027,10,October,10,Sunday,6,40,4,1,Autumn,,,0,0,0,0,,0,0,0,0,1
2027-10-11,2027,10,October,11,Monday,0,41,4,0,Autumn,,,0,0,0,0,,0,0,0,0,0
2027-10-12,2027,10,October,12,Tuesday,1,41,4,0,Autumn,,,0,0,0,0,,0,0,0,0,0
2027-10-13,2027,10,October,13,Wednesday,2,41,4,0,Autumn,,,0,0,0,0,,0,0,0,0,0
2027-10-14,2027,10,October,14,Thursday,3,41,4,0,Autumn,,,0,0,0,0,,0,0,0,0,0
2027-10-15,2027,10,October,15,Friday,4,41,4,0,Autumn,,,0,0,0,0,,0,0,0,0,0
2027-10-16,2027,10,October,16,Saturday,5,41,4,1,Autumn,,,0,0,0,0,,0,0,0,0,1
2027-10-17,2027,10,October,17,Sunday,6,41,4,1,Autumn,,,0,0,0,0,,0,0,0,0,1
2027-10-18,2027,10,October,18,Monday,0,42,4,0,Autumn,,,0,0,0,0,,0,0,0,0,0
2027-10-19,2027,10,October,19,Tuesday,1,42,4,0,Autumn,,,0,0,0,0,,0,0,0,0,0
2027-10-20,2027,10,October,20,Wednesday,2,42,4,0,Autumn,,,0,0,0,0,,0,0,0,0,0
2027-10-21,2027,10,October,21,Thursday,3,42,4,0,Autumn,,,0,0,0,0,,0,0,0,0,0
2027-10-22,2027,10,October,22,Friday,4,42,4,0,Autumn,,,0,0,0,0,,0,0,0,0,0
2027-10-23,2027,10,October,23,Saturday,5,42,4,1,Autumn,,,0,0,0,0,,0,0,0,0,1
2027-10-24,2027,10,October,24,Sunday,6,42,4,1,Autumn,,,0,0,0,0,,0,0,0,0,1
2027-10-25,2027,10,October,25,Monday,0,43,4,0,Autumn,,,0,0,0,0,,0,0,0,0,0
2027-10-26,2027,10,October,26,Tuesday,1,43,4,0,Autumn,,,0,0,0,0,,0,0,0,0,0
2027-10-27,2027,10,October,27,Wednesday,2,43,4,0,Autumn,,,0,0,0,0,,0,0,0,0,0
2027-10-28,2027,10,October,28,Thursday,3,43,4,0,Autumn,,,0,0,0,0,,0,0,0,0,0
2027-10-29,2027,10,October,29,Friday,4,43,4,0,Autumn,,,0,0,0,0,,0,0,0,0,0
2027-10-30,2027,10,October,30,Saturday,5,43,4,1,Autumn,,,0,0,0,0,,0,0,0,0,1
2027-10-31,2027,10,October,31,Sunday,6,43,4,1,Autumn,,,0,0,0,0,,0,0,0,0,1
2027-11-01,2027,11,November,1,Monday,0,44,4,0,Autumn,,,0,0,0,0,,0,0,0,0,0
2027-11-02,2027,11,November,2,Tuesday,1,44,4,0,Autumn,,,0,0,0,0,,0,0,0,0,0
2027-11-03,2027,11,November,3,Wednesday,2,44,4,0,Autumn,,,0,0,0,0,,0,0,0,0,0
2027-11-04,2027,11,November,4,Thursday,3,44,4,0,Autumn,,,0,0,0,0,,0,0,0,0,0
2027-11-05,2027,11,November,5,Friday,4,44,4,0,Autumn,,,0,0,0,0,,0,0,0,0,0
2027-11-06,2027,11,November,6,Saturday,5,44,4,1,Autumn,,,0,0,0,0,,0,0,0,0,1
2027-11-07,2027,11,November,7,Sunday,6,44,4,1,Autumn,,,0,0,0,0,,0,0,0,0,1
2027-11-08,2027,11,November,8,Monday,0,45,4,0,Autumn,,,0,0,0,0,,0,0,0,0,0
2027-11-09,2027,11,November,9,Tuesday,1,45,4,0,Autumn,,,0,0,0,0,,0,0,0,0,0
2027-11-10,2027,11,November,10,Wednesday,2,45,4,0,Autumn,,,0,0,0,0,,0,0,0,0,0
2027-11-11,2027,11,November,11,Thursday,3,45,4,0,Autumn,,,0,0,0,0,,0,0,0,0,0
2027-11-12,2027,11,November,12,Friday,4,45,4,0,Autumn,,,0,0,0,0,,0,0,0,0,0
2027-11-13,2027,11,November,13,Saturday,5,45,4,1,Autumn,,,0,0,0,0,,0,0,0,0,1
2027-11-14,2027,11,November,14,Sunday,6,45,4,1,Autumn,,,0,0,0,0,,0,0,0,0,1
2027-11-15,2027,11,November,15,Monday,0,46,4,0,Autumn,,,0,0,0,0,,0,0,0,0,0
2027-11-16,2027,11,November,16,Tuesday,1,46,4,0,Autumn,,,0,0,0,0,,0,0,0,0,0
2027-11-17,2027,11,November,17,Wednesday,2,46,4,0,Autumn,,,0,0,0,0,,0,0,0,0,0
2027-11-18,2027,11,November,18,Thursday,3,46,4,0,Autumn,,,0,0,0,0,,0,0,0,0,0
2027-11-19,2027,11,November,19,Friday,4,46,4,0,Autumn,,,0,0,0,0,,0,0,0,0,0
2027-11-20,2027,11,November,20,Saturday,5,46,4,1,Autumn,,,0,0,0,0,,0,0,0,0,1
2027-11-21,2027,11,November,21,Sunday,6,46,4,1,Autumn,,,0,0,0,0,,0,0,0,0,1
2027-11-22,2027,11,November,22,Monday,0,47,4,0,Autumn,,,0,0,0,0,,0,0,0,0,0
2027-11-23,2027,11,November,23,Tuesday,1,47,4,0,Autumn,,,0,0,0,0,,0,0,0,0,0
2027-11-24,2027,11,November,24,Wednesday,2,47,4,0,Autumn,,,0,0,0,0,,0,0,0,0,0
2027-11-25,2027,11,November,25,Thursday,3,47,4,0,Autumn,,,0,0,0,0,,0,0,0,0,0
2027-11-26,2027,11,November,26,Friday,4,47,4,0,Autumn,,,0,0,0,0,,0,0,0,0,0
2027-11-27,2027,11,November,27,Saturday,5,47,4,1,Autumn,,,0,0,0,0,,0,0,0,0,1
2027-11-28,2027,11,November,28,Sunday,6,47,4,1,Autumn,,,0,0,0,0,,0,0,0,0,1
2027-11-29,2027,11,November,29,Monday,0,48,4,0,Autumn,,,0,0,0,0,,0,0,0,0,0
2027-11-30,2027,11,November,30,Tuesday,1,48,4,0,Autumn,St Andrew’s Day,scotland,0,1,1,0,,0,0,0,0,1
2027-12-01,2027,12,December,1,Wednesday,2,48,4,0,Winter,,,0,0,0,0,,0,0,0,0,0
2027-12-02,2027,12,December,2,Thursday,3,48,4,0,Winter,,,0,0,0,0,,0,0,0,0,0
2027-12-03,2027,12,December,3,Friday,4,48,4,0,Winter,,,0,0,0,0,,0,0,0,0,0
2027-12-04,2027,12,December,4,Saturday,5,48,4,1,Winter,,,0,0,0,0,,0,0,0,0,1
2027-12-05,2027,12,December,5,Sunday,6,48,4,1,Winter,,,0,0,0,0,,0,0,0,0,1
2027-12-06,2027,12,December,6,Monday,0,49,4,0,Winter,,,0,0,0,0,,0,0,0,0,0
2027-12-07,2027,12,December,7,Tuesday,1,49,4,0,Winter,,,0,0,0,0,,0,0,0,0,0
2027-12-08,2027,12,December,8,Wednesday,2,49,4,0,Winter,,,0,0,0,0,,0,0,0,0,0
2027-12-09,2027,12,December,9,Thursday,3,49,4,0,Winter,,,0,0,0,0,,0,0,0,0,0
2027-12-10,2027,12,December,10,Friday,4,49,4,0,Winter,,,0,0,0,0,,0,0,0,0,0
2027-12-11,2027,12,December,11,Saturday,5,49,4,1,Winter,,,0,0,0,0,,0,0,0,0,1
2027-12-12,2027,12,December,12,Sunday,6,49,4,1,Winter,,,0,0,0,0,,0,0,0,0,1
2027-12-13,2027,12,December,13,Monday,0,50,4,0,Winter,,,0,0,0,0,,0,0,0,0,0
2027-12-14,2027,12,December,14,Tuesday,1,50,4,0,Winter,,,0,0,0,0,,0,0,0,0,0
2027-12-15,2027,12,December,15,Wednesday,2,50,4,0,Winter,,,0,0,0,0,,0,0,0,0,0
2027-12-16,2027,12,December,16,Thursday,3,50,4,0,Winter,,,0,0,0,0,,0,0,0,0,0
2027-12-17,2027,12,December,17,Friday,4,50,4,0,Winter,,,0,0,0,0,,0,0,0,0,0
2027-12-18,2027,12,December,18,Saturday,5,50,4,1,Winter,,,0,0,0,0,,0,0,0,0,1
2027-12-19,2027,12,December,19,Sunday,6,50,4,1,Winter,,,0,0,0,0,,0,0,0,0,1
2027-12-20,2027,12,December,20,Monday,0,51,4,0,Winter,,,0,0,0,0,,0,0,0,0,0
2027-12-21,2027,12,December,21,Tuesday,1,51,4,0,Winter,,,0,0,0,0,,0,0,0,0,0
2027-12-22,2027,12,December,22,Wednesday,2,51,4,0,Winter,,,0,0,0,0,,0,0,0,0,0
2027-12-23,2027,12,December,23,Thursday,3,51,4,0,Winter,,,0,0,0,0,,0,0,0,0,0
2027-12-24,2027,12,December,24,Friday,4,51,4,0,Winter,,,0,0,0,0,,0,0,0,0,0
2027-12-25,2027,12,December,25,Saturday,5,51,4,1,Winter,,,0,0,0,0,,0,0,0,0,1
2027-12-26,2027,12,December,26,Sunday,6,51,4,1,Winter,,,0,0,0,0,,0,0,0,0,1
2027-12-27,2027,12,December,27,Monday,0,52,4,0,Winter,Christmas Day,england-and-wales | scotland,1,1,1,0,,0,0,0,0,1
2027-12-28,2027,12,December,28,Tuesday,1,52,4,0,Winter,Boxing Day,england-and-wales | scotland,1,1,1,0,,0,0,0,0,1
2027-12-29,2027,12,December,29,Wednesday,2,52,4,0,Winter,,,0,0,0,0,,0,0,0,0,0
2027-12-30,2027,12,December,30,Thursday,3,52,4,0,Winter,,,0,0,0,0,,0,0,0,0,0
2027-12-31,2027,12,December,31,Friday,4,52,4,0,Winter,,,0,0,0,0,,0,0,0,0,0
2028-01-01,2028,1,January,1,Saturday,5,52,1,1,Winter,,,0,0,0,0,,0,0,0,0,1
2028-01-02,2028,1,January,2,Sunday,6,52,1,1,Winter,,,0,0,0,0,,0,0,0,0,1
2028-01-03,2028,1,January,3,Monday,0,1,1,0,Winter,New Year’s Day,england-and-wales | scotland,1,1,1,0,,0,0,0,0,1
2028-01-04,2028,1,January,4,Tuesday,1,1,1,0,Winter,2nd January,scotland,0,1,1,0,,0,0,0,0,1
2028-01-05,2028,1,January,5,Wednesday,2,1,1,0,Winter,,,0,0,0,0,,0,0,0,0,0
2028-01-06,2028,1,January,6,Thursday,3,1,1,0,Winter,,,0,0,0,0,,0,0,0,0,0
2028-01-07,2028,1,January,7,Friday,4,1,1,0,Winter,,,0,0,0,0,,0,0,0,0,0
2028-01-08,2028,1,January,8,Saturday,5,1,1,1,Winter,,,0,0,0,0,,0,0,0,0,1
2028-01-09,2028,1,January,9,Sunday,6,1,1,1,Winter,,,0,0,0,0,,0,0,0,0,1
2028-01-10,2028,1,January,10,Monday,0,2,1,0,Winter,,,0,0,0,0,,0,0,0,0,0
2028-01-11,2028,1,January,11,Tuesday,1,2,1,0,Winter,,,0,0,0,0,,0,0,0,0,0
2028-01-12,2028,1,January,12,Wednesday,2,2,1,0,Winter,,,0,0,0,0,,0,0,0,0,0
2028-01-13,2028,1,January,13,Thursday,3,2,1,0,Winter,,,0,0,0,0,,0,0,0,0,0
2028-01-14,2028,1,January,14,Friday,4,2,1,0,Winter,,,0,0,0,0,,0,0,0,0,0
2028-01-15,2028,1,January,15,Saturday,5,2,1,1,Winter,,,0,0,0,0,,0,0,0,0,1
2028-01-16,2028,1,January,16,Sunday,6,2,1,1,Winter,,,0,0,0,0,,0,0,0,0,1
2028-01-17,2028,1,January,17,Monday,0,3,1,0,Winter,,,0,0,0,0,,0,0,0,0,0
2028-01-18,2028,1,January,18,Tuesday,1,3,1,0,Winter,,,0,0,0,0,,0,0,0,0,0
2028-01-19,2028,1,January,19,Wednesday,2,3,1,0,Winter,,,0,0,0,0,,0,0,0,0,0
2028-01-20,2028,1,January,20,Thursday,3,3,1,0,Winter,,,0,0,0,0,,0,0,0,0,0
2028-01-21,2028,1,January,21,Friday,4,3,1,0,Winter,,,0,0,0,0,,0,0,0,0,0
2028-01-22,2028,1,January,22,Saturday,5,3,1,1,Winter,,,0,0,0,0,,0,0,0,0,1
2028-01-23,2028,1,January,23,Sunday,6,3,1,1,Winter,,,0,0,0,0,,0,0,0,0,1
2028-01-24,2028,1,January,24,Monday,0,4,1,0,Winter,,,0,0,0,0,,0,0,0,0,0
2028-01-25,2028,1,January,25,Tuesday,1,4,1,0,Winter,,,0,0,0,0,,0,0,0,0,0
2028-01-26,2028,1,January,26,Wednesday,2,4,1,0,Winter,,,0,0,0,0,,0,0,0,0,0
2028-01-27,2028,1,January,27,Thursday,3,4,1,0,Winter,,,0,0,0,0,,0,0,0,0,0
2028-01-28,2028,1,January,28,Friday,4,4,1,0,Winter,,,0,0,0,0,,0,0,0,0,0
2028-01-29,2028,1,January,29,Saturday,5,4,1,1,Winter,,,0,0,0,0,,0,0,0,0,1
2028-01-30,2028,1,January,30,Sunday,6,4,1,1,Winter,,,0,0,0,0,,0,0,0,0,1
2028-01-31,2028,1,January,31,Monday,0,5,1,0,Winter,,,0,0,0,0,,0,0,0,0,0
2028-02-01,2028,2,February,1,Tuesday,1,5,1,0,Winter,,,0,0,0,0,,0,0,0,0,0
2028-02-02,2028,2,February,2,Wednesday,2,5,1,0,Winter,,,0,0,0,0,,0,0,0,0,0
2028-02-03,2028,2,February,3,Thursday,3,5,1,0,Winter,,,0,0,0,0,,0,0,0,0,0
2028-02-04,2028,2,February,4,Friday,4,5,1,0,Winter,,,0,0,0,0,,0,0,0,0,0
2028-02-05,2028,2,February,5,Saturday,5,5,1,1,Winter,,,0,0,0,0,,0,0,0,0,1
2028-02-06,2028,2,February,6,Sunday,6,5,1,1,Winter,,,0,0,0,0,,0,0,0,0,1
2028-02-07,2028,2,February,7,Monday,0,6,1,0,Winter,,,0,0,0,0,,0,0,0,0,0
2028-02-08,2028,2,February,8,Tuesday,1,6,1,0,Winter,,,0,0,0,0,,0,0,0,0,0
2028-02-09,2028,2,February,9,Wednesday,2,6,1,0,Winter,,,0,0,0,0,,0,0,0,0,0
2028-02-10,2028,2,February,10,Thursday,3,6,1,0,Winter,,,0,0,0,0,,0,0,0,0,0
2028-02-11,2028,2,February,11,Friday,4,6,1,0,Winter,,,0,0,0,0,,0,0,0,0,0
2028-02-12,2028,2,February,12,Saturday,5,6,1,1,Winter,,,0,0,0,0,,0,0,0,0,1
2028-02-13,2028,2,February,13,Sunday,6,6,1,1,Winter,,,0,0,0,0,,0,0,0,0,1
2028-02-14,2028,2,February,14,Monday,0,7,1,0,Winter,,,0,0,0,0,,0,0,0,0,0
2028-02-15,2028,2,February,15,Tuesday,1,7,1,0,Winter,,,0,0,0,0,,0,0,0,0,0
2028-02-16,2028,2,February,16,Wednesday,2,7,1,0,Winter,,,0,0,0,0,,0,0,0,0,0
2028-02-17,2028,2,February,17,Thursday,3,7,1,0,Winter,,,0,0,0,0,,0,0,0,0,0
2028-02-18,2028,2,February,18,Friday,4,7,1,0,Winter,,,0,0,0,0,,0,0,0,0,0
2028-02-19,2028,2,February,19,Saturday,5,7,1,1,Winter,,,0,0,0,0,,0,0,0,0,1
2028-02-20,2028,2,February,20,Sunday,6,7,1,1,Winter,,,0,0,0,0,,0,0,0,0,1
2028-02-21,2028,2,February,21,Monday,0,8,1,0,Winter,,,0,0,0,0,,0,0,0,0,0
2028-02-22,2028,2,February,22,Tuesday,1,8,1,0,Winter,,,0,0,0,0,,0,0,0,0,0
2028-02-23,2028,2,February,23,Wednesday,2,8,1,0,Winter,,,0,0,0,0,,0,0,0,0,0
2028-02-24,2028,2,February,24,Thursday,3,8,1,0,Winter,,,0,0,0,0,,0,0,0,0,0
2028-02-25,2028,2,February,25,Friday,4,8,1,0,Winter,,,0,0,0,0,,0,0,0,0,0
2028-02-26,2028,2,February,26,Saturday,5,8,1,1,Winter,,,0,0,0,0,,0,0,0,0,1
2028-02-27,2028,2,February,27,Sunday,6,8,1,1,Winter,,,0,0,0,0,,0,0,0,0,1
2028-02-28,2028,2,February,28,Monday,0,9,1,0,Winter,,,0,0,0,0,,0,0,0,0,0
2028-02-29,2028,2,February,29,Tuesday,1,9,1,0,Winter,,,0,0,0,0,,0,0,0,0,0
2028-03-01,2028,3,March,1,Wednesday,2,9,1,0,Spring,,,0,0,0,0,,0,0,0,0,0
2028-03-02,2028,3,March,2,Thursday,3,9,1,0,Spring,,,0,0,0,0,,0,0,0,0,0
2028-03-03,2028,3,March,3,Friday,4,9,1,0,Spring,,,0,0,0,0,,0,0,0,0,0
2028-03-04,2028,3,March,4,Saturday,5,9,1,1,Spring,,,0,0,0,0,,0,0,0,0,1
2028-03-05,2028,3,March,5,Sunday,6,9,1,1,Spring,,,0,0,0,0,,0,0,0,0,1
2028-03-06,2028,3,March,6,Monday,0,10,1,0,Spring,,,0,0,0,0,,0,0,0,0,0
2028-03-07,2028,3,March,7,Tuesday,1,10,1,0,Spring,,,0,0,0,0,,0,0,0,0,0
2028-03-08,2028,3,March,8,Wednesday,2,10,1,0,Spring,,,0,0,0,0,,0,0,0,0,0
2028-03-09,2028,3,March,9,Thursday,3,10,1,0,Spring,,,0,0,0,0,,0,0,0,0,0
2028-03-10,2028,3,March,10,Friday,4,10,1,0,Spring,,,0,0,0,0,,0,0,0,0,0
2028-03-11,2028,3,March,11,Saturday,5,10,1,1,Spring,,,0,0,0,0,,0,0,0,0,1
2028-03-12,2028,3,March,12,Sunday,6,10,1,1,Spring,,,0,0,0,0,,0,0,0,0,1
2028-03-13,2028,3,March,13,Monday,0,11,1,0,Spring,,,0,0,0,0,,0,0,0,0,0
2028-03-14,2028,3,March,14,Tuesday,1,11,1,0,Spring,,,0,0,0,0,,0,0,0,0,0
2028-03-15,2028,3,March,15,Wednesday,2,11,1,0,Spring,,,0,0,0,0,,0,0,0,0,0
2028-03-16,2028,3,March,16,Thursday,3,11,1,0,Spring,,,0,0,0,0,,0,0,0,0,0
2028-03-17,2028,3,March,17,Friday,4,11,1,0,Spring,,,0,0,0,0,,0,0,0,0,0
2028-03-18,2028,3,March,18,Saturday,5,11,1,1,Spring,,,0,0,0,0,,0,0,0,0,1
2028-03-19,2028,3,March,19,Sunday,6,11,1,1,Spring,,,0,0,0,0,,0,0,0,0,1
2028-03-20,2028,3,March,20,Monday,0,12,1,0,Spring,,,0,0,0,0,,0,0,0,0,0
2028-03-21,2028,3,March,21,Tuesday,1,12,1,0,Spring,,,0,0,0,0,,0,0,0,0,0
2028-03-22,2028,3,March,22,Wednesday,2,12,1,0,Spring,,,0,0,0,0,,0,0,0,0,0
2028-03-23,2028,3,March,23,Thursday,3,12,1,0,Spring,,,0,0,0,0,,0,0,0,0,0
2028-03-24,2028,3,March,24,Friday,4,12,1,0,Spring,,,0,0,0,0,,0,0,0,0,0
2028-03-25,2028,3,March,25,Saturday,5,12,1,1,Spring,,,0,0,0,0,,0,0,0,0,1
2028-03-26,2028,3,March,26,Sunday,6,12,1,1,Spring,,,0,0,0,0,,0,0,0,0,1
2028-03-27,2028,3,March,27,Monday,0,13,1,0,Spring,,,0,0,0,0,,0,0,0,0,0
2028-03-28,2028,3,March,28,Tuesday,1,13,1,0,Spring,,,0,0,0,0,,0,0,0,0,0
2028-03-29,2028,3,March,29,Wednesday,2,13,1,0,Spring,,,0,0,0,0,,0,0,0,0,0
2028-03-30,2028,3,March,30,Thursday,3,13,1,0,Spring,,,0,0,0,0,,0,0,0,0,0
2028-03-31,2028,3,March,31,Friday,4,13,1,0,Spring,,,0,0,0,0,,0,0,0,0,0
2028-04-01,2028,4,April,1,Saturday,5,13,2,1,Spring,,,0,0,0,0,,0,0,0,0,1
2028-04-02,2028,4,April,2,Sunday,6,13,2,1,Spring,,,0,0,0,0,,0,0,0,0,1
2028-04-03,2028,4,April,3,Monday,0,14,2,0,Spring,,,0,0,0,0,,0,0,0,0,0
2028-04-04,2028,4,April,4,Tuesday,1,14,2,0,Spring,,,0,0,0,0,,0,0,0,0,0
2028-04-05,2028,4,April,5,Wednesday,2,14,2,0,Spring,,,0,0,0,0,,0,0,0,0,0
2028-04-06,2028,4,April,6,Thursday,3,14,2,0,Spring,,,0,0,0,0,,0,0,0,0,0
2028-04-07,2028,4,April,7,Friday,4,14,2,0,Spring,,,0,0,0,0,,0,0,0,0,0
2028-04-08,2028,4,April,8,Saturday,5,14,2,1,Spring,,,0,0,0,0,,0,0,0,0,1
2028-04-09,2028,4,April,9,Sunday,6,14,2,1,Spring,,,0,0,0,0,,0,0,0,0,1
2028-04-10,2028,4,April,10,Monday,0,15,2,0,Spring,,,0,0,0,0,,0,0,0,0,0
2028-04-11,2028,4,April,11,Tuesday,1,15,2,0,Spring,,,0,0,0,0,,0,0,0,0,0
2028-04-12,2028,4,April,12,Wednesday,2,15,2,0,Spring,,,0,0,0,0,,0,0,0,0,0
2028-04-13,2028,4,April,13,Thursday,3,15,2,0,Spring,,,0,0,0,0,,0,0,0,0,0
2028-04-14,2028,4,April,14,Friday,4,15,2,0,Spring,Good Friday,england-and-wales | scotland,1,1,1,0,,0,0,0,0,1
2028-04-15,2028,4,April,15,Saturday,5,15,2,1,Spring,,,0,0,0,0,,0,0,0,0,1
2028-04-16,2028,4,April,16,Sunday,6,15,2,1,Spring,,,0,0,0,0,,0,0,0,0,1
2028-04-17,2028,4,April,17,Monday,0,16,2,0,Spring,Easter Monday,england-and-wales,1,0,1,0,,0,0,0,0,1
2028-04-18,2028,4,April,18,Tuesday,1,16,2,0,Spring,,,0,0,0,0,,0,0,0,0,0
2028-04-19,2028,4,April,19,Wednesday,2,16,2,0,Spring,,,0,0,0,0,,0,0,0,0,0
2028-04-20,2028,4,April,20,Thursday,3,16,2,0,Spring,,,0,0,0,0,,0,0,0,0,0
2028-04-21,2028,4,April,21,Friday,4,16,2,0,Spring,,,0,0,0,0,,0,0,0,0,0
2028-04-22,2028,4,April,22,Saturday,5,16,2,1,Spring,,,0,0,0,0,,0,0,0,0,1
2028-04-23,2028,4,April,23,Sunday,6,16,2,1,Spring,,,0,0,0,0,,0,0,0,0,1
2028-04-24,2028,4,April,24,Monday,0,17,2,0,Spring,,,0,0,0,0,,0,0,0,0,0
2028-04-25,2028,4,April,25,Tuesday,1,17,2,0,Spring,,,0,0,0,0,,0,0,0,0,0
2028-04-26,2028,4,April,26,Wednesday,2,17,2,0,Spring,,,0,0,0,0,,0,0,0,0,0
2028-04-27,2028,4,April,27,Thursday,3,17,2,0,Spring,,,0,0,0,0,,0,0,0,0,0
2028-04-28,2028,4,April,28,Friday,4,17,2,0,Spring,,,0,0,0,0,,0,0,0,0,0
2028-04-29,2028,4,April,29,Saturday,5,17,2,1,Spring,,,0,0,0,0,,0,0,0,0,1
2028-04-30,2028,4,April,30,Sunday,6,17,2,1,Spring,,,0,0,0,0,,0,0,0,0,1
2028-05-01,2028,5,May,1,Monday,0,18,2,0,Spring,Early May bank holiday,england-and-wales | scotland,1,1,1,0,,0,0,0,0,1
2028-05-02,2028,5,May,2,Tuesday,1,18,2,0,Spring,,,0,0,0,0,,0,0,0,0,0
2028-05-03,2028,5,May,3,Wednesday,2,18,2,0,Spring,,,0,0,0,0,,0,0,0,0,0
2028-05-04,2028,5,May,4,Thursday,3,18,2,0,Spring,,,0,0,0,0,,0,0,0,0,0
2028-05-05,2028,5,May,5,Friday,4,18,2,0,Spring,,,0,0,0,0,,0,0,0,0,0
2028-05-06,2028,5,May,6,Saturday,5,18,2,1,Spring,,,0,0,0,0,,0,0,0,0,1
2028-05-07,2028,5,May,7,Sunday,6,18,2,1,Spring,,,0,0,0,0,,0,0,0,0,1
2028-05-08,2028,5,May,8,Monday,0,19,2,0,Spring,,,0,0,0,0,,0,0,0,0,0
2028-05-09,2028,5,May,9,Tuesday,1,19,2,0,Spring,,,0,0,0,0,,0,0,0,0,0
2028-05-10,2028,5,May,10,Wednesday,2,19,2,0,Spring,,,0,0,0,0,,0,0,0,0,0
2028-05-11,2028,5,May,11,Thursday,3,19,2,0,Spring,,,0,0,0,0,,0,0,0,0,0
2028-05-12,2028,5,May,12,Friday,4,19,2,0,Spring,,,0,0,0,0,,0,0,0,0,0
2028-05-13,2028,5,May,13,Saturday,5,19,2,1,Spring,,,0,0,0,0,,0,0,0,0,1
2028-05-14,2028,5,May,14,Sunday,6,19,2,1,Spring,,,0,0,0,0,,0,0,0,0,1
2028-05-15,2028,5,May,15,Monday,0,20,2,0,Spring,,,0,0,0,0,,0,0,0,0,0
2028-05-16,2028,5,May,16,Tuesday,1,20,2,0,Spring,,,0,0,0,0,,0,0,0,0,0
2028-05-17,2028,5,May,17,Wednesday,2,20,2,0,Spring,,,0,0,0,0,,0,0,0,0,0
2028-05-18,2028,5,May,18,Thursday,3,20,2,0,Spring,,,0,0,0,0,,0,0,0,0,0
2028-05-19,2028,5,May,19,Friday,4,20,2,0,Spring,,,0,0,0,0,,0,0,0,0,0
2028-05-20,2028,5,May,20,Saturday,5,20,2,1,Spring,,,0,0,0,0,,0,0,0,0,1
2028-05-21,2028,5,May,21,Sunday,6,20,2,1,Spring,,,0,0,0,0,,0,0,0,0,1
2028-05-22,2028,5,May,22,Monday,0,21,2,0,Spring,,,0,0,0,0,,0,0,0,0,0
2028-05-23,2028,5,May,23,Tuesday,1,21,2,0,Spring,,,0,0,0,0,,0,0,0,0,0
2028-05-24,2028,5,May,24,Wednesday,2,21,2,0,Spring,,,0,0,0,0,,0,0,0,0,0
2028-05-25,2028,5,May,25,Thursday,3,21,2,0,Spring,,,0,0,0,0,,0,0,0,0,0
2028-05-26,2028,5,May,26,Friday,4,21,2,0,Spring,,,0,0,0,0,,0,0,0,0,0
2028-05-27,2028,5,May,27,Saturday,5,21,2,1,Spring,,,0,0,0,0,,0,0,0,0,1
2028-05-28,2028,5,May,28,Sunday,6,21,2,1,Spring,,,0,0,0,0,,0,0,0,0,1
2028-05-29,2028,5,May,29,Monday,0,22,2,0,Spring,Spring bank holiday,england-and-wales | scotland,1,1,1,0,,0,0,0,0,1
2028-05-30,2028,5,May,30,Tuesday,1,22,2,0,Spring,,,0,0,0,0,,0,0,0,0,0
2028-05-31,2028,5,May,31,Wednesday,2,22,2,0,Spring,,,0,0,0,0,,0,0,0,0,0
2028-06-01,2028,6,June,1,Thursday,3,22,2,0,Summer,,,0,0,0,0,,0,0,0,0,0
2028-06-02,2028,6,June,2,Friday,4,22,2,0,Summer,,,0,0,0,0,,0,0,0,0,0
2028-06-03,2028,6,June,3,Saturday,5,22,2,1,Summer,,,0,0,0,0,,0,0,0,0,1
2028-06-04,2028,6,June,4,Sunday,6,22,2,1,Summer,,,0,0,0,0,,0,0,0,0,1
2028-06-05,2028,6,June,5,Monday,0,23,2,0,Summer,,,0,0,0,0,,0,0,0,0,0
2028-06-06,2028,6,June,6,Tuesday,1,23,2,0,Summer,,,0,0,0,0,,0,0,0,0,0
2028-06-07,2028,6,June,7,Wednesday,2,23,2,0,Summer,,,0,0,0,0,,0,0,0,0,0
2028-06-08,2028,6,June,8,Thursday,3,23,2,0,Summer,,,0,0,0,0,,0,0,0,0,0
2028-06-09,2028,6,June,9,Friday,4,23,2,0,Summer,,,0,0,0,0,,0,0,0,0,0
2028-06-10,2028,6,June,10,Saturday,5,23,2,1,Summer,,,0,0,0,0,,0,0,0,0,1
2028-06-11,2028,6,June,11,Sunday,6,23,2,1,Summer,,,0,0,0,0,,0,0,0,0,1
2028-06-12,2028,6,June,12,Monday,0,24,2,0,Summer,,,0,0,0,0,,0,0,0,0,0
2028-06-13,2028,6,June,13,Tuesday,1,24,2,0,Summer,,,0,0,0,0,,0,0,0,0,0
2028-06-14,2028,6,June,14,Wednesday,2,24,2,0,Summer,,,0,0,0,0,,0,0,0,0,0
2028-06-15,2028,6,June,15,Thursday,3,24,2,0,Summer,,,0,0,0,0,,0,0,0,0,0
2028-06-16,2028,6,June,16,Friday,4,24,2,0,Summer,,,0,0,0,0,,0,0,0,0,0
2028-06-17,2028,6,June,17,Saturday,5,24,2,1,Summer,,,0,0,0,0,,0,0,0,0,1
2028-06-18,2028,6,June,18,Sunday,6,24,2,1,Summer,,,0,0,0,0,,0,0,0,0,1
2028-06-19,2028,6,June,19,Monday,0,25,2,0,Summer,,,0,0,0,0,,0,0,0,0,0
2028-06-20,2028,6,June,20,Tuesday,1,25,2,0,Summer,,,0,0,0,0,,0,0,0,0,0
2028-06-21,2028,6,June,21,Wednesday,2,25,2,0,Summer,,,0,0,0,0,,0,0,0,0,0
2028-06-22,2028,6,June,22,Thursday,3,25,2,0,Summer,,,0,0,0,0,,0,0,0,0,0
2028-06-23,2028,6,June,23,Friday,4,25,2,0,Summer,,,0,0,0,0,,0,0,0,0,0
2028-06-24,2028,6,June,24,Saturday,5,25,2,1,Summer,,,0,0,0,0,,0,0,0,0,1
2028-06-25,2028,6,June,25,Sunday,6,25,2,1,Summer,,,0,0,0,0,,0,0,0,0,1
2028-06-26,2028,6,June,26,Monday,0,26,2,0,Summer,,,0,0,0,0,,0,0,0,0,0
2028-06-27,2028,6,June,27,Tuesday,1,26,2,0,Summer,,,0,0,0,0,,0,0,0,0,0
2028-06-28,2028,6,June,28,Wednesday,2,26,2,0,Summer,,,0,0,0,0,,0,0,0,0,0
2028-06-29,2028,6,June,29,Thursday,3,26,2,0,Summer,,,0,0,0,0,,0,0,0,0,0
2028-06-30,2028,6,June,30,Friday,4,26,2,0,Summer,,,0,0,0,0,,0,0,0,0,0
2028-07-01,2028,7,July,1,Saturday,5,26,3,1,Summer,,,0,0,0,0,,0,0,0,0,1
2028-07-02,2028,7,July,2,Sunday,6,26,3,1,Summer,,,0,0,0,0,,0,0,0,0,1
2028-07-03,2028,7,July,3,Monday,0,27,3,0,Summer,,,0,0,0,0,,0,0,0,0,0
2028-07-04,2028,7,July,4,Tuesday,1,27,3,0,Summer,,,0,0,0,0,,0,0,0,0,0
2028-07-05,2028,7,July,5,Wednesday,2,27,3,0,Summer,,,0,0,0,0,,0,0,0,0,0
2028-07-06,2028,7,July,6,Thursday,3,27,3,0,Summer,,,0,0,0,0,,0,0,0,0,0
2028-07-07,2028,7,July,7,Friday,4,27,3,0,Summer,,,0,0,0,0,,0,0,0,0,0
2028-07-08,2028,7,July,8,Saturday,5,27,3,1,Summer,,,0,0,0,0,,0,0,0,0,1
2028-07-09,2028,7,July,9,Sunday,6,27,3,1,Summer,,,0,0,0,0,,0,0,0,0,1
2028-07-10,2028,7,July,10,Monday,0,28,3,0,Summer,,,0,0,0,0,,0,0,0,0,0
2028-07-11,2028,7,July,11,Tuesday,1,28,3,0,Summer,,,0,0,0,0,,0,0,0,0,0
2028-07-12,2028,7,July,12,Wednesday,2,28,3,0,Summer,,,0,0,0,0,,0,0,0,0,0
2028-07-13,2028,7,July,13,Thursday,3,28,3,0,Summer,,,0,0,0,0,,0,0,0,0,0
2028-07-14,2028,7,July,14,Friday,4,28,3,0,Summer,,,0,0,0,0,,0,0,0,0,0
2028-07-15,2028,7,July,15,Saturday,5,28,3,1,Summer,,,0,0,0,0,,0,0,0,0,1
2028-07-16,2028,7,July,16,Sunday,6,28,3,1,Summer,,,0,0,0,0,,0,0,0,0,1
2028-07-17,2028,7,July,17,Monday,0,29,3,0,Summer,,,0,0,0,0,,0,0,0,0,0
2028-07-18,2028,7,July,18,Tuesday,1,29,3,0,Summer,,,0,0,0,0,,0,0,0,0,0
2028-07-19,2028,7,July,19,Wednesday,2,29,3,0,Summer,,,0,0,0,0,,0,0,0,0,0
2028-07-20,2028,7,July,20,Thursday,3,29,3,0,Summer,,,0,0,0,0,,0,0,0,0,0
2028-07-21,2028,7,July,21,Friday,4,29,3,0,Summer,,,0,0,0,0,,0,0,0,0,0
2028-07-22,2028,7,July,22,Saturday,5,29,3,1,Summer,,,0,0,0,0,,0,0,0,0,1
2028-07-23,2028,7,July,23,Sunday,6,29,3,1,Summer,,,0,0,0,0,,0,0,0,0,1
2028-07-24,2028,7,July,24,Monday,0,30,3,0,Summer,,,0,0,0,0,,0,0,0,0,0
2028-07-25,2028,7,July,25,Tuesday,1,30,3,0,Summer,,,0,0,0,0,,0,0,0,0,0
2028-07-26,2028,7,July,26,Wednesday,2,30,3,0,Summer,,,0,0,0,0,,0,0,0,0,0
2028-07-27,2028,7,July,27,Thursday,3,30,3,0,Summer,,,0,0,0,0,,0,0,0,0,0
2028-07-28,2028,7,July,28,Friday,4,30,3,0,Summer,,,0,0,0,0,,0,0,0,0,0
2028-07-29,2028,7,July,29,Saturday,5,30,3,1,Summer,,,0,0,0,0,,0,0,0,0,1
2028-07-30,2028,7,July,30,Sunday,6,30,3,1,Summer,,,0,0,0,0,,0,0,0,0,1
2028-07-31,2028,7,July,31,Monday,0,31,3,0,Summer,,,0,0,0,0,,0,0,0,0,0
2028-08-01,2028,8,August,1,Tuesday,1,31,3,0,Summer,,,0,0,0,0,,0,0,0,0,0
2028-08-02,2028,8,August,2,Wednesday,2,31,3,0,Summer,,,0,0,0,0,,0,0,0,0,0
2028-08-03,2028,8,August,3,Thursday,3,31,3,0,Summer,,,0,0,0,0,,0,0,0,0,0
2028-08-04,2028,8,August,4,Friday,4,31,3,0,Summer,,,0,0,0,0,,0,0,0,0,0
2028-08-05,2028,8,August,5,Saturday,5,31,3,1,Summer,,,0,0,0,0,,0,0,0,0,1
2028-08-06,2028,8,August,6,Sunday,6,31,3,1,Summer,,,0,0,0,0,,0,0,0,0,1
2028-08-07,2028,8,August,7,Monday,0,32,3,0,Summer,Summer bank holiday,scotland,0,1,1,0,,0,0,0,0,1
2028-08-08,2028,8,August,8,Tuesday,1,32,3,0,Summer,,,0,0,0,0,,0,0,0,0,0
2028-08-09,2028,8,August,9,Wednesday,2,32,3,0,Summer,,,0,0,0,0,,0,0,0,0,0
2028-08-10,2028,8,August,10,Thursday,3,32,3,0,Summer,,,0,0,0,0,,0,0,0,0,0
2028-08-11,2028,8,August,11,Friday,4,32,3,0,Summer,,,0,0,0,0,,0,0,0,0,0
2028-08-12,2028,8,August,12,Saturday,5,32,3,1,Summer,,,0,0,0,0,,0,0,0,0,1
2028-08-13,2028,8,August,13,Sunday,6,32,3,1,Summer,,,0,0,0,0,,0,0,0,0,1
2028-08-14,2028,8,August,14,Monday,0,33,3,0,Summer,,,0,0,0,0,,0,0,0,0,0
2028-08-15,2028,8,August,15,Tuesday,1,33,3,0,Summer,,,0,0,0,0,,0,0,0,0,0
2028-08-16,2028,8,August,16,Wednesday,2,33,3,0,Summer,,,0,0,0,0,,0,0,0,0,0
2028-08-17,2028,8,August,17,Thursday,3,33,3,0,Summer,,,0,0,0,0,,0,0,0,0,0
2028-08-18,2028,8,August,18,Friday,4,33,3,0,Summer,,,0,0,0,0,,0,0,0,0,0
2028-08-19,2028,8,August,19,Saturday,5,33,3,1,Summer,,,0,0,0,0,,0,0,0,0,1
2028-08-20,2028,8,August,20,Sunday,6,33,3,1,Summer,,,0,0,0,0,,0,0,0,0,1
2028-08-21,2028,8,August,21,Monday,0,34,3,0,Summer,,,0,0,0,0,,0,0,0,0,0
2028-08-22,2028,8,August,22,Tuesday,1,34,3,0,Summer,,,0,0,0,0,,0,0,0,0,0
2028-08-23,2028,8,August,23,Wednesday,2,34,3,0,Summer,,,0,0,0,0,,0,0,0,0,0
2028-08-24,2028,8,August,24,Thursday,3,34,3,0,Summer,,,0,0,0,0,,0,0,0,0,0
2028-08-25,2028,8,August,25,Friday,4,34,3,0,Summer,,,0,0,0,0,,0,0,0,0,0
2028-08-26,2028,8,August,26,Saturday,5,34,3,1,Summer,,,0,0,0,0,,0,0,0,0,1
2028-08-27,2028,8,August,27,Sunday,6,34,3,1,Summer,,,0,0,0,0,,0,0,0,0,1
2028-08-28,2028,8,August,28,Monday,0,35,3,0,Summer,Summer bank holiday,england-and-wales,1,0,1,0,,0,0,0,0,1
2028-08-29,2028,8,August,29,Tuesday,1,35,3,0,Summer,,,0,0,0,0,,0,0,0,0,0
2028-08-30,2028,8,August,30,Wednesday,2,35,3,0,Summer,,,0,0,0,0,,0,0,0,0,0
2028-08-31,2028,8,August,31,Thursday,3,35,3,0,Summer,,,0,0,0,0,,0,0,0,0,0
2028-09-01,2028,9,September,1,Friday,4,35,3,0,Autumn,,,0,0,0,0,,0,0,0,0,0
2028-09-02,2028,9,September,2,Saturday,5,35,3,1,Autumn,,,0,0,0,0,,0,0,0,0,1
2028-09-03,2028,9,September,3,Sunday,6,35,3,1,Autumn,,,0,0,0,0,,0,0,0,0,1
2028-09-04,2028,9,September,4,Monday,0,36,3,0,Autumn,,,0,0,0,0,,0,0,0,0,0
2028-09-05,2028,9,September,5,Tuesday,1,36,3,0,Autumn,,,0,0,0,0,,0,0,0,0,0
2028-09-06,2028,9,September,6,Wednesday,2,36,3,0,Autumn,,,0,0,0,0,,0,0,0,0,0
2028-09-07,2028,9,September,7,Thursday,3,36,3,0,Autumn,,,0,0,0,0,,0,0,0,0,0
2028-09-08,2028,9,September,8,Friday,4,36,3,0,Autumn,,,0,0,0,0,,0,0,0,0,0
2028-09-09,2028,9,September,9,Saturday,5,36,3,1,Autumn,,,0,0,0,0,,0,0,0,0,1
2028-09-10,2028,9,September,10,Sunday,6,36,3,1,Autumn,,,0,0,0,0,,0,0,0,0,1
2028-09-11,2028,9,September,11,Monday,0,37,3,0,Autumn,,,0,0,0,0,,0,0,0,0,0
2028-09-12,2028,9,September,12,Tuesday,1,37,3,0,Autumn,,,0,0,0,0,,0,0,0,0,0
2028-09-13,2028,9,September,13,Wednesday,2,37,3,0,Autumn,,,0,0,0,0,,0,0,0,0,0
2028-09-14,2028,9,September,14,Thursday,3,37,3,0,Autumn,,,0,0,0,0,,0,0,0,0,0
2028-09-15,2028,9,September,15,Friday,4,37,3,0,Autumn,,,0,0,0,0,,0,0,0,0,0
2028-09-16,2028,9,September,16,Saturday,5,37,3,1,Autumn,,,0,0,0,0,,0,0,0,0,1
2028-09-17,2028,9,September,17,Sunday,6,37,3,1,Autumn,,,0,0,0,0,,0,0,0,0,1
2028-09-18,2028,9,September,18,Monday,0,38,3,0,Autumn,,,0,0,0,0,,0,0,0,0,0
2028-09-19,2028,9,September,19,Tuesday,1,38,3,0,Autumn,,,0,0,0,0,,0,0,0,0,0
2028-09-20,2028,9,September,20,Wednesday,2,38,3,0,Autumn,,,0,0,0,0,,0,0,0,0,0
2028-09-21,2028,9,September,21,Thursday,3,38,3,0,Autumn,,,0,0,0,0,,0,0,0,0,0
2028-09-22,2028,9,September,22,Friday,4,38,3,0,Autumn,,,0,0,0,0,,0,0,0,0,0
2028-09-23,2028,9,September,23,Saturday,5,38,3,1,Autumn,,,0,0,0,0,,0,0,0,0,1
2028-09-24,2028,9,September,24,Sunday,6,38,3,1,Autumn,,,0,0,0,0,,0,0,0,0,1
2028-09-25,2028,9,September,25,Monday,0,39,3,0,Autumn,,,0,0,0,0,,0,0,0,0,0
2028-09-26,2028,9,September,26,Tuesday,1,39,3,0,Autumn,,,0,0,0,0,,0,0,0,0,0
2028-09-27,2028,9,September,27,Wednesday,2,39,3,0,Autumn,,,0,0,0,0,,0,0,0,0,0
2028-09-28,2028,9,September,28,Thursday,3,39,3,0,Autumn,,,0,0,0,0,,0,0,0,0,0
2028-09-29,2028,9,September,29,Friday,4,39,3,0,Autumn,,,0,0,0,0,,0,0,0,0,0
2028-09-30,2028,9,September,30,Saturday,5,39,3,1,Autumn,,,0,0,0,0,,0,0,0,0,1
2028-10-01,2028,10,October,1,Sunday,6,39,4,1,Autumn,,,0,0,0,0,,0,0,0,0,1
2028-10-02,2028,10,October,2,Monday,0,40,4,0,Autumn,,,0,0,0,0,,0,0,0,0,0
2028-10-03,2028,10,October,3,Tuesday,1,40,4,0,Autumn,,,0,0,0,0,,0,0,0,0,0
2028-10-04,2028,10,October,4,Wednesday,2,40,4,0,Autumn,,,0,0,0,0,,0,0,0,0,0
2028-10-05,2028,10,October,5,Thursday,3,40,4,0,Autumn,,,0,0,0,0,,0,0,0,0,0
2028-10-06,2028,10,October,6,Friday,4,40,4,0,Autumn,,,0,0,0,0,,0,0,0,0,0
2028-10-07,2028,10,October,7,Saturday,5,40,4,1,Autumn,,,0,0,0,0,,0,0,0,0,1
2028-10-08,2028,10,October,8,Sunday,6,40,4,1,Autumn,,,0,0,0,0,,0,0,0,0,1
2028-10-09,2028,10,October,9,Monday,0,41,4,0,Autumn,,,0,0,0,0,,0,0,0,0,0
2028-10-10,2028,10,October,10,Tuesday,1,41,4,0,Autumn,,,0,0,0,0,,0,0,0,0,0
2028-10-11,2028,10,October,11,Wednesday,2,41,4,0,Autumn,,,0,0,0,0,,0,0,0,0,0
2028-10-12,2028,10,October,12,Thursday,3,41,4,0,Autumn,,,0,0,0,0,,0,0,0,0,0
2028-10-13,2028,10,October,13,Friday,4,41,4,0,Autumn,,,0,0,0,0,,0,0,0,0,0
2028-10-14,2028,10,October,14,Saturday,5,41,4,1,Autumn,,,0,0,0,0,,0,0,0,0,1
2028-10-15,2028,10,October,15,Sunday,6,41,4,1,Autumn,,,0,0,0,0,,0,0,0,0,1
2028-10-16,2028,10,October,16,Monday,0,42,4,0,Autumn,,,0,0,0,0,,0,0,0,0,0
2028-10-17,2028,10,October,17,Tuesday,1,42,4,0,Autumn,,,0,0,0,0,,0,0,0,0,0
2028-10-18,2028,10,October,18,Wednesday,2,42,4,0,Autumn,,,0,0,0,0,,0,0,0,0,0
2028-10-19,2028,10,October,19,Thursday,3,42,4,0,Autumn,,,0,0,0,0,,0,0,0,0,0
2028-10-20,2028,10,October,20,Friday,4,42,4,0,Autumn,,,0,0,0,0,,0,0,0,0,0
2028-10-21,2028,10,October,21,Saturday,5,42,4,1,Autumn,,,0,0,0,0,,0,0,0,0,1
2028-10-22,2028,10,October,22,Sunday,6,42,4,1,Autumn,,,0,0,0,0,,0,0,0,0,1
2028-10-23,2028,10,October,23,Monday,0,43,4,0,Autumn,,,0,0,0,0,,0,0,0,0,0
2028-10-24,2028,10,October,24,Tuesday,1,43,4,0,Autumn,,,0,0,0,0,,0,0,0,0,0
2028-10-25,2028,10,October,25,Wednesday,2,43,4,0,Autumn,,,0,0,0,0,,0,0,0,0,0
2028-10-26,2028,10,October,26,Thursday,3,43,4,0,Autumn,,,0,0,0,0,,0,0,0,0,0
2028-10-27,2028,10,October,27,Friday,4,43,4,0,Autumn,,,0,0,0,0,,0,0,0,0,0
2028-10-28,2028,10,October,28,Saturday,5,43,4,1,Autumn,,,0,0,0,0,,0,0,0,0,1
2028-10-29,2028,10,October,29,Sunday,6,43,4,1,Autumn,,,0,0,0,0,,0,0,0,0,1
2028-10-30,2028,10,October,30,Monday,0,44,4,0,Autumn,,,0,0,0,0,,0,0,0,0,0
2028-10-31,2028,10,October,31,Tuesday,1,44,4,0,Autumn,,,0,0,0,0,,0,0,0,0,0
2028-11-01,2028,11,November,1,Wednesday,2,44,4,0,Autumn,,,0,0,0,0,,0,0,0,0,0
2028-11-02,2028,11,November,2,Thursday,3,44,4,0,Autumn,,,0,0,0,0,,0,0,0,0,0
2028-11-03,2028,11,November,3,Friday,4,44,4,0,Autumn,,,0,0,0,0,,0,0,0,0,0
2028-11-04,2028,11,November,4,Saturday,5,44,4,1,Autumn,,,0,0,0,0,,0,0,0,0,1
2028-11-05,2028,11,November,5,Sunday,6,44,4,1,Autumn,,,0,0,0,0,,0,0,0,0,1
2028-11-06,2028,11,November,6,Monday,0,45,4,0,Autumn,,,0,0,0,0,,0,0,0,0,0
2028-11-07,2028,11,November,7,Tuesday,1,45,4,0,Autumn,,,0,0,0,0,,0,0,0,0,0
2028-11-08,2028,11,November,8,Wednesday,2,45,4,0,Autumn,,,0,0,0,0,,0,0,0,0,0
2028-11-09,2028,11,November,9,Thursday,3,45,4,0,Autumn,,,0,0,0,0,,0,0,0,0,0
2028-11-10,2028,11,November,10,Friday,4,45,4,0,Autumn,,,0,0,0,0,,0,0,0,0,0
2028-11-11,2028,11,November,11,Saturday,5,45,4,1,Autumn,,,0,0,0,0,,0,0,0,0,1
2028-11-12,2028,11,November,12,Sunday,6,45,4,1,Autumn,,,0,0,0,0,,0,0,0,0,1
2028-11-13,2028,11,November,13,Monday,0,46,4,0,Autumn,,,0,0,0,0,,0,0,0,0,0
2028-11-14,2028,11,November,14,Tuesday,1,46,4,0,Autumn,,,0,0,0,0,,0,0,0,0,0
2028-11-15,2028,11,November,15,Wednesday,2,46,4,0,Autumn,,,0,0,0,0,,0,0,0,0,0
2028-11-16,2028,11,November,16,Thursday,3,46,4,0,Autumn,,,0,0,0,0,,0,0,0,0,0
2028-11-17,2028,11,November,17,Friday,4,46,4,0,Autumn,,,0,0,0,0,,0,0,0,0,0
2028-11-18,2028,11,November,18,Saturday,5,46,4,1,Autumn,,,0,0,0,0,,0,0,0,0,1
2028-11-19,2028,11,November,19,Sunday,6,46,4,1,Autumn,,,0,0,0,0,,0,0,0,0,1
2028-11-20,2028,11,November,20,Monday,0,47,4,0,Autumn,,,0,0,0,0,,0,0,0,0,0
2028-11-21,2028,11,November,21,Tuesday,1,47,4,0,Autumn,,,0,0,0,0,,0,0,0,0,0
2028-11-22,2028,11,November,22,Wednesday,2,47,4,0,Autumn,,,0,0,0,0,,0,0,0,0,0
2028-11-23,2028,11,November,23,Thursday,3,47,4,0,Autumn,,,0,0,0,0,,0,0,0,0,0
2028-11-24,2028,11,November,24,Friday,4,47,4,0,Autumn,,,0,0,0,0,,0,0,0,0,0
2028-11-25,2028,11,November,25,Saturday,5,47,4,1,Autumn,,,0,0,0,0,,0,0,0,0,1
2028-11-26,2028,11,November,26,Sunday,6,47,4,1,Autumn,,,0,0,0,0,,0,0,0,0,1
2028-11-27,2028,11,November,27,Monday,0,48,4,0,Autumn,,,0,0,0,0,,0,0,0,0,0
2028-11-28,2028,11,November,28,Tuesday,1,48,4,0,Autumn,,,0,0,0,0,,0,0,0,0,0
2028-11-29,2028,11,November,29,Wednesday,2,48,4,0,Autumn,,,0,0,0,0,,0,0,0,0,0
2028-11-30,2028,11,November,30,Thursday,3,48,4,0,Autumn,St Andrew’s Day,scotland,0,1,1,0,,0,0,0,0,1
2028-12-01,2028,12,December,1,Friday,4,48,4,0,Winter,,,0,0,0,0,,0,0,0,0,0
2028-12-02,2028,12,December,2,Saturday,5,48,4,1,Winter,,,0,0,0,0,,0,0,0,0,1
2028-12-03,2028,12,December,3,Sunday,6,48,4,1,Winter,,,0,0,0,0,,0,0,0,0,1
2028-12-04,2028,12,December,4,Monday,0,49,4,0,Winter,,,0,0,0,0,,0,0,0,0,0
2028-12-05,2028,12,December,5,Tuesday,1,49,4,0,Winter,,,0,0,0,0,,0,0,0,0,0
2028-12-06,2028,12,December,6,Wednesday,2,49,4,0,Winter,,,0,0,0,0,,0,0,0,0,0
2028-12-07,2028,12,December,7,Thursday,3,49,4,0,Winter,,,0,0,0,0,,0,0,0,0,0
2028-12-08,2028,12,December,8,Friday,4,49,4,0,Winter,,,0,0,0,0,,0,0,0,0,0
2028-12-09,2028,12,December,9,Saturday,5,49,4,1,Winter,,,0,0,0,0,,0,0,0,0,1
2028-12-10,2028,12,December,10,Sunday,6,49,4,1,Winter,,,0,0,0,0,,0,0,0,0,1
2028-12-11,2028,12,December,11,Monday,0,50,4,0,Winter,,,0,0,0,0,,0,0,0,0,0
2028-12-12,2028,12,December,12,Tuesday,1,50,4,0,Winter,,,0,0,0,0,,0,0,0,0,0
2028-12-13,2028,12,December,13,Wednesday,2,50,4,0,Winter,,,0,0,0,0,,0,0,0,0,0
2028-12-14,2028,12,December,14,Thursday,3,50,4,0,Winter,,,0,0,0,0,,0,0,0,0,0
2028-12-15,2028,12,December,15,Friday,4,50,4,0,Winter,,,0,0,0,0,,0,0,0,0,0
2028-12-16,2028,12,December,16,Saturday,5,50,4,1,Winter,,,0,0,0,0,,0,0,0,0,1
2028-12-17,2028,12,December,17,Sunday,6,50,4,1,Winter,,,0,0,0,0,,0,0,0,0,1
2028-12-18,2028,12,December,18,Monday,0,51,4,0,Winter,,,0,0,0,0,,0,0,0,0,0
2028-12-19,2028,12,December,19,Tuesday,1,51,4,0,Winter,,,0,0,0,0,,0,0,0,0,0
2028-12-20,2028,12,December,20,Wednesday,2,51,4,0,Winter,,,0,0,0,0,,0,0,0,0,0
2028-12-21,2028,12,December,21,Thursday,3,51,4,0,Winter,,,0,0,0,0,,0,0,0,0,0
2028-12-22,2028,12,December,22,Friday,4,51,4,0,Winter,,,0,0,0,0,,0,0,0,0,0
2028-12-23,2028,12,December,23,Saturday,5,51,4,1,Winter,,,0,0,0,0,,0,0,0,0,1
2028-12-24,2028,12,December,24,Sunday,6,51,4,1,Winter,,,0,0,0,0,,0,0,0,0,1
2028-12-25,2028,12,December,25,Monday,0,52,4,0,Winter,Christmas Day,england-and-wales | scotland,1,1,1,0,,0,0,0,0,1
2028-12-26,2028,12,December,26,Tuesday,1,52,4,0,Winter,Boxing Day,england-and-wales | scotland,1,1,1,0,,0,0,0,0,1
2028-12-27,2028,12,December,27,Wednesday,2,52,4,0,Winter,,,0,0,0,0,,0,0,0,0,0
2028-12-28,2028,12,December,28,Thursday,3,52,4,0,Winter,,,0,0,0,0,,0,0,0,0,0
2028-12-29,2028,12,December,29,Friday,4,52,4,0,Winter,,,0,0,0,0,,0,0,0,0,0
2028-12-30,2028,12,December,30,Saturday,5,52,4,1,Winter,,,0,0,0,0,,0,0,0,0,1
2028-12-31,2028,12,December,31,Sunday,6,52,4,1,Winter,,,0,0,0,0,,0,0,0,0,1
