timestamp,temperature_2m,relative_humidity_2m,dew_point_2m,apparent_temperature,precipitation,rain,surface_pressure,cloud_cover,wind_speed_10m,wind_direction_10m,shortwave_radiation,city
2026-07-01 00:00:00,14.97,91.5,13.51,15.18,0.01,0.01,1016.48,29.6,6.18,221.9,0.0,UK_Average
2026-07-01 01:00:00,14.79,92.8,13.58,15.05,0.0,0.0,1016.64,27.0,6.05,191.7,0.0,UK_Average
2026-07-01 02:00:00,14.48,93.6,13.41,14.67,0.0,0.0,1016.82,32.8,6.05,237.5,0.0,UK_Average
2026-07-01 03:00:00,14.11,94.4,13.22,14.23,0.01,0.01,1016.79,37.1,6.17,263.7,0.0,UK_Average
2026-07-01 04:00:00,13.89,95.3,13.11,13.98,0.01,0.01,1016.8,47.0,6.07,277.9,0.0,UK_Average
2026-07-01 05:00:00,13.7,95.9,13.06,13.74,0.01,0.01,1017.01,54.9,6.43,262.2,1.0,UK_Average
2026-07-01 06:00:00,14.03,95.2,13.28,13.95,0.0,0.0,1017.4,50.4,7.7,260.0,37.7,UK_Average
2026-07-01 07:00:00,15.05,93.1,13.94,15.26,0.0,0.0,1017.72,44.8,7.33,255.1,131.0,UK_Average
2026-07-01 08:00:00,16.13,87.9,14.07,16.41,0.02,0.02,1018.08,48.6,7.04,260.6,257.9,UK_Average
2026-07-01 09:00:00,17.29,80.5,13.76,17.32,0.06,0.06,1018.25,52.1,7.97,266.9,392.4,UK_Average
2026-07-01 10:00:00,18.27,73.6,13.25,18.07,0.07,0.07,1018.21,63.3,9.01,246.5,511.4,UK_Average
2026-07-01 11:00:00,19.09,68.3,12.81,18.84,0.06,0.06,1018.13,86.5,9.5,246.5,577.4,UK_Average
2026-07-01 12:00:00,19.35,66.4,12.62,19.06,0.05,0.05,1018.11,89.2,9.88,242.3,542.5,UK_Average
2026-07-01 13:00:00,19.61,65.5,12.64,19.32,0.08,0.08,1018.15,93.3,10.54,210.7,580.5,UK_Average
2026-07-01 14:00:00,19.36,67.8,12.93,18.87,0.08,0.08,1017.98,93.9,11.2,221.9,485.9,UK_Average
2026-07-01 15:00:00,19.29,68.4,12.95,18.54,0.05,0.05,1017.58,92.9,12.63,221.0,441.4,UK_Average
2026-07-01 16:00:00,19.11,68.4,12.73,18.16,0.13,0.13,1017.15,89.9,13.35,239.2,375.8,UK_Average
2026-07-01 17:00:00,18.77,70.1,12.65,17.5,0.23,0.23,1016.43,91.5,14.59,240.5,309.4,UK_Average
2026-07-01 18:00:00,18.25,71.4,12.51,16.68,0.23,0.23,1015.67,94.0,16.19,236.3,188.8,UK_Average
2026-07-01 19:00:00,17.79,70.9,11.92,15.99,0.15,0.15,1014.95,88.1,16.25,229.5,139.1,UK_Average
2026-07-01 20:00:00,17.42,71.6,11.76,15.49,0.45,0.45,1014.09,87.5,16.84,224.8,84.4,UK_Average
2026-07-01 21:00:00,16.88,73.7,11.79,14.66,0.29,0.29,1013.33,83.0,19.08,223.1,33.9,UK_Average
2026-07-01 22:00:00,16.47,76.5,12.07,13.99,0.15,0.15,1012.7,88.7,21.21,221.7,3.5,UK_Average
2026-07-01 23:00:00,16.33,79.2,12.57,13.88,0.14,0.14,1011.86,90.6,22.25,223.3,0.0,UK_Average
2026-07-02 00:00:00,16.27,81.2,12.89,13.77,0.25,0.25,1011.03,90.2,23.35,227.3,0.0,UK_Average
2026-07-02 01:00:00,15.99,82.7,12.97,13.55,0.21,0.21,1010.24,87.6,22.98,230.3,0.0,UK_Average
2026-07-02 02:00:00,15.89,84.2,13.2,13.31,0.07,0.07,1009.64,88.4,24.59,233.9,0.0,UK_Average
2026-07-02 03:00:00,16.08,85.1,13.54,13.58,0.14,0.14,1009.43,95.5,24.89,243.1,0.0,UK_Average
2026-07-02 04:00:00,15.91,85.0,13.35,13.13,0.14,0.14,1009.37,92.6,26.5,251.9,0.0,UK_Average
2026-07-02 05:00:00,15.46,85.1,12.94,12.62,0.1,0.1,1009.81,93.9,25.82,256.8,0.6,UK_Average
2026-07-02 06:00:00,15.23,83.4,12.4,12.31,0.04,0.04,1010.53,85.9,25.34,265.4,20.0,UK_Average
2026-07-02 07:00:00,15.5,81.5,12.32,12.82,0.02,0.02,1011.4,59.7,23.46,268.0,83.7,UK_Average
2026-07-02 08:00:00,15.8,76.8,11.68,12.75,0.0,0.0,1012.32,45.8,24.61,274.5,207.8,UK_Average
2026-07-02 09:00:00,16.37,70.2,10.87,12.98,0.01,0.01,1013.14,47.5,25.27,281.1,356.3,UK_Average
2026-07-02 10:00:00,17.02,64.6,10.25,13.53,0.01,0.01,1014.05,30.9,24.65,286.4,491.0,UK_Average
2026-07-02 11:00:00,17.77,60.0,9.81,14.65,0.02,0.02,1014.88,44.4,24.27,291.9,642.4,UK_Average
2026-07-02 12:00:00,18.3,56.6,9.4,15.52,0.02,0.02,1015.5,51.0,23.4,293.0,693.1,UK_Average
2026-07-02 13:00:00,19.05,54.4,9.39,16.48,0.02,0.02,1016.36,50.3,23.38,297.5,750.1,UK_Average
2026-07-02 14:00:00,19.22,53.2,9.17,16.72,0.01,0.01,1017.07,58.2,22.76,296.3,762.8,UK_Average
2026-07-02 15:00:00,19.38,52.0,8.97,16.7,0.0,0.0,1017.62,51.9,22.5,296.4,726.8,UK_Average
2026-07-02 16:00:00,19.39,50.5,8.58,16.39,0.0,0.0,1018.11,61.7,22.17,299.0,673.7,UK_Average
2026-07-02 17:00:00,19.05,50.9,8.33,15.6,0.0,0.0,1018.7,48.1,22.19,299.0,564.9,UK_Average
2026-07-02 18:00:00,18.47,51.5,8.01,14.79,0.0,0.0,1019.06,38.4,21.64,298.8,446.3,UK_Average
2026-07-02 19:00:00,17.92,52.6,7.74,14.36,0.0,0.0,1019.55,32.3,20.39,298.3,326.8,UK_Average
2026-07-02 20:00:00,17.1,55.5,7.85,13.7,0.0,0.0,1020.0,27.0,19.42,298.7,191.4,UK_Average
2026-07-02 21:00:00,16.15,60.3,8.22,13.24,0.0,0.0,1020.46,18.8,16.81,296.9,86.3,UK_Average
2026-07-02 22:00:00,15.11,65.3,8.42,12.43,0.0,0.0,1021.17,26.2,15.51,293.7,11.6,UK_Average
2026-07-02 23:00:00,14.38,69.2,8.57,11.89,0.0,0.0,1021.47,25.4,14.52,289.2,0.0,UK_Average
2026-07-03 00:00:00,13.76,72.4,8.67,11.47,0.0,0.0,1021.72,32.9,13.22,282.1,0.0,UK_Average
2026-07-03 01:00:00,12.81,75.8,8.52,10.62,0.0,0.0,1021.8,41.9,12.5,279.4,0.0,UK_Average
2026-07-03 02:00:00,12.61,78.6,8.84,10.64,0.0,0.0,1021.98,66.8,11.45,281.0,0.0,UK_Average
2026-07-03 03:00:00,12.46,80.6,9.11,10.61,0.01,0.01,1021.94,71.9,10.98,249.9,0.0,UK_Average
2026-07-03 04:00:00,12.36,81.9,9.28,10.62,0.0,0.0,1022.03,79.3,10.63,249.5,0.0,UK_Average
2026-07-03 05:00:00,12.13,83.6,9.39,10.49,0.0,0.0,1022.09,87.6,10.21,264.8,0.9,UK_Average
2026-07-03 06:00:00,12.54,83.1,9.72,10.99,0.0,0.0,1022.26,88.3,10.18,255.3,37.1,UK_Average
2026-07-03 07:00:00,13.58,80.0,10.15,12.17,0.0,0.0,1022.3,88.1,9.94,259.9,129.1,UK_Average
2026-07-03 08:00:00,14.84,74.3,10.26,13.34,0.0,0.0,1022.5,90.7,10.92,250.2,237.8,UK_Average
2026-07-03 09:00:00,16.01,67.6,9.98,14.06,0.01,0.01,1022.57,87.2,13.25,254.0,345.3,UK_Average
2026-07-03 10:00:00,17.11,62.3,9.71,14.96,0.0,0.0,1022.56,82.5,14.61,256.2,443.3,UK_Average
2026-07-03 11:00:00,18.13,58.9,9.76,16.15,0.01,0.01,1022.48,81.6,15.65,256.6,558.6,UK_Average
2026-07-03 12:00:00,18.96,56.4,9.84,17.16,0.01,0.01,1022.37,80.7,16.06,258.6,608.3,UK_Average
2026-07-03 13:00:00,19.85,55.5,10.29,18.26,0.01,0.01,1022.16,81.8,16.13,260.1,650.9,UK_Average
2026-07-03 14:00:00,20.27,54.2,10.2,18.7,0.01,0.01,1021.78,68.8,16.02,257.3,630.0,UK_Average
2026-07-03 15:00:00,20.53,53.9,10.24,18.83,0.0,0.0,1021.48,69.7,16.56,258.6,601.8,UK_Average
2026-07-03 16:00:00,20.5,55.6,10.51,18.83,0.0,0.0,1021.15,71.8,16.22,257.5,538.0,UK_Average
2026-07-03 17:00:00,20.16,57.8,11.01,18.39,0.0,0.0,1021.01,64.4,15.55,256.3,486.6,UK_Average
2026-07-03 18:00:00,19.73,59.5,11.07,17.81,0.0,0.0,1020.63,53.1,15.37,256.2,356.3,UK_Average
2026-07-03 19:00:00,19.29,61.2,10.91,17.38,0.01,0.01,1020.2,49.0,15.14,251.2,263.3,UK_Average
2026-07-03 20:00:00,18.59,64.0,10.95,16.8,0.21,0.21,1019.97,47.4,14.43,242.7,152.0,UK_Average
2026-07-03 21:00:00,17.66,69.3,11.43,16.15,0.1,0.1,1019.84,63.6,13.3,232.4,55.0,UK_Average
2026-07-03 22:00:00,16.98,73.3,11.75,15.66,0.08,0.08,1019.89,56.7,12.74,230.7,5.9,UK_Average
2026-07-03 23:00:00,16.66,75.9,12.08,15.2,0.05,0.05,1019.88,71.4,14.34,237.0,0.0,UK_Average
2026-07-04 00:00:00,16.39,78.6,12.48,14.94,0.06,0.06,1019.72,60.6,15.24,244.5,0.0,UK_Average
2026-07-04 01:00:00,15.74,82.7,12.65,14.4,0.0,0.0,1019.49,68.3,14.91,248.6,0.0,UK_Average
2026-07-04 02:00:00,15.52,84.8,12.91,14.2,0.0,0.0,1019.3,71.6,15.18,251.6,0.0,UK_Average
2026-07-04 03:00:00,15.44,86.3,13.09,14.22,0.0,0.0,1019.09,78.1,15.09,253.4,0.0,UK_Average
2026-07-04 04:00:00,15.49,86.4,13.22,14.26,0.02,0.02,1018.89,86.5,15.38,254.6,0.0,UK_Average
2026-07-04 05:00:00,15.46,86.8,13.25,14.28,0.0,0.0,1018.78,85.0,15.17,252.8,0.3,UK_Average
2026-07-04 06:00:00,15.63,85.8,13.25,14.35,0.01,0.01,1018.7,89.6,15.86,249.9,19.8,UK_Average
2026-07-04 07:00:00,16.23,84.4,13.59,15.02,0.1,0.1,1018.55,81.8,16.03,251.2,57.2,UK_Average
2026-07-04 08:00:00,16.9,82.7,13.87,15.6,0.08,0.08,1018.48,82.8,17.47,254.3,143.7,UK_Average
2026-07-04 09:00:00,17.58,79.8,13.96,16.18,0.06,0.06,1018.3,79.8,18.37,255.6,211.0,UK_Average
2026-07-04 10:00:00,18.39,75.6,13.86,16.89,0.03,0.03,1018.16,87.7,18.77,256.3,317.3,UK_Average
2026-07-04 11:00:00,19.06,72.0,13.7,17.33,0.07,0.07,1018.11,97.0,20.36,257.9,375.8,UK_Average
2026-07-04 12:00:00,19.59,70.5,13.75,17.63,0.11,0.11,1018.27,85.3,22.21,259.1,438.2,UK_Average
2026-07-04 13:00:00,20.1,68.0,13.69,18.31,0.07,0.07,1018.23,78.2,22.89,260.6,516.8,UK_Average
2026-07-04 14:00:00,20.13,67.9,13.58,18.42,0.26,0.26,1018.31,73.7,22.46,261.5,494.0,UK_Average
2026-07-04 15:00:00,20.6,65.5,13.52,18.58,0.25,0.25,1018.27,65.1,23.99,264.5,579.3,UK_Average
2026-07-04 16:00:00,20.43,66.0,13.44,18.17,0.06,0.06,1018.09,75.1,24.42,264.7,494.7,UK_Average
2026-07-04 17:00:00,20.43,66.1,13.39,17.94,0.05,0.05,1017.97,79.7,24.56,266.3,437.9,UK_Average
2026-07-04 18:00:00,20.06,66.8,13.23,17.7,0.03,0.03,1017.95,77.5,23.12,268.5,331.2,UK_Average
2026-07-04 19:00:00,19.34,71.5,13.59,17.39,0.06,0.06,1018.12,78.2,20.96,265.6,227.7,UK_Average
2026-07-04 20:00:00,18.52,75.1,13.75,16.89,0.06,0.06,1018.13,75.2,19.39,264.3,113.4,UK_Average
2026-07-04 21:00:00,17.87,78.3,13.88,16.49,0.02,0.02,1018.35,71.7,17.91,266.6,41.7,UK_Average
2026-07-04 22:00:00,17.38,80.8,13.92,16.12,0.03,0.03,1018.68,73.1,17.28,266.7,4.3,UK_Average
2026-07-04 23:00:00,17.0,82.9,13.99,15.92,0.03,0.03,1018.89,77.0,16.14,267.6,0.0,UK_Average
2026-07-05 00:00:00,16.67,84.3,13.95,15.67,0.05,0.05,1019.04,81.4,15.64,268.8,0.0,UK_Average
2026-07-05 01:00:00,16.25,85.7,13.81,15.43,0.04,0.04,1018.94,80.4,13.9,268.6,0.0,UK_Average
2026-07-05 02:00:00,16.04,86.5,13.75,15.22,0.01,0.01,1018.84,82.0,13.75,267.9,0.0,UK_Average
2026-07-05 03:00:00,15.83,87.3,13.7,15.0,0.0,0.0,1018.61,87.7,13.81,266.4,0.0,UK_Average
2026-07-05 04:00:00,15.63,87.9,13.6,14.69,0.02,0.02,1018.4,90.3,14.25,267.4,0.0,UK_Average
2026-07-05 05:00:00,15.45,88.3,13.55,14.57,0.01,0.01,1018.4,88.0,13.88,268.4,0.4,UK_Average
2026-07-05 06:00:00,15.51,87.7,13.47,14.64,0.01,0.01,1018.47,92.0,13.4,270.7,22.8,UK_Average
2026-07-05 07:00:00,15.83,85.0,13.32,14.98,0.0,0.0,1018.7,95.8,13.06,271.9,87.5,UK_Average
2026-07-05 08:00:00,16.29,82.0,13.2,15.37,0.04,0.04,1018.74,97.3,13.16,274.0,155.0,UK_Average
2026-07-05 09:00:00,17.12,77.0,13.03,16.08,0.02,0.02,1018.73,96.8,13.66,274.6,238.5,UK_Average
2026-07-05 10:00:00,17.83,73.3,12.91,16.82,0.02,0.02,1018.72,95.8,13.25,275.5,319.5,UK_Average
2026-07-05 11:00:00,18.37,71.6,12.96,17.54,0.05,0.05,1018.54,93.7,12.66,242.1,361.4,UK_Average
2026-07-05 12:00:00,19.04,69.3,12.97,18.27,0.08,0.08,1018.39,95.9,13.38,250.5,450.9,UK_Average
2026-07-05 13:00:00,19.78,67.3,13.17,19.11,0.04,0.04,1018.08,93.5,14.4,256.6,482.5,UK_Average
2026-07-05 14:00:00,20.03,67.4,13.33,19.4,0.11,0.11,1017.82,91.0,15.59,259.3,528.1,UK_Average
2026-07-05 15:00:00,20.1,68.8,13.6,19.36,0.12,0.12,1017.46,92.2,16.23,260.3,461.3,UK_Average
2026-07-05 16:00:00,20.17,69.7,13.84,19.31,0.15,0.15,1017.02,95.4,16.4,261.0,430.5,UK_Average
2026-07-05 17:00:00,20.08,70.4,13.86,18.91,0.11,0.11,1016.58,94.6,16.83,261.4,344.9,UK_Average
2026-07-05 18:00:00,19.67,72.2,13.85,18.41,0.05,0.05,1016.06,96.5,17.15,263.5,244.7,UK_Average
2026-07-05 19:00:00,19.41,73.0,13.82,18.27,0.11,0.11,1015.57,98.4,16.17,258.9,180.4,UK_Average
2026-07-05 20:00:00,18.84,75.7,13.95,17.72,0.34,0.34,1015.16,98.3,16.51,255.4,104.5,UK_Average
2026-07-05 21:00:00,18.27,78.0,14.0,17.07,0.31,0.31,1014.73,96.8,17.04,256.2,33.4,UK_Average
2026-07-05 22:00:00,17.81,80.2,14.04,16.57,0.18,0.18,1014.63,95.9,17.39,254.7,3.6,UK_Average
2026-07-05 23:00:00,17.4,82.4,14.15,16.24,0.13,0.13,1014.46,94.2,17.07,250.3,0.0,UK_Average
2026-07-06 00:00:00,17.01,83.8,14.05,15.9,0.15,0.15,1014.06,90.5,16.64,249.5,0.0,UK_Average
2026-07-06 01:00:00,16.57,85.6,14.01,15.5,0.03,0.03,1013.66,87.0,16.25,246.0,0.0,UK_Average
2026-07-06 02:00:00,16.26,87.1,14.05,15.24,0.02,0.02,1013.19,86.7,15.98,248.2,0.0,UK_Average
2026-07-06 03:00:00,16.02,88.5,14.09,14.99,0.0,0.0,1012.71,84.9,16.21,246.5,0.0,UK_Average
2026-07-06 04:00:00,15.87,88.8,13.97,14.67,0.0,0.0,1012.31,87.3,16.89,249.1,0.0,UK_Average
2026-07-06 05:00:00,15.76,88.7,13.84,14.43,0.0,0.0,1012.08,86.6,17.46,252.7,0.2,UK_Average
2026-07-06 06:00:00,15.83,87.7,13.75,14.45,0.02,0.02,1011.91,85.9,17.74,252.6,23.8,UK_Average
2026-07-06 07:00:00,16.6,83.9,13.81,15.18,0.05,0.05,1011.63,80.1,18.16,254.8,87.7,UK_Average
2026-07-06 08:00:00,17.35,79.9,13.72,15.79,0.05,0.05,1011.53,82.3,18.82,255.5,187.8,UK_Average
2026-07-06 09:00:00,18.06,76.7,13.66,16.5,0.01,0.01,1011.64,83.9,18.63,253.7,275.6,UK_Average
2026-07-06 10:00:00,18.94,72.9,13.64,17.31,0.03,0.03,1011.57,86.9,19.48,254.3,381.5,UK_Average
2026-07-06 11:00:00,19.74,69.4,13.45,18.28,0.01,0.01,1011.42,86.0,19.2,254.7,449.8,UK_Average
2026-07-06 12:00:00,20.51,65.7,13.17,19.0,0.14,0.14,1011.26,82.8,20.32,255.1,513.5,UK_Average
2026-07-06 13:00:00,21.5,60.1,12.48,19.89,0.15,0.15,1011.2,85.6,20.94,259.2,590.9,UK_Average
2026-07-06 14:00:00,21.73,59.3,12.34,20.06,0.06,0.06,1010.99,83.2,20.92,259.7,575.3,UK_Average
2026-07-06 15:00:00,21.97,57.7,12.04,20.07,0.04,0.04,1010.74,73.2,21.48,261.4,551.8,UK_Average
2026-07-06 16:00:00,21.88,57.9,11.88,19.8,0.22,0.22,1010.55,86.4,21.36,262.1,507.7,UK_Average
2026-07-06 17:00:00,21.66,58.4,11.79,19.38,0.19,0.19,1010.25,84.6,20.68,260.5,428.1,UK_Average
2026-07-06 18:00:00,21.45,58.0,11.69,19.04,0.03,0.03,1010.0,85.9,20.33,260.7,367.3,UK_Average
2026-07-06 19:00:00,21.19,58.1,11.45,18.82,0.01,0.01,1009.5,90.9,19.62,261.1,255.0,UK_Average
2026-07-06 20:00:00,20.29,62.6,11.9,18.31,0.24,0.24,1009.22,89.2,17.84,257.4,126.3,UK_Average
2026-07-06 21:00:00,19.51,66.4,12.18,17.6,0.29,0.29,1009.09,85.0,17.82,257.4,49.0,UK_Average
2026-07-06 22:00:00,18.68,70.2,12.35,16.89,0.04,0.04,1009.07,91.6,17.45,257.9,6.5,UK_Average
2026-07-06 23:00:00,18.16,73.8,12.66,16.57,0.35,0.35,1009.25,87.0,16.9,257.4,0.0,UK_Average
2026-07-07 00:00:00,17.66,76.4,12.79,16.22,0.36,0.36,1009.17,78.8,16.05,255.7,0.0,UK_Average
2026-07-07 01:00:00,17.18,78.4,12.78,15.7,0.0,0.0,1008.91,86.2,16.24,253.2,0.0,UK_Average
2026-07-07 02:00:00,16.84,79.3,12.64,15.35,0.0,0.0,1008.7,85.1,16.12,254.8,0.0,UK_Average
2026-07-07 03:00:00,16.49,80.9,12.69,15.0,0.01,0.01,1008.55,84.2,16.2,258.0,0.0,UK_Average
2026-07-07 04:00:00,16.15,82.3,12.7,14.68,0.0,0.0,1008.51,85.7,16.03,260.0,0.0,UK_Average
2026-07-07 05:00:00,15.84,83.7,12.79,14.42,0.0,0.0,1008.66,89.4,15.88,260.8,0.3,UK_Average
2026-07-07 06:00:00,15.94,83.7,12.96,14.51,0.0,0.0,1008.92,96.6,16.23,263.0,23.9,UK_Average
2026-07-07 07:00:00,16.39,82.8,13.25,14.96,0.0,0.0,1009.27,98.9,16.87,264.1,69.0,UK_Average
2026-07-07 08:00:00,16.85,81.1,13.38,15.47,0.02,0.02,1009.58,98.3,16.95,265.9,141.2,UK_Average
2026-07-07 09:00:00,17.53,78.6,13.54,16.17,0.08,0.08,1009.85,98.2,17.02,267.4,219.2,UK_Average
2026-07-07 10:00:00,18.43,74.5,13.61,17.14,0.06,0.06,1010.22,86.3,16.79,270.4,298.7,UK_Average
2026-07-07 11:00:00,19.65,69.3,13.5,18.53,0.02,0.02,1010.53,77.6,16.98,271.0,461.0,UK_Average
2026-07-07 12:00:00,20.51,66.1,13.37,19.65,0.03,0.03,1010.84,74.9,16.97,271.8,521.0,UK_Average
2026-07-07 13:00:00,21.65,62.5,13.46,21.0,0.04,0.04,1011.1,81.3,17.18,272.4,569.8,UK_Average
2026-07-07 14:00:00,21.81,62.1,13.42,21.3,0.11,0.11,1011.13,80.9,16.67,269.7,607.3,UK_Average
2026-07-07 15:00:00,22.15,61.2,13.39,21.37,0.05,0.05,1011.15,80.0,17.19,269.5,551.7,UK_Average
2026-07-07 16:00:00,22.48,60.4,13.44,21.41,0.03,0.03,1011.28,80.5,17.62,270.4,550.7,UK_Average
2026-07-07 17:00:00,22.14,61.8,13.55,20.96,0.02,0.02,1011.47,83.9,16.75,273.4,417.9,UK_Average
2026-07-07 18:00:00,21.74,63.8,13.78,20.54,0.0,0.0,1011.56,71.5,16.55,276.0,352.0,UK_Average
2026-07-07 19:00:00,21.27,65.9,13.95,20.24,0.01,0.01,1011.89,54.7,15.6,276.7,235.3,UK_Average
2026-07-07 20:00:00,20.52,68.3,13.93,19.64,0.01,0.01,1012.06,51.6,14.68,275.4,149.0,UK_Average
2026-07-07 21:00:00,19.69,71.4,13.87,18.85,0.0,0.0,1012.29,38.8,14.12,275.0,60.4,UK_Average
2026-07-07 22:00:00,19.04,74.0,13.8,18.41,0.0,0.0,1012.88,38.2,12.63,277.8,6.7,UK_Average
2026-07-07 23:00:00,18.6,75.5,13.79,18.19,0.0,0.0,1013.12,39.8,11.12,239.6,0.0,UK_Average
2026-07-08 00:00:00,18.15,76.9,13.69,17.68,0.0,0.0,1013.21,34.1,11.33,241.3,0.0,UK_Average
2026-07-08 01:00:00,17.47,80.2,13.73,17.16,0.0,0.0,1013.4,31.2,10.36,238.5,0.0,UK_Average
2026-07-08 02:00:00,17.21,80.9,13.64,16.84,0.0,0.0,1013.64,28.3,10.38,278.2,0.0,UK_Average
2026-07-08 03:00:00,16.9,81.8,13.54,16.57,0.0,0.0,1013.68,37.8,9.89,283.6,0.0,UK_Average
2026-07-08 04:00:00,16.63,82.2,13.41,16.39,0.0,0.0,1013.87,36.9,9.08,287.1,0.0,UK_Average
2026-07-08 05:00:00,16.33,83.1,13.3,16.1,0.0,0.0,1013.99,30.8,8.74,284.7,0.3,UK_Average
2026-07-08 06:00:00,16.48,82.6,13.35,16.28,0.0,0.0,1014.21,33.6,8.68,250.3,28.5,UK_Average
2026-07-08 07:00:00,17.58,79.3,13.84,17.59,0.0,0.0,1014.51,26.6,8.39,258.7,116.8,UK_Average
2026-07-08 08:00:00,19.0,74.6,14.19,19.21,0.0,0.0,1014.64,23.1,7.97,203.8,240.6,UK_Average
2026-07-08 09:00:00,20.31,70.6,14.54,20.66,0.0,0.0,1014.82,32.0,7.72,212.6,374.7,UK_Average
2026-07-08 10:00:00,21.57,66.7,14.71,22.03,0.0,0.0,1014.87,39.1,8.11,190.6,498.7,UK_Average
2026-07-08 11:00:00,22.66,63.1,14.74,23.59,0.0,0.0,1015.0,38.3,8.09,246.1,590.8,UK_Average
2026-07-08 12:00:00,23.66,59.2,14.57,24.95,0.0,0.0,1015.18,28.4,8.08,243.9,688.8,UK_Average
2026-07-08 13:00:00,25.46,52.8,14.26,26.92,0.0,0.0,1014.79,10.6,8.55,243.2,762.5,UK_Average
2026-07-08 14:00:00,26.21,50.7,14.2,27.98,0.0,0.0,1014.45,4.3,8.8,245.8,829.7,UK_Average
2026-07-08 15:00:00,26.76,49.5,14.16,28.26,0.0,0.0,1014.1,9.2,9.63,250.5,804.7,UK_Average
2026-07-08 16:00:00,26.98,48.4,13.88,27.72,0.0,0.0,1013.93,8.4,10.52,253.6,716.2,UK_Average
2026-07-08 17:00:00,26.94,47.8,13.55,26.94,0.0,0.0,1013.91,11.6,10.97,256.3,621.1,UK_Average
2026-07-08 18:00:00,26.36,49.4,13.6,25.93,0.0,0.0,1013.79,7.6,11.11,260.4,487.8,UK_Average
2026-07-08 19:00:00,25.89,50.6,13.76,25.53,0.0,0.0,1013.57,3.7,10.79,262.4,349.0,UK_Average
2026-07-08 20:00:00,24.79,54.9,14.19,24.75,0.0,0.0,1013.51,5.7,9.8,231.7,212.4,UK_Average
2026-07-08 21:00:00,23.3,60.4,14.37,23.35,0.0,0.0,1013.76,1.6,9.51,253.4,85.6,UK_Average
2026-07-08 22:00:00,21.73,65.1,14.19,21.67,0.0,0.0,1014.16,1.1,9.76,248.3,10.6,UK_Average
2026-07-08 23:00:00,20.72,69.1,14.25,20.8,0.0,0.0,1014.24,3.5,8.9,243.1,0.0,UK_Average
2026-07-09 00:00:00,19.95,72.6,14.39,20.26,0.0,0.0,1014.21,4.9,7.68,248.1,0.0,UK_Average
2026-07-09 01:00:00,18.64,77.5,14.21,19.06,0.0,0.0,1014.0,3.8,6.48,240.1,0.0,UK_Average
2026-07-09 02:00:00,18.05,79.4,14.11,18.45,0.0,0.0,1013.85,12.7,6.41,234.2,0.0,UK_Average
2026-07-09 03:00:00,17.41,81.6,13.98,17.76,0.0,0.0,1013.67,12.6,6.4,265.3,0.0,UK_Average
2026-07-09 04:00:00,16.85,83.0,13.72,17.09,0.0,0.0,1013.52,11.6,6.32,241.1,0.0,UK_Average
2026-07-09 05:00:00,16.42,83.8,13.47,16.6,0.0,0.0,1013.46,10.5,6.29,243.4,0.4,UK_Average
2026-07-09 06:00:00,16.8,81.3,13.43,16.89,0.0,0.0,1013.67,11.1,6.76,267.8,36.9,UK_Average
2026-07-09 07:00:00,17.95,77.2,13.76,18.23,0.0,0.0,1013.81,11.2,6.27,256.7,139.9,UK_Average
2026-07-09 08:00:00,19.51,71.9,14.05,19.95,0.0,0.0,1013.89,15.5,5.89,258.3,273.7,UK_Average
2026-07-09 09:00:00,21.25,64.3,13.88,21.61,0.0,0.0,1013.91,17.3,6.05,273.0,416.6,UK_Average
2026-07-09 10:00:00,22.8,57.9,13.54,23.22,0.0,0.0,1013.73,21.0,6.12,207.2,559.4,UK_Average
2026-07-09 11:00:00,24.1,54.2,13.45,24.92,0.0,0.0,1013.61,23.5,7.31,212.2,670.4,UK_Average
2026-07-09 12:00:00,25.21,50.8,13.28,26.24,0.0,0.0,1013.53,13.7,8.28,218.9,743.1,UK_Average
2026-07-09 13:00:00,26.65,46.0,12.78,27.83,0.0,0.0,1013.16,8.6,8.58,220.8,799.8,UK_Average
2026-07-09 14:00:00,27.25,44.8,12.84,28.64,0.0,0.0,1012.89,16.8,8.86,224.4,842.0,UK_Average
2026-07-09 15:00:00,27.6,44.5,12.98,28.68,0.0,0.0,1012.63,33.5,9.2,224.4,796.4,UK_Average
2026-07-09 16:00:00,27.59,45.4,13.19,28.24,0.0,0.0,1012.5,45.3,9.27,223.4,708.0,UK_Average
2026-07-09 17:00:00,27.4,46.3,13.31,27.49,0.0,0.0,1012.42,52.0,9.16,238.2,605.2,UK_Average
2026-07-09 18:00:00,27.0,47.3,13.2,26.62,0.0,0.0,1012.27,60.6,9.64,204.8,463.1,UK_Average
2026-07-09 19:00:00,26.38,49.0,13.45,26.0,0.0,0.0,1012.0,65.9,10.38,222.1,319.0,UK_Average
2026-07-09 20:00:00,25.09,54.3,14.38,25.03,0.0,0.0,1012.07,51.9,10.36,225.5,178.2,UK_Average
2026-07-09 21:00:00,23.8,59.5,14.77,23.97,0.0,0.0,1012.31,52.8,9.59,222.6,73.5,UK_Average
2026-07-09 22:00:00,22.51,65.0,15.02,22.84,0.0,0.0,1012.68,55.6,9.21,252.6,8.7,UK_Average
2026-07-09 23:00:00,21.49,69.5,15.19,22.07,0.0,0.0,1012.99,50.0,8.1,251.9,0.0,UK_Average
2026-07-10 00:00:00,20.59,73.2,15.21,21.23,0.0,0.0,1013.19,50.0,7.65,247.9,0.0,UK_Average
2026-07-10 01:00:00,19.41,76.9,14.98,20.02,0.0,0.0,1013.32,44.6,7.22,225.2,0.0,UK_Average
2026-07-10 02:00:00,18.93,78.2,14.81,19.53,0.0,0.0,1013.19,45.1,6.78,224.2,0.0,UK_Average
2026-07-10 03:00:00,18.47,79.0,14.5,19.0,0.0,0.0,1013.07,40.9,6.57,161.0,0.0,UK_Average
2026-07-10 04:00:00,18.0,80.6,14.35,18.5,0.0,0.0,1012.97,45.5,6.25,127.0,0.0,UK_Average
2026-07-10 05:00:00,17.53,82.6,14.3,18.1,0.0,0.0,1013.0,50.3,5.75,132.5,0.3,UK_Average
2026-07-10 06:00:00,17.76,82.2,14.5,18.37,0.0,0.0,1013.4,49.9,5.97,125.8,31.3,UK_Average
2026-07-10 07:00:00,18.56,79.8,14.84,19.41,0.0,0.0,1013.7,46.3,5.2,109.2,128.3,UK_Average
2026-07-10 08:00:00,19.92,75.2,15.17,20.97,0.0,0.0,1013.73,52.2,4.67,117.8,258.8,UK_Average
2026-07-10 09:00:00,21.51,69.3,15.35,22.58,0.0,0.0,1013.87,50.2,4.93,149.6,396.7,UK_Average
2026-07-10 10:00:00,23.11,63.5,15.32,24.16,0.0,0.0,1014.15,49.3,5.62,137.4,535.1,UK_Average
2026-07-10 11:00:00,24.61,58.7,15.31,26.19,0.0,0.0,1014.21,44.3,5.78,126.1,646.4,UK_Average
2026-07-10 12:00:00,25.72,55.6,15.25,27.56,0.0,0.0,1014.24,46.3,6.99,123.5,708.8,UK_Average
2026-07-10 13:00:00,27.0,50.3,14.49,28.59,0.0,0.0,1014.04,56.4,7.84,88.5,750.6,UK_Average
2026-07-10 14:00:00,27.18,49.0,14.17,28.33,0.0,0.0,1014.02,55.7,9.26,88.7,729.2,UK_Average
2026-07-10 15:00:00,27.52,47.7,13.87,28.28,0.0,0.0,1013.99,52.1,10.3,83.8,719.3,UK_Average
2026-07-10 16:00:00,27.42,48.9,13.97,27.75,0.02,0.02,1013.96,51.2,11.03,81.9,633.4,UK_Average
2026-07-10 17:00:00,27.05,50.3,14.02,26.85,0.09,0.09,1014.09,49.1,11.84,85.0,560.9,UK_Average
2026-07-10 18:00:00,26.37,52.0,13.91,25.83,0.03,0.03,1014.15,50.5,12.39,87.9,442.7,UK_Average
2026-07-10 19:00:00,25.56,52.5,13.22,24.64,0.05,0.05,1014.41,50.6,13.55,103.8,291.1,UK_Average
2026-07-10 20:00:00,24.52,56.2,13.4,23.63,0.19,0.19,1014.55,42.6,13.76,68.5,173.3,UK_Average
2026-07-10 21:00:00,23.15,60.9,13.76,22.31,0.24,0.24,1014.93,37.0,14.04,68.7,66.9,UK_Average
2026-07-10 22:00:00,22.17,63.0,13.5,21.39,0.3,0.3,1015.57,39.3,12.99,75.3,6.5,UK_Average
2026-07-10 23:00:00,21.32,65.9,13.55,20.66,0.39,0.39,1016.2,36.5,12.45,74.3,0.0,UK_Average
2026-07-11 00:00:00,20.47,68.2,13.45,19.95,0.1,0.1,1016.62,32.1,11.33,78.5,0.0,UK_Average
2026-07-11 01:00:00,19.28,71.9,13.37,18.82,0.01,0.01,1016.98,38.0,10.64,69.0,0.0,UK_Average
2026-07-11 02:00:00,18.62,74.7,13.41,18.24,0.03,0.03,1017.13,41.2,10.13,95.4,0.0,UK_Average
2026-07-11 03:00:00,18.08,76.8,13.44,17.7,0.02,0.02,1017.33,33.7,10.34,58.1,0.0,UK_Average
2026-07-11 04:00:00,17.57,79.0,13.46,17.16,0.0,0.0,1017.5,33.7,10.48,58.5,0.0,UK_Average
2026-07-11 05:00:00,17.07,81.2,13.54,16.69,0.0,0.0,1017.59,39.9,10.5,58.7,0.2,UK_Average
2026-07-11 06:00:00,16.96,82.3,13.66,16.57,0.0,0.0,1017.88,39.8,10.78,58.1,25.5,UK_Average
2026-07-11 07:00:00,17.46,81.6,14.01,17.15,0.0,0.0,1018.16,44.4,11.18,59.3,109.2,UK_Average
2026-07-11 08:00:00,18.25,78.6,14.15,17.98,0.04,0.04,1018.34,46.7,11.1,62.1,202.6,UK_Average
2026-07-11 09:00:00,19.42,73.7,14.19,19.1,0.32,0.32,1018.62,44.5,11.57,59.8,316.5,UK_Average
2026-07-11 10:00:00,20.52,69.6,14.17,20.12,0.04,0.04,1018.86,49.1,12.45,60.2,419.5,UK_Average
2026-07-11 11:00:00,21.57,65.4,13.97,21.28,0.01,0.01,1019.08,47.7,13.96,63.6,514.8,UK_Average
2026-07-11 12:00:00,22.51,61.6,13.77,22.43,0.01,0.01,1019.35,50.1,14.3,67.9,607.6,UK_Average
2026-07-11 13:00:00,23.36,59.8,13.89,23.52,0.01,0.01,1019.44,58.6,14.21,69.4,659.3,UK_Average
2026-07-11 14:00:00,23.76,58.9,13.8,23.92,0.79,0.79,1019.48,58.0,13.91,68.2,665.4,UK_Average
2026-07-11 15:00:00,23.99,58.7,13.81,23.95,0.3,0.3,1019.4,57.9,14.67,63.5,633.9,UK_Average
2026-07-11 16:00:00,24.1,58.3,13.91,23.88,0.03,0.03,1019.42,55.3,14.21,66.0,574.5,UK_Average
2026-07-11 17:00:00,23.87,59.3,14.06,23.33,0.0,0.0,1019.48,47.5,14.39,60.8,509.0,UK_Average
2026-07-11 18:00:00,23.26,61.0,14.03,22.33,0.01,0.01,1019.36,43.9,15.45,59.4,397.4,UK_Average
2026-07-11 19:00:00,22.59,62.2,13.76,21.49,0.01,0.01,1019.83,50.9,15.86,61.5,280.7,UK_Average
2026-07-11 20:00:00,21.63,65.9,13.94,20.6,0.01,0.01,1019.96,55.2,15.81,60.0,150.9,UK_Average
2026-07-11 21:00:00,20.55,69.8,14.17,19.61,0.0,0.0,1020.28,62.4,15.64,58.2,52.8,UK_Average
2026-07-11 22:00:00,19.57,73.7,14.3,18.63,0.0,0.0,1020.99,58.0,15.94,55.4,4.2,UK_Average
2026-07-11 23:00:00,18.67,76.4,14.14,17.74,0.0,0.0,1021.54,49.1,15.57,54.3,0.0,UK_Average
2026-07-12 00:00:00,17.91,79.4,14.09,16.98,0.0,0.0,1021.9,48.6,15.42,53.9,0.0,UK_Average
2026-07-12 01:00:00,16.94,83.0,13.89,16.04,0.0,0.0,1022.09,60.4,14.69,50.8,0.0,UK_Average
2026-07-12 02:00:00,16.5,84.5,13.79,15.56,0.01,0.01,1022.18,57.7,14.76,50.1,0.0,UK_Average
2026-07-12 03:00:00,16.14,85.5,13.65,15.11,0.01,0.01,1022.27,55.0,14.82,48.9,0.0,UK_Average
2026-07-12 04:00:00,15.84,86.3,13.52,14.8,0.0,0.0,1022.48,52.0,14.76,47.7,0.0,UK_Average
2026-07-12 05:00:00,15.67,86.9,13.43,14.58,0.0,0.0,1022.58,52.9,14.75,48.1,0.1,UK_Average
2026-07-12 06:00:00,15.74,86.2,13.4,14.62,0.0,0.0,1022.82,52.3,14.93,49.0,21.7,UK_Average
2026-07-12 07:00:00,16.28,83.7,13.43,15.17,0.0,0.0,1023.17,52.6,14.98,49.9,92.4,UK_Average
2026-07-12 08:00:00,16.97,79.5,13.33,15.75,0.0,0.0,1023.39,54.9,15.59,51.4,185.2,UK_Average
2026-07-12 09:00:00,18.09,73.9,13.2,16.76,0.0,0.0,1023.52,46.8,16.09,53.4,304.7,UK_Average
2026-07-12 10:00:00,19.42,68.1,13.07,18.08,0.0,0.0,1023.45,39.6,16.27,56.6,442.6,UK_Average
2026-07-12 11:00:00,20.78,62.8,13.0,19.66,0.0,0.0,1023.43,27.7,17.1,59.0,559.0,UK_Average
2026-07-12 12:00:00,21.87,59.1,12.87,21.04,0.0,0.0,1023.5,28.3,17.72,61.5,670.8,UK_Average
2026-07-12 13:00:00,23.26,54.2,12.72,22.66,0.0,0.0,1023.29,17.8,17.73,63.2,764.8,UK_Average
2026-07-12 14:00:00,23.72,51.8,12.25,23.07,0.0,0.0,1023.18,16.0,18.04,64.1,800.9,UK_Average
2026-07-12 15:00:00,23.93,50.4,11.93,23.04,0.0,0.0,1022.99,20.9,18.46,63.5,786.1,UK_Average
2026-07-12 16:00:00,23.86,50.4,11.89,22.61,0.0,0.0,1022.78,18.1,18.91,63.8,728.0,UK_Average
2026-07-12 17:00:00,23.53,51.2,11.75,21.62,0.0,0.0,1022.8,11.3,19.24,63.4,621.4,UK_Average
2026-07-12 18:00:00,22.92,51.9,11.4,20.52,0.0,0.0,1022.75,7.8,19.35,62.5,491.6,UK_Average
2026-07-12 19:00:00,22.19,51.4,10.46,19.57,0.0,0.0,1022.63,4.8,19.03,60.8,348.5,UK_Average
2026-07-12 20:00:00,20.9,54.6,10.39,18.34,0.0,0.0,1022.73,2.8,18.4,57.6,204.9,UK_Average
2026-07-12 21:00:00,19.47,58.4,10.3,16.98,0.0,0.0,1022.89,6.2,17.72,54.7,79.5,UK_Average
2026-07-12 22:00:00,18.07,62.3,9.96,15.59,0.0,0.0,1023.26,9.4,16.95,54.2,8.3,UK_Average
2026-07-12 23:00:00,17.02,66.4,10.12,14.72,0.0,0.0,1023.43,19.7,15.96,54.4,0.0,UK_Average
2026-07-13 00:00:00,16.12,70.3,10.27,13.98,0.0,0.0,1023.53,24.2,15.26,82.6,0.0,UK_Average
2026-07-13 01:00:00,14.92,75.8,10.42,12.89,0.0,0.0,1023.52,21.6,14.8,48.1,0.0,UK_Average
2026-07-13 02:00:00,14.36,79.4,10.6,12.37,0.0,0.0,1023.27,26.4,14.93,47.2,0.0,UK_Average
2026-07-13 03:00:00,13.95,81.9,10.73,11.96,0.0,0.0,1023.07,37.2,15.1,78.5,0.0,UK_Average
2026-07-13 04:00:00,13.62,83.5,10.75,11.68,0.0,0.0,1022.95,41.5,14.79,76.9,0.0,UK_Average
2026-07-13 05:00:00,13.33,85.0,10.72,11.41,0.0,0.0,1022.84,49.8,14.51,77.7,0.1,UK_Average
2026-07-13 06:00:00,13.5,83.0,10.63,11.51,0.0,0.0,1022.8,59.1,14.84,73.3,25.8,UK_Average
2026-07-13 07:00:00,14.06,80.5,10.71,11.98,0.0,0.0,1022.77,62.9,15.67,45.6,104.6,UK_Average
2026-07-13 08:00:00,14.97,74.4,10.4,12.61,0.0,0.0,1022.71,61.2,16.94,48.2,213.5,UK_Average
2026-07-13 09:00:00,16.14,68.6,10.25,13.75,0.0,0.0,1022.41,61.7,16.95,50.8,349.3,UK_Average
2026-07-13 10:00:00,17.43,64.3,10.43,15.08,0.0,0.0,1021.93,54.5,17.29,52.0,496.8,UK_Average
2026-07-13 11:00:00,18.77,60.2,10.66,16.9,0.0,0.0,1021.82,39.6,17.39,52.9,627.0,UK_Average
2026-07-13 12:00:00,19.96,56.8,10.83,18.6,0.0,0.0,1021.46,32.6,17.95,52.9,752.1,UK_Average
2026-07-13 13:00:00,20.88,54.9,11.13,19.91,0.0,0.0,1021.21,27.0,18.33,52.6,815.3,UK_Average
2026-07-13 14:00:00,21.43,53.1,11.03,20.31,0.0,0.0,1020.83,9.6,18.96,53.1,815.9,UK_Average
2026-07-13 15:00:00,21.98,51.8,11.09,20.92,0.0,0.0,1020.34,5.6,18.68,55.2,813.3,UK_Average
2026-07-13 16:00:00,22.18,51.3,11.13,20.75,0.0,0.0,1020.11,5.4,18.99,56.7,747.6,UK_Average
2026-07-13 17:00:00,22.06,51.7,11.12,20.1,0.0,0.0,1019.98,2.2,18.86,57.8,641.9,UK_Average
2026-07-13 18:00:00,21.63,53.3,11.16,19.26,0.0,0.0,1019.72,1.4,18.53,57.3,508.5,UK_Average
2026-07-13 19:00:00,21.0,54.6,11.03,18.7,0.0,0.0,1019.72,12.8,18.04,55.5,361.1,UK_Average
2026-07-13 20:00:00,19.89,58.7,11.17,17.72,0.0,0.0,1019.83,39.6,17.54,54.3,209.7,UK_Average
2026-07-13 21:00:00,18.68,63.6,11.28,16.59,0.0,0.0,1020.02,53.9,17.13,50.9,78.3,UK_Average
2026-07-13 22:00:00,17.32,70.0,11.53,15.39,0.0,0.0,1020.53,58.4,16.58,48.4,8.4,UK_Average
2026-07-13 23:00:00,16.29,74.7,11.54,14.53,0.0,0.0,1020.86,59.3,15.46,48.4,0.0,UK_Average
2026-07-14 00:00:00,15.43,78.0,11.43,13.75,0.0,0.0,1021.08,59.1,14.48,45.5,0.0,UK_Average
2026-07-14 01:00:00,14.45,82.8,11.41,12.84,0.0,0.0,1021.09,61.8,13.95,75.3,0.0,UK_Average
2026-07-14 02:00:00,13.99,85.1,11.41,12.45,0.0,0.0,1020.94,57.1,13.47,72.1,0.0,UK_Average
2026-07-14 03:00:00,13.69,86.6,11.41,12.13,0.0,0.0,1020.9,59.6,13.56,71.7,0.0,UK_Average
2026-07-14 04:00:00,13.49,87.4,11.38,11.92,0.0,0.0,1020.79,65.1,13.53,72.9,0.0,UK_Average
2026-07-14 05:00:00,13.27,87.8,11.25,11.59,0.0,0.0,1020.69,56.4,14.16,40.1,0.0,UK_Average
2026-07-14 06:00:00,13.5,86.0,11.17,11.7,0.0,0.0,1020.76,58.5,14.8,41.2,23.4,UK_Average
2026-07-14 07:00:00,13.86,84.3,11.23,12.02,0.0,0.0,1020.99,71.8,15.2,40.0,103.9,UK_Average
2026-07-14 08:00:00,14.72,79.8,11.21,12.83,0.0,0.0,1021.11,67.4,15.3,40.7,192.8,UK_Average
2026-07-14 09:00:00,15.97,73.6,11.13,14.09,0.0,0.0,1021.13,62.0,15.19,43.1,318.9,UK_Average
2026-07-14 10:00:00,17.46,67.7,11.26,15.64,0.0,0.0,1021.11,61.9,15.59,44.4,450.3,UK_Average
2026-07-14 11:00:00,18.78,63.6,11.52,17.32,0.0,0.0,1020.95,45.0,15.47,46.5,569.2,UK_Average
2026-07-14 12:00:00,20.27,59.5,11.81,19.35,0.0,0.0,1020.81,48.0,15.92,49.2,702.9,UK_Average
2026-07-14 13:00:00,21.09,58.6,12.35,20.7,0.0,0.0,1020.59,46.7,15.62,50.0,768.7,UK_Average
2026-07-14 14:00:00,22.06,55.3,12.31,21.73,0.0,0.0,1020.28,46.1,15.89,56.3,789.9,UK_Average
2026-07-14 15:00:00,22.59,53.9,12.25,21.97,0.0,0.0,1019.94,44.4,16.05,59.8,738.9,UK_Average
2026-07-14 16:00:00,22.82,53.2,12.19,21.89,0.0,0.0,1019.72,38.8,16.14,62.3,674.2,UK_Average
2026-07-14 17:00:00,22.7,53.8,12.22,21.26,0.0,0.0,1019.69,26.4,16.43,63.6,588.5,UK_Average
2026-07-14 18:00:00,22.24,55.6,12.27,20.55,0.0,0.0,1019.68,21.2,16.24,62.8,476.2,UK_Average
2026-07-14 19:00:00,21.64,58.1,12.47,20.12,0.0,0.0,1019.71,21.9,15.62,60.4,339.8,UK_Average
2026-07-14 20:00:00,20.53,62.5,12.55,19.11,0.0,0.0,1019.91,17.4,15.24,58.4,199.4,UK_Average
2026-07-14 21:00:00,19.31,67.6,12.75,18.04,0.0,0.0,1020.25,11.1,14.52,55.2,76.3,UK_Average
2026-07-14 22:00:00,18.04,72.8,12.79,16.82,0.0,0.0,1020.79,11.2,14.32,50.8,7.5,UK_Average
2026-07-14 23:00:00,17.08,76.9,12.8,15.91,0.0,0.0,1021.12,16.0,14.04,49.0,0.0,UK_Average
2026-07-15 00:00:00,16.29,80.2,12.67,15.25,0.0,0.0,1021.39,23.0,12.96,48.4,0.0,UK_Average
2026-07-15 01:00:00,15.44,83.9,12.62,14.51,0.0,0.0,1021.55,47.6,12.01,46.4,0.0,UK_Average
2026-07-15 02:00:00,15.05,85.7,12.53,14.16,0.0,0.0,1021.55,51.1,11.54,45.1,0.0,UK_Average
2026-07-15 03:00:00,14.7,87.1,12.5,13.81,0.0,0.0,1021.48,58.7,11.38,76.2,0.0,UK_Average
2026-07-15 04:00:00,14.38,88.6,12.47,13.5,0.0,0.0,1021.39,62.4,11.39,73.7,0.0,UK_Average
2026-07-15 05:00:00,14.18,89.3,12.44,13.29,0.0,0.0,1021.39,61.5,11.45,74.2,0.0,UK_Average
2026-07-15 06:00:00,14.21,89.4,12.46,13.36,0.0,0.0,1021.47,63.3,11.09,75.1,20.1,UK_Average
2026-07-15 07:00:00,14.56,86.7,12.34,13.65,0.0,0.0,1021.75,71.9,11.45,41.1,95.3,UK_Average
2026-07-15 08:00:00,15.48,81.8,12.31,14.39,0.0,0.0,1021.79,71.1,12.47,79.8,189.1,UK_Average
2026-07-15 09:00:00,16.6,76.4,12.39,15.53,0.0,0.0,1021.91,58.5,12.29,77.4,309.8,UK_Average
2026-07-15 10:00:00,18.03,70.7,12.49,16.95,0.0,0.0,1021.9,51.9,12.69,79.4,467.1,UK_Average
2026-07-15 11:00:00,19.39,65.3,12.47,18.62,0.0,0.0,1021.75,37.2,13.17,85.1,600.9,UK_Average
2026-07-15 12:00:00,20.76,60.0,12.38,20.44,0.0,0.0,1021.54,28.3,12.93,52.8,689.3,UK_Average
2026-07-15 13:00:00,21.69,57.8,12.64,21.94,0.0,0.0,1021.26,16.8,12.56,52.0,764.6,UK_Average
2026-07-15 14:00:00,22.51,55.0,12.58,22.89,0.0,0.0,1020.99,17.5,12.75,52.1,809.2,UK_Average
2026-07-15 15:00:00,23.09,52.3,12.27,23.17,0.0,0.0,1020.6,13.6,13.16,52.3,786.9,UK_Average
2026-07-15 16:00:00,23.35,50.8,11.94,22.9,0.0,0.0,1020.37,13.5,13.38,55.2,714.5,UK_Average
2026-07-15 17:00:00,23.32,50.2,11.7,22.31,0.0,0.0,1020.07,13.4,13.3,57.8,624.1,UK_Average
2026-07-15 18:00:00,22.93,50.8,11.54,21.52,0.0,0.0,1019.68,11.3,12.99,59.1,491.9,UK_Average
2026-07-15 19:00:00,22.3,51.8,11.23,20.86,0.0,0.0,1019.57,11.3,12.45,59.6,348.1,UK_Average
2026-07-15 20:00:00,21.29,55.2,11.22,19.92,0.0,0.0,1019.64,15.5,11.7,59.8,204.4,UK_Average
2026-07-15 21:00:00,19.97,59.6,11.27,18.71,0.0,0.0,1020.01,15.0,11.24,57.9,76.5,UK_Average
2026-07-15 22:00:00,18.7,65.1,11.5,17.54,0.0,0.0,1020.46,11.8,10.99,56.7,7.0,UK_Average
2026-07-15 23:00:00,17.68,69.7,11.63,16.62,0.0,0.0,1020.61,8.1,10.7,64.0,0.0,UK_Average
2026-07-16 00:00:00,16.78,73.5,11.72,15.85,0.0,0.0,1020.86,27.6,9.88,65.7,0.0,UK_Average
2026-07-16 01:00:00,15.5,80.1,11.94,14.87,0.0,0.0,1020.78,24.5,8.44,61.3,0.0,UK_Average
2026-07-16 02:00:00,15.03,83.0,12.01,14.47,0.0,0.0,1020.54,36.7,7.97,62.6,0.0,UK_Average
2026-07-16 03:00:00,14.56,85.2,12.02,14.09,0.0,0.0,1020.21,38.3,7.48,64.3,0.0,UK_Average
2026-07-16 04:00:00,14.15,86.9,11.92,13.66,0.0,0.0,1019.83,49.2,7.48,66.2,0.0,UK_Average
2026-07-16 05:00:00,13.83,88.2,11.85,13.34,0.0,0.0,1019.61,51.6,7.27,76.9,0.0,UK_Average
2026-07-16 06:00:00,13.92,87.9,11.93,13.53,0.0,0.0,1019.49,56.2,6.8,78.0,23.6,UK_Average
2026-07-16 07:00:00,14.42,85.0,11.91,13.94,0.0,0.0,1019.51,66.5,7.15,72.5,108.4,UK_Average
2026-07-16 08:00:00,15.51,80.6,12.13,15.11,0.0,0.0,1019.49,54.1,7.11,66.8,224.5,UK_Average
2026-07-16 09:00:00,17.12,73.7,12.32,16.78,0.0,0.0,1019.33,41.1,7.13,74.6,369.3,UK_Average
2026-07-16 10:00:00,18.81,67.8,12.56,18.57,0.0,0.0,1019.1,30.6,7.55,112.3,538.5,UK_Average
2026-07-16 11:00:00,20.48,61.0,12.47,20.79,0.0,0.0,1018.63,31.1,7.97,84.4,667.3,UK_Average
2026-07-16 12:00:00,21.94,55.0,12.19,22.6,0.0,0.0,1018.15,31.8,8.61,51.6,758.3,UK_Average
2026-07-16 13:00:00,23.16,50.4,11.69,24.01,0.0,0.0,1017.56,32.8,8.66,93.1,817.7,UK_Average
2026-07-16 14:00:00,23.93,46.8,11.15,24.69,0.0,0.0,1017.05,50.8,8.75,58.5,831.9,UK_Average
2026-07-16 15:00:00,24.31,45.4,10.83,24.59,0.0,0.0,1016.46,55.8,9.05,57.6,774.2,UK_Average
2026-07-16 16:00:00,24.49,44.2,10.41,24.12,0.0,0.0,1015.93,52.3,9.33,92.8,679.4,UK_Average
2026-07-16 17:00:00,24.26,44.3,10.18,23.11,0.0,0.0,1015.49,46.3,10.06,95.4,583.1,UK_Average
2026-07-16 18:00:00,23.7,44.8,9.77,22.08,0.0,0.0,1014.97,44.2,10.75,61.9,446.3,UK_Average
2026-07-16 19:00:00,23.04,45.0,9.23,21.29,0.0,0.0,1014.7,45.7,10.66,54.7,300.3,UK_Average
2026-07-16 20:00:00,22.08,48.0,9.41,20.34,0.0,0.0,1014.67,44.7,10.69,55.6,171.3,UK_Average
2026-07-16 21:00:00,20.67,54.0,10.21,19.18,0.0,0.0,1014.91,43.5,10.72,57.4,62.4,UK_Average
2026-07-16 22:00:00,19.48,58.6,10.49,18.16,0.0,0.0,1015.17,42.3,9.94,59.4,5.1,UK_Average
2026-07-16 23:00:00,18.69,62.3,10.7,17.53,0.0,0.0,1015.12,44.0,9.4,61.1,0.0,UK_Average
2026-07-17 00:00:00,17.96,64.7,10.87,17.02,0.0,0.0,1015.22,50.6,8.39,62.9,0.0,UK_Average
2026-07-17 01:00:00,16.71,71.2,11.26,16.0,0.0,0.0,1014.93,50.6,7.63,87.7,0.0,UK_Average
2026-07-17 02:00:00,16.21,73.8,11.35,15.56,0.01,0.01,1014.66,42.4,7.31,81.2,0.0,UK_Average
2026-07-17 03:00:00,15.57,77.0,11.41,14.92,0.0,0.0,1014.46,44.4,7.31,81.0,0.0,UK_Average
2026-07-17 04:00:00,15.08,80.0,11.5,14.38,0.01,0.01,1014.2,51.8,7.82,79.7,0.0,UK_Average
2026-07-17 05:00:00,14.65,82.3,11.56,13.94,0.0,0.0,1014.19,58.4,8.04,77.6,0.0,UK_Average
2026-07-17 06:00:00,14.66,82.1,11.55,13.84,0.0,0.0,1014.04,50.2,8.57,76.8,18.8,UK_Average
2026-07-17 07:00:00,15.06,79.3,11.4,14.27,0.01,0.01,1014.03,53.1,8.24,80.9,99.6,UK_Average
2026-07-17 08:00:00,16.18,73.3,11.26,15.38,0.01,0.01,1013.99,55.9,8.05,78.5,211.9,UK_Average
2026-07-17 09:00:00,17.42,67.4,11.11,16.67,0.01,0.01,1013.98,57.9,7.47,107.9,349.4,UK_Average
2026-07-17 10:00:00,18.77,62.0,11.08,17.99,0.01,0.01,1013.92,58.5,7.87,107.3,486.1,UK_Average
2026-07-17 11:00:00,20.05,57.2,10.93,19.5,0.0,0.0,1013.79,51.2,9.01,106.3,601.7,UK_Average
2026-07-17 12:00:00,21.27,52.4,10.71,20.99,0.0,0.0,1013.5,50.0,9.94,144.6,710.3,UK_Average
2026-07-17 13:00:00,22.2,50.2,10.71,22.07,0.0,0.0,1013.64,36.1,10.67,181.0,754.6,UK_Average
2026-07-17 14:00:00,22.78,48.6,10.66,22.5,0.0,0.0,1013.52,35.9,11.64,196.6,760.0,UK_Average
2026-07-17 15:00:00,23.16,47.3,10.69,22.69,0.0,0.0,1013.35,32.5,12.18,205.3,742.7,UK_Average
2026-07-17 16:00:00,23.28,47.4,10.8,22.36,0.0,0.0,1013.25,26.5,12.83,143.4,675.8,UK_Average
2026-07-17 17:00:00,23.18,47.9,10.87,21.71,0.0,0.0,1013.05,27.3,13.4,144.4,563.2,UK_Average
2026-07-17 18:00:00,22.99,48.4,10.79,21.3,0.0,0.0,1012.92,34.3,13.2,179.4,449.4,UK_Average
2026-07-17 19:00:00,22.3,49.2,10.58,20.7,0.0,0.0,1013.02,26.6,12.23,150.2,306.7,UK_Average
2026-07-17 20:00:00,21.37,52.3,10.76,19.76,0.02,0.02,1013.32,27.4,12.65,128.0,178.7,UK_Average
2026-07-17 21:00:00,19.91,57.8,11.08,18.38,0.0,0.0,1013.84,23.1,12.92,133.1,66.0,UK_Average
2026-07-17 22:00:00,18.75,60.8,10.55,17.12,0.0,0.0,1014.5,16.7,12.59,131.3,5.2,UK_Average
2026-07-17 23:00:00,17.77,63.9,10.35,16.16,0.0,0.0,1014.9,14.9,12.08,99.5,0.0,UK_Average
2026-07-18 00:00:00,16.95,66.0,10.2,15.3,0.0,0.0,1015.23,14.1,11.78,102.0,0.0,UK_Average
2026-07-18 01:00:00,15.47,73.8,10.59,14.03,0.0,0.0,1015.41,13.2,11.14,140.2,0.0,UK_Average
2026-07-18 02:00:00,14.9,76.6,10.68,13.57,0.0,0.0,1015.39,13.9,10.62,140.3,0.0,UK_Average
2026-07-18 03:00:00,14.49,78.4,10.68,13.13,0.0,0.0,1015.45,25.3,10.78,136.3,0.0,UK_Average
2026-07-18 04:00:00,14.09,79.4,10.47,12.64,0.0,0.0,1015.49,32.7,10.86,135.0,0.0,UK_Average
2026-07-18 05:00:00,13.73,80.3,10.33,12.34,0.0,0.0,1015.55,39.8,10.14,133.8,0.0,UK_Average
2026-07-18 06:00:00,13.76,80.1,10.36,12.3,0.0,0.0,1015.53,40.9,10.56,133.9,19.5,UK_Average
2026-07-18 07:00:00,14.14,78.5,10.41,12.77,0.0,0.0,1015.94,46.2,10.31,107.3,104.1,UK_Average
2026-07-18 08:00:00,15.13,73.9,10.5,13.9,0.01,0.01,1016.12,49.1,9.41,115.1,192.3,UK_Average
2026-07-18 09:00:00,16.21,68.7,10.36,14.92,0.0,0.0,1016.23,57.3,9.54,119.1,299.2,UK_Average
2026-07-18 10:00:00,17.17,63.8,10.13,15.69,0.01,0.01,1016.38,58.5,10.55,91.3,406.3,UK_Average
2026-07-18 11:00:00,18.03,60.6,10.07,16.88,0.02,0.02,1016.55,61.6,10.5,84.1,479.7,UK_Average
2026-07-18 12:00:00,19.02,57.2,10.03,17.97,0.04,0.04,1016.59,65.8,10.98,118.0,527.1,UK_Average
2026-07-18 13:00:00,19.81,53.7,9.73,18.5,0.01,0.01,1016.76,82.4,11.76,83.5,542.0,UK_Average
2026-07-18 14:00:00,20.19,51.9,9.53,18.75,0.03,0.03,1016.8,87.4,11.81,49.6,525.3,UK_Average
2026-07-18 15:00:00,20.45,51.2,9.56,18.86,0.05,0.05,1016.72,74.3,12.0,77.6,548.7,UK_Average
2026-07-18 16:00:00,20.64,51.0,9.68,18.9,0.06,0.06,1016.85,59.6,12.81,74.9,562.9,UK_Average
2026-07-18 17:00:00,20.65,50.3,9.6,18.6,0.05,0.05,1016.81,63.1,13.8,75.1,494.5,UK_Average
2026-07-18 18:00:00,20.36,51.2,9.58,18.21,0.01,0.01,1016.55,45.5,14.05,77.8,398.0,UK_Average
2026-07-18 19:00:00,19.75,52.5,9.53,17.67,0.03,0.03,1016.94,29.9,13.57,85.4,283.9,UK_Average
2026-07-18 20:00:00,19.01,54.5,9.47,17.02,0.03,0.03,1017.17,31.3,12.91,88.4,179.8,UK_Average
2026-07-18 21:00:00,18.09,58.6,9.7,16.36,0.01,0.01,1017.52,35.9,11.57,35.8,66.1,UK_Average
2026-07-18 22:00:00,16.95,63.0,9.71,15.01,0.0,0.0,1018.26,36.7,12.71,81.6,5.3,UK_Average
2026-07-18 23:00:00,16.08,66.1,9.63,14.31,0.0,0.0,1018.63,38.3,11.29,83.6,0.0,UK_Average
2026-07-19 00:00:00,15.37,69.6,9.71,13.75,0.01,0.01,1019.05,42.2,10.68,70.5,0.0,UK_Average
2026-07-19 01:00:00,14.11,74.0,9.36,12.33,0.0,0.0,1019.34,45.6,10.87,108.1,0.0,UK_Average
2026-07-19 02:00:00,13.58,75.5,9.13,11.73,0.0,0.0,1019.4,51.4,10.91,150.2,0.0,UK_Average
2026-07-19 03:00:00,13.1,77.4,9.05,11.39,0.0,0.0,1019.55,56.7,9.83,177.8,0.0,UK_Average
2026-07-19 04:00:00,12.75,78.1,8.85,11.07,0.0,0.0,1019.65,63.4,9.24,175.8,0.0,UK_Average
2026-07-19 05:00:00,12.24,79.4,8.64,10.49,0.0,0.0,1019.84,66.0,9.29,170.7,0.0,UK_Average
2026-07-19 06:00:00,12.3,79.6,8.76,10.6,0.01,0.01,1020.12,75.5,9.44,210.0,18.8,UK_Average
2026-07-19 07:00:00,12.84,75.9,8.64,11.02,0.01,0.01,1020.44,71.6,9.98,174.7,99.6,UK_Average
2026-07-19 08:00:00,13.83,70.6,8.53,11.93,0.01,0.01,1020.86,68.8,10.25,199.9,211.8,UK_Average
2026-07-19 09:00:00,14.9,64.0,8.09,12.96,0.0,0.0,1021.1,53.9,9.89,167.7,350.4,UK_Average
2026-07-19 10:00:00,16.18,57.7,7.73,14.27,0.0,0.0,1021.31,44.5,9.43,166.4,495.7,UK_Average
2026-07-19 11:00:00,17.44,52.2,7.41,15.8,0.0,0.0,1021.38,55.9,10.19,244.8,609.3,UK_Average
2026-07-19 12:00:00,18.45,48.1,7.1,17.13,0.0,0.0,1021.4,52.4,10.41,244.5,690.7,UK_Average
2026-07-19 13:00:00,19.76,42.6,6.35,18.57,0.0,0.0,1021.51,55.5,10.32,206.3,748.4,UK_Average
2026-07-19 14:00:00,20.54,40.2,6.08,19.1,0.0,0.0,1021.28,50.0,10.42,209.7,727.3,UK_Average
2026-07-19 15:00:00,21.06,39.5,6.26,19.64,0.0,0.0,1021.06,54.6,11.17,150.9,739.8,UK_Average
2026-07-19 16:00:00,21.16,40.0,6.56,19.42,0.0,0.0,1021.04,41.6,11.4,187.3,687.5,UK_Average
2026-07-19 17:00:00,21.2,40.9,6.78,19.02,0.0,0.0,1020.93,40.1,11.17,216.4,581.0,UK_Average
2026-07-19 18:00:00,21.18,40.6,6.69,18.7,0.0,0.0,1020.68,52.1,11.26,179.9,465.0,UK_Average
2026-07-19 19:00:00,20.6,42.8,7.02,18.28,0.0,0.0,1020.79,49.3,10.96,193.0,298.3,UK_Average
2026-07-19 20:00:00,19.66,46.7,7.52,17.59,0.01,0.01,1020.88,53.9,10.03,163.4,162.2,UK_Average
2026-07-19 21:00:00,18.74,49.5,7.52,16.87,0.0,0.0,1021.28,50.5,8.64,171.4,56.6,UK_Average
2026-07-19 22:00:00,17.7,51.9,7.39,15.69,0.0,0.0,1021.79,59.9,9.29,136.7,3.9,UK_Average
2026-07-19 23:00:00,16.81,54.9,7.52,14.8,0.0,0.0,1022.1,62.4,9.41,136.1,0.0,UK_Average
2026-07-20 00:00:00,16.1,58.1,7.68,14.29,0.0,0.0,1022.22,72.3,8.29,166.1,0.0,UK_Average
2026-07-20 01:00:00,14.77,63.0,7.66,13.01,0.0,0.0,1022.33,74.3,7.91,153.8,0.0,UK_Average
2026-07-20 02:00:00,14.19,65.8,7.73,12.61,0.0,0.0,1022.23,71.8,6.89,153.5,0.0,UK_Average
2026-07-20 03:00:00,13.79,68.7,7.96,12.31,0.0,0.0,1022.22,58.5,6.77,227.5,0.0,UK_Average
2026-07-20 04:00:00,13.43,71.0,8.09,12.1,0.0,0.0,1022.29,44.7,5.86,216.2,0.0,UK_Average
2026-07-20 05:00:00,13.08,73.3,8.27,11.81,0.0,0.0,1022.35,33.1,5.58,212.1,0.0,UK_Average
2026-07-20 06:00:00,13.25,73.7,8.56,12.01,0.0,0.0,1022.44,28.5,5.96,213.8,20.4,UK_Average
2026-07-20 07:00:00,14.14,71.9,9.07,13.03,0.0,0.0,1022.62,36.2,5.81,227.5,113.8,UK_Average
2026-07-20 08:00:00,15.56,67.3,9.47,14.54,0.0,0.0,1022.97,43.0,6.0,240.2,234.4,UK_Average
2026-07-20 09:00:00,16.95,62.8,9.72,15.95,0.01,0.01,1023.05,42.0,6.35,214.8,363.3,UK_Average
2026-07-20 10:00:00,18.3,57.7,9.63,17.23,0.01,0.01,1023.06,29.4,7.08,226.2,493.9,UK_Average
2026-07-20 11:00:00,19.54,52.6,9.23,18.88,0.01,0.01,1023.08,44.7,7.31,231.7,614.4,UK_Average
2026-07-20 12:00:00,20.49,49.2,8.92,20.05,0.01,0.01,1023.13,41.1,7.71,239.8,683.9,UK_Average
2026-07-20 13:00:00,21.75,44.8,8.58,21.49,0.01,0.01,1022.82,38.7,7.52,175.8,729.0,UK_Average
2026-07-20 14:00:00,22.25,44.5,8.77,21.81,0.0,0.0,1022.7,47.3,8.6,186.6,721.0,UK_Average
2026-07-20 15:00:00,22.57,44.0,8.84,21.6,0.0,0.0,1022.56,56.0,10.39,153.4,676.0,UK_Average
2026-07-20 16:00:00,22.66,43.1,8.72,21.17,0.0,0.0,1022.6,51.5,11.11,156.0,586.7,UK_Average
2026-07-20 17:00:00,22.81,43.5,8.78,21.05,0.0,0.0,1022.51,52.6,10.66,196.7,494.0,UK_Average
2026-07-20 18:00:00,22.46,45.0,9.13,20.68,0.0,0.0,1022.27,42.4,10.78,202.1,387.9,UK_Average
2026-07-20 19:00:00,21.62,49.2,9.86,19.9,0.0,0.0,1022.32,21.0,11.68,198.8,297.6,UK_Average
2026-07-20 20:00:00,20.46,54.9,10.66,18.99,0.0,0.0,1022.42,12.3,11.55,205.4,180.2,UK_Average
2026-07-20 21:00:00,19.32,60.8,11.36,18.19,0.0,0.0,1022.84,8.6,10.7,210.6,63.3,UK_Average
2026-07-20 22:00:00,18.45,66.2,11.83,17.59,0.0,0.0,1023.38,8.9,9.78,214.6,4.2,UK_Average
2026-07-20 23:00:00,17.75,68.8,11.79,17.06,0.0,0.0,1023.71,6.0,8.35,158.8,0.0,UK_Average
2026-07-21 00:00:00,17.04,70.1,11.31,16.37,0.0,0.0,1023.96,5.4,7.23,164.1,0.0,UK_Average
2026-07-21 01:00:00,15.67,76.5,11.41,15.05,0.0,0.0,1024.02,6.9,7.09,144.1,0.0,UK_Average
2026-07-21 02:00:00,15.15,79.1,11.4,14.61,0.0,0.0,1024.02,12.1,6.76,116.1,0.0,UK_Average
2026-07-21 03:00:00,14.78,80.4,11.32,14.26,0.0,0.0,1024.15,10.9,6.09,109.1,0.0,UK_Average
2026-07-21 04:00:00,14.32,82.3,11.24,13.78,0.0,0.0,1024.12,11.1,6.17,142.4,0.0,UK_Average
2026-07-21 05:00:00,13.9,83.6,11.06,13.29,0.0,0.0,1024.22,18.3,6.29,142.9,0.0,UK_Average
2026-07-21 06:00:00,13.93,82.9,10.99,13.24,0.0,0.0,1024.38,27.9,6.88,144.6,18.7,UK_Average
2026-07-21 07:00:00,14.59,79.7,11.09,14.02,0.0,0.0,1024.66,38.8,6.11,158.7,104.6,UK_Average
2026-07-21 08:00:00,15.75,75.3,11.31,15.26,0.0,0.0,1024.74,46.1,6.06,164.5,205.2,UK_Average
2026-07-21 09:00:00,16.92,70.8,11.44,16.38,0.0,0.0,1024.69,55.5,6.74,184.8,309.4,UK_Average
2026-07-21 10:00:00,18.16,65.5,11.39,17.59,0.01,0.01,1024.6,60.0,6.86,194.4,409.5,UK_Average
2026-07-21 11:00:00,19.41,60.9,11.35,19.07,0.0,0.0,1024.52,62.3,7.27,206.7,510.3,UK_Average
2026-07-21 12:00:00,20.46,56.9,11.25,20.29,0.0,0.0,1024.35,64.2,6.98,240.0,564.5,UK_Average
2026-07-21 13:00:00,21.36,54.5,11.4,21.24,0.0,0.0,1024.18,59.4,7.49,175.2,605.8,UK_Average
2026-07-21 14:00:00,22.13,51.8,11.27,21.95,0.0,0.0,1023.87,69.7,8.69,211.3,636.8,UK_Average
2026-07-21 15:00:00,22.28,51.7,11.38,21.69,0.0,0.0,1023.67,53.3,10.27,212.8,596.1,UK_Average
2026-07-21 16:00:00,22.41,51.3,11.38,21.62,0.0,0.0,1023.58,46.7,11.28,213.1,575.1,UK_Average
2026-07-21 17:00:00,22.47,51.3,11.41,21.27,0.0,0.0,1023.42,39.4,11.83,243.5,515.4,UK_Average
2026-07-21 18:00:00,22.06,52.9,11.58,20.61,0.0,0.0,1023.12,47.0,13.12,240.8,402.2,UK_Average
2026-07-21 19:00:00,21.52,55.1,11.77,20.43,0.0,0.0,1023.15,47.6,11.17,241.6,277.0,UK_Average
2026-07-21 20:00:00,20.72,58.5,12.05,19.61,0.0,0.0,1022.95,38.5,11.89,255.0,164.2,UK_Average
2026-07-21 21:00:00,19.49,64.4,12.4,18.5,0.0,0.0,1023.01,40.2,11.76,264.5,56.0,UK_Average
2026-07-21 22:00:00,18.2,70.4,12.66,17.55,0.0,0.0,1023.29,47.5,10.06,237.3,3.0,UK_Average
2026-07-21 23:00:00,17.46,73.8,12.65,16.94,0.0,0.0,1023.32,43.9,9.18,276.7,0.0,UK_Average
2026-07-22 00:00:00,16.82,75.8,12.44,16.28,0.0,0.0,1023.46,46.7,9.03,212.3,0.0,UK_Average
2026-07-22 01:00:00,15.68,80.4,12.25,15.27,0.0,0.0,1023.45,48.1,7.66,213.6,0.0,UK_Average
2026-07-22 02:00:00,15.3,81.7,12.16,14.87,0.0,0.0,1023.19,51.7,7.37,210.4,0.0,UK_Average
2026-07-22 03:00:00,14.89,82.4,11.91,14.43,0.02,0.02,1023.0,63.1,7.22,206.6,0.0,UK_Average
2026-07-22 04:00:00,14.57,83.7,11.82,14.09,0.0,0.0,1022.7,62.0,7.15,208.2,0.0,UK_Average
2026-07-22 05:00:00,14.34,85.1,11.81,13.75,0.0,0.0,1022.63,65.2,7.7,217.6,0.0,UK_Average
2026-07-22 06:00:00,14.33,85.3,11.84,13.69,0.0,0.0,1022.46,72.0,8.18,255.3,14.5,UK_Average
2026-07-22 07:00:00,15.22,80.3,11.81,14.39,0.0,0.0,1022.32,69.9,9.49,222.1,90.4,UK_Average
2026-07-22 08:00:00,16.3,74.9,11.78,15.49,0.0,0.0,1022.23,60.8,9.23,234.9,169.6,UK_Average
2026-07-22 09:00:00,17.34,70.7,11.87,16.64,0.0,0.0,1022.34,52.4,8.69,237.4,287.6,UK_Average
2026-07-22 10:00:00,18.46,66.2,11.92,17.84,0.0,0.0,1022.15,67.5,8.4,238.5,418.5,UK_Average
2026-07-22 11:00:00,19.77,60.8,11.74,19.48,0.0,0.0,1022.04,94.0,7.43,263.7,488.7,UK_Average
2026-07-22 12:00:00,20.4,58.8,11.89,20.2,0.01,0.01,1022.01,91.6,7.67,246.6,499.2,UK_Average
2026-07-22 13:00:00,21.44,56.0,12.1,21.37,0.02,0.02,1021.7,91.7,7.63,316.2,527.2,UK_Average
2026-07-22 14:00:00,21.78,55.0,12.04,21.55,0.02,0.02,1021.28,97.4,8.23,263.2,537.5,UK_Average
2026-07-22 15:00:00,22.26,53.4,12.01,21.84,0.02,0.02,1020.93,77.3,8.78,268.8,551.5,UK_Average
2026-07-22 16:00:00,22.78,50.7,11.64,22.35,0.0,0.0,1020.54,81.4,8.19,233.5,533.7,UK_Average
2026-07-22 17:00:00,22.99,49.5,11.4,22.17,0.0,0.0,1020.31,81.1,9.08,236.1,493.9,UK_Average
2026-07-22 18:00:00,22.76,49.7,11.29,21.71,0.0,0.0,1019.88,66.5,9.82,234.3,380.4,UK_Average
2026-07-22 19:00:00,22.2,52.3,11.6,21.12,0.0,0.0,1019.87,71.6,10.77,238.7,242.5,UK_Average
2026-07-22 20:00:00,21.01,58.6,12.26,20.08,0.0,0.0,1019.76,71.9,11.19,207.3,133.9,UK_Average
2026-07-22 21:00:00,19.91,63.9,12.6,19.37,0.0,0.0,1019.89,76.8,9.17,180.1,47.4,UK_Average
2026-07-22 22:00:00,18.99,68.7,12.84,18.66,0.0,0.0,1020.05,79.8,8.25,210.4,2.3,UK_Average
2026-07-22 23:00:00,18.26,70.9,12.71,17.86,0.0,0.0,1020.06,78.0,8.58,169.2,0.0,UK_Average
2026-07-23 00:00:00,17.69,73.0,12.65,17.24,0.0,0.0,1019.94,83.6,8.78,204.0,0.0,UK_Average
2026-07-23 01:00:00,16.76,76.1,12.43,16.37,0.01,0.01,1019.81,74.8,7.93,199.9,0.0,UK_Average
2026-07-23 02:00:00,16.4,78.3,12.56,15.98,0.0,0.0,1019.59,80.4,8.21,195.5,0.0,UK_Average
2026-07-23 03:00:00,16.01,80.6,12.59,15.68,0.0,0.0,1019.45,84.1,7.91,209.5,0.0,UK_Average
2026-07-23 04:00:00,15.75,82.3,12.68,15.47,0.0,0.0,1019.35,87.0,7.65,203.2,0.0,UK_Average
2026-07-23 05:00:00,15.49,83.9,12.74,15.16,0.0,0.0,1019.22,84.4,8.0,207.0,0.0,UK_Average
2026-07-23 06:00:00,15.54,84.2,12.86,15.22,0.0,0.0,1019.17,87.9,8.29,219.0,13.6,UK_Average
2026-07-23 07:00:00,15.98,82.7,13.02,15.67,0.0,0.0,1019.25,84.1,8.65,227.8,81.0,UK_Average
2026-07-23 08:00:00,16.95,78.0,13.05,16.61,0.0,0.0,1019.18,83.7,8.95,237.2,184.6,UK_Average
2026-07-23 09:00:00,18.01,72.0,12.79,17.65,0.0,0.0,1019.11,92.0,8.38,241.9,291.5,UK_Average
2026-07-23 10:00:00,19.07,66.2,12.51,18.7,0.0,0.0,1019.07,94.4,7.82,240.9,395.0,UK_Average
2026-07-23 11:00:00,20.1,60.8,12.12,19.76,0.01,0.01,1019.01,82.9,7.89,246.3,501.1,UK_Average
2026-07-23 12:00:00,21.01,56.2,11.66,20.83,0.0,0.0,1018.98,80.8,7.74,274.4,580.8,UK_Average
2026-07-23 13:00:00,22.18,52.5,11.69,22.05,0.0,0.0,1018.65,79.1,8.27,253.5,608.6,UK_Average
2026-07-23 14:00:00,22.48,51.7,11.67,22.24,0.03,0.03,1018.3,79.9,9.23,255.6,612.6,UK_Average
2026-07-23 15:00:00,22.75,50.7,11.6,22.11,0.01,0.01,1017.91,73.5,10.71,256.8,596.4,UK_Average
2026-07-23 16:00:00,22.81,50.7,11.6,21.89,0.0,0.0,1017.66,73.2,11.97,265.5,561.4,UK_Average
2026-07-23 17:00:00,22.28,52.9,11.74,20.97,0.01,0.01,1017.38,76.2,13.24,270.3,458.0,UK_Average
2026-07-23 18:00:00,21.66,55.3,11.81,20.2,0.01,0.01,1017.1,78.2,13.87,268.9,341.3,UK_Average
2026-07-23 19:00:00,21.43,55.5,11.69,19.93,0.0,0.0,1016.7,73.7,13.74,264.4,244.6,UK_Average
2026-07-23 20:00:00,20.52,58.8,11.79,19.04,0.0,0.0,1016.7,76.7,13.98,266.6,145.6,UK_Average
2026-07-23 21:00:00,19.35,63.9,12.14,17.91,0.0,0.0,1016.6,71.2,14.35,266.6,49.4,UK_Average
2026-07-23 22:00:00,18.26,68.2,12.19,16.95,0.0,0.0,1016.69,73.3,13.74,264.9,2.3,UK_Average
2026-07-23 23:00:00,17.55,70.7,12.08,16.38,0.0,0.0,1016.68,68.0,12.53,264.1,0.0,UK_Average
2026-07-24 00:00:00,17.14,72.0,11.96,16.05,0.0,0.0,1016.63,67.8,11.71,212.8,0.0,UK_Average
2026-07-24 01:00:00,16.05,74.2,11.37,14.53,0.0,0.0,1016.42,64.8,13.11,220.7,0.0,UK_Average
2026-07-24 02:00:00,15.54,76.4,11.33,14.13,0.0,0.0,1016.02,59.7,12.41,218.0,0.0,UK_Average
2026-07-24 03:00:00,15.21,77.5,11.22,13.85,0.0,0.0,1015.64,63.0,11.79,219.4,0.0,UK_Average
2026-07-24 04:00:00,14.94,78.6,11.17,13.58,0.0,0.0,1015.22,70.1,11.55,224.2,0.0,UK_Average
2026-07-24 05:00:00,14.7,79.6,11.14,13.35,0.0,0.0,1014.88,76.5,11.57,225.8,0.0,UK_Average
2026-07-24 06:00:00,14.77,79.5,11.24,13.35,0.0,0.0,1014.62,78.5,12.25,223.1,13.7,UK_Average
2026-07-24 07:00:00,15.42,77.7,11.53,13.94,0.0,0.0,1014.41,79.3,13.16,223.9,83.2,UK_Average
2026-07-24 08:00:00,16.31,73.0,11.41,14.64,0.0,0.0,1014.05,81.1,14.36,228.7,194.5,UK_Average
2026-07-24 09:00:00,17.44,67.1,11.22,15.63,0.01,0.01,1013.64,81.1,14.86,231.5,310.3,UK_Average
2026-07-24 10:00:00,18.51,61.8,10.93,16.65,0.01,0.01,1013.29,77.8,14.73,229.8,416.8,UK_Average
2026-07-24 11:00:00,19.51,57.5,10.83,17.84,0.0,0.0,1012.9,77.1,14.67,263.3,511.3,UK_Average
2026-07-24 12:00:00,20.42,54.6,10.8,19.08,0.01,0.01,1012.52,73.0,14.83,263.3,597.0,UK_Average
2026-07-24 13:00:00,21.48,52.1,10.97,20.38,0.02,0.02,1011.76,76.3,15.8,267.3,662.5,UK_Average
2026-07-24 14:00:00,21.9,50.5,10.8,20.5,0.01,0.01,1011.05,84.2,16.46,267.6,664.8,UK_Average
2026-07-24 15:00:00,22.4,48.6,10.61,20.75,0.01,0.01,1010.44,83.8,17.4,268.1,667.1,UK_Average
2026-07-24 16:00:00,22.36,48.9,10.62,20.37,0.01,0.01,1009.9,82.6,17.59,268.9,574.0,UK_Average
2026-07-24 17:00:00,22.12,50.1,10.77,19.85,0.0,0.0,1009.49,78.2,17.84,268.8,471.0,UK_Average
2026-07-24 18:00:00,21.77,51.6,10.92,19.54,0.0,0.0,1009.07,73.0,17.37,271.1,379.8,UK_Average
2026-07-24 19:00:00,21.29,52.7,10.78,18.97,0.0,0.0,1008.65,65.7,17.3,270.9,262.7,UK_Average
2026-07-24 20:00:00,20.0,58.7,11.38,17.84,0.0,0.0,1008.36,60.8,17.55,276.0,128.4,UK_Average
2026-07-24 21:00:00,19.04,63.5,11.61,17.21,0.0,0.0,1008.21,60.0,15.8,271.9,37.7,UK_Average
2026-07-24 22:00:00,18.27,65.7,11.4,16.57,0.01,0.01,1008.04,58.0,14.55,274.7,1.7,UK_Average
2026-07-24 23:00:00,17.51,68.1,11.25,15.89,0.0,0.0,1007.65,62.8,13.69,275.5,0.0,UK_Average
2026-07-25 00:00:00,16.95,70.4,11.31,15.55,0.0,0.0,1007.24,59.1,12.35,268.6,0.0,UK_Average
2026-07-25 01:00:00,15.97,75.2,11.36,14.37,0.0,0.0,1006.74,44.6,13.66,270.8,0.0,UK_Average
2026-07-25 02:00:00,15.49,76.9,11.31,13.86,0.0,0.0,1005.99,50.1,13.96,233.1,0.0,UK_Average
2026-07-25 03:00:00,15.23,77.5,11.27,13.52,0.01,0.01,1005.26,47.1,14.46,268.9,0.0,UK_Average
2026-07-25 04:00:00,15.21,77.8,11.3,13.45,0.01,0.01,1004.44,71.7,14.58,261.9,0.0,UK_Average
2026-07-25 05:00:00,15.11,78.5,11.37,13.39,0.03,0.03,1003.75,73.0,14.63,256.1,0.0,UK_Average
2026-07-25 06:00:00,15.18,79.2,11.53,13.35,0.03,0.03,1003.18,80.2,15.62,246.5,10.0,UK_Average
2026-07-25 07:00:00,15.76,78.4,11.99,14.17,0.08,0.08,1002.85,63.4,15.09,245.6,65.8,UK_Average
2026-07-25 08:00:00,16.86,73.9,12.07,15.2,0.05,0.05,1002.41,49.8,15.71,250.0,170.4,UK_Average
2026-07-25 09:00:00,18.01,67.9,11.83,16.12,0.01,0.01,1002.15,44.1,16.78,255.9,299.3,UK_Average
2026-07-25 10:00:00,19.1,63.3,11.66,16.95,0.01,0.01,1001.83,52.6,18.37,259.1,421.5,UK_Average
2026-07-25 11:00:00,20.08,59.1,11.5,17.88,0.02,0.02,1001.68,76.9,20.67,260.4,513.0,UK_Average
2026-07-25 12:00:00,20.59,56.8,11.36,18.41,0.02,0.02,1001.47,76.2,21.54,263.1,555.9,UK_Average
2026-07-25 13:00:00,21.26,54.7,11.28,19.02,0.08,0.08,1001.33,64.9,21.99,264.7,575.7,UK_Average
2026-07-25 14:00:00,21.22,53.0,10.82,18.64,0.0,0.0,1001.13,65.2,23.4,266.8,649.5,UK_Average
2026-07-25 15:00:00,21.19,53.2,10.75,18.48,0.0,0.0,1001.15,64.2,23.55,268.1,614.0,UK_Average
2026-07-25 16:00:00,21.01,54.2,10.99,18.26,0.01,0.01,1000.97,67.9,23.02,269.1,552.7,UK_Average
2026-07-25 17:00:00,20.69,55.7,11.1,17.82,0.02,0.02,1000.79,68.0,22.45,270.7,447.4,UK_Average
2026-07-25 18:00:00,20.24,58.6,11.5,17.52,0.01,0.01,1000.55,85.7,21.96,270.6,313.8,UK_Average
2026-07-25 19:00:00,19.36,62.6,11.8,16.9,0.02,0.02,1000.53,83.9,20.78,270.0,177.8,UK_Average
2026-07-25 20:00:00,18.79,65.0,11.95,16.71,0.02,0.02,1000.33,70.9,18.55,267.6,97.0,UK_Average
2026-07-25 21:00:00,18.29,67.5,12.01,16.51,0.0,0.0,1000.13,72.5,16.63,262.4,33.3,UK_Average
2026-07-25 22:00:00,17.63,72.0,12.39,16.04,0.12,0.12,1000.24,60.6,15.98,260.2,1.5,UK_Average
2026-07-25 23:00:00,17.11,75.9,12.74,15.93,0.02,0.02,1000.03,59.1,14.07,248.8,0.0,UK_Average
2026-07-26 00:00:00,16.77,78.8,13.02,15.89,0.02,0.02,999.52,74.7,12.69,242.2,0.0,UK_Average
2026-07-26 01:00:00,16.32,84.2,13.57,15.83,0.13,0.13,998.87,90.4,11.61,228.9,0.0,UK_Average
2026-07-26 02:00:00,16.33,85.5,13.83,15.79,0.56,0.56,998.13,88.2,12.33,230.5,0.0,UK_Average
2026-07-26 03:00:00,16.31,86.8,14.04,15.81,0.49,0.49,997.58,89.3,12.54,228.8,0.0,UK_Average
2026-07-26 04:00:00,16.25,88.6,14.29,15.82,0.34,0.34,997.02,86.3,12.78,234.9,0.0,UK_Average
2026-07-26 05:00:00,16.12,90.2,14.49,15.59,0.41,0.41,996.69,92.8,13.91,238.9,0.0,UK_Average
2026-07-26 06:00:00,16.06,90.0,14.37,15.51,0.29,0.29,996.7,99.5,13.68,233.4,5.5,UK_Average
2026-07-26 07:00:00,16.04,89.1,14.16,15.55,0.18,0.18,996.78,75.4,12.58,233.5,32.0,UK_Average
2026-07-26 08:00:00,16.46,86.0,14.09,15.85,0.16,0.16,996.97,82.3,13.48,269.9,107.9,UK_Average
2026-07-26 09:00:00,16.94,82.2,13.79,16.03,0.11,0.11,997.29,81.9,14.57,266.4,175.8,UK_Average
2026-07-26 10:00:00,17.55,76.2,13.16,16.27,0.13,0.13,997.73,84.6,15.69,281.9,273.7,UK_Average
2026-07-26 11:00:00,18.18,71.4,12.56,16.51,0.12,0.12,998.28,89.4,17.09,299.5,354.9,UK_Average
2026-07-26 12:00:00,18.27,68.6,12.06,16.41,0.11,0.11,998.78,89.9,17.31,270.8,370.2,UK_Average
2026-07-26 13:00:00,19.39,63.5,11.86,17.61,0.08,0.08,999.29,69.7,17.19,272.8,495.6,UK_Average
2026-07-26 14:00:00,19.62,61.7,11.62,17.87,0.2,0.2,999.83,79.9,18.06,296.6,584.6,UK_Average
2026-07-26 15:00:00,19.85,59.3,11.21,17.67,0.16,0.16,1000.31,69.5,18.37,299.9,536.7,UK_Average
2026-07-26 16:00:00,19.82,59.4,11.31,17.51,0.1,0.1,1000.86,64.0,19.22,270.1,502.2,UK_Average
2026-07-26 17:00:00,19.42,59.7,11.05,16.99,0.14,0.14,1001.43,59.5,18.7,295.1,390.4,UK_Average
2026-07-26 18:00:00,18.98,61.5,11.01,16.58,0.07,0.07,1002.11,56.7,18.51,286.7,327.7,UK_Average
2026-07-26 19:00:00,18.3,63.5,10.93,16.28,0.08,0.08,1002.73,50.8,15.91,286.3,226.5,UK_Average
2026-07-26 20:00:00,17.7,66.5,10.99,15.76,0.12,0.12,1003.39,46.1,15.35,293.1,118.3,UK_Average
2026-07-26 21:00:00,16.97,69.3,11.06,15.18,0.07,0.07,1004.18,50.6,14.52,262.8,41.0,UK_Average
2026-07-26 22:00:00,16.23,73.1,11.18,14.5,0.05,0.05,1005.06,43.6,14.34,285.0,1.9,UK_Average
2026-07-26 23:00:00,15.73,75.2,11.19,14.06,0.05,0.05,1005.71,37.2,14.17,284.2,0.0,UK_Average
2026-07-27 00:00:00,15.35,76.5,11.1,13.51,0.02,0.02,1006.34,34.4,14.92,283.3,0.0,UK_Average
2026-07-27 01:00:00,14.53,79.7,10.96,12.85,0.01,0.01,1006.98,13.3,13.54,282.7,0.0,UK_Average
2026-07-27 02:00:00,14.23,81.4,11.0,12.64,0.0,0.0,1007.5,18.7,12.91,279.2,0.0,UK_Average
2026-07-27 03:00:00,13.83,83.1,10.98,12.23,0.01,0.01,1008.07,17.5,13.0,275.0,0.0,UK_Average
2026-07-27 04:00:00,13.47,84.7,10.89,11.85,0.0,0.0,1008.42,8.9,13.09,272.1,0.0,UK_Average
2026-07-27 05:00:00,13.16,86.0,10.81,11.54,0.0,0.0,1008.84,7.2,12.69,269.7,0.0,UK_Average
2026-07-27 06:00:00,13.14,85.8,10.79,11.57,0.0,0.0,1009.24,9.1,12.27,266.4,13.4,UK_Average
2026-07-27 07:00:00,14.15,81.1,10.97,12.64,0.0,0.0,1009.66,12.9,12.3,264.9,101.8,UK_Average
2026-07-27 08:00:00,15.29,74.3,10.72,13.48,0.01,0.01,1010.22,38.3,13.9,271.3,235.8,UK_Average
2026-07-27 09:00:00,16.3,68.0,10.3,14.13,0.01,0.01,1010.69,49.0,15.51,270.1,322.9,UK_Average
2026-07-27 10:00:00,17.24,63.0,9.96,14.84,0.03,0.03,1011.01,63.0,16.49,267.6,408.1,UK_Average
2026-07-27 11:00:00,18.01,59.6,9.78,15.51,0.02,0.02,1011.4,88.6,17.1,269.0,440.5,UK_Average
2026-07-27 12:00:00,18.78,57.8,10.0,16.35,0.0,0.0,1011.54,85.4,17.15,268.5,461.4,UK_Average
2026-07-27 13:00:00,19.35,58.0,10.57,17.11,0.01,0.01,1011.67,92.8,17.7,264.9,506.2,UK_Average
2026-07-27 14:00:00,19.85,57.4,10.92,17.73,0.01,0.01,1011.73,90.0,17.68,264.0,485.8,UK_Average
2026-07-27 15:00:00,20.12,58.2,11.3,18.06,0.01,0.01,1011.7,92.6,17.74,264.6,472.5,UK_Average
2026-07-27 16:00:00,20.19,59.9,11.76,18.18,0.01,0.01,1011.85,89.7,17.77,261.7,419.7,UK_Average
2026-07-27 17:00:00,20.17,62.1,12.23,18.26,0.01,0.01,1011.91,78.9,17.99,257.8,330.8,UK_Average
2026-07-27 18:00:00,20.03,64.7,12.75,18.34,0.01,0.01,1011.99,90.0,17.63,256.7,267.2,UK_Average
2026-07-27 19:00:00,19.65,67.1,13.1,18.32,0.01,0.01,1012.13,81.1,15.83,259.4,156.9,UK_Average
2026-07-27 20:00:00,19.31,70.5,13.5,18.52,0.0,0.0,1011.99,64.3,13.32,247.2,97.5,UK_Average
2026-07-27 21:00:00,18.82,74.3,13.84,18.33,0.0,0.0,1012.16,77.2,12.05,238.4,35.9,UK_Average
2026-07-27 22:00:00,18.46,76.8,14.09,17.93,0.0,0.0,1012.54,78.1,12.75,239.5,1.4,UK_Average
2026-07-27 23:00:00,18.21,79.1,14.41,17.8,0.01,0.01,1012.7,81.7,12.82,239.3,0.0,UK_Average
2026-07-28 00:00:00,17.87,81.8,14.64,17.62,0.02,0.02,1012.66,91.2,12.42,230.9,0.0,UK_Average
2026-07-28 01:00:00,17.26,86.5,14.96,17.29,0.04,0.04,1012.59,91.6,11.17,224.7,0.0,UK_Average
2026-07-28 02:00:00,17.26,88.2,15.25,17.57,0.32,0.32,1012.23,86.6,9.83,218.2,0.0,UK_Average
2026-07-28 03:00:00,17.07,90.0,15.4,17.57,0.31,0.31,1011.78,86.7,9.06,203.2,0.0,UK_Average
2026-07-28 04:00:00,16.99,91.3,15.52,17.56,0.25,0.25,1011.3,83.4,8.85,205.7,0.0,UK_Average
2026-07-28 05:00:00,17.02,92.0,15.71,17.56,0.38,0.38,1010.9,83.4,9.57,205.7,0.0,UK_Average
2026-07-28 06:00:00,17.23,92.3,15.97,17.53,0.16,0.16,1010.82,96.4,11.77,207.9,5.4,UK_Average
2026-07-28 07:00:00,17.75,90.3,16.12,17.93,0.13,0.13,1010.87,96.7,13.06,209.0,43.5,UK_Average
2026-07-28 08:00:00,18.53,86.7,16.22,18.46,0.67,0.67,1010.78,96.8,15.05,213.1,109.7,UK_Average
2026-07-28 09:00:00,19.44,82.1,16.21,19.14,0.31,0.31,1010.82,95.2,16.54,211.8,197.7,UK_Average
2026-07-28 10:00:00,20.4,77.0,16.05,20.01,0.18,0.18,1010.74,90.4,16.76,250.6,310.3,UK_Average
2026-07-28 11:00:00,21.34,71.2,15.69,20.84,0.07,0.07,1010.88,75.0,16.53,244.1,406.6,UK_Average
2026-07-28 12:00:00,22.62,65.1,15.38,22.25,0.02,0.02,1010.94,71.2,17.14,236.0,575.3,UK_Average
2026-07-28 13:00:00,23.78,61.0,15.52,23.78,0.07,0.07,1010.95,76.5,17.32,245.6,670.4,UK_Average
2026-07-28 14:00:00,24.23,58.5,15.31,23.9,0.13,0.13,1010.63,82.2,17.09,241.4,619.1,UK_Average
2026-07-28 15:00:00,24.33,58.7,15.26,23.88,0.1,0.1,1010.49,77.6,16.4,236.5,535.6,UK_Average
2026-07-28 16:00:00,24.42,57.4,15.04,23.91,0.05,0.05,1010.15,70.6,16.19,234.5,491.0,UK_Average
2026-07-28 17:00:00,24.29,58.1,15.0,23.56,0.11,0.11,1009.98,66.5,16.65,226.0,437.0,UK_Average
2026-07-28 18:00:00,23.82,60.8,15.14,23.16,0.21,0.21,1009.69,71.5,16.28,218.1,341.3,UK_Average
2026-07-28 19:00:00,23.21,63.2,15.35,22.84,0.31,0.31,1009.47,55.5,14.85,217.9,225.4,UK_Average
2026-07-28 20:00:00,22.43,66.2,15.41,22.29,0.23,0.23,1009.42,47.4,13.59,221.6,130.4,UK_Average
2026-07-28 21:00:00,21.42,70.4,15.48,21.53,0.48,0.48,1009.6,41.1,11.96,218.0,37.1,UK_Average
2026-07-28 22:00:00,20.5,74.7,15.58,20.81,0.32,0.32,1009.91,46.5,10.91,222.2,0.6,UK_Average
2026-07-28 23:00:00,19.84,77.6,15.6,20.24,0.08,0.08,1009.95,43.1,10.26,222.6,0.0,UK_Average
2026-07-29 00:00:00,19.17,80.3,15.54,19.54,0.06,0.06,1009.97,46.8,10.15,222.0,0.0,UK_Average
2026-07-29 01:00:00,18.15,84.1,15.32,18.46,0.34,0.34,1009.58,41.8,10.09,225.1,0.0,UK_Average
2026-07-29 02:00:00,17.81,85.8,15.34,18.24,0.23,0.23,1009.23,45.0,9.32,223.9,0.0,UK_Average
2026-07-29 03:00:00,17.45,87.4,15.27,17.83,0.08,0.08,1008.86,42.6,9.45,224.6,0.0,UK_Average
2026-07-29 04:00:00,17.07,88.9,15.16,17.41,0.04,0.04,1008.61,43.6,9.51,224.5,0.0,UK_Average
2026-07-29 05:00:00,16.66,90.3,15.01,16.99,0.03,0.03,1008.43,45.5,9.14,228.7,0.0,UK_Average
2026-07-29 06:00:00,16.47,90.9,14.97,16.74,0.06,0.06,1008.41,44.0,9.54,228.6,8.5,UK_Average
2026-07-29 07:00:00,17.04,87.7,14.95,17.42,0.01,0.01,1008.46,45.7,8.75,216.8,77.1,UK_Average
2026-07-29 08:00:00,18.35,81.0,14.94,18.68,0.01,0.01,1008.39,45.5,9.03,245.9,194.6,UK_Average
2026-07-29 09:00:00,19.57,74.2,14.64,19.65,0.02,0.02,1008.29,51.8,9.91,242.3,329.2,UK_Average
2026-07-29 10:00:00,20.9,66.6,14.23,20.63,0.0,0.0,1008.23,60.1,11.25,228.4,456.3,UK_Average
2026-07-29 11:00:00,21.94,61.5,13.86,21.66,0.0,0.0,1008.14,54.1,12.43,226.6,550.9,UK_Average
2026-07-29 12:00:00,22.98,56.3,13.46,22.62,0.0,0.0,1008.05,59.1,13.67,227.6,627.0,UK_Average
2026-07-29 13:00:00,23.64,53.7,13.14,23.13,0.01,0.01,1007.86,59.2,15.06,232.0,658.9,UK_Average
2026-07-29 14:00:00,23.65,53.4,12.88,22.83,0.05,0.05,1007.63,60.2,15.94,237.5,597.2,UK_Average
2026-07-29 15:00:00,23.41,55.4,12.92,22.6,0.14,0.14,1007.52,63.6,15.56,240.9,511.0,UK_Average
2026-07-29 16:00:00,23.21,56.4,13.05,22.26,0.16,0.16,1007.56,65.9,15.34,245.9,472.6,UK_Average
2026-07-29 17:00:00,22.76,58.3,13.01,21.62,0.22,0.22,1007.49,63.7,15.04,250.5,384.3,UK_Average
2026-07-29 18:00:00,22.34,59.4,13.01,21.05,0.42,0.42,1007.36,61.4,15.43,251.4,284.4,UK_Average
2026-07-29 19:00:00,21.45,62.5,13.28,20.39,0.08,0.08,1007.48,52.0,14.51,256.1,226.9,UK_Average
2026-07-29 20:00:00,20.61,66.1,13.46,19.75,0.03,0.03,1007.68,48.8,13.49,257.7,131.2,UK_Average
2026-07-29 21:00:00,19.47,70.2,13.49,18.7,0.02,0.02,1008.02,47.9,13.21,254.8,36.7,UK_Average
2026-07-29 22:00:00,18.66,74.0,13.54,18.09,0.0,0.0,1008.43,42.7,11.7,252.3,1.1,UK_Average
2026-07-29 23:00:00,17.85,77.8,13.63,17.42,0.0,0.0,1008.63,35.5,11.21,253.3,0.0,UK_Average
2026-07-30 00:00:00,17.24,80.4,13.61,16.9,0.0,0.0,1008.69,38.2,10.46,253.8,0.0,UK_Average
2026-07-30 01:00:00,16.31,83.3,13.29,15.99,0.01,0.01,1008.73,40.6,9.61,251.3,0.0,UK_Average
2026-07-30 02:00:00,16.12,84.7,13.4,15.9,0.07,0.07,1008.52,47.3,9.22,252.5,0.0,UK_Average
2026-07-30 03:00:00,15.91,86.0,13.47,15.67,0.01,0.01,1008.37,51.9,9.73,249.6,0.0,UK_Average
2026-07-30 04:00:00,15.71,86.3,13.35,15.32,0.02,0.02,1008.25,62.1,10.49,251.7,0.0,UK_Average
2026-07-30 05:00:00,15.57,86.3,13.2,15.02,0.02,0.02,1008.31,52.1,11.0,254.2,0.0,UK_Average
2026-07-30 06:00:00,15.39,86.5,13.09,14.75,0.03,0.03,1008.36,62.4,11.46,255.2,8.5,UK_Average
2026-07-30 07:00:00,15.82,83.6,12.99,15.12,0.08,0.08,1008.65,80.6,11.48,260.9,71.7,UK_Average
2026-07-30 08:00:00,16.43,78.5,12.61,15.57,0.01,0.01,1008.85,72.0,11.75,268.1,146.4,UK_Average
2026-07-30 09:00:00,17.16,72.2,12.08,16.05,0.03,0.03,1009.19,67.5,12.31,267.7,243.3,UK_Average
2026-07-30 10:00:00,17.85,67.4,11.63,16.51,0.03,0.03,1009.42,47.5,12.83,261.4,352.3,UK_Average
2026-07-30 11:00:00,18.75,61.2,11.08,17.3,0.06,0.06,1009.62,48.5,13.98,258.1,503.0,UK_Average
2026-07-30 12:00:00,19.64,56.1,10.61,18.05,0.09,0.09,1009.71,53.3,15.35,259.2,621.3,UK_Average
2026-07-30 13:00:00,19.54,57.0,10.64,17.75,0.08,0.08,1009.8,36.1,16.92,266.0,617.0,UK_Average
2026-07-30 14:00:00,19.81,55.6,10.43,18.27,0.06,0.06,1009.97,29.7,16.94,270.4,648.3,UK_Average
2026-07-30 15:00:00,20.04,53.1,9.93,18.31,0.03,0.03,1010.25,23.3,16.85,274.5,653.9,UK_Average
2026-07-30 16:00:00,20.35,50.1,9.43,18.23,0.04,0.04,1010.4,19.5,17.4,275.2,649.2,UK_Average
2026-07-30 17:00:00,20.19,50.0,9.34,17.61,0.04,0.04,1010.43,19.0,17.28,276.7,553.8,UK_Average
2026-07-30 18:00:00,19.78,51.0,9.18,17.14,0.08,0.08,1010.5,25.2,16.83,280.4,427.8,UK_Average
2026-07-30 19:00:00,18.81,54.8,9.37,16.39,0.11,0.11,1011.09,26.7,15.63,283.9,276.8,UK_Average
2026-07-30 20:00:00,17.9,56.2,8.87,15.47,0.0,0.0,1011.5,17.8,14.89,287.3,149.9,UK_Average
2026-07-30 21:00:00,16.92,59.0,8.64,14.69,0.0,0.0,1012.01,18.4,12.93,290.8,41.8,UK_Average
2026-07-30 22:00:00,15.85,62.6,8.48,13.66,0.0,0.0,1012.45,20.9,12.27,255.8,1.0,UK_Average
2026-07-30 23:00:00,15.01,66.9,8.69,13.07,0.0,0.0,1012.76,21.1,11.12,252.7,0.0,UK_Average
2026-07-31 00:00:00,14.35,70.7,8.91,12.55,0.0,0.0,1013.01,15.3,10.49,249.5,0.0,UK_Average
2026-07-31 01:00:00,13.19,74.4,8.61,11.41,0.0,0.0,1013.24,14.9,9.68,279.7,0.0,UK_Average
2026-07-31 02:00:00,12.73,76.5,8.61,11.09,0.0,0.0,1013.2,13.8,8.97,279.8,0.0,UK_Average
2026-07-31 03:00:00,12.33,78.7,8.63,10.68,0.02,0.02,1013.19,10.9,9.19,277.2,0.0,UK_Average
2026-07-31 04:00:00,11.81,80.0,8.39,10.05,0.01,0.01,1013.12,13.2,9.21,273.4,0.0,UK_Average
2026-07-31 05:00:00,11.41,80.9,8.16,9.7,0.0,0.0,1013.19,20.3,8.36,271.2,0.0,UK_Average
2026-07-31 06:00:00,11.42,80.8,8.15,9.73,0.0,0.0,1013.35,26.4,8.18,270.7,8.9,UK_Average
2026-07-31 07:00:00,12.33,77.8,8.46,10.74,0.0,0.0,1013.69,41.9,7.92,231.5,85.6,UK_Average
2026-07-31 08:00:00,13.74,72.7,8.8,12.37,0.0,0.0,1013.65,38.6,7.25,251.7,194.8,UK_Average
2026-07-31 09:00:00,15.12,65.2,8.48,13.53,0.01,0.01,1013.66,46.2,8.03,254.8,325.2,UK_Average
2026-07-31 10:00:00,16.15,59.6,8.12,14.31,0.03,0.03,1013.6,48.4,9.3,260.2,437.9,UK_Average
2026-07-31 11:00:00,17.07,55.7,7.8,15.11,0.06,0.06,1013.47,49.6,11.05,259.9,530.0,UK_Average
2026-07-31 12:00:00,17.69,52.9,7.62,15.71,0.07,0.07,1013.38,54.1,12.33,257.6,586.6,UK_Average
2026-07-31 13:00:00,18.88,49.9,7.68,17.18,0.04,0.04,1013.01,35.8,11.78,258.4,628.9,UK_Average
2026-07-31 14:00:00,19.29,48.4,7.45,17.51,0.09,0.09,1012.83,48.9,13.38,250.4,690.0,UK_Average
2026-07-31 15:00:00,19.43,48.9,7.59,17.16,0.12,0.12,1012.74,32.5,15.39,249.2,650.4,UK_Average
2026-07-31 16:00:00,19.29,49.6,7.76,16.63,0.05,0.05,1012.76,35.3,16.92,252.0,607.3,UK_Average
2026-07-31 17:00:00,18.99,50.2,7.65,16.08,0.11,0.11,1012.7,31.8,16.54,254.7,515.4,UK_Average
2026-07-31 18:00:00,18.53,51.2,7.58,15.56,0.15,0.15,1012.67,18.8,16.27,257.8,399.3,UK_Average
2026-07-31 19:00:00,18.17,51.7,7.35,15.3,0.08,0.08,1012.59,16.9,15.36,255.9,282.4,UK_Average
2026-07-31 20:00:00,17.51,55.2,7.78,15.03,0.0,0.0,1012.68,14.6,13.29,240.1,147.4,UK_Average
2026-07-31 21:00:00,16.69,59.2,8.4,14.4,0.01,0.01,1012.96,40.5,12.73,247.5,39.9,UK_Average
2026-07-31 22:00:00,15.95,63.3,8.81,13.82,0.01,0.01,1013.34,41.5,12.42,244.3,0.6,UK_Average
2026-07-31 23:00:00,15.35,66.3,8.96,13.36,0.02,0.02,1013.53,51.7,11.87,249.1,0.0,UK_Average
2026-08-01 00:00:00,14.8,69.7,9.19,12.96,0.0,0.0,1013.61,42.3,11.26,250.6,0.0,UK_Average
2026-08-01 01:00:00,13.74,75.2,9.35,12.07,0.0,0.0,1013.7,30.9,10.41,258.4,0.0,UK_Average
2026-08-01 02:00:00,13.55,75.1,9.04,11.7,0.0,0.0,1013.71,25.7,10.92,259.4,0.0,UK_Average
2026-08-01 03:00:00,13.19,77.2,9.1,11.38,0.0,0.0,1013.68,18.6,10.76,257.6,0.0,UK_Average
2026-08-01 04:00:00,12.85,79.9,9.29,11.16,0.0,0.0,1013.46,14.2,10.2,218.2,0.0,UK_Average
2026-08-01 05:00:00,12.51,82.2,9.38,10.9,0.0,0.0,1013.29,16.5,9.83,251.4,0.0,UK_Average
2026-08-01 06:00:00,12.43,82.9,9.46,10.83,0.03,0.03,1013.23,22.1,9.93,252.5,7.5,UK_Average
2026-08-01 07:00:00,13.23,79.4,9.64,11.65,0.0,0.0,1013.51,27.3,10.27,248.8,81.8,UK_Average
2026-08-01 08:00:00,14.6,73.4,9.72,13.06,0.05,0.05,1013.81,29.4,9.97,253.2,202.9,UK_Average
2026-08-01 09:00:00,15.89,66.2,9.45,14.12,0.02,0.02,1013.85,22.1,11.09,259.8,339.6,UK_Average
2026-08-01 10:00:00,16.98,59.7,8.86,14.86,0.07,0.07,1013.91,22.9,12.35,267.5,477.0,UK_Average
2026-08-01 11:00:00,17.93,54.0,8.22,15.81,0.07,0.07,1013.67,29.6,13.46,267.8,576.9,UK_Average
2026-08-01 12:00:00,18.75,49.6,7.64,16.68,0.03,0.03,1013.76,36.2,14.63,264.3,649.9,UK_Average
2026-08-01 13:00:00,19.39,47.5,7.52,17.24,0.03,0.03,1013.79,37.6,15.71,261.4,687.4,UK_Average
2026-08-01 14:00:00,19.61,47.2,7.47,17.31,0.01,0.01,1013.68,44.9,16.18,263.3,647.2,UK_Average
2026-08-01 15:00:00,19.79,46.1,7.2,17.25,0.0,0.0,1013.59,58.6,16.82,265.5,621.9,UK_Average
2026-08-01 16:00:00,19.88,45.6,7.08,16.87,0.02,0.02,1013.68,71.2,17.79,266.1,577.3,UK_Average
2026-08-01 17:00:00,19.57,46.8,7.23,16.36,0.0,0.0,1013.68,58.5,17.68,263.8,475.2,UK_Average
2026-08-01 18:00:00,19.12,48.8,7.43,15.96,0.0,0.0,1013.69,57.9,17.15,263.2,358.8,UK_Average
2026-08-01 19:00:00,18.49,51.9,7.68,15.64,0.0,0.0,1013.82,51.5,15.67,261.6,260.1,UK_Average
2026-08-01 20:00:00,17.84,55.7,8.09,15.31,0.0,0.0,1013.84,48.4,14.27,278.7,138.5,UK_Average
2026-08-01 21:00:00,16.77,60.5,8.59,14.5,0.0,0.0,1014.09,38.8,13.11,282.7,36.4,UK_Average
2026-08-01 22:00:00,15.99,64.3,8.75,14.03,0.0,0.0,1014.42,35.6,11.24,282.6,0.5,UK_Average
2026-08-01 23:00:00,15.38,64.7,8.33,13.42,0.0,0.0,1014.64,39.3,10.5,254.3,0.0,UK_Average
2026-08-02 00:00:00,14.69,66.8,8.18,12.81,0.0,0.0,1014.82,39.7,9.67,145.5,0.0,UK_Average
2026-08-02 01:00:00,13.38,71.5,7.98,11.39,0.0,0.0,1014.83,58.7,9.93,138.3,0.0,UK_Average
2026-08-02 02:00:00,13.06,72.6,7.97,11.11,0.0,0.0,1014.74,55.7,9.61,138.9,0.0,UK_Average
2026-08-02 03:00:00,12.74,74.1,8.04,10.83,0.0,0.0,1014.7,55.7,9.54,139.6,0.0,UK_Average
2026-08-02 04:00:00,12.45,76.2,8.19,10.59,0.0,0.0,1014.48,42.4,9.33,148.1,0.0,UK_Average
2026-08-02 05:00:00,12.03,78.6,8.3,10.26,0.0,0.0,1014.33,48.1,8.91,146.0,0.0,UK_Average
2026-08-02 06:00:00,11.83,80.3,8.44,10.17,0.0,0.0,1014.26,60.4,8.48,146.3,7.1,UK_Average
2026-08-02 07:00:00,12.72,77.5,8.8,11.18,0.0,0.0,1014.25,65.7,8.52,149.0,83.1,UK_Average
2026-08-02 08:00:00,14.36,72.1,9.26,13.09,0.0,0.0,1014.29,71.3,7.31,153.6,210.2,UK_Average
2026-08-02 09:00:00,16.0,65.3,9.35,14.72,0.0,0.0,1014.25,73.9,7.52,159.5,352.5,UK_Average
2026-08-02 10:00:00,17.48,58.1,9.05,16.2,0.0,0.0,1014.15,80.1,6.88,164.5,472.3,UK_Average
2026-08-02 11:00:00,18.79,52.7,8.69,17.89,0.0,0.0,1014.09,87.6,5.99,159.4,578.5,UK_Average
2026-08-02 12:00:00,19.86,49.3,8.53,19.15,0.0,0.0,1013.93,88.9,6.87,143.7,631.5,UK_Average
2026-08-02 13:00:00,21.19,42.9,7.66,20.2,0.0,0.0,1013.33,87.3,7.5,160.8,656.2,UK_Average
2026-08-02 14:00:00,21.85,40.8,7.36,20.79,0.0,0.0,1012.84,92.4,7.98,130.4,672.1,UK_Average
2026-08-02 15:00:00,22.09,41.6,7.73,20.65,0.0,0.0,1012.56,93.9,9.62,132.1,631.3,UK_Average
2026-08-02 16:00:00,22.14,41.9,7.79,20.27,0.0,0.0,1012.19,98.1,10.2,133.4,549.9,UK_Average
2026-08-02 17:00:00,22.03,42.5,7.78,20.12,0.0,0.0,1011.69,98.2,9.29,144.8,393.1,UK_Average
2026-08-02 18:00:00,21.8,43.4,7.76,19.87,0.0,0.0,1011.32,98.7,9.41,114.5,274.1,UK_Average
2026-08-02 19:00:00,21.42,45.4,8.03,19.37,0.01,0.01,1010.95,97.9,10.67,122.7,163.6,UK_Average
2026-08-02 20:00:00,20.36,50.7,9.1,18.34,0.01,0.01,1010.79,97.1,12.11,123.1,86.3,UK_Average
2026-08-02 21:00:00,19.17,57.4,10.03,17.62,0.0,0.0,1011.14,86.7,10.75,94.6,22.4,UK_Average
2026-08-02 22:00:00,18.26,62.0,10.46,16.88,0.0,0.0,1011.31,79.8,10.38,103.1,0.4,UK_Average
2026-08-02 23:00:00,17.45,66.3,10.83,16.3,0.0,0.0,1011.16,77.8,9.48,111.0,0.0,UK_Average
2026-08-03 00:00:00,17.0,67.4,10.63,15.79,0.0,0.0,1011.15,68.8,9.42,129.9,0.0,UK_Average
2026-08-03 01:00:00,15.92,70.6,10.3,14.72,0.0,0.0,1010.81,67.8,8.81,93.5,0.0,UK_Average
2026-08-03 02:00:00,15.64,72.8,10.47,14.5,0.0,0.0,1010.42,63.6,8.83,88.0,0.0,UK_Average
2026-08-03 03:00:00,15.16,76.4,10.8,14.16,0.0,0.0,1010.18,67.4,8.58,87.3,0.0,UK_Average
2026-08-03 04:00:00,14.87,78.1,10.9,13.91,0.0,0.0,1009.95,65.7,8.6,80.5,0.0,UK_Average
2026-08-03 05:00:00,14.65,79.1,10.88,13.68,0.0,0.0,1009.82,57.6,8.63,70.4,0.0,UK_Average
2026-08-03 06:00:00,14.56,79.5,10.87,13.51,0.01,0.01,1009.83,65.5,9.18,66.8,4.3,UK_Average
2026-08-03 07:00:00,15.18,79.7,11.52,14.3,0.05,0.05,1009.78,68.0,9.33,67.5,58.2,UK_Average
2026-08-03 08:00:00,16.31,78.0,12.21,15.65,0.13,0.13,1009.78,59.5,9.24,69.1,150.4,UK_Average
2026-08-03 09:00:00,17.72,73.9,12.65,17.12,0.09,0.09,1009.66,62.5,9.84,73.6,269.2,UK_Average
2026-08-03 10:00:00,19.19,69.1,12.86,18.58,0.05,0.05,1009.37,60.2,10.37,74.2,363.1,UK_Average
2026-08-03 11:00:00,20.66,63.2,12.62,20.11,0.05,0.05,1009.21,68.0,11.71,79.4,474.3,UK_Average
2026-08-03 12:00:00,21.75,59.1,12.3,21.3,0.07,0.07,1008.97,70.9,12.26,89.1,541.4,UK_Average
2026-08-03 13:00:00,23.0,53.2,11.67,22.47,0.06,0.06,1008.53,69.4,12.82,97.6,604.4,UK_Average
2026-08-03 14:00:00,23.42,52.7,11.61,22.77,0.1,0.1,1008.12,81.1,13.39,106.0,621.3,UK_Average
2026-08-03 15:00:00,23.84,50.7,11.33,22.85,0.07,0.07,1007.72,79.1,14.09,117.6,578.3,UK_Average
2026-08-03 16:00:00,23.89,51.0,11.48,22.53,0.03,0.03,1007.36,76.6,14.23,123.4,502.5,UK_Average
2026-08-03 17:00:00,23.77,52.2,11.78,22.43,0.2,0.2,1006.98,85.2,13.36,120.8,414.3,UK_Average
2026-08-03 18:00:00,23.36,53.6,11.87,21.92,0.08,0.08,1006.45,83.7,13.96,112.7,285.2,UK_Average
2026-08-03 19:00:00,22.69,56.0,12.27,21.29,0.0,0.0,1006.08,79.4,14.29,105.0,186.1,UK_Average
2026-08-03 20:00:00,21.45,61.0,12.63,20.01,0.06,0.06,1005.91,73.0,15.45,97.3,94.8,UK_Average
2026-08-03 21:00:00,19.78,69.2,13.33,18.61,0.27,0.27,1006.12,68.0,15.04,134.4,24.0,UK_Average
2026-08-03 22:00:00,19.0,71.8,13.29,18.06,0.0,0.0,1006.18,73.7,13.52,104.0,0.3,UK_Average
2026-08-03 23:00:00,18.59,73.7,13.4,17.81,0.01,0.01,1006.16,75.8,12.67,109.8,0.0,UK_Average
2026-08-04 00:00:00,18.28,75.0,13.46,17.55,0.04,0.04,1005.98,79.7,12.52,109.5,0.0,UK_Average
2026-08-04 01:00:00,17.49,79.4,13.52,17.05,0.62,0.62,1005.71,80.6,10.79,137.9,0.0,UK_Average
2026-08-04 02:00:00,17.43,80.2,13.65,17.07,0.55,0.55,1005.28,80.9,10.54,145.4,0.0,UK_Average
2026-08-04 03:00:00,17.17,82.3,13.82,16.86,0.69,0.69,1004.75,83.6,10.47,174.3,0.0,UK_Average
2026-08-04 04:00:00,16.98,82.9,13.78,16.52,0.75,0.75,1004.2,85.0,11.58,106.9,0.0,UK_Average
2026-08-04 05:00:00,16.89,82.9,13.74,16.37,0.45,0.45,1003.86,89.4,11.75,117.4,0.0,UK_Average
2026-08-04 06:00:00,16.96,85.5,14.33,16.56,0.39,0.39,1003.67,87.8,12.51,128.8,2.7,UK_Average
2026-08-04 07:00:00,17.25,86.0,14.69,17.07,0.69,0.69,1003.46,88.5,12.07,132.5,45.1,UK_Average
2026-08-04 08:00:00,18.14,83.3,14.88,17.92,0.32,0.32,1003.15,95.6,12.68,149.5,104.7,UK_Average
2026-08-04 09:00:00,19.15,79.7,15.15,18.88,0.26,0.26,1003.07,95.4,13.7,154.8,210.2,UK_Average
2026-08-04 10:00:00,19.93,77.3,15.3,19.71,0.51,0.51,1002.94,88.2,13.74,159.3,270.9,UK_Average
2026-08-04 11:00:00,20.65,76.4,15.74,20.4,0.71,0.71,1002.76,91.1,15.38,162.9,338.3,UK_Average
2026-08-04 12:00:00,21.42,73.5,15.87,21.31,0.36,0.36,1002.56,84.5,15.13,165.9,392.5,UK_Average
2026-08-04 13:00:00,22.53,66.7,15.33,22.39,0.24,0.24,1002.37,82.8,15.08,178.6,536.2,UK_Average
2026-08-04 14:00:00,22.86,66.5,15.65,22.88,0.93,0.93,1002.01,85.4,15.64,177.8,565.7,UK_Average
2026-08-04 15:00:00,22.89,67.1,15.82,22.79,0.6,0.6,1001.68,78.9,16.16,186.1,558.9,UK_Average
2026-08-04 16:00:00,22.92,67.7,16.16,22.78,0.45,0.45,1001.54,65.3,16.02,197.8,501.7,UK_Average
2026-08-04 17:00:00,22.06,71.6,16.28,21.9,0.84,0.84,1001.46,63.6,16.04,198.4,401.4,UK_Average
2026-08-04 18:00:00,21.53,74.7,16.56,21.53,0.45,0.45,1001.3,69.7,15.63,197.0,312.5,UK_Average
2026-08-04 19:00:00,21.11,73.5,15.88,20.83,0.71,0.71,1001.57,66.7,15.5,242.2,201.5,UK_Average
2026-08-04 20:00:00,20.1,79.0,16.11,20.28,0.29,0.29,1001.79,43.5,13.03,241.1,99.4,UK_Average
2026-08-04 21:00:00,19.42,80.6,15.8,19.56,0.05,0.05,1002.1,41.4,12.47,233.9,26.5,UK_Average
2026-08-04 22:00:00,18.53,83.4,15.52,18.61,0.14,0.14,1002.24,33.5,12.27,226.2,0.3,UK_Average
2026-08-04 23:00:00,18.0,85.3,15.39,17.88,0.08,0.08,1002.4,27.1,13.24,225.4,0.0,UK_Average
2026-08-05 00:00:00,17.5,86.3,15.14,17.22,0.05,0.05,1002.64,27.7,13.74,226.0,0.0,UK_Average
2026-08-05 01:00:00,17.22,88.0,15.18,16.99,0.02,0.02,1002.58,33.0,13.24,221.2,0.0,UK_Average
2026-08-05 02:00:00,16.94,89.2,15.12,16.6,0.03,0.03,1002.42,33.1,13.85,225.8,0.0,UK_Average
2026-08-05 03:00:00,16.57,90.7,15.05,16.24,0.1,0.1,1002.36,39.1,13.84,227.4,0.0,UK_Average
2026-08-05 04:00:00,16.26,91.3,14.84,15.81,0.07,0.07,1002.31,42.2,14.06,231.0,0.0,UK_Average
2026-08-05 05:00:00,15.97,91.2,14.49,15.43,0.04,0.04,1002.42,52.1,13.79,233.9,0.0,UK_Average
2026-08-05 06:00:00,15.78,90.3,14.15,15.06,0.01,0.01,1002.49,46.7,14.24,236.7,4.0,UK_Average
2026-08-05 07:00:00,16.07,87.9,14.04,15.33,0.01,0.01,1002.74,28.8,14.1,237.3,63.0,UK_Average
2026-08-05 08:00:00,16.71,81.7,13.51,15.51,0.09,0.09,1003.04,29.3,15.85,243.6,186.3,UK_Average
2026-08-05 09:00:00,17.4,74.5,12.71,15.73,0.05,0.05,1003.4,34.1,17.17,246.9,320.5,UK_Average
2026-08-05 10:00:00,18.25,66.7,11.89,16.05,0.03,0.03,1003.72,26.5,18.96,248.7,464.3,UK_Average
2026-08-05 11:00:00,18.87,63.3,11.51,16.64,0.15,0.15,1004.09,30.2,19.8,250.8,569.5,UK_Average
2026-08-05 12:00:00,19.4,60.0,11.04,17.18,0.2,0.2,1004.25,37.2,21.15,248.1,644.2,UK_Average
2026-08-05 13:00:00,19.32,59.9,10.79,16.87,0.37,0.37,1004.84,56.6,23.18,252.7,661.8,UK_Average
2026-08-05 14:00:00,19.03,60.6,10.7,16.33,0.2,0.2,1005.29,51.3,23.18,256.5,607.7,UK_Average
2026-08-05 15:00:00,19.04,58.8,10.34,16.05,0.11,0.11,1005.67,49.2,24.32,258.0,594.0,UK_Average
2026-08-05 16:00:00,18.74,59.0,9.97,15.24,0.69,0.69,1006.16,49.0,25.51,262.6,537.1,UK_Average
2026-08-05 17:00:00,18.25,61.3,10.1,14.68,0.24,0.24,1006.66,53.9,24.8,259.0,432.9,UK_Average
2026-08-05 18:00:00,17.68,62.8,9.96,14.17,0.07,0.07,1007.13,43.0,24.26,259.9,323.2,UK_Average
2026-08-05 19:00:00,17.08,63.8,9.64,13.76,0.48,0.48,1007.72,43.9,22.43,262.6,215.4,UK_Average
2026-08-05 20:00:00,16.35,66.7,9.65,13.04,0.25,0.25,1008.33,49.4,22.18,267.1,101.7,UK_Average
2026-08-05 21:00:00,15.64,69.1,9.68,12.51,0.04,0.04,1009.15,49.9,20.95,267.3,19.0,UK_Average
2026-08-05 22:00:00,15.07,71.5,9.69,12.14,0.1,0.1,1009.85,41.7,19.47,266.3,0.0,UK_Average
2026-08-05 23:00:00,14.67,72.4,9.55,11.76,0.15,0.15,1010.32,50.2,19.01,267.8,0.0,UK_Average
2026-08-06 00:00:00,14.4,73.3,9.52,11.64,0.06,0.06,1010.82,41.0,18.05,269.4,0.0,UK_Average
2026-08-06 01:00:00,13.67,78.0,9.82,11.17,0.06,0.06,1011.22,42.9,16.89,271.5,0.0,UK_Average
2026-08-06 02:00:00,13.5,79.2,9.88,11.1,0.03,0.03,1011.57,42.1,16.2,270.4,0.0,UK_Average
2026-08-06 03:00:00,13.26,80.5,9.89,10.95,0.02,0.02,1012.03,45.7,15.75,271.2,0.0,UK_Average
2026-08-06 04:00:00,13.0,81.4,9.83,10.78,0.0,0.0,1012.56,45.4,14.94,272.9,0.0,UK_Average
2026-08-06 05:00:00,12.74,82.1,9.73,10.58,0.0,0.0,1013.03,46.2,14.22,273.2,0.0,UK_Average
2026-08-06 06:00:00,12.53,82.6,9.64,10.46,0.0,0.0,1013.56,40.3,13.55,273.0,2.6,UK_Average
2026-08-06 07:00:00,13.05,80.1,9.65,10.95,0.0,0.0,1014.38,49.9,13.57,275.3,57.9,UK_Average
2026-08-06 08:00:00,13.73,76.1,9.55,11.63,0.01,0.01,1014.98,56.6,13.42,279.7,141.7,UK_Average
2026-08-06 09:00:00,14.51,70.8,9.11,12.12,0.03,0.03,1015.66,57.8,14.57,286.4,241.2,UK_Average
2026-08-06 10:00:00,15.42,63.6,8.26,12.71,0.02,0.02,1016.2,56.0,15.25,288.5,341.4,UK_Average
2026-08-06 11:00:00,16.36,57.4,7.58,13.7,0.01,0.01,1016.64,78.6,15.11,291.0,445.9,UK_Average
2026-08-06 12:00:00,16.96,53.9,7.17,14.27,0.01,0.01,1017.15,88.8,14.68,290.9,472.4,UK_Average
2026-08-06 13:00:00,17.22,53.7,7.33,14.61,0.0,0.0,1017.58,97.7,14.01,292.0,464.9,UK_Average
2026-08-06 14:00:00,17.62,52.0,7.22,14.94,0.06,0.06,1017.79,96.7,14.18,291.5,438.1,UK_Average
2026-08-06 15:00:00,17.88,51.0,7.15,15.13,0.06,0.06,1017.91,91.2,14.3,291.3,458.7,UK_Average
2026-08-06 16:00:00,17.9,51.7,7.35,15.24,0.02,0.02,1018.08,76.6,13.98,254.1,410.2,UK_Average
2026-08-06 17:00:00,17.7,53.6,7.82,15.02,0.01,0.01,1018.0,76.3,14.58,258.4,388.1,UK_Average
2026-08-06 18:00:00,17.34,53.8,7.53,14.56,0.0,0.0,1018.08,61.0,14.77,261.8,313.2,UK_Average
2026-08-06 19:00:00,16.9,55.9,7.71,14.33,0.0,0.0,1018.21,66.8,13.65,268.6,207.3,UK_Average
2026-08-06 20:00:00,16.35,59.1,8.02,14.12,0.0,0.0,1018.2,77.1,11.84,267.7,107.1,UK_Average
2026-08-06 21:00:00,15.62,63.0,8.27,13.74,0.0,0.0,1018.47,86.3,9.88,260.0,21.5,UK_Average
2026-08-06 22:00:00,15.15,66.0,8.48,13.25,0.0,0.0,1018.72,88.9,10.35,252.1,0.1,UK_Average
2026-08-06 23:00:00,14.69,68.3,8.61,12.81,0.0,0.0,1018.79,82.1,10.46,256.8,0.0,UK_Average
2026-08-07 00:00:00,14.12,71.2,8.7,12.38,0.0,0.0,1018.64,70.8,9.68,263.3,0.0,UK_Average
2026-08-07 01:00:00,12.96,74.8,8.38,11.24,0.02,0.02,1018.72,64.1,8.73,265.0,0.0,UK_Average
2026-08-07 02:00:00,12.8,75.3,8.37,11.15,0.01,0.01,1018.49,57.6,8.44,226.6,0.0,UK_Average
2026-08-07 03:00:00,12.46,77.6,8.5,10.76,0.03,0.03,1018.16,42.5,9.02,253.8,0.0,UK_Average
2026-08-07 04:00:00,12.14,79.1,8.49,10.31,0.01,0.01,1017.9,45.4,9.64,257.5,0.0,UK_Average
2026-08-07 05:00:00,11.84,80.7,8.54,10.05,0.01,0.01,1017.64,55.0,9.68,229.1,0.0,UK_Average
2026-08-07 06:00:00,11.58,82.0,8.55,9.81,0.02,0.02,1017.58,42.6,9.49,201.3,2.6,UK_Average
2026-08-07 07:00:00,12.51,78.5,8.8,10.64,0.0,0.0,1017.58,37.3,10.62,205.4,62.4,UK_Average
2026-08-07 08:00:00,14.17,72.5,9.16,12.53,0.0,0.0,1017.45,37.8,9.78,204.3,181.1,UK_Average
2026-08-07 09:00:00,15.68,65.6,9.01,13.83,0.02,0.02,1017.58,43.0,10.87,180.5,326.6,UK_Average
2026-08-07 10:00:00,16.77,62.6,9.21,14.83,0.02,0.02,1017.43,39.0,11.97,222.0,436.1,UK_Average
2026-08-07 11:00:00,17.76,58.3,9.05,15.99,0.01,0.01,1017.39,50.3,12.93,231.2,534.6,UK_Average
2026-08-07 12:00:00,18.45,56.7,9.14,16.83,0.03,0.03,1017.1,63.2,13.59,239.2,587.4,UK_Average
2026-08-07 13:00:00,19.49,52.0,8.73,17.55,0.05,0.05,1016.84,69.9,14.66,246.8,595.1,UK_Average
2026-08-07 14:00:00,20.02,49.9,8.57,18.1,0.03,0.03,1016.51,62.6,14.93,248.8,631.6,UK_Average
2026-08-07 15:00:00,20.31,48.5,8.47,18.21,0.01,0.01,1016.21,66.4,15.54,251.5,621.0,UK_Average
2026-08-07 16:00:00,20.15,50.1,8.65,17.95,0.01,0.01,1015.99,60.9,14.58,255.6,517.4,UK_Average
2026-08-07 17:00:00,20.09,50.7,8.74,17.86,0.01,0.01,1015.92,71.1,13.59,253.1,441.2,UK_Average
2026-08-07 18:00:00,19.89,51.7,8.76,17.61,0.01,0.01,1015.58,51.8,13.72,252.2,326.7,UK_Average
2026-08-07 19:00:00,19.39,53.4,8.85,17.21,0.0,0.0,1015.54,40.4,13.09,259.6,230.3,UK_Average
2026-08-07 20:00:00,18.58,56.7,9.16,16.7,0.0,0.0,1015.52,36.5,11.64,235.7,113.3,UK_Average
2026-08-07 21:00:00,17.41,61.6,9.62,15.83,0.0,0.0,1015.7,35.1,10.35,237.1,20.4,UK_Average
2026-08-07 22:00:00,16.5,65.4,9.68,14.97,0.0,0.0,1015.84,33.3,10.15,211.6,0.1,UK_Average
2026-08-07 23:00:00,15.86,68.0,9.7,14.32,0.0,0.0,1015.72,30.7,10.08,216.6,0.0,UK_Average
2026-08-08 00:00:00,15.33,70.5,9.76,13.87,0.0,0.0,1015.69,33.5,9.67,230.2,0.0,UK_Average
2026-08-08 01:00:00,14.04,76.8,9.82,12.56,0.0,0.0,1015.52,34.9,9.84,234.4,0.0,UK_Average
2026-08-08 02:00:00,13.76,78.6,9.93,12.31,0.0,0.0,1015.22,28.9,9.77,235.3,0.0,UK_Average
2026-08-08 03:00:00,13.34,80.8,10.04,11.92,0.0,0.0,1014.9,29.6,9.78,204.9,0.0,UK_Average
2026-08-08 04:00:00,12.95,82.6,10.01,11.56,0.0,0.0,1014.64,39.3,9.52,136.0,0.0,UK_Average
2026-08-08 05:00:00,12.64,83.6,9.91,11.28,0.0,0.0,1014.33,28.8,9.15,141.8,0.0,UK_Average
2026-08-08 06:00:00,12.48,84.3,9.86,11.07,0.0,0.0,1014.12,30.5,9.49,145.2,2.8,UK_Average
2026-08-08 07:00:00,13.39,80.7,10.12,11.86,0.0,0.0,1014.02,41.0,10.62,156.7,68.0,UK_Average
2026-08-08 08:00:00,15.28,73.5,10.46,14.07,0.0,0.0,1013.98,52.2,9.29,175.6,191.6,UK_Average
2026-08-08 09:00:00,17.15,65.2,10.27,15.68,0.0,0.0,1013.84,65.6,10.61,178.0,317.2,UK_Average
2026-08-08 10:00:00,18.55,60.2,10.23,17.02,0.0,0.0,1013.43,63.8,11.26,179.3,428.5,UK_Average
2026-08-08 11:00:00,19.84,56.0,10.31,18.25,0.0,0.0,1013.23,59.8,13.34,185.2,534.3,UK_Average
2026-08-08 12:00:00,21.04,51.3,9.89,19.4,0.0,0.0,1012.84,65.2,15.7,191.1,645.8,UK_Average
2026-08-08 13:00:00,22.19,46.7,9.27,20.56,0.0,0.0,1012.12,74.0,15.86,194.8,675.9,UK_Average
2026-08-08 14:00:00,22.74,45.4,9.25,21.05,0.03,0.03,1011.65,77.0,16.26,198.4,684.7,UK_Average
2026-08-08 15:00:00,23.04,45.2,9.32,21.2,0.03,0.03,1011.2,82.2,16.15,202.4,632.1,UK_Average
2026-08-08 16:00:00,23.1,44.7,9.13,20.78,0.05,0.05,1010.71,83.6,16.06,205.4,526.4,UK_Average
2026-08-08 17:00:00,23.03,45.0,9.08,20.53,0.05,0.05,1010.42,88.4,15.95,210.6,437.3,UK_Average
2026-08-08 18:00:00,22.56,47.1,9.29,20.25,0.07,0.07,1010.18,93.7,14.94,217.1,303.8,UK_Average
2026-08-08 19:00:00,21.75,49.7,9.41,19.64,0.01,0.01,1009.87,86.3,13.9,223.2,173.9,UK_Average
2026-08-08 20:00:00,20.78,54.2,10.25,18.95,0.0,0.0,1009.72,76.8,13.53,231.2,91.0,UK_Average
2026-08-08 21:00:00,19.65,58.1,10.4,18.04,0.0,0.0,1009.78,68.7,12.12,230.9,16.5,UK_Average
2026-08-08 22:00:00,18.92,60.7,10.51,17.49,0.02,0.02,1009.75,72.8,11.19,232.3,0.0,UK_Average
2026-08-08 23:00:00,18.29,62.9,10.62,16.94,0.01,0.01,1009.62,68.3,10.77,227.3,0.0,UK_Average
2026-08-09 00:00:00,17.68,65.2,10.74,16.37,0.01,0.01,1009.58,60.0,10.53,201.6,0.0,UK_Average
2026-08-09 01:00:00,16.46,71.2,11.02,15.32,0.03,0.03,1009.07,48.6,10.0,197.2,0.0,UK_Average
2026-08-09 02:00:00,16.11,73.5,11.15,15.09,0.08,0.08,1008.54,43.0,9.3,206.8,0.0,UK_Average
2026-08-09 03:00:00,15.68,75.6,11.22,14.8,0.09,0.09,1008.05,45.7,8.72,233.1,0.0,UK_Average
2026-08-09 04:00:00,15.4,76.7,11.17,14.53,0.09,0.09,1007.79,43.2,8.41,225.5,0.0,UK_Average
2026-08-09 05:00:00,15.08,77.4,11.02,14.15,0.07,0.07,1007.61,44.4,8.47,229.0,0.0,UK_Average
2026-08-09 06:00:00,14.95,77.4,10.91,13.94,0.08,0.08,1007.4,48.2,8.98,236.6,1.9,UK_Average
2026-08-09 07:00:00,15.24,75.8,10.78,14.09,0.12,0.12,1007.5,46.1,9.57,221.9,51.3,UK_Average
2026-08-09 08:00:00,16.55,71.8,11.16,15.61,0.16,0.16,1007.48,39.8,8.94,223.8,160.5,UK_Average
2026-08-09 09:00:00,18.06,64.5,10.69,16.92,0.14,0.14,1007.48,47.0,9.28,214.5,285.2,UK_Average
2026-08-09 10:00:00,19.25,60.3,10.58,18.05,0.15,0.15,1007.4,59.5,9.76,227.0,392.4,UK_Average
2026-08-09 11:00:00,20.42,56.6,10.42,19.3,0.11,0.11,1007.42,76.9,10.59,228.2,493.4,UK_Average
2026-08-09 12:00:00,21.22,53.1,10.15,20.07,0.06,0.06,1007.36,82.3,11.8,239.7,520.6,UK_Average
2026-08-09 13:00:00,21.88,51.7,9.87,20.73,0.08,0.08,1007.36,76.3,11.81,242.7,487.0,UK_Average
2026-08-09 14:00:00,22.29,50.3,9.7,21.07,0.03,0.03,1007.28,60.3,12.24,245.4,557.6,UK_Average
2026-08-09 15:00:00,22.42,50.6,9.91,21.03,0.11,0.11,1007.06,65.6,12.96,229.2,515.7,UK_Average
2026-08-09 16:00:00,22.24,51.2,10.1,20.45,0.12,0.12,1007.08,68.9,14.06,246.3,468.2,UK_Average
2026-08-09 17:00:00,21.84,52.5,10.42,19.68,0.06,0.06,1007.13,56.1,16.08,252.3,348.9,UK_Average
2026-08-09 18:00:00,21.25,53.2,10.36,18.95,0.01,0.01,1007.19,53.6,16.58,261.8,276.5,UK_Average
2026-08-09 19:00:00,20.47,56.3,10.65,18.44,0.03,0.03,1007.42,50.8,15.45,269.9,199.0,UK_Average
2026-08-09 20:00:00,19.51,60.8,10.94,17.81,0.05,0.05,1007.71,45.8,13.87,272.0,102.6,UK_Average
2026-08-09 21:00:00,18.46,65.2,11.08,16.72,0.01,0.01,1008.32,41.8,14.39,278.1,20.5,UK_Average
2026-08-09 22:00:00,17.6,68.8,11.24,15.95,0.01,0.01,1008.81,37.0,14.14,272.6,0.0,UK_Average
2026-08-09 23:00:00,16.97,72.4,11.5,15.35,0.0,0.0,1009.26,35.4,14.44,271.5,0.0,UK_Average
2026-08-10 00:00:00,16.31,77.1,11.9,14.96,0.02,0.02,1009.7,39.2,13.58,272.2,0.0,UK_Average
2026-08-10 01:00:00,15.38,80.8,11.84,14.14,0.03,0.03,1009.82,29.6,12.68,277.2,0.0,UK_Average
2026-08-10 02:00:00,15.04,82.1,11.76,13.82,0.0,0.0,1010.05,29.2,12.26,282.0,0.0,UK_Average
2026-08-10 03:00:00,14.59,83.1,11.59,13.38,0.0,0.0,1010.52,33.3,11.91,284.5,0.0,UK_Average
2026-08-10 04:00:00,14.06,83.7,11.17,12.81,0.0,0.0,1010.9,22.2,11.33,289.3,0.0,UK_Average
2026-08-10 05:00:00,13.53,83.9,10.71,12.2,0.0,0.0,1011.49,24.4,10.77,290.2,0.0,UK_Average
2026-08-10 06:00:00,13.13,84.8,10.51,11.85,0.0,0.0,1012.24,26.3,10.06,295.1,2.1,UK_Average
2026-08-10 07:00:00,13.74,81.1,10.47,12.37,0.0,0.0,1012.99,33.5,10.55,271.7,64.4,UK_Average
2026-08-10 08:00:00,14.67,74.6,10.13,13.21,0.0,0.0,1013.69,34.0,10.35,245.0,184.3,UK_Average
2026-08-10 09:00:00,15.73,67.5,9.63,14.23,0.0,0.0,1014.29,36.1,9.75,251.8,329.7,UK_Average
2026-08-10 10:00:00,16.9,60.8,9.16,15.29,0.0,0.0,1014.95,51.1,9.58,255.3,468.3,UK_Average
2026-08-10 11:00:00,17.92,55.6,8.69,16.58,0.0,0.0,1015.41,66.3,8.96,254.8,566.8,UK_Average
2026-08-10 12:00:00,18.79,51.8,8.38,17.79,0.0,0.0,1015.55,61.6,8.89,256.3,641.7,UK_Average
2026-08-10 13:00:00,19.65,48.6,8.05,18.89,0.0,0.0,1015.93,61.5,8.58,258.5,702.8,UK_Average
2026-08-10 14:00:00,20.35,45.6,7.68,19.58,0.0,0.0,1016.01,66.2,8.27,246.5,715.8,UK_Average
2026-08-10 15:00:00,20.7,45.0,7.76,19.51,0.0,0.0,1016.15,77.5,8.49,244.5,624.8,UK_Average
2026-08-10 16:00:00,20.71,45.3,7.87,19.14,0.0,0.0,1016.27,68.4,9.08,214.7,544.5,UK_Average
2026-08-10 17:00:00,20.69,45.6,7.87,18.8,0.0,0.0,1016.49,78.1,9.31,185.9,470.2,UK_Average
2026-08-10 18:00:00,20.45,46.5,7.99,18.62,0.0,0.0,1016.64,60.4,9.23,187.4,357.2,UK_Average
2026-08-10 19:00:00,20.04,48.3,8.19,18.28,0.0,0.0,1016.88,53.6,8.89,167.6,232.1,UK_Average
2026-08-10 20:00:00,19.02,54.0,8.96,17.53,0.0,0.0,1017.18,54.7,8.72,165.8,112.9,UK_Average
2026-08-10 21:00:00,17.95,57.8,8.91,16.35,0.0,0.0,1017.68,42.8,9.22,152.0,17.2,UK_Average
2026-08-10 22:00:00,17.13,61.0,8.86,15.51,0.0,0.0,1018.18,26.9,9.12,126.3,0.0,UK_Average
2026-08-10 23:00:00,16.33,64.2,8.95,14.7,0.0,0.0,1018.43,34.1,9.52,132.2,0.0,UK_Average
2026-08-11 00:00:00,15.65,67.3,9.11,14.18,0.0,0.0,1018.73,48.5,8.53,102.2,0.0,UK_Average
2026-08-11 01:00:00,14.41,70.9,8.84,13.03,0.0,0.0,1019.04,60.7,7.45,104.7,0.0,UK_Average
2026-08-11 02:00:00,14.07,74.2,9.21,12.9,0.0,0.0,1018.93,53.2,6.73,106.0,0.0,UK_Average
2026-08-11 03:00:00,13.72,77.2,9.52,12.63,0.0,0.0,1019.01,55.9,6.71,112.3,0.0,UK_Average
2026-08-11 04:00:00,13.53,80.3,10.06,12.48,0.0,0.0,1019.09,62.2,7.32,116.2,0.0,UK_Average
2026-08-11 05:00:00,13.32,83.7,10.52,12.4,0.0,0.0,1019.04,67.9,7.6,124.7,0.0,UK_Average
2026-08-11 06:00:00,13.22,85.4,10.76,12.35,0.0,0.0,1019.21,60.2,7.74,134.9,1.4,UK_Average
2026-08-11 07:00:00,13.74,84.0,11.03,12.79,0.0,0.0,1019.47,69.7,8.84,136.8,50.3,UK_Average
2026-08-11 08:00:00,15.13,79.1,11.51,14.36,0.0,0.0,1019.6,63.1,8.6,147.5,150.6,UK_Average
2026-08-11 09:00:00,16.66,73.0,11.65,15.83,0.0,0.0,1019.57,62.5,9.25,163.5,290.4,UK_Average
2026-08-11 10:00:00,18.23,66.5,11.67,17.32,0.0,0.0,1019.63,54.2,9.71,133.6,439.6,UK_Average
2026-08-11 11:00:00,19.78,60.3,11.53,18.9,0.0,0.0,1019.38,46.8,10.89,125.8,574.3,UK_Average
2026-08-11 12:00:00,21.01,56.0,11.49,20.54,0.0,0.0,1019.27,39.9,11.7,129.7,685.1,UK_Average
2026-08-11 13:00:00,22.33,52.2,11.48,21.97,0.0,0.0,1019.02,52.3,12.73,132.3,712.1,UK_Average
2026-08-11 14:00:00,22.97,50.1,11.33,22.55,0.0,0.0,1018.58,49.2,12.94,133.9,721.8,UK_Average
2026-08-11 15:00:00,23.55,48.3,11.24,22.94,0.0,0.0,1018.05,52.8,12.93,133.8,709.3,UK_Average
2026-08-11 16:00:00,23.86,47.6,11.18,22.88,0.0,0.0,1017.71,69.2,13.01,132.4,642.7,UK_Average
2026-08-11 17:00:00,23.92,47.5,11.16,22.41,0.0,0.0,1017.4,67.0,13.11,131.0,519.9,UK_Average
2026-08-11 18:00:00,23.69,48.7,11.27,22.29,0.0,0.0,1017.23,64.3,12.6,128.1,373.8,UK_Average
2026-08-11 19:00:00,23.33,49.9,11.19,21.96,0.0,0.0,1017.02,65.3,12.09,129.2,244.9,UK_Average
2026-08-11 20:00:00,22.36,53.7,11.51,21.11,0.0,0.0,1016.97,58.5,12.06,130.9,113.1,UK_Average
2026-08-11 21:00:00,20.96,57.0,11.38,19.62,0.0,0.0,1017.37,62.2,12.38,134.7,16.2,UK_Average
2026-08-11 22:00:00,19.86,61.1,11.54,18.59,0.0,0.0,1017.64,70.9,12.1,137.7,0.0,UK_Average
2026-08-11 23:00:00,19.15,62.4,11.27,17.77,0.0,0.0,1017.75,76.5,12.17,138.7,0.0,UK_Average
2026-08-12 00:00:00,18.64,61.7,10.7,17.06,0.0,0.0,1018.11,82.8,12.47,142.7,0.0,UK_Average
2026-08-12 01:00:00,17.4,67.0,10.88,15.95,0.0,0.0,1018.01,77.2,11.95,135.4,0.0,UK_Average
2026-08-12 02:00:00,17.1,69.0,11.13,15.84,0.0,0.0,1017.73,65.2,11.22,134.2,0.0,UK_Average
2026-08-12 03:00:00,16.83,70.4,11.33,15.66,0.0,0.0,1017.63,56.6,10.78,132.8,0.0,UK_Average
2026-08-12 04:00:00,16.55,72.1,11.44,15.51,0.0,0.0,1017.52,62.7,10.2,130.4,0.0,UK_Average
2026-08-12 05:00:00,16.29,73.1,11.43,15.31,0.0,0.0,1017.49,64.2,9.65,129.4,0.0,UK_Average
2026-08-12 06:00:00,16.14,73.7,11.39,15.11,0.0,0.0,1017.66,51.2,9.74,130.7,1.2,UK_Average
2026-08-12 07:00:00,16.78,73.3,11.88,15.91,0.0,0.0,1017.7,52.2,9.81,134.1,54.6,UK_Average
2026-08-12 08:00:00,18.25,68.8,12.34,17.58,0.01,0.01,1017.71,33.4,9.52,138.3,169.1,UK_Average
2026-08-12 09:00:00,20.04,63.3,12.68,19.49,0.0,0.0,1017.62,41.7,9.38,140.6,323.1,UK_Average
2026-08-12 10:00:00,21.71,58.7,12.9,21.11,0.0,0.0,1017.46,33.0,10.34,145.9,461.9,UK_Average
2026-08-12 11:00:00,23.42,53.7,13.03,22.96,0.0,0.0,1017.26,40.1,11.31,150.8,586.7,UK_Average
2026-08-12 12:00:00,24.95,49.8,13.09,24.81,0.0,0.0,1017.29,37.0,12.07,156.6,661.6,UK_Average
2026-08-12 13:00:00,26.87,44.0,12.49,26.78,0.0,0.0,1017.11,29.4,12.66,161.3,716.6,UK_Average
2026-08-12 14:00:00,27.64,42.4,12.5,27.45,0.0,0.0,1016.86,26.7,13.32,163.6,715.4,UK_Average
2026-08-12 15:00:00,28.3,41.5,12.58,27.95,0.0,0.0,1016.57,25.1,13.85,164.6,693.9,UK_Average
2026-08-12 16:00:00,28.5,41.2,12.69,27.73,0.0,0.0,1016.37,28.8,14.11,166.2,608.0,UK_Average
2026-08-12 17:00:00,28.39,41.7,12.79,27.13,0.0,0.0,1016.25,38.3,14.62,168.7,506.9,UK_Average
2026-08-12 18:00:00,27.9,43.3,13.06,26.82,0.0,0.0,1016.22,41.5,14.15,171.9,356.2,UK_Average
2026-08-12 19:00:00,26.8,46.1,13.01,26.1,0.0,0.0,1016.1,47.9,11.4,163.1,175.4,UK_Average
2026-08-12 20:00:00,25.74,49.2,13.28,25.24,0.0,0.0,1016.11,49.9,10.64,150.9,35.3,UK_Average
2026-08-12 21:00:00,24.41,52.5,13.11,23.77,0.0,0.0,1016.41,46.5,11.32,146.7,11.1,UK_Average
2026-08-12 22:00:00,23.5,54.5,12.97,22.82,0.0,0.0,1016.74,48.6,11.21,147.4,0.0,UK_Average
2026-08-12 23:00:00,22.9,55.4,12.67,22.2,0.0,0.0,1016.85,41.9,10.62,144.5,0.0,UK_Average
2026-08-13 00:00:00,22.23,56.1,12.32,21.49,0.0,0.0,1016.88,30.5,10.3,139.0,0.0,UK_Average
2026-08-13 01:00:00,20.82,60.3,12.14,20.08,0.0,0.0,1016.64,33.8,9.59,133.6,0.0,UK_Average
2026-08-13 02:00:00,20.36,61.2,12.03,19.72,0.0,0.0,1016.37,33.5,8.85,133.3,0.0,UK_Average
2026-08-13 03:00:00,19.87,63.0,12.02,19.32,0.0,0.0,1016.14,33.5,8.09,131.5,0.0,UK_Average
2026-08-13 04:00:00,19.4,64.8,12.1,19.02,0.0,0.0,1015.99,31.2,7.21,129.3,0.0,UK_Average
2026-08-13 05:00:00,18.96,66.2,12.05,18.62,0.0,0.0,1015.91,27.6,6.91,124.2,0.0,UK_Average
2026-08-13 06:00:00,18.68,67.2,12.04,18.38,0.0,0.0,1016.03,19.7,6.63,124.1,0.9,UK_Average
2026-08-13 07:00:00,19.36,66.6,12.44,19.09,0.01,0.01,1016.04,13.5,7.25,162.7,53.5,UK_Average
2026-08-13 08:00:00,20.98,63.0,13.08,21.14,0.0,0.0,1016.09,17.3,5.81,132.0,180.9,UK_Average
2026-08-13 09:00:00,22.97,56.7,13.19,23.22,0.0,0.0,1016.1,18.0,5.52,172.3,321.5,UK_Average
2026-08-13 10:00:00,24.97,50.5,13.05,25.06,0.0,0.0,1015.94,27.6,6.18,163.3,458.6,UK_Average
2026-08-13 11:00:00,26.71,45.1,12.62,26.73,0.0,0.0,1015.71,33.2,7.72,170.4,573.4,UK_Average
2026-08-13 12:00:00,27.9,42.8,12.41,27.87,0.0,0.0,1015.58,34.4,10.52,179.6,650.7,UK_Average
2026-08-13 13:00:00,29.36,39.1,12.0,29.11,0.0,0.0,1015.09,41.4,12.63,181.6,695.4,UK_Average
2026-08-13 14:00:00,29.54,40.8,12.34,29.35,0.06,0.06,1014.82,53.3,13.37,190.8,689.9,UK_Average
2026-08-13 15:00:00,29.52,41.8,12.51,29.03,0.03,0.03,1014.45,45.0,13.67,201.0,603.7,UK_Average
2026-08-13 16:00:00,29.6,41.0,12.5,28.74,0.0,0.0,1014.12,35.7,14.23,208.1,546.5,UK_Average
2026-08-13 17:00:00,28.97,43.1,13.18,27.73,0.0,0.0,1013.77,32.3,16.06,221.7,477.1,UK_Average
2026-08-13 18:00:00,28.11,45.4,13.5,26.97,0.01,0.01,1013.56,35.4,15.99,230.8,372.2,UK_Average
2026-08-13 19:00:00,26.88,49.5,13.62,26.04,0.04,0.04,1013.5,32.1,14.5,237.8,239.0,UK_Average
2026-08-13 20:00:00,25.2,57.6,14.8,24.9,0.0,0.0,1013.61,27.2,13.61,240.0,106.3,UK_Average
2026-08-13 21:00:00,23.58,63.0,15.0,23.62,0.0,0.0,1013.95,43.0,11.65,249.6,14.7,UK_Average
2026-08-13 22:00:00,22.64,65.5,14.92,22.96,0.0,0.0,1014.04,51.5,9.36,253.6,0.0,UK_Average
2026-08-13 23:00:00,22.07,66.9,14.83,22.24,0.0,0.0,1014.05,38.7,10.32,256.4,0.0,UK_Average
2026-08-14 00:00:00,21.31,69.3,14.73,21.55,0.0,0.0,1013.86,32.9,9.48,249.9,0.0,UK_Average
2026-08-14 01:00:00,20.13,75.7,15.11,20.56,0.0,0.0,1013.61,35.6,9.12,244.2,0.0,UK_Average
2026-08-14 02:00:00,19.74,77.5,15.24,20.39,0.01,0.01,1013.31,45.8,7.88,262.5,0.0,UK_Average
2026-08-14 03:00:00,19.26,80.6,15.46,19.96,0.18,0.18,1012.96,52.7,8.01,251.6,0.0,UK_Average
2026-08-14 04:00:00,18.99,82.9,15.71,19.76,0.12,0.12,1012.83,57.6,8.12,255.8,0.0,UK_Average
2026-08-14 05:00:00,18.68,85.7,16.01,19.48,0.09,0.09,1012.78,56.4,8.73,264.8,0.0,UK_Average
2026-08-14 06:00:00,18.25,88.9,16.23,19.0,0.08,0.08,1012.74,55.5,9.53,263.2,0.6,UK_Average
2026-08-14 07:00:00,18.52,87.3,16.2,19.34,0.11,0.11,1012.92,61.0,9.17,261.0,43.3,UK_Average
2026-08-14 08:00:00,19.45,82.6,16.22,20.13,0.03,0.03,1013.07,56.8,9.94,272.8,143.6,UK_Average
2026-08-14 09:00:00,20.44,77.0,16.03,20.94,0.0,0.0,1013.14,66.6,10.71,277.5,263.7,UK_Average
2026-08-14 10:00:00,21.6,70.3,15.7,21.91,0.0,0.0,1013.14,64.9,11.08,279.9,386.5,UK_Average
2026-08-14 11:00:00,22.7,65.0,15.43,22.98,0.0,0.0,1013.05,84.5,11.36,281.5,497.5,UK_Average
2026-08-14 12:00:00,23.38,61.3,15.11,23.84,0.0,0.0,1013.0,77.8,11.11,283.6,527.0,UK_Average
2026-08-14 13:00:00,24.32,57.9,14.98,24.77,0.0,0.0,1012.74,76.3,11.14,269.4,580.9,UK_Average
2026-08-14 14:00:00,24.62,56.3,14.71,25.02,0.02,0.02,1012.43,76.5,11.54,266.4,588.2,UK_Average
2026-08-14 15:00:00,24.52,56.3,14.63,24.6,0.02,0.02,1012.38,78.0,12.92,273.6,557.8,UK_Average
2026-08-14 16:00:00,24.33,56.0,14.5,23.77,0.11,0.11,1012.22,74.4,15.24,277.2,496.0,UK_Average
2026-08-14 17:00:00,23.68,58.3,14.46,22.96,0.04,0.04,1012.25,70.4,15.74,281.6,404.6,UK_Average
2026-08-14 18:00:00,22.59,63.4,14.65,21.99,0.08,0.08,1012.14,80.5,15.02,258.5,290.4,UK_Average
2026-08-14 19:00:00,22.13,63.0,14.14,21.45,0.01,0.01,1012.25,70.6,14.4,263.7,190.5,UK_Average
2026-08-14 20:00:00,21.07,66.4,14.03,20.6,0.02,0.02,1012.33,70.5,12.64,265.3,81.9,UK_Average
2026-08-14 21:00:00,20.23,68.8,13.81,19.83,0.0,0.0,1012.82,71.2,11.54,269.9,10.4,UK_Average
2026-08-14 22:00:00,19.43,69.5,13.42,18.69,0.0,0.0,1013.15,68.3,12.82,243.6,0.0,UK_Average
2026-08-14 23:00:00,18.45,72.3,13.19,17.56,0.0,0.0,1013.4,66.7,13.12,208.9,0.0,UK_Average
2026-08-15 00:00:00,17.79,74.2,12.97,17.02,0.0,0.0,1013.45,65.5,11.75,204.8,0.0,UK_Average
2026-08-15 01:00:00,17.02,75.9,12.54,16.16,0.01,0.01,1013.58,57.9,11.38,203.5,0.0,UK_Average
2026-08-15 02:00:00,16.59,76.8,12.28,15.65,0.01,0.01,1013.65,34.5,11.26,207.0,0.0,UK_Average
2026-08-15 03:00:00,16.11,78.8,12.29,15.13,0.0,0.0,1013.67,30.4,11.42,238.3,0.0,UK_Average
2026-08-15 04:00:00,15.69,80.4,12.2,14.58,0.0,0.0,1013.67,43.9,12.16,202.2,0.0,UK_Average
2026-08-15 05:00:00,15.29,81.4,12.04,14.08,0.0,0.0,1013.7,24.3,12.7,203.1,0.0,UK_Average
2026-08-15 06:00:00,14.81,82.8,11.81,13.52,0.0,0.0,1013.74,19.6,12.64,201.8,0.4,UK_Average
2026-08-15 07:00:00,14.9,80.8,11.56,13.55,0.0,0.0,1014.03,28.4,12.42,237.6,49.2,UK_Average
2026-08-15 08:00:00,15.9,75.6,11.5,14.54,0.0,0.0,1014.28,36.8,12.47,205.1,161.5,UK_Average
2026-08-15 09:00:00,17.04,69.3,11.3,15.49,0.0,0.0,1014.36,44.0,13.35,208.8,293.9,UK_Average
2026-08-15 10:00:00,18.32,62.6,10.94,16.71,0.01,0.01,1014.32,50.3,13.05,213.4,428.6,UK_Average
2026-08-15 11:00:00,19.51,56.7,10.53,17.96,0.0,0.0,1014.17,52.9,12.59,215.0,517.9,UK_Average
2026-08-15 12:00:00,20.44,52.9,10.3,19.15,0.0,0.0,1014.02,65.3,11.72,252.6,557.5,UK_Average
2026-08-15 13:00:00,20.38,53.5,10.52,19.4,0.0,0.0,1014.13,83.9,11.28,246.9,588.3,UK_Average
2026-08-15 14:00:00,20.78,52.1,10.49,19.95,0.01,0.01,1014.04,79.7,9.96,260.3,564.5,UK_Average
2026-08-15 15:00:00,21.01,51.8,10.56,19.88,0.0,0.0,1013.99,84.1,11.26,237.0,539.0,UK_Average
2026-08-15 16:00:00,20.89,53.0,10.76,19.49,0.0,0.0,1014.05,80.0,12.39,242.3,475.0,UK_Average
2026-08-15 17:00:00,20.57,54.0,10.71,18.94,0.0,0.0,1013.99,65.7,12.72,238.8,397.0,UK_Average
2026-08-15 18:00:00,20.1,55.3,10.59,18.55,0.0,0.0,1013.75,54.2,11.91,239.6,311.3,UK_Average
2026-08-15 19:00:00,19.27,57.4,10.43,17.84,0.0,0.0,1013.78,39.9,10.89,205.4,193.9,UK_Average
2026-08-15 20:00:00,18.54,59.4,10.33,17.12,0.0,0.0,1013.77,21.7,10.48,197.2,84.5,UK_Average
2026-08-15 21:00:00,17.53,63.2,10.24,16.05,0.0,0.0,1014.07,16.0,10.83,196.5,10.6,UK_Average
2026-08-15 22:00:00,16.65,67.0,10.34,15.14,0.0,0.0,1014.42,25.6,11.34,197.9,0.0,UK_Average
2026-08-15 23:00:00,15.91,70.7,10.43,14.5,0.0,0.0,1014.61,44.2,10.88,201.0,0.0,UK_Average
2026-08-16 00:00:00,15.34,72.9,10.38,14.11,0.0,0.0,1014.76,76.7,9.57,205.4,0.0,UK_Average
2026-08-16 01:00:00,14.27,77.0,10.19,13.12,0.0,0.0,1014.67,83.6,8.46,198.4,0.0,UK_Average
2026-08-16 02:00:00,14.03,78.0,10.17,12.87,0.0,0.0,1014.4,82.4,8.57,197.0,0.0,UK_Average
2026-08-16 03:00:00,13.71,78.8,10.03,12.53,0.0,0.0,1014.1,75.4,8.41,190.3,0.0,UK_Average
2026-08-16 04:00:00,13.4,80.2,10.02,12.25,0.01,0.01,1013.89,84.2,8.14,189.2,0.0,UK_Average
2026-08-16 05:00:00,13.19,81.6,10.04,12.13,0.04,0.04,1013.71,95.0,7.58,190.0,0.0,UK_Average
2026-08-16 06:00:00,13.19,82.1,10.14,12.2,0.17,0.17,1013.74,97.5,7.29,181.2,0.1,UK_Average
2026-08-16 07:00:00,13.19,83.3,10.34,12.29,0.22,0.22,1013.65,98.7,6.86,179.8,21.2,UK_Average
2026-08-16 08:00:00,13.84,81.8,10.66,13.11,0.3,0.3,1013.74,96.4,6.5,186.6,59.9,UK_Average
2026-08-16 09:00:00,14.79,77.8,10.81,14.03,0.04,0.04,1013.77,94.1,7.0,209.1,142.3,UK_Average
2026-08-16 10:00:00,16.15,70.0,10.5,15.27,0.03,0.03,1013.79,84.3,7.02,226.9,280.5,UK_Average
2026-08-16 11:00:00,17.33,64.4,10.36,16.42,0.02,0.02,1013.63,89.9,7.21,230.8,381.4,UK_Average
2026-08-16 12:00:00,18.17,62.1,10.58,17.43,0.13,0.13,1013.48,88.6,7.65,264.5,414.1,UK_Average
2026-08-16 13:00:00,19.14,59.6,10.74,18.61,0.09,0.09,1013.22,87.7,7.1,257.5,432.1,UK_Average
2026-08-16 14:00:00,19.8,57.0,10.65,19.38,0.02,0.02,1012.74,93.7,7.7,263.6,517.0,UK_Average
2026-08-16 15:00:00,20.25,55.5,10.63,19.5,0.03,0.03,1012.51,95.8,8.75,237.4,515.7,UK_Average
2026-08-16 16:00:00,20.1,56.6,10.69,18.91,0.03,0.03,1012.42,96.7,9.89,248.3,384.0,UK_Average
2026-08-16 17:00:00,19.74,58.2,10.91,18.61,0.05,0.05,1012.35,92.4,9.74,253.3,289.0,UK_Average
2026-08-16 18:00:00,19.4,59.8,11.06,18.35,0.05,0.05,1012.04,93.8,9.46,260.5,220.6,UK_Average
2026-08-16 19:00:00,18.98,62.5,11.34,18.09,0.01,0.01,1011.95,97.3,8.93,265.8,128.8,UK_Average
2026-08-16 20:00:00,18.14,68.4,11.97,17.55,0.16,0.16,1011.73,93.6,8.27,217.0,41.5,UK_Average
2026-08-16 21:00:00,17.41,74.3,12.49,16.94,0.31,0.31,1011.95,98.3,8.55,203.4,4.2,UK_Average
2026-08-16 22:00:00,17.0,76.1,12.55,16.55,0.06,0.06,1012.17,98.3,8.48,247.6,0.0,UK_Average
2026-08-16 23:00:00,16.69,77.7,12.58,16.44,0.04,0.04,1012.14,97.3,7.35,209.7,0.0,UK_Average
2026-08-17 00:00:00,16.34,80.2,12.8,16.26,0.15,0.15,1012.06,87.5,6.48,217.5,0.0,UK_Average
2026-08-17 01:00:00,15.43,85.4,12.87,15.33,0.18,0.18,1011.96,81.7,6.86,225.0,0.0,UK_Average
2026-08-17 02:00:00,15.37,86.0,12.89,15.22,0.07,0.07,1011.82,76.4,7.2,200.7,0.0,UK_Average
2026-08-17 03:00:00,15.14,86.4,12.81,15.16,0.01,0.01,1011.56,91.0,5.89,203.0,0.0,UK_Average
2026-08-17 04:00:00,14.98,87.1,12.74,15.06,0.0,0.0,1011.42,87.5,5.43,189.8,0.0,UK_Average
2026-08-17 05:00:00,14.78,87.7,12.67,14.9,0.0,0.0,1011.41,95.9,5.16,194.9,0.0,UK_Average
2026-08-17 06:00:00,14.65,88.7,12.74,14.91,0.01,0.01,1011.28,92.5,4.26,193.2,0.1,UK_Average
2026-08-17 07:00:00,14.86,87.6,12.74,15.17,0.05,0.05,1011.6,95.0,4.26,192.8,21.5,UK_Average
2026-08-17 08:00:00,15.55,86.7,13.31,15.98,0.06,0.06,1011.72,96.1,4.48,190.8,79.8,UK_Average
2026-08-17 09:00:00,16.23,85.6,13.73,16.7,0.15,0.15,1011.72,89.0,5.17,195.6,164.6,UK_Average
2026-08-17 10:00:00,17.23,81.0,13.84,17.68,0.07,0.07,1011.75,90.4,5.59,167.5,258.4,UK_Average
2026-08-17 11:00:00,18.09,77.0,13.85,18.55,0.1,0.1,1011.96,90.4,5.79,178.2,313.6,UK_Average
2026-08-17 12:00:00,18.88,73.1,13.75,19.27,0.09,0.09,1012.08,97.7,6.27,183.0,374.7,UK_Average
2026-08-17 13:00:00,19.61,70.9,14.03,19.66,0.03,0.03,1011.96,81.8,8.74,187.0,343.3,UK_Average
2026-08-17 14:00:00,20.21,68.5,13.95,20.31,0.06,0.06,1011.61,85.4,9.25,192.0,417.0,UK_Average
2026-08-17 15:00:00,20.17,68.9,14.0,20.19,0.09,0.09,1011.35,88.2,9.62,203.5,355.0,UK_Average
2026-08-17 16:00:00,19.88,70.7,14.08,19.6,0.13,0.13,1011.07,84.9,11.15,205.4,293.7,UK_Average
2026-08-17 17:00:00,19.63,71.2,13.92,19.28,0.06,0.06,1010.49,76.5,10.9,206.9,239.8,UK_Average
2026-08-17 18:00:00,19.4,72.2,13.92,19.04,0.12,0.12,1009.97,78.8,10.94,208.2,203.1,UK_Average
2026-08-17 19:00:00,19.03,75.1,14.21,18.9,0.22,0.22,1009.43,80.2,10.35,209.8,121.0,UK_Average
2026-08-17 20:00:00,18.28,79.0,14.32,18.19,0.76,0.76,1008.71,88.1,10.21,172.9,39.7,UK_Average
2026-08-17 21:00:00,17.66,83.4,14.64,17.61,0.64,0.64,1008.52,84.4,10.66,189.2,3.0,UK_Average
2026-08-17 22:00:00,17.25,86.0,14.77,17.28,0.88,0.88,1008.21,87.0,10.51,224.3,0.0,UK_Average
2026-08-17 23:00:00,17.19,84.9,14.39,16.92,0.67,0.67,1007.72,85.7,11.74,197.8,0.0,UK_Average
2026-08-18 00:00:00,16.92,86.9,14.59,16.7,0.35,0.35,1007.29,91.1,11.81,201.6,0.0,UK_Average
2026-08-18 01:00:00,16.43,90.6,14.81,16.18,0.51,0.51,1006.47,93.9,12.65,207.1,0.0,UK_Average
2026-08-18 02:00:00,16.51,91.4,15.01,16.17,0.11,0.11,1005.85,94.4,13.78,211.9,0.0,UK_Average
2026-08-18 03:00:00,16.72,91.3,15.23,16.43,0.12,0.12,1005.37,96.7,14.02,228.8,0.0,UK_Average
2026-08-18 04:00:00,16.94,91.9,15.56,16.74,0.06,0.06,1004.95,97.6,14.24,258.5,0.0,UK_Average
2026-08-18 05:00:00,17.0,92.8,15.79,16.87,0.05,0.05,1004.66,99.5,14.42,255.7,0.0,UK_Average
2026-08-18 06:00:00,16.99,92.8,15.8,16.76,0.17,0.17,1004.26,92.8,15.13,258.7,0.0,UK_Average
2026-08-18 07:00:00,17.22,91.5,15.8,17.08,0.04,0.04,1004.33,84.9,14.59,258.4,19.2,UK_Average
2026-08-18 08:00:00,17.63,88.7,15.69,17.36,0.05,0.05,1004.51,86.0,15.02,260.7,94.3,UK_Average
2026-08-18 09:00:00,18.11,83.7,15.31,17.58,0.04,0.04,1004.49,95.8,15.91,263.1,193.9,UK_Average
2026-08-18 10:00:00,18.6,77.7,14.56,17.54,0.08,0.08,1004.52,92.5,17.48,269.8,287.7,UK_Average
2026-08-18 11:00:00,19.19,71.3,13.82,17.79,0.05,0.05,1004.68,93.7,17.95,270.1,398.4,UK_Average
2026-08-18 12:00:00,19.35,67.9,13.21,17.69,0.03,0.03,1004.72,92.6,18.37,268.8,415.6,UK_Average
2026-08-18 13:00:00,19.66,65.4,12.91,17.89,0.03,0.03,1004.68,99.0,18.63,265.8,459.6,UK_Average
2026-08-18 14:00:00,19.65,64.8,12.81,17.78,0.03,0.03,1004.47,95.7,18.79,263.3,407.4,UK_Average
2026-08-18 15:00:00,19.57,65.2,12.81,17.56,0.02,0.02,1004.21,94.0,19.76,263.3,382.0,UK_Average
2026-08-18 16:00:00,19.35,65.5,12.72,17.23,0.02,0.02,1003.93,95.9,20.44,263.6,359.6,UK_Average
2026-08-18 17:00:00,18.81,66.9,12.47,16.73,0.03,0.03,1003.76,94.9,19.6,263.3,275.6,UK_Average
2026-08-18 18:00:00,18.46,67.9,12.39,16.53,0.02,0.02,1003.62,96.1,18.27,264.4,183.0,UK_Average
2026-08-18 19:00:00,17.96,70.1,12.32,16.35,0.01,0.01,1003.44,99.5,16.08,260.2,107.1,UK_Average
2026-08-18 20:00:00,17.35,73.2,12.44,15.99,0.02,0.02,1003.34,94.1,14.48,257.7,34.5,UK_Average
2026-08-18 21:00:00,16.73,76.6,12.55,15.57,0.04,0.04,1003.31,91.4,13.35,250.5,4.4,UK_Average
2026-08-18 22:00:00,16.28,79.7,12.66,15.27,0.1,0.1,1003.25,96.2,12.66,248.8,0.0,UK_Average
2026-08-18 23:00:00,15.97,81.7,12.76,15.13,0.13,0.13,1002.82,97.8,11.68,245.9,0.0,UK_Average
2026-08-19 00:00:00,15.63,83.2,12.73,14.75,0.2,0.2,1002.46,99.4,11.96,244.6,0.0,UK_Average
2026-08-19 01:00:00,14.99,88.7,13.06,14.32,0.38,0.38,1002.03,99.6,11.27,241.1,0.0,UK_Average
2026-08-19 02:00:00,14.81,89.4,13.01,14.11,0.53,0.53,1001.39,100.0,11.35,238.2,0.0,UK_Average
2026-08-19 03:00:00,14.55,91.1,13.07,13.94,0.33,0.33,1000.8,95.8,10.96,239.6,0.0,UK_Average
2026-08-19 04:00:00,14.35,92.0,13.03,13.77,0.21,0.21,1000.39,82.0,10.38,241.3,0.0,UK_Average
2026-08-19 05:00:00,14.08,92.4,12.84,13.59,0.22,0.22,1000.05,77.7,9.59,244.0,0.0,UK_Average
2026-08-19 06:00:00,13.87,93.1,12.76,13.41,0.13,0.13,999.73,68.9,9.11,243.8,0.0,UK_Average
2026-08-19 07:00:00,14.1,92.6,12.91,13.74,0.02,0.02,999.66,47.3,8.84,234.0,26.3,UK_Average
2026-08-19 08:00:00,14.8,89.0,12.99,14.47,0.0,0.0,999.33,37.5,8.61,248.1,122.1,UK_Average
2026-08-19 09:00:00,15.78,82.1,12.7,15.33,0.05,0.05,999.15,39.6,8.84,257.7,265.9,UK_Average
2026-08-19 10:00:00,16.75,75.4,12.34,16.14,0.03,0.03,998.76,63.1,8.96,234.5,371.6,UK_Average
2026-08-19 11:00:00,17.5,69.9,11.85,16.75,0.06,0.06,998.58,56.8,9.21,228.3,425.8,UK_Average
2026-08-19 12:00:00,17.35,71.4,11.95,16.81,0.53,0.53,998.46,61.7,9.21,222.0,474.6,UK_Average
2026-08-19 13:00:00,18.4,67.0,11.88,17.39,0.22,0.22,998.26,87.4,11.33,233.2,335.6,UK_Average
2026-08-19 14:00:00,18.73,63.9,11.34,17.42,0.26,0.26,998.03,77.9,12.31,237.4,403.1,UK_Average
2026-08-19 15:00:00,18.84,61.8,10.85,17.4,0.25,0.25,997.9,79.6,12.22,239.4,365.6,UK_Average
2026-08-19 16:00:00,19.14,59.5,10.38,17.24,0.01,0.01,997.72,61.3,14.59,241.0,376.6,UK_Average
2026-08-19 17:00:00,18.8,60.8,10.24,16.84,0.36,0.36,997.82,68.1,14.19,215.6,276.7,UK_Average
2026-08-19 18:00:00,18.6,61.1,10.15,16.71,0.15,0.15,997.92,62.0,13.67,238.0,219.3,UK_Average
2026-08-19 19:00:00,17.92,63.8,10.26,16.15,0.2,0.2,998.02,67.7,12.95,212.6,114.8,UK_Average
2026-08-19 20:00:00,17.03,68.6,10.74,15.71,0.09,0.09,998.38,71.4,10.88,219.4,41.1,UK_Average
2026-08-19 21:00:00,16.38,72.1,10.93,15.39,0.15,0.15,998.52,76.1,9.17,196.8,0.0,UK_Average
2026-08-19 22:00:00,16.1,75.6,11.44,14.99,0.27,0.27,998.89,78.1,10.77,189.2,0.0,UK_Average
2026-08-19 23:00:00,15.37,78.8,11.45,14.14,0.41,0.41,999.05,78.6,11.56,217.0,0.0,UK_Average
2026-08-20 00:00:00,15.01,79.8,11.38,13.61,0.16,0.16,999.14,90.3,12.49,177.2,0.0,UK_Average
2026-08-20 01:00:00,14.67,80.7,11.27,13.48,0.1,0.1,999.28,89.2,11.02,138.8,0.0,UK_Average
2026-08-20 02:00:00,14.46,81.6,11.27,13.45,0.2,0.2,999.27,94.2,9.69,146.6,0.0,UK_Average
2026-08-20 03:00:00,14.18,84.0,11.47,13.16,0.16,0.16,999.1,90.3,10.2,189.4,0.0,UK_Average
2026-08-20 04:00:00,14.03,85.8,11.65,13.26,0.37,0.37,998.94,96.1,8.91,190.2,0.0,UK_Average
2026-08-20 05:00:00,13.96,86.6,11.72,13.34,0.34,0.34,999.03,96.5,8.16,190.4,0.0,UK_Average
2026-08-20 06:00:00,13.97,85.6,11.52,13.09,0.64,0.64,999.29,90.7,9.35,220.2,0.0,UK_Average
2026-08-20 07:00:00,14.05,85.1,11.53,13.04,0.13,0.13,999.63,91.3,10.11,200.0,16.5,UK_Average
2026-08-20 08:00:00,14.18,84.4,11.53,13.12,0.14,0.14,999.99,92.9,10.79,197.0,62.8,UK_Average
2026-08-20 09:00:00,14.47,82.5,11.45,13.16,0.11,0.11,1000.33,92.3,12.17,170.6,137.1,UK_Average
2026-08-20 10:00:00,15.04,77.8,11.12,13.6,0.08,0.08,1000.79,95.0,12.43,207.2,188.0,UK_Average
2026-08-21 13:00:00,17.15,55.1,7.78,15.16,0.01,0.01,1010.99,82.5,10.08,218.4,385.6,UK_Average
2026-08-21 14:00:00,17.54,53.1,7.45,15.57,0.02,0.02,1011.17,88.4,9.08,182.8,335.1,UK_Average
2026-08-21 15:00:00,17.66,53.0,7.64,15.73,0.1,0.1,1011.36,93.7,9.44,164.0,329.3,UK_Average
2026-08-21 16:00:00,17.92,52.0,7.6,15.73,0.01,0.01,1011.5,87.0,10.81,160.4,348.4,UK_Average
2026-08-21 17:00:00,17.96,50.7,7.25,15.62,0.01,0.01,1011.75,86.2,11.23,277.2,279.3,UK_Average
2026-08-21 18:00:00,17.72,51.6,7.27,15.26,0.0,0.0,1012.08,92.3,12.14,248.8,192.9,UK_Average
2026-08-21 19:00:00,17.18,55.0,7.89,14.74,0.01,0.01,1012.57,85.7,13.09,211.8,117.1,UK_Average
2026-08-21 20:00:00,16.18,59.5,8.18,13.89,0.0,0.0,1013.12,78.1,12.37,139.0,44.5,UK_Average
2026-08-21 21:00:00,15.23,63.3,8.23,13.21,0.0,0.0,1013.94,82.6,10.58,146.2,0.0,UK_Average
2026-08-21 22:00:00,14.4,67.5,8.34,12.61,0.06,0.06,1014.53,80.8,9.39,151.0,0.0,UK_Average
2026-08-21 23:00:00,13.61,69.8,8.06,11.73,0.05,0.05,1015.13,63.0,9.51,156.0,0.0,UK_Average
2026-08-22 00:00:00,13.22,71.9,8.14,11.46,0.05,0.05,1015.55,66.7,8.83,123.6,0.0,UK_Average
2026-08-22 01:00:00,12.7,74.7,8.23,10.87,0.0,0.0,1015.84,70.8,9.51,128.2,0.0,UK_Average
2026-08-22 02:00:00,12.13,76.9,8.14,10.44,0.0,0.0,1016.03,64.2,8.33,196.6,0.0,UK_Average
2026-08-22 03:00:00,11.78,78.1,8.03,10.07,0.0,0.0,1016.28,60.9,8.24,164.2,0.0,UK_Average
2026-08-22 04:00:00,11.64,80.3,8.33,10.06,0.0,0.0,1016.45,49.4,7.76,253.8,0.0,UK_Average
2026-08-22 05:00:00,11.12,81.2,8.01,9.41,0.0,0.0,1016.68,35.2,8.19,241.8,0.0,UK_Average
2026-08-22 06:00:00,11.05,80.5,7.8,9.4,0.0,0.0,1017.04,53.8,7.39,247.8,0.0,UK_Average
2026-08-22 07:00:00,11.13,79.6,7.69,9.53,0.0,0.0,1017.57,62.3,6.94,241.8,22.2,UK_Average
2026-08-22 08:00:00,12.12,76.9,8.13,10.52,0.0,0.0,1017.99,54.9,7.64,167.2,123.1,UK_Average
2026-08-22 09:00:00,13.44,70.2,8.07,11.74,0.0,0.0,1018.46,62.4,8.29,174.2,230.9,UK_Average
2026-08-22 10:00:00,14.48,63.9,7.64,12.63,0.0,0.0,1018.93,44.6,8.65,198.4,367.8,UK_Average
2026-08-22 11:00:00,15.71,57.6,7.26,14.08,0.01,0.01,1018.73,44.6,7.15,204.6,446.7,UK_Average
2026-08-22 12:00:00,16.7,54.4,7.3,15.03,0.0,0.0,1018.8,59.9,7.73,219.2,461.7,UK_Average
2026-08-22 13:00:00,17.56,50.9,7.07,15.82,0.0,0.0,1018.93,63.2,7.85,224.4,472.4,UK_Average
2026-08-22 14:00:00,18.24,48.0,6.79,16.43,0.0,0.0,1018.85,67.6,7.88,224.8,489.8,UK_Average
2026-08-22 15:00:00,18.64,46.3,6.57,16.55,0.0,0.0,1018.71,70.0,8.71,166.6,412.4,UK_Average
2026-08-22 16:00:00,18.91,44.6,6.3,16.68,0.0,0.0,1018.74,71.8,8.93,199.6,355.7,UK_Average
2026-08-22 17:00:00,19.26,44.9,6.71,16.96,0.0,0.0,1018.81,65.0,10.14,187.2,298.8,UK_Average
2026-08-22 18:00:00,19.15,46.0,6.97,16.91,0.0,0.0,1018.91,68.0,10.06,234.0,208.3,UK_Average
2026-08-22 19:00:00,18.66,47.9,7.13,16.39,0.0,0.0,1019.16,63.0,10.53,233.0,139.4,UK_Average
2026-08-22 20:00:00,17.71,52.5,7.61,15.55,0.0,0.0,1019.51,28.4,10.69,207.8,52.4,UK_Average
2026-08-22 21:00:00,16.65,58.9,8.4,14.71,0.0,0.0,1019.95,48.8,10.39,256.6,0.0,UK_Average
2026-08-22 22:00:00,15.64,64.3,8.81,13.82,0.0,0.0,1020.26,44.4,10.42,266.2,0.0,UK_Average
2026-08-22 23:00:00,14.92,68.1,8.97,13.2,0.0,0.0,1020.43,37.2,9.98,259.4,0.0,UK_Average
2026-08-23 00:00:00,14.28,71.0,8.99,12.71,0.0,0.0,1020.51,40.2,9.08,186.4,0.0,UK_Average
2026-08-23 01:00:00,13.63,73.4,8.86,12.18,0.0,0.0,1020.59,49.7,8.08,190.6,0.0,UK_Average
2026-08-23 02:00:00,13.09,76.6,9.0,11.76,0.0,0.0,1020.59,45.0,7.39,180.4,0.0,UK_Average
2026-08-23 03:00:00,12.75,78.7,9.05,11.37,0.0,0.0,1020.62,61.4,7.63,189.6,0.0,UK_Average
2026-08-23 04:00:00,12.39,80.7,9.11,11.09,0.0,0.0,1020.45,59.6,7.5,194.4,0.0,UK_Average
2026-08-23 05:00:00,11.92,82.2,8.92,10.56,0.0,0.0,1020.48,47.5,7.36,217.0,0.0,UK_Average
2026-08-23 06:00:00,11.62,84.1,8.96,10.28,0.0,0.0,1020.56,64.8,7.39,214.0,0.0,UK_Average
2026-08-23 07:00:00,11.41,84.5,8.86,10.09,0.0,0.0,1020.95,57.6,7.12,195.8,25.3,UK_Average
2026-08-23 08:00:00,12.43,82.0,9.4,11.22,0.0,0.0,1021.07,60.1,7.27,204.2,120.5,UK_Average
2026-08-23 09:00:00,14.12,74.5,9.6,12.97,0.0,0.0,1020.97,66.2,7.16,201.0,274.6,UK_Average
2026-08-23 10:00:00,15.52,66.7,9.31,14.31,0.0,0.0,1021.24,51.3,7.2,211.4,405.5,UK_Average
2026-08-23 11:00:00,17.13,59.2,8.95,16.07,0.0,0.0,1021.1,48.3,5.9,205.0,500.9,UK_Average
2026-08-23 12:00:00,18.18,54.1,8.58,17.47,0.0,0.0,1020.95,39.8,5.59,197.0,565.7,UK_Average
2026-08-23 13:00:00,18.98,49.4,7.85,18.16,0.0,0.0,1020.89,47.5,5.81,211.8,573.5,UK_Average
2026-08-23 14:00:00,19.67,46.8,7.53,18.94,0.01,0.01,1020.7,39.6,4.35,186.4,570.5,UK_Average
2026-08-23 15:00:00,20.19,45.3,7.36,19.05,0.01,0.01,1020.4,36.9,6.23,123.2,547.2,UK_Average
2026-08-23 16:00:00,20.49,44.2,7.19,18.93,0.01,0.01,1020.11,40.3,6.96,148.2,461.9,UK_Average
2026-08-23 17:00:00,20.89,43.1,7.05,19.18,0.0,0.0,1019.58,36.2,6.84,185.4,393.9,UK_Average
2026-08-23 18:00:00,20.9,43.4,7.04,19.02,0.0,0.0,1019.52,34.2,8.06,161.4,275.4,UK_Average
2026-08-23 19:00:00,20.57,44.9,7.39,18.57,0.0,0.0,1019.23,32.8,9.42,171.6,154.5,UK_Average
2026-08-23 20:00:00,19.77,49.1,7.97,17.71,0.0,0.0,1019.18,32.0,10.66,172.8,44.0,UK_Average
2026-08-23 21:00:00,18.52,55.1,8.67,16.63,0.0,0.0,1019.43,34.1,10.8,170.8,0.0,UK_Average
2026-08-23 22:00:00,17.03,62.3,9.53,15.48,0.0,0.0,1019.71,35.9,10.05,161.4,0.0,UK_Average
2026-08-23 23:00:00,16.23,64.6,9.38,14.79,0.0,0.0,1019.57,48.2,9.01,171.6,0.0,UK_Average
2026-08-24 00:00:00,15.48,68.1,9.45,14.22,0.0,0.0,1019.61,50.7,7.81,157.2,0.0,UK_Average
2026-08-24 01:00:00,14.86,70.6,9.4,13.71,0.0,0.0,1019.47,43.2,6.93,151.6,0.0,UK_Average
2026-08-24 02:00:00,14.29,73.2,9.4,13.27,0.0,0.0,1019.25,27.8,6.27,143.4,0.0,UK_Average
2026-08-24 03:00:00,13.6,75.1,9.16,12.59,0.0,0.0,1019.1,37.1,5.56,137.6,0.0,UK_Average
2026-08-24 04:00:00,13.28,78.1,9.45,12.44,0.0,0.0,1018.74,40.1,4.92,125.6,0.0,UK_Average
2026-08-24 05:00:00,12.73,79.6,9.2,11.69,0.0,0.0,1018.66,34.1,5.69,111.0,0.0,UK_Average
2026-08-24 06:00:00,12.27,80.8,8.98,11.24,0.0,0.0,1018.36,45.5,5.15,97.2,0.0,UK_Average
2026-08-24 07:00:00,12.21,79.8,8.75,10.9,0.0,0.0,1018.33,23.3,6.73,90.2,30.0,UK_Average
2026-08-24 08:00:00,13.16,77.7,9.27,11.88,0.0,0.0,1018.24,48.9,7.54,109.2,149.6,UK_Average
2026-08-24 09:00:00,14.82,72.8,9.92,13.59,0.0,0.0,1018.05,34.3,8.46,127.8,286.7,UK_Average
2026-08-24 10:00:00,16.41,65.1,9.68,14.78,0.0,0.0,1017.8,64.4,10.77,103.8,411.2,UK_Average
2026-08-24 11:00:00,17.77,59.2,9.5,16.03,0.0,0.0,1017.26,57.8,11.45,106.8,516.4,UK_Average
2026-08-24 12:00:00,18.92,55.0,9.36,17.18,0.0,0.0,1016.81,60.2,12.21,96.6,564.0,UK_Average
2026-08-24 13:00:00,19.7,53.0,9.47,17.81,0.0,0.0,1016.36,91.7,13.18,88.2,544.7,UK_Average
2026-08-24 14:00:00,20.28,51.1,9.43,18.5,0.0,0.0,1015.79,66.4,14.0,85.4,601.0,UK_Average
2026-08-24 15:00:00,20.89,47.9,8.97,18.7,0.0,0.0,1015.13,41.8,15.3,87.6,588.2,UK_Average
2026-08-24 16:00:00,21.1,46.3,8.61,18.57,0.0,0.0,1014.28,45.1,15.32,86.2,499.7,UK_Average
2026-08-24 17:00:00,21.18,45.9,8.54,18.65,0.0,0.0,1013.59,49.8,14.97,84.6,384.0,UK_Average
2026-08-24 18:00:00,20.8,47.9,8.84,18.12,0.0,0.0,1013.22,68.7,16.49,89.2,244.9,UK_Average
2026-08-24 19:00:00,20.08,50.7,9.15,17.49,0.0,0.0,1012.89,48.9,16.31,86.2,142.6,UK_Average
2026-08-24 20:00:00,19.13,55.0,9.58,16.89,0.0,0.0,1012.75,46.8,14.78,82.8,40.9,UK_Average
2026-08-24 21:00:00,17.99,60.9,10.07,15.79,0.0,0.0,1012.97,39.7,15.52,98.6,0.0,UK_Average
2026-08-24 22:00:00,17.0,63.3,9.77,14.69,0.0,0.0,1013.02,15.3,15.48,100.8,0.0,UK_Average
2026-08-24 23:00:00,16.23,67.5,10.02,14.23,0.0,0.0,1012.94,38.1,13.93,92.6,0.0,UK_Average
2026-08-25 00:00:00,15.71,69.7,10.07,13.79,0.0,0.0,1013.02,37.6,13.46,91.2,0.0,UK_Average
2026-08-25 01:00:00,15.1,73.0,10.18,13.44,0.0,0.0,1012.9,37.2,11.95,86.0,0.0,UK_Average
2026-08-25 02:00:00,14.7,76.4,10.5,13.27,0.0,0.0,1012.71,57.0,11.02,91.4,0.0,UK_Average
2026-08-25 03:00:00,14.3,78.1,10.46,12.76,0.0,0.0,1012.43,47.1,11.71,90.0,0.0,UK_Average
2026-08-25 04:00:00,14.03,79.7,10.54,12.76,0.0,0.0,1012.07,56.7,10.08,88.2,0.0,UK_Average
2026-08-25 05:00:00,13.77,81.0,10.53,12.45,0.0,0.0,1011.72,57.5,10.29,83.0,0.0,UK_Average
2026-08-25 06:00:00,13.77,81.9,10.7,12.47,0.0,0.0,1011.46,48.1,10.51,73.6,0.0,UK_Average
2026-08-25 07:00:00,13.97,82.2,10.97,12.7,0.0,0.0,1011.56,66.6,10.81,82.6,22.5,UK_Average
2026-08-25 08:00:00,14.63,80.3,11.24,13.17,0.0,0.0,1011.62,70.1,12.68,91.0,111.3,UK_Average
2026-08-25 09:00:00,15.8,76.9,11.7,14.25,0.01,0.01,1011.64,60.5,14.13,101.4,207.0,UK_Average
2026-08-25 10:00:00,17.15,70.1,11.55,15.67,0.01,0.01,1011.55,76.4,13.61,113.6,311.3,UK_Average
2026-08-25 11:00:00,18.28,65.1,11.29,16.53,0.11,0.11,1011.42,60.3,14.88,87.0,398.5,UK_Average
2026-08-25 12:00:00,19.59,58.0,10.79,17.77,0.0,0.0,1011.16,59.5,15.55,81.8,536.3,UK_Average
2026-08-25 13:00:00,20.48,53.9,10.46,18.59,0.0,0.0,1010.84,59.5,16.5,84.4,550.9,UK_Average
2026-08-25 14:00:00,21.04,52.7,10.58,19.14,0.0,0.0,1010.61,59.4,16.05,82.4,495.0,UK_Average
2026-08-25 15:00:00,21.6,50.3,10.29,19.43,0.0,0.0,1010.38,65.4,16.2,86.4,484.6,UK_Average
2026-08-25 16:00:00,21.65,50.7,10.43,19.6,0.0,0.0,1009.93,66.9,15.26,97.4,372.2,UK_Average
2026-08-25 17:00:00,21.4,52.2,10.66,19.3,0.0,0.0,1009.75,62.1,15.91,98.2,303.3,UK_Average
2026-08-25 18:00:00,20.9,54.9,11.05,18.87,0.0,0.0,1009.7,80.3,16.27,101.6,190.0,UK_Average
2026-08-25 19:00:00,20.31,57.0,11.09,18.37,0.0,0.0,1009.75,76.8,15.7,99.2,122.3,UK_Average
2026-08-25 20:00:00,19.49,61.0,11.37,17.78,0.0,0.0,1010.01,64.3,14.73,93.2,36.0,UK_Average
2026-08-25 21:00:00,18.52,67.4,12.09,17.02,0.0,0.0,1010.24,56.8,14.87,98.4,0.0,UK_Average
2026-08-25 22:00:00,17.9,70.0,12.14,16.52,0.0,0.0,1010.51,77.6,14.1,98.8,0.0,UK_Average
2026-08-25 23:00:00,17.38,73.7,12.5,16.4,0.0,0.0,1010.59,80.3,12.52,94.8,0.0,UK_Average
2026-08-26 00:00:00,17.01,76.0,12.63,16.24,0.0,0.0,1010.78,84.1,11.06,88.6,0.0,UK_Average
2026-08-26 01:00:00,16.68,78.4,12.86,16.1,0.11,0.11,1010.69,66.1,10.51,75.6,0.0,UK_Average
2026-08-26 02:00:00,16.61,80.1,13.09,16.18,0.07,0.07,1010.52,94.3,10.1,72.6,0.0,UK_Average
2026-08-26 03:00:00,16.39,81.1,13.08,15.82,0.0,0.0,1010.31,83.6,10.88,72.4,0.0,UK_Average
2026-08-26 04:00:00,16.22,83.4,13.33,15.7,0.0,0.0,1010.01,90.2,11.13,66.6,0.0,UK_Average
2026-08-26 05:00:00,16.11,84.5,13.43,15.53,0.01,0.01,1009.96,100.0,11.66,65.4,0.0,UK_Average
2026-08-26 06:00:00,15.99,85.3,13.47,15.58,0.01,0.01,1009.96,90.0,10.68,63.6,0.0,UK_Average
2026-08-26 07:00:00,16.2,85.4,13.72,15.88,0.02,0.02,1010.07,97.9,10.59,70.0,16.5,UK_Average
2026-08-26 08:00:00,16.64,84.4,13.96,16.43,0.01,0.01,1010.22,100.0,10.4,73.0,77.7,UK_Average
2026-08-26 09:00:00,17.39,83.2,14.44,17.34,0.0,0.0,1010.34,98.2,10.48,81.6,168.5,UK_Average
2026-08-26 10:00:00,18.42,79.8,14.81,18.32,0.0,0.0,1010.5,90.2,11.95,85.2,262.8,UK_Average
2026-08-26 11:00:00,19.51,74.7,14.77,19.36,0.01,0.01,1010.5,89.8,12.05,81.8,339.3,UK_Average
2026-08-26 12:00:00,20.47,70.9,14.81,20.22,0.0,0.0,1010.21,85.4,12.96,84.8,358.3,UK_Average
2026-08-26 13:00:00,21.48,66.0,14.54,20.9,0.0,0.0,1009.95,88.7,14.7,89.8,481.7,UK_Average
2026-08-26 14:00:00,22.21,64.0,14.66,21.84,0.0,0.0,1009.79,79.8,14.56,90.6,498.0,UK_Average
2026-08-26 15:00:00,22.62,61.7,14.38,21.98,0.0,0.0,1009.3,89.2,14.73,100.6,456.4,UK_Average
2026-08-26 16:00:00,22.86,61.2,14.4,22.15,0.0,0.0,1009.02,95.6,14.84,100.6,426.9,UK_Average
2026-08-26 17:00:00,22.65,62.1,14.43,21.82,0.0,0.0,1008.81,91.3,15.74,95.2,321.4,UK_Average
2026-08-26 18:00:00,22.43,62.0,14.22,21.85,0.01,0.01,1008.59,86.4,13.52,118.8,208.3,UK_Average
2026-08-26 19:00:00,21.7,66.4,14.72,21.22,0.03,0.03,1008.72,89.9,14.13,116.0,116.2,UK_Average
2026-08-26 20:00:00,20.81,69.6,14.66,20.36,0.01,0.01,1008.95,81.1,13.8,116.4,34.1,UK_Average
2026-08-26 21:00:00,19.9,72.7,14.58,19.44,0.01,0.01,1009.13,71.6,13.55,96.0,0.0,UK_Average
2026-08-26 22:00:00,19.28,76.1,14.74,19.24,0.02,0.02,1009.27,63.3,11.19,90.4,0.0,UK_Average
2026-08-26 23:00:00,18.79,78.6,14.82,18.86,0.0,0.0,1009.06,68.4,10.69,75.8,0.0,UK_Average
2026-08-27 00:00:00,18.27,80.9,14.79,18.21,0.0,0.0,1008.94,69.4,11.31,97.4,0.0,UK_Average
2026-08-27 01:00:00,17.84,82.1,14.57,17.67,0.0,0.0,1008.69,76.9,11.53,98.8,0.0,UK_Average
2026-08-27 02:00:00,17.61,83.9,14.75,17.59,0.02,0.02,1008.29,70.6,11.01,93.8,0.0,UK_Average
2026-08-27 03:00:00,17.32,86.1,14.91,17.46,0.1,0.1,1007.94,83.7,10.45,58.4,0.0,UK_Average
2026-08-27 04:00:00,17.04,88.5,15.08,17.24,0.17,0.17,1007.71,75.0,10.51,82.0,0.0,UK_Average
2026-08-27 05:00:00,16.85,89.3,15.03,17.05,0.14,0.14,1007.45,67.9,10.37,79.0,0.0,UK_Average
2026-08-27 06:00:00,16.67,91.5,15.26,16.89,0.39,0.39,1007.1,81.7,10.94,85.2,0.0,UK_Average
2026-08-27 07:00:00,16.56,91.7,15.18,16.71,0.58,0.58,1006.75,77.7,11.18,87.6,13.0,UK_Average
2026-08-27 08:00:00,16.76,91.5,15.36,16.92,0.25,0.25,1006.7,81.7,11.49,85.8,69.8,UK_Average
2026-08-27 09:00:00,17.12,89.5,15.35,17.2,0.24,0.24,1006.75,90.2,12.05,98.0,131.4,UK_Average
2026-08-27 10:00:00,17.82,88.5,15.85,18.06,0.25,0.25,1006.18,77.8,12.28,69.8,234.4,UK_Average
2026-08-27 11:00:00,18.47,86.2,16.06,18.88,0.15,0.15,1006.03,78.9,11.67,70.0,284.2,UK_Average
2026-08-27 12:00:00,18.97,84.8,16.25,19.5,0.64,0.64,1006.08,89.9,11.49,86.0,323.2,UK_Average
2026-08-27 13:00:00,19.53,82.2,16.23,20.2,0.69,0.69,1005.65,78.8,11.45,81.4,369.5,UK_Average
2026-08-27 14:00:00,19.97,80.8,16.28,20.34,0.58,0.58,1005.07,94.4,12.53,95.4,324.6,UK_Average
2026-08-27 15:00:00,20.27,78.3,15.96,20.72,0.72,0.72,1004.91,91.2,11.52,103.6,298.3,UK_Average
2026-08-27 16:00:00,20.65,74.8,15.48,20.74,0.48,0.48,1004.22,89.5,12.24,101.8,310.5,UK_Average
2026-08-27 17:00:00,20.48,75.6,15.63,20.54,0.04,0.04,1004.1,88.2,13.03,112.4,232.2,UK_Average
2026-08-27 18:00:00,20.17,74.5,15.08,20.09,0.0,0.0,1004.05,90.5,12.42,117.2,165.3,UK_Average
2026-08-27 19:00:00,19.75,77.5,15.4,19.84,0.01,0.01,1003.66,97.3,11.92,121.4,62.8,UK_Average
2026-08-27 20:00:00,19.02,79.1,15.09,19.01,1.32,1.32,1003.61,97.6,11.75,121.6,21.6,UK_Average
2026-08-27 21:00:00,18.24,82.0,14.93,18.36,0.12,0.12,1003.81,94.2,10.48,120.6,0.0,UK_Average
2026-08-27 22:00:00,17.69,85.2,15.02,17.95,0.3,0.3,1003.76,87.9,9.81,140.0,0.0,UK_Average
2026-08-27 23:00:00,17.29,87.2,15.07,17.73,0.15,0.15,1003.63,91.6,8.64,125.4,0.0,UK_Average
2026-08-28 00:00:00,17.09,88.3,15.06,17.66,0.02,0.02,1003.22,85.9,7.72,155.8,0.0,UK_Average
2026-08-28 01:00:00,16.8,87.8,14.71,17.14,0.02,0.02,1002.58,78.7,8.38,167.8,0.0,UK_Average
2026-08-28 02:00:00,16.59,89.8,14.86,16.95,0.08,0.08,1002.01,84.7,8.5,160.4,0.0,UK_Average
2026-08-28 03:00:00,16.28,90.6,14.71,16.66,0.01,0.01,1001.66,88.2,8.19,123.6,0.0,UK_Average
2026-08-28 04:00:00,16.24,91.5,14.83,16.74,0.02,0.02,1001.22,76.0,7.74,175.6,0.0,UK_Average
2026-08-28 05:00:00,16.07,91.5,14.66,16.16,0.12,0.12,1000.55,89.9,9.99,203.8,0.0,UK_Average
2026-08-28 06:00:00,15.98,91.7,14.61,16.14,0.26,0.26,1000.19,91.3,9.33,198.6,0.0,UK_Average
2026-08-28 07:00:00,15.83,91.6,14.44,15.88,0.2,0.2,1000.08,89.3,9.79,231.4,10.6,UK_Average
2026-08-28 08:00:00,16.17,89.7,14.44,16.01,0.16,0.16,999.72,87.0,11.24,230.0,57.4,UK_Average
2026-08-28 09:00:00,16.65,86.9,14.41,16.32,0.02,0.02,999.35,89.9,12.32,235.2,136.8,UK_Average
2026-08-28 10:00:00,17.23,83.4,14.29,16.69,0.04,0.04,999.18,92.9,13.48,226.2,206.5,UK_Average
2026-08-28 11:00:00,17.86,79.4,14.09,17.11,0.08,0.08,999.15,94.0,14.44,231.2,248.5,UK_Average
2026-08-28 12:00:00,18.45,76.3,13.92,17.61,0.05,0.05,999.12,92.5,14.54,226.0,261.1,UK_Average
2026-08-28 13:00:00,18.95,74.0,13.88,18.03,0.05,0.05,998.98,89.9,15.1,234.6,288.2,UK_Average
2026-08-30 11:00:00,17.51,79.2,13.68,17.09,0.15,0.15,1002.26,90.5,10.99,173.4,196.7,UK_Average
2026-08-30 12:00:00,18.49,73.1,13.3,17.93,0.02,0.02,1001.89,90.1,11.08,157.6,282.2,UK_Average
2026-08-30 13:00:00,18.64,73.3,13.36,17.97,0.67,0.67,1001.51,85.6,12.24,166.8,270.8,UK_Average
2026-08-30 14:00:00,19.0,72.3,13.51,18.23,0.47,0.47,1001.23,92.6,13.07,164.0,248.5,UK_Average
2026-08-30 15:00:00,18.98,71.1,13.29,17.87,0.4,0.4,1000.95,96.0,14.85,164.2,257.6,UK_Average
2026-08-30 16:00:00,19.18,72.4,13.87,18.4,0.15,0.15,1000.42,98.1,14.19,168.0,200.8,UK_Average
2026-08-30 17:00:00,18.61,75.8,14.0,17.85,0.12,0.12,1000.18,96.6,14.17,163.2,122.2,UK_Average
2026-08-30 18:00:00,17.78,79.6,14.01,17.18,1.55,1.55,1000.32,94.0,13.1,172.8,63.2,UK_Average
2026-08-30 19:00:00,16.96,84.8,14.21,16.51,1.52,1.52,1000.09,97.0,12.46,175.6,35.8,UK_Average
2026-08-30 20:00:00,16.55,85.7,14.03,16.26,0.82,0.82,999.75,97.4,11.1,178.8,5.0,UK_Average
2026-08-30 21:00:00,16.24,86.3,13.85,16.34,0.33,0.33,999.64,100.0,7.85,158.8,0.0,UK_Average
2026-08-30 22:00:00,16.06,88.6,14.12,15.92,0.27,0.27,999.3,98.1,10.13,157.2,0.0,UK_Average
2026-08-30 23:00:00,15.61,88.3,13.59,15.17,0.58,0.58,999.39,91.1,10.91,168.2,0.0,UK_Average
2026-08-31 00:00:00,15.2,90.6,13.62,15.12,0.24,0.24,999.25,88.9,8.56,191.2,0.0,UK_Average
2026-08-31 01:00:00,14.86,90.9,13.35,14.55,0.71,0.71,999.09,99.6,9.4,196.4,0.0,UK_Average
2026-08-31 02:00:00,14.49,92.0,13.19,14.43,0.3,0.3,999.2,99.8,7.57,246.4,0.0,UK_Average
2026-08-31 03:00:00,14.34,92.5,13.12,14.18,0.25,0.25,999.25,97.6,7.92,251.8,0.0,UK_Average
2026-08-31 04:00:00,14.37,92.5,13.15,14.18,0.02,0.02,999.42,93.9,8.21,258.8,0.0,UK_Average
2026-08-31 05:00:00,14.18,91.9,12.84,13.8,0.07,0.07,999.9,97.3,8.83,268.6,0.0,UK_Average
2026-08-31 06:00:00,14.13,91.6,12.74,13.6,0.04,0.04,1000.07,92.2,9.57,257.2,0.0,UK_Average
2026-08-31 07:00:00,14.16,91.2,12.72,13.45,0.0,0.0,1000.98,91.9,10.78,261.6,7.8,UK_Average
2026-08-31 08:00:00,14.69,89.9,13.01,13.9,0.04,0.04,1001.84,93.9,11.88,263.2,58.7,UK_Average
2026-08-31 09:00:00,15.62,85.6,13.17,14.77,0.0,0.0,1002.48,79.2,12.78,263.4,156.6,UK_Average
2026-08-31 10:00:00,16.76,79.0,13.02,15.79,0.0,0.0,1003.26,82.8,13.32,266.8,222.0,UK_Average
2026-08-31 11:00:00,17.53,75.8,13.08,16.28,0.64,0.64,1004.1,79.2,15.33,278.6,266.0,UK_Average
2026-08-31 12:00:00,18.54,69.5,12.69,17.19,0.17,0.17,1004.89,79.7,15.13,280.4,325.3,UK_Average
2026-08-31 13:00:00,18.96,65.5,12.12,17.34,0.06,0.06,1005.56,78.3,15.66,282.4,373.5,UK_Average
2026-08-31 14:00:00,19.17,64.1,11.95,17.56,0.12,0.12,1006.34,88.5,15.38,268.4,383.6,UK_Average
2026-08-31 15:00:00,19.36,61.7,11.65,17.3,0.0,0.0,1006.96,91.6,17.6,278.2,342.4,UK_Average
2026-08-31 16:00:00,18.63,63.5,11.46,16.25,0.07,0.07,1007.52,92.5,19.37,276.2,270.4,UK_Average
2026-08-31 17:00:00,18.51,62.2,11.05,15.94,0.01,0.01,1008.33,95.3,19.91,279.6,221.1,UK_Average
2026-08-31 18:00:00,17.89,62.3,10.47,15.39,0.02,0.02,1008.87,97.9,18.32,278.2,151.9,UK_Average
2026-08-31 19:00:00,17.21,62.9,9.97,14.64,0.04,0.04,1009.54,98.8,17.78,276.4,80.5,UK_Average
2026-08-31 20:00:00,16.59,64.0,9.69,13.97,0.02,0.02,1010.3,100.0,17.6,273.2,6.4,UK_Average
2026-08-31 21:00:00,15.9,67.5,9.81,13.64,0.02,0.02,1011.08,99.8,15.42,273.6,0.0,UK_Average
2026-08-31 22:00:00,15.43,70.1,9.92,13.44,0.03,0.03,1011.49,70.5,13.72,267.6,0.0,UK_Average
2026-08-31 23:00:00,14.92,72.7,9.97,13.02,0.0,0.0,1011.83,80.0,13.08,265.2,0.0,UK_Average
2026-09-01 00:00:00,14.57,74.2,9.98,12.63,0.0,0.0,1012.04,67.1,13.29,263.0,0.0,UK_Average
2026-09-01 01:00:00,14.13,77.2,10.15,12.35,0.0,0.0,1012.07,64.4,12.67,259.4,0.0,UK_Average
2026-09-01 02:00:00,13.77,79.9,10.32,12.28,0.01,0.01,1011.94,44.8,10.97,249.2,0.0,UK_Average
2026-09-01 03:00:00,13.69,81.1,10.46,12.25,0.0,0.0,1011.98,47.7,10.86,250.0,0.0,UK_Average
2026-09-01 04:00:00,13.47,82.5,10.51,12.21,0.0,0.0,1011.85,64.5,9.91,217.0,0.0,UK_Average
2026-09-01 05:00:00,13.29,83.6,10.57,11.95,0.0,0.0,1011.8,61.9,10.45,245.0,0.0,UK_Average
2026-09-01 06:00:00,13.35,84.0,10.69,12.19,0.02,0.02,1011.59,68.6,9.34,234.4,0.0,UK_Average
2026-09-01 07:00:00,13.44,83.9,10.74,12.32,0.01,0.01,1011.55,74.5,9.33,219.8,9.9,UK_Average
2026-09-01 08:00:00,14.02,83.5,11.22,12.56,0.08,0.08,1011.78,75.9,12.72,219.4,82.2,UK_Average
2026-09-01 09:00:00,15.18,79.2,11.52,13.73,0.13,0.13,1011.83,78.7,13.34,224.4,198.4,UK_Average
2026-09-01 10:00:00,16.38,73.7,11.53,14.56,0.1,0.1,1011.82,74.2,15.85,226.2,293.3,UK_Average
2026-09-01 11:00:00,17.56,67.3,11.18,15.39,0.08,0.08,1011.54,63.5,17.66,235.0,374.8,UK_Average
2026-09-01 12:00:00,18.17,65.2,11.15,16.04,0.08,0.08,1011.4,72.5,17.79,239.2,370.6,UK_Average
2026-09-01 13:00:00,18.99,60.0,10.62,16.61,0.03,0.03,1011.47,78.8,18.03,246.8,401.7,UK_Average
2026-09-01 14:00:00,19.14,59.7,10.65,16.53,0.38,0.38,1011.57,82.1,19.78,247.2,378.9,UK_Average
2026-09-01 15:00:00,19.36,59.1,10.72,16.95,0.21,0.21,1011.59,88.2,18.27,249.2,305.7,UK_Average
2026-09-01 16:00:00,19.29,58.8,10.54,16.99,0.07,0.07,1011.47,84.2,17.1,253.0,274.5,UK_Average
2026-09-01 17:00:00,19.04,60.6,10.66,16.79,0.18,0.18,1011.56,84.1,17.26,249.6,203.3,UK_Average
2026-09-01 18:00:00,18.68,62.6,10.87,16.58,0.09,0.09,1011.71,91.3,16.51,254.2,160.5,UK_Average
2026-09-01 19:00:00,17.98,65.9,11.1,16.14,0.07,0.07,1011.86,84.0,15.26,255.6,71.3,UK_Average
2026-09-01 20:00:00,17.42,69.1,11.42,15.83,0.0,0.0,1011.88,100.0,14.05,248.2,4.7,UK_Average
2026-09-01 21:00:00,16.92,71.8,11.62,15.54,0.03,0.03,1012.18,90.0,13.13,242.4,0.0,UK_Average
2026-09-01 22:00:00,16.56,73.4,11.62,15.23,0.08,0.08,1012.34,97.4,12.73,236.4,0.0,UK_Average
2026-09-01 23:00:00,16.15,75.1,11.6,15.05,0.03,0.03,1012.51,90.2,11.05,236.6,0.0,UK_Average
2026-09-02 00:00:00,15.71,77.3,11.65,14.77,0.11,0.11,1012.48,83.2,10.13,238.6,0.0,UK_Average
2026-09-02 01:00:00,15.52,79.4,11.88,14.55,0.03,0.03,1012.33,93.5,10.87,237.6,0.0,UK_Average
2026-09-02 02:00:00,15.31,81.7,12.09,14.44,0.03,0.03,1012.12,96.8,10.58,239.4,0.0,UK_Average
2026-09-02 03:00:00,15.08,82.2,11.99,14.29,0.03,0.03,1012.08,91.6,9.69,238.4,0.0,UK_Average
2026-09-02 04:00:00,15.01,82.9,12.06,14.31,0.08,0.08,1011.69,99.3,9.18,236.2,0.0,UK_Average
2026-09-02 05:00:00,14.8,84.0,12.08,14.35,0.08,0.08,1011.68,99.6,7.75,240.6,0.0,UK_Average
2026-09-02 06:00:00,14.73,84.7,12.14,14.31,0.09,0.09,1011.6,97.8,7.57,214.8,0.0,UK_Average
2026-09-02 07:00:00,14.76,85.4,12.3,14.24,0.09,0.09,1011.61,99.2,8.49,182.6,5.4,UK_Average
2026-09-02 08:00:00,15.0,86.4,12.7,14.47,0.02,0.02,1011.77,94.8,9.51,188.0,45.7,UK_Average
2026-09-02 09:00:00,15.38,85.2,12.86,14.73,0.08,0.08,1011.71,99.4,10.9,191.8,109.1,UK_Average
2026-09-02 10:00:00,15.69,85.1,13.12,15.22,0.22,0.22,1011.64,97.3,10.35,155.0,147.0,UK_Average
2026-09-02 11:00:00,16.2,83.2,13.25,15.56,0.17,0.17,1011.43,99.0,11.8,157.8,200.3,UK_Average
2026-09-02 12:00:00,16.51,82.3,13.4,15.68,0.22,0.22,1010.99,99.9,13.3,155.0,203.9,UK_Average
2026-09-02 13:00:00,16.81,82.9,13.82,15.99,0.2,0.2,1010.43,100.0,14.43,152.2,194.7,UK_Average
2026-09-02 14:00:00,16.9,82.7,13.83,16.08,0.22,0.22,1009.97,98.5,14.47,150.0,175.7,UK_Average
2026-09-02 15:00:00,17.09,83.9,14.2,16.44,0.14,0.14,1009.45,99.5,14.19,152.0,162.9,UK_Average
2026-09-02 16:00:00,17.41,84.5,14.61,16.78,0.05,0.05,1008.76,99.6,15.13,155.2,159.0,UK_Average
2026-09-02 17:00:00,17.6,85.0,14.98,17.12,0.04,0.04,1008.41,98.9,14.98,155.8,122.3,UK_Average
2026-09-02 18:00:00,17.5,87.5,15.37,17.22,0.06,0.06,1007.93,99.4,14.58,159.2,61.3,UK_Average
2026-09-02 19:00:00,17.46,88.3,15.45,17.23,0.07,0.07,1007.57,97.7,14.39,162.6,32.8,UK_Average
2026-09-02 20:00:00,17.39,89.3,15.58,17.47,0.14,0.14,1007.35,95.5,12.56,172.2,3.3,UK_Average
2026-09-02 21:00:00,17.37,88.8,15.5,17.43,0.19,0.19,1007.2,92.7,12.63,205.8,0.0,UK_Average
2026-09-02 22:00:00,17.36,89.1,15.48,17.45,0.39,0.39,1007.04,97.2,12.2,208.6,0.0,UK_Average
2026-09-02 23:00:00,17.2,89.6,15.44,17.27,0.07,0.07,1007.06,97.3,12.2,211.4,0.0,UK_Average
2026-09-03 00:00:00,17.31,89.7,15.59,17.34,0.05,0.05,1006.78,99.5,13.0,228.8,0.0,UK_Average
2026-09-03 01:00:00,17.43,89.8,15.7,17.27,0.06,0.06,1006.51,97.7,14.62,229.0,0.0,UK_Average
2026-09-03 02:00:00,17.36,90.5,15.77,17.12,0.18,0.18,1006.29,99.7,15.35,237.2,0.0,UK_Average
2026-09-03 03:00:00,17.46,88.5,15.51,16.96,0.0,0.0,1006.42,98.9,16.42,237.6,0.0,UK_Average
2026-09-03 04:00:00,17.39,87.6,15.28,16.91,0.01,0.01,1006.21,97.6,15.59,242.6,0.0,UK_Average
2026-09-03 05:00:00,17.34,86.2,15.0,16.67,0.0,0.0,1006.36,94.8,16.21,247.0,0.0,UK_Average
2026-09-03 06:00:00,17.14,84.5,14.5,16.17,0.03,0.03,1006.63,92.8,17.03,249.2,0.0,UK_Average
2026-09-03 07:00:00,16.98,83.5,14.15,15.91,0.0,0.0,1007.02,86.4,16.88,246.2,5.7,UK_Average
2026-09-03 08:00:00,17.1,80.9,13.78,15.92,0.01,0.01,1007.41,91.4,16.63,246.4,49.8,UK_Average
2026-09-03 09:00:00,17.36,78.3,13.54,15.92,0.0,0.0,1007.95,86.2,18.12,249.2,134.3,UK_Average
2026-09-03 10:00:00,18.02,73.5,13.19,16.42,0.0,0.0,1008.45,79.0,18.17,254.8,247.5,UK_Average
2026-09-03 11:00:00,18.71,69.2,12.9,17.06,0.0,0.0,1008.44,80.1,18.0,253.4,323.8,UK_Average
2026-09-03 12:00:00,19.54,64.4,12.57,17.78,0.0,0.0,1008.47,92.0,18.0,253.2,370.8,UK_Average
2026-09-03 13:00:00,20.07,62.5,12.62,18.4,0.0,0.0,1008.47,92.1,17.17,250.2,394.6,UK_Average
2026-09-03 14:00:00,20.51,61.6,12.74,18.77,0.0,0.0,1008.52,95.6,18.25,250.0,406.9,UK_Average
2026-09-03 15:00:00,20.66,63.0,13.2,19.0,0.0,0.0,1008.08,89.2,18.57,241.8,365.2,UK_Average
2026-09-03 16:00:00,20.51,64.5,13.34,19.0,0.03,0.03,1007.9,87.4,17.78,244.0,249.3,UK_Average
2026-09-03 17:00:00,20.06,67.7,13.63,18.51,0.08,0.08,1007.52,91.1,18.87,238.2,200.4,UK_Average
2026-09-03 18:00:00,19.47,70.4,13.74,17.83,0.05,0.05,1007.26,84.1,19.94,237.8,137.1,UK_Average
2026-09-03 19:00:00,18.82,74.9,14.04,17.51,0.12,0.12,1007.01,80.1,18.24,231.8,60.5,UK_Average
2026-09-03 20:00:00,18.33,78.4,14.37,17.04,0.06,0.06,1006.58,82.2,18.91,232.2,2.6,UK_Average
2026-09-03 21:00:00,17.78,80.5,14.28,16.83,0.12,0.12,1006.45,78.7,16.37,233.0,0.0,UK_Average
2026-09-03 22:00:00,17.36,80.6,13.92,16.29,0.13,0.13,1006.03,85.3,16.23,226.8,0.0,UK_Average
2026-09-03 23:00:00,17.09,83.4,14.15,16.14,0.23,0.23,1005.46,97.0,15.95,217.8,0.0,UK_Average
2026-09-04 00:00:00,16.94,84.0,14.14,15.98,0.48,0.48,1004.72,95.8,16.03,220.8,0.0,UK_Average
2026-09-04 01:00:00,16.69,85.8,14.24,15.8,0.59,0.59,1003.71,87.2,15.85,214.8,0.0,UK_Average
2026-09-04 02:00:00,16.69,86.6,14.42,15.54,0.73,0.73,1002.95,94.3,18.18,218.8,0.0,UK_Average
2026-09-04 03:00:00,16.56,87.7,14.49,15.52,0.72,0.72,1002.24,94.6,17.5,219.6,0.0,UK_Average
2026-09-04 04:00:00,16.54,87.8,14.46,15.4,0.34,0.34,1001.94,91.8,18.33,225.8,0.0,UK_Average
2026-09-04 05:00:00,16.44,87.1,14.25,15.18,0.19,0.19,1001.34,98.1,18.71,227.2,0.0,UK_Average
2026-09-04 06:00:00,16.05,87.5,13.95,14.55,0.22,0.22,1001.34,90.2,19.65,235.2,0.0,UK_Average
2026-09-04 07:00:00,15.84,87.8,13.79,14.18,0.45,0.45,1001.23,92.8,20.15,245.4,3.3,UK_Average
2026-09-04 08:00:00,15.64,84.8,13.07,13.5,0.19,0.19,1001.65,93.1,21.48,252.8,51.8,UK_Average
2026-09-04 09:00:00,15.73,82.5,12.7,13.49,0.1,0.1,1002.0,94.6,21.4,254.2,114.9,UK_Average
2026-09-04 10:00:00,16.21,79.3,12.59,13.97,0.1,0.1,1002.05,96.1,21.24,254.4,173.0,UK_Average
2026-09-04 11:00:00,16.54,74.6,11.93,13.75,0.22,0.22,1002.72,85.2,23.49,261.8,289.3,UK_Average
2026-09-04 12:00:00,17.15,67.2,10.92,13.75,0.04,0.04,1003.32,82.2,25.37,263.0,374.3,UK_Average
2026-09-04 13:00:00,17.69,59.8,9.71,13.81,0.0,0.0,1003.96,84.3,26.42,264.8,375.9,UK_Average
2026-09-04 14:00:00,17.83,60.3,9.98,13.96,0.04,0.04,1004.72,75.8,26.78,265.8,412.1,UK_Average
2026-09-04 15:00:00,18.02,59.1,9.89,14.12,0.01,0.01,1005.17,87.2,26.85,265.4,396.3,UK_Average
2026-09-04 16:00:00,17.96,59.8,10.0,14.01,0.0,0.0,1005.54,84.9,27.26,264.6,318.5,UK_Average
2026-09-04 17:00:00,17.79,60.0,9.88,14.13,0.0,0.0,1006.12,79.1,24.99,266.6,238.7,UK_Average
2026-09-04 18:00:00,17.36,61.1,9.7,13.93,0.01,0.01,1006.69,63.3,23.07,266.0,179.7,UK_Average
2026-09-04 19:00:00,17.0,65.0,10.32,13.76,0.0,0.0,1007.42,50.7,22.97,263.6,92.6,UK_Average
2026-09-04 20:00:00,16.25,70.3,10.71,13.45,0.22,0.22,1008.08,64.8,20.7,262.6,0.1,UK_Average
2026-09-04 21:00:00,15.8,71.7,10.66,13.07,0.02,0.02,1008.64,69.7,20.23,260.8,0.0,UK_Average
2026-09-04 22:00:00,15.35,76.1,11.14,12.98,0.04,0.04,1009.11,65.2,18.73,261.2,0.0,UK_Average
2026-09-04 23:00:00,14.99,76.4,10.87,12.58,0.07,0.07,1009.43,45.5,18.42,262.0,0.0,UK_Average
2026-09-05 00:00:00,14.68,77.1,10.67,12.21,0.01,0.01,1009.63,49.0,18.35,261.2,0.0,UK_Average
2026-09-05 01:00:00,14.3,77.9,10.5,11.87,0.02,0.02,1010.12,44.0,17.86,259.2,0.0,UK_Average
2026-09-05 02:00:00,14.03,77.8,10.21,11.46,0.0,0.0,1010.62,71.4,18.14,262.0,0.0,UK_Average
2026-09-05 03:00:00,13.78,77.5,9.91,11.19,0.0,0.0,1011.21,80.9,17.63,261.4,0.0,UK_Average
2026-09-05 04:00:00,13.53,76.5,9.45,10.93,0.0,0.0,1011.77,69.1,16.92,261.0,0.0,UK_Average
2026-09-05 05:00:00,13.21,77.2,9.3,10.73,0.04,0.04,1012.53,44.5,15.88,260.6,0.0,UK_Average
2026-09-05 06:00:00,13.09,76.8,9.09,10.72,0.01,0.01,1013.06,37.8,14.79,261.6,0.0,UK_Average
2026-09-05 07:00:00,12.89,77.9,9.09,10.52,0.01,0.01,1013.83,48.8,14.64,250.8,6.6,UK_Average
2026-09-05 08:00:00,13.43,76.1,9.29,10.95,0.03,0.03,1014.37,49.4,15.94,263.6,79.5,UK_Average
2026-09-05 09:00:00,14.61,70.3,9.23,12.02,0.0,0.0,1015.03,34.2,16.54,265.8,228.5,UK_Average
2026-09-05 10:00:00,15.66,62.7,8.53,12.77,0.0,0.0,1015.8,31.7,17.24,273.8,325.4,UK_Average
2026-09-05 11:00:00,16.71,57.5,8.22,13.85,0.0,0.0,1016.37,46.6,16.5,276.0,401.7,UK_Average
2026-09-05 12:00:00,17.36,55.4,8.24,14.68,0.0,0.0,1016.88,48.3,15.95,277.4,469.3,UK_Average
2026-09-05 13:00:00,18.05,52.1,7.94,15.47,0.0,0.0,1017.16,50.0,15.62,276.2,491.1,UK_Average
2026-09-05 14:00:00,18.59,51.4,8.22,16.08,0.0,0.0,1017.48,49.9,15.74,269.6,489.9,UK_Average
2026-09-05 15:00:00,18.82,51.5,8.43,16.25,0.0,0.0,1017.68,48.6,15.45,269.6,458.6,UK_Average
2026-09-05 16:00:00,18.9,50.1,8.02,16.3,0.0,0.0,1017.67,43.8,14.51,262.6,405.9,UK_Average
2026-09-05 17:00:00,18.77,52.4,8.54,16.4,0.0,0.0,1017.88,37.4,13.73,265.4,325.9,UK_Average
2026-09-05 18:00:00,18.45,54.4,8.76,16.33,0.0,0.0,1017.98,39.8,12.52,266.8,208.0,UK_Average
2026-09-05 19:00:00,17.95,57.1,8.98,15.98,0.0,0.0,1018.34,37.2,11.7,265.0,93.8,UK_Average
2026-09-05 20:00:00,17.24,59.8,9.07,15.61,0.0,0.0,1018.51,37.5,9.62,264.8,0.0,UK_Average
2026-09-05 21:00:00,16.66,62.5,9.29,15.39,0.0,0.0,1018.59,55.7,7.53,256.8,0.0,UK_Average
2026-09-05 22:00:00,16.05,66.0,9.58,14.72,0.0,0.0,1018.63,41.3,8.41,255.0,0.0,UK_Average
2026-09-05 23:00:00,15.69,68.8,9.84,14.77,0.0,0.0,1018.57,46.6,6.05,241.0,0.0,UK_Average
2026-09-06 00:00:00,15.29,70.8,9.94,14.47,0.0,0.0,1018.69,52.4,5.65,201.6,0.0,UK_Average
2026-09-06 01:00:00,14.98,72.5,10.0,14.2,0.02,0.02,1018.27,49.9,5.43,189.8,0.0,UK_Average
2026-09-06 02:00:00,14.55,75.0,10.07,13.82,0.07,0.07,1017.78,61.7,5.39,161.6,0.0,UK_Average
2026-09-06 03:00:00,14.27,77.3,10.29,13.59,0.03,0.03,1017.11,61.8,5.43,146.6,0.0,UK_Average
2026-09-06 04:00:00,14.11,80.7,10.78,13.41,0.07,0.07,1016.34,68.2,6.57,134.0,0.0,UK_Average
2026-09-06 05:00:00,13.92,83.1,11.04,13.16,0.06,0.06,1015.67,52.8,7.48,126.4,0.0,UK_Average
2026-09-06 06:00:00,13.91,83.5,11.1,13.08,0.06,0.06,1015.17,67.1,8.1,158.0,0.0,UK_Average
2026-09-06 07:00:00,14.01,84.3,11.32,13.29,0.12,0.12,1014.7,80.1,7.75,126.6,4.8,UK_Average
2026-09-06 08:00:00,14.51,84.1,11.78,13.8,0.23,0.23,1014.34,76.1,8.66,135.8,66.8,UK_Average
2026-09-06 09:00:00,15.4,81.2,12.12,14.69,0.44,0.44,1013.89,71.7,9.53,138.4,132.8,UK_Average
2026-09-06 10:00:00,16.32,79.4,12.58,15.43,0.39,0.39,1013.6,84.5,11.8,153.6,226.7,UK_Average
2026-09-06 11:00:00,17.66,75.6,13.08,16.68,0.27,0.27,1013.05,84.8,13.46,174.8,270.7,UK_Average
2026-09-06 12:00:00,18.67,71.2,13.0,17.77,0.06,0.06,1012.58,69.9,13.38,173.6,369.7,UK_Average
2026-09-06 13:00:00,19.77,67.2,12.98,18.9,0.2,0.2,1011.94,75.4,14.01,168.8,413.1,UK_Average
2026-09-06 14:00:00,21.16,59.6,12.37,19.91,0.01,0.01,1011.32,70.0,16.06,186.8,527.3,UK_Average
2026-09-06 15:00:00,21.99,53.6,11.39,20.14,0.01,0.01,1010.48,69.9,16.92,188.8,476.7,UK_Average
2026-09-06 16:00:00,22.46,52.9,11.66,20.43,0.01,0.01,1009.99,67.7,17.62,196.8,407.1,UK_Average
2026-09-06 17:00:00,22.37,55.3,12.35,20.49,0.0,0.0,1009.2,76.7,17.92,193.2,321.5,UK_Average
2026-09-06 18:00:00,21.77,58.5,12.73,20.03,0.01,0.01,1008.64,85.7,17.92,187.2,165.7,UK_Average
2026-09-06 19:00:00,21.31,59.9,12.78,19.63,0.0,0.0,1008.27,76.7,17.61,182.6,74.7,UK_Average
2026-09-06 20:00:00,20.75,63.4,13.24,19.21,0.0,0.0,1008.08,76.6,17.58,179.0,0.0,UK_Average
2026-09-06 21:00:00,20.2,66.2,13.39,19.09,0.0,0.0,1007.95,79.0,15.15,184.2,0.0,UK_Average
2026-09-06 22:00:00,19.64,69.6,13.67,18.75,0.01,0.01,1007.92,94.3,14.29,192.6,0.0,UK_Average
2026-09-06 23:00:00,19.1,72.3,13.76,18.32,0.16,0.16,1007.83,87.5,13.85,197.6,0.0,UK_Average
2026-09-07 00:00:00,18.8,73.4,13.8,18.31,0.0,0.0,1007.67,85.7,11.89,204.6,0.0,UK_Average
2026-09-07 01:00:00,18.35,76.3,13.96,17.98,0.0,0.0,1007.58,67.0,11.46,206.0,0.0,UK_Average
2026-09-07 02:00:00,17.76,78.3,13.85,17.37,0.01,0.01,1007.43,71.9,11.32,221.2,0.0,UK_Average
2026-09-07 03:00:00,17.29,80.1,13.77,16.84,0.0,0.0,1007.37,77.4,11.45,226.4,0.0,UK_Average
2026-09-07 04:00:00,16.98,81.9,13.82,16.45,0.0,0.0,1007.18,97.6,12.33,228.0,0.0,UK_Average
2026-09-07 05:00:00,16.75,82.6,13.73,16.1,0.0,0.0,1007.03,89.7,12.93,229.0,0.0,UK_Average
2026-09-07 06:00:00,16.56,84.0,13.82,15.9,0.0,0.0,1007.26,84.5,13.25,234.2,0.0,UK_Average
2026-09-07 07:00:00,16.21,85.5,13.77,15.38,0.03,0.03,1007.42,85.3,14.47,240.6,4.0,UK_Average
2026-09-07 08:00:00,16.35,83.1,13.45,15.32,0.01,0.01,1007.64,99.7,14.83,241.4,49.0,UK_Average
2026-09-07 09:00:00,16.74,79.9,13.24,15.51,0.0,0.0,1008.08,96.8,15.73,249.8,135.3,UK_Average
2026-09-07 10:00:00,17.18,76.6,12.97,15.96,0.11,0.11,1008.23,91.2,15.04,247.2,197.4,UK_Average
2026-09-07 11:00:00,17.58,69.4,11.84,15.72,0.0,0.0,1008.58,93.8,16.85,250.8,306.7,UK_Average
2026-09-07 12:00:00,17.94,66.5,11.51,15.97,0.0,0.0,1008.71,86.9,16.74,247.8,369.8,UK_Average
2026-09-07 13:00:00,18.14,64.0,11.07,16.02,0.0,0.0,1008.73,95.3,17.03,245.8,361.7,UK_Average
2026-09-07 14:00:00,18.43,62.3,10.94,16.27,0.01,0.01,1008.38,86.5,17.43,243.6,418.4,UK_Average
2026-09-07 15:00:00,18.74,59.4,10.51,16.28,0.0,0.0,1008.05,92.4,18.11,238.0,380.2,UK_Average
2026-09-07 16:00:00,19.04,56.3,9.95,16.24,0.0,0.0,1007.24,77.1,19.28,235.0,396.3,UK_Average
2026-09-07 17:00:00,18.58,60.4,10.49,15.95,0.02,0.02,1006.66,79.6,19.19,234.8,277.9,UK_Average
2026-09-07 18:00:00,17.98,63.2,10.67,15.18,0.03,0.03,1006.38,95.7,20.84,235.2,142.2,UK_Average
2026-09-07 19:00:00,17.26,68.0,11.13,14.65,0.09,0.09,1006.13,99.7,20.65,233.0,50.2,UK_Average
2026-09-07 20:00:00,16.63,69.9,11.0,14.08,0.1,0.1,1005.93,99.5,19.85,239.8,0.0,UK_Average
2026-09-07 21:00:00,15.79,74.2,11.08,13.59,0.34,0.34,1005.72,99.1,17.53,237.8,0.0,UK_Average
2026-09-07 22:00:00,15.49,76.2,11.17,13.52,0.29,0.29,1005.0,95.8,15.98,224.6,0.0,UK_Average
2026-09-07 23:00:00,14.98,78.0,11.06,12.68,0.33,0.33,1004.21,99.7,18.07,228.6,0.0,UK_Average
2026-09-08 00:00:00,14.62,79.1,10.92,11.98,0.2,0.2,1003.86,90.5,20.33,221.6,0.0,UK_Average
2026-09-08 01:00:00,14.47,80.3,11.02,12.1,0.33,0.33,1002.99,84.9,18.68,223.2,0.0,UK_Average
2026-09-08 02:00:00,14.31,82.1,11.23,12.08,0.27,0.27,1002.54,94.2,18.15,225.8,0.0,UK_Average
2026-09-08 03:00:00,13.87,83.1,10.98,11.54,0.33,0.33,1001.92,97.6,18.19,227.6,0.0,UK_Average
2026-09-08 04:00:00,13.6,85.2,11.1,11.4,0.39,0.39,1001.28,91.5,17.47,223.6,0.0,UK_Average
2026-09-08 05:00:00,13.26,86.3,10.98,11.2,0.48,0.48,1000.67,97.0,16.32,222.8,0.0,UK_Average
2026-09-08 06:00:00,13.17,85.8,10.81,11.05,0.29,0.29,1000.19,88.4,16.58,224.0,0.0,UK_Average
2026-09-08 07:00:00,12.99,85.6,10.58,10.82,0.43,0.43,1000.16,94.6,16.31,226.6,3.0,UK_Average
2026-09-08 08:00:00,13.11,86.8,10.9,10.91,0.79,0.79,1000.04,93.6,17.14,237.6,37.5,UK_Average
2026-09-08 09:00:00,13.34,85.6,10.95,11.05,0.54,0.54,999.82,95.0,17.79,243.2,96.2,UK_Average
2026-09-08 10:00:00,13.99,83.5,11.17,11.92,0.44,0.44,999.55,79.9,16.71,250.8,175.0,UK_Average
2026-09-08 11:00:00,14.34,77.5,10.35,11.86,0.41,0.41,999.25,91.9,18.04,267.6,207.3,UK_Average
2026-09-08 12:00:00,14.86,73.1,9.96,12.32,0.23,0.23,999.58,87.7,17.73,265.2,265.6,UK_Average
2026-09-08 13:00:00,15.34,71.2,10.0,12.72,0.2,0.2,999.3,88.0,18.42,264.0,355.8,UK_Average
2026-09-08 14:00:00,15.73,67.3,9.51,12.7,0.22,0.22,999.18,76.9,20.22,274.2,331.0,UK_Average
2026-09-08 15:00:00,15.78,67.6,9.42,12.47,0.35,0.35,999.29,80.2,22.07,276.0,313.6,UK_Average
2026-09-08 16:00:00,16.04,65.6,9.32,12.81,0.1,0.1,999.47,70.4,21.09,281.4,310.6,UK_Average
2026-09-08 17:00:00,16.08,65.3,9.34,12.82,0.03,0.03,1000.08,75.1,21.35,281.4,205.2,UK_Average
2026-09-08 18:00:00,16.0,64.0,9.02,12.66,0.13,0.13,1000.69,69.1,21.2,280.4,170.8,UK_Average
2026-09-08 19:00:00,15.53,65.1,8.91,12.33,0.0,0.0,1001.44,48.9,20.12,279.6,80.9,UK_Average
2026-09-08 20:00:00,14.93,67.9,9.01,11.69,0.04,0.04,1002.32,68.0,20.46,277.2,0.0,UK_Average
2026-09-08 21:00:00,14.39,71.0,9.13,11.3,0.02,0.02,1003.04,56.1,19.6,279.4,0.0,UK_Average
2026-09-08 22:00:00,14.12,72.8,9.3,11.1,0.0,0.0,1003.89,50.6,19.55,276.2,0.0,UK_Average
2026-09-08 23:00:00,13.78,75.1,9.42,10.95,0.04,0.04,1004.62,59.7,18.25,276.0,0.0,UK_Average
2026-09-09 00:00:00,13.47,76.0,9.29,10.68,0.0,0.0,1005.3,52.9,17.9,280.8,0.0,UK_Average
2026-09-09 01:00:00,13.05,78.8,9.42,10.47,0.04,0.04,1005.83,53.7,16.66,279.4,0.0,UK_Average
2026-09-09 02:00:00,12.8,80.4,9.45,10.38,0.04,0.04,1006.59,66.1,15.61,281.0,0.0,UK_Average
2026-09-09 03:00:00,12.61,80.7,9.34,10.1,0.0,0.0,1007.07,73.5,16.04,280.2,0.0,UK_Average
2026-09-09 04:00:00,12.46,81.6,9.4,10.04,0.0,0.0,1007.53,62.0,15.63,283.8,0.0,UK_Average
2026-09-09 05:00:00,12.09,81.8,9.05,9.74,0.02,0.02,1008.13,48.5,14.29,283.8,0.0,UK_Average
2026-09-09 06:00:00,12.02,81.5,8.91,9.67,0.0,0.0,1008.73,50.7,14.12,283.0,0.0,UK_Average
2026-09-09 07:00:00,11.96,81.3,8.83,9.74,0.0,0.0,1009.67,52.0,13.21,282.8,3.0,UK_Average
2026-09-09 08:00:00,12.42,78.9,8.86,10.17,0.0,0.0,1010.14,43.6,13.31,286.6,77.8,UK_Average
2026-09-09 09:00:00,13.38,74.2,8.87,11.14,0.0,0.0,1010.63,43.5,13.4,295.2,182.9,UK_Average
2026-09-09 10:00:00,14.29,68.8,8.56,12.09,0.06,0.06,1011.19,47.3,12.53,302.0,321.5,UK_Average
2026-09-09 11:00:00,15.17,62.9,8.07,12.87,0.0,0.0,1011.52,75.9,12.47,296.0,320.4,UK_Average
2026-09-09 12:00:00,15.7,60.3,7.9,13.44,0.0,0.0,1011.86,75.3,11.74,290.8,342.8,UK_Average
2026-09-09 13:00:00,16.0,59.3,7.8,13.85,0.07,0.07,1011.94,72.8,11.03,265.6,345.3,UK_Average
2026-09-09 14:00:00,16.57,55.6,7.48,14.34,0.0,0.0,1012.02,72.8,11.06,264.4,343.5,UK_Average
2026-09-09 15:00:00,16.94,52.0,6.92,14.85,0.0,0.0,1012.08,72.8,9.1,260.2,326.8,UK_Average
2026-09-09 16:00:00,17.01,50.2,6.45,14.7,0.0,0.0,1011.82,68.0,9.8,257.8,307.0,UK_Average
2026-09-09 17:00:00,17.14,51.4,6.89,14.98,0.0,0.0,1011.84,68.8,9.37,256.8,230.2,UK_Average
2026-09-09 18:00:00,16.85,52.4,6.91,14.44,0.0,0.0,1011.88,63.6,11.17,254.2,145.4,UK_Average
2026-09-09 19:00:00,16.2,54.9,6.99,13.89,0.0,0.0,1012.05,36.9,10.59,260.6,77.2,UK_Average
2026-09-09 20:00:00,15.24,60.7,7.61,13.23,0.0,0.0,1012.3,33.2,9.51,222.0,0.0,UK_Average
2026-09-09 21:00:00,14.41,65.6,7.99,12.64,0.0,0.0,1012.44,37.7,8.54,254.2,0.0,UK_Average
2026-09-09 22:00:00,13.93,70.1,8.53,12.42,0.0,0.0,1012.3,57.8,7.81,245.4,0.0,UK_Average
2026-09-09 23:00:00,13.43,72.6,8.55,12.08,0.0,0.0,1012.44,61.1,6.63,236.8,0.0,UK_Average
2026-09-10 00:00:00,13.09,74.7,8.64,11.92,0.0,0.0,1012.16,75.5,5.64,226.0,0.0,UK_Average
2026-09-10 01:00:00,12.78,74.8,8.37,11.57,0.0,0.0,1011.97,67.7,5.52,191.6,0.0,UK_Average
2026-09-10 02:00:00,12.32,76.8,8.31,11.14,0.0,0.0,1011.66,63.8,5.01,182.2,0.0,UK_Average
2026-09-10 03:00:00,12.2,77.7,8.35,11.06,0.01,0.01,1011.57,72.0,4.84,200.6,0.0,UK_Average
2026-09-10 04:00:00,12.21,77.5,8.33,10.78,0.0,0.0,1011.25,84.4,6.8,210.8,0.0,UK_Average
2026-09-10 05:00:00,12.05,78.8,8.46,10.74,0.0,0.0,1010.6,93.0,6.31,220.6,0.0,UK_Average
2026-09-10 06:00:00,11.54,82.7,8.67,10.25,0.0,0.0,1009.93,100.0,6.58,180.4,0.0,UK_Average
2026-09-10 07:00:00,11.59,82.1,8.62,10.15,0.0,0.0,1009.59,91.3,7.48,171.6,3.4,UK_Average
2026-09-10 08:00:00,11.94,81.5,8.84,10.38,0.0,0.0,1009.64,85.0,8.69,169.6,73.7,UK_Average
2026-09-10 09:00:00,12.98,77.9,9.15,11.35,0.0,0.0,1009.31,61.1,9.72,171.0,171.2,UK_Average
2026-09-10 10:00:00,14.15,73.5,9.37,12.15,0.0,0.0,1009.02,78.2,12.72,182.4,229.9,UK_Average
2026-09-10 11:00:00,15.3,68.3,9.37,13.05,0.0,0.0,1008.88,84.1,14.6,174.2,274.1,UK_Average
2026-09-10 12:00:00,16.38,63.4,9.19,13.77,0.01,0.01,1008.49,76.4,16.93,197.0,339.2,UK_Average
2026-09-10 13:00:00,16.83,65.4,10.04,14.47,0.15,0.15,1008.0,83.2,17.12,196.8,308.0,UK_Average
2026-09-10 14:00:00,16.94,68.8,10.79,14.88,0.23,0.23,1007.25,92.3,16.17,181.6,176.2,UK_Average
2026-09-10 15:00:00,16.86,73.1,11.69,14.95,0.23,0.23,1006.22,97.7,16.9,210.8,126.8,UK_Average
2026-09-12 07:00:00,13.57,81.4,10.42,11.69,0.18,0.18,1011.56,92.8,14.03,209.4,1.5,UK_Average
2026-09-12 08:00:00,14.35,81.6,11.22,12.24,0.14,0.14,1011.25,77.7,17.14,212.0,40.4,UK_Average
2026-09-12 09:00:00,15.35,80.4,11.93,13.04,0.1,0.1,1011.07,73.9,19.93,217.0,122.2,UK_Average
2026-09-12 10:00:00,16.4,79.1,12.66,14.43,0.01,0.01,1011.26,88.9,19.4,219.4,175.1,UK_Average
2026-09-12 11:00:00,17.26,78.4,13.38,15.45,0.03,0.03,1011.04,97.4,19.83,230.6,189.4,UK_Average
2026-09-12 12:00:00,18.24,74.9,13.61,16.4,0.0,0.0,1011.16,84.3,20.8,229.0,250.5,UK_Average
2026-09-12 13:00:00,18.8,73.8,13.92,16.99,0.0,0.0,1011.24,77.6,21.54,231.8,291.9,UK_Average
2026-09-12 14:00:00,19.4,72.0,14.09,17.6,0.0,0.0,1011.33,81.7,21.78,242.0,304.1,UK_Average
2026-09-12 15:00:00,19.62,71.5,14.22,18.13,0.0,0.0,1011.46,94.3,19.74,248.4,271.3,UK_Average
2026-09-12 16:00:00,19.66,71.2,14.21,18.23,0.01,0.01,1011.78,92.7,19.29,255.2,186.7,UK_Average
2026-09-12 17:00:00,19.49,71.1,14.02,17.93,0.01,0.01,1012.18,100.0,19.83,260.0,162.3,UK_Average
2026-09-12 18:00:00,18.88,73.0,13.84,17.64,0.03,0.03,1012.69,96.2,17.42,258.8,98.0,UK_Average
2026-09-12 19:00:00,18.17,75.9,13.79,17.01,0.06,0.06,1013.04,94.8,16.97,256.4,38.4,UK_Average
2026-09-12 20:00:00,17.57,78.8,13.79,16.5,0.02,0.02,1013.76,83.9,16.25,250.6,0.0,UK_Average
2026-09-12 21:00:00,17.09,81.3,13.81,16.24,0.02,0.02,1014.1,68.6,14.79,247.2,0.0,UK_Average
2026-09-12 22:00:00,16.8,82.4,13.74,15.94,0.01,0.01,1014.47,69.3,14.76,249.2,0.0,UK_Average
2026-09-12 23:00:00,16.38,83.9,13.62,15.97,0.01,0.01,1014.72,64.3,11.49,247.2,0.0,UK_Average
2026-09-13 00:00:00,16.13,85.9,13.75,15.84,0.02,0.02,1014.79,79.9,10.94,246.8,0.0,UK_Average
2026-09-13 01:00:00,15.86,87.1,13.71,15.55,0.05,0.05,1014.98,81.8,10.98,254.2,0.0,UK_Average
2026-09-13 02:00:00,15.7,87.5,13.62,15.39,0.12,0.12,1015.09,87.0,10.89,255.8,0.0,UK_Average
2026-09-13 03:00:00,15.52,88.7,13.66,15.43,0.25,0.25,1014.99,98.9,9.43,250.6,0.0,UK_Average
2026-09-13 04:00:00,15.33,89.1,13.52,15.27,0.16,0.16,1014.97,100.0,9.01,252.8,0.0,UK_Average
2026-09-13 05:00:00,15.03,89.7,13.32,14.78,0.18,0.18,1014.9,100.0,9.86,254.2,0.0,UK_Average
2026-09-13 06:00:00,14.92,90.2,13.31,14.73,0.28,0.28,1015.23,99.8,9.51,260.0,0.0,UK_Average
2026-09-13 07:00:00,14.88,90.5,13.35,14.95,0.12,0.12,1015.5,99.7,7.72,268.6,0.8,UK_Average
2026-09-13 08:00:00,14.93,90.5,13.39,14.94,0.12,0.12,1015.78,89.8,8.31,246.4,36.5,UK_Average
2026-09-13 09:00:00,15.43,88.9,13.61,15.6,0.06,0.06,1015.72,77.0,7.53,244.0,94.2,UK_Average
2026-09-13 10:00:00,16.19,85.3,13.67,16.33,0.11,0.11,1016.37,83.4,8.15,240.2,160.0,UK_Average
2026-09-13 11:00:00,17.07,80.0,13.52,17.07,0.12,0.12,1016.38,72.6,8.93,244.2,245.9,UK_Average
2026-09-13 12:00:00,17.82,75.2,13.23,17.84,0.1,0.1,1016.5,73.5,7.97,239.8,310.8,UK_Average
2026-09-13 13:00:00,18.39,73.0,13.29,18.4,0.12,0.12,1016.48,82.2,8.27,190.2,316.7,UK_Average
2026-09-13 14:00:00,18.89,70.6,13.18,18.94,0.0,0.0,1016.43,80.1,7.62,228.4,333.8,UK_Average
2026-09-13 15:00:00,19.26,69.1,13.14,19.18,0.02,0.02,1016.16,84.1,8.29,211.8,298.9,UK_Average
2026-09-13 16:00:00,19.16,69.8,13.18,18.95,0.05,0.05,1015.97,93.6,9.23,243.2,237.8,UK_Average
2026-09-13 17:00:00,19.11,71.2,13.43,19.0,0.02,0.02,1015.69,88.0,9.29,229.0,202.3,UK_Average
2026-09-13 18:00:00,18.84,73.2,13.62,18.95,0.02,0.02,1015.64,94.9,8.13,218.0,125.2,UK_Average
2026-09-13 19:00:00,18.39,75.3,13.68,18.41,0.03,0.03,1015.84,98.5,8.99,203.6,44.5,UK_Average
2026-09-13 20:00:00,17.86,78.2,13.84,17.9,0.02,0.02,1015.93,95.4,9.28,193.6,0.0,UK_Average
2026-09-13 21:00:00,17.59,79.8,13.94,17.73,0.0,0.0,1015.93,93.0,8.64,202.0,0.0,UK_Average
2026-09-13 22:00:00,17.52,81.8,14.29,17.81,0.01,0.01,1015.95,95.6,8.26,186.2,0.0,UK_Average
2026-09-13 23:00:00,17.18,84.2,14.44,17.45,0.0,0.0,1015.74,97.7,8.83,208.0,0.0,UK_Average
2026-09-14 00:00:00,16.92,86.0,14.52,17.24,0.02,0.02,1015.46,97.1,8.45,196.0,0.0,UK_Average
2026-09-14 01:00:00,16.82,85.7,14.38,17.17,0.01,0.01,1015.26,89.0,7.82,210.6,0.0,UK_Average
2026-09-14 02:00:00,16.71,87.1,14.53,17.14,0.0,0.0,1015.2,93.4,7.63,208.0,0.0,UK_Average
2026-09-14 03:00:00,16.52,88.7,14.64,17.07,0.0,0.0,1014.97,94.8,7.02,207.6,0.0,UK_Average
2026-09-14 04:00:00,16.46,89.3,14.69,17.08,0.02,0.02,1014.74,96.2,6.75,191.0,0.0,UK_Average
2026-09-14 05:00:00,16.55,89.3,14.77,17.18,0.01,0.01,1014.45,93.3,6.81,203.6,0.0,UK_Average
2026-09-14 06:00:00,16.65,89.7,14.94,17.35,0.0,0.0,1014.14,89.1,6.62,214.0,0.0,UK_Average
2026-09-14 07:00:00,16.75,90.4,15.16,17.39,0.0,0.0,1014.07,92.3,7.71,210.6,0.8,UK_Average
2026-09-14 08:00:00,17.07,88.8,15.19,17.5,0.0,0.0,1014.28,81.9,9.11,219.8,44.2,UK_Average
2026-09-14 09:00:00,17.61,86.9,15.37,17.84,0.0,0.0,1014.38,79.0,10.94,218.8,117.7,UK_Average
2026-09-14 10:00:00,18.28,83.6,15.4,18.4,0.01,0.01,1014.56,74.8,11.89,219.8,178.8,UK_Average
2026-09-14 11:00:00,19.04,80.9,15.61,19.18,0.0,0.0,1014.1,86.5,12.45,219.4,250.1,UK_Average
2026-09-14 12:00:00,19.76,77.4,15.59,19.76,0.0,0.0,1013.96,91.3,13.21,221.8,230.2,UK_Average
2026-09-14 13:00:00,20.39,75.7,15.84,20.56,0.0,0.0,1013.67,84.7,12.92,215.4,249.3,UK_Average
2026-09-14 14:00:00,20.9,74.4,16.06,21.12,0.03,0.03,1013.27,77.8,13.22,233.2,365.9,UK_Average
2026-09-14 15:00:00,21.38,70.8,15.7,21.07,0.0,0.0,1012.72,69.3,15.78,228.6,339.7,UK_Average
2026-09-14 16:00:00,21.58,69.4,15.58,21.22,0.0,0.0,1012.0,64.9,15.79,226.2,292.8,UK_Average
2026-09-14 17:00:00,21.6,68.8,15.39,21.1,0.04,0.04,1011.55,59.8,16.1,231.8,204.7,UK_Average
2026-09-14 18:00:00,21.02,69.5,14.9,20.55,0.02,0.02,1011.1,55.0,14.76,238.4,141.6,UK_Average
2026-09-14 19:00:00,20.28,73.1,15.05,20.14,0.03,0.03,1010.94,62.8,12.8,233.8,41.2,UK_Average
2026-09-14 20:00:00,19.62,76.7,15.19,19.48,0.05,0.05,1010.89,64.9,13.0,227.8,0.0,UK_Average
2026-09-14 21:00:00,19.09,79.9,15.41,19.18,0.04,0.04,1010.56,85.1,12.14,227.6,0.0,UK_Average
2026-09-14 22:00:00,18.66,82.2,15.44,18.8,0.3,0.3,1010.14,86.1,11.79,211.8,0.0,UK_Average
2026-09-14 23:00:00,18.33,83.4,15.4,18.32,0.28,0.28,1009.63,77.3,12.67,210.0,0.0,UK_Average
2026-09-15 00:00:00,18.18,84.8,15.56,18.0,0.0,0.0,1008.98,88.7,14.27,211.2,0.0,UK_Average
2026-09-15 01:00:00,17.9,86.9,15.66,17.74,0.11,0.11,1008.4,86.0,14.37,219.2,0.0,UK_Average
2026-09-15 02:00:00,17.9,86.5,15.57,17.81,0.31,0.31,1008.1,86.9,13.5,219.6,0.0,UK_Average
2026-09-15 03:00:00,17.71,87.1,15.5,17.77,0.63,0.63,1007.3,99.5,12.3,207.6,0.0,UK_Average
2026-09-15 04:00:00,17.47,88.3,15.5,17.34,0.84,0.84,1006.47,99.6,13.85,220.8,0.0,UK_Average
2026-09-15 05:00:00,17.02,88.1,15.01,16.23,0.31,0.31,1006.03,98.5,16.96,215.6,0.0,UK_Average
2026-09-15 06:00:00,16.63,88.2,14.65,15.86,0.07,0.07,1006.01,90.8,15.87,226.4,0.0,UK_Average
2026-09-15 07:00:00,16.11,88.0,14.09,14.9,0.11,0.11,1006.23,98.6,17.61,238.6,0.4,UK_Average
2026-09-15 08:00:00,15.75,86.3,13.43,14.34,0.46,0.46,1006.71,77.2,17.33,247.0,39.3,UK_Average
2026-09-15 09:00:00,15.87,82.5,12.88,14.37,0.47,0.47,1007.12,75.8,16.66,255.0,122.2,UK_Average
2026-09-15 10:00:00,16.52,75.6,12.13,14.49,0.11,0.11,1007.47,68.2,18.49,261.2,240.3,UK_Average
2026-09-15 11:00:00,17.05,72.5,11.96,15.08,0.04,0.04,1007.56,67.8,17.71,264.8,271.3,UK_Average
2026-09-15 12:00:00,17.49,70.2,11.85,15.38,0.04,0.04,1007.56,86.4,18.53,262.6,301.1,UK_Average
2026-09-15 13:00:00,17.97,67.4,11.6,15.76,0.05,0.05,1007.71,65.8,18.74,266.8,385.0,UK_Average
2026-09-15 14:00:00,18.26,62.9,10.87,15.87,0.02,0.02,1007.84,59.6,18.45,270.6,360.9,UK_Average
2026-09-15 15:00:00,18.41,59.6,10.14,15.52,0.02,0.02,1008.26,72.7,20.26,273.6,340.4,UK_Average
2026-09-15 16:00:00,18.27,59.2,9.81,15.37,0.13,0.13,1008.47,60.8,19.64,273.0,317.8,UK_Average
2026-09-15 17:00:00,17.8,63.6,10.5,15.25,0.12,0.12,1008.88,72.6,18.5,274.8,202.0,UK_Average
2026-09-15 18:00:00,17.44,65.8,10.68,15.17,0.0,0.0,1009.1,58.2,17.16,272.4,149.6,UK_Average
2026-09-15 19:00:00,16.75,69.6,10.92,14.6,0.02,0.02,1009.67,64.2,16.63,276.0,46.0,UK_Average
2026-09-15 20:00:00,15.96,72.6,10.84,13.79,0.0,0.0,1010.41,70.7,16.64,280.8,0.0,UK_Average
2026-09-15 21:00:00,15.22,75.2,10.7,13.05,0.0,0.0,1010.95,59.4,16.41,280.4,0.0,UK_Average
2026-09-15 22:00:00,14.86,78.2,10.97,12.78,0.0,0.0,1011.45,64.0,16.34,278.4,0.0,UK_Average
2026-09-15 23:00:00,14.33,79.7,10.78,12.3,0.0,0.0,1011.78,61.6,15.54,280.6,0.0,UK_Average
2026-09-16 00:00:00,14.0,80.7,10.67,11.99,0.0,0.0,1011.96,72.3,15.17,286.0,0.0,UK_Average
2026-09-16 01:00:00,13.48,81.6,10.37,11.52,0.0,0.0,1012.02,55.7,14.44,282.0,0.0,UK_Average
2026-09-16 02:00:00,13.21,82.0,10.19,11.27,0.03,0.03,1012.24,57.4,13.96,282.6,0.0,UK_Average
2026-09-16 03:00:00,12.8,82.6,9.9,10.92,0.0,0.0,1012.44,61.0,12.82,277.8,0.0,UK_Average
2026-09-16 04:00:00,12.77,84.2,10.16,11.1,0.0,0.0,1012.65,55.1,11.96,271.4,0.0,UK_Average
2026-09-16 05:00:00,12.53,84.3,9.92,10.69,0.05,0.05,1012.82,78.2,12.58,276.6,0.0,UK_Average
2026-09-16 06:00:00,12.42,84.4,9.84,10.48,0.03,0.03,1012.98,79.4,13.16,273.2,0.0,UK_Average
2026-09-16 07:00:00,12.28,85.2,9.84,10.48,0.0,0.0,1013.39,72.7,12.23,277.8,0.5,UK_Average
2026-09-16 08:00:00,12.54,84.3,9.95,10.76,0.06,0.06,1013.47,58.4,12.29,272.0,50.5,UK_Average
2026-09-16 09:00:00,13.55,79.9,10.11,11.73,0.02,0.02,1013.91,78.5,12.75,276.8,131.1,UK_Average
2026-09-16 10:00:00,14.42,74.5,9.86,12.39,0.07,0.07,1013.75,77.3,13.84,278.6,209.9,UK_Average
2026-09-16 11:00:00,15.32,69.7,9.74,13.47,0.0,0.0,1013.72,89.1,12.42,284.8,258.7,UK_Average
2026-09-16 12:00:00,15.94,67.1,9.71,14.25,0.04,0.04,1013.35,88.1,11.25,277.0,255.8,UK_Average
2026-09-16 13:00:00,16.41,63.3,9.29,14.57,0.01,0.01,1012.91,92.4,11.42,250.4,248.3,UK_Average
2026-09-16 14:00:00,16.73,61.6,9.18,14.58,0.0,0.0,1012.47,93.8,13.4,250.2,255.6,UK_Average
2026-09-16 15:00:00,16.99,61.0,9.26,14.52,0.0,0.0,1012.07,95.9,15.69,251.4,270.5,UK_Average
2026-09-16 16:00:00,16.74,62.3,9.3,14.16,0.0,0.0,1011.43,88.8,16.31,244.4,236.1,UK_Average
2026-09-16 17:00:00,16.4,63.1,9.16,13.78,0.0,0.0,1010.86,86.2,16.55,246.4,176.6,UK_Average
2026-09-16 18:00:00,15.85,65.7,9.2,13.35,0.05,0.05,1010.07,81.3,15.78,243.0,123.6,UK_Average
2026-09-16 19:00:00,15.21,68.1,9.14,12.69,0.09,0.09,1009.68,92.3,15.84,247.6,37.2,UK_Average
2026-09-16 20:00:00,14.79,69.7,9.11,12.42,0.01,0.01,1009.2,95.5,14.52,242.8,0.0,UK_Average
2026-09-16 21:00:00,14.43,73.5,9.59,12.23,0.06,0.06,1008.44,100.0,14.47,232.6,0.0,UK_Average
2026-09-16 22:00:00,14.13,76.8,10.03,11.95,0.17,0.17,1007.59,99.7,15.16,221.8,0.0,UK_Average
2026-09-16 23:00:00,13.9,79.1,10.26,11.42,0.11,0.11,1006.45,100.0,17.79,219.8,0.0,UK_Average
2026-09-17 00:00:00,13.79,81.1,10.5,11.33,0.16,0.16,1005.36,98.0,18.0,216.6,0.0,UK_Average
2026-09-17 01:00:00,13.84,82.1,10.76,11.32,0.15,0.15,1004.33,83.1,18.92,215.2,0.0,UK_Average
2026-09-17 02:00:00,13.78,83.0,10.89,11.5,0.12,0.12,1003.48,81.9,17.55,222.0,0.0,UK_Average
2026-09-17 03:00:00,13.64,83.5,10.88,11.48,0.16,0.16,1003.02,82.1,16.83,222.2,0.0,UK_Average
2026-09-17 04:00:00,13.5,84.4,10.88,11.28,0.07,0.07,1002.32,76.9,17.28,221.2,0.0,UK_Average
2026-09-17 05:00:00,13.29,86.9,11.11,11.29,0.21,0.21,1001.83,73.8,16.34,222.0,0.0,UK_Average
2026-09-17 06:00:00,13.24,86.5,11.0,11.0,0.26,0.26,1001.23,82.7,17.63,228.0,0.0,UK_Average
2026-09-17 07:00:00,13.32,86.9,11.17,11.33,0.26,0.26,1000.91,91.7,16.42,238.0,0.4,UK_Average
2026-09-17 08:00:00,13.44,85.9,11.09,11.3,0.18,0.18,1000.79,62.8,17.13,241.8,34.6,UK_Average
2026-09-17 09:00:00,13.88,82.6,10.89,11.63,0.05,0.05,1000.72,65.2,17.71,251.6,102.5,UK_Average
2026-09-17 10:00:00,14.45,77.6,10.51,11.72,0.04,0.04,1000.96,69.4,19.95,253.0,211.1,UK_Average
2026-09-17 11:00:00,15.14,70.0,9.59,12.22,0.01,0.01,1001.08,74.2,19.48,256.8,260.4,UK_Average
2026-09-17 12:00:00,15.81,65.0,8.97,12.58,0.01,0.01,1000.92,69.5,20.46,257.2,326.9,UK_Average
2026-09-17 13:00:00,16.03,63.7,8.91,12.62,0.03,0.03,1000.85,77.6,21.76,257.4,322.6,UK_Average
2026-09-17 14:00:00,15.94,64.4,8.98,12.44,0.03,0.03,1001.08,91.2,22.25,255.0,281.1,UK_Average
2026-09-17 15:00:00,15.92,64.2,8.76,12.22,0.27,0.27,1000.91,80.8,23.22,258.6,302.7,UK_Average
2026-09-17 16:00:00,15.99,64.6,8.96,12.44,0.05,0.05,1000.98,71.3,22.54,259.8,316.3,UK_Average
2026-09-17 17:00:00,15.78,63.1,8.53,12.18,0.04,0.04,1001.26,69.6,21.95,261.6,180.9,UK_Average
2026-09-17 18:00:00,15.3,64.5,8.43,11.69,0.02,0.02,1001.51,77.6,22.06,263.4,118.6,UK_Average
2026-09-17 19:00:00,14.52,68.9,8.71,11.33,0.03,0.03,1001.77,67.7,19.62,259.0,36.0,UK_Average
2026-09-17 20:00:00,14.08,71.9,8.94,10.99,0.0,0.0,1002.24,70.1,19.34,261.4,0.0,UK_Average
2026-09-17 21:00:00,13.92,72.6,8.97,10.95,0.02,0.02,1002.39,65.8,18.64,260.0,0.0,UK_Average
2026-09-17 22:00:00,13.71,73.2,8.93,10.72,0.03,0.03,1002.69,65.5,18.47,258.6,0.0,UK_Average
2026-09-17 23:00:00,13.36,73.5,8.69,10.47,0.01,0.01,1002.89,36.4,17.67,256.2,0.0,UK_Average
2026-09-18 00:00:00,13.1,74.4,8.62,10.3,0.0,0.0,1002.86,29.4,16.64,255.8,0.0,UK_Average
2026-09-18 01:00:00,12.83,76.3,8.74,10.14,0.05,0.05,1002.94,32.9,16.26,251.0,0.0,UK_Average
2026-09-18 02:00:00,12.68,76.8,8.68,9.87,0.05,0.05,1003.08,49.0,16.82,252.4,0.0,UK_Average
2026-09-18 03:00:00,12.66,77.7,8.84,9.94,0.0,0.0,1003.42,42.8,16.63,256.6,0.0,UK_Average
2026-09-18 04:00:00,12.56,79.0,9.02,10.02,0.0,0.0,1003.48,85.6,15.7,256.6,0.0,UK_Average
2026-09-18 05:00:00,12.53,81.3,9.37,10.1,0.01,0.01,1003.65,84.8,15.47,248.8,0.0,UK_Average
2026-09-18 06:00:00,12.63,80.7,9.38,10.29,0.0,0.0,1003.76,95.1,15.01,249.4,0.0,UK_Average
2026-09-18 07:00:00,12.79,80.2,9.45,10.68,0.01,0.01,1003.97,88.2,13.56,244.2,0.3,UK_Average
2026-09-18 08:00:00,13.11,79.1,9.53,11.05,0.0,0.0,1004.24,93.6,13.24,239.8,40.4,UK_Average
2026-09-18 09:00:00,13.57,75.9,9.39,11.44,0.0,0.0,1004.33,91.7,13.51,236.8,111.2,UK_Average
2026-09-18 10:00:00,14.42,72.0,9.43,11.97,0.0,0.0,1004.64,89.2,15.78,236.6,215.9,UK_Average
2026-09-18 11:00:00,15.25,68.2,9.38,12.53,0.0,0.0,1004.29,95.8,17.58,233.4,240.5,UK_Average
2026-09-18 12:00:00,15.72,66.4,9.38,12.96,0.01,0.01,1004.25,95.3,17.86,231.0,272.8,UK_Average
2026-09-18 13:00:00,16.07,66.0,9.58,13.01,0.04,0.04,1003.8,87.2,20.34,228.0,266.9,UK_Average
2026-09-18 14:00:00,15.89,70.4,10.31,13.11,0.13,0.13,1003.29,99.3,19.8,223.2,202.9,UK_Average
2026-09-18 15:00:00,15.56,73.9,10.68,12.74,0.23,0.23,1002.76,99.8,20.78,218.8,140.3,UK_Average
2026-09-18 16:00:00,15.24,77.5,11.1,12.56,0.23,0.23,1001.8,100.0,20.75,216.8,113.2,UK_Average
2026-09-18 17:00:00,15.3,78.7,11.41,12.45,0.34,0.34,1001.4,98.7,22.65,218.4,84.6,UK_Average
2026-09-18 18:00:00,15.33,80.3,11.79,12.57,0.21,0.21,1001.0,99.0,22.76,219.4,42.1,UK_Average
2026-09-18 19:00:00,15.59,82.6,12.53,13.09,0.09,0.09,1000.53,98.0,22.56,220.4,21.4,UK_Average
2026-09-18 20:00:00,15.79,82.8,12.79,13.38,0.05,0.05,1000.94,97.9,22.57,220.4,0.0,UK_Average
2026-09-18 21:00:00,15.86,83.6,13.02,13.63,0.05,0.05,1000.91,95.5,21.96,223.2,0.0,UK_Average
2026-09-18 22:00:00,15.87,83.8,13.04,13.58,0.05,0.05,1000.99,95.4,22.5,227.8,0.0,UK_Average
2026-09-18 23:00:00,15.72,85.7,13.27,13.74,0.09,0.09,1001.26,91.9,21.14,230.2,0.0,UK_Average
2026-09-19 00:00:00,15.75,85.3,13.23,13.87,0.05,0.05,1001.38,95.6,20.21,230.2,0.0,UK_Average
2026-09-19 01:00:00,15.69,86.6,13.44,13.97,0.08,0.08,1001.39,97.7,19.37,233.2,0.0,UK_Average
2026-09-19 02:00:00,15.71,85.3,13.22,14.04,0.06,0.06,1001.21,89.0,18.62,235.0,0.0,UK_Average
2026-09-19 03:00:00,15.79,85.2,13.28,14.01,0.04,0.04,1001.38,94.0,19.63,233.2,0.0,UK_Average
2026-09-19 04:00:00,15.72,84.7,13.14,13.79,0.02,0.02,1001.19,90.0,20.3,232.8,0.0,UK_Average
2026-09-19 05:00:00,15.66,84.0,12.94,13.61,0.03,0.03,1001.41,94.1,20.78,233.8,0.0,UK_Average
2026-09-19 06:00:00,15.55,83.8,12.8,13.5,0.03,0.03,1001.42,92.9,20.56,232.0,0.0,UK_Average
2026-09-19 07:00:00,15.42,82.7,12.48,13.24,0.01,0.01,1001.77,81.0,20.6,232.0,0.1,UK_Average
2026-09-19 08:00:00,15.64,83.9,12.87,13.57,0.09,0.09,1002.22,81.1,20.78,233.8,25.9,UK_Average
2026-09-19 09:00:00,16.04,81.6,12.86,13.65,0.1,0.1,1002.69,86.3,22.84,242.8,92.5,UK_Average
2026-09-19 10:00:00,16.46,77.9,12.52,13.85,0.06,0.06,1003.15,69.4,23.66,247.0,188.1,UK_Average
2026-09-19 11:00:00,16.35,78.3,12.44,13.62,0.29,0.29,1003.73,82.2,24.45,246.2,219.9,UK_Average
2026-09-19 12:00:00,16.8,75.5,12.29,14.01,0.21,0.24,1004.57,92.3,24.47,244.6,238.2,UK_Average
2026-09-19 13:00:00,17.34,69.3,11.42,14.15,0.15,0.15,1005.34,80.3,25.68,251.6,300.9,UK_Average
2026-09-19 14:00:00,17.57,66.9,11.04,14.47,0.12,0.11,1005.79,80.8,24.3,252.8,365.2,UK_Average
2026-09-19 15:00:00,17.54,66.1,10.81,14.35,0.13,0.09,1006.11,74.6,24.46,257.0,282.3,UK_Average
2026-09-19 16:00:00,17.91,63.3,10.66,14.72,0.0,0.0,1006.25,92.6,23.91,256.2,261.8,UK_Average
2026-09-19 17:00:00,17.64,62.7,10.31,14.52,0.0,0.0,1006.64,68.5,22.85,255.2,209.7,UK_Average
2026-09-19 18:00:00,16.88,67.6,10.6,14.13,0.13,0.13,1007.3,88.3,21.13,254.4,100.7,UK_Average
2026-09-19 19:00:00,16.37,69.4,10.63,13.69,0.01,0.01,1007.96,90.4,20.58,249.8,33.9,UK_Average
2026-09-19 20:00:00,15.99,72.0,10.85,13.44,0.0,0.0,1008.64,85.8,19.78,247.6,0.0,UK_Average
2026-09-19 21:00:00,15.71,72.3,10.7,13.18,0.0,0.0,1008.74,76.3,19.15,249.4,0.0,UK_Average
2026-09-19 22:00:00,15.44,73.6,10.72,12.87,0.0,0.0,1009.27,64.8,19.44,251.4,0.0,UK_Average
2026-09-19 23:00:00,15.05,76.4,10.89,12.62,0.03,0.03,1009.68,60.1,19.08,251.4,0.0,UK_Average
2026-09-20 00:00:00,14.73,75.5,10.41,12.09,0.05,0.05,1010.22,47.9,19.41,253.8,0.0,UK_Average
2026-09-20 01:00:00,14.44,74.6,9.95,11.69,0.0,0.0,1010.92,47.8,19.06,258.0,0.0,UK_Average
2026-09-20 02:00:00,14.25,75.0,9.88,11.49,0.0,0.0,1011.49,48.9,19.08,261.6,0.0,UK_Average
