timestamp,temperature_2m,relative_humidity_2m,dew_point_2m,apparent_temperature,precipitation,rain,surface_pressure,cloud_cover,wind_speed_10m,wind_direction_10m,shortwave_radiation,city
2026-08-20 11:00:00,17.2,68,11.4,16.3,0.0,0.0,989.1,100,9.2,268,454.0,Birmingham
2026-08-20 11:00:00,16.6,81,13.3,15.3,0.4,0.4,1003.7,24,15.7,246,449.0,Bristol
2026-08-20 11:00:00,18.0,66,11.5,16.3,0.0,0.0,1003.2,30,15.0,280,476.0,Cardiff
2026-08-20 11:00:00,13.4,72,8.5,10.4,0.3,0.3,999.0,95,18.2,20,389.0,Edinburgh
2026-08-20 11:00:00,14.5,63,7.7,12.1,0.3,0.3,1002.7,67,12.5,21,480.0,Glasgow
2026-08-20 11:00:00,12.9,74,8.4,11.1,0.0,0.0,1009.5,84,9.2,2,400.0,Inverness
2026-08-20 11:00:00,14.6,84,12.0,12.8,0.3,0.3,997.5,100,16.3,7,264.0,Leeds
2026-08-20 11:00:00,20.5,57,11.7,19.3,0.0,0.0,1003.0,35,13.5,243,598.0,London
2026-08-20 11:00:00,16.5,75,12.0,16.5,0.0,0.0,998.7,100,4.1,347,416.0,Manchester
2026-08-20 11:00:00,14.9,75,10.5,10.0,0.0,0.0,1004.9,78,34.6,11,444.0,Newcastle
2026-08-20 12:00:00,18.0,63,10.9,16.9,0.0,0.0,989.5,100,9.4,271,484.0,Birmingham
2026-08-20 12:00:00,18.1,70,12.6,16.9,0.1,0.1,1004.1,23,17.4,254,658.0,Bristol
2026-08-20 12:00:00,19.2,64,12.3,17.9,0.0,0.0,1003.6,57,14.3,282,569.0,Cardiff
2026-08-20 12:00:00,13.5,75,9.2,10.9,0.3,0.3,999.5,98,16.3,29,384.0,Edinburgh
2026-08-20 12:00:00,15.2,66,9.0,13.0,0.1,0.1,1003.1,31,13.0,25,530.0,Glasgow
2026-08-20 12:00:00,13.7,69,8.0,11.5,0.1,0.1,1009.6,100,11.5,9,554.0,Inverness
2026-08-20 12:00:00,15.0,83,12.1,13.0,0.4,0.4,998.0,99,18.2,9,377.0,Leeds
2026-08-20 12:00:00,21.3,51,10.7,19.4,0.0,0.0,1003.1,100,14.7,245,568.0,London
2026-08-20 12:00:00,16.9,72,11.9,16.6,0.1,0.1,999.0,96,5.5,333,363.0,Manchester
2026-08-20 12:00:00,14.6,77,10.5,9.7,0.0,0.0,1005.4,91,34.4,5,551.0,Newcastle
2026-08-20 13:00:00,19.5,58,11.0,18.6,0.1,0.1,989.9,95,8.1,294,409.0,Birmingham
2026-08-20 13:00:00,18.2,69,12.4,16.5,0.0,0.0,1004.4,13,20.4,267,659.0,Bristol
2026-08-20 13:00:00,18.5,66,12.1,17.3,0.0,0.0,1004.1,37,16.6,288,656.0,Cardiff
2026-08-20 13:00:00,14.0,67,8.0,11.1,0.0,0.0,999.9,85,16.7,28,267.0,Edinburgh
2026-08-20 13:00:00,15.7,58,7.5,14.1,0.0,0.0,1003.5,64,9.3,36,621.0,Glasgow
2026-08-20 13:00:00,12.4,76,8.3,10.1,0.0,0.0,1010.0,93,12.4,1,315.0,Inverness
2026-08-20 13:00:00,13.9,84,11.2,11.5,0.2,0.2,999.2,100,18.7,8,388.0,Leeds
2026-08-20 13:00:00,22.2,47,10.2,20.4,0.0,0.0,1003.2,64,13.0,256,425.0,London
2026-08-20 13:00:00,15.7,76,11.6,14.2,1.1,1.1,1000.1,81,13.8,27,414.0,Manchester
2026-08-20 13:00:00,14.7,76,10.5,10.6,0.1,0.1,1006.1,42,32.1,4,640.0,Newcastle
2026-08-20 14:00:00,17.9,58,9.6,16.5,0.8,0.8,990.3,80,12.2,296,639.0,Birmingham
2026-08-20 14:00:00,19.1,59,10.9,17.1,0.2,0.2,1004.3,34,20.9,277,711.0,Bristol
2026-08-20 14:00:00,19.5,65,12.9,18.4,0.3,0.3,1004.3,26,17.8,290,664.0,Cardiff
2026-08-20 14:00:00,14.6,64,7.8,12.0,0.0,0.0,1000.4,83,13.6,29,370.0,Edinburgh
2026-08-20 14:00:00,15.7,59,7.8,13.9,0.2,0.2,1004.0,74,8.4,28,540.0,Glasgow
2026-08-20 14:00:00,13.8,70,8.4,11.9,0.3,0.3,1010.1,55,9.7,357,365.0,Inverness
2026-08-20 14:00:00,13.8,83,11.1,11.5,0.3,0.3,999.5,100,18.2,359,125.0,Leeds
2026-08-20 14:00:00,19.6,62,12.0,18.0,1.6,1.6,1003.7,31,17.5,229,614.0,London
2026-08-20 14:00:00,16.1,72,11.0,14.2,0.2,0.2,1000.6,100,15.3,20,449.0,Manchester
2026-08-20 14:00:00,14.8,75,10.3,11.0,0.0,0.0,1006.7,30,29.6,3,650.0,Newcastle
2026-08-20 15:00:00,18.5,62,11.0,17.3,0.6,0.6,990.4,48,11.3,312,573.0,Birmingham
2026-08-20 15:00:00,19.3,58,10.8,17.1,0.4,0.4,1004.6,47,19.8,281,652.0,Bristol
2026-08-20 15:00:00,19.6,59,11.3,17.9,0.1,0.1,1004.6,29,18.1,299,640.0,Cardiff
2026-08-20 15:00:00,15.2,60,7.6,12.7,0.1,0.1,1000.6,39,12.6,33,553.0,Edinburgh
2026-08-20 15:00:00,15.7,62,8.4,14.4,0.1,0.1,1004.3,65,5.9,38,474.0,Glasgow
2026-08-20 15:00:00,14.5,66,8.2,12.3,0.1,0.1,1010.2,93,12.1,358,541.0,Inverness
2026-08-20 15:00:00,14.6,75,10.3,12.2,0.3,0.3,1000.3,100,17.2,7,220.0,Leeds
2026-08-20 15:00:00,21.3,52,10.9,19.4,0.1,0.1,1003.2,62,15.0,238,553.0,London
2026-08-20 15:00:00,16.0,71,10.8,14.5,0.0,0.0,1001.4,100,12.1,20,322.0,Manchester
2026-08-20 15:00:00,14.8,74,10.2,10.9,0.0,0.0,1007.0,28,29.8,3,642.0,Newcastle
2026-08-20 16:00:00,18.2,58,9.7,15.9,0.4,0.4,990.9,25,14.6,328,539.0,Birmingham
2026-08-20 16:00:00,19.6,56,10.7,16.9,0.1,0.1,1004.9,25,20.0,285,530.0,Bristol
2026-08-20 16:00:00,19.9,59,11.7,18.1,0.1,0.1,1005.0,22,17.5,295,591.0,Cardiff
2026-08-20 16:00:00,14.9,62,7.6,12.8,0.2,0.2,1000.8,44,10.2,37,426.0,Edinburgh
2026-08-20 16:00:00,15.9,61,8.3,14.6,0.1,0.1,1004.5,55,5.2,16,423.0,Glasgow
2026-08-20 16:00:00,13.3,77,9.3,11.9,0.7,0.7,1010.7,66,8.4,10,311.0,Inverness
2026-08-20 16:00:00,14.4,78,10.6,12.6,0.5,0.5,1000.8,100,13.3,1,145.0,Leeds
2026-08-20 16:00:00,21.4,49,10.1,19.3,0.8,0.8,1003.4,8,15.8,259,593.0,London
2026-08-20 16:00:00,16.4,68,10.5,15.1,0.0,0.0,1001.9,100,9.9,15,267.0,Manchester
2026-08-20 16:00:00,14.8,73,10.0,10.5,0.0,0.0,1007.5,35,29.8,4,559.0,Newcastle
2026-08-20 17:00:00,17.7,60,10.0,15.4,0.2,0.2,991.4,47,15.5,356,436.0,Birmingham
2026-08-20 17:00:00,19.4,56,10.4,16.8,0.2,0.2,1005.2,23,18.5,292,469.0,Bristol
2026-08-20 17:00:00,19.7,59,11.4,17.8,0.0,0.0,1005.1,10,16.3,297,475.0,Cardiff
2026-08-20 17:00:00,14.8,64,8.0,13.3,0.1,0.1,1000.9,30,6.9,51,367.0,Edinburgh
2026-08-20 17:00:00,16.1,59,8.0,14.7,0.1,0.1,1004.6,45,6.1,332,433.0,Glasgow
2026-08-20 17:00:00,12.2,82,9.3,10.5,0.8,0.8,1011.0,99,10.3,4,384.0,Inverness
2026-08-20 17:00:00,15.0,71,9.9,13.0,0.0,0.0,1001.2,100,13.6,354,230.0,Leeds
2026-08-20 17:00:00,22.2,44,9.5,19.9,0.1,0.1,1003.3,25,15.1,270,500.0,London
2026-08-20 17:00:00,16.7,65,10.1,15.5,0.0,0.0,1002.4,100,8.6,358,247.0,Manchester
2026-08-20 17:00:00,14.6,78,10.8,10.2,0.1,0.1,1008.0,45,31.9,4,453.0,Newcastle
2026-08-20 18:00:00,16.3,66,9.9,13.7,0.5,0.5,992.4,80,17.5,4,275.0,Birmingham
2026-08-20 18:00:00,18.4,62,11.1,16.4,0.3,0.3,1005.5,39,15.8,291,346.0,Bristol
2026-08-20 18:00:00,19.5,57,10.7,17.4,0.0,0.0,1005.5,35,15.9,316,380.0,Cardiff
2026-08-20 18:00:00,14.7,65,8.2,13.4,0.0,0.0,1001.2,18,5.5,81,291.0,Edinburgh
2026-08-20 18:00:00,14.9,65,8.4,13.5,0.2,0.2,1004.9,76,6.9,298,306.0,Glasgow
2026-08-20 18:00:00,11.9,84,9.3,10.7,0.4,0.4,1011.2,97,6.7,6,105.0,Inverness
2026-08-20 18:00:00,14.9,70,9.5,13.0,0.0,0.0,1001.7,100,11.8,352,127.0,Leeds
2026-08-20 18:00:00,21.5,45,9.0,18.9,0.1,0.1,1003.6,36,15.9,282,237.0,London
2026-08-20 18:00:00,16.1,67,10.0,15.1,0.0,0.0,1002.9,99,7.2,338,87.0,Manchester
2026-08-20 18:00:00,14.8,72,9.7,10.0,0.1,0.1,1008.4,78,32.5,3,280.0,Newcastle
2026-08-20 19:00:00,15.6,72,10.5,13.5,0.8,0.8,993.2,34,14.8,10,133.0,Birmingham
2026-08-20 19:00:00,16.0,79,12.4,15.0,0.2,0.2,1006.6,63,12.1,333,183.0,Bristol
2026-08-20 19:00:00,17.2,67,11.1,15.7,0.0,0.0,1006.4,24,12.7,337,206.0,Cardiff
2026-08-20 19:00:00,13.8,74,9.2,12.7,0.1,0.1,1001.7,52,6.4,80,193.0,Edinburgh
2026-08-20 19:00:00,15.2,66,8.8,14.1,0.0,0.0,1005.2,70,5.1,315,204.0,Glasgow
2026-08-20 19:00:00,12.5,81,9.4,11.6,0.2,0.2,1011.5,100,5.1,352,109.0,Inverness
2026-08-20 19:00:00,14.2,75,9.9,12.6,0.0,0.0,1002.6,100,11.2,3,86.0,Leeds
2026-08-20 19:00:00,19.4,61,11.6,18.8,0.0,0.0,1004.7,27,7.3,293,133.0,London
2026-08-20 19:00:00,15.4,74,10.7,14.7,0.0,0.0,1003.6,100,6.1,346,76.0,Manchester
2026-08-20 19:00:00,15.0,72,10.0,10.4,0.1,0.1,1008.8,27,31.3,0,108.0,Newcastle
2026-08-20 20:00:00,14.6,76,10.5,13.0,0.1,0.1,994.1,55,11.7,3,61.0,Birmingham
2026-08-20 20:00:00,16.1,79,12.5,15.4,0.1,0.1,1007.2,38,10.1,341,57.0,Bristol
2026-08-20 20:00:00,16.5,73,11.6,15.6,0.1,0.1,1007.2,26,9.6,3,70.0,Cardiff
2026-08-20 20:00:00,13.1,82,10.1,12.6,0.1,0.1,1002.1,33,3.5,51,76.0,Edinburgh
2026-08-20 20:00:00,14.3,75,10.0,13.7,0.1,0.1,1005.5,87,3.9,294,65.0,Glasgow
2026-08-20 20:00:00,11.9,84,9.2,10.7,0.1,0.1,1012.0,100,6.2,327,30.0,Inverness
2026-08-20 20:00:00,13.8,77,9.7,11.9,0.0,0.0,1003.1,66,12.2,1,19.0,Leeds
2026-08-20 20:00:00,18.1,68,12.1,17.5,0.4,0.4,1005.3,35,8.3,292,52.0,London
2026-08-20 20:00:00,14.6,76,10.5,13.9,0.1,0.1,1004.2,96,6.1,332,24.0,Manchester
2026-08-20 20:00:00,14.9,70,9.5,10.5,0.0,0.0,1009.4,26,29.5,354,68.0,Newcastle
2026-08-20 21:00:00,14.2,79,10.5,13.1,0.1,0.1,994.8,27,8.5,356,2.0,Birmingham
2026-08-20 21:00:00,15.3,83,12.4,14.2,0.1,0.1,1008.0,48,12.5,353,2.0,Bristol
2026-08-20 21:00:00,15.3,79,11.7,14.5,0.0,0.0,1007.9,38,8.9,335,3.0,Cardiff
2026-08-20 21:00:00,12.4,82,9.5,12.2,0.0,0.0,1002.5,19,0.4,243,8.0,Edinburgh
2026-08-20 21:00:00,13.1,82,10.0,12.6,0.0,0.0,1006.1,59,3.5,279,9.0,Glasgow
2026-08-20 21:00:00,11.5,81,8.4,10.0,0.1,0.1,1012.5,100,7.0,331,4.0,Inverness
2026-08-20 21:00:00,12.8,80,9.5,11.1,0.0,0.0,1003.6,42,10.8,2,2.0,Leeds
2026-08-20 21:00:00,17.6,73,12.6,17.4,0.0,0.0,1006.1,10,6.2,296,0.0,London
2026-08-20 21:00:00,13.0,92,11.8,12.9,1.1,1.1,1005.0,91,4.7,310,2.0,Manchester
2026-08-20 21:00:00,14.7,71,9.5,10.4,0.0,0.0,1009.9,17,28.8,351,3.0,Newcastle
2026-08-20 22:00:00,13.6,82,10.5,12.6,0.1,0.1,995.6,23,7.6,346,0.0,Birmingham
2026-08-20 22:00:00,14.5,83,11.7,13.3,0.0,0.0,1008.9,24,11.9,3,0.0,Bristol
2026-08-20 22:00:00,14.5,81,11.4,13.8,0.0,0.0,1008.8,38,7.9,343,0.0,Cardiff
2026-08-20 22:00:00,11.6,86,9.3,10.8,0.0,0.0,1003.0,16,4.2,234,0.0,Edinburgh
2026-08-20 22:00:00,12.5,84,9.8,11.8,0.1,0.1,1006.8,69,4.0,302,0.0,Glasgow
2026-08-20 22:00:00,11.1,87,9.1,9.9,0.0,0.0,1013.0,100,6.2,308,0.0,Inverness
2026-08-20 22:00:00,12.0,84,9.5,10.5,0.0,0.0,1004.4,14,9.5,350,0.0,Leeds
2026-08-20 22:00:00,16.6,77,12.6,16.1,0.1,0.1,1006.9,37,8.4,340,0.0,London
2026-08-20 22:00:00,13.0,95,12.2,13.3,0.1,0.1,1005.6,100,2.3,266,0.0,Manchester
2026-08-20 22:00:00,14.7,72,9.7,10.4,0.0,0.0,1010.4,21,28.6,349,0.0,Newcastle
2026-08-20 23:00:00,12.8,87,10.7,11.9,0.0,0.0,996.0,36,7.5,327,0.0,Birmingham
2026-08-20 23:00:00,13.9,84,11.3,12.9,0.0,0.0,1009.4,6,9.9,357,0.0,Bristol
2026-08-20 23:00:00,13.8,84,11.1,13.1,0.0,0.0,1009.2,28,7.1,333,0.0,Cardiff
2026-08-20 23:00:00,10.9,89,9.1,9.8,0.0,0.0,1003.3,58,6.1,247,0.0,Edinburgh
2026-08-20 23:00:00,12.1,84,9.4,11.4,0.0,0.0,1007.0,73,3.3,331,0.0,Glasgow
2026-08-20 23:00:00,10.7,93,9.6,9.9,0.5,0.5,1013.1,100,4.4,251,0.0,Inverness
2026-08-20 23:00:00,11.6,87,9.4,10.1,0.0,0.0,1004.7,36,8.9,336,0.0,Leeds
2026-08-20 23:00:00,15.7,83,12.7,14.9,0.0,0.0,1007.4,15,10.7,351,0.0,London
2026-08-20 23:00:00,13.2,95,12.4,13.5,0.0,0.0,1005.8,99,2.3,302,0.0,Manchester
2026-08-20 23:00:00,14.6,72,9.7,10.2,0.0,0.0,1010.6,25,29.6,345,0.0,Newcastle
2026-08-21 00:00:00,12.3,90,10.7,11.4,0.0,0.0,996.3,16,7.5,323,0.0,Birmingham
2026-08-21 00:00:00,13.4,86,11.1,12.4,0.0,0.0,1009.9,7,9.0,355,0.0,Bristol
2026-08-21 00:00:00,13.1,86,10.8,12.3,0.0,0.0,1009.7,16,7.2,332,0.0,Cardiff
2026-08-21 00:00:00,11.2,86,8.9,9.7,0.0,0.0,1003.8,45,8.5,272,0.0,Edinburgh
2026-08-21 00:00:00,11.5,83,8.8,10.6,0.0,0.0,1007.5,92,4.1,347,0.0,Glasgow
2026-08-21 00:00:00,10.4,97,9.9,9.4,0.8,0.8,1013.7,100,6.4,243,0.0,Inverness
2026-08-21 00:00:00,11.6,85,9.3,10.1,0.0,0.0,1005.2,83,8.9,333,0.0,Leeds
2026-08-21 00:00:00,14.9,86,12.6,14.3,0.0,0.0,1007.9,12,9.0,354,0.0,London
2026-08-21 00:00:00,13.0,94,12.1,13.2,0.0,0.0,1006.3,100,3.0,335,0.0,Manchester
2026-08-21 00:00:00,14.3,74,9.6,9.9,0.1,0.1,1011.0,29,29.2,339,0.0,Newcastle
2026-08-21 01:00:00,12.3,89,10.6,11.4,0.0,0.0,996.4,30,7.2,328,0.0,Birmingham
2026-08-21 01:00:00,13.2,86,10.9,12.2,0.0,0.0,1010.0,18,8.6,350,0.0,Bristol
2026-08-21 01:00:00,12.4,89,10.6,11.2,0.0,0.0,1009.8,40,9.6,334,0.0,Cardiff
2026-08-21 01:00:00,10.6,86,8.4,9.1,0.0,0.0,1004.0,28,7.3,286,0.0,Edinburgh
2026-08-21 01:00:00,10.2,87,8.0,9.2,0.0,0.0,1007.7,38,3.0,335,0.0,Glasgow
2026-08-21 01:00:00,10.3,95,9.6,9.2,0.3,0.3,1013.8,100,6.8,259,0.0,Inverness
2026-08-21 01:00:00,10.8,87,8.7,9.0,0.0,0.0,1005.5,5,9.7,342,0.0,Leeds
2026-08-21 01:00:00,14.2,94,13.2,13.8,0.0,0.0,1008.2,12,9.1,342,0.0,London
2026-08-21 01:00:00,12.8,87,10.7,12.4,0.0,0.0,1006.4,26,4.4,27,0.0,Manchester
2026-08-21 01:00:00,14.2,73,9.3,9.0,0.4,0.4,1011.2,71,33.7,335,0.0,Newcastle
2026-08-21 02:00:00,11.9,91,10.5,11.1,0.0,0.0,996.7,34,6.9,327,0.0,Birmingham
2026-08-21 02:00:00,12.8,87,10.6,11.9,0.0,0.0,1010.2,3,7.1,354,0.0,Bristol
2026-08-21 02:00:00,12.1,88,10.2,10.8,0.0,0.0,1010.0,30,9.3,335,0.0,Cardiff
2026-08-21 02:00:00,10.2,87,8.0,8.5,0.0,0.0,1004.3,45,7.9,283,0.0,Edinburgh
2026-08-21 02:00:00,9.4,89,7.7,8.2,0.0,0.0,1008.0,50,3.9,313,0.0,Glasgow
2026-08-21 02:00:00,10.3,96,9.6,9.5,0.8,0.8,1013.9,100,4.5,247,0.0,Inverness
2026-08-21 02:00:00,10.4,87,8.3,8.5,0.0,0.0,1005.6,6,9.5,339,0.0,Leeds
2026-08-21 02:00:00,13.9,92,12.6,13.7,0.0,0.0,1008.8,31,6.7,358,0.0,London
2026-08-21 02:00:00,12.2,88,10.2,12.0,0.0,0.0,1006.7,27,1.6,354,0.0,Manchester
2026-08-21 02:00:00,13.8,82,10.8,9.7,0.2,0.2,1011.4,45,29.2,325,0.0,Newcastle
2026-08-21 03:00:00,11.4,93,10.3,10.3,0.0,0.0,996.9,44,8.3,333,0.0,Birmingham
2026-08-21 03:00:00,12.2,89,10.4,11.5,0.0,0.0,1010.4,9,5.8,4,0.0,Bristol
2026-08-21 03:00:00,11.8,88,9.9,10.4,0.0,0.0,1010.0,41,9.9,339,0.0,Cardiff
2026-08-21 03:00:00,9.9,87,7.8,8.1,0.0,0.0,1004.3,55,8.1,276,0.0,Edinburgh
2026-08-21 03:00:00,9.0,91,7.6,7.7,0.0,0.0,1008.1,44,4.4,302,0.0,Glasgow
2026-08-21 03:00:00,10.3,97,9.9,9.4,0.2,0.2,1014.0,99,5.7,233,0.0,Inverness
2026-08-21 03:00:00,10.2,86,7.9,8.2,0.0,0.0,1005.8,4,9.3,338,0.0,Leeds
2026-08-21 03:00:00,13.7,92,12.5,13.5,0.0,0.0,1008.9,10,6.3,353,0.0,London
2026-08-21 03:00:00,11.4,90,9.7,10.9,0.0,0.0,1006.8,72,2.7,4,0.0,Manchester
2026-08-21 03:00:00,13.8,78,10.1,9.4,0.1,0.1,1011.6,32,30.4,324,0.0,Newcastle
2026-08-21 04:00:00,11.1,94,10.1,10.4,0.1,0.1,997.1,49,5.2,340,0.0,Birmingham
2026-08-21 04:00:00,11.9,89,10.2,11.0,0.0,0.0,1010.5,5,6.6,11,0.0,Bristol
2026-08-21 04:00:00,11.6,88,9.7,10.1,0.0,0.0,1010.1,5,9.8,334,0.0,Cardiff
2026-08-21 04:00:00,9.8,86,7.6,8.1,0.0,0.0,1004.5,71,8.0,275,0.0,Edinburgh
2026-08-21 04:00:00,8.8,91,7.5,7.5,0.0,0.0,1008.2,34,4.7,302,0.0,Glasgow
2026-08-21 04:00:00,10.3,96,9.7,9.5,0.0,0.0,1014.2,100,4.9,262,0.0,Inverness
2026-08-21 04:00:00,9.8,86,7.6,7.9,0.0,0.0,1005.9,7,8.6,334,0.0,Leeds
2026-08-21 04:00:00,13.5,93,12.4,13.2,0.0,0.0,1009.1,27,6.6,347,0.0,London
2026-08-21 04:00:00,10.8,91,9.4,10.2,0.0,0.0,1007.1,100,3.2,360,0.0,Manchester
2026-08-21 04:00:00,13.7,81,10.4,8.8,0.1,0.1,1011.6,31,34.1,326,0.0,Newcastle
2026-08-21 05:00:00,11.0,94,10.0,10.3,0.0,0.0,997.3,94,5.0,330,0.0,Birmingham
2026-08-21 05:00:00,11.5,90,9.9,10.7,0.0,0.0,1010.6,5,5.0,15,0.0,Bristol
2026-08-21 05:00:00,11.1,90,9.5,9.6,0.0,0.0,1010.3,1,9.4,334,0.0,Cardiff
2026-08-21 05:00:00,9.7,86,7.5,7.9,0.0,0.0,1004.7,89,8.2,278,0.0,Edinburgh
2026-08-21 05:00:00,8.9,91,7.5,7.6,0.0,0.0,1008.5,48,4.7,317,0.0,Glasgow
2026-08-21 05:00:00,10.3,97,9.9,9.4,0.0,0.0,1014.4,100,5.7,279,0.0,Inverness
2026-08-21 05:00:00,9.5,86,7.4,7.7,0.0,0.0,1006.0,25,8.0,324,0.0,Leeds
2026-08-21 05:00:00,13.3,93,12.1,12.9,0.1,0.1,1009.1,16,7.1,350,0.0,London
2026-08-21 05:00:00,11.0,90,9.4,10.3,0.0,0.0,1007.2,97,3.5,9,0.0,Manchester
2026-08-21 05:00:00,13.6,80,10.3,8.9,0.0,0.0,1011.8,62,32.8,325,0.0,Newcastle
2026-08-21 06:00:00,11.1,93,10.0,10.3,0.3,0.3,997.6,100,5.2,360,0.0,Birmingham
2026-08-21 06:00:00,11.1,90,9.6,10.3,0.0,0.0,1010.9,12,4.9,8,0.0,Bristol
2026-08-21 06:00:00,10.7,90,9.2,9.2,0.0,0.0,1010.5,2,9.2,337,0.0,Cardiff
2026-08-21 06:00:00,9.6,86,7.3,7.6,0.0,0.0,1005.1,91,8.8,266,0.0,Edinburgh
2026-08-21 06:00:00,8.6,90,7.0,7.2,0.0,0.0,1008.8,84,4.2,313,0.0,Glasgow
2026-08-21 06:00:00,10.2,96,9.5,9.3,0.1,0.1,1014.7,100,4.8,283,0.0,Inverness
2026-08-21 06:00:00,9.3,86,7.1,7.3,0.0,0.0,1006.4,39,8.7,323,0.0,Leeds
2026-08-21 06:00:00,12.9,93,11.8,12.2,0.0,0.0,1009.3,17,8.0,344,0.0,London
2026-08-21 06:00:00,10.5,91,9.0,9.6,0.0,0.0,1007.6,54,4.0,18,0.0,Manchester
2026-08-21 06:00:00,13.5,81,10.3,8.7,0.1,0.1,1012.0,66,33.4,323,0.0,Newcastle
2026-08-21 07:00:00,11.4,91,10.0,10.3,0.1,0.1,997.8,27,7.2,4,23.0,Birmingham
2026-08-21 07:00:00,11.8,89,10.0,10.8,0.0,0.0,1011.2,14,6.6,9,28.0,Bristol
2026-08-21 07:00:00,11.3,89,9.6,10.0,0.0,0.0,1010.8,8,8.4,340,25.0,Cardiff
2026-08-21 07:00:00,10.2,86,7.9,8.4,0.0,0.0,1005.4,79,8.3,270,33.0,Edinburgh
2026-08-21 07:00:00,9.2,92,7.9,8.1,0.0,0.0,1009.1,47,3.2,304,28.0,Glasgow
2026-08-21 07:00:00,10.4,96,9.7,9.5,0.0,0.0,1015.1,100,5.5,283,11.0,Inverness
2026-08-21 07:00:00,10.0,83,7.3,8.0,0.0,0.0,1006.8,16,9.0,323,40.0,Leeds
2026-08-21 07:00:00,13.5,92,12.1,12.9,0.0,0.0,1009.7,10,8.4,345,40.0,London
2026-08-21 07:00:00,10.5,89,8.8,9.4,0.0,0.0,1007.8,7,5.3,24,25.0,Manchester
2026-08-21 07:00:00,13.7,79,10.2,8.5,0.1,0.1,1012.3,79,35.4,335,32.0,Newcastle
2026-08-21 08:00:00,12.2,84,9.6,11.0,0.0,0.0,998.2,38,7.6,12,132.0,Birmingham
2026-08-21 08:00:00,12.8,84,10.3,12.1,0.0,0.0,1011.5,20,5.4,6,135.0,Bristol
2026-08-21 08:00:00,13.3,82,10.3,12.5,0.0,0.0,1011.1,30,6.6,344,145.0,Cardiff
2026-08-21 08:00:00,11.2,85,8.8,9.7,0.0,0.0,1006.0,87,8.3,275,126.0,Edinburgh
2026-08-21 08:00:00,10.8,89,9.1,9.9,0.0,0.0,1009.7,50,4.5,307,137.0,Glasgow
2026-08-21 08:00:00,10.6,92,9.4,9.7,0.0,0.0,1015.6,97,5.4,318,35.0,Inverness
2026-08-21 08:00:00,11.8,78,8.1,10.0,0.0,0.0,1007.1,3,8.3,326,167.0,Leeds
2026-08-21 08:00:00,14.3,86,12.0,13.6,0.0,0.0,1010.1,9,9.1,352,160.0,London
2026-08-21 08:00:00,12.1,85,9.6,11.3,0.0,0.0,1008.3,2,4.2,340,160.0,Manchester
2026-08-21 08:00:00,13.8,82,10.8,8.6,0.2,0.2,1012.6,45,37.3,335,89.0,Newcastle
2026-08-21 09:00:00,13.0,79,9.3,11.8,0.0,0.0,998.6,32,6.4,10,244.0,Birmingham
2026-08-21 09:00:00,14.3,77,10.4,13.5,0.0,0.0,1011.8,21,6.0,7,273.0,Bristol
2026-08-21 09:00:00,15.2,71,10.0,14.7,0.1,0.1,1011.3,26,3.9,22,296.0,Cardiff
2026-08-21 09:00:00,12.5,78,8.8,11.0,0.0,0.0,1006.5,88,8.2,311,258.0,Edinburgh
2026-08-21 09:00:00,12.6,79,9.0,11.8,0.0,0.0,1010.2,80,3.6,311,276.0,Glasgow
2026-08-21 09:00:00,11.0,88,9.1,9.6,0.1,0.1,1016.1,52,7.8,352,105.0,Inverness
2026-08-21 09:00:00,13.3,71,8.1,11.1,0.0,0.0,1007.3,2,11.5,346,321.0,Leeds
2026-08-21 09:00:00,15.5,77,11.5,14.7,0.0,0.0,1010.6,22,8.5,6,321.0,London
2026-08-21 09:00:00,14.0,73,9.2,13.2,0.0,0.0,1008.6,7,3.5,348,316.0,Manchester
2026-08-21 09:00:00,13.7,81,10.5,8.1,0.3,0.3,1013.2,54,38.8,343,225.0,Newcastle
2026-08-21 10:00:00,14.3,69,8.7,13.1,0.0,0.0,999.0,24,5.8,4,383.0,Birmingham
2026-08-21 10:00:00,15.8,69,10.1,14.8,0.0,0.0,1012.1,34,7.1,10,459.0,Bristol
2026-08-21 10:00:00,16.3,64,9.6,16.0,0.3,0.3,1011.8,41,1.8,336,433.0,Cardiff
2026-08-21 10:00:00,13.7,71,8.6,12.0,0.0,0.0,1006.9,95,9.4,342,387.0,Edinburgh
2026-08-21 10:00:00,13.8,71,8.6,12.8,0.0,0.0,1010.6,45,4.0,342,377.0,Glasgow
2026-08-21 10:00:00,12.0,81,8.9,10.1,0.4,0.4,1016.5,100,10.3,355,330.0,Inverness
2026-08-21 10:00:00,14.6,65,8.2,12.1,0.0,0.0,1007.6,14,13.8,352,462.0,Leeds
2026-08-21 10:00:00,16.9,71,11.5,16.2,0.0,0.0,1011.0,17,7.5,8,450.0,London
2026-08-21 10:00:00,15.3,65,8.7,14.2,0.0,0.0,1008.9,24,5.1,343,465.0,Manchester
2026-08-21 10:00:00,13.9,79,10.3,8.4,0.4,0.4,1013.8,96,38.3,349,335.0,Newcastle
2026-08-21 11:00:00,15.6,60,7.8,14.1,0.0,0.0,999.5,16,5.9,358,520.0,Birmingham
2026-08-21 11:00:00,16.9,62,9.7,16.1,0.0,0.0,1012.5,52,6.3,355,582.0,Bristol
2026-08-21 11:00:00,17.3,61,9.7,17.1,0.2,0.2,1012.3,72,1.3,225,553.0,Cardiff
2026-08-21 11:00:00,14.4,67,8.2,12.3,0.0,0.0,1007.4,98,10.9,7,465.0,Edinburgh
2026-08-21 11:00:00,14.9,64,8.2,13.7,0.0,0.0,1010.9,95,5.2,360,536.0,Glasgow
2026-08-21 11:00:00,12.3,72,7.3,10.1,0.0,0.0,1016.9,100,9.9,351,234.0,Inverness
2026-08-21 11:00:00,15.5,65,8.9,13.3,0.1,0.1,1008.1,14,13.1,2,551.0,Leeds
2026-08-21 11:00:00,18.2,62,10.7,17.6,0.0,0.0,1011.4,18,7.1,6,590.0,London
2026-08-21 11:00:00,16.3,57,7.8,14.9,0.1,0.1,1009.4,20,7.0,339,578.0,Manchester
2026-08-21 11:00:00,13.7,80,10.3,8.3,0.4,0.4,1014.5,81,37.0,350,300.0,Newcastle
2026-08-21 12:00:00,17.0,54,7.6,15.9,0.0,0.0,999.9,16,7.3,353,662.0,Birmingham
2026-08-21 12:00:00,17.6,57,9.1,16.9,0.0,0.0,1013.1,74,6.4,342,639.0,Bristol
2026-08-21 12:00:00,18.2,57,9.5,18.5,0.0,0.0,1012.7,85,2.2,215,655.0,Cardiff
2026-08-21 12:00:00,14.7,65,8.2,13.0,0.0,0.0,1007.8,99,8.7,18,397.0,Edinburgh
2026-08-21 12:00:00,15.5,61,8.1,14.1,0.0,0.0,1011.3,100,5.7,351,419.0,Glasgow
2026-08-21 12:00:00,13.1,66,6.9,11.0,0.0,0.0,1017.3,100,8.9,341,334.0,Inverness
2026-08-21 12:00:00,16.4,63,9.3,14.6,0.0,0.0,1008.8,16,11.6,4,579.0,Leeds
2026-08-21 12:00:00,19.1,55,9.8,18.5,0.0,0.0,1011.7,17,8.1,356,654.0,London
2026-08-21 12:00:00,17.2,51,7.1,15.9,0.1,0.1,1009.8,38,7.1,345,628.0,Manchester
2026-08-21 12:00:00,14.1,78,10.3,9.0,0.8,0.8,1015.3,74,34.9,352,401.0,Newcastle
2026-08-28 14:00:00,19.0,71,13.7,17.6,0.6,0.6,989.5,94,17.5,245,535.0,Birmingham
2026-08-28 14:00:00,19.7,74,15.0,18.3,0.1,0.1,1005.0,48,21.7,258,567.0,Bristol
2026-08-28 14:00:00,19.6,77,15.5,18.1,0.6,0.6,1004.4,59,25.6,258,623.0,Cardiff
2026-08-28 14:00:00,17.1,89,15.2,17.2,0.4,0.4,992.3,100,11.2,273,112.0,Edinburgh
2026-08-28 14:00:00,19.2,69,13.4,18.9,0.1,0.1,996.1,98,9.2,287,222.0,Glasgow
2026-08-28 14:00:00,17.1,81,13.8,16.3,0.0,0.0,1002.2,67,13.2,46,330.0,Inverness
2026-08-28 14:00:00,19.0,72,13.8,17.7,0.1,0.1,995.1,89,16.7,252,321.0,Leeds
2026-08-28 14:00:00,23.2,46,10.9,21.6,0.1,0.1,1003.9,40,16.0,240,650.0,London
2026-08-28 14:00:00,17.2,92,16.0,17.6,0.4,0.4,997.7,88,11.2,254,158.0,Manchester
2026-08-28 14:00:00,17.1,90,15.4,17.3,0.3,0.3,999.8,88,11.1,337,508.0,Newcastle
2026-08-28 15:00:00,19.3,76,15.1,18.9,1.6,1.6,989.9,67,14.1,260,451.0,Birmingham
2026-08-28 15:00:00,19.8,70,14.2,17.9,0.2,0.2,1005.4,33,23.5,258,592.0,Bristol
2026-08-28 15:00:00,20.5,66,13.9,17.9,0.1,0.1,1004.7,48,28.8,256,618.0,Cardiff
2026-08-28 15:00:00,17.7,84,14.9,17.3,0.1,0.1,992.0,100,14.4,267,149.0,Edinburgh
2026-08-28 15:00:00,19.9,66,13.3,19.5,0.0,0.0,995.8,52,9.6,293,287.0,Glasgow
2026-08-28 15:00:00,17.3,79,13.7,16.3,0.2,0.2,1001.8,90,15.0,34,532.0,Inverness
2026-08-28 15:00:00,19.0,76,14.7,17.7,0.2,0.2,995.5,79,18.8,260,375.0,Leeds
2026-08-28 15:00:00,23.4,45,10.8,20.6,0.6,0.6,1004.0,81,20.8,248,546.0,London
2026-08-28 15:00:00,18.4,83,15.5,18.3,0.1,0.1,998.2,100,13.3,260,260.0,Manchester
2026-08-28 15:00:00,16.3,92,15.0,16.2,0.2,0.2,1000.1,100,12.1,357,514.0,Newcastle
2026-08-28 16:00:00,17.3,84,14.6,15.9,1.5,1.5,990.3,100,19.7,252,457.0,Birmingham
2026-08-28 16:00:00,20.0,65,13.3,17.5,0.3,0.3,1005.3,35,24.3,258,477.0,Bristol
2026-08-28 16:00:00,20.2,65,13.4,17.2,0.0,0.0,1004.6,13,29.0,254,569.0,Cardiff
2026-08-28 16:00:00,19.1,73,14.1,18.2,0.0,0.0,991.5,98,15.1,279,272.0,Edinburgh
2026-08-28 16:00:00,20.7,63,13.3,20.1,0.2,0.2,995.4,35,10.9,289,444.0,Glasgow
2026-08-28 16:00:00,15.8,88,13.9,14.9,0.3,0.3,1001.6,100,14.8,60,222.0,Inverness
2026-08-28 16:00:00,19.1,75,14.5,17.6,0.1,0.1,995.5,95,20.8,265,388.0,Leeds
2026-08-28 16:00:00,21.9,57,12.9,20.1,0.2,0.2,1004.6,93,18.4,241,309.0,London
2026-08-28 16:00:00,18.8,78,15.0,18.4,0.0,0.0,998.2,100,14.4,262,281.0,Manchester
2026-08-28 16:00:00,16.3,92,14.9,16.4,0.3,0.3,999.9,95,10.2,337,297.0,Newcastle
2026-08-28 17:00:00,17.1,90,15.4,16.7,1.2,1.2,990.2,66,15.2,235,142.0,Birmingham
2026-08-28 17:00:00,20.5,61,12.7,17.7,0.1,0.1,1005.2,38,24.4,252,425.0,Bristol
2026-08-28 17:00:00,19.7,71,14.3,17.5,0.2,0.2,1004.5,93,25.4,246,426.0,Cardiff
2026-08-28 17:00:00,19.9,67,13.5,18.7,0.0,0.0,991.4,88,15.6,292,336.0,Edinburgh
2026-08-28 17:00:00,20.3,64,13.3,19.5,0.3,0.3,995.3,49,12.4,296,411.0,Glasgow
2026-08-28 17:00:00,15.5,90,13.9,15.4,0.5,0.5,1001.6,95,9.3,44,130.0,Inverness
2026-08-28 17:00:00,19.2,73,14.1,17.6,0.1,0.1,995.6,65,20.0,267,309.0,Leeds
2026-08-28 17:00:00,22.1,56,12.9,19.8,0.1,0.1,1004.5,40,21.5,245,375.0,London
2026-08-28 17:00:00,18.6,79,14.9,18.2,0.0,0.0,998.2,62,13.6,262,253.0,Manchester
2026-08-28 17:00:00,16.3,91,14.9,17.2,0.3,0.3,999.9,100,4.8,236,262.0,Newcastle
2026-08-28 18:00:00,18.3,85,15.7,18.3,0.1,0.1,990.0,49,13.5,234,215.0,Birmingham
2026-08-28 18:00:00,20.0,63,12.7,17.0,0.0,0.0,1004.8,98,26.2,237,275.0,Bristol
2026-08-28 18:00:00,18.1,87,15.9,17.4,0.6,0.6,1004.1,44,19.0,251,147.0,Cardiff
2026-08-28 18:00:00,19.8,69,14.0,19.1,0.0,0.0,991.1,80,13.7,293,256.0,Edinburgh
2026-08-28 18:00:00,19.0,73,14.0,18.6,0.5,0.5,995.3,71,11.6,303,214.0,Glasgow
2026-08-28 18:00:00,15.9,87,13.8,15.8,0.1,0.1,1001.1,81,9.1,22,162.0,Inverness
2026-08-28 18:00:00,18.6,75,14.1,17.3,0.0,0.0,995.8,41,17.9,264,239.0,Leeds
2026-08-28 18:00:00,21.2,60,13.3,19.5,0.1,0.1,1004.7,64,18.4,248,266.0,London
2026-08-28 18:00:00,18.4,79,14.6,17.9,0.0,0.0,998.2,98,14.1,264,277.0,Manchester
2026-08-28 18:00:00,16.3,92,14.9,16.0,0.8,0.8,1000.0,100,12.9,200,167.0,Newcastle
2026-08-28 19:00:00,16.9,91,15.5,16.8,1.8,1.8,990.3,27,13.6,238,145.0,Birmingham
2026-08-28 19:00:00,17.2,89,15.3,16.5,0.4,0.4,1005.5,95,16.8,240,94.0,Bristol
2026-08-28 19:00:00,17.9,88,15.9,17.4,0.1,0.1,1004.7,12,17.3,257,161.0,Cardiff
2026-08-28 19:00:00,18.2,82,15.0,18.1,0.0,0.0,991.5,30,12.1,264,164.0,Edinburgh
2026-08-28 19:00:00,18.2,81,14.9,18.4,0.6,0.6,995.6,26,9.4,271,110.0,Glasgow
2026-08-28 19:00:00,16.0,89,14.1,16.3,0.1,0.1,1001.3,91,6.5,354,140.0,Inverness
2026-08-28 19:00:00,17.3,81,14.0,16.3,0.0,0.0,996.4,73,15.7,259,134.0,Leeds
2026-08-28 19:00:00,18.1,82,15.0,17.5,0.6,0.6,1005.5,95,15.3,245,111.0,London
2026-08-28 19:00:00,17.6,81,14.4,17.2,0.0,0.0,998.6,75,12.4,271,115.0,Manchester
2026-08-28 19:00:00,17.0,91,15.6,17.0,0.7,0.7,999.9,99,13.2,215,47.0,Newcastle
2026-08-28 20:00:00,16.6,93,15.4,16.5,0.0,0.0,990.4,12,12.8,236,37.0,Birmingham
2026-08-28 20:00:00,17.5,87,15.3,16.6,0.0,0.0,1005.6,19,18.4,254,22.0,Bristol
2026-08-28 20:00:00,17.1,91,15.6,16.9,0.0,0.0,1005.2,13,15.0,260,49.0,Cardiff
2026-08-28 20:00:00,17.3,83,14.5,16.8,0.0,0.0,991.7,32,14.0,258,52.0,Edinburgh
2026-08-28 20:00:00,17.4,84,14.6,17.4,0.0,0.0,995.7,16,10.3,269,62.0,Glasgow
2026-08-28 20:00:00,15.3,86,13.1,14.9,0.1,0.1,1001.5,100,9.5,2,37.0,Inverness
2026-08-28 20:00:00,16.7,83,13.7,15.7,0.0,0.0,996.6,23,14.7,258,32.0,Leeds
2026-08-28 20:00:00,18.1,84,15.3,17.7,0.3,0.3,1005.6,53,14.2,230,24.0,London
2026-08-28 20:00:00,16.9,86,14.5,17.2,0.0,0.0,998.8,18,7.8,251,31.0,Manchester
2026-08-28 20:00:00,17.8,88,15.8,16.6,0.0,0.0,1000.0,89,21.7,241,26.0,Newcastle
2026-08-28 21:00:00,16.3,93,15.1,16.2,0.0,0.0,991.1,21,12.2,241,0.0,Birmingham
2026-08-28 21:00:00,17.1,88,15.1,16.5,0.0,0.0,1006.1,24,16.2,256,0.0,Bristol
2026-08-28 21:00:00,16.8,92,15.4,16.7,0.0,0.0,1005.6,29,13.2,263,0.0,Cardiff
2026-08-28 21:00:00,16.4,86,14.0,15.8,0.1,0.1,992.2,44,12.9,263,1.0,Edinburgh
2026-08-28 21:00:00,16.4,87,14.3,16.1,0.0,0.0,996.2,13,11.3,269,2.0,Glasgow
2026-08-28 21:00:00,14.8,86,12.6,14.5,0.0,0.0,1001.8,98,7.7,351,1.0,Inverness
2026-08-28 21:00:00,16.1,85,13.6,15.0,0.0,0.0,997.0,8,15.3,257,0.0,Leeds
2026-08-28 21:00:00,18.2,80,14.7,17.6,0.0,0.0,1006.0,34,14.6,226,0.0,London
2026-08-28 21:00:00,16.5,87,14.4,16.6,0.0,0.0,999.2,38,8.8,244,0.0,Manchester
2026-08-28 21:00:00,17.7,87,15.5,15.9,0.0,0.0,1000.5,62,24.7,260,0.0,Newcastle
2026-08-28 22:00:00,16.0,93,14.9,15.8,0.0,0.0,991.5,21,12.1,243,0.0,Birmingham
2026-08-28 22:00:00,17.1,88,15.1,16.9,0.0,0.0,1006.5,24,13.1,247,0.0,Bristol
2026-08-28 22:00:00,16.8,91,15.3,16.6,0.0,0.0,1006.0,32,13.6,259,0.0,Cardiff
2026-08-28 22:00:00,15.9,88,14.0,15.7,0.4,0.4,992.3,20,10.4,253,0.0,Edinburgh
2026-08-28 22:00:00,15.7,91,14.2,15.5,0.0,0.0,996.5,6,10.6,272,0.0,Glasgow
2026-08-28 22:00:00,14.2,87,12.2,13.8,0.0,0.0,1001.9,100,7.0,314,0.0,Inverness
2026-08-28 22:00:00,15.8,88,13.9,14.8,0.0,0.0,997.4,16,15.2,256,0.0,Leeds
2026-08-28 22:00:00,17.8,78,13.9,16.8,0.0,0.0,1006.3,69,15.3,229,0.0,London
2026-08-28 22:00:00,16.2,90,14.6,16.5,0.0,0.0,999.5,18,8.0,236,0.0,Manchester
2026-08-28 22:00:00,17.5,85,15.0,15.8,0.0,0.0,1000.8,23,23.0,265,0.0,Newcastle
2026-08-28 23:00:00,15.6,93,14.5,15.3,0.0,0.0,991.8,26,12.3,240,0.0,Birmingham
2026-08-28 23:00:00,16.8,89,14.9,16.5,0.0,0.0,1006.6,38,13.1,233,0.0,Bristol
2026-08-28 23:00:00,16.4,92,15.1,16.4,0.0,0.0,1006.0,39,12.4,256,0.0,Cardiff
2026-08-28 23:00:00,15.5,90,13.9,14.9,0.0,0.0,992.6,27,13.0,253,0.0,Edinburgh
2026-08-28 23:00:00,15.1,93,14.0,14.9,0.0,0.0,996.9,9,9.9,268,0.0,Glasgow
2026-08-28 23:00:00,14.1,86,11.8,13.5,0.0,0.0,1002.0,100,7.4,302,0.0,Inverness
2026-08-28 23:00:00,16.0,88,14.0,15.2,0.0,0.0,997.6,30,14.2,255,0.0,Leeds
2026-08-28 23:00:00,17.7,80,14.3,16.9,0.0,0.0,1006.5,38,14.7,235,0.0,London
2026-08-28 23:00:00,15.6,93,14.5,16.0,0.0,0.0,999.6,23,6.7,207,0.0,Manchester
2026-08-28 23:00:00,17.2,86,14.7,14.8,0.0,0.0,1001.0,24,26.5,265,0.0,Newcastle
2026-08-29 00:00:00,15.4,94,14.4,14.9,0.0,0.0,991.8,21,13.2,232,0.0,Birmingham
2026-08-29 00:00:00,16.4,92,15.1,16.2,0.0,0.0,1006.5,51,13.0,226,0.0,Bristol
2026-08-29 00:00:00,16.2,94,15.2,16.2,0.0,0.0,1005.9,36,12.4,253,0.0,Cardiff
2026-08-29 00:00:00,15.3,90,13.7,14.4,0.0,0.0,992.8,7,14.3,259,0.0,Edinburgh
2026-08-29 00:00:00,14.5,95,13.7,14.4,0.0,0.0,997.1,9,9.1,261,0.0,Glasgow
2026-08-29 00:00:00,14.0,86,11.7,13.2,0.0,0.0,1002.0,100,9.0,292,0.0,Inverness
2026-08-29 00:00:00,15.8,89,14.0,15.1,0.0,0.0,997.7,60,13.6,253,0.0,Leeds
2026-08-29 00:00:00,17.3,84,14.6,16.8,0.0,0.0,1006.6,16,13.8,237,0.0,London
2026-08-29 00:00:00,15.2,94,14.3,15.7,0.0,0.0,999.7,30,6.3,180,0.0,Manchester
2026-08-29 00:00:00,16.9,87,14.6,14.1,0.0,0.0,1001.1,17,29.0,268,0.0,Newcastle
2026-08-29 01:00:00,15.1,96,14.5,14.6,0.0,0.0,991.6,19,13.6,230,0.0,Birmingham
2026-08-29 01:00:00,15.7,97,15.2,15.6,0.0,0.0,1006.3,34,12.6,211,0.0,Bristol
2026-08-29 01:00:00,15.9,97,15.5,16.4,0.0,0.0,1005.6,34,9.1,248,0.0,Cardiff
2026-08-29 01:00:00,14.5,94,13.5,13.7,0.0,0.0,993.0,9,13.4,256,0.0,Edinburgh
2026-08-29 01:00:00,14.0,97,13.5,14.2,0.0,0.0,996.8,14,5.8,261,0.0,Glasgow
2026-08-29 01:00:00,14.1,86,11.8,13.5,0.0,0.0,1002.0,100,7.7,300,0.0,Inverness
2026-08-29 01:00:00,15.9,91,14.4,15.4,0.0,0.0,997.7,82,12.9,250,0.0,Leeds
2026-08-29 01:00:00,17.3,87,15.1,17.2,0.0,0.0,1006.6,17,12.2,232,0.0,London
2026-08-29 01:00:00,14.9,95,14.0,15.4,0.1,0.1,999.6,23,4.9,186,0.0,Manchester
2026-08-29 01:00:00,16.7,87,14.6,14.2,0.0,0.0,1001.3,11,27.7,271,0.0,Newcastle
2026-08-29 02:00:00,15.0,97,14.4,14.4,0.0,0.0,991.5,28,13.5,227,0.0,Birmingham
2026-08-29 02:00:00,15.5,97,15.1,15.2,0.0,0.0,1006.0,95,13.8,206,0.0,Bristol
2026-08-29 02:00:00,16.1,97,15.7,16.6,0.0,0.0,1005.3,75,10.6,228,0.0,Cardiff
2026-08-29 02:00:00,14.2,95,13.4,13.6,0.0,0.0,992.8,3,12.0,258,0.0,Edinburgh
2026-08-29 02:00:00,13.5,98,13.2,13.5,0.0,0.0,996.8,59,6.5,257,0.0,Glasgow
2026-08-29 02:00:00,14.2,86,11.8,13.6,0.0,0.0,1001.9,100,7.8,308,0.0,Inverness
2026-08-29 02:00:00,16.0,90,14.3,15.4,0.0,0.0,997.4,13,13.4,246,0.0,Leeds
2026-08-29 02:00:00,17.0,91,15.5,17.1,0.1,0.1,1006.4,13,11.3,233,0.0,London
2026-08-29 02:00:00,14.6,96,13.9,15.2,0.0,0.0,999.4,28,4.5,164,0.0,Manchester
2026-08-29 02:00:00,16.5,88,14.5,13.8,0.0,0.0,1001.5,12,28.1,272,0.0,Newcastle
2026-08-29 03:00:00,14.6,97,14.2,14.2,0.0,0.0,991.2,47,12.3,224,0.0,Birmingham
2026-08-29 03:00:00,16.0,96,15.3,15.9,0.0,0.0,1005.6,81,12.6,204,0.0,Bristol
2026-08-29 03:00:00,16.4,96,15.8,16.8,0.0,0.0,1004.6,95,11.0,222,0.0,Cardiff
2026-08-29 03:00:00,13.8,95,13.0,12.9,0.0,0.0,993.0,26,12.5,254,0.0,Edinburgh
2026-08-29 03:00:00,13.3,98,13.0,13.2,0.0,0.0,997.2,47,7.2,258,0.0,Glasgow
2026-08-29 03:00:00,13.9,87,11.8,13.5,0.0,0.0,1001.8,100,6.0,303,0.0,Inverness
2026-08-29 03:00:00,15.4,91,14.0,14.7,0.0,0.0,997.4,47,13.9,241,0.0,Leeds
2026-08-29 03:00:00,16.7,93,15.6,17.0,0.0,0.0,1006.2,24,10.8,223,0.0,London
2026-08-29 03:00:00,14.2,97,13.7,14.8,0.0,0.0,999.3,30,3.9,152,0.0,Manchester
2026-08-29 03:00:00,16.2,89,14.4,13.7,0.0,0.0,1001.6,20,27.0,270,0.0,Newcastle
2026-08-29 04:00:00,14.3,98,13.9,13.7,0.0,0.0,991.1,91,12.5,215,0.0,Birmingham
2026-08-29 04:00:00,15.6,97,15.0,15.3,0.0,0.0,1005.1,98,12.9,196,0.0,Bristol
2026-08-29 04:00:00,16.5,93,15.4,16.9,0.0,0.0,1004.0,100,10.1,219,0.0,Cardiff
2026-08-29 04:00:00,13.6,95,12.8,12.7,0.0,0.0,993.3,10,12.1,250,0.0,Edinburgh
2026-08-29 04:00:00,13.2,98,12.9,13.3,0.0,0.0,997.1,75,5.6,263,0.0,Glasgow
2026-08-29 04:00:00,13.8,88,11.8,13.3,0.0,0.0,1002.0,100,7.2,282,0.0,Inverness
2026-08-29 04:00:00,15.5,91,14.1,15.0,0.0,0.0,997.3,41,12.9,242,0.0,Leeds
2026-08-29 04:00:00,16.7,93,15.5,16.9,0.0,0.0,1006.2,68,11.5,225,0.0,London
2026-08-29 04:00:00,14.1,98,13.7,14.5,0.0,0.0,999.1,47,5.0,159,0.0,Manchester
2026-08-29 04:00:00,16.1,89,14.3,13.3,0.0,0.0,1001.9,45,28.6,271,0.0,Newcastle
2026-08-29 05:00:00,14.3,98,14.0,13.7,0.0,0.0,990.7,100,12.7,210,0.0,Birmingham
2026-08-29 05:00:00,15.7,94,14.8,15.3,0.0,0.0,1004.3,100,13.7,191,0.0,Bristol
2026-08-29 05:00:00,16.6,90,15.0,16.6,0.2,0.2,1003.3,100,12.1,195,0.0,Cardiff
2026-08-29 05:00:00,13.5,96,12.9,12.7,0.0,0.0,993.4,47,12.0,251,0.0,Edinburgh
2026-08-29 05:00:00,13.5,98,13.2,13.9,0.0,0.0,997.1,100,4.2,280,0.0,Glasgow
2026-08-29 05:00:00,13.8,87,11.6,13.4,0.0,0.0,1002.2,100,6.4,299,0.0,Inverness
2026-08-29 05:00:00,15.5,92,14.1,15.1,0.0,0.0,997.3,53,11.8,244,0.0,Leeds
2026-08-29 05:00:00,16.8,91,15.2,16.9,0.0,0.0,1005.9,15,11.1,222,0.0,London
2026-08-29 05:00:00,14.2,97,13.8,14.6,0.0,0.0,998.9,98,5.3,170,0.0,Manchester
2026-08-29 05:00:00,15.9,91,14.4,13.4,0.0,0.0,1002.1,38,27.1,278,0.0,Newcastle
2026-08-29 06:00:00,14.6,100,14.6,14.3,0.0,0.0,990.5,100,12.4,204,0.0,Birmingham
2026-08-29 06:00:00,16.0,93,14.8,15.4,0.2,0.2,1003.6,100,14.4,176,0.0,Bristol
2026-08-29 06:00:00,16.4,95,15.6,16.6,1.3,1.3,1002.7,100,11.4,169,0.0,Cardiff
2026-08-29 06:00:00,13.6,96,13.0,12.9,0.0,0.0,993.6,100,11.5,253,0.0,Edinburgh
2026-08-29 06:00:00,13.6,97,13.2,14.0,0.0,0.0,997.3,100,4.0,252,0.0,Glasgow
2026-08-29 06:00:00,13.8,86,11.5,13.6,0.0,0.0,1002.3,99,4.3,315,0.0,Inverness
2026-08-29 06:00:00,14.9,94,13.9,14.5,0.0,0.0,997.5,93,10.8,237,0.0,Leeds
2026-08-29 06:00:00,16.7,89,15.0,16.7,0.0,0.0,1006.0,91,11.1,216,0.0,London
2026-08-29 06:00:00,14.5,96,13.9,14.7,0.0,0.0,999.0,100,7.6,177,0.0,Manchester
2026-08-29 06:00:00,16.0,89,14.2,13.6,0.0,0.0,1002.3,72,25.5,281,0.0,Newcastle
2026-08-29 07:00:00,15.2,98,14.9,14.9,0.0,0.0,990.0,100,13.1,196,7.0,Birmingham
2026-08-29 07:00:00,16.0,94,15.0,15.1,0.8,0.8,1002.9,100,17.4,173,3.0,Bristol
2026-08-29 07:00:00,16.2,94,15.3,15.5,1.9,1.9,1001.7,100,17.5,159,2.0,Cardiff
2026-08-29 07:00:00,13.6,95,12.8,13.1,0.0,0.0,993.6,88,10.0,257,15.0,Edinburgh
2026-08-29 07:00:00,13.5,97,13.0,13.7,0.0,0.0,997.2,100,5.1,231,9.0,Glasgow
2026-08-29 07:00:00,14.0,85,11.5,13.7,0.0,0.0,1002.4,100,5.1,318,6.0,Inverness
2026-08-29 07:00:00,15.2,93,14.1,15.0,0.0,0.0,997.1,80,10.2,239,17.0,Leeds
2026-08-29 07:00:00,16.9,90,15.3,17.1,0.0,0.0,1005.6,100,11.0,210,22.0,London
2026-08-29 07:00:00,15.1,94,14.1,15.4,0.5,0.5,998.7,100,7.4,162,8.0,Manchester
2026-08-29 07:00:00,16.1,88,14.2,14.0,0.0,0.0,1002.4,66,23.8,271,25.0,Newcastle
2026-08-29 08:00:00,15.6,96,14.9,15.7,0.1,0.1,990.0,100,10.3,186,37.0,Birmingham
2026-08-29 08:00:00,15.8,94,14.8,14.7,1.8,1.8,1002.2,100,18.0,153,11.0,Bristol
2026-08-29 08:00:00,16.1,95,15.3,15.1,3.7,3.7,1000.9,100,19.2,137,12.0,Cardiff
2026-08-29 08:00:00,14.1,95,13.3,13.9,0.0,0.0,993.9,63,8.4,242,104.0,Edinburgh
2026-08-29 08:00:00,14.0,95,13.2,14.4,0.0,0.0,997.2,96,4.2,220,63.0,Glasgow
2026-08-29 08:00:00,14.3,81,11.1,13.8,0.0,0.0,1002.6,100,5.5,337,36.0,Inverness
2026-08-29 08:00:00,16.3,88,14.3,16.4,0.0,0.0,997.2,98,9.2,244,89.0,Leeds
2026-08-29 08:00:00,17.8,86,15.4,18.2,0.0,0.0,1005.4,100,9.5,194,105.0,London
2026-08-29 08:00:00,15.6,94,14.6,16.0,0.5,0.5,998.7,99,7.9,193,50.0,Manchester
2026-08-29 08:00:00,16.0,88,14.1,14.4,0.0,0.0,1002.7,43,19.8,278,110.0,Newcastle
2026-08-29 09:00:00,15.7,96,15.0,15.4,0.4,0.4,989.7,100,13.0,175,50.0,Birmingham
2026-08-29 09:00:00,16.0,94,15.1,14.8,3.3,3.3,1001.3,100,19.8,131,67.0,Bristol
2026-08-29 09:00:00,16.2,96,15.5,14.8,5.5,5.5,1000.0,100,22.6,113,68.0,Cardiff
2026-08-29 09:00:00,15.3,90,13.7,15.6,0.0,0.0,994.2,77,6.2,249,226.0,Edinburgh
2026-08-29 09:00:00,14.8,90,13.2,15.2,0.0,0.0,997.5,100,3.6,198,190.0,Glasgow
2026-08-29 09:00:00,14.6,78,10.9,13.8,0.0,0.0,1002.8,100,7.6,359,89.0,Inverness
2026-08-29 09:00:00,17.0,86,14.6,17.5,0.0,0.0,997.5,100,6.4,238,170.0,Leeds
2026-08-29 09:00:00,18.4,81,15.0,18.3,0.1,0.1,1005.3,100,12.0,193,163.0,London
2026-08-29 09:00:00,16.2,93,15.1,16.6,0.6,0.6,998.5,100,9.2,184,128.0,Manchester
2026-08-29 09:00:00,16.2,87,13.9,15.0,0.0,0.0,1003.0,98,16.3,283,274.0,Newcastle
2026-08-29 10:00:00,15.9,95,15.1,15.7,0.7,0.7,989.3,100,13.3,162,95.0,Birmingham
2026-08-29 10:00:00,16.5,94,15.6,14.8,3.5,3.5,1000.2,100,24.5,140,137.0,Bristol
2026-08-29 10:00:00,16.6,97,16.0,16.0,3.2,3.2,999.0,100,18.4,121,121.0,Cardiff
2026-08-29 10:00:00,16.5,81,13.2,17.2,0.0,0.0,994.3,42,2.3,299,368.0,Edinburgh
2026-08-29 10:00:00,16.0,81,12.7,16.1,0.0,0.0,997.6,98,4.8,124,277.0,Glasgow
2026-08-29 10:00:00,14.9,77,10.9,14.0,0.0,0.0,1003.0,100,7.9,16,122.0,Inverness
2026-08-29 10:00:00,17.5,82,14.5,18.1,0.0,0.0,997.6,100,5.9,207,201.0,Leeds
2026-08-29 10:00:00,17.3,88,15.3,17.3,1.3,1.3,1004.9,100,12.1,170,69.0,London
2026-08-29 10:00:00,16.2,93,15.1,16.6,0.1,0.1,998.3,100,8.6,179,86.0,Manchester
2026-08-29 10:00:00,16.3,85,13.8,16.0,0.0,0.0,1003.3,97,10.7,286,356.0,Newcastle
2026-08-29 11:00:00,16.3,92,14.9,15.8,0.3,0.3,988.9,100,14.5,148,161.0,Birmingham
2026-08-29 11:00:00,18.2,90,16.5,17.7,0.2,0.2,999.5,40,18.7,168,194.0,Bristol
2026-08-29 11:00:00,18.7,93,17.6,19.5,1.3,1.3,998.6,96,13.2,190,318.0,Cardiff
2026-08-29 11:00:00,17.3,76,13.1,18.0,0.0,0.0,994.6,100,2.3,29,441.0,Edinburgh
2026-08-29 11:00:00,17.2,73,12.4,17.2,0.0,0.0,997.8,100,5.0,136,394.0,Glasgow
2026-08-29 11:00:00,15.5,75,11.0,14.7,0.0,0.0,1003.1,100,7.5,33,188.0,Inverness
2026-08-29 11:00:00,17.6,82,14.5,18.1,0.4,0.4,997.7,100,6.2,159,157.0,Leeds
2026-08-29 11:00:00,17.3,93,16.1,17.8,1.5,1.5,1004.4,100,10.7,160,110.0,London
2026-08-29 11:00:00,17.0,88,15.0,17.3,0.2,0.2,998.5,100,9.1,165,155.0,Manchester
2026-08-29 11:00:00,16.5,84,13.7,17.2,0.0,0.0,1003.7,88,2.9,317,459.0,Newcastle
2026-08-29 12:00:00,16.0,91,14.5,15.1,0.6,0.6,987.8,100,15.9,128,118.0,Birmingham
2026-08-29 12:00:00,18.2,88,16.3,17.6,1.1,1.1,999.3,100,18.7,187,509.0,Bristol
2026-08-29 12:00:00,18.8,91,17.2,19.8,0.6,0.6,998.0,98,10.8,190,230.0,Cardiff
2026-08-29 12:00:00,17.5,77,13.4,18.1,0.0,0.0,994.8,100,3.8,45,338.0,Edinburgh
2026-08-29 12:00:00,18.0,68,11.9,18.0,0.0,0.0,997.8,99,3.6,147,365.0,Glasgow
2026-08-29 12:00:00,16.2,72,11.1,15.4,0.0,0.0,1003.2,100,7.8,42,298.0,Inverness
2026-08-29 12:00:00,16.7,86,14.4,16.9,0.8,0.8,997.6,100,8.7,156,229.0,Leeds
2026-08-29 12:00:00,18.6,83,15.7,18.2,0.8,0.8,1003.4,95,15.8,161,286.0,London
2026-08-29 12:00:00,17.3,87,15.2,18.4,0.5,0.5,997.9,100,4.7,122,148.0,Manchester
2026-08-29 12:00:00,16.5,83,13.6,17.0,0.0,0.0,1003.8,100,4.2,78,525.0,Newcastle
2026-08-29 13:00:00,16.6,89,14.8,15.8,0.7,0.7,987.0,100,16.1,125,183.0,Birmingham
2026-08-29 13:00:00,18.9,88,16.9,19.0,2.8,2.8,998.3,100,15.6,174,368.0,Bristol
2026-08-29 13:00:00,18.8,84,16.0,19.6,3.3,3.3,997.6,97,8.8,171,274.0,Cardiff
2026-08-29 13:00:00,18.3,71,13.0,18.3,0.4,0.4,994.4,96,6.7,36,454.0,Edinburgh
2026-08-29 13:00:00,19.5,59,11.2,19.4,0.0,0.0,997.4,100,3.1,135,478.0,Glasgow
2026-08-29 13:00:00,15.7,75,11.3,15.4,0.0,0.0,1003.3,100,4.4,69,312.0,Inverness
2026-08-29 13:00:00,16.9,91,15.4,17.8,1.1,1.1,997.0,100,6.2,102,94.0,Leeds
2026-08-29 13:00:00,18.3,90,16.7,18.6,1.6,1.6,1002.1,89,13.9,139,460.0,London
2026-08-29 13:00:00,17.2,89,15.3,18.3,1.1,1.1,997.6,100,4.5,127,112.0,Manchester
2026-08-29 13:00:00,16.9,84,14.3,17.1,0.0,0.0,1003.4,94,8.5,88,357.0,Newcastle
2026-08-29 14:00:00,16.3,92,15.0,16.0,1.0,1.0,986.1,100,13.7,123,91.0,Birmingham
2026-08-29 14:00:00,18.1,92,16.8,18.9,2.7,2.7,998.1,88,10.8,182,295.0,Bristol
2026-08-29 14:00:00,19.2,86,16.7,20.6,1.7,1.7,997.6,45,6.8,258,396.0,Cardiff
2026-08-29 14:00:00,18.4,71,13.1,18.0,0.0,0.0,994.2,100,9.5,58,463.0,Edinburgh
2026-08-29 14:00:00,19.8,57,11.1,19.8,0.0,0.0,997.4,100,1.7,139,467.0,Glasgow
2026-08-29 14:00:00,16.3,73,11.4,15.9,0.0,0.0,1003.3,100,5.0,64,211.0,Inverness
2026-08-29 14:00:00,16.6,90,14.9,16.8,1.0,1.0,996.7,99,9.1,139,175.0,Leeds
2026-08-29 14:00:00,20.2,84,17.4,20.3,0.4,0.4,1001.0,100,17.1,180,298.0,London
2026-08-29 14:00:00,17.2,89,15.5,18.3,0.9,0.9,996.9,100,4.8,68,145.0,Manchester
2026-08-29 14:00:00,17.0,83,14.1,16.5,0.0,0.0,1003.1,100,12.4,87,507.0,Newcastle
2026-08-29 15:00:00,16.7,95,15.8,17.1,1.8,1.8,985.7,100,10.4,129,96.0,Birmingham
2026-08-29 15:00:00,19.9,77,15.7,19.7,0.3,0.3,998.0,25,14.5,249,467.0,Bristol
2026-08-29 15:00:00,20.4,83,17.4,21.7,0.3,0.3,997.9,52,13.9,266,670.0,Cardiff
2026-08-29 15:00:00,18.5,72,13.3,18.0,0.0,0.0,994.2,100,10.4,58,484.0,Edinburgh
2026-08-29 15:00:00,20.3,55,11.0,20.4,0.0,0.0,997.2,100,1.2,207,452.0,Glasgow
2026-08-29 15:00:00,16.4,73,11.6,16.1,0.1,0.1,1003.4,100,5.5,52,324.0,Inverness
2026-08-29 15:00:00,16.4,93,15.3,17.0,1.0,1.0,996.3,100,8.2,139,151.0,Leeds
2026-08-29 15:00:00,19.5,81,16.2,19.1,0.9,0.9,1000.4,97,17.6,202,288.0,London
2026-08-29 15:00:00,17.7,84,14.9,18.3,0.6,0.6,996.4,100,6.7,74,226.0,Manchester
2026-08-29 15:00:00,16.8,84,14.0,15.5,0.0,0.0,1003.1,100,17.3,82,468.0,Newcastle
2026-08-29 16:00:00,17.4,90,15.8,18.4,0.4,0.4,985.3,84,6.6,145,172.0,Birmingham
2026-08-29 16:00:00,20.2,78,16.2,19.7,0.1,0.1,998.6,29,18.1,260,537.0,Bristol
2026-08-29 16:00:00,20.5,79,16.7,20.3,0.3,0.3,998.2,86,18.3,260,576.0,Cardiff
2026-08-29 16:00:00,18.0,73,13.2,17.2,0.0,0.0,994.3,100,12.4,51,371.0,Edinburgh
2026-08-29 16:00:00,20.6,54,10.8,20.5,0.0,0.0,997.1,100,2.3,241,375.0,Glasgow
2026-08-29 16:00:00,16.0,76,11.8,15.4,0.1,0.1,1003.6,100,7.3,44,236.0,Inverness
2026-08-29 16:00:00,16.4,92,15.1,17.2,0.2,0.2,996.0,100,6.2,136,122.0,Leeds
2026-08-29 16:00:00,19.3,85,16.8,18.9,0.5,0.5,999.4,90,18.8,197,221.0,London
2026-08-29 16:00:00,17.7,83,14.8,18.4,0.5,0.5,996.1,100,6.5,60,155.0,Manchester
2026-08-29 16:00:00,16.5,86,14.2,15.2,0.0,0.0,1002.9,100,18.1,85,271.0,Newcastle
2026-08-29 17:00:00,18.8,84,16.1,20.2,0.2,0.2,985.6,100,4.0,262,338.0,Birmingham
2026-08-29 17:00:00,20.3,78,16.2,19.6,0.0,0.0,999.5,70,19.5,258,446.0,Bristol
2026-08-29 17:00:00,20.1,80,16.6,19.7,0.0,0.0,999.0,31,19.2,255,431.0,Cardiff
2026-08-29 17:00:00,17.3,76,13.1,16.3,0.0,0.0,994.4,100,13.6,55,235.0,Edinburgh
2026-08-29 17:00:00,20.4,53,10.5,20.3,0.0,0.0,997.2,99,1.6,297,260.0,Glasgow
2026-08-29 17:00:00,15.7,79,12.0,14.9,0.0,0.0,1003.6,86,10.0,51,154.0,Inverness
2026-08-29 17:00:00,16.3,89,14.5,17.1,0.1,0.1,996.0,100,4.5,97,85.0,Leeds
2026-08-29 17:00:00,20.4,80,16.8,19.8,0.3,0.3,999.0,93,19.8,208,348.0,London
2026-08-29 17:00:00,17.7,83,14.8,18.2,0.2,0.2,995.9,95,7.2,53,118.0,Manchester
2026-08-29 17:00:00,16.6,87,14.3,15.7,0.0,0.0,1003.1,100,15.7,95,162.0,Newcastle
2026-08-29 18:00:00,18.9,84,16.1,19.9,0.1,0.1,985.6,100,7.3,280,244.0,Birmingham
2026-08-29 18:00:00,19.5,81,16.2,18.7,0.1,0.1,999.9,39,20.2,256,296.0,Bristol
2026-08-29 18:00:00,19.4,83,16.4,18.6,0.1,0.1,999.1,80,20.7,240,287.0,Cardiff
2026-08-29 18:00:00,17.2,78,13.3,16.8,0.0,0.0,994.3,100,10.1,65,151.0,Edinburgh
2026-08-29 18:00:00,20.2,54,10.7,20.1,0.0,0.0,997.2,100,2.4,297,231.0,Glasgow
2026-08-29 18:00:00,15.8,79,12.1,14.8,0.0,0.0,1003.5,84,11.0,48,216.0,Inverness
2026-08-29 18:00:00,16.4,85,13.9,17.0,0.0,0.0,995.5,100,4.9,73,82.0,Leeds
2026-08-29 18:00:00,19.6,84,16.8,19.2,0.2,0.2,998.8,97,19.0,222,92.0,London
2026-08-29 18:00:00,18.0,80,14.4,18.4,0.0,0.0,995.8,83,6.5,46,159.0,Manchester
2026-08-29 18:00:00,16.6,87,14.5,16.1,0.1,0.1,1002.9,100,13.7,85,81.0,Newcastle
2026-08-29 19:00:00,17.8,89,16.0,18.8,0.2,0.2,986.2,100,6.9,279,92.0,Birmingham
2026-08-29 19:00:00,18.9,87,16.8,18.9,0.2,0.2,1000.1,91,16.4,240,147.0,Bristol
2026-08-29 19:00:00,18.9,85,16.4,19.1,0.0,0.0,999.3,62,14.2,250,107.0,Cardiff
2026-08-29 19:00:00,17.0,80,13.4,16.6,0.0,0.0,994.4,100,10.3,88,95.0,Edinburgh
2026-08-29 19:00:00,19.1,69,13.2,19.8,0.0,0.0,997.3,100,1.4,140,108.0,Glasgow
2026-08-29 19:00:00,15.1,82,12.0,14.3,0.0,0.0,1003.5,63,9.6,57,127.0,Inverness
2026-08-29 19:00:00,15.7,93,14.5,16.4,0.0,0.0,995.6,100,4.9,33,58.0,Leeds
2026-08-29 19:00:00,19.6,85,17.0,19.1,0.1,0.1,999.3,54,19.9,243,99.0,London
2026-08-29 19:00:00,17.3,83,14.5,18.0,0.0,0.0,996.3,100,5.5,11,103.0,Manchester
2026-08-29 19:00:00,16.7,88,14.7,16.0,0.1,0.1,1002.8,100,15.3,65,42.0,Newcastle
2026-08-29 20:00:00,16.4,97,16.0,17.8,2.5,2.5,986.7,100,4.8,257,18.0,Birmingham
2026-08-29 20:00:00,18.3,89,16.4,18.1,0.0,0.0,1000.7,74,16.2,232,21.0,Bristol
2026-08-29 20:00:00,18.7,87,16.4,18.4,0.0,0.0,1000.4,88,17.4,283,31.0,Cardiff
2026-08-29 20:00:00,16.2,85,13.7,16.1,0.0,0.0,994.7,100,9.0,90,29.0,Edinburgh
2026-08-29 20:00:00,17.4,80,13.8,17.9,0.0,0.0,997.7,100,4.6,144,24.0,Glasgow
2026-08-29 20:00:00,14.2,87,12.1,13.6,0.0,0.0,1003.9,59,8.4,50,51.0,Inverness
2026-08-29 20:00:00,15.5,94,14.5,16.3,0.1,0.1,995.8,91,4.7,18,16.0,Leeds
2026-08-29 20:00:00,19.4,85,16.9,19.7,0.1,0.1,1000.5,15,14.4,244,24.0,London
2026-08-29 20:00:00,16.7,86,14.4,17.3,0.0,0.0,996.6,85,5.8,14,15.0,Manchester
2026-08-29 20:00:00,16.5,87,14.3,15.3,0.1,0.1,1003.0,100,17.7,50,16.0,Newcastle
2026-08-29 21:00:00,16.4,98,16.1,18.0,0.4,0.4,987.3,100,3.2,304,0.0,Birmingham
2026-08-29 21:00:00,18.3,88,16.3,16.9,0.1,0.1,1002.1,100,24.1,269,0.0,Bristol
2026-08-29 21:00:00,17.6,83,14.6,15.7,0.0,0.0,1002.5,2,23.8,277,0.0,Cardiff
2026-08-29 21:00:00,15.4,88,13.4,15.4,0.0,0.0,995.1,97,7.8,103,0.0,Edinburgh
2026-08-29 21:00:00,16.4,87,14.3,17.2,0.1,0.1,998.1,100,4.3,66,1.0,Glasgow
2026-08-29 21:00:00,13.3,94,12.3,12.7,0.0,0.0,1004.3,24,8.8,51,2.0,Inverness
2026-08-29 21:00:00,15.3,95,14.5,15.8,0.0,0.0,996.4,98,6.0,351,0.0,Leeds
2026-08-29 21:00:00,19.0,86,16.5,19.2,0.1,0.1,1001.7,26,13.8,230,0.0,London
2026-08-29 21:00:00,16.2,89,14.3,16.6,0.0,0.0,997.4,58,6.4,11,0.0,Manchester
2026-08-29 21:00:00,16.5,86,14.2,15.2,0.0,0.0,1003.3,100,18.1,50,0.0,Newcastle
2026-08-29 22:00:00,16.2,99,16.1,17.8,0.3,0.3,988.1,100,3.3,234,0.0,Birmingham
2026-08-29 22:00:00,17.4,81,14.2,14.7,0.0,0.0,1003.7,20,27.4,271,0.0,Bristol
2026-08-29 22:00:00,16.6,83,13.7,14.5,0.0,0.0,1003.6,9,22.4,274,0.0,Cardiff
2026-08-29 22:00:00,14.9,90,13.3,15.2,0.0,0.0,995.4,95,5.4,105,0.0,Edinburgh
2026-08-29 22:00:00,15.9,88,14.0,16.3,0.1,0.1,998.4,100,5.8,64,0.0,Glasgow
2026-08-29 22:00:00,12.7,96,12.0,12.3,0.0,0.0,1004.5,21,6.7,52,0.0,Inverness
2026-08-29 22:00:00,15.0,96,14.3,15.5,0.1,0.1,997.0,100,6.6,351,0.0,Leeds
2026-08-29 22:00:00,18.4,87,16.2,18.4,0.0,0.0,1002.5,27,14.1,232,0.0,London
2026-08-29 22:00:00,15.8,90,14.1,16.5,0.0,0.0,998.1,74,4.0,352,0.0,Manchester
2026-08-29 22:00:00,16.3,87,14.2,15.2,0.0,0.0,1003.3,100,16.3,41,0.0,Newcastle
2026-08-29 23:00:00,16.4,98,16.1,17.7,0.1,0.1,988.5,100,5.2,284,0.0,Birmingham
2026-08-29 23:00:00,16.7,81,13.5,14.6,0.0,0.0,1004.8,26,22.0,269,0.0,Bristol
2026-08-29 23:00:00,16.5,84,13.8,14.9,0.0,0.0,1004.4,12,20.0,275,0.0,Cardiff
2026-08-29 23:00:00,14.6,91,13.1,14.8,0.0,0.0,995.4,65,5.8,116,0.0,Edinburgh
2026-08-29 23:00:00,15.3,90,13.6,15.8,0.2,0.2,998.6,100,4.4,60,0.0,Glasgow
2026-08-29 23:00:00,12.2,96,11.7,11.9,0.0,0.0,1004.5,21,5.4,60,0.0,Inverness
2026-08-29 23:00:00,15.1,96,14.4,15.7,0.1,0.1,997.5,100,5.4,334,0.0,Leeds
2026-08-29 23:00:00,18.1,85,15.6,18.1,0.0,0.0,1002.8,100,13.2,232,0.0,London
2026-08-29 23:00:00,15.1,93,14.0,15.8,0.0,0.0,998.8,77,3.6,330,0.0,Manchester
2026-08-29 23:00:00,16.1,87,14.0,15.9,0.0,0.0,1003.7,80,10.2,21,0.0,Newcastle
2026-08-30 00:00:00,15.8,98,15.6,15.8,0.4,0.4,989.7,100,12.9,323,0.0,Birmingham
2026-08-30 00:00:00,16.6,83,13.6,15.2,0.0,0.0,1005.5,26,17.2,265,0.0,Bristol
2026-08-30 00:00:00,16.2,87,14.1,15.2,0.0,0.0,1005.1,2,16.6,274,0.0,Cardiff
2026-08-30 00:00:00,13.9,92,12.7,14.1,0.0,0.0,995.7,91,4.6,111,0.0,Edinburgh
2026-08-30 00:00:00,14.9,92,13.6,15.5,0.4,0.4,998.8,99,3.7,43,0.0,Glasgow
2026-08-30 00:00:00,11.7,98,11.3,11.5,0.0,0.0,1004.7,9,3.9,62,0.0,Inverness
2026-08-30 00:00:00,15.0,95,14.1,15.5,0.0,0.0,997.9,100,5.7,314,0.0,Leeds
2026-08-30 00:00:00,18.1,85,15.6,18.2,0.0,0.0,1003.2,100,12.6,234,0.0,London
2026-08-30 00:00:00,15.0,94,14.1,16.0,0.0,0.0,999.3,100,2.1,285,0.0,Manchester
2026-08-30 00:00:00,16.0,87,13.9,15.7,0.0,0.0,1004.0,90,10.5,356,0.0,Newcastle
2026-08-30 01:00:00,15.3,99,15.2,15.8,0.1,0.1,990.4,41,8.2,319,0.0,Birmingham
2026-08-30 01:00:00,16.4,90,14.8,15.7,0.0,0.0,1005.9,12,15.4,259,0.0,Bristol
2026-08-30 01:00:00,15.8,92,14.5,15.4,0.0,0.0,1005.5,8,13.0,274,0.0,Cardiff
2026-08-30 01:00:00,14.1,94,13.1,14.3,0.2,0.2,995.8,100,5.5,163,0.0,Edinburgh
2026-08-30 01:00:00,13.5,96,13.0,13.3,0.6,0.6,999.1,100,8.1,58,0.0,Glasgow
2026-08-30 01:00:00,11.8,98,11.5,11.8,0.0,0.0,1004.7,28,2.9,79,0.0,Inverness
2026-08-30 01:00:00,14.7,98,14.4,15.7,0.0,0.0,998.5,100,2.4,318,0.0,Leeds
2026-08-30 01:00:00,18.2,89,16.3,18.0,0.2,0.2,1003.8,100,16.2,240,0.0,London
2026-08-30 01:00:00,15.0,95,14.2,16.0,0.0,0.0,999.8,65,2.3,270,0.0,Manchester
2026-08-30 01:00:00,15.9,90,14.2,15.4,0.0,0.0,1004.3,45,12.3,349,0.0,Newcastle
2026-08-30 02:00:00,15.0,98,14.8,15.4,0.0,0.0,991.1,51,8.4,280,0.0,Birmingham
2026-08-30 02:00:00,16.4,91,14.9,15.7,0.1,0.1,1006.2,26,15.8,258,0.0,Bristol
2026-08-30 02:00:00,15.6,93,14.5,15.4,0.0,0.0,1005.8,11,11.5,269,0.0,Cardiff
2026-08-30 02:00:00,14.2,94,13.2,14.9,0.3,0.3,995.9,81,1.8,156,0.0,Edinburgh
2026-08-30 02:00:00,13.8,96,13.2,14.5,0.7,0.7,999.3,99,2.4,138,0.0,Glasgow
2026-08-30 02:00:00,11.5,99,11.4,11.7,0.0,0.0,1004.7,28,1.4,67,0.0,Inverness
2026-08-30 02:00:00,14.8,98,14.4,15.5,0.6,0.6,998.8,100,4.9,278,0.0,Leeds
2026-08-30 02:00:00,18.0,85,15.5,17.3,0.0,0.0,1004.4,23,17.0,251,0.0,London
2026-08-30 02:00:00,15.5,94,14.6,16.7,0.0,0.0,1000.1,100,1.7,221,0.0,Manchester
2026-08-30 02:00:00,15.8,89,14.1,15.4,0.0,0.0,1004.6,98,11.6,341,0.0,Newcastle
2026-08-30 03:00:00,15.0,98,14.7,15.1,0.0,0.0,991.5,30,9.7,260,0.0,Birmingham
2026-08-30 03:00:00,16.5,90,14.8,15.6,0.0,0.0,1006.5,25,16.9,254,0.0,Bristol
2026-08-30 03:00:00,15.7,92,14.5,15.5,0.0,0.0,1006.1,13,11.8,261,0.0,Cardiff
2026-08-30 03:00:00,13.7,95,12.9,14.3,0.3,0.3,995.8,100,2.4,81,0.0,Edinburgh
2026-08-30 03:00:00,13.6,97,13.1,13.9,2.4,2.4,999.3,100,4.8,34,0.0,Glasgow
2026-08-30 03:00:00,11.3,99,11.2,11.4,0.0,0.0,1004.5,86,1.5,83,0.0,Inverness
2026-08-30 03:00:00,14.7,98,14.4,15.5,0.1,0.1,999.1,100,3.8,262,0.0,Leeds
2026-08-30 03:00:00,17.1,84,14.3,16.1,0.0,0.0,1005.1,100,16.6,250,0.0,London
2026-08-30 03:00:00,15.1,96,14.4,16.1,0.0,0.0,1000.5,98,2.8,230,0.0,Manchester
2026-08-30 03:00:00,15.7,90,14.1,15.5,0.0,0.0,1004.8,72,10.5,329,0.0,Newcastle
2026-08-30 04:00:00,14.7,98,14.4,14.5,0.0,0.0,991.9,89,10.6,249,0.0,Birmingham
2026-08-30 04:00:00,16.3,89,14.5,15.2,0.1,0.1,1006.8,41,17.2,249,0.0,Bristol
2026-08-30 04:00:00,15.6,94,14.6,15.1,0.1,0.1,1006.3,32,13.9,260,0.0,Cardiff
2026-08-30 04:00:00,13.9,95,13.2,14.1,0.4,0.4,996.2,100,5.6,178,0.0,Edinburgh
2026-08-30 04:00:00,13.5,97,13.1,13.8,1.3,1.3,999.1,99,4.7,97,0.0,Glasgow
2026-08-30 04:00:00,11.1,99,11.0,11.1,0.0,0.0,1004.5,99,2.2,104,0.0,Inverness
2026-08-30 04:00:00,14.5,98,14.2,15.4,0.1,0.1,999.2,89,2.9,263,0.0,Leeds
2026-08-30 04:00:00,16.9,83,14.0,15.8,0.0,0.0,1005.9,37,16.0,251,0.0,London
2026-08-30 04:00:00,15.1,96,14.5,16.2,0.0,0.0,1000.7,37,2.8,195,0.0,Manchester
2026-08-30 04:00:00,15.6,91,14.1,15.8,0.1,0.1,1004.8,95,7.5,327,0.0,Newcastle
2026-08-30 05:00:00,14.5,97,14.0,13.9,0.0,0.0,992.4,17,12.2,250,0.0,Birmingham
2026-08-30 05:00:00,16.2,89,14.4,15.6,0.0,0.0,1006.9,38,13.7,248,0.0,Bristol
2026-08-30 05:00:00,15.2,95,14.4,15.2,0.1,0.1,1006.2,59,10.2,277,0.0,Cardiff
2026-08-30 05:00:00,13.7,96,13.0,14.1,1.4,1.4,995.6,96,4.0,100,0.0,Edinburgh
2026-08-30 05:00:00,13.3,98,13.0,13.6,0.9,0.9,998.7,86,4.4,55,0.0,Glasgow
2026-08-30 05:00:00,11.4,98,11.1,11.3,0.0,0.0,1004.3,99,2.3,90,0.0,Inverness
2026-08-30 05:00:00,14.3,97,13.8,14.4,0.8,0.8,999.5,80,7.0,283,0.0,Leeds
2026-08-30 05:00:00,16.3,87,14.0,15.6,0.0,0.0,1006.6,11,13.5,247,0.0,London
2026-08-30 05:00:00,14.6,97,14.2,15.3,0.1,0.1,1000.7,100,4.3,180,0.0,Manchester
2026-08-30 05:00:00,15.5,91,14.1,15.5,0.0,0.0,1005.0,76,8.9,304,0.0,Newcastle
2026-08-30 06:00:00,13.9,97,13.5,13.4,0.0,0.0,992.6,20,11.3,245,0.0,Birmingham
2026-08-30 06:00:00,15.3,94,14.3,15.4,0.0,0.0,1007.0,47,8.6,213,0.0,Bristol
2026-08-30 06:00:00,14.8,95,14.0,15.0,0.0,0.0,1006.1,39,7.3,261,0.0,Cardiff
2026-08-30 06:00:00,13.4,96,12.8,13.5,1.4,1.4,995.6,94,5.4,124,0.0,Edinburgh
2026-08-30 06:00:00,12.8,98,12.6,13.2,0.9,0.9,998.8,41,2.6,78,0.0,Glasgow
2026-08-30 06:00:00,10.9,99,10.8,10.8,0.0,0.0,1004.2,100,2.3,90,0.0,Inverness
2026-08-30 06:00:00,14.2,96,13.6,14.6,0.1,0.1,999.6,56,4.6,244,0.0,Leeds
2026-08-30 06:00:00,15.8,92,14.4,15.4,0.0,0.0,1007.1,100,12.0,244,0.0,London
2026-08-30 06:00:00,14.7,97,14.2,15.0,0.2,0.2,1001.0,100,6.8,198,0.0,Manchester
2026-08-30 06:00:00,15.4,92,14.1,15.8,0.1,0.1,1005.1,68,6.0,279,0.0,Newcastle
2026-08-30 07:00:00,14.3,97,13.9,13.7,0.0,0.0,992.7,63,12.8,232,16.0,Birmingham
2026-08-30 07:00:00,15.0,95,14.2,14.7,0.0,0.0,1007.3,42,11.0,199,12.0,Bristol
2026-08-30 07:00:00,15.4,95,14.6,15.1,0.1,0.1,1006.4,44,13.0,239,10.0,Cardiff
2026-08-30 07:00:00,13.5,96,12.8,13.4,0.3,0.3,995.8,73,6.9,129,7.0,Edinburgh
2026-08-30 07:00:00,13.4,98,13.1,13.5,0.5,0.5,998.7,77,6.2,64,11.0,Glasgow
2026-08-30 07:00:00,10.9,100,10.9,10.8,0.0,0.0,1004.2,93,2.1,75,10.0,Inverness
2026-08-30 07:00:00,14.0,96,13.5,13.9,0.0,0.0,999.9,49,8.1,211,17.0,Leeds
2026-08-30 07:00:00,16.3,90,14.7,16.1,0.0,0.0,1007.6,100,11.9,245,18.0,London
2026-08-30 07:00:00,14.8,97,14.4,15.4,0.2,0.2,1001.3,100,5.4,184,7.0,Manchester
2026-08-30 07:00:00,15.5,90,13.9,16.2,0.3,0.3,1005.5,79,3.5,195,14.0,Newcastle
2026-08-30 08:00:00,15.3,93,14.3,14.8,0.0,0.0,993.2,29,12.7,234,108.0,Birmingham
2026-08-30 08:00:00,15.9,90,14.3,15.4,0.0,0.0,1007.4,24,13.1,203,111.0,Bristol
2026-08-30 08:00:00,16.7,90,15.1,16.3,0.1,0.1,1006.5,62,14.7,228,94.0,Cardiff
2026-08-30 08:00:00,14.4,95,13.6,14.3,0.0,0.0,996.2,98,8.7,128,62.0,Edinburgh
2026-08-30 08:00:00,14.2,97,13.7,14.3,0.4,0.4,999.0,98,7.4,89,54.0,Glasgow
2026-08-30 08:00:00,12.2,95,11.5,12.2,0.0,0.0,1004.4,76,3.4,47,84.0,Inverness
2026-08-30 08:00:00,15.3,94,14.4,15.5,0.0,0.0,1000.4,32,8.4,220,98.0,Leeds
2026-08-30 08:00:00,16.9,86,14.6,16.6,0.0,0.0,1008.2,93,12.4,249,82.0,London
2026-08-30 08:00:00,15.7,94,14.8,16.3,1.1,1.1,1001.6,52,6.7,183,72.0,Manchester
2026-08-30 08:00:00,15.4,88,13.4,15.4,2.0,2.0,1005.9,88,6.9,186,77.0,Newcastle
2026-08-30 09:00:00,16.3,87,14.1,15.8,0.0,0.0,993.3,41,12.0,219,246.0,Birmingham
2026-08-30 09:00:00,17.1,86,14.8,16.9,0.0,0.0,1007.4,8,12.3,190,257.0,Bristol
2026-08-30 09:00:00,17.1,85,14.6,16.5,0.4,0.4,1006.5,43,15.2,220,202.0,Cardiff
2026-08-30 09:00:00,15.0,94,14.1,14.9,0.5,0.5,996.2,98,10.3,125,111.0,Edinburgh
2026-08-30 09:00:00,14.5,95,13.7,14.6,1.9,1.9,999.0,99,7.1,117,102.0,Glasgow
2026-08-30 09:00:00,13.5,91,12.0,13.3,0.0,0.0,1004.3,86,5.3,35,180.0,Inverness
2026-08-30 09:00:00,16.3,91,14.8,16.8,0.0,0.0,1000.4,21,7.3,224,232.0,Leeds
2026-08-30 09:00:00,17.7,81,14.5,17.3,0.0,0.0,1008.5,80,12.6,248,172.0,London
2026-08-30 09:00:00,16.6,92,15.3,17.2,0.1,0.1,1001.6,30,7.7,192,188.0,Manchester
2026-08-30 09:00:00,15.3,91,13.8,14.5,4.9,4.9,1005.9,91,13.2,158,155.0,Newcastle
2026-08-30 10:00:00,17.3,78,13.4,16.4,0.0,0.0,993.5,35,13.7,214,356.0,Birmingham
2026-08-30 10:00:00,18.6,76,14.4,17.6,0.0,0.0,1007.2,25,16.3,202,416.0,Bristol
2026-08-30 10:00:00,18.2,85,15.6,18.1,0.1,0.1,1006.4,41,13.7,202,310.0,Cardiff
2026-08-30 10:00:00,15.5,93,14.4,15.7,0.4,0.4,996.2,99,8.9,111,190.0,Edinburgh
2026-08-30 10:00:00,15.0,93,13.9,15.3,0.9,0.9,999.0,95,6.7,149,192.0,Glasgow
2026-08-30 10:00:00,14.8,84,12.2,14.5,0.1,0.1,1004.3,88,6.6,68,268.0,Inverness
2026-08-30 10:00:00,17.5,84,14.8,17.8,0.0,0.0,1000.5,15,8.6,211,376.0,Leeds
2026-08-30 10:00:00,19.0,73,14.2,18.7,0.0,0.0,1008.6,84,11.3,241,342.0,London
2026-08-30 10:00:00,17.7,84,15.0,18.1,0.0,0.0,1001.6,23,8.3,198,341.0,Manchester
2026-08-30 10:00:00,15.6,89,13.8,14.1,1.4,1.4,1005.9,40,18.7,158,299.0,Newcastle
2026-09-10 16:00:00,18.3,59,10.2,14.7,0.0,0.0,998.8,100,24.6,213,163.0,Birmingham
2026-09-10 16:00:00,17.5,73,12.7,15.0,0.0,0.0,1013.7,99,22.2,202,180.0,Bristol
2026-09-10 16:00:00,17.8,79,14.1,16.3,0.2,0.2,1012.7,100,20.0,204,157.0,Cardiff
2026-09-10 16:00:00,15.1,89,13.3,12.2,0.5,0.5,995.7,100,27.3,185,104.0,Edinburgh
2026-09-10 16:00:00,15.6,95,14.8,13.4,0.9,0.9,998.7,100,25.8,219,82.0,Glasgow
2026-09-10 16:00:00,16.9,70,11.5,15.6,0.0,0.0,1000.7,100,11.8,193,260.0,Inverness
2026-09-10 16:00:00,17.2,66,10.7,14.6,0.0,0.0,1005.3,100,19.1,191,143.0,Leeds
2026-09-10 16:00:00,18.6,58,10.1,16.4,0.0,0.0,1014.8,100,15.2,219,221.0,London
2026-09-10 16:00:00,16.5,76,12.3,14.7,0.5,0.5,1006.4,100,17.3,179,145.0,Manchester
2026-09-10 16:00:00,16.6,75,12.2,12.2,0.0,0.0,1009.4,100,34.2,174,194.0,Newcastle
2026-09-10 17:00:00,17.4,68,11.4,14.7,0.1,0.1,998.4,100,21.7,207,89.0,Birmingham
2026-09-10 17:00:00,17.1,78,13.2,14.8,0.0,0.0,1013.3,100,22.1,199,218.0,Bristol
2026-09-10 17:00:00,17.7,82,14.6,16.6,0.2,0.2,1012.4,99,18.0,208,128.0,Cardiff
2026-09-10 17:00:00,16.2,87,14.1,13.2,0.2,0.2,995.1,98,29.8,210,53.0,Edinburgh
2026-09-10 17:00:00,15.8,92,14.5,13.9,0.5,0.5,998.8,96,22.7,231,63.0,Glasgow
2026-09-10 17:00:00,16.1,76,11.9,14.9,0.1,0.1,1000.0,100,12.4,196,104.0,Inverness
2026-09-10 17:00:00,16.3,73,11.4,14.2,0.1,0.1,1004.6,100,17.3,190,59.0,Leeds
2026-09-10 17:00:00,18.5,62,11.1,16.5,0.0,0.0,1014.4,95,15.8,222,253.0,London
2026-09-10 17:00:00,15.9,84,13.2,13.9,0.8,0.8,1005.8,100,20.0,188,62.0,Manchester
2026-09-10 17:00:00,16.7,77,12.6,12.0,0.0,0.0,1008.9,100,37.1,188,60.0,Newcastle
2026-09-10 18:00:00,16.8,75,12.3,14.6,0.2,0.2,997.8,100,19.7,204,43.0,Birmingham
2026-09-10 18:00:00,16.6,82,13.6,15.0,0.0,0.0,1012.8,95,18.5,195,91.0,Bristol
2026-09-10 18:00:00,17.4,86,15.1,16.8,0.3,0.3,1011.8,100,16.1,202,83.0,Cardiff
2026-09-10 18:00:00,16.9,84,14.1,14.5,0.1,0.1,995.2,99,25.8,224,76.0,Edinburgh
2026-09-10 18:00:00,15.5,90,14.0,13.8,0.5,0.5,999.3,95,20.3,253,154.0,Glasgow
2026-09-10 18:00:00,16.0,78,12.1,14.3,0.0,0.0,999.9,100,15.7,214,81.0,Inverness
2026-09-10 18:00:00,16.2,77,12.2,14.2,0.1,0.1,1004.0,100,18.1,201,40.0,Leeds
2026-09-10 18:00:00,18.1,66,11.5,16.5,0.0,0.0,1014.3,100,14.1,219,134.0,London
2026-09-10 18:00:00,16.3,82,13.2,14.5,0.0,0.0,1005.2,96,19.0,185,43.0,Manchester
2026-09-10 18:00:00,16.4,79,12.7,11.6,0.0,0.0,1008.3,99,38.8,194,37.0,Newcastle
2026-09-10 19:00:00,16.6,75,12.1,14.4,0.0,0.0,997.9,100,19.2,206,23.0,Birmingham
2026-09-10 19:00:00,16.3,86,14.0,14.9,0.0,0.0,1012.5,100,18.7,199,74.0,Bristol
2026-09-10 19:00:00,16.8,93,15.6,16.7,1.2,1.2,1011.5,100,13.5,207,26.0,Cardiff
2026-09-10 19:00:00,16.0,86,13.7,13.8,0.1,0.1,995.7,98,23.4,239,53.0,Edinburgh
2026-09-10 19:00:00,14.9,88,13.0,13.6,0.0,0.0,999.6,100,15.2,251,88.0,Glasgow
2026-09-10 19:00:00,15.6,84,12.8,13.7,0.0,0.0,1000.4,95,19.1,231,23.0,Inverness
2026-09-10 19:00:00,16.1,79,12.4,14.1,0.0,0.0,1003.5,98,18.4,206,36.0,Leeds
2026-09-10 19:00:00,17.3,70,11.8,16.0,0.0,0.0,1013.9,100,12.2,209,43.0,London
2026-09-10 19:00:00,16.1,84,13.4,14.8,0.6,0.6,1004.9,100,16.7,194,30.0,Manchester
2026-09-10 19:00:00,16.3,80,12.8,12.0,0.0,0.0,1008.0,100,35.2,194,21.0,Newcastle
2026-09-10 20:00:00,16.1,80,12.7,14.2,0.0,0.0,997.5,100,18.6,200,2.0,Birmingham
2026-09-10 20:00:00,16.3,87,14.2,14.8,0.1,0.1,1012.5,99,19.5,200,4.0,Bristol
2026-09-10 20:00:00,16.6,94,15.7,16.2,2.4,2.4,1011.4,100,16.6,211,2.0,Cardiff
2026-09-10 20:00:00,15.3,87,13.1,13.4,0.0,0.0,996.2,87,19.8,240,9.0,Edinburgh
2026-09-10 20:00:00,14.8,89,13.0,13.9,0.1,0.1,999.8,100,12.7,238,5.0,Glasgow
2026-09-10 20:00:00,14.2,84,11.5,12.5,0.0,0.0,1001.5,100,14.5,223,13.0,Inverness
2026-09-10 20:00:00,15.9,82,12.8,14.4,0.0,0.0,1003.5,100,16.7,213,4.0,Leeds
2026-09-10 20:00:00,16.7,74,12.0,15.6,0.0,0.0,1014.1,100,11.5,214,2.0,London
2026-09-10 20:00:00,15.9,88,13.9,14.9,0.3,0.3,1005.1,88,15.2,206,4.0,Manchester
2026-09-10 20:00:00,16.1,83,13.2,12.0,0.0,0.0,1007.8,95,34.8,201,4.0,Newcastle
2026-09-10 21:00:00,15.8,84,13.1,14.1,0.0,0.0,997.6,100,17.9,206,0.0,Birmingham
2026-09-10 21:00:00,16.3,88,14.3,14.8,0.1,0.1,1012.4,98,19.5,201,0.0,Bristol
2026-09-10 21:00:00,16.6,94,15.7,16.1,1.7,1.7,1011.6,100,16.6,221,0.0,Cardiff
2026-09-10 21:00:00,15.0,89,13.1,13.6,0.0,0.0,996.8,100,16.1,234,0.0,Edinburgh
2026-09-10 21:00:00,14.7,90,13.2,13.1,0.2,0.2,1000.2,23,17.6,237,0.0,Glasgow
2026-09-10 21:00:00,14.0,84,11.2,12.4,0.0,0.0,1002.1,100,13.0,211,0.0,Inverness
2026-09-10 21:00:00,16.0,84,13.3,14.7,0.0,0.0,1003.8,91,16.3,222,0.0,Leeds
2026-09-10 21:00:00,16.5,76,12.3,15.5,0.0,0.0,1014.4,100,11.9,212,0.0,London
2026-09-10 21:00:00,15.5,92,14.2,15.1,0.4,0.4,1005.4,56,12.0,216,0.0,Manchester
2026-09-10 21:00:00,16.0,85,13.6,12.4,0.0,0.0,1007.8,89,32.8,205,0.0,Newcastle
2026-09-10 22:00:00,15.9,86,13.6,14.7,0.0,0.0,997.7,100,16.0,213,0.0,Birmingham
2026-09-10 22:00:00,16.2,89,14.3,14.7,0.0,0.0,1012.7,91,19.4,208,0.0,Bristol
2026-09-10 22:00:00,16.6,97,16.0,16.1,0.6,0.6,1011.9,89,18.0,250,0.0,Cardiff
2026-09-10 22:00:00,15.2,88,13.3,13.5,0.1,0.1,997.2,66,18.7,232,0.0,Edinburgh
2026-09-10 22:00:00,13.6,90,12.0,11.5,0.0,0.0,1001.0,46,18.8,251,0.0,Glasgow
2026-09-10 22:00:00,13.9,85,11.4,12.2,0.1,0.1,1002.6,100,14.0,218,0.0,Inverness
2026-09-10 22:00:00,15.4,88,13.5,14.6,0.0,0.0,1004.0,50,13.2,220,0.0,Leeds
2026-09-10 22:00:00,16.4,78,12.6,15.3,0.0,0.0,1014.1,98,13.0,207,0.0,London
2026-09-10 22:00:00,15.3,93,14.2,15.1,0.0,0.0,1005.5,32,11.0,210,0.0,Manchester
2026-09-10 22:00:00,16.0,87,13.9,13.0,0.0,0.0,1008.1,82,29.1,208,0.0,Newcastle
2026-09-10 23:00:00,16.1,88,14.1,15.2,0.0,0.0,997.9,100,14.9,223,0.0,Birmingham
2026-09-10 23:00:00,15.6,92,14.3,14.5,0.2,0.2,1012.7,80,17.0,210,0.0,Bristol
2026-09-10 23:00:00,16.4,96,15.7,15.9,0.3,0.3,1011.9,65,16.9,259,0.0,Cardiff
2026-09-10 23:00:00,14.6,85,12.2,11.7,0.1,0.1,997.8,12,24.6,247,0.0,Edinburgh
2026-09-10 23:00:00,13.3,90,11.7,11.4,0.0,0.0,1001.9,100,16.5,250,0.0,Glasgow
2026-09-10 23:00:00,13.8,85,11.3,12.2,0.0,0.0,1003.3,45,13.9,220,0.0,Inverness
2026-09-10 23:00:00,14.9,92,13.6,14.4,0.0,0.0,1004.2,41,10.9,225,0.0,Leeds
2026-09-10 23:00:00,16.3,80,12.8,15.1,0.0,0.0,1014.0,100,14.0,209,0.0,London
2026-09-10 23:00:00,14.9,93,13.8,14.6,0.0,0.0,1005.7,30,10.1,204,0.0,Manchester
2026-09-10 23:00:00,15.9,88,14.0,13.3,0.0,0.0,1008.2,70,26.9,212,0.0,Newcastle
2026-09-11 00:00:00,15.8,91,14.4,15.1,0.0,0.0,998.0,24,14.4,229,0.0,Birmingham
2026-09-11 00:00:00,15.2,95,14.4,14.5,0.3,0.3,1012.9,81,14.5,216,0.0,Bristol
2026-09-11 00:00:00,15.9,96,15.2,15.1,0.1,0.1,1012.1,20,17.2,263,0.0,Cardiff
2026-09-11 00:00:00,13.6,87,11.5,10.6,0.0,0.0,998.6,70,23.3,245,0.0,Edinburgh
2026-09-11 00:00:00,13.3,89,11.5,11.5,0.0,0.0,1002.9,68,15.1,252,0.0,Glasgow
2026-09-11 00:00:00,13.1,86,10.9,11.2,0.0,0.0,1004.1,48,15.1,215,0.0,Inverness
2026-09-11 00:00:00,14.8,92,13.5,14.2,0.0,0.0,1004.7,42,12.0,235,0.0,Leeds
2026-09-11 00:00:00,16.6,81,13.2,15.7,0.0,0.0,1013.9,95,13.0,218,0.0,London
2026-09-11 00:00:00,14.3,95,13.5,14.3,0.3,0.3,1006.4,100,7.5,213,0.0,Manchester
2026-09-11 00:00:00,15.9,88,14.0,13.3,0.0,0.0,1008.6,15,26.3,222,0.0,Newcastle
2026-09-11 01:00:00,14.7,96,14.0,14.0,0.0,0.0,998.5,74,13.6,234,0.0,Birmingham
2026-09-11 01:00:00,15.4,97,14.9,15.1,0.2,0.2,1013.0,100,13.6,230,0.0,Bristol
2026-09-11 01:00:00,15.2,98,14.8,14.9,0.0,0.0,1012.5,18,13.2,272,0.0,Cardiff
2026-09-11 01:00:00,13.8,88,11.9,11.0,0.0,0.0,999.1,28,23.4,246,0.0,Edinburgh
2026-09-11 01:00:00,12.9,93,11.8,11.5,0.0,0.0,1003.3,23,13.6,255,0.0,Glasgow
2026-09-11 01:00:00,12.8,91,11.4,10.8,0.0,0.0,1004.7,46,16.5,218,0.0,Inverness
2026-09-11 01:00:00,14.6,92,13.3,14.0,0.0,0.0,1005.1,71,11.4,239,0.0,Leeds
2026-09-11 01:00:00,16.3,85,13.8,15.5,0.9,0.9,1013.6,95,13.8,222,0.0,London
2026-09-11 01:00:00,13.6,96,12.9,13.5,1.5,1.5,1006.9,63,6.5,183,0.0,Manchester
2026-09-11 01:00:00,15.8,86,13.5,13.6,0.0,0.0,1009.3,87,22.2,246,0.0,Newcastle
2026-09-11 02:00:00,14.6,95,13.8,13.8,0.0,0.0,998.8,27,13.3,240,0.0,Birmingham
2026-09-11 02:00:00,15.8,97,15.3,15.6,0.2,0.2,1013.5,77,13.4,264,0.0,Bristol
2026-09-11 02:00:00,15.0,98,14.7,14.8,0.0,0.0,1012.9,27,12.3,276,0.0,Cardiff
2026-09-11 02:00:00,13.7,88,11.7,10.8,0.0,0.0,999.7,9,23.5,251,0.0,Edinburgh
2026-09-11 02:00:00,12.7,93,11.5,11.3,0.0,0.0,1003.8,31,12.4,251,0.0,Glasgow
2026-09-11 02:00:00,12.8,90,11.1,10.8,0.0,0.0,1005.4,39,15.7,217,0.0,Inverness
2026-09-11 02:00:00,14.6,91,13.1,13.9,0.1,0.1,1005.6,63,11.2,238,0.0,Leeds
2026-09-11 02:00:00,16.4,87,14.2,15.6,0.3,0.3,1013.4,97,14.6,225,0.0,London
2026-09-11 02:00:00,14.0,95,13.2,13.9,0.5,0.5,1007.3,65,7.1,221,0.0,Manchester
2026-09-11 02:00:00,15.8,85,13.3,13.4,0.0,0.0,1009.6,15,23.1,252,0.0,Newcastle
2026-09-11 03:00:00,14.3,95,13.5,13.5,0.0,0.0,998.9,13,13.1,240,0.0,Birmingham
2026-09-11 03:00:00,15.4,97,14.9,15.2,0.0,0.0,1013.7,36,12.6,272,0.0,Bristol
2026-09-11 03:00:00,14.9,98,14.6,15.0,0.0,0.0,1013.0,25,9.9,270,0.0,Cardiff
2026-09-11 03:00:00,13.5,87,11.4,10.7,0.0,0.0,1000.4,17,22.2,249,0.0,Edinburgh
2026-09-11 03:00:00,12.4,93,11.3,11.0,0.0,0.0,1004.5,16,12.5,249,0.0,Glasgow
2026-09-11 03:00:00,12.6,89,10.9,10.5,0.0,0.0,1006.0,39,16.3,223,0.0,Inverness
2026-09-11 03:00:00,14.6,91,13.2,13.9,0.0,0.0,1005.6,16,11.5,248,0.0,Leeds
2026-09-11 03:00:00,16.4,88,14.5,16.1,0.0,0.0,1013.5,100,12.4,230,0.0,London
2026-09-11 03:00:00,14.4,96,13.8,14.2,0.1,0.1,1007.5,34,9.8,242,0.0,Manchester
2026-09-11 03:00:00,15.4,85,12.9,12.8,0.0,0.0,1010.0,1,24.2,254,0.0,Newcastle
2026-09-11 04:00:00,14.1,95,13.4,13.3,0.0,0.0,999.1,66,12.7,247,0.0,Birmingham
2026-09-11 04:00:00,15.2,97,14.8,15.2,0.0,0.0,1013.9,77,10.8,267,0.0,Bristol
2026-09-11 04:00:00,14.6,99,14.5,15.3,0.0,0.0,1013.2,100,5.6,266,0.0,Cardiff
2026-09-11 04:00:00,13.3,87,11.2,10.5,0.0,0.0,1001.1,7,21.6,247,0.0,Edinburgh
2026-09-11 04:00:00,12.3,93,11.2,10.6,0.0,0.0,1005.4,27,13.9,256,0.0,Glasgow
2026-09-11 04:00:00,12.2,89,10.4,10.2,0.0,0.0,1007.1,30,14.5,231,0.0,Inverness
2026-09-11 04:00:00,14.0,93,12.9,13.4,0.0,0.0,1005.9,16,10.2,262,0.0,Leeds
2026-09-11 04:00:00,16.5,90,14.8,16.4,0.0,0.0,1013.6,99,11.1,239,0.0,London
2026-09-11 04:00:00,14.0,97,13.5,13.6,0.0,0.0,1008.0,100,10.7,254,0.0,Manchester
2026-09-11 04:00:00,15.3,82,12.2,12.0,0.0,0.0,1010.6,2,26.9,265,0.0,Newcastle
2026-09-11 05:00:00,14.2,94,13.3,13.5,0.0,0.0,999.6,5,12.3,264,0.0,Birmingham
2026-09-11 05:00:00,15.1,97,14.6,15.0,0.0,0.0,1014.4,94,10.8,274,0.0,Bristol
2026-09-11 05:00:00,14.3,99,14.2,15.1,0.0,0.0,1014.0,55,4.6,259,0.0,Cardiff
2026-09-11 05:00:00,13.0,88,11.1,10.2,0.0,0.0,1002.0,8,22.0,253,0.0,Edinburgh
2026-09-11 05:00:00,12.1,93,10.9,10.2,0.0,0.0,1006.3,16,14.9,258,0.0,Glasgow
2026-09-11 05:00:00,11.7,88,9.7,9.4,0.0,0.0,1008.3,35,15.0,235,0.0,Inverness
2026-09-11 05:00:00,13.7,93,12.7,13.1,0.0,0.0,1006.7,6,10.0,262,0.0,Leeds
2026-09-11 05:00:00,16.2,92,14.9,16.4,0.0,0.0,1013.8,100,10.0,240,0.0,London
2026-09-11 05:00:00,14.0,97,13.6,13.6,0.0,0.0,1008.8,23,10.3,259,0.0,Manchester
2026-09-11 05:00:00,15.1,82,12.1,11.7,0.0,0.0,1011.3,4,27.6,274,0.0,Newcastle
2026-09-11 06:00:00,13.7,94,12.8,12.8,0.0,0.0,1000.5,13,12.0,278,0.0,Birmingham
2026-09-11 06:00:00,14.9,96,14.2,14.8,0.0,0.0,1015.1,12,9.7,286,0.0,Bristol
2026-09-11 06:00:00,13.0,100,13.0,13.3,0.0,0.0,1014.8,95,4.5,270,0.0,Cardiff
2026-09-11 06:00:00,12.6,88,10.6,9.6,0.0,0.0,1002.7,5,22.1,256,0.0,Edinburgh
2026-09-11 06:00:00,11.7,92,10.4,9.7,0.0,0.0,1007.2,9,14.4,262,0.0,Glasgow
2026-09-11 06:00:00,11.3,85,9.0,8.8,0.0,0.0,1009.5,17,14.9,236,0.0,Inverness
2026-09-11 06:00:00,13.3,93,12.2,12.4,0.0,0.0,1007.5,51,10.8,271,0.0,Leeds
2026-09-11 06:00:00,16.4,91,15.0,16.6,0.0,0.0,1014.4,100,9.5,248,0.0,London
2026-09-11 06:00:00,13.5,98,13.1,13.0,0.0,0.0,1009.6,34,9.6,254,0.0,Manchester
2026-09-11 06:00:00,14.8,84,12.0,11.3,0.0,0.0,1012.3,5,27.9,276,0.0,Newcastle
2026-09-11 07:00:00,13.3,93,12.2,12.4,0.0,0.0,1001.2,5,10.3,289,4.0,Birmingham
2026-09-11 07:00:00,14.1,96,13.4,14.2,0.0,0.0,1015.5,2,6.2,292,2.0,Bristol
2026-09-11 07:00:00,12.2,99,12.1,11.9,0.0,0.0,1015.1,0,6.9,327,2.0,Cardiff
2026-09-11 07:00:00,12.8,85,10.4,9.6,0.0,0.0,1003.5,2,23.3,262,3.0,Edinburgh
2026-09-11 07:00:00,11.7,89,9.9,9.7,0.0,0.0,1007.8,5,13.4,263,1.0,Glasgow
2026-09-11 07:00:00,11.0,87,9.0,8.7,0.0,0.0,1010.2,19,14.3,224,2.0,Inverness
2026-09-11 07:00:00,13.2,92,11.9,12.1,0.0,0.0,1008.1,2,11.1,278,5.0,Leeds
2026-09-11 07:00:00,16.4,90,14.8,16.5,0.0,0.0,1014.8,100,9.8,264,3.0,London
2026-09-11 07:00:00,13.2,97,12.8,12.8,0.0,0.0,1010.0,33,8.7,249,2.0,Manchester
2026-09-11 07:00:00,15.1,83,12.2,11.8,0.0,0.0,1012.9,5,26.9,273,6.0,Newcastle
2026-09-11 08:00:00,13.9,88,12.0,13.3,0.0,0.0,1002.0,22,8.5,294,86.0,Birmingham
2026-09-11 08:00:00,15.0,94,14.1,15.2,0.0,0.0,1016.3,0,8.0,286,81.0,Bristol
2026-09-11 08:00:00,13.4,96,12.9,13.0,0.0,0.0,1016.0,0,9.4,330,76.0,Cardiff
2026-09-11 08:00:00,13.0,81,9.8,10.0,0.0,0.0,1004.6,1,20.4,264,75.0,Edinburgh
2026-09-11 08:00:00,12.2,84,9.7,10.3,0.0,0.0,1008.7,9,12.1,258,67.0,Glasgow
2026-09-11 08:00:00,11.7,84,9.1,9.4,0.0,0.0,1011.3,9,13.6,227,61.0,Inverness
2026-09-11 08:00:00,13.9,89,12.2,13.1,0.0,0.0,1009.1,5,10.2,283,89.0,Leeds
2026-09-11 08:00:00,16.4,88,14.4,16.4,0.0,0.0,1015.6,100,9.4,278,47.0,London
2026-09-11 08:00:00,13.9,97,13.5,13.7,0.1,0.1,1010.8,43,8.8,255,63.0,Manchester
2026-09-11 08:00:00,14.9,84,12.2,11.1,0.0,0.0,1014.0,3,30.5,278,91.0,Newcastle
2026-09-11 09:00:00,15.1,81,11.8,14.0,0.0,0.0,1003.2,55,10.6,302,217.0,Birmingham
2026-09-11 09:00:00,16.0,87,13.9,16.3,0.0,0.0,1017.2,0,6.1,302,231.0,Bristol
2026-09-11 09:00:00,15.4,92,14.1,15.9,0.0,0.0,1016.8,1,6.1,310,232.0,Cardiff
2026-09-11 09:00:00,13.8,76,9.6,11.2,0.0,0.0,1005.7,7,17.1,262,211.0,Edinburgh
2026-09-11 09:00:00,13.5,79,9.9,11.7,0.0,0.0,1009.8,79,12.1,258,189.0,Glasgow
2026-09-11 09:00:00,13.0,77,9.1,10.8,0.0,0.0,1012.3,18,13.2,225,187.0,Inverness
2026-09-11 09:00:00,15.2,83,12.2,14.3,0.0,0.0,1010.2,36,10.4,285,227.0,Leeds
2026-09-11 09:00:00,16.8,84,14.1,16.9,0.0,0.0,1016.5,100,8.8,282,122.0,London
2026-09-11 09:00:00,15.0,93,13.8,14.8,0.1,0.1,1011.8,29,9.2,269,161.0,Manchester
2026-09-11 09:00:00,14.8,84,12.2,11.9,0.0,0.0,1015.2,9,24.5,273,228.0,Newcastle
2026-09-11 10:00:00,16.0,74,11.3,15.0,0.0,0.0,1003.9,67,9.3,307,282.0,Birmingham
2026-09-11 10:00:00,16.9,82,13.8,17.4,0.0,0.0,1017.8,2,4.9,287,386.0,Bristol
2026-09-11 10:00:00,17.1,84,14.4,17.6,0.0,0.0,1017.3,5,6.7,284,383.0,Cardiff
2026-09-11 10:00:00,14.6,69,8.9,11.3,0.0,0.0,1006.9,51,20.2,272,344.0,Edinburgh
2026-09-11 10:00:00,14.3,74,9.7,12.1,0.0,0.0,1010.7,96,14.8,269,319.0,Glasgow
2026-09-11 10:00:00,14.1,70,8.6,11.4,0.0,0.0,1012.8,33,15.3,231,316.0,Inverness
2026-09-11 10:00:00,16.3,74,11.8,15.0,0.0,0.0,1011.0,44,12.4,292,309.0,Leeds
2026-09-11 10:00:00,18.0,76,13.7,17.8,0.0,0.0,1016.9,43,9.1,284,282.0,London
2026-09-11 10:00:00,16.0,86,13.6,15.8,0.2,0.2,1012.4,34,9.0,286,326.0,Manchester
2026-09-11 10:00:00,15.1,81,11.9,12.9,0.0,0.0,1016.0,8,19.1,272,365.0,Newcastle
2026-09-11 11:00:00,17.2,65,10.6,16.1,0.1,0.1,1004.4,57,8.8,303,372.0,Birmingham
2026-09-11 11:00:00,17.9,74,13.1,18.0,0.0,0.0,1018.3,8,6.2,278,517.0,Bristol
2026-09-11 11:00:00,18.3,75,13.8,18.0,0.0,0.0,1018.0,35,10.8,288,498.0,Cardiff
2026-09-11 11:00:00,15.2,64,8.4,12.3,0.0,0.0,1007.7,55,17.5,273,430.0,Edinburgh
2026-09-11 11:00:00,14.9,69,9.2,12.6,0.0,0.0,1011.4,22,14.6,268,380.0,Glasgow
2026-09-11 11:00:00,15.1,63,8.0,12.0,0.0,0.0,1013.4,33,17.2,241,408.0,Inverness
2026-09-11 11:00:00,17.2,70,11.6,15.9,0.0,0.0,1011.6,41,11.7,295,416.0,Leeds
2026-09-11 11:00:00,19.2,69,13.3,19.0,0.0,0.0,1017.4,27,8.5,283,457.0,London
2026-09-11 11:00:00,17.0,77,12.9,16.5,0.2,0.2,1013.2,55,9.5,303,394.0,Manchester
2026-09-11 11:00:00,15.4,77,11.4,13.3,0.0,0.0,1016.6,56,17.0,277,482.0,Newcastle
2026-09-11 12:00:00,18.4,57,9.8,17.0,0.0,0.0,1004.9,100,9.1,297,465.0,Birmingham
2026-09-11 12:00:00,18.5,66,12.1,17.9,0.0,0.0,1018.9,80,10.6,289,606.0,Bristol
2026-09-11 12:00:00,19.0,70,13.4,18.5,0.1,0.1,1018.5,74,11.4,286,546.0,Cardiff
2026-09-11 12:00:00,15.8,60,8.0,13.0,0.0,0.0,1008.3,20,15.7,270,486.0,Edinburgh
2026-09-11 12:00:00,15.6,62,8.4,12.9,0.0,0.0,1011.9,66,15.7,276,476.0,Glasgow
2026-09-11 12:00:00,15.8,57,7.4,12.2,0.0,0.0,1013.9,52,19.9,249,446.0,Inverness
2026-09-11 12:00:00,17.8,64,11.0,16.4,0.0,0.0,1012.2,27,11.4,295,512.0,Leeds
2026-09-11 12:00:00,20.0,64,12.9,19.7,0.0,0.0,1017.8,42,8.2,284,552.0,London
2026-09-11 12:00:00,17.8,70,12.1,17.0,0.1,0.1,1013.8,90,9.8,305,435.0,Manchester
2026-09-11 12:00:00,15.7,74,11.1,13.7,0.0,0.0,1017.3,56,16.0,284,538.0,Newcastle
2026-09-11 13:00:00,18.8,54,9.4,17.4,0.0,0.0,1005.5,66,8.5,291,458.0,Birmingham
2026-09-11 13:00:00,18.9,66,12.3,18.2,0.1,0.1,1019.6,65,10.0,284,474.0,Bristol
2026-09-11 13:00:00,19.7,65,12.9,19.1,0.1,0.1,1019.2,69,11.0,276,524.0,Cardiff
2026-09-11 13:00:00,16.7,56,7.8,13.5,0.0,0.0,1009.0,72,17.7,275,536.0,Edinburgh
2026-09-11 13:00:00,16.7,55,7.7,14.0,0.0,0.0,1012.6,67,14.2,266,436.0,Glasgow
2026-09-11 13:00:00,16.1,58,7.8,12.7,0.0,0.0,1014.9,51,19.3,249,464.0,Inverness
2026-09-11 13:00:00,18.3,61,10.5,16.6,0.0,0.0,1012.9,100,12.5,291,555.0,Leeds
2026-09-11 13:00:00,20.7,60,12.6,20.4,0.0,0.0,1018.4,84,8.4,295,568.0,London
2026-09-11 13:00:00,18.0,65,11.4,16.7,0.0,0.0,1014.5,100,12.0,284,458.0,Manchester
2026-09-11 13:00:00,16.2,72,11.1,14.8,0.0,0.0,1018.1,61,12.5,300,579.0,Newcastle
2026-09-11 14:00:00,19.8,49,8.9,18.3,0.0,0.0,1005.5,94,7.8,278,462.0,Birmingham
2026-09-11 14:00:00,19.2,64,12.2,18.5,0.0,0.0,1019.7,55,9.4,271,461.0,Bristol
2026-09-11 14:00:00,19.9,63,12.6,19.3,0.0,0.0,1019.3,92,11.0,265,581.0,Cardiff
2026-09-11 14:00:00,16.7,56,7.8,13.6,0.0,0.0,1009.5,37,17.3,272,403.0,Edinburgh
2026-09-11 14:00:00,16.8,55,7.7,14.0,0.0,0.0,1013.1,99,15.2,260,492.0,Glasgow
2026-09-11 14:00:00,16.5,55,7.3,12.9,0.0,0.0,1015.4,66,20.0,248,476.0,Inverness
2026-09-11 14:00:00,18.3,58,9.9,16.3,0.0,0.0,1013.5,100,13.6,285,507.0,Leeds
2026-09-11 14:00:00,20.4,59,12.2,19.7,0.0,0.0,1018.9,97,9.2,305,456.0,London
2026-09-11 14:00:00,18.0,62,10.5,16.4,0.0,0.0,1015.1,72,11.9,288,363.0,Manchester
2026-09-11 14:00:00,16.0,75,11.6,15.7,0.0,0.0,1018.5,100,5.4,285,544.0,Newcastle
2026-09-11 15:00:00,20.0,48,8.6,18.1,0.0,0.0,1005.8,93,10.2,279,334.0,Birmingham
2026-09-11 15:00:00,19.5,61,11.9,18.4,0.0,0.0,1019.9,88,11.4,265,470.0,Bristol
2026-09-11 15:00:00,19.0,70,13.4,17.9,0.1,0.1,1019.7,87,14.8,261,451.0,Cardiff
2026-09-11 15:00:00,17.1,53,7.4,13.9,0.0,0.0,1009.8,100,17.4,277,463.0,Edinburgh
2026-09-11 15:00:00,16.4,58,8.2,13.6,0.0,0.0,1013.7,98,15.4,259,312.0,Glasgow
2026-09-11 15:00:00,16.7,52,6.8,12.9,0.0,0.0,1015.9,52,20.1,245,412.0,Inverness
2026-09-11 15:00:00,17.7,58,9.3,15.5,0.0,0.0,1014.0,100,13.4,274,305.0,Leeds
2026-09-11 15:00:00,20.4,61,12.5,20.2,0.0,0.0,1019.1,99,6.1,317,367.0,London
2026-09-11 15:00:00,17.8,61,10.2,16.3,0.0,0.0,1015.6,77,11.1,283,409.0,Manchester
2026-09-11 15:00:00,16.2,74,11.6,15.8,0.0,0.0,1018.8,100,6.0,219,316.0,Newcastle
2026-09-11 16:00:00,20.0,47,8.5,18.0,0.0,0.0,1005.9,51,10.3,281,272.0,Birmingham
2026-09-11 16:00:00,19.2,65,12.3,17.8,0.0,0.0,1020.2,74,14.5,265,375.0,Bristol
2026-09-11 16:00:00,19.1,72,13.8,18.1,0.0,0.0,1019.9,39,15.1,261,421.0,Cardiff
2026-09-11 16:00:00,16.9,54,7.6,13.8,0.0,0.0,1010.2,99,16.9,273,294.0,Edinburgh
2026-09-11 16:00:00,15.9,63,8.9,13.3,0.0,0.0,1014.1,96,15.9,260,248.0,Glasgow
2026-09-11 16:00:00,16.4,53,6.8,12.5,0.0,0.0,1016.2,95,20.8,242,356.0,Inverness
2026-09-11 16:00:00,17.4,58,8.9,15.2,0.0,0.0,1014.3,100,13.0,270,239.0,Leeds
2026-09-11 16:00:00,20.6,58,12.1,20.5,0.0,0.0,1019.2,41,5.0,308,317.0,London
2026-09-11 16:00:00,17.6,61,10.0,16.1,0.0,0.0,1015.7,43,10.7,278,390.0,Manchester
2026-09-11 16:00:00,16.7,70,11.1,15.4,0.0,0.0,1019.2,99,11.0,246,254.0,Newcastle
2026-09-11 17:00:00,20.0,47,8.5,18.3,0.0,0.0,1006.1,87,9.3,283,285.0,Birmingham
2026-09-11 17:00:00,18.5,72,13.4,17.5,0.0,0.0,1020.4,12,14.1,263,303.0,Bristol
2026-09-11 17:00:00,18.7,74,13.9,17.7,0.0,0.0,1020.0,19,15.7,259,371.0,Cardiff
2026-09-11 17:00:00,16.4,58,8.2,13.5,0.0,0.0,1010.6,91,16.2,262,204.0,Edinburgh
2026-09-11 17:00:00,15.4,67,9.4,13.3,0.0,0.0,1014.4,64,13.2,256,158.0,Glasgow
2026-09-11 17:00:00,15.7,58,7.5,12.5,0.0,0.0,1016.7,80,17.2,233,186.0,Inverness
2026-09-11 17:00:00,17.1,57,8.6,14.9,0.0,0.0,1014.7,70,12.6,279,204.0,Leeds
2026-09-11 17:00:00,20.5,57,11.6,20.1,0.0,0.0,1019.9,99,6.1,300,257.0,London
2026-09-11 17:00:00,17.2,61,9.6,15.4,0.0,0.0,1016.2,90,11.3,278,361.0,Manchester
2026-09-11 17:00:00,17.0,63,10.0,14.2,0.0,0.0,1019.7,39,18.7,262,247.0,Newcastle
2026-09-11 18:00:00,19.4,52,9.4,17.9,0.0,0.0,1006.6,99,8.9,312,160.0,Birmingham
2026-09-11 18:00:00,18.0,74,13.4,17.1,0.0,0.0,1020.8,7,13.1,262,234.0,Bristol
2026-09-11 18:00:00,17.7,79,14.0,16.6,0.0,0.0,1020.5,16,16.1,264,257.0,Cardiff
2026-09-11 18:00:00,16.0,62,8.7,13.5,0.0,0.0,1010.9,48,14.8,264,163.0,Edinburgh
2026-09-11 18:00:00,15.4,69,9.7,13.8,0.0,0.0,1014.4,88,9.8,246,198.0,Glasgow
2026-09-11 18:00:00,15.2,60,7.4,12.2,0.0,0.0,1016.9,95,15.8,229,231.0,Inverness
2026-09-11 18:00:00,16.4,58,8.1,14.3,0.0,0.0,1015.2,30,11.1,284,216.0,Leeds
2026-09-11 18:00:00,20.3,58,11.9,20.2,0.0,0.0,1020.1,62,4.3,294,215.0,London
2026-09-11 18:00:00,16.4,64,9.5,15.1,0.0,0.0,1016.7,84,7.5,278,143.0,Manchester
2026-09-11 18:00:00,16.8,64,9.9,13.9,0.0,0.0,1020.1,99,19.7,257,209.0,Newcastle
2026-09-11 19:00:00,18.5,55,9.3,17.4,0.0,0.0,1006.7,21,6.2,316,70.0,Birmingham
2026-09-11 19:00:00,17.0,76,12.8,16.2,0.0,0.0,1021.0,5,11.2,258,110.0,Bristol
2026-09-11 19:00:00,16.4,80,13.0,15.3,0.0,0.0,1020.6,2,14.5,263,112.0,Cardiff
2026-09-11 19:00:00,15.0,67,9.0,13.1,0.0,0.0,1010.9,63,11.8,257,93.0,Edinburgh
2026-09-11 19:00:00,14.5,73,9.8,13.4,0.0,0.0,1014.2,27,7.4,225,108.0,Glasgow
2026-09-11 19:00:00,13.7,66,7.5,11.1,0.0,0.0,1016.8,100,13.1,214,94.0,Inverness
2026-09-11 19:00:00,15.4,62,8.1,13.7,0.0,0.0,1015.6,40,8.1,291,94.0,Leeds
2026-09-11 19:00:00,19.5,67,13.2,20.3,0.0,0.0,1020.4,34,0.9,217,79.0,London
2026-09-11 19:00:00,15.6,70,10.1,15.1,0.0,0.0,1016.9,63,3.5,285,65.0,Manchester
2026-09-11 19:00:00,16.7,64,9.9,13.6,0.0,0.0,1020.5,95,20.6,254,75.0,Newcastle
2026-09-11 20:00:00,16.9,69,11.1,16.0,0.0,0.0,1007.2,13,8.5,356,7.0,Birmingham
2026-09-11 20:00:00,15.9,80,12.5,14.9,0.0,0.0,1021.4,2,11.6,254,9.0,Bristol
2026-09-11 20:00:00,15.1,83,12.3,14.1,0.0,0.0,1020.9,1,12.1,265,12.0,Cardiff
2026-09-11 20:00:00,13.4,76,9.2,11.9,0.0,0.0,1010.9,34,9.0,223,12.0,Edinburgh
2026-09-11 20:00:00,12.9,81,9.6,11.8,0.0,0.0,1014.3,70,6.6,209,17.0,Glasgow
2026-09-11 20:00:00,12.8,70,7.6,10.4,0.0,0.0,1016.8,96,11.9,205,12.0,Inverness
2026-09-11 20:00:00,13.8,71,8.5,12.6,0.0,0.0,1015.8,2,5.1,288,7.0,Leeds
2026-09-11 20:00:00,18.4,68,12.4,19.0,0.0,0.0,1020.9,16,1.0,149,3.0,London
2026-09-11 20:00:00,15.3,71,10.1,15.0,0.0,0.0,1017.0,84,2.0,243,6.0,Manchester
2026-09-11 20:00:00,16.3,66,9.9,13.4,0.0,0.0,1020.7,50,19.8,257,5.0,Newcastle
2026-09-11 21:00:00,15.7,77,11.6,15.5,0.0,0.0,1007.6,9,4.7,4,0.0,Birmingham
2026-09-11 21:00:00,15.3,82,12.3,14.2,0.0,0.0,1022.0,1,12.1,260,0.0,Bristol
2026-09-11 21:00:00,14.2,86,12.0,13.3,0.0,0.0,1021.5,8,10.7,276,0.0,Cardiff
2026-09-11 21:00:00,12.5,79,9.0,10.5,0.0,0.0,1011.2,63,12.4,213,0.0,Edinburgh
2026-09-11 21:00:00,12.3,82,9.4,10.8,0.0,0.0,1014.6,72,8.7,201,0.0,Glasgow
2026-09-11 21:00:00,12.4,73,7.7,9.9,0.0,0.0,1016.8,95,12.7,203,0.0,Inverness
2026-09-11 21:00:00,12.9,75,8.6,11.8,0.0,0.0,1015.9,4,4.3,268,0.0,Leeds
2026-09-11 21:00:00,17.4,74,12.8,17.8,0.0,0.0,1021.2,20,2.9,150,0.0,London
2026-09-11 21:00:00,14.5,75,10.2,14.0,0.0,0.0,1017.2,100,3.6,229,0.0,Manchester
2026-09-11 21:00:00,15.8,70,10.4,13.2,0.0,0.0,1020.9,15,18.0,258,0.0,Newcastle
2026-09-11 22:00:00,15.1,79,11.4,14.8,0.0,0.0,1008.0,27,4.8,323,0.0,Birmingham
2026-09-11 22:00:00,14.8,85,12.3,13.9,0.0,0.0,1022.4,0,10.3,257,0.0,Bristol
2026-09-11 22:00:00,13.5,89,11.8,12.9,0.0,0.0,1021.8,34,8.0,280,0.0,Cardiff
2026-09-11 22:00:00,12.0,79,8.5,9.5,0.0,0.0,1011.0,88,14.3,205,0.0,Edinburgh
2026-09-11 22:00:00,12.2,83,9.4,11.0,0.0,0.0,1014.1,87,6.8,191,0.0,Glasgow
2026-09-11 22:00:00,12.3,73,7.7,9.7,0.0,0.0,1016.3,99,13.0,202,0.0,Inverness
2026-09-11 22:00:00,12.4,77,8.6,11.2,0.0,0.0,1016.0,19,5.9,239,0.0,Leeds
2026-09-11 22:00:00,16.4,80,13.0,16.7,0.0,0.0,1021.6,26,4.2,155,0.0,London
2026-09-11 22:00:00,13.9,79,10.3,13.4,0.0,0.0,1017.5,100,4.0,210,0.0,Manchester
2026-09-11 22:00:00,15.3,74,10.7,13.1,0.0,0.0,1021.0,54,16.5,252,0.0,Newcastle
2026-09-11 23:00:00,14.5,81,11.2,14.2,0.0,0.0,1008.0,23,4.7,298,0.0,Birmingham
2026-09-11 23:00:00,14.3,88,12.3,13.6,0.0,0.0,1022.3,33,9.1,255,0.0,Bristol
2026-09-11 23:00:00,13.0,91,11.6,12.4,0.0,0.0,1021.8,0,7.6,278,0.0,Cardiff
2026-09-11 23:00:00,11.6,77,7.7,9.0,0.0,0.0,1010.4,36,14.2,202,0.0,Edinburgh
2026-09-11 23:00:00,12.5,78,8.7,10.5,0.0,0.0,1013.5,98,11.0,178,0.0,Glasgow
2026-09-11 23:00:00,12.3,71,7.1,9.6,0.0,0.0,1015.2,100,13.1,198,0.0,Inverness
2026-09-11 23:00:00,11.9,79,8.5,10.6,0.0,0.0,1016.0,50,6.0,233,0.0,Leeds
2026-09-11 23:00:00,15.9,82,12.7,16.0,0.0,0.0,1021.7,17,4.5,151,0.0,London
2026-09-11 23:00:00,13.6,82,10.5,13.3,0.0,0.0,1017.1,31,2.9,158,0.0,Manchester
2026-09-11 23:00:00,14.7,79,11.0,12.9,0.0,0.0,1020.9,84,14.4,247,0.0,Newcastle
2026-09-12 00:00:00,13.9,83,11.1,13.5,0.0,0.0,1008.1,24,5.0,285,0.0,Birmingham
2026-09-12 00:00:00,13.9,90,12.3,13.4,0.0,0.0,1022.6,0,8.3,256,0.0,Bristol
2026-09-12 00:00:00,12.7,90,11.2,12.1,0.0,0.0,1022.0,25,6.9,285,0.0,Cardiff
2026-09-12 00:00:00,11.7,75,7.4,8.6,0.0,0.0,1009.7,98,16.2,193,0.0,Edinburgh
2026-09-12 00:00:00,12.7,76,8.5,10.2,0.0,0.0,1012.3,98,13.7,178,0.0,Glasgow
2026-09-12 00:00:00,12.7,69,7.3,10.2,0.0,0.0,1013.7,100,12.3,195,0.0,Inverness
2026-09-12 00:00:00,11.7,80,8.3,10.1,0.0,0.0,1015.8,22,7.5,230,0.0,Leeds
2026-09-12 00:00:00,16.3,78,12.5,16.3,0.0,0.0,1021.9,98,4.9,188,0.0,London
2026-09-12 00:00:00,12.4,86,10.0,11.8,0.0,0.0,1017.1,23,3.8,169,0.0,Manchester
2026-09-12 00:00:00,14.4,81,11.2,12.5,0.0,0.0,1020.7,59,15.4,217,0.0,Newcastle
2026-09-12 01:00:00,13.0,86,10.8,12.3,0.0,0.0,1007.8,1,6.4,254,0.0,Birmingham
2026-09-12 01:00:00,12.9,89,11.1,11.9,0.0,0.0,1022.6,7,8.4,236,0.0,Bristol
2026-09-12 01:00:00,11.2,96,10.7,10.7,0.0,0.0,1022.1,30,5.4,318,0.0,Cardiff
2026-09-12 01:00:00,11.7,74,7.3,8.6,0.0,0.0,1008.8,100,16.8,189,0.0,Edinburgh
2026-09-12 01:00:00,12.8,76,8.6,10.2,0.0,0.0,1011.6,100,14.6,179,0.0,Glasgow
2026-09-12 01:00:00,12.8,71,7.8,10.4,0.0,0.0,1013.0,100,12.6,197,0.0,Inverness
2026-09-12 01:00:00,10.9,83,8.1,9.1,0.0,0.0,1015.4,70,8.5,218,0.0,Leeds
2026-09-12 01:00:00,15.8,80,12.3,15.3,0.0,0.0,1021.9,14,7.6,243,0.0,London
2026-09-12 01:00:00,11.6,86,9.3,10.4,0.0,0.0,1016.7,17,6.5,177,0.0,Manchester
2026-09-12 01:00:00,13.8,82,10.8,11.6,0.0,0.0,1020.3,67,16.7,215,0.0,Newcastle
2026-09-12 02:00:00,12.5,86,10.3,11.5,0.0,0.0,1007.5,1,7.8,248,0.0,Birmingham
2026-09-12 02:00:00,12.6,90,11.1,11.7,0.0,0.0,1022.4,20,8.7,225,0.0,Bristol
2026-09-12 02:00:00,11.7,95,10.9,11.4,0.0,0.0,1021.7,100,4.0,321,0.0,Cardiff
2026-09-12 02:00:00,12.7,72,7.8,9.8,0.0,0.0,1007.6,98,15.9,186,0.0,Edinburgh
2026-09-12 02:00:00,12.8,76,8.7,10.5,0.0,0.0,1010.6,100,13.3,189,0.0,Glasgow
2026-09-12 02:00:00,13.2,71,8.1,10.7,0.0,0.0,1011.5,100,13.6,191,0.0,Inverness
2026-09-12 02:00:00,10.8,83,8.1,9.0,0.0,0.0,1015.0,10,8.9,220,0.0,Leeds
2026-09-12 02:00:00,14.7,85,12.2,14.2,0.0,0.0,1021.9,13,7.9,243,0.0,London
2026-09-12 02:00:00,11.1,86,8.9,9.7,0.0,0.0,1016.4,19,7.4,186,0.0,Manchester
2026-09-12 02:00:00,13.6,79,10.0,10.1,0.0,0.0,1019.7,43,23.7,205,0.0,Newcastle
2026-09-12 03:00:00,12.3,81,9.2,10.7,0.0,0.0,1007.2,2,9.3,236,0.0,Birmingham
2026-09-12 03:00:00,12.6,90,11.0,11.5,0.0,0.0,1022.0,30,9.6,223,0.0,Bristol
2026-09-12 03:00:00,12.6,92,11.4,12.2,0.0,0.0,1021.2,91,5.8,254,0.0,Cardiff
2026-09-12 03:00:00,12.7,75,8.3,9.7,0.0,0.0,1006.7,97,17.2,196,0.0,Edinburgh
2026-09-12 03:00:00,13.2,75,8.8,11.0,0.1,0.1,1009.7,100,13.0,191,0.0,Glasgow
2026-09-12 03:00:00,13.2,75,8.8,10.3,0.2,0.2,1009.6,100,17.1,187,0.0,Inverness
2026-09-12 03:00:00,10.8,83,7.9,8.8,0.0,0.0,1014.4,55,9.5,213,0.0,Leeds
2026-09-12 03:00:00,14.0,88,12.0,13.6,0.0,0.0,1021.8,0,7.0,235,0.0,London
2026-09-12 03:00:00,10.9,87,8.8,9.2,0.0,0.0,1015.7,80,9.2,177,0.0,Manchester
2026-09-12 03:00:00,13.3,80,9.8,9.2,0.0,0.0,1018.8,63,27.2,201,0.0,Newcastle
2026-09-12 04:00:00,11.6,80,8.3,9.6,0.0,0.0,1006.4,56,10.8,216,0.0,Birmingham
2026-09-12 04:00:00,12.4,91,11.0,11.1,0.0,0.0,1021.4,87,10.5,209,0.0,Bristol
2026-09-12 04:00:00,13.4,91,11.9,12.4,0.0,0.0,1020.6,41,11.1,228,0.0,Cardiff
2026-09-12 04:00:00,13.2,76,9.1,10.4,0.1,0.1,1005.4,100,17.6,206,0.0,Edinburgh
2026-09-12 04:00:00,12.2,88,10.2,10.2,2.5,2.5,1008.2,100,14.0,179,0.0,Glasgow
2026-09-12 04:00:00,12.2,86,9.9,9.5,0.7,0.7,1007.4,100,18.4,198,0.0,Inverness
2026-09-12 04:00:00,10.7,83,7.9,8.7,0.0,0.0,1013.2,96,9.7,198,0.0,Leeds
2026-09-12 04:00:00,13.4,89,11.7,12.8,0.0,0.0,1021.5,0,7.0,228,0.0,London
2026-09-12 04:00:00,11.1,84,8.5,9.4,0.0,0.0,1014.9,70,8.8,195,0.0,Manchester
2026-09-12 04:00:00,13.2,81,9.9,9.4,0.0,0.0,1017.8,99,25.6,198,0.0,Newcastle
2026-09-12 05:00:00,11.1,83,8.4,8.8,0.0,0.0,1006.0,72,12.4,214,0.0,Birmingham
2026-09-12 05:00:00,12.1,91,10.6,10.4,0.0,0.0,1020.9,2,12.3,211,0.0,Bristol
2026-09-12 05:00:00,13.4,91,11.9,12.2,0.0,0.0,1020.2,13,12.9,226,0.0,Cardiff
2026-09-12 05:00:00,12.6,89,10.8,10.1,5.1,5.1,1003.7,100,18.9,199,0.0,Edinburgh
2026-09-12 05:00:00,12.4,91,11.0,10.9,2.7,2.7,1006.5,100,12.1,182,0.0,Glasgow
2026-09-12 05:00:00,12.0,90,10.4,8.8,0.8,0.8,1005.2,100,22.6,197,0.0,Inverness
2026-09-12 05:00:00,11.4,80,8.0,9.3,0.0,0.0,1012.5,98,10.7,197,0.0,Leeds
2026-09-12 05:00:00,13.0,89,11.2,12.3,0.0,0.0,1021.1,0,7.3,232,0.0,London
2026-09-12 05:00:00,11.0,83,8.2,9.0,0.0,0.0,1014.2,95,10.6,189,0.0,Manchester
2026-09-12 05:00:00,13.2,80,9.8,9.2,0.1,0.1,1017.2,99,27.3,198,0.0,Newcastle
2026-09-12 06:00:00,11.3,87,9.2,9.1,0.0,0.0,1005.6,32,13.3,216,0.0,Birmingham
2026-09-12 06:00:00,12.0,89,10.2,10.0,0.0,0.0,1020.9,18,14.0,209,0.0,Bristol
2026-09-12 06:00:00,13.6,89,11.8,12.1,0.0,0.0,1020.1,23,14.8,233,0.0,Cardiff
2026-09-12 06:00:00,13.1,89,11.3,10.2,2.0,2.0,1002.3,100,22.2,200,0.0,Edinburgh
2026-09-12 06:00:00,12.8,93,11.6,10.4,1.2,1.2,1005.1,100,19.6,194,0.0,Glasgow
2026-09-12 06:00:00,12.4,88,10.5,8.8,0.2,0.2,1004.0,100,25.6,202,0.0,Inverness
2026-09-12 06:00:00,11.2,80,7.8,9.1,0.0,0.0,1012.0,67,10.5,185,0.0,Leeds
2026-09-12 06:00:00,12.6,88,10.6,11.7,0.0,0.0,1020.8,35,7.6,232,0.0,London
2026-09-12 06:00:00,11.5,81,8.3,9.4,0.0,0.0,1013.5,100,11.4,186,0.0,Manchester
2026-09-12 06:00:00,13.4,80,10.0,8.9,0.0,0.0,1015.9,93,31.0,189,0.0,Newcastle
2026-09-20 11:00:00,15.3,52,5.4,12.1,0.0,0.0,1010.9,6,13.8,296,471.0,Birmingham
2026-09-20 11:00:00,16.3,63,9.2,14.2,0.0,0.0,1025.3,98,13.1,304,371.0,Bristol
2026-09-20 11:00:00,16.8,63,9.8,15.1,0.0,0.0,1025.0,87,11.7,304,446.0,Cardiff
2026-09-20 11:00:00,14.1,62,6.9,8.7,0.0,0.0,1011.0,66,31.9,269,424.0,Edinburgh
2026-09-20 11:00:00,14.0,67,7.9,9.8,0.0,0.0,1015.6,39,24.9,277,406.0,Glasgow
2026-09-20 11:00:00,12.9,68,7.2,9.2,0.0,0.0,1017.3,58,20.6,261,253.0,Inverness
2026-09-20 11:00:00,15.0,61,7.6,11.4,0.0,0.0,1017.2,47,20.0,281,409.0,Leeds
2026-09-20 11:00:00,18.0,58,9.6,16.0,0.0,0.0,1023.9,94,13.0,301,312.0,London
2026-09-20 11:00:00,15.6,62,8.3,12.7,0.0,0.0,1019.4,20,16.6,283,421.0,Manchester
2026-09-20 11:00:00,14.3,71,9.2,9.4,0.0,0.0,1020.3,10,32.0,262,445.0,Newcastle
2026-09-20 12:00:00,16.3,46,4.5,12.8,0.0,0.0,1011.6,63,14.6,302,550.0,Birmingham
2026-09-20 12:00:00,16.8,61,9.2,15.0,0.0,0.0,1025.9,99,10.7,306,456.0,Bristol
2026-09-20 12:00:00,17.3,60,9.5,15.6,0.0,0.0,1025.5,98,11.1,299,493.0,Cardiff
2026-09-20 12:00:00,14.8,58,6.5,9.6,0.0,0.0,1012.0,48,29.4,274,379.0,Edinburgh
2026-09-20 12:00:00,14.6,62,7.5,10.5,0.0,0.0,1016.6,25,23.8,277,412.0,Glasgow
2026-09-20 12:00:00,13.7,64,7.1,9.7,0.0,0.0,1018.8,60,22.4,265,365.0,Inverness
2026-09-20 12:00:00,15.6,57,7.1,11.7,0.0,0.0,1018.2,78,21.4,285,450.0,Leeds
2026-09-20 12:00:00,18.6,52,8.6,16.4,0.0,0.0,1024.5,99,12.5,295,491.0,London
2026-09-20 12:00:00,16.0,59,7.9,13.0,0.0,0.0,1020.3,29,16.8,283,517.0,Manchester
2026-09-20 12:00:00,15.0,66,8.8,9.8,0.0,0.0,1021.3,16,33.6,274,510.0,Newcastle
2026-09-20 13:00:00,16.7,45,4.8,13.7,0.0,0.0,1012.2,13,11.5,299,510.0,Birmingham
2026-09-20 13:00:00,17.1,59,8.9,15.6,0.0,0.0,1026.5,95,8.1,305,463.0,Bristol
2026-09-20 13:00:00,18.0,59,9.8,16.6,0.0,0.0,1025.9,99,9.0,293,472.0,Cardiff
2026-09-20 13:00:00,15.9,54,6.7,10.8,0.0,0.0,1012.9,40,28.8,279,466.0,Edinburgh
2026-09-20 13:00:00,15.5,58,7.3,11.5,0.0,0.0,1017.4,46,22.9,278,498.0,Glasgow
2026-09-20 13:00:00,14.7,59,6.9,10.3,0.0,0.0,1019.3,70,24.7,271,352.0,Inverness
2026-09-20 13:00:00,15.7,57,7.1,12.1,0.0,0.0,1018.9,45,19.4,283,348.0,Leeds
2026-09-20 13:00:00,19.3,43,6.6,17.0,0.0,0.0,1025.0,73,11.4,294,589.0,London
2026-09-20 13:00:00,16.5,54,7.1,13.3,0.0,0.0,1021.1,58,16.7,286,509.0,Manchester
2026-09-20 13:00:00,16.1,60,8.4,10.9,0.0,0.0,1022.0,5,32.2,281,547.0,Newcastle
2026-09-20 14:00:00,17.2,44,4.7,14.6,0.0,0.0,1012.4,36,11.4,295,611.0,Birmingham
2026-09-20 14:00:00,17.7,57,9.0,16.2,0.0,0.0,1026.6,43,8.3,297,506.0,Bristol
2026-09-20 14:00:00,18.2,58,9.8,16.9,0.0,0.0,1026.2,16,8.7,294,501.0,Cardiff
2026-09-20 14:00:00,16.0,52,6.2,11.0,0.0,0.0,1013.8,41,28.2,278,439.0,Edinburgh
2026-09-20 14:00:00,15.6,57,7.0,11.5,0.0,0.0,1018.6,81,22.7,277,462.0,Glasgow
2026-09-20 14:00:00,15.0,57,6.6,10.6,0.0,0.0,1020.3,30,24.0,268,459.0,Inverness
2026-09-20 14:00:00,16.1,56,7.2,12.3,0.0,0.0,1019.2,33,20.7,283,401.0,Leeds
2026-09-20 14:00:00,19.6,40,5.6,17.3,0.0,0.0,1025.1,73,10.9,294,612.0,London
2026-09-20 14:00:00,16.4,53,6.8,13.2,0.0,0.0,1021.6,98,16.4,285,494.0,Manchester
2026-09-20 14:00:00,16.3,60,8.6,11.4,0.0,0.0,1022.5,4,31.3,281,564.0,Newcastle
2026-09-20 15:00:00,17.5,43,4.8,14.6,0.0,0.0,1012.6,100,11.0,296,547.0,Birmingham
2026-09-20 15:00:00,18.2,56,9.1,16.9,0.0,0.0,1026.6,16,7.8,285,577.0,Bristol
2026-09-20 15:00:00,18.5,57,9.8,17.4,0.0,0.0,1026.2,2,7.8,285,559.0,Cardiff
2026-09-20 15:00:00,16.0,53,6.4,11.2,0.0,0.0,1014.3,30,26.5,274,377.0,Edinburgh
2026-09-20 15:00:00,15.6,55,6.7,11.6,0.0,0.0,1018.9,95,21.9,276,463.0,Glasgow
2026-09-20 15:00:00,14.9,58,6.7,10.4,0.0,0.0,1021.2,59,24.7,271,418.0,Inverness
2026-09-20 15:00:00,16.5,53,7.0,12.4,0.0,0.0,1019.6,35,22.8,281,498.0,Leeds
2026-09-20 15:00:00,19.9,38,5.2,17.3,0.0,0.0,1025.4,71,10.1,297,569.0,London
2026-09-20 15:00:00,16.2,55,7.2,13.1,0.0,0.0,1022.1,100,15.8,284,358.0,Manchester
2026-09-20 15:00:00,16.6,59,8.5,11.5,0.0,0.0,1023.4,12,31.6,280,523.0,Newcastle
2026-09-20 16:00:00,17.4,44,4.9,14.4,0.0,0.0,1012.9,74,11.7,302,429.0,Birmingham
2026-09-20 16:00:00,18.2,56,9.3,16.6,0.0,0.0,1026.9,4,9.4,272,490.0,Bristol
2026-09-20 16:00:00,18.4,57,9.8,17.1,0.0,0.0,1026.6,0,8.8,274,495.0,Cardiff
2026-09-20 16:00:00,15.9,53,6.3,11.1,0.0,0.0,1015.1,92,26.7,272,387.0,Edinburgh
2026-09-20 16:00:00,15.2,54,5.9,10.9,0.0,0.0,1019.8,100,22.2,278,365.0,Glasgow
2026-09-20 16:00:00,14.6,59,6.7,10.6,0.0,0.0,1022.2,73,21.4,272,344.0,Inverness
2026-09-20 16:00:00,16.3,53,6.8,12.3,0.0,0.0,1020.0,47,21.9,281,426.0,Leeds
2026-09-20 16:00:00,19.8,39,5.4,17.3,0.0,0.0,1025.8,43,9.3,306,467.0,London
2026-09-20 16:00:00,16.1,55,7.1,13.1,0.0,0.0,1022.6,95,15.5,285,358.0,Manchester
2026-09-20 16:00:00,16.6,59,8.5,11.9,0.0,0.0,1023.6,23,29.3,283,433.0,Newcastle
2026-09-20 17:00:00,17.1,46,5.3,14.4,0.0,0.0,1013.3,59,10.9,304,335.0,Birmingham
2026-09-20 17:00:00,17.8,59,9.6,15.9,0.0,0.0,1027.4,4,11.8,259,363.0,Bristol
2026-09-20 17:00:00,17.8,60,10.1,16.2,0.0,0.0,1027.1,5,11.7,260,368.0,Cardiff
2026-09-20 17:00:00,15.4,55,6.5,10.8,0.0,0.0,1015.9,99,25.4,269,305.0,Edinburgh
2026-09-20 17:00:00,14.7,60,7.0,11.3,0.0,0.0,1020.4,100,17.4,277,176.0,Glasgow
2026-09-20 17:00:00,14.1,62,6.8,10.6,0.0,0.0,1022.7,74,18.4,269,227.0,Inverness
2026-09-20 17:00:00,15.8,57,7.2,12.2,0.0,0.0,1020.7,98,19.1,278,329.0,Leeds
2026-09-20 17:00:00,19.5,39,5.4,17.1,0.0,0.0,1026.4,17,8.4,304,326.0,London
2026-09-20 17:00:00,15.7,57,7.3,13.0,0.0,0.0,1023.0,99,13.4,285,262.0,Manchester
2026-09-20 17:00:00,16.6,59,8.5,11.9,0.0,0.0,1024.5,65,29.5,283,318.0,Newcastle
2026-09-20 18:00:00,16.5,49,5.7,14.0,0.0,0.0,1013.6,63,9.1,306,196.0,Birmingham
2026-09-20 18:00:00,16.8,64,10.1,14.8,0.0,0.0,1027.9,4,13.9,253,211.0,Bristol
2026-09-20 18:00:00,16.8,67,10.7,15.3,0.0,0.0,1027.6,2,11.8,257,216.0,Cardiff
2026-09-20 18:00:00,14.5,59,6.6,10.4,0.0,0.0,1016.7,97,22.8,265,150.0,Edinburgh
2026-09-20 18:00:00,14.1,65,7.5,11.1,0.0,0.0,1021.1,100,15.7,275,130.0,Glasgow
2026-09-20 18:00:00,13.4,65,7.1,10.3,0.0,0.0,1023.8,98,16.1,264,144.0,Inverness
2026-09-20 18:00:00,14.9,61,7.3,11.8,0.0,0.0,1021.1,90,16.3,277,176.0,Leeds
2026-09-20 18:00:00,19.0,41,5.3,16.7,0.0,0.0,1026.9,17,7.4,304,190.0,London
2026-09-20 18:00:00,15.0,65,8.5,13.1,0.0,0.0,1023.2,98,9.7,272,136.0,Manchester
2026-09-20 18:00:00,16.4,61,8.7,12.0,0.0,0.0,1025.1,78,27.7,283,173.0,Newcastle
2026-09-20 19:00:00,15.8,50,5.3,13.9,0.0,0.0,1014.2,28,5.0,300,60.0,Birmingham
2026-09-20 19:00:00,15.6,70,10.1,14.1,0.0,0.0,1028.2,2,10.7,253,66.0,Bristol
2026-09-20 19:00:00,15.3,73,10.5,14.0,0.0,0.0,1027.8,9,10.2,253,71.0,Cardiff
2026-09-20 19:00:00,13.5,65,7.0,9.8,0.0,0.0,1017.4,100,20.6,261,46.0,Edinburgh
2026-09-20 19:00:00,13.1,71,8.0,10.6,0.0,0.0,1021.7,100,13.0,266,43.0,Glasgow
2026-09-20 19:00:00,12.3,70,6.9,9.7,0.0,0.0,1024.5,100,12.3,267,41.0,Inverness
2026-09-20 19:00:00,13.8,65,7.2,11.2,0.0,0.0,1021.4,97,12.3,273,43.0,Leeds
2026-09-20 19:00:00,17.3,50,6.9,15.9,0.0,0.0,1027.5,15,4.4,300,48.0,London
2026-09-20 19:00:00,13.9,70,8.5,12.3,0.0,0.0,1023.6,88,8.0,260,42.0,Manchester
2026-09-20 19:00:00,15.9,63,8.9,11.6,0.0,0.0,1025.9,94,27.5,278,47.0,Newcastle
2026-09-20 20:00:00,14.6,54,5.4,13.0,0.0,0.0,1014.7,36,3.4,288,0.0,Birmingham
2026-09-20 20:00:00,14.9,72,10.0,13.4,0.0,0.0,1028.9,14,10.1,259,1.0,Bristol
2026-09-20 20:00:00,14.1,78,10.3,13.1,0.0,0.0,1028.4,3,8.1,267,1.0,Cardiff
2026-09-20 20:00:00,13.0,68,7.2,9.5,0.0,0.0,1018.2,100,19.0,260,1.0,Edinburgh
2026-09-20 20:00:00,12.7,74,8.1,10.6,0.0,0.0,1022.3,100,10.9,262,1.0,Glasgow
2026-09-20 20:00:00,12.1,71,7.1,9.8,0.0,0.0,1025.5,100,10.3,257,1.0,Inverness
2026-09-20 20:00:00,13.2,67,7.3,11.0,0.0,0.0,1022.6,96,10.3,268,0.0,Leeds
2026-09-20 20:00:00,16.7,48,5.6,15.0,0.0,0.0,1028.3,15,4.4,291,0.0,London
2026-09-20 20:00:00,13.0,75,8.7,11.8,0.0,0.0,1024.5,85,5.9,259,0.0,Manchester
2026-09-20 20:00:00,15.4,67,9.3,11.5,0.0,0.0,1027.1,100,25.6,278,0.0,Newcastle
2026-09-20 21:00:00,13.8,58,5.8,12.2,0.0,0.0,1015.7,48,3.5,305,0.0,Birmingham
2026-09-20 21:00:00,14.7,74,10.2,13.3,0.0,0.0,1029.6,11,9.6,257,0.0,Bristol
2026-09-20 21:00:00,13.1,82,10.1,12.2,0.0,0.0,1029.1,8,6.9,290,0.0,Cardiff
2026-09-20 21:00:00,12.8,71,7.6,9.5,0.0,0.0,1019.1,100,18.3,263,0.0,Edinburgh
2026-09-20 21:00:00,12.3,75,8.0,10.5,0.0,0.0,1023.0,100,9.0,265,0.0,Glasgow
2026-09-20 21:00:00,11.4,75,7.2,9.4,0.0,0.0,1026.1,99,8.8,226,0.0,Inverness
2026-09-20 21:00:00,12.7,71,7.6,10.8,0.0,0.0,1023.2,94,8.1,252,0.0,Leeds
2026-09-20 21:00:00,16.0,51,5.8,14.3,0.0,0.0,1029.0,23,4.4,279,0.0,London
2026-09-20 21:00:00,12.4,78,8.7,11.5,0.0,0.0,1025.0,97,3.9,236,0.0,Manchester
2026-09-20 21:00:00,15.0,70,9.5,11.3,0.0,0.0,1027.9,99,23.9,282,0.0,Newcastle
2026-09-20 22:00:00,12.9,65,6.5,11.4,0.0,0.0,1016.0,41,3.6,315,0.0,Birmingham
2026-09-20 22:00:00,14.3,78,10.6,13.2,0.0,0.0,1029.9,13,8.6,255,0.0,Bristol
2026-09-20 22:00:00,12.1,87,9.9,11.3,0.0,0.0,1029.5,13,5.6,320,0.0,Cardiff
2026-09-20 22:00:00,12.6,72,7.7,9.5,0.0,0.0,1019.5,100,17.4,262,0.0,Edinburgh
2026-09-20 22:00:00,12.1,77,8.2,10.5,0.0,0.0,1023.5,100,7.3,259,0.0,Glasgow
2026-09-20 22:00:00,10.8,78,7.2,8.7,0.0,0.0,1026.8,96,9.7,208,0.0,Inverness
2026-09-20 22:00:00,12.4,74,8.0,10.6,0.0,0.0,1023.6,90,8.4,250,0.0,Leeds
2026-09-20 22:00:00,15.4,54,6.1,13.8,0.0,0.0,1029.6,18,4.4,305,0.0,London
2026-09-20 22:00:00,12.2,79,8.7,11.3,0.0,0.0,1025.6,100,4.1,221,0.0,Manchester
2026-09-20 22:00:00,14.6,71,9.5,11.1,0.0,0.0,1028.5,99,23.0,282,0.0,Newcastle
2026-09-20 23:00:00,12.0,72,7.0,10.7,0.0,0.0,1016.3,20,3.6,307,0.0,Birmingham
2026-09-20 23:00:00,13.9,83,11.1,13.3,0.0,0.0,1030.1,2,6.5,273,0.0,Bristol
2026-09-20 23:00:00,11.7,88,9.7,10.5,0.0,0.0,1029.8,31,7.6,338,0.0,Cardiff
2026-09-20 23:00:00,12.6,72,7.7,10.0,0.0,0.0,1020.0,100,13.9,260,0.0,Edinburgh
2026-09-20 23:00:00,11.9,78,8.2,10.5,0.0,0.0,1023.6,100,6.3,246,0.0,Glasgow
2026-09-20 23:00:00,10.7,79,7.2,8.4,0.0,0.0,1026.7,84,10.5,199,0.0,Inverness
2026-09-20 23:00:00,12.2,76,8.0,10.4,0.0,0.0,1024.2,93,9.1,256,0.0,Leeds
2026-09-20 23:00:00,14.6,58,6.5,13.2,0.0,0.0,1029.6,17,3.2,326,0.0,London
2026-09-20 23:00:00,12.5,78,8.7,11.7,0.0,0.0,1025.9,100,3.0,205,0.0,Manchester
2026-09-20 23:00:00,14.3,71,9.2,10.7,0.0,0.0,1029.0,99,22.9,279,0.0,Newcastle
2026-09-21 00:00:00,11.4,75,7.2,10.3,0.0,0.0,1016.3,26,2.7,328,0.0,Birmingham
2026-09-21 00:00:00,13.4,86,11.1,13.1,0.0,0.0,1030.3,6,4.3,270,0.0,Bristol
2026-09-21 00:00:00,11.5,88,9.6,10.4,0.0,0.0,1029.9,48,7.1,333,0.0,Cardiff
2026-09-21 00:00:00,12.3,73,7.7,10.2,0.0,0.0,1020.0,88,10.4,244,0.0,Edinburgh
2026-09-21 00:00:00,11.7,80,8.3,10.4,0.0,0.0,1023.6,100,5.6,225,0.0,Glasgow
2026-09-21 00:00:00,9.7,84,7.2,7.6,0.0,0.0,1027.0,80,9.1,197,0.0,Inverness
2026-09-21 00:00:00,12.2,75,7.9,10.4,0.0,0.0,1024.4,78,8.4,260,0.0,Leeds
2026-09-21 00:00:00,13.8,64,7.0,12.6,0.0,0.0,1029.9,11,2.8,345,0.0,London
2026-09-21 00:00:00,12.4,80,9.1,11.8,0.0,0.0,1025.9,100,2.1,160,0.0,Manchester
2026-09-21 00:00:00,14.0,73,9.2,10.8,0.0,0.0,1029.7,92,19.8,281,0.0,Newcastle
2026-09-21 01:00:00,10.7,78,7.1,9.8,0.0,0.0,1016.3,53,1.1,288,0.0,Birmingham
2026-09-21 01:00:00,12.4,88,10.5,12.4,0.0,0.0,1030.2,20,0.7,270,0.0,Bristol
2026-09-21 01:00:00,9.5,98,9.2,8.3,0.0,0.0,1029.7,49,7.1,336,0.0,Cardiff
2026-09-21 01:00:00,10.9,79,7.5,8.6,0.0,0.0,1019.9,65,11.2,217,0.0,Edinburgh
2026-09-21 01:00:00,11.1,83,8.3,9.9,0.0,0.0,1023.3,96,5.4,195,0.0,Glasgow
2026-09-21 01:00:00,9.2,85,6.8,6.9,0.0,0.0,1026.9,69,10.3,203,0.0,Inverness
2026-09-21 01:00:00,11.3,80,8.0,10.0,0.0,0.0,1024.1,88,5.1,247,0.0,Leeds
2026-09-21 01:00:00,11.9,79,8.3,11.3,0.0,0.0,1030.3,26,1.0,31,0.0,London
2026-09-21 01:00:00,11.9,82,8.9,11.0,0.0,0.0,1025.7,100,4.0,201,0.0,Manchester
2026-09-21 01:00:00,13.5,74,8.9,10.5,0.0,0.0,1029.4,95,18.2,269,0.0,Newcastle
2026-09-21 02:00:00,10.8,77,7.0,9.8,0.0,0.0,1016.2,60,1.2,243,0.0,Birmingham
2026-09-21 02:00:00,12.0,91,10.5,12.0,0.0,0.0,1030.2,46,0.6,56,0.0,Bristol
2026-09-21 02:00:00,9.4,98,9.2,8.5,0.0,0.0,1029.7,94,5.2,335,0.0,Cardiff
2026-09-21 02:00:00,11.1,78,7.4,8.9,0.0,0.0,1020.0,100,10.2,221,0.0,Edinburgh
2026-09-21 02:00:00,11.0,84,8.4,10.0,0.0,0.0,1023.4,100,3.6,180,0.0,Glasgow
2026-09-21 02:00:00,9.2,86,7.1,7.3,0.0,0.0,1026.7,97,8.2,188,0.0,Inverness
2026-09-21 02:00:00,11.4,80,8.1,10.1,0.0,0.0,1024.1,8,5.3,242,0.0,Leeds
2026-09-21 02:00:00,11.7,80,8.3,11.2,0.0,0.0,1030.1,8,0.2,180,0.0,London
2026-09-21 02:00:00,11.7,83,8.9,10.9,0.0,0.0,1025.7,26,3.1,211,0.0,Manchester
2026-09-21 02:00:00,13.3,74,8.7,9.8,0.0,0.0,1029.9,77,21.4,260,0.0,Newcastle
2026-09-21 03:00:00,10.5,80,7.1,9.2,0.0,0.0,1016.4,67,3.6,229,0.0,Birmingham
2026-09-21 03:00:00,11.5,92,10.3,11.5,0.0,0.0,1030.3,78,0.5,90,0.0,Bristol
2026-09-21 03:00:00,9.4,99,9.3,8.6,0.0,0.0,1029.8,96,4.3,343,0.0,Cardiff
2026-09-21 03:00:00,11.6,76,7.4,9.5,0.0,0.0,1019.9,97,9.5,212,0.0,Edinburgh
2026-09-21 03:00:00,11.2,83,8.5,10.3,0.0,0.0,1023.2,94,2.9,150,0.0,Glasgow
2026-09-21 03:00:00,9.4,86,7.2,7.6,0.0,0.0,1026.5,100,7.6,187,0.0,Inverness
2026-09-21 03:00:00,10.4,83,7.7,9.2,0.0,0.0,1024.3,5,4.4,240,0.0,Leeds
2026-09-21 03:00:00,11.5,80,8.2,10.9,0.0,0.0,1030.0,65,0.4,297,0.0,London
2026-09-21 03:00:00,10.6,87,8.4,9.6,0.0,0.0,1025.8,34,3.5,195,0.0,Manchester
2026-09-21 03:00:00,13.2,74,8.6,10.9,0.0,0.0,1029.5,55,13.4,282,0.0,Newcastle
2026-09-21 04:00:00,10.0,82,7.2,8.8,0.0,0.0,1016.5,55,3.4,223,0.0,Birmingham
2026-09-21 04:00:00,11.1,94,10.2,11.1,0.0,0.0,1030.4,96,0.5,90,0.0,Bristol
2026-09-21 04:00:00,9.4,100,9.3,8.8,0.0,0.0,1029.8,100,2.7,352,0.0,Cardiff
2026-09-21 04:00:00,11.7,75,7.3,9.6,0.0,0.0,1019.5,63,9.8,220,0.0,Edinburgh
2026-09-21 04:00:00,11.0,83,8.2,10.1,0.0,0.0,1022.9,98,3.0,147,0.0,Glasgow
2026-09-21 04:00:00,10.5,79,7.1,8.5,0.0,0.0,1026.1,100,8.4,195,0.0,Inverness
2026-09-21 04:00:00,10.4,83,7.7,8.9,0.0,0.0,1024.3,5,5.8,234,0.0,Leeds
2026-09-21 04:00:00,11.3,82,8.4,10.7,0.0,0.0,1030.0,59,1.2,321,0.0,London
2026-09-21 04:00:00,10.3,87,8.3,9.3,0.0,0.0,1025.8,35,3.4,155,0.0,Manchester
2026-09-21 04:00:00,13.3,73,8.6,10.6,0.0,0.0,1029.7,30,16.1,264,0.0,Newcastle
2026-09-21 05:00:00,9.6,84,7.1,8.4,0.0,0.0,1016.3,66,3.5,219,0.0,Birmingham
2026-09-21 05:00:00,11.0,94,10.0,10.8,0.0,0.0,1030.3,98,1.1,108,0.0,Bristol
2026-09-21 05:00:00,9.6,99,9.5,9.1,0.0,0.0,1029.8,98,2.2,346,0.0,Cardiff
2026-09-21 05:00:00,11.0,76,6.9,8.8,0.0,0.0,1019.3,100,10.0,210,0.0,Edinburgh
2026-09-21 05:00:00,11.5,80,8.2,10.5,0.0,0.0,1022.4,100,3.2,128,0.0,Glasgow
2026-09-21 05:00:00,10.9,77,7.1,9.0,0.1,0.1,1025.4,100,7.2,199,0.0,Inverness
2026-09-21 05:00:00,10.2,85,7.8,8.6,0.0,0.0,1024.3,42,6.6,229,0.0,Leeds
2026-09-21 05:00:00,11.0,86,8.7,10.5,0.0,0.0,1030.3,69,1.0,338,0.0,London
2026-09-21 05:00:00,10.0,88,8.0,8.9,0.0,0.0,1025.8,95,3.7,145,0.0,Manchester
2026-09-21 05:00:00,13.2,75,8.9,11.0,0.0,0.0,1029.5,10,12.8,241,0.0,Newcastle
2026-09-21 06:00:00,9.6,84,7.1,8.4,0.0,0.0,1016.2,96,2.8,195,0.0,Birmingham
2026-09-21 06:00:00,11.0,93,9.9,10.5,0.0,0.0,1030.2,88,2.7,152,0.0,Bristol
2026-09-21 06:00:00,9.9,99,9.7,9.8,0.0,0.0,1029.7,64,0.8,333,0.0,Cardiff
2026-09-21 06:00:00,12.1,73,7.5,10.0,0.0,0.0,1019.2,100,10.5,207,0.0,Edinburgh
2026-09-21 06:00:00,12.1,80,8.8,11.4,0.0,0.0,1022.5,100,2.7,180,0.0,Glasgow
2026-09-21 06:00:00,11.1,77,7.3,9.4,0.0,0.0,1025.3,100,6.7,194,0.0,Inverness
2026-09-21 06:00:00,10.1,87,8.1,8.6,0.0,0.0,1024.4,84,6.5,231,0.0,Leeds
2026-09-21 06:00:00,10.7,88,8.9,10.4,0.0,0.0,1030.3,83,0.2,360,0.0,London
2026-09-21 06:00:00,10.4,85,8.0,9.3,0.0,0.0,1025.7,100,3.3,119,0.0,Manchester
2026-09-21 06:00:00,12.9,82,9.9,10.9,0.0,0.0,1029.9,17,13.2,231,0.0,Newcastle
2026-09-21 07:00:00,9.9,83,7.2,8.6,0.0,0.0,1016.5,92,4.3,208,0.0,Birmingham
2026-09-21 07:00:00,10.3,95,9.6,10.0,0.0,0.0,1030.6,20,1.5,150,0.0,Bristol
2026-09-21 07:00:00,9.7,99,9.6,9.4,0.0,0.0,1030.1,98,1.1,342,0.0,Cardiff
2026-09-21 07:00:00,11.8,86,9.4,10.4,0.1,0.1,1019.1,100,8.2,206,0.0,Edinburgh
2026-09-21 07:00:00,11.9,85,9.4,11.5,0.1,0.1,1022.3,100,1.6,117,0.0,Glasgow
2026-09-21 07:00:00,10.4,93,9.3,9.3,0.4,0.4,1024.9,100,6.2,190,0.0,Inverness
2026-09-21 07:00:00,10.6,86,8.4,9.3,0.0,0.0,1024.5,100,5.8,214,0.0,Leeds
2026-09-21 07:00:00,10.3,90,8.7,9.8,0.0,0.0,1030.6,60,0.6,214,1.0,London
2026-09-21 07:00:00,10.9,83,8.2,10.0,0.0,0.0,1026.0,96,3.0,123,0.0,Manchester
2026-09-21 07:00:00,12.6,86,10.3,10.7,0.0,0.0,1029.9,80,13.5,209,0.0,Newcastle
2026-09-21 08:00:00,11.1,77,7.3,9.5,0.0,0.0,1016.9,73,6.1,204,35.0,Birmingham
2026-09-21 08:00:00,11.5,91,10.2,11.1,0.0,0.0,1031.0,37,3.2,142,45.0,Bristol
2026-09-21 08:00:00,11.1,96,10.4,11.1,0.0,0.0,1030.3,28,0.9,11,32.0,Cardiff
2026-09-21 08:00:00,12.2,90,10.6,10.5,0.4,0.4,1018.9,100,13.0,211,4.0,Edinburgh
2026-09-21 08:00:00,12.7,87,10.6,11.9,0.0,0.0,1022.2,100,6.3,204,6.0,Glasgow
2026-09-21 08:00:00,10.8,93,9.8,9.4,1.0,1.0,1024.7,99,9.0,195,6.0,Inverness
2026-09-21 08:00:00,11.5,83,8.6,10.1,0.0,0.0,1024.8,100,7.0,201,29.0,Leeds
2026-09-21 08:00:00,11.5,85,9.0,10.9,0.0,0.0,1031.0,65,1.7,257,67.0,London
2026-09-21 08:00:00,11.7,78,8.1,10.7,0.0,0.0,1026.2,96,3.5,165,24.0,Manchester
2026-09-21 08:00:00,12.6,87,10.5,10.1,0.0,0.0,1029.7,95,18.4,207,38.0,Newcastle
2026-09-21 09:00:00,12.7,69,7.3,11.2,0.0,0.0,1017.4,68,5.1,216,153.0,Birmingham
2026-09-21 09:00:00,14.3,77,10.3,14.0,0.0,0.0,1031.4,34,2.0,153,164.0,Bristol
2026-09-21 09:00:00,13.7,87,11.7,13.8,0.0,0.0,1030.8,100,3.1,62,131.0,Cardiff
2026-09-21 09:00:00,13.4,89,11.6,11.8,0.0,0.0,1019.2,100,14.5,224,45.0,Edinburgh
2026-09-21 09:00:00,13.7,91,12.2,12.9,0.1,0.1,1022.5,100,10.5,221,33.0,Glasgow
2026-09-21 09:00:00,11.9,91,10.5,10.2,0.0,0.0,1024.6,98,12.8,220,48.0,Inverness
2026-09-21 09:00:00,12.4,78,8.6,10.9,0.0,0.0,1025.0,100,7.7,208,71.0,Leeds
2026-09-21 09:00:00,13.1,75,8.8,12.5,0.0,0.0,1031.1,48,1.4,247,200.0,London
2026-09-21 09:00:00,12.5,74,8.1,11.4,0.0,0.0,1026.5,66,3.8,172,89.0,Manchester
2026-09-21 09:00:00,12.8,86,10.6,10.2,0.0,0.0,1030.0,79,18.9,209,140.0,Newcastle
2026-09-21 10:00:00,14.7,53,5.2,12.7,0.0,0.0,1017.3,23,5.7,217,275.0,Birmingham
2026-09-21 10:00:00,16.0,71,10.7,15.7,0.0,0.0,1031.4,12,3.1,234,307.0,Bristol
2026-09-21 10:00:00,15.4,82,12.3,15.7,0.0,0.0,1030.9,100,2.9,137,208.0,Cardiff
2026-09-21 10:00:00,14.6,87,12.4,13.2,0.0,0.0,1019.2,100,15.3,233,92.0,Edinburgh
2026-09-21 10:00:00,14.4,92,13.1,13.6,0.1,0.1,1022.5,100,12.1,221,52.0,Glasgow
2026-09-21 10:00:00,13.1,89,11.3,11.0,0.0,0.0,1024.4,92,16.5,224,76.0,Inverness
2026-09-21 10:00:00,13.3,72,8.3,11.9,0.0,0.0,1025.0,97,6.6,202,105.0,Leeds
2026-09-21 10:00:00,15.4,62,8.2,14.7,0.0,0.0,1031.3,51,1.3,315,349.0,London
2026-09-21 10:00:00,13.3,73,8.5,12.4,0.0,0.0,1026.6,79,3.3,167,163.0,Manchester
2026-09-21 10:00:00,13.8,82,10.8,11.1,0.0,0.0,1030.0,100,20.1,214,230.0,Newcastle
2026-09-21 11:00:00,16.5,47,5.3,14.4,0.0,0.0,1017.0,52,6.1,220,407.0,Birmingham
2026-09-21 11:00:00,17.3,69,11.5,17.1,0.0,0.0,1031.2,55,4.2,258,432.0,Bristol
2026-09-21 11:00:00,16.2,82,13.2,16.6,0.0,0.0,1030.8,98,4.0,185,197.0,Cardiff
2026-09-21 11:00:00,15.7,85,13.1,14.5,0.0,0.0,1019.2,88,15.0,230,122.0,Edinburgh
2026-09-21 11:00:00,15.4,90,13.9,14.6,0.0,0.0,1022.8,100,14.0,223,88.0,Glasgow
2026-09-21 11:00:00,15.3,83,12.4,13.2,0.0,0.0,1024.4,89,19.1,224,198.0,Inverness
2026-09-21 11:00:00,15.2,64,8.5,13.7,0.0,0.0,1024.6,84,7.5,195,251.0,Leeds
2026-09-21 11:00:00,17.4,49,6.6,16.1,0.0,0.0,1031.1,41,2.7,262,473.0,London
2026-09-21 11:00:00,14.8,69,9.1,13.8,0.0,0.0,1026.2,84,4.7,184,295.0,Manchester
2026-09-21 11:00:00,14.1,83,11.2,11.5,0.0,0.0,1029.9,100,20.1,208,120.0,Newcastle
2026-09-21 12:00:00,17.7,48,6.7,16.1,0.0,0.0,1017.2,20,5.3,232,444.0,Birmingham
2026-09-21 12:00:00,18.3,68,12.2,18.1,0.0,0.0,1031.3,100,5.7,252,481.0,Bristol
2026-09-21 12:00:00,17.4,80,13.9,18.0,0.0,0.0,1030.8,99,5.2,209,276.0,Cardiff
2026-09-21 12:00:00,17.1,80,13.7,15.8,0.0,0.0,1019.3,100,17.4,232,255.0,Edinburgh
2026-09-21 12:00:00,16.2,89,14.4,15.3,0.0,0.0,1023.1,97,15.5,224,135.0,Glasgow
2026-09-21 12:00:00,15.8,82,12.7,13.9,0.0,0.0,1024.7,76,18.9,214,214.0,Inverness
2026-09-21 12:00:00,16.5,62,9.2,15.1,0.0,0.0,1024.9,80,8.0,214,288.0,Leeds
2026-09-21 12:00:00,18.7,43,6.0,17.3,0.0,0.0,1031.0,15,3.4,254,560.0,London
2026-09-21 12:00:00,16.2,67,10.1,15.6,0.0,0.0,1026.3,100,4.4,201,391.0,Manchester
2026-09-21 12:00:00,14.3,84,11.7,11.9,0.0,0.0,1029.6,21,19.9,192,241.0,Newcastle
2026-09-21 13:00:00,19.7,50,9.0,18.5,0.0,0.0,1016.9,21,6.1,247,533.0,Birmingham
2026-09-21 13:00:00,18.7,69,12.8,18.9,0.0,0.0,1031.0,91,4.6,249,382.0,Bristol
2026-09-21 13:00:00,19.4,75,14.9,20.3,0.0,0.0,1030.4,77,4.7,223,420.0,Cardiff
2026-09-21 13:00:00,18.8,77,14.8,17.7,0.0,0.0,1019.1,100,19.0,240,200.0,Edinburgh
2026-09-21 13:00:00,17.5,86,15.2,17.2,0.0,0.0,1023.0,100,13.9,229,150.0,Glasgow
2026-09-21 13:00:00,17.4,80,13.9,16.0,0.0,0.0,1024.4,70,18.2,212,302.0,Inverness
2026-09-21 13:00:00,18.2,62,10.7,17.1,0.0,0.0,1024.7,100,9.0,241,348.0,Leeds
2026-09-21 13:00:00,20.5,39,6.1,19.2,0.0,0.0,1030.4,0,4.2,258,603.0,London
2026-09-21 13:00:00,17.2,66,10.8,16.8,0.0,0.0,1026.3,100,3.8,185,259.0,Manchester
2026-09-21 13:00:00,15.7,81,12.4,13.6,0.0,0.0,1029.1,11,19.2,197,478.0,Newcastle
2026-09-21 14:00:00,20.6,51,10.3,19.9,0.0,0.0,1016.5,45,5.9,250,564.0,Birmingham
2026-09-21 14:00:00,19.5,69,13.7,19.9,0.0,0.0,1030.4,56,5.4,256,403.0,Bristol
2026-09-21 14:00:00,20.6,74,15.9,21.9,0.0,0.0,1029.8,97,5.1,228,523.0,Cardiff
2026-09-21 14:00:00,19.7,76,15.3,18.6,0.0,0.0,1018.9,87,19.8,249,301.0,Edinburgh
2026-09-21 14:00:00,17.5,87,15.4,17.4,0.0,0.0,1022.9,100,13.2,230,127.0,Glasgow
2026-09-21 14:00:00,18.5,77,14.5,17.1,0.0,0.0,1024.4,72,19.8,214,335.0,Inverness
2026-09-21 14:00:00,18.0,68,12.1,17.1,0.0,0.0,1024.4,100,10.1,251,243.0,Leeds
2026-09-21 14:00:00,21.3,37,6.2,20.0,0.0,0.0,1029.9,0,4.1,270,597.0,London
2026-09-21 14:00:00,17.7,69,11.9,17.9,0.0,0.0,1026.0,100,2.6,196,232.0,Manchester
2026-09-21 14:00:00,16.5,80,13.0,15.0,0.0,0.0,1028.5,5,16.7,198,519.0,Newcastle
2026-09-21 15:00:00,21.7,52,11.4,21.2,0.0,0.0,1016.4,67,5.8,275,491.0,Birmingham
2026-09-21 15:00:00,20.3,70,14.6,20.8,0.0,0.0,1030.1,6,7.2,276,513.0,Bristol
2026-09-21 15:00:00,21.3,72,16.1,22.6,0.0,0.0,1029.5,100,5.2,224,462.0,Cardiff
2026-09-21 15:00:00,19.7,77,15.6,18.7,0.0,0.0,1019.0,44,20.0,251,300.0,Edinburgh
2026-09-21 15:00:00,17.5,89,15.8,17.7,0.0,0.0,1022.9,100,12.4,228,90.0,Glasgow
2026-09-21 15:00:00,18.7,77,14.7,17.3,0.0,0.0,1024.4,74,20.0,216,298.0,Inverness
2026-09-21 15:00:00,17.9,72,12.8,17.1,0.0,0.0,1024.2,38,11.3,250,247.0,Leeds
2026-09-21 15:00:00,21.9,37,6.7,20.5,0.0,0.0,1029.4,0,3.6,250,542.0,London
2026-09-21 15:00:00,18.0,71,12.8,18.6,0.0,0.0,1025.9,100,2.1,195,178.0,Manchester
2026-09-21 15:00:00,17.0,80,13.6,16.1,0.0,0.0,1028.1,22,14.1,215,494.0,Newcastle
2026-09-21 16:00:00,22.4,53,12.4,22.0,0.0,0.0,1015.9,55,7.7,303,321.0,Birmingham
2026-09-21 16:00:00,20.3,72,15.0,20.8,0.0,0.0,1029.9,9,7.9,287,452.0,Bristol
2026-09-21 16:00:00,21.4,72,16.2,22.8,0.0,0.0,1029.3,100,5.3,237,346.0,Cardiff
2026-09-21 16:00:00,19.5,79,15.9,19.1,0.0,0.0,1019.1,88,16.6,246,242.0,Edinburgh
2026-09-21 16:00:00,17.5,91,16.0,17.9,0.0,0.0,1022.9,100,11.2,226,74.0,Glasgow
2026-09-21 16:00:00,18.4,80,14.9,17.4,0.0,0.0,1024.4,72,17.7,211,210.0,Inverness
2026-09-21 16:00:00,18.6,73,13.6,17.8,0.0,0.0,1023.8,23,12.9,254,333.0,Leeds
2026-09-21 16:00:00,22.3,38,7.3,21.1,0.0,0.0,1029.1,1,3.2,254,446.0,London
2026-09-21 16:00:00,17.9,74,13.3,18.7,0.0,0.0,1025.7,100,1.8,114,84.0,Manchester
2026-09-21 16:00:00,17.6,79,14.0,17.0,0.0,0.0,1028.1,30,13.0,266,400.0,Newcastle
2026-09-21 17:00:00,22.3,56,13.1,22.2,0.0,0.0,1015.8,99,7.4,302,217.0,Birmingham
2026-09-21 17:00:00,20.1,74,15.3,20.9,0.0,0.0,1029.7,19,6.3,272,322.0,Bristol
2026-09-21 17:00:00,21.2,73,16.1,22.5,0.0,0.0,1029.1,98,6.0,254,292.0,Cardiff
2026-09-21 17:00:00,19.2,81,16.0,19.1,0.0,0.0,1019.2,70,14.7,237,155.0,Edinburgh
2026-09-21 17:00:00,18.0,90,16.3,18.6,0.0,0.0,1022.9,100,10.3,234,86.0,Glasgow
2026-09-21 17:00:00,18.4,81,15.1,17.6,0.0,0.0,1024.5,91,16.7,216,183.0,Inverness
2026-09-21 17:00:00,18.7,76,14.3,18.0,0.0,0.0,1023.6,81,14.0,257,281.0,Leeds
2026-09-21 17:00:00,22.3,39,7.8,21.4,0.0,0.0,1029.1,5,2.2,261,316.0,London
2026-09-21 17:00:00,18.0,77,13.9,18.9,0.0,0.0,1025.6,100,2.0,117,90.0,Manchester
2026-09-21 17:00:00,17.7,82,14.6,16.3,0.0,0.0,1028.3,8,19.3,298,278.0,Newcastle
2026-09-21 18:00:00,21.9,59,13.5,22.1,0.0,0.0,1015.6,49,6.2,306,138.0,Birmingham
2026-09-21 18:00:00,19.7,77,15.5,20.7,0.0,0.0,1029.5,8,5.5,238,192.0,Bristol
2026-09-21 18:00:00,20.4,78,16.4,21.7,0.0,0.0,1029.0,27,6.4,252,167.0,Cardiff
2026-09-21 18:00:00,19.0,84,16.2,19.0,0.0,0.0,1019.1,48,15.0,230,80.0,Edinburgh
2026-09-21 18:00:00,18.0,91,16.5,19.3,0.0,0.0,1022.7,80,6.8,230,66.0,Glasgow
2026-09-21 18:00:00,17.8,84,15.0,16.9,0.0,0.0,1024.6,90,17.4,219,83.0,Inverness
2026-09-21 18:00:00,18.0,80,14.5,17.7,0.0,0.0,1023.4,77,11.9,256,138.0,Leeds
2026-09-21 18:00:00,22.1,41,8.4,21.3,0.0,0.0,1029.0,12,1.9,311,168.0,London
2026-09-21 18:00:00,17.8,81,14.4,19.0,0.0,0.0,1025.4,100,1.5,60,36.0,Manchester
2026-09-21 18:00:00,17.5,84,14.8,16.0,0.0,0.0,1028.4,13,21.4,290,161.0,Newcastle
2026-09-21 19:00:00,20.9,63,13.5,21.4,0.0,0.0,1015.3,4,4.0,3,47.0,Birmingham
2026-09-21 19:00:00,18.2,85,15.7,19.7,0.0,0.0,1029.1,3,3.2,232,57.0,Bristol
2026-09-21 19:00:00,18.8,85,16.3,20.0,0.0,0.0,1028.6,16,7.5,262,58.0,Cardiff
2026-09-21 19:00:00,18.6,86,16.3,18.9,0.0,0.0,1019.0,77,13.3,235,33.0,Edinburgh
2026-09-21 19:00:00,17.2,94,16.2,18.5,0.0,0.0,1022.7,77,5.5,224,47.0,Glasgow
2026-09-21 19:00:00,17.3,85,14.7,16.4,0.0,0.0,1024.6,48,16.9,219,28.0,Inverness
2026-09-21 19:00:00,17.4,84,14.6,17.3,0.0,0.0,1023.1,25,11.1,258,34.0,Leeds
2026-09-21 19:00:00,20.9,46,9.0,20.4,0.0,0.0,1028.8,2,1.4,130,40.0,London
2026-09-21 19:00:00,17.7,82,14.6,19.0,0.0,0.0,1025.0,93,1.4,310,12.0,Manchester
2026-09-21 19:00:00,17.4,86,15.0,16.3,0.0,0.0,1028.3,12,19.1,275,41.0,Newcastle
2026-09-21 20:00:00,19.7,70,14.0,20.6,0.0,0.0,1015.4,10,2.1,20,0.0,Birmingham
2026-09-21 20:00:00,17.2,89,15.3,18.3,0.0,0.0,1029.1,4,4.4,232,0.0,Bristol
2026-09-21 20:00:00,17.3,93,16.1,18.3,0.0,0.0,1028.7,17,8.0,284,1.0,Cardiff
2026-09-21 20:00:00,18.1,89,16.3,18.4,0.0,0.0,1019.2,14,13.0,236,0.0,Edinburgh
2026-09-21 20:00:00,16.5,95,15.8,17.8,0.1,0.1,1022.7,33,4.7,223,1.0,Glasgow
2026-09-21 20:00:00,16.2,85,13.6,14.8,0.0,0.0,1025.0,46,17.8,219,1.0,Inverness
2026-09-21 20:00:00,16.5,90,14.9,16.5,0.0,0.0,1023.2,10,10.9,262,0.0,Leeds
2026-09-21 20:00:00,20.1,47,8.4,19.3,0.0,0.0,1028.7,0,2.6,164,0.0,London
2026-09-21 20:00:00,17.2,84,14.5,18.3,0.0,0.0,1024.9,100,2.5,266,0.0,Manchester
2026-09-21 20:00:00,17.0,88,15.1,16.3,0.0,0.0,1028.5,21,16.2,271,0.0,Newcastle
2026-09-21 21:00:00,19.1,72,14.0,20.4,0.0,0.0,1015.7,7,0.2,180,0.0,Birmingham
2026-09-21 21:00:00,16.9,91,15.5,17.7,0.0,0.0,1029.4,6,7.0,247,0.0,Bristol
2026-09-21 21:00:00,16.6,95,15.8,17.3,0.0,0.0,1029.1,5,9.0,293,0.0,Cardiff
2026-09-21 21:00:00,17.0,93,15.8,17.2,0.0,0.0,1019.2,6,12.3,230,0.0,Edinburgh
2026-09-21 21:00:00,15.9,96,15.3,17.0,0.1,0.1,1022.7,100,4.0,219,0.0,Glasgow
2026-09-21 21:00:00,15.7,85,13.1,14.0,0.0,0.0,1025.1,33,18.4,219,0.0,Inverness
2026-09-21 21:00:00,16.1,93,15.0,16.4,0.0,0.0,1023.5,34,9.4,275,0.0,Leeds
2026-09-21 21:00:00,19.6,48,8.3,18.9,0.0,0.0,1028.8,2,1.5,194,0.0,London
2026-09-21 21:00:00,16.5,88,14.5,17.7,0.0,0.0,1025.0,100,1.3,326,0.0,Manchester
2026-09-21 21:00:00,16.7,90,15.1,16.5,0.0,0.0,1028.6,26,12.6,266,0.0,Newcastle
2026-09-21 22:00:00,18.6,74,13.9,19.5,0.0,0.0,1015.7,3,1.9,214,0.0,Birmingham
2026-09-21 22:00:00,16.6,95,15.8,17.4,0.0,0.0,1029.6,9,7.5,259,0.0,Bristol
2026-09-21 22:00:00,16.1,95,15.4,16.7,0.0,0.0,1029.1,6,9.0,303,0.0,Cardiff
2026-09-21 22:00:00,16.7,93,15.5,16.7,0.0,0.0,1019.1,11,12.5,220,0.0,Edinburgh
2026-09-21 22:00:00,16.0,97,15.4,16.8,0.6,0.6,1022.6,73,7.0,230,0.0,Glasgow
2026-09-21 22:00:00,15.0,85,12.5,13.0,0.0,0.0,1025.2,31,19.1,218,0.0,Inverness
2026-09-21 22:00:00,16.0,94,15.1,16.4,0.0,0.0,1023.7,42,8.6,272,0.0,Leeds
2026-09-21 22:00:00,19.1,51,8.7,18.5,0.0,0.0,1028.9,5,1.0,239,0.0,London
2026-09-21 22:00:00,16.3,88,14.3,17.6,0.0,0.0,1025.2,55,0.4,90,0.0,Manchester
2026-09-21 22:00:00,16.5,91,15.0,16.8,0.0,0.0,1028.8,28,9.3,255,0.0,Newcastle
2026-09-21 23:00:00,18.0,77,14.0,18.9,0.0,0.0,1015.8,4,2.2,235,0.0,Birmingham
2026-09-21 23:00:00,16.3,96,15.7,17.2,0.0,0.0,1029.5,3,7.2,251,0.0,Bristol
2026-09-21 23:00:00,15.5,96,14.8,16.0,0.0,0.0,1029.1,1,7.5,307,0.0,Cardiff
2026-09-21 23:00:00,16.9,92,15.6,16.9,0.0,0.0,1019.0,21,13.3,222,0.0,Edinburgh
2026-09-21 23:00:00,15.9,96,15.3,16.5,0.0,0.0,1022.4,1,7.3,211,0.0,Glasgow
2026-09-21 23:00:00,14.6,87,12.4,12.5,0.0,0.0,1025.1,43,18.9,215,0.0,Inverness
2026-09-21 23:00:00,16.0,94,15.0,16.4,0.0,0.0,1024.0,43,8.6,271,0.0,Leeds
2026-09-21 23:00:00,18.6,52,8.6,17.9,0.0,0.0,1028.9,5,2.0,225,0.0,London
2026-09-21 23:00:00,15.7,90,14.0,16.8,0.0,0.0,1025.3,12,1.6,117,0.0,Manchester
2026-09-21 23:00:00,16.4,92,15.0,17.0,0.0,0.0,1029.1,23,7.2,257,0.0,Newcastle
2026-09-22 00:00:00,17.4,81,14.1,18.3,0.0,0.0,1015.7,1,2.5,262,0.0,Birmingham
2026-09-22 00:00:00,16.1,95,15.4,16.8,0.0,0.0,1029.3,13,7.9,246,0.0,Bristol
2026-09-22 00:00:00,14.8,98,14.5,15.3,0.0,0.0,1028.9,5,7.0,312,0.0,Cardiff
2026-09-22 00:00:00,16.9,90,15.3,16.5,0.0,0.0,1018.9,2,15.0,224,0.0,Edinburgh
2026-09-22 00:00:00,15.0,96,14.4,15.3,0.0,0.0,1022.2,3,8.0,208,0.0,Glasgow
2026-09-22 00:00:00,14.5,88,12.6,13.0,0.0,0.0,1024.7,66,16.2,214,0.0,Inverness
2026-09-22 00:00:00,16.1,93,15.0,16.5,0.0,0.0,1023.9,39,8.3,271,0.0,Leeds
2026-09-22 00:00:00,17.9,56,8.9,17.2,0.0,0.0,1028.9,7,2.1,239,0.0,London
2026-09-22 00:00:00,15.0,93,13.8,15.9,0.0,0.0,1025.2,5,2.4,103,0.0,Manchester
2026-09-22 00:00:00,16.3,92,15.0,16.8,0.0,0.0,1029.2,15,7.7,242,0.0,Newcastle
2026-09-22 01:00:00,16.4,87,14.2,17.0,0.0,0.0,1015.4,1,5.4,272,0.0,Birmingham
2026-09-22 01:00:00,14.7,100,14.7,15.1,0.0,0.0,1029.1,59,7.8,226,0.0,Bristol
2026-09-22 01:00:00,13.7,100,13.7,14.1,0.0,0.0,1028.6,100,5.8,324,0.0,Cardiff
2026-09-22 01:00:00,16.5,90,14.9,15.9,0.0,0.0,1018.7,0,15.1,212,0.0,Edinburgh
2026-09-22 01:00:00,14.5,95,13.7,14.7,0.0,0.0,1021.8,19,6.3,204,0.0,Glasgow
2026-09-22 01:00:00,14.6,87,12.5,13.3,0.0,0.0,1024.1,28,14.1,210,0.0,Inverness
2026-09-22 01:00:00,16.4,94,15.5,17.2,0.0,0.0,1023.7,64,6.6,259,0.0,Leeds
2026-09-22 01:00:00,16.5,65,9.8,16.1,0.0,0.0,1028.9,6,1.8,276,0.0,London
2026-09-22 01:00:00,14.7,97,14.3,15.7,0.0,0.0,1025.0,14,3.0,115,0.0,Manchester
2026-09-22 01:00:00,15.9,94,14.9,16.1,0.0,0.0,1029.1,86,9.6,218,0.0,Newcastle
2026-09-22 02:00:00,16.0,91,14.5,16.5,0.0,0.0,1015.1,0,6.0,311,0.0,Birmingham
2026-09-22 02:00:00,14.6,99,14.4,15.0,0.0,0.0,1028.7,99,6.9,211,0.0,Bristol
2026-09-22 02:00:00,13.4,99,13.3,13.7,0.0,0.0,1028.1,100,4.8,338,0.0,Cardiff
2026-09-22 02:00:00,16.2,90,14.6,15.5,0.0,0.0,1018.1,4,15.2,204,0.0,Edinburgh
2026-09-22 02:00:00,14.7,94,13.8,14.8,0.0,0.0,1021.6,70,7.8,212,0.0,Glasgow
2026-09-22 02:00:00,15.9,80,12.4,14.3,0.0,0.0,1023.2,82,16.1,209,0.0,Inverness
2026-09-22 02:00:00,16.1,95,15.3,17.0,0.0,0.0,1023.3,47,5.8,254,0.0,Leeds
2026-09-22 02:00:00,16.2,66,9.9,15.9,0.0,0.0,1028.6,5,2.1,255,0.0,London
2026-09-22 02:00:00,14.0,99,13.9,14.8,0.0,0.0,1024.5,8,2.5,94,0.0,Manchester
2026-09-22 02:00:00,15.5,94,14.5,15.0,0.0,0.0,1028.8,63,13.0,204,0.0,Newcastle
2026-09-22 03:00:00,15.3,94,14.3,16.0,0.0,0.0,1014.7,0,4.7,320,0.0,Birmingham
2026-09-22 03:00:00,14.1,100,14.1,14.7,0.0,0.0,1028.3,100,4.3,202,0.0,Bristol
2026-09-22 03:00:00,12.9,100,12.9,13.3,0.0,0.0,1027.8,100,3.7,349,0.0,Cardiff
2026-09-22 03:00:00,16.0,89,14.1,14.8,0.0,0.0,1018.0,17,18.0,201,0.0,Edinburgh
2026-09-22 03:00:00,14.9,94,14.0,15.1,0.1,0.1,1021.6,63,7.4,227,0.0,Glasgow
2026-09-22 03:00:00,16.7,78,12.8,15.2,0.0,0.0,1023.1,97,16.7,225,0.0,Inverness
2026-09-22 03:00:00,15.5,96,14.9,16.4,0.0,0.0,1023.0,55,4.9,272,0.0,Leeds
2026-09-22 03:00:00,15.7,70,10.2,15.5,0.0,0.0,1028.3,5,1.8,246,0.0,London
2026-09-22 03:00:00,13.6,100,13.6,14.5,0.0,0.0,1024.2,100,1.5,54,0.0,Manchester
2026-09-22 03:00:00,15.1,95,14.4,14.5,0.0,0.0,1028.4,26,14.1,205,0.0,Newcastle
2026-09-22 04:00:00,14.5,96,13.8,15.2,0.0,0.0,1014.3,1,3.4,328,0.0,Birmingham
2026-09-22 04:00:00,14.1,100,14.1,15.1,0.0,0.0,1028.1,100,2.6,196,0.0,Bristol
2026-09-22 04:00:00,12.6,100,12.5,12.8,0.0,0.0,1027.6,99,3.8,5,0.0,Cardiff
2026-09-22 04:00:00,16.1,90,14.5,14.7,0.0,0.0,1017.7,47,19.9,198,0.0,Edinburgh
2026-09-22 04:00:00,15.0,97,14.5,14.9,0.6,0.6,1021.6,100,11.0,221,0.0,Glasgow
2026-09-22 04:00:00,16.5,81,13.2,14.9,0.0,0.0,1023.0,51,18.0,224,0.0,Inverness
2026-09-22 04:00:00,15.5,97,15.0,16.3,0.0,0.0,1022.8,98,5.8,284,0.0,Leeds
2026-09-22 04:00:00,15.3,73,10.4,15.1,0.0,0.0,1028.0,5,1.8,259,0.0,London
2026-09-22 04:00:00,13.5,100,13.4,14.4,0.0,0.0,1024.0,100,0.9,37,0.0,Manchester
2026-09-22 04:00:00,15.1,96,14.4,14.3,0.0,0.0,1028.1,21,15.3,210,0.0,Newcastle
2026-09-22 05:00:00,13.9,98,13.6,14.6,0.0,0.0,1014.3,2,2.5,315,0.0,Birmingham
2026-09-22 05:00:00,14.3,99,14.2,15.2,0.0,0.0,1028.0,100,2.6,219,0.0,Bristol
2026-09-22 05:00:00,13.0,100,12.9,13.2,0.0,0.0,1027.6,100,4.7,7,0.0,Cardiff
2026-09-22 05:00:00,16.6,88,14.7,15.3,0.0,0.0,1017.6,70,19.5,219,0.0,Edinburgh
2026-09-22 05:00:00,15.3,97,14.9,15.4,0.0,0.0,1021.2,71,10.7,213,0.0,Glasgow
2026-09-22 05:00:00,15.9,81,12.7,13.7,0.0,0.0,1022.6,61,20.5,214,0.0,Inverness
2026-09-22 05:00:00,15.5,97,15.1,16.3,0.0,0.0,1022.9,94,6.0,286,0.0,Leeds
2026-09-22 05:00:00,14.8,76,10.7,14.7,0.0,0.0,1027.9,4,1.6,270,0.0,London
2026-09-22 05:00:00,13.6,100,13.6,14.7,0.0,0.0,1024.0,100,0.4,117,0.0,Manchester
2026-09-22 05:00:00,15.1,95,14.4,14.3,0.0,0.0,1028.2,21,15.4,228,0.0,Newcastle
2026-09-22 06:00:00,13.6,100,13.6,14.3,0.0,0.0,1014.5,100,2.8,310,0.0,Birmingham
2026-09-22 06:00:00,14.4,99,14.3,15.4,0.0,0.0,1028.3,100,2.6,254,0.0,Bristol
2026-09-22 06:00:00,12.9,99,12.8,13.2,0.0,0.0,1027.8,100,4.1,2,0.0,Cardiff
2026-09-22 06:00:00,16.6,89,14.8,15.6,0.0,0.0,1017.7,100,17.9,219,0.0,Edinburgh
2026-09-22 06:00:00,15.4,97,14.9,15.3,0.0,0.0,1021.2,70,11.6,221,0.0,Glasgow
2026-09-22 06:00:00,15.9,82,12.8,13.5,0.0,0.0,1022.5,78,22.2,216,0.0,Inverness
2026-09-22 06:00:00,15.5,98,15.1,16.3,0.0,0.0,1022.9,99,5.6,276,0.0,Leeds
2026-09-22 06:00:00,14.6,79,11.0,14.7,0.0,0.0,1028.0,41,1.3,270,0.0,London
2026-09-22 06:00:00,14.0,100,14.0,15.0,0.0,0.0,1024.2,100,1.7,193,0.0,Manchester
2026-09-22 06:00:00,15.1,95,14.3,14.5,0.0,0.0,1028.3,14,13.2,227,0.0,Newcastle
2026-09-22 07:00:00,13.7,100,13.7,14.4,0.0,0.0,1014.5,100,3.1,320,0.0,Birmingham
2026-09-22 07:00:00,14.4,99,14.2,15.3,0.0,0.0,1028.3,100,2.7,233,0.0,Bristol
2026-09-22 07:00:00,12.9,99,12.8,13.2,0.0,0.0,1027.8,99,3.9,16,0.0,Cardiff
2026-09-22 07:00:00,17.0,89,15.2,16.3,0.0,0.0,1017.5,71,17.2,218,0.0,Edinburgh
2026-09-22 07:00:00,15.4,96,14.8,15.3,0.0,0.0,1021.1,23,11.6,227,0.0,Glasgow
2026-09-22 07:00:00,16.4,81,13.2,14.4,0.0,0.0,1022.0,91,20.7,210,0.0,Inverness
2026-09-22 07:00:00,15.3,98,15.0,16.0,0.0,0.0,1022.9,96,6.3,255,0.0,Leeds
2026-09-22 07:00:00,14.3,82,11.3,14.5,0.0,0.0,1028.1,53,1.1,198,1.0,London
2026-09-22 07:00:00,14.1,99,13.9,15.0,0.0,0.0,1024.2,100,2.1,239,0.0,Manchester
2026-09-22 07:00:00,15.2,95,14.3,14.6,0.0,0.0,1028.1,22,13.4,206,0.0,Newcastle
2026-09-22 08:00:00,14.2,99,14.1,15.0,0.0,0.0,1014.8,100,3.2,317,28.0,Birmingham
2026-09-22 08:00:00,14.7,99,14.6,15.7,0.0,0.0,1028.4,100,3.7,231,22.0,Bristol
2026-09-22 08:00:00,13.3,99,13.2,13.8,0.0,0.0,1027.9,100,3.7,14,32.0,Cardiff
2026-09-22 08:00:00,17.4,87,15.3,16.8,0.0,0.0,1017.8,6,16.2,225,16.0,Edinburgh
2026-09-22 08:00:00,15.4,96,14.8,15.3,0.0,0.0,1021.3,21,11.5,229,27.0,Glasgow
2026-09-22 08:00:00,16.9,79,13.3,15.0,0.0,0.0,1022.3,89,20.4,215,16.0,Inverness
2026-09-22 08:00:00,15.8,97,15.4,16.5,0.0,0.0,1023.0,100,7.5,253,32.0,Leeds
2026-09-22 08:00:00,15.5,75,11.1,15.6,0.0,0.0,1028.3,59,1.7,212,52.0,London
2026-09-22 08:00:00,14.3,98,13.9,15.0,0.0,0.0,1024.3,100,3.5,231,18.0,Manchester
2026-09-22 08:00:00,15.1,95,14.3,14.3,0.0,0.0,1028.2,39,15.0,219,48.0,Newcastle
2026-09-22 09:00:00,14.9,98,14.6,16.1,0.0,0.0,1015.1,100,1.9,292,91.0,Birmingham
2026-09-22 09:00:00,15.3,99,15.1,16.4,0.0,0.0,1028.7,100,3.8,229,86.0,Bristol
2026-09-22 09:00:00,15.0,99,14.8,16.3,0.0,0.0,1028.1,100,2.3,51,125.0,Cardiff
2026-09-22 09:00:00,18.0,82,14.9,17.5,0.0,0.0,1018.1,39,14.8,232,128.0,Edinburgh
2026-09-22 09:00:00,16.3,95,15.5,16.4,0.0,0.0,1021.6,2,12.0,223,121.0,Glasgow
2026-09-22 09:00:00,17.2,79,13.4,15.4,0.0,0.0,1022.9,84,19.7,218,82.0,Inverness
2026-09-22 09:00:00,16.5,93,15.3,17.1,0.0,0.0,1023.3,100,7.6,255,95.0,Leeds
2026-09-22 09:00:00,17.3,67,11.2,17.5,0.0,0.0,1028.6,95,0.7,284,158.0,London
2026-09-22 09:00:00,14.3,100,14.2,15.2,0.0,0.0,1024.7,100,2.9,223,66.0,Manchester
2026-09-22 09:00:00,15.2,94,14.3,14.5,0.0,0.0,1028.5,32,14.2,218,147.0,Newcastle
2026-09-22 10:00:00,16.5,89,14.7,17.8,0.0,0.0,1015.2,98,1.2,231,185.0,Birmingham
2026-09-22 10:00:00,16.3,96,15.6,17.7,0.0,0.0,1028.8,100,3.3,229,193.0,Bristol
2026-09-22 10:00:00,16.7,92,15.4,18.5,0.0,0.0,1028.2,100,0.7,90,215.0,Cardiff
2026-09-22 10:00:00,18.6,78,14.6,18.0,0.0,0.0,1017.9,8,14.3,231,211.0,Edinburgh
2026-09-22 10:00:00,17.5,88,15.5,17.0,0.0,0.0,1021.6,25,16.4,230,287.0,Glasgow
2026-09-22 10:00:00,17.3,79,13.5,15.7,0.0,0.0,1023.2,100,18.2,219,126.0,Inverness
2026-09-22 10:00:00,17.5,84,14.8,17.8,0.0,0.0,1023.4,39,8.2,261,178.0,Leeds
2026-09-22 10:00:00,19.8,58,11.3,20.1,0.0,0.0,1028.7,81,0.2,360,292.0,London
2026-09-22 10:00:00,14.8,99,14.6,16.0,0.0,0.0,1024.7,100,2.0,207,103.0,Manchester
2026-09-22 10:00:00,15.8,92,14.5,14.9,0.0,0.0,1028.6,53,15.5,222,274.0,Newcastle
2026-09-22 11:00:00,18.5,79,14.7,19.6,0.0,0.0,1015.2,1,2.5,172,261.0,Birmingham
2026-09-22 11:00:00,18.6,83,15.7,20.0,0.0,0.0,1028.7,97,3.1,230,346.0,Bristol
2026-09-22 11:00:00,18.4,86,16.0,20.1,0.0,0.0,1028.1,100,2.3,162,341.0,Cardiff
2026-09-22 11:00:00,19.6,70,14.0,17.9,0.0,0.0,1018.0,21,20.8,243,379.0,Edinburgh
2026-09-22 11:00:00,17.9,83,15.1,17.1,0.0,0.0,1021.8,77,16.8,233,292.0,Glasgow
2026-09-22 11:00:00,16.7,83,13.8,15.9,0.1,0.1,1024.0,100,13.7,235,79.0,Inverness
2026-09-22 11:00:00,19.0,76,14.7,19.6,0.0,0.0,1023.3,13,6.5,267,337.0,Leeds
2026-09-22 11:00:00,21.3,57,12.4,21.9,0.0,0.0,1028.6,50,1.2,63,391.0,London
2026-09-22 11:00:00,15.4,98,15.1,16.9,0.0,0.0,1024.7,100,1.4,220,168.0,Manchester
2026-09-22 11:00:00,16.2,91,14.7,15.5,0.0,0.0,1028.6,33,15.4,218,363.0,Newcastle
2026-09-22 12:00:00,21.0,66,14.4,21.8,0.0,0.0,1015.0,9,4.0,180,469.0,Birmingham
2026-09-22 12:00:00,20.2,76,15.7,21.6,0.0,0.0,1028.3,100,3.2,236,436.0,Bristol
2026-09-22 12:00:00,19.3,83,16.4,20.9,0.0,0.0,1027.9,100,4.6,169,400.0,Cardiff
2026-09-22 12:00:00,20.2,66,13.7,18.6,0.0,0.0,1018.0,5,18.9,246,442.0,Edinburgh
2026-09-22 12:00:00,18.0,81,14.7,17.1,0.0,0.0,1021.7,96,16.3,233,278.0,Glasgow
2026-09-22 12:00:00,16.0,86,13.6,15.5,0.2,0.2,1024.5,100,11.5,261,80.0,Inverness
2026-09-22 12:00:00,20.3,71,14.8,21.2,0.0,0.0,1023.0,11,5.0,255,498.0,Leeds
2026-09-22 12:00:00,22.5,56,13.3,23.3,0.0,0.0,1028.3,34,1.5,69,451.0,London
2026-09-22 12:00:00,16.9,89,15.1,18.2,0.0,0.0,1024.5,100,2.3,203,288.0,Manchester
2026-09-22 12:00:00,16.5,89,14.7,15.9,0.0,0.0,1028.3,28,14.4,209,436.0,Newcastle
2026-09-22 13:00:00,23.1,57,14.2,23.6,0.0,0.0,1014.4,30,6.8,191,579.0,Birmingham
2026-09-22 13:00:00,21.3,70,15.7,22.7,0.0,0.0,1027.8,100,3.8,253,390.0,Bristol
2026-09-22 13:00:00,21.1,78,17.0,22.4,0.0,0.0,1027.4,31,8.3,166,433.0,Cardiff
2026-09-22 13:00:00,21.3,59,12.9,19.4,0.0,0.0,1017.8,80,19.5,246,499.0,Edinburgh
2026-09-22 13:00:00,19.1,76,14.7,18.5,0.0,0.0,1021.4,98,15.1,234,313.0,Glasgow
2026-09-22 13:00:00,14.8,94,13.9,14.8,0.4,0.4,1025.0,100,8.9,295,102.0,Inverness
2026-09-22 13:00:00,22.4,65,15.5,23.8,0.0,0.0,1022.4,9,3.7,235,561.0,Leeds
2026-09-22 13:00:00,24.0,52,13.5,24.7,0.0,0.0,1027.8,23,2.2,76,502.0,London
2026-09-22 13:00:00,19.2,82,16.1,20.5,0.0,0.0,1023.9,100,5.3,198,287.0,Manchester
2026-09-22 13:00:00,17.7,83,14.7,17.2,0.0,0.0,1027.8,15,13.6,198,502.0,Newcastle
2026-09-22 14:00:00,23.6,54,13.7,23.7,0.0,0.0,1013.8,59,7.5,188,541.0,Birmingham
2026-09-22 14:00:00,21.6,69,15.7,23.0,0.0,0.0,1027.3,64,3.8,245,366.0,Bristol
2026-09-22 14:00:00,21.4,77,17.2,22.7,0.0,0.0,1027.0,17,9.1,162,552.0,Cardiff
2026-09-22 14:00:00,21.6,57,12.8,19.8,0.0,0.0,1017.5,97,18.7,248,484.0,Edinburgh
2026-09-22 14:00:00,19.4,74,14.7,18.7,0.1,0.1,1021.1,97,15.6,235,459.0,Glasgow
2026-09-22 14:00:00,14.6,93,13.5,14.9,0.1,0.1,1025.0,100,6.0,249,61.0,Inverness
2026-09-22 14:00:00,23.2,58,14.6,24.1,0.1,0.1,1021.8,68,4.3,225,549.0,Leeds
2026-09-22 14:00:00,24.4,50,13.4,25.2,0.0,0.0,1027.2,9,2.2,66,502.0,London
2026-09-22 14:00:00,20.1,78,16.2,21.2,0.0,0.0,1023.4,100,6.6,209,402.0,Manchester
2026-09-22 14:00:00,18.0,81,14.6,17.5,0.0,0.0,1027.4,16,13.8,191,511.0,Newcastle
2026-09-22 15:00:00,23.6,55,13.9,23.5,0.0,0.0,1013.3,45,8.7,187,441.0,Birmingham
2026-09-22 15:00:00,21.8,69,15.9,23.1,0.0,0.0,1026.8,98,4.8,241,408.0,Bristol
2026-09-22 15:00:00,22.1,71,16.5,23.2,0.0,0.0,1026.3,18,8.2,161,532.0,Cardiff
2026-09-22 15:00:00,21.6,58,13.0,19.9,0.0,0.0,1017.4,95,17.9,249,460.0,Edinburgh
2026-09-22 15:00:00,19.2,75,14.7,18.6,0.2,0.2,1021.0,99,14.4,237,421.0,Glasgow
2026-09-22 15:00:00,15.0,89,13.2,14.8,0.0,0.0,1025.0,100,8.5,228,100.0,Inverness
2026-09-22 15:00:00,23.6,54,13.6,23.8,0.1,0.1,1021.4,51,6.1,212,468.0,Leeds
2026-09-22 15:00:00,24.8,48,13.0,25.4,0.0,0.0,1026.7,33,2.5,45,469.0,London
2026-09-22 15:00:00,20.4,76,16.1,21.4,0.0,0.0,1023.0,97,7.7,213,315.0,Manchester
2026-09-22 15:00:00,17.2,85,14.6,16.1,0.0,0.0,1027.0,21,17.4,156,475.0,Newcastle
2026-09-22 16:00:00,23.3,55,13.8,23.2,0.0,0.0,1012.9,29,8.6,195,334.0,Birmingham
2026-09-22 16:00:00,21.3,72,16.2,22.7,0.0,0.0,1026.3,38,4.8,281,257.0,Bristol
2026-09-22 16:00:00,22.3,68,16.1,23.2,0.0,0.0,1025.8,20,8.4,170,435.0,Cardiff
2026-09-22 16:00:00,21.2,60,13.1,19.8,0.0,0.0,1017.2,95,16.4,251,349.0,Edinburgh
2026-09-22 16:00:00,18.9,76,14.7,18.7,0.4,0.4,1020.7,96,11.8,237,332.0,Glasgow
2026-09-22 16:00:00,15.3,85,12.8,14.7,0.0,0.0,1024.9,100,9.9,218,130.0,Inverness
2026-09-22 16:00:00,23.2,55,13.8,23.2,0.1,0.1,1020.9,75,8.3,219,387.0,Leeds
2026-09-22 16:00:00,24.7,47,12.6,24.8,0.0,0.0,1026.1,42,4.4,32,311.0,London
2026-09-22 16:00:00,20.8,74,16.1,21.9,0.0,0.0,1022.4,91,6.5,214,337.0,Manchester
2026-09-22 16:00:00,15.6,95,14.8,14.4,0.0,0.0,1026.7,55,19.2,143,379.0,Newcastle
2026-09-22 17:00:00,22.4,59,14.1,22.4,0.0,0.0,1012.5,30,9.2,200,247.0,Birmingham
2026-09-22 17:00:00,21.3,74,16.4,22.8,0.0,0.0,1025.7,18,4.5,320,260.0,Bristol
2026-09-22 17:00:00,22.1,68,15.9,23.2,0.0,0.0,1025.3,20,6.5,175,322.0,Cardiff
2026-09-22 17:00:00,20.5,64,13.4,19.8,0.0,0.0,1016.9,83,12.4,251,241.0,Edinburgh
2026-09-22 17:00:00,18.5,79,14.7,18.6,0.3,0.3,1020.3,81,9.8,239,225.0,Glasgow
2026-09-22 17:00:00,15.5,80,12.1,14.7,0.0,0.0,1024.8,100,9.6,218,172.0,Inverness
2026-09-22 17:00:00,22.4,62,14.6,22.7,0.1,0.1,1020.6,90,8.2,238,279.0,Leeds
2026-09-22 17:00:00,24.6,47,12.6,24.6,0.0,0.0,1025.6,59,5.2,46,189.0,London
2026-09-22 17:00:00,20.8,74,15.9,22.3,0.0,0.0,1021.9,95,3.1,257,247.0,Manchester
2026-09-22 17:00:00,15.2,98,15.0,14.5,0.0,0.0,1026.4,51,16.3,143,267.0,Newcastle
2026-09-22 18:00:00,21.4,64,14.4,21.7,0.1,0.1,1012.3,59,8.1,219,126.0,Birmingham
2026-09-22 18:00:00,20.7,77,16.5,22.4,0.0,0.0,1025.4,24,4.2,340,176.0,Bristol
2026-09-22 18:00:00,21.5,72,16.3,23.2,0.0,0.0,1024.9,18,3.6,180,191.0,Cardiff
2026-09-22 18:00:00,19.7,70,14.0,19.7,0.0,0.0,1016.8,100,9.1,252,134.0,Edinburgh
2026-09-22 18:00:00,17.9,82,14.8,18.4,0.0,0.0,1020.3,91,7.3,242,158.0,Glasgow
2026-09-22 18:00:00,15.4,80,11.9,14.9,0.0,0.0,1024.8,100,6.8,215,95.0,Inverness
2026-09-22 18:00:00,21.3,69,15.3,22.0,0.0,0.0,1020.5,92,7.3,261,142.0,Leeds
2026-09-22 18:00:00,24.0,49,12.7,24.1,0.0,0.0,1025.3,84,4.9,80,123.0,London
2026-09-22 18:00:00,20.0,80,16.4,21.5,0.0,0.0,1021.6,98,4.5,2,144.0,Manchester
2026-09-22 18:00:00,15.4,98,15.0,15.2,0.0,0.0,1026.2,20,12.7,150,142.0,Newcastle
2026-09-22 19:00:00,21.4,64,14.2,21.6,0.2,0.2,1011.8,15,7.3,211,42.0,Birmingham
2026-09-22 19:00:00,19.1,84,16.3,20.8,0.0,0.0,1025.1,3,3.1,13,53.0,Bristol
2026-09-22 19:00:00,19.5,79,15.7,21.1,0.0,0.0,1024.5,5,2.0,117,57.0,Cardiff
2026-09-22 19:00:00,18.2,77,14.1,18.4,0.0,0.0,1016.5,88,8.0,222,43.0,Edinburgh
2026-09-22 19:00:00,16.8,85,14.4,17.6,0.0,0.0,1019.7,94,4.6,206,51.0,Glasgow
2026-09-22 19:00:00,14.4,87,12.2,14.6,0.0,0.0,1024.7,100,3.0,218,15.0,Inverness
2026-09-22 19:00:00,20.2,77,16.0,21.1,0.0,0.0,1020.1,91,8.3,283,35.0,Leeds
2026-09-22 19:00:00,23.3,54,13.4,23.5,0.0,0.0,1025.1,63,5.9,78,22.0,London
2026-09-22 19:00:00,18.9,86,16.6,20.4,0.0,0.0,1021.1,99,5.2,14,41.0,Manchester
2026-09-22 19:00:00,15.4,97,14.9,15.9,0.0,0.0,1025.9,13,7.5,138,37.0,Newcastle
2026-09-22 20:00:00,20.5,68,14.4,21.0,0.0,0.0,1011.7,95,6.1,203,0.0,Birmingham
2026-09-22 20:00:00,18.3,86,15.9,20.0,0.0,0.0,1024.9,10,1.8,53,0.0,Bristol
2026-09-22 20:00:00,18.2,83,15.3,19.8,0.0,0.0,1024.3,11,1.5,69,0.0,Cardiff
2026-09-22 20:00:00,17.1,83,14.1,16.9,0.0,0.0,1016.4,77,10.8,201,0.0,Edinburgh
2026-09-22 20:00:00,16.0,89,14.1,16.6,0.0,0.0,1019.6,98,4.6,198,1.0,Glasgow
2026-09-22 20:00:00,14.1,90,12.5,14.5,0.5,0.5,1024.8,100,2.0,260,0.0,Inverness
2026-09-22 20:00:00,18.9,84,16.1,19.9,0.0,0.0,1020.0,98,7.4,302,0.0,Leeds
2026-09-22 20:00:00,22.5,55,13.1,22.0,0.0,0.0,1025.0,100,9.8,116,0.0,London
2026-09-22 20:00:00,17.6,91,16.1,19.2,0.0,0.0,1021.0,84,3.5,345,0.0,Manchester
2026-09-22 20:00:00,16.0,93,14.9,17.1,0.0,0.0,1025.8,23,3.1,234,0.0,Newcastle
2026-09-22 21:00:00,19.8,74,14.9,20.5,0.1,0.1,1011.6,100,6.2,195,0.0,Birmingham
2026-09-22 21:00:00,17.6,88,15.6,19.2,0.0,0.0,1025.0,11,1.9,163,0.0,Bristol
2026-09-22 21:00:00,17.2,86,14.9,18.7,0.0,0.0,1024.5,32,1.4,50,0.0,Cardiff
2026-09-22 21:00:00,17.0,84,14.2,16.7,0.0,0.0,1016.2,96,11.7,207,0.0,Edinburgh
2026-09-22 21:00:00,15.6,92,14.3,16.0,0.1,0.1,1019.4,100,6.9,210,0.0,Glasgow
2026-09-22 21:00:00,13.6,93,12.4,14.0,0.3,0.3,1024.6,100,2.3,309,0.0,Inverness
2026-09-22 21:00:00,17.8,89,16.0,19.1,0.0,0.0,1019.9,8,4.8,333,0.0,Leeds
2026-09-22 21:00:00,20.7,60,12.6,20.2,0.0,0.0,1025.4,38,9.0,168,0.0,London
2026-09-22 21:00:00,17.1,94,16.0,19.0,0.1,0.1,1021.1,64,0.6,214,0.0,Manchester
2026-09-22 21:00:00,15.8,94,14.8,16.4,0.0,0.0,1025.7,20,6.6,313,0.0,Newcastle
2026-09-22 22:00:00,19.5,76,15.2,20.6,0.1,0.1,1011.5,85,4.3,195,0.0,Birmingham
2026-09-22 22:00:00,16.9,91,15.5,17.8,0.0,0.0,1025.0,25,6.5,182,0.0,Bristol
2026-09-22 22:00:00,16.6,88,14.6,18.0,0.0,0.0,1024.4,39,0.9,53,0.0,Cardiff
2026-09-22 22:00:00,16.1,89,14.3,15.7,0.0,0.0,1015.8,99,12.5,200,0.0,Edinburgh
2026-09-22 22:00:00,15.5,93,14.3,15.6,0.0,0.0,1019.1,100,8.4,200,0.0,Glasgow
2026-09-22 22:00:00,13.0,95,12.1,13.1,0.2,0.2,1024.3,100,3.6,327,0.0,Inverness
2026-09-22 22:00:00,16.8,92,15.5,17.9,0.0,0.0,1019.7,32,4.8,290,0.0,Leeds
2026-09-22 22:00:00,19.7,61,12.0,19.1,0.0,0.0,1025.5,10,7.9,184,0.0,London
2026-09-22 22:00:00,16.4,96,15.8,18.2,0.2,0.2,1020.9,37,1.0,68,0.0,Manchester
2026-09-22 22:00:00,15.8,94,14.8,16.6,0.0,0.0,1025.5,48,5.1,302,0.0,Newcastle
2026-09-22 23:00:00,19.0,78,15.1,20.0,0.0,0.0,1011.0,56,4.9,190,0.0,Birmingham
2026-09-22 23:00:00,16.3,86,14.0,16.5,0.0,0.0,1024.7,22,7.2,192,0.0,Bristol
2026-09-22 23:00:00,15.7,92,14.4,17.1,0.0,0.0,1024.0,55,0.6,342,0.0,Cardiff
2026-09-22 23:00:00,16.1,89,14.3,15.6,0.0,0.0,1015.3,99,13.1,196,0.0,Edinburgh
2026-09-22 23:00:00,15.5,91,14.1,15.4,0.0,0.0,1018.6,100,9.7,208,0.0,Glasgow
2026-09-22 23:00:00,12.4,94,11.5,12.3,0.9,0.9,1023.8,100,4.0,357,0.0,Inverness
2026-09-22 23:00:00,16.5,93,15.3,17.6,0.1,0.1,1019.3,55,4.2,258,0.0,Leeds
2026-09-22 23:00:00,19.1,63,11.8,18.6,0.0,0.0,1025.3,100,6.7,186,0.0,London
2026-09-22 23:00:00,15.5,100,15.4,17.1,0.0,0.0,1020.3,100,1.3,90,0.0,Manchester
2026-09-22 23:00:00,15.9,93,14.7,16.6,0.0,0.0,1025.0,97,5.2,272,0.0,Newcastle
2026-09-23 00:00:00,18.0,82,14.9,18.6,0.0,0.0,1010.7,93,6.6,193,0.0,Birmingham
2026-09-23 00:00:00,15.9,77,12.0,15.3,0.0,0.0,1024.4,72,8.2,189,0.0,Bristol
2026-09-23 00:00:00,14.8,96,14.2,16.1,0.0,0.0,1023.8,70,0.8,315,0.0,Cardiff
2026-09-23 00:00:00,16.2,89,14.5,15.8,0.0,0.0,1014.7,100,12.8,206,0.0,Edinburgh
2026-09-23 00:00:00,15.1,93,14.0,15.2,0.1,0.1,1018.1,100,8.5,216,0.0,Glasgow
2026-09-23 00:00:00,12.1,94,11.1,11.9,1.7,1.7,1023.9,100,3.5,336,0.0,Inverness
2026-09-23 00:00:00,16.1,94,15.1,17.2,0.0,0.0,1018.7,80,4.0,280,0.0,Leeds
2026-09-23 00:00:00,19.0,63,11.7,18.5,0.0,0.0,1025.3,100,6.5,172,0.0,London
2026-09-23 00:00:00,15.1,100,15.1,16.7,0.1,0.1,1019.7,100,0.9,127,0.0,Manchester
2026-09-23 00:00:00,16.0,91,14.5,16.5,0.0,0.0,1024.6,95,6.6,227,0.0,Newcastle
2026-09-23 01:00:00,18.3,79,14.5,19.0,0.0,0.0,1009.8,100,5.3,190,0.0,Birmingham
2026-09-23 01:00:00,15.0,80,11.6,14.2,0.0,0.0,1023.7,53,8.8,184,0.0,Bristol
2026-09-23 01:00:00,14.1,100,14.1,15.0,0.0,0.0,1023.2,98,2.8,195,0.0,Cardiff
2026-09-23 01:00:00,16.3,88,14.3,16.1,0.3,0.3,1014.1,99,10.8,216,0.0,Edinburgh
2026-09-23 01:00:00,14.5,95,13.8,14.8,0.5,0.5,1017.6,100,6.0,249,0.0,Glasgow
2026-09-23 01:00:00,11.5,94,10.5,11.1,2.1,2.1,1023.2,100,3.8,93,0.0,Inverness
2026-09-23 01:00:00,15.4,97,14.9,16.3,0.1,0.1,1018.0,92,4.4,207,0.0,Leeds
2026-09-23 01:00:00,18.7,64,11.9,18.4,0.0,0.0,1024.7,100,5.6,158,0.0,London
2026-09-23 01:00:00,14.9,96,14.2,15.7,0.0,0.0,1018.8,95,3.6,153,0.0,Manchester
2026-09-23 01:00:00,15.4,93,14.3,15.4,0.1,0.1,1023.6,98,9.0,183,0.0,Newcastle
2026-09-23 02:00:00,18.5,78,14.6,19.1,0.0,0.0,1009.6,95,6.1,223,0.0,Birmingham
2026-09-23 02:00:00,14.7,81,11.5,14.0,0.0,0.0,1023.7,77,7.8,193,0.0,Bristol
2026-09-23 02:00:00,13.8,100,13.8,14.3,0.0,0.0,1023.3,100,5.4,278,0.0,Cardiff
2026-09-23 02:00:00,15.7,90,14.1,15.8,0.1,0.1,1013.4,99,8.4,228,0.0,Edinburgh
2026-09-23 02:00:00,14.3,98,13.9,15.0,0.7,0.7,1017.0,100,3.3,261,0.0,Glasgow
2026-09-23 02:00:00,11.3,95,10.4,11.2,0.7,0.7,1023.4,100,1.0,292,0.0,Inverness
2026-09-23 02:00:00,15.2,97,14.8,15.6,0.6,0.6,1017.4,96,7.9,235,0.0,Leeds
2026-09-23 02:00:00,18.2,68,12.1,17.8,0.0,0.0,1024.2,98,6.8,162,0.0,London
2026-09-23 02:00:00,14.7,97,14.1,15.6,0.1,0.1,1018.8,70,2.6,231,0.0,Manchester
2026-09-23 02:00:00,15.2,93,14.2,14.7,0.0,0.0,1023.1,89,13.0,185,0.0,Newcastle
2026-09-23 03:00:00,17.6,84,14.9,17.9,0.4,0.4,1009.3,77,9.0,227,0.0,Birmingham
2026-09-23 03:00:00,14.4,82,11.4,13.6,0.0,0.0,1023.7,42,7.7,208,0.0,Bristol
2026-09-23 03:00:00,13.6,100,13.6,14.0,0.0,0.0,1023.1,100,5.2,292,0.0,Cardiff
2026-09-23 03:00:00,15.0,93,13.9,15.1,2.1,2.1,1012.5,100,8.0,242,0.0,Edinburgh
2026-09-23 03:00:00,13.9,99,13.7,14.4,0.2,0.2,1016.0,100,4.5,286,0.0,Glasgow
2026-09-23 03:00:00,11.1,95,10.3,10.9,0.7,0.7,1022.4,100,1.7,41,0.0,Inverness
2026-09-23 03:00:00,15.4,98,15.1,16.1,0.1,0.1,1016.7,80,6.6,229,0.0,Leeds
2026-09-23 03:00:00,17.4,75,12.8,17.3,0.0,0.0,1023.7,82,6.6,171,0.0,London
2026-09-23 03:00:00,14.0,97,13.6,14.5,0.8,0.8,1018.1,97,3.8,221,0.0,Manchester
2026-09-23 03:00:00,15.3,93,14.2,13.5,0.0,0.0,1022.2,98,21.7,192,0.0,Newcastle
2026-09-23 04:00:00,16.2,92,14.9,16.4,0.7,0.7,1008.8,66,10.1,204,0.0,Birmingham
2026-09-23 04:00:00,14.0,84,11.3,13.2,0.0,0.0,1023.2,63,8.2,199,0.0,Bristol
2026-09-23 04:00:00,13.6,99,13.5,14.1,0.0,0.0,1022.3,100,3.9,294,0.0,Cardiff
2026-09-23 04:00:00,14.8,95,13.9,15.4,4.8,4.8,1011.6,100,4.9,219,0.0,Edinburgh
2026-09-23 04:00:00,13.3,99,13.1,13.1,0.4,0.4,1015.4,100,7.8,285,0.0,Glasgow
2026-09-23 04:00:00,10.9,96,10.2,10.6,0.1,0.1,1021.8,100,2.2,256,0.0,Inverness
2026-09-23 04:00:00,14.7,99,14.5,15.3,0.0,0.0,1016.0,77,5.9,252,0.0,Leeds
2026-09-23 04:00:00,16.9,79,13.3,17.1,0.0,0.0,1023.6,100,5.5,189,0.0,London
2026-09-23 04:00:00,14.0,98,13.6,14.7,0.8,0.8,1017.7,95,2.5,184,0.0,Manchester
2026-09-23 04:00:00,15.3,92,13.9,13.4,0.7,0.7,1021.4,95,21.3,209,0.0,Newcastle
2026-09-23 05:00:00,15.8,93,14.6,15.5,0.1,0.1,1008.2,77,11.8,207,0.0,Birmingham
2026-09-23 05:00:00,13.8,84,11.2,13.0,0.0,0.0,1022.4,84,7.7,181,0.0,Bristol
2026-09-23 05:00:00,14.0,99,13.9,13.9,0.0,0.0,1022.1,100,9.7,288,0.0,Cardiff
2026-09-23 05:00:00,14.7,95,13.9,15.5,3.4,3.4,1011.0,100,3.4,212,0.0,Edinburgh
2026-09-23 05:00:00,12.8,97,12.3,11.3,1.2,1.2,1015.1,100,15.0,297,0.0,Glasgow
2026-09-23 05:00:00,10.7,97,10.2,10.1,0.0,0.0,1021.7,100,4.0,238,0.0,Inverness
2026-09-23 05:00:00,15.0,96,14.3,15.0,0.0,0.0,1015.7,95,9.6,257,0.0,Leeds
2026-09-23 05:00:00,16.7,81,13.5,17.0,0.0,0.0,1023.3,97,5.4,178,0.0,London
2026-09-23 05:00:00,14.0,97,13.5,14.3,1.2,1.2,1017.4,100,5.3,152,0.0,Manchester
2026-09-23 05:00:00,15.2,90,13.6,13.0,0.5,0.5,1020.6,81,22.8,226,0.0,Newcastle
2026-09-23 06:00:00,15.0,89,13.3,14.2,0.0,0.0,1008.1,89,12.9,219,0.0,Birmingham
2026-09-23 06:00:00,13.4,86,11.2,12.5,0.0,0.0,1022.7,98,8.4,227,0.0,Bristol
2026-09-23 06:00:00,14.8,100,14.7,14.9,0.0,0.0,1022.3,100,9.9,270,0.0,Cardiff
2026-09-23 06:00:00,14.4,96,13.8,14.6,3.2,3.2,1010.2,100,7.0,271,0.0,Edinburgh
2026-09-23 06:00:00,11.7,93,10.6,8.9,4.2,4.2,1016.0,100,20.1,295,0.0,Glasgow
2026-09-23 06:00:00,10.1,96,9.6,8.9,0.0,0.0,1021.9,100,7.1,236,0.0,Inverness
2026-09-23 06:00:00,14.7,96,14.1,14.6,0.0,0.0,1015.3,96,10.1,250,0.0,Leeds
2026-09-23 06:00:00,16.5,83,13.6,16.8,0.0,0.0,1022.9,100,5.6,178,0.0,London
2026-09-23 06:00:00,13.9,97,13.5,14.1,1.1,1.1,1017.0,98,6.1,157,0.0,Manchester
2026-09-23 06:00:00,15.1,91,13.7,13.0,0.0,0.0,1020.3,99,22.4,235,0.0,Newcastle
2026-09-23 07:00:00,15.1,90,13.4,14.3,0.0,0.0,1008.0,90,12.5,223,0.0,Birmingham
2026-09-23 07:00:00,13.5,85,11.0,12.6,0.0,0.0,1022.7,100,8.1,227,0.0,Bristol
2026-09-23 07:00:00,15.1,100,15.1,15.2,0.1,0.1,1022.3,99,11.2,266,0.0,Cardiff
2026-09-23 07:00:00,13.1,96,12.5,10.3,4.9,4.9,1011.3,100,24.7,290,0.0,Edinburgh
2026-09-23 07:00:00,10.8,91,9.4,9.1,2.8,2.8,1016.1,100,10.1,305,0.0,Glasgow
2026-09-23 07:00:00,9.7,95,8.9,8.3,0.0,0.0,1021.8,100,7.8,241,0.0,Inverness
2026-09-23 07:00:00,14.9,95,14.1,14.6,0.1,0.1,1015.0,98,11.0,252,0.0,Leeds
2026-09-23 07:00:00,16.2,85,13.6,16.5,0.0,0.0,1022.6,58,6.1,182,0.0,London
2026-09-23 07:00:00,14.0,96,13.3,14.2,0.3,0.3,1016.9,86,5.2,229,0.0,Manchester
2026-09-23 07:00:00,15.6,90,14.0,14.0,0.0,0.0,1019.8,100,19.6,222,0.0,Newcastle
2026-09-23 08:00:00,15.3,91,13.8,14.9,0.0,0.0,1008.4,23,10.6,231,39.0,Birmingham
2026-09-23 08:00:00,14.6,85,12.1,13.9,0.0,0.0,1023.1,100,9.2,242,29.0,Bristol
2026-09-23 08:00:00,15.3,99,15.2,15.5,0.1,0.1,1022.5,75,10.7,275,24.0,Cardiff
2026-09-23 08:00:00,12.4,94,11.4,11.1,6.6,6.6,1012.0,100,11.9,272,1.0,Edinburgh
2026-09-23 08:00:00,10.5,91,9.1,8.5,0.0,0.0,1016.7,10,12.1,285,10.0,Glasgow
2026-09-23 08:00:00,9.7,94,8.8,8.4,0.0,0.0,1022.0,100,6.8,230,12.0,Inverness
2026-09-23 08:00:00,14.9,95,14.0,14.3,0.0,0.0,1015.0,23,12.5,235,37.0,Leeds
2026-09-23 08:00:00,16.7,82,13.6,17.1,0.0,0.0,1022.6,98,5.2,209,60.0,London
2026-09-23 08:00:00,14.5,96,13.9,14.7,0.0,0.0,1017.1,47,7.5,217,29.0,Manchester
2026-09-23 08:00:00,15.4,91,14.0,13.5,0.0,0.0,1019.3,75,21.5,206,21.0,Newcastle
2026-09-23 09:00:00,16.5,86,14.1,16.4,0.0,0.0,1008.3,30,9.4,247,150.0,Birmingham
2026-09-23 09:00:00,16.4,89,14.5,16.0,0.1,0.1,1022.9,70,12.8,264,83.0,Bristol
2026-09-23 09:00:00,16.4,93,15.2,16.7,0.0,0.0,1022.5,22,10.2,277,123.0,Cardiff
2026-09-23 09:00:00,11.9,92,10.7,9.7,0.5,0.5,1012.3,63,16.2,278,20.0,Edinburgh
2026-09-23 09:00:00,11.3,85,8.8,8.9,0.0,0.0,1017.2,3,14.2,294,143.0,Glasgow
2026-09-23 09:00:00,10.1,94,9.2,8.5,0.0,0.0,1022.1,91,9.2,242,71.0,Inverness
2026-09-23 09:00:00,15.9,89,14.1,15.2,0.0,0.0,1015.0,83,13.6,244,163.0,Leeds
2026-09-23 09:00:00,17.8,76,13.6,18.1,0.0,0.0,1022.7,98,5.9,211,150.0,London
2026-09-23 09:00:00,15.4,93,14.3,14.9,0.1,0.1,1017.2,65,12.8,254,129.0,Manchester
2026-09-23 09:00:00,15.5,90,13.8,12.9,0.1,0.1,1019.2,100,26.2,221,109.0,Newcastle
2026-09-23 10:00:00,17.7,76,13.5,16.9,0.1,0.1,1008.5,30,13.0,276,296.0,Birmingham
2026-09-23 10:00:00,17.6,80,14.2,16.8,0.1,0.1,1022.9,31,15.0,281,216.0,Bristol
2026-09-23 10:00:00,17.7,85,15.1,17.6,0.0,0.0,1022.7,9,12.3,291,307.0,Cardiff
2026-09-23 10:00:00,12.5,81,9.4,9.6,0.0,0.0,1013.0,7,18.4,275,232.0,Edinburgh
2026-09-23 10:00:00,12.4,80,9.0,10.2,0.0,0.0,1017.9,5,12.7,288,281.0,Glasgow
2026-09-23 10:00:00,11.0,87,8.9,9.0,0.0,0.0,1022.4,36,11.1,263,180.0,Inverness
2026-09-23 10:00:00,15.8,85,13.2,14.6,0.9,0.9,1015.3,52,14.8,267,173.0,Leeds
2026-09-23 10:00:00,19.5,68,13.4,19.3,0.0,0.0,1022.3,0,8.0,228,307.0,London
2026-09-23 10:00:00,15.9,85,13.3,15.2,0.3,0.3,1017.5,100,11.6,263,216.0,Manchester
2026-09-23 10:00:00,15.6,86,13.3,12.5,2.4,2.4,1019.7,100,28.0,275,142.0,Newcastle
2026-09-23 11:00:00,19.0,65,12.3,17.7,0.0,0.0,1008.6,22,13.8,281,390.0,Birmingham
2026-09-23 11:00:00,18.4,75,13.9,17.5,0.0,0.0,1023.6,24,15.1,285,393.0,Bristol
2026-09-23 11:00:00,18.6,76,14.4,18.1,0.0,0.0,1023.1,23,13.4,290,441.0,Cardiff
2026-09-23 11:00:00,13.5,64,6.8,10.0,0.0,0.0,1013.8,0,18.4,288,392.0,Edinburgh
2026-09-23 11:00:00,13.3,74,8.9,11.2,0.0,0.0,1018.3,23,12.2,287,389.0,Glasgow
2026-09-23 11:00:00,12.2,76,8.0,9.9,0.0,0.0,1022.7,36,12.0,279,312.0,Inverness
2026-09-23 11:00:00,16.3,80,12.9,15.0,0.1,0.1,1015.6,27,15.0,276,232.0,Leeds
2026-09-23 11:00:00,20.9,62,13.2,20.6,0.0,0.0,1022.0,0,8.7,248,468.0,London
2026-09-23 11:00:00,16.0,85,13.5,15.4,0.1,0.1,1018.0,83,11.7,288,228.0,Manchester
2026-09-23 11:00:00,14.0,89,12.3,9.7,0.6,0.6,1020.9,33,34.1,321,62.0,Newcastle
2026-09-23 12:00:00,19.9,58,11.3,18.0,0.0,0.0,1008.9,31,15.6,287,508.0,Birmingham
2026-09-23 12:00:00,19.4,67,13.1,18.1,0.0,0.0,1023.6,29,15.5,278,515.0,Bristol
2026-09-23 12:00:00,19.3,70,13.7,18.2,0.0,0.0,1023.3,100,15.9,295,508.0,Cardiff
2026-09-23 12:00:00,14.4,59,6.6,11.1,0.0,0.0,1014.3,1,16.7,297,526.0,Edinburgh
2026-09-23 12:00:00,14.2,67,8.2,11.6,0.0,0.0,1018.7,13,14.2,288,435.0,Glasgow
2026-09-23 12:00:00,13.4,66,7.2,10.8,0.0,0.0,1022.7,12,12.5,282,418.0,Inverness
2026-09-23 12:00:00,17.3,72,12.1,15.4,0.1,0.1,1016.1,26,16.9,293,444.0,Leeds
2026-09-23 12:00:00,22.3,55,12.7,21.5,0.0,0.0,1022.0,6,11.1,263,548.0,London
2026-09-23 12:00:00,15.9,81,12.6,14.6,0.2,0.2,1018.9,65,14.2,285,320.0,Manchester
2026-09-23 12:00:00,14.0,88,12.0,10.0,0.0,0.0,1021.5,19,31.8,316,429.0,Newcastle
2026-09-23 13:00:00,18.4,66,12.0,16.0,0.3,0.3,1009.4,98,20.4,313,543.0,Birmingham
2026-09-23 13:00:00,19.8,64,12.8,18.3,0.0,0.0,1023.4,98,15.7,290,551.0,Bristol
2026-09-23 13:00:00,19.2,71,13.9,18.5,0.1,0.1,1023.3,72,14.0,305,366.0,Cardiff
2026-09-23 13:00:00,15.2,56,6.6,12.1,0.0,0.0,1014.6,39,15.7,306,560.0,Edinburgh
2026-09-23 13:00:00,14.8,60,7.2,12.1,0.0,0.0,1019.0,8,13.4,287,482.0,Glasgow
2026-09-23 13:00:00,14.1,63,7.0,11.4,0.0,0.0,1022.8,13,12.9,286,492.0,Inverness
2026-09-23 13:00:00,17.8,59,9.7,15.1,0.1,0.1,1016.7,5,18.2,290,495.0,Leeds
2026-09-23 13:00:00,23.0,52,12.7,22.2,0.0,0.0,1021.5,57,10.9,276,542.0,London
2026-09-23 13:00:00,16.5,65,9.9,14.3,0.0,0.0,1019.2,28,14.4,290,438.0,Manchester
2026-09-23 13:00:00,13.7,85,11.2,8.4,0.1,0.1,1022.2,100,38.6,336,490.0,Newcastle
2026-09-23 14:00:00,17.3,61,9.8,14.9,0.0,0.0,1009.6,53,15.6,324,402.0,Birmingham
2026-09-23 14:00:00,19.9,62,12.4,18.6,0.0,0.0,1023.2,60,13.6,299,318.0,Bristol
2026-09-23 14:00:00,19.8,69,14.0,19.3,0.0,0.0,1023.1,88,12.4,327,437.0,Cardiff
2026-09-23 14:00:00,15.2,56,6.5,12.1,0.2,0.2,1015.0,30,15.1,295,462.0,Edinburgh
2026-09-23 14:00:00,15.1,58,6.9,12.2,0.0,0.0,1019.2,7,14.2,288,512.0,Glasgow
2026-09-23 14:00:00,14.4,58,6.2,11.3,0.0,0.0,1023.1,12,14.0,282,498.0,Inverness
2026-09-23 14:00:00,17.2,59,9.2,14.4,0.0,0.0,1016.8,55,18.1,294,562.0,Leeds
2026-09-23 14:00:00,23.3,49,11.8,21.8,0.0,0.0,1021.7,79,13.8,283,453.0,London
2026-09-23 14:00:00,16.6,59,8.5,14.2,0.0,0.0,1019.2,14,14.6,299,585.0,Manchester
2026-09-23 14:00:00,13.8,79,10.3,7.7,0.1,0.1,1022.9,57,42.3,333,332.0,Newcastle
2026-09-23 15:00:00,16.9,61,9.3,14.3,0.0,0.0,1009.9,4,16.5,319,401.0,Birmingham
2026-09-23 15:00:00,20.4,59,12.2,18.9,0.0,0.0,1023.1,57,14.7,310,513.0,Bristol
2026-09-23 15:00:00,19.9,66,13.4,19.3,0.0,0.0,1023.1,89,12.0,330,419.0,Cardiff
2026-09-23 15:00:00,15.5,54,6.2,12.2,0.1,0.1,1015.0,27,16.0,294,439.0,Edinburgh
2026-09-23 15:00:00,15.2,57,6.9,12.2,0.0,0.0,1019.4,10,15.0,286,490.0,Glasgow
2026-09-23 15:00:00,14.5,55,5.6,11.3,0.0,0.0,1023.2,9,14.7,285,457.0,Inverness
2026-09-23 15:00:00,17.0,52,7.1,13.4,0.0,0.0,1017.2,11,19.3,304,517.0,Leeds
2026-09-23 15:00:00,23.4,47,11.5,21.7,0.0,0.0,1021.2,92,14.3,295,341.0,London
2026-09-23 15:00:00,16.4,60,8.7,13.8,0.0,0.0,1019.6,8,14.9,306,535.0,Manchester
2026-09-23 15:00:00,13.8,76,9.6,8.7,0.0,0.0,1023.2,8,34.1,339,320.0,Newcastle
2026-09-23 16:00:00,17.3,52,7.4,14.2,0.0,0.0,1010.1,2,16.1,323,448.0,Birmingham
2026-09-23 16:00:00,20.1,60,12.2,18.7,0.0,0.0,1023.2,67,14.0,318,394.0,Bristol
2026-09-23 16:00:00,19.9,65,13.0,19.3,0.0,0.0,1023.1,45,10.5,340,396.0,Cardiff
2026-09-23 16:00:00,15.5,54,6.1,12.0,0.1,0.1,1015.4,16,17.1,294,360.0,Edinburgh
2026-09-23 16:00:00,15.1,58,6.9,12.1,0.0,0.0,1019.5,5,14.5,289,401.0,Glasgow
2026-09-23 16:00:00,14.3,54,5.2,10.9,0.0,0.0,1023.6,5,15.2,286,388.0,Inverness
2026-09-23 16:00:00,16.8,50,6.3,13.2,0.0,0.0,1017.8,2,18.0,310,443.0,Leeds
2026-09-23 16:00:00,23.2,48,11.7,21.5,0.0,0.0,1021.3,70,14.9,305,324.0,London
2026-09-23 16:00:00,16.4,59,8.5,13.9,0.0,0.0,1020.0,14,14.4,306,437.0,Manchester
2026-09-23 16:00:00,13.8,75,9.5,8.9,0.0,0.0,1024.0,5,32.3,341,392.0,Newcastle
2026-09-23 17:00:00,16.5,53,6.9,13.5,0.0,0.0,1010.4,13,15.1,327,332.0,Birmingham
2026-09-23 17:00:00,19.8,59,11.5,18.6,0.0,0.0,1023.3,66,11.1,326,282.0,Bristol
2026-09-23 17:00:00,19.5,64,12.4,19.0,0.0,0.0,1023.0,26,8.9,9,331.0,Cardiff
2026-09-23 17:00:00,15.2,55,6.2,12.0,0.0,0.0,1015.4,20,15.7,289,271.0,Edinburgh
2026-09-23 17:00:00,14.7,60,7.0,12.0,0.0,0.0,1019.7,17,13.5,289,314.0,Glasgow
2026-09-23 17:00:00,13.8,58,5.7,10.8,0.0,0.0,1023.8,3,13.1,283,294.0,Inverness
2026-09-23 17:00:00,16.6,49,5.9,13.2,0.0,0.0,1018.4,37,16.2,316,319.0,Leeds
2026-09-23 17:00:00,22.3,51,11.6,20.8,0.0,0.0,1021.7,30,13.5,316,188.0,London
2026-09-23 17:00:00,16.0,60,8.3,13.7,0.0,0.0,1020.4,83,12.5,305,308.0,Manchester
2026-09-23 17:00:00,13.7,73,8.9,9.1,0.0,0.0,1024.1,6,29.4,353,291.0,Newcastle
2026-09-23 18:00:00,15.6,58,7.2,12.8,0.0,0.0,1010.5,27,13.9,327,185.0,Birmingham
2026-09-23 18:00:00,19.1,58,10.7,17.8,0.0,0.0,1023.4,32,10.6,356,183.0,Bristol
2026-09-23 18:00:00,18.6,67,12.3,18.3,0.0,0.0,1023.2,4,7.2,12,196.0,Cardiff
2026-09-23 18:00:00,14.5,61,7.0,11.6,0.0,0.0,1015.9,5,15.0,280,170.0,Edinburgh
2026-09-23 18:00:00,14.0,64,7.3,11.6,0.0,0.0,1019.9,5,11.3,288,187.0,Glasgow
2026-09-23 18:00:00,13.0,63,6.1,10.6,0.0,0.0,1024.1,8,9.7,274,174.0,Inverness
2026-09-23 18:00:00,16.0,52,6.2,13.2,0.0,0.0,1018.5,80,12.0,319,166.0,Leeds
2026-09-23 18:00:00,21.6,52,11.2,19.9,0.0,0.0,1022.0,12,14.1,328,141.0,London
2026-09-23 18:00:00,15.2,65,8.6,13.3,0.0,0.0,1020.3,44,10.2,309,156.0,Manchester
2026-09-23 18:00:00,13.8,70,8.4,10.0,0.0,0.0,1024.4,9,23.2,358,158.0,Newcastle
2026-09-23 19:00:00,14.5,61,7.0,12.0,0.0,0.0,1010.5,52,12.1,328,47.0,Birmingham
2026-09-23 19:00:00,17.4,63,10.3,15.7,0.0,0.0,1023.8,14,12.0,13,51.0,Bristol
2026-09-23 19:00:00,16.3,79,12.7,16.7,0.0,0.0,1023.3,83,3.4,18,57.0,Cardiff
2026-09-23 19:00:00,13.1,65,6.8,10.5,0.0,0.0,1016.0,2,12.5,266,49.0,Edinburgh
2026-09-23 19:00:00,12.5,71,7.3,10.5,0.0,0.0,1020.2,8,8.5,266,59.0,Glasgow
2026-09-23 19:00:00,11.2,73,6.6,9.4,0.0,0.0,1024.3,12,5.9,247,55.0,Inverness
2026-09-23 19:00:00,14.5,58,6.4,12.3,0.0,0.0,1018.9,6,8.7,339,37.0,Leeds
2026-09-23 19:00:00,19.9,58,11.3,18.6,0.0,0.0,1022.3,98,11.3,338,33.0,London
2026-09-23 19:00:00,13.7,72,8.7,12.3,0.0,0.0,1020.5,28,7.1,306,45.0,Manchester
2026-09-23 19:00:00,13.6,68,7.8,10.2,0.0,0.0,1024.9,5,18.8,10,37.0,Newcastle
2026-09-23 20:00:00,13.8,64,7.2,11.5,0.0,0.0,1011.2,4,11.0,332,0.0,Birmingham
2026-09-23 20:00:00,16.0,67,9.9,14.4,0.0,0.0,1024.4,87,10.6,14,0.0,Bristol
2026-09-23 20:00:00,14.8,83,11.9,14.7,0.0,0.0,1023.9,97,4.9,33,0.0,Cardiff
2026-09-23 20:00:00,12.2,69,6.7,9.4,0.0,0.0,1016.6,5,13.4,252,0.0,Edinburgh
2026-09-23 20:00:00,11.2,77,7.4,9.6,0.0,0.0,1020.5,30,6.2,263,0.0,Glasgow
2026-09-23 20:00:00,10.1,80,6.8,8.4,0.0,0.0,1024.6,25,5.8,214,0.0,Inverness
2026-09-23 20:00:00,13.3,65,6.9,11.4,0.0,0.0,1019.2,2,7.3,320,0.0,Leeds
2026-09-23 20:00:00,18.8,57,10.2,17.4,0.0,0.0,1022.8,76,10.3,338,0.0,London
2026-09-23 20:00:00,12.5,79,9.0,11.5,0.0,0.0,1020.9,20,5.2,284,0.0,Manchester
2026-09-23 20:00:00,13.5,68,7.7,10.9,0.0,0.0,1025.3,2,13.6,12,0.0,Newcastle
2026-09-23 21:00:00,13.0,68,7.2,10.8,0.0,0.0,1011.7,9,10.1,325,0.0,Birmingham
2026-09-23 21:00:00,15.0,68,9.2,13.2,0.0,0.0,1024.9,97,10.9,29,0.0,Bristol
2026-09-23 21:00:00,14.1,81,10.9,13.0,0.0,0.0,1024.4,100,9.8,52,0.0,Cardiff
2026-09-23 21:00:00,11.5,73,6.8,9.0,0.0,0.0,1016.7,15,11.7,253,0.0,Edinburgh
2026-09-23 21:00:00,10.3,82,7.3,8.7,0.0,0.0,1020.7,79,6.0,253,0.0,Glasgow
2026-09-23 21:00:00,9.6,83,6.9,7.6,0.0,0.0,1024.8,71,7.6,202,0.0,Inverness
2026-09-23 21:00:00,12.5,67,6.5,10.4,0.0,0.0,1019.6,11,8.1,309,0.0,Leeds
2026-09-23 21:00:00,17.5,57,8.9,15.4,0.0,0.0,1023.8,41,12.3,338,0.0,London
2026-09-23 21:00:00,11.9,82,8.9,11.0,0.0,0.0,1021.4,0,4.0,288,0.0,Manchester
2026-09-23 21:00:00,13.5,69,7.9,11.6,0.0,0.0,1025.6,2,8.7,8,0.0,Newcastle
2026-09-23 22:00:00,12.3,72,7.3,10.3,0.0,0.0,1012.4,66,8.8,316,0.0,Birmingham
2026-09-23 22:00:00,14.0,67,8.0,11.7,0.0,0.0,1025.5,92,12.1,42,0.0,Bristol
2026-09-23 22:00:00,13.4,76,9.3,11.6,0.0,0.0,1024.9,98,10.8,44,0.0,Cardiff
2026-09-23 22:00:00,10.8,76,6.7,8.3,0.0,0.0,1016.9,60,11.4,254,0.0,Edinburgh
2026-09-23 22:00:00,9.8,85,7.4,8.4,0.0,0.0,1020.6,54,4.4,249,0.0,Glasgow
2026-09-23 22:00:00,9.3,84,6.8,7.4,0.0,0.0,1024.9,98,7.3,208,0.0,Inverness
2026-09-23 22:00:00,11.5,72,6.7,10.0,0.0,0.0,1020.4,5,4.4,325,0.0,Leeds
2026-09-23 22:00:00,16.4,59,8.3,14.6,0.0,0.0,1024.4,42,9.3,336,0.0,London
2026-09-23 22:00:00,11.4,84,8.8,10.8,0.0,0.0,1022.0,95,1.7,257,0.0,Manchester
2026-09-23 22:00:00,13.6,67,7.7,12.6,0.0,0.0,1025.7,13,2.4,333,0.0,Newcastle
2026-09-23 23:00:00,11.7,75,7.4,9.9,0.0,0.0,1012.1,89,7.5,327,0.0,Birmingham
2026-09-23 23:00:00,13.0,70,7.6,10.8,0.0,0.0,1025.8,99,10.3,50,0.0,Bristol
2026-09-23 23:00:00,12.7,75,8.4,10.8,0.0,0.0,1025.2,100,10.9,39,0.0,Cardiff
2026-09-23 23:00:00,10.3,77,6.5,7.9,0.0,0.0,1017.1,58,10.4,244,0.0,Edinburgh
2026-09-23 23:00:00,9.0,88,7.1,7.7,0.0,0.0,1020.8,99,3.6,261,0.0,Glasgow
2026-09-23 23:00:00,8.9,87,6.9,7.1,0.0,0.0,1024.8,84,6.9,205,0.0,Inverness
2026-09-23 23:00:00,11.0,76,7.0,10.1,0.0,0.0,1020.6,81,1.0,329,0.0,Leeds
2026-09-23 23:00:00,15.4,63,8.3,13.8,0.0,0.0,1024.9,71,7.7,336,0.0,London
2026-09-23 23:00:00,10.9,86,8.6,10.3,0.0,0.0,1021.7,97,1.4,140,0.0,Manchester
2026-09-23 23:00:00,13.6,72,8.6,11.2,0.0,0.0,1026.2,14,13.4,230,0.0,Newcastle
2026-09-24 00:00:00,11.1,78,7.5,9.4,0.0,0.0,1011.8,100,6.7,326,0.0,Birmingham
2026-09-24 00:00:00,12.2,73,7.5,10.2,0.0,0.0,1025.7,99,9.4,55,0.0,Bristol
2026-09-24 00:00:00,12.1,78,8.3,10.0,0.0,0.0,1024.9,100,11.7,56,0.0,Cardiff
2026-09-24 00:00:00,9.7,80,6.3,7.3,0.0,0.0,1016.9,95,10.2,221,0.0,Edinburgh
2026-09-24 00:00:00,9.5,88,7.6,8.5,0.0,0.0,1020.6,65,2.5,210,0.0,Glasgow
2026-09-24 00:00:00,8.4,89,6.7,6.6,0.0,0.0,1024.7,73,6.5,199,0.0,Inverness
2026-09-24 00:00:00,10.7,79,7.2,9.9,0.0,0.0,1020.4,94,0.6,342,0.0,Leeds
2026-09-24 00:00:00,14.6,66,8.4,13.0,0.0,0.0,1024.9,100,7.6,3,0.0,London
2026-09-24 00:00:00,10.0,92,8.7,9.0,0.0,0.0,1021.5,67,4.2,140,0.0,Manchester
2026-09-24 00:00:00,13.2,77,9.2,10.8,0.0,0.0,1026.2,56,14.6,232,0.0,Newcastle
2026-09-24 01:00:00,10.2,81,7.1,8.6,0.0,0.0,1011.7,98,5.3,342,0.0,Birmingham
2026-09-24 01:00:00,10.9,78,7.2,8.7,0.0,0.0,1025.3,98,10.0,60,0.0,Bristol
2026-09-24 01:00:00,10.8,82,7.9,8.5,0.0,0.0,1024.7,93,12.2,49,0.0,Cardiff
2026-09-24 01:00:00,8.8,83,6.0,6.3,0.0,0.0,1017.2,81,10.2,219,0.0,Edinburgh
2026-09-24 01:00:00,8.9,90,7.4,7.9,0.0,0.0,1020.6,88,2.4,132,0.0,Glasgow
2026-09-24 01:00:00,7.8,89,6.1,5.8,0.0,0.0,1024.6,48,6.8,191,0.0,Inverness
2026-09-24 01:00:00,9.5,84,6.9,8.2,0.0,0.0,1020.3,37,3.1,263,0.0,Leeds
2026-09-24 01:00:00,13.4,75,9.0,12.2,0.0,0.0,1024.9,99,5.9,40,0.0,London
2026-09-24 01:00:00,9.1,93,8.1,8.1,0.0,0.0,1021.6,92,3.2,153,0.0,Manchester
2026-09-24 01:00:00,12.3,81,9.2,10.6,0.0,0.0,1026.2,77,9.7,246,0.0,Newcastle
2026-09-24 02:00:00,9.5,86,7.2,8.2,0.0,0.0,1011.6,55,3.3,9,0.0,Birmingham
2026-09-24 02:00:00,10.7,79,7.2,8.6,0.0,0.0,1025.1,97,8.7,72,0.0,Bristol
2026-09-24 02:00:00,10.5,83,7.6,8.2,0.0,0.0,1024.4,100,11.7,46,0.0,Cardiff
2026-09-24 02:00:00,8.7,83,6.0,6.4,0.0,0.0,1016.8,20,8.9,209,0.0,Edinburgh
2026-09-24 02:00:00,7.9,92,6.7,6.5,0.0,0.0,1020.0,48,3.9,103,0.0,Glasgow
2026-09-24 02:00:00,6.8,90,5.4,5.0,0.0,0.0,1024.1,73,4.5,175,0.0,Inverness
2026-09-24 02:00:00,9.0,85,6.6,7.6,0.0,0.0,1020.2,5,3.6,273,0.0,Leeds
2026-09-24 02:00:00,12.9,82,9.9,12.2,0.0,0.0,1025.0,98,5.0,44,0.0,London
2026-09-24 02:00:00,8.9,93,7.8,8.1,0.0,0.0,1021.5,75,1.4,90,0.0,Manchester
2026-09-24 02:00:00,12.0,81,8.8,10.1,0.0,0.0,1026.2,41,10.7,265,0.0,Newcastle
2026-09-24 03:00:00,9.1,87,7.1,8.0,0.0,0.0,1011.4,96,1.8,37,0.0,Birmingham
2026-09-24 03:00:00,10.2,82,7.2,8.2,0.0,0.0,1024.8,98,8.4,80,0.0,Bristol
2026-09-24 03:00:00,10.3,83,7.6,8.2,0.0,0.0,1024.2,92,10.4,53,0.0,Cardiff
2026-09-24 03:00:00,7.9,86,5.7,5.7,0.0,0.0,1016.1,21,7.9,196,0.0,Edinburgh
2026-09-24 03:00:00,7.6,91,6.3,6.1,0.0,0.0,1019.3,51,3.6,93,0.0,Glasgow
2026-09-24 03:00:00,6.2,95,5.4,4.8,0.0,0.0,1023.1,96,1.9,131,0.0,Inverness
2026-09-24 03:00:00,8.6,87,6.5,7.2,0.0,0.0,1020.0,67,3.3,299,0.0,Leeds
2026-09-24 03:00:00,12.5,86,10.2,11.8,0.0,0.0,1024.8,88,5.2,46,0.0,London
2026-09-24 03:00:00,8.6,94,7.6,7.6,0.0,0.0,1021.0,98,2.5,69,0.0,Manchester
2026-09-24 03:00:00,11.8,82,8.8,9.8,0.0,0.0,1025.9,44,11.0,267,0.0,Newcastle
2026-09-24 04:00:00,8.6,89,7.0,7.6,0.0,0.0,1010.8,100,1.8,79,0.0,Birmingham
2026-09-24 04:00:00,9.7,84,7.2,7.8,0.0,0.0,1024.5,97,7.9,93,0.0,Bristol
2026-09-24 04:00:00,9.7,86,7.5,7.8,0.0,0.0,1024.0,100,9.1,58,0.0,Cardiff
2026-09-24 04:00:00,7.6,87,5.5,5.4,0.0,0.0,1015.6,80,7.3,197,0.0,Edinburgh
2026-09-24 04:00:00,7.1,93,6.0,5.7,0.0,0.0,1019.0,83,2.6,65,0.0,Glasgow
2026-09-24 04:00:00,5.7,100,5.6,4.1,0.0,0.0,1022.7,99,2.9,173,0.0,Inverness
2026-09-24 04:00:00,8.3,88,6.4,7.2,0.0,0.0,1019.4,77,0.7,284,0.0,Leeds
2026-09-24 04:00:00,12.0,88,10.1,11.5,0.0,0.0,1024.6,87,3.5,51,0.0,London
2026-09-24 04:00:00,8.3,96,7.6,7.4,0.0,0.0,1020.4,100,1.3,90,0.0,Manchester
2026-09-24 04:00:00,11.7,83,8.8,10.2,0.0,0.0,1025.3,20,8.0,261,0.0,Newcastle
2026-09-24 05:00:00,9.1,88,7.2,7.5,0.0,0.0,1010.4,87,5.3,123,0.0,Birmingham
2026-09-24 05:00:00,9.7,85,7.2,7.9,0.0,0.0,1024.2,100,7.1,97,0.0,Bristol
2026-09-24 05:00:00,10.0,86,7.7,8.0,0.0,0.0,1023.6,100,9.8,60,0.0,Cardiff
2026-09-24 05:00:00,7.3,87,5.3,5.3,0.0,0.0,1015.4,31,6.0,190,0.0,Edinburgh
2026-09-24 05:00:00,7.1,93,6.0,5.1,0.0,0.0,1018.3,94,6.3,66,0.0,Glasgow
2026-09-24 05:00:00,6.2,96,5.6,4.6,0.0,0.0,1021.9,98,2.8,162,0.0,Inverness
2026-09-24 05:00:00,7.8,91,6.3,6.6,0.0,0.0,1019.1,99,1.7,212,0.0,Leeds
2026-09-24 05:00:00,11.7,89,9.9,11.0,0.0,0.0,1024.5,100,4.0,58,0.0,London
2026-09-24 05:00:00,9.2,93,8.2,8.6,0.0,0.0,1020.0,94,0.5,45,0.0,Manchester
2026-09-24 05:00:00,12.0,80,8.7,10.5,0.0,0.0,1025.1,56,7.2,235,0.0,Newcastle
2026-09-24 06:00:00,8.9,88,7.1,7.1,0.0,0.0,1010.5,87,6.6,154,0.0,Birmingham
2026-09-24 06:00:00,10.1,82,7.2,8.1,0.0,0.0,1023.9,100,8.7,112,0.0,Bristol
2026-09-24 06:00:00,10.3,85,7.9,8.3,0.0,0.0,1023.4,97,10.4,53,0.0,Cardiff
2026-09-24 06:00:00,7.0,87,4.9,4.9,0.0,0.0,1014.7,98,6.0,177,0.0,Edinburgh
2026-09-24 06:00:00,7.4,91,6.1,5.6,0.0,0.0,1017.8,100,5.0,69,0.0,Glasgow
2026-09-24 06:00:00,6.4,96,5.8,5.1,0.0,0.0,1021.1,98,1.7,167,0.0,Inverness
2026-09-24 06:00:00,8.4,90,6.9,7.1,0.0,0.0,1019.0,77,3.1,180,0.0,Leeds
2026-09-24 06:00:00,11.5,85,9.1,10.6,0.0,0.0,1024.4,100,4.6,72,0.0,London
2026-09-24 06:00:00,9.0,93,7.9,8.2,0.0,0.0,1019.8,31,1.6,90,0.0,Manchester
2026-09-24 06:00:00,12.0,81,8.8,10.3,0.0,0.0,1025.1,21,9.7,225,0.0,Newcastle
2026-09-24 07:00:00,9.4,90,7.9,7.4,0.0,0.0,1010.5,70,9.2,176,0.0,Birmingham
2026-09-24 07:00:00,9.7,85,7.4,7.9,0.0,0.0,1024.0,33,7.5,110,0.0,Bristol
2026-09-24 07:00:00,9.1,92,7.9,7.2,0.0,0.0,1023.4,75,10.0,52,0.0,Cardiff
2026-09-24 07:00:00,7.4,85,5.0,5.0,0.0,0.0,1014.2,96,7.7,179,0.0,Edinburgh
2026-09-24 07:00:00,7.6,88,5.7,6.0,0.0,0.0,1017.5,84,3.4,72,0.0,Glasgow
2026-09-24 07:00:00,6.9,91,5.6,5.5,0.0,0.0,1020.5,99,2.4,197,0.0,Inverness
2026-09-24 07:00:00,7.8,93,6.7,6.1,0.0,0.0,1018.8,23,5.6,176,0.0,Leeds
2026-09-24 07:00:00,10.7,89,8.9,9.9,0.0,0.0,1024.5,99,3.4,90,0.0,London
2026-09-24 07:00:00,9.0,88,7.1,7.8,0.0,0.0,1019.8,26,2.4,163,0.0,Manchester
2026-09-24 07:00:00,11.7,86,9.4,9.7,0.0,0.0,1024.8,38,12.9,215,0.0,Newcastle
2026-09-24 08:00:00,9.6,89,7.9,7.7,0.0,0.0,1010.4,98,8.9,162,33.0,Birmingham
2026-09-24 08:00:00,10.2,84,7.7,8.2,0.0,0.0,1023.8,22,9.5,123,35.0,Bristol
2026-09-24 08:00:00,9.8,90,8.3,7.9,0.0,0.0,1023.2,73,9.8,52,34.0,Cardiff
2026-09-24 08:00:00,8.3,82,5.5,5.9,0.0,0.0,1014.0,38,9.2,197,29.0,Edinburgh
2026-09-24 08:00:00,8.5,85,6.1,6.8,0.0,0.0,1017.1,62,4.7,90,23.0,Glasgow
2026-09-24 08:00:00,8.3,85,5.8,6.6,0.0,0.0,1019.8,95,4.2,200,8.0,Inverness
2026-09-24 08:00:00,9.1,88,7.2,7.1,0.0,0.0,1018.7,29,8.6,170,45.0,Leeds
2026-09-24 08:00:00,11.5,85,9.2,10.7,0.0,0.0,1024.4,100,4.2,97,47.0,London
2026-09-24 08:00:00,10.0,85,7.5,8.5,0.0,0.0,1019.8,47,5.5,163,39.0,Manchester
2026-09-24 08:00:00,11.4,88,9.5,9.0,0.0,0.0,1024.6,41,15.8,203,46.0,Newcastle
2026-09-24 09:00:00,10.7,83,7.9,8.9,0.0,0.0,1010.5,87,8.1,156,103.0,Birmingham
2026-09-24 09:00:00,12.0,79,8.4,10.2,0.0,0.0,1023.6,25,9.3,133,172.0,Bristol
2026-09-24 09:00:00,11.6,87,9.4,10.5,0.0,0.0,1023.1,14,6.8,68,152.0,Cardiff
2026-09-24 09:00:00,10.1,80,6.9,8.1,0.0,0.0,1013.5,15,8.5,193,152.0,Edinburgh
2026-09-24 09:00:00,10.7,79,7.2,9.0,0.0,0.0,1016.8,99,6.9,143,117.0,Glasgow
2026-09-24 09:00:00,10.5,71,5.4,8.2,0.0,0.0,1018.7,100,7.7,177,91.0,Inverness
2026-09-24 09:00:00,11.2,80,7.9,9.5,0.0,0.0,1018.7,33,7.8,172,175.0,Leeds
2026-09-24 09:00:00,12.2,83,9.5,11.7,0.0,0.0,1024.8,98,2.3,51,97.0,London
2026-09-24 09:00:00,11.7,82,8.8,10.5,0.0,0.0,1019.6,6,5.8,173,164.0,Manchester
2026-09-24 09:00:00,11.4,85,8.9,8.1,0.0,0.0,1024.3,23,20.2,199,170.0,Newcastle
2026-09-24 10:00:00,12.4,71,7.3,10.2,0.0,0.0,1010.4,31,10.5,161,262.0,Birmingham
2026-09-24 10:00:00,14.4,72,9.4,13.1,0.0,0.0,1023.7,38,7.6,146,319.0,Bristol
2026-09-24 10:00:00,13.3,81,10.1,12.5,0.0,0.0,1023.2,55,6.2,112,323.0,Cardiff
2026-09-24 10:00:00,12.4,72,7.5,10.7,0.0,0.0,1013.4,59,7.5,204,292.0,Edinburgh
2026-09-24 10:00:00,11.9,77,8.0,10.4,0.0,0.0,1016.4,98,6.3,145,114.0,Glasgow
2026-09-24 10:00:00,11.1,69,5.6,8.4,0.0,0.0,1018.1,100,11.1,196,51.0,Inverness
2026-09-24 10:00:00,13.4,70,8.0,11.5,0.0,0.0,1018.5,34,9.4,175,313.0,Leeds
2026-09-24 10:00:00,13.7,78,9.9,13.2,0.0,0.0,1024.7,95,3.1,80,216.0,London
2026-09-24 10:00:00,13.0,80,9.6,11.8,0.0,0.0,1019.6,23,7.2,181,308.0,Manchester
2026-09-24 10:00:00,11.9,83,9.1,8.5,0.0,0.0,1024.1,5,21.8,190,305.0,Newcastle
2026-09-24 11:00:00,14.5,61,7.0,12.2,0.0,0.0,1010.4,78,10.3,164,449.0,Birmingham
2026-09-24 11:00:00,16.5,68,10.7,15.5,0.0,0.0,1023.5,70,8.4,161,424.0,Bristol
2026-09-24 11:00:00,14.8,76,10.6,14.0,0.0,0.0,1023.0,74,7.2,129,438.0,Cardiff
2026-09-24 11:00:00,13.9,67,7.9,11.7,0.0,0.0,1012.9,94,11.4,198,375.0,Edinburgh
2026-09-24 11:00:00,13.4,75,9.2,11.6,0.0,0.0,1015.7,96,10.9,151,282.0,Glasgow
2026-09-24 11:00:00,12.2,65,5.8,8.6,0.0,0.0,1017.0,100,17.5,182,97.0,Inverness
2026-09-24 11:00:00,15.0,61,7.4,12.4,0.0,0.0,1018.5,61,12.6,182,434.0,Leeds
2026-09-24 11:00:00,14.9,74,10.3,14.5,0.0,0.0,1024.6,87,3.6,99,253.0,London
2026-09-24 11:00:00,14.3,74,9.8,13.0,0.0,0.0,1019.5,80,8.8,181,428.0,Manchester
2026-09-24 11:00:00,12.9,80,9.6,9.4,0.0,0.0,1023.9,5,23.2,190,423.0,Newcastle
2026-09-24 12:00:00,16.1,57,7.5,13.8,0.0,0.0,1009.8,95,11.3,172,506.0,Birmingham
2026-09-24 12:00:00,18.7,62,11.2,17.4,0.0,0.0,1022.9,94,11.4,174,526.0,Bristol
2026-09-24 12:00:00,16.1,73,11.3,15.6,0.0,0.0,1022.6,77,6.4,142,526.0,Cardiff
2026-09-24 12:00:00,14.3,67,8.3,11.7,0.0,0.0,1011.8,89,14.5,197,316.0,Edinburgh
2026-09-24 12:00:00,14.2,73,9.5,12.0,0.0,0.0,1014.6,84,13.9,167,306.0,Glasgow
2026-09-24 12:00:00,12.2,65,5.8,8.6,0.0,0.0,1015.7,100,17.1,182,86.0,Inverness
2026-09-24 12:00:00,16.1,55,7.0,13.3,0.0,0.0,1017.7,83,13.8,187,515.0,Leeds
2026-09-24 12:00:00,17.0,63,9.9,16.5,0.0,0.0,1024.4,73,3.4,122,461.0,London
2026-09-24 12:00:00,15.6,69,9.9,14.1,0.0,0.0,1018.9,79,9.5,181,508.0,Manchester
2026-09-24 12:00:00,13.9,77,9.9,10.1,0.0,0.0,1023.2,87,25.7,185,502.0,Newcastle
2026-09-24 13:00:00,17.6,55,8.6,15.6,0.0,0.0,1009.4,89,11.2,186,520.0,Birmingham
2026-09-24 13:00:00,19.8,57,11.1,18.4,0.0,0.0,1022.6,38,11.2,184,541.0,Bristol
2026-09-24 13:00:00,17.9,71,12.7,17.6,0.0,0.0,1022.3,42,9.2,160,572.0,Cardiff
2026-09-24 13:00:00,15.0,66,8.6,12.1,0.0,0.0,1011.3,100,17.5,200,438.0,Edinburgh
2026-09-24 13:00:00,15.2,69,9.6,13.0,0.0,0.0,1014.3,92,14.7,191,413.0,Glasgow
2026-09-24 13:00:00,13.3,69,7.8,10.2,0.0,0.0,1014.6,100,17.7,197,156.0,Inverness
2026-09-24 13:00:00,17.2,53,7.6,14.5,0.0,0.0,1017.1,91,13.9,194,518.0,Leeds
2026-09-24 13:00:00,19.0,55,9.8,18.5,0.0,0.0,1023.8,98,4.2,173,582.0,London
2026-09-24 13:00:00,16.8,66,10.4,15.3,0.0,0.0,1018.3,97,11.0,184,549.0,Manchester
2026-09-24 13:00:00,15.1,74,10.6,11.5,0.0,0.0,1022.5,94,26.0,191,481.0,Newcastle
2026-09-24 14:00:00,18.5,55,9.2,16.7,0.0,0.0,1008.6,95,11.5,191,558.0,Birmingham
2026-09-24 14:00:00,20.6,56,11.4,19.5,0.0,0.0,1021.9,55,10.4,181,554.0,Bristol
2026-09-24 14:00:00,19.0,70,13.4,19.3,0.0,0.0,1021.4,59,7.7,147,597.0,Cardiff
2026-09-24 14:00:00,15.6,64,8.8,12.5,0.0,0.0,1010.4,98,18.8,194,266.0,Edinburgh
2026-09-24 14:00:00,16.3,62,9.1,13.6,0.0,0.0,1013.0,98,17.1,188,382.0,Glasgow
2026-09-24 14:00:00,14.1,70,8.7,10.7,0.5,0.5,1013.6,100,20.6,194,204.0,Inverness
2026-09-24 14:00:00,17.9,51,7.6,15.4,0.0,0.0,1016.5,54,12.8,195,520.0,Leeds
2026-09-24 14:00:00,20.0,53,10.1,19.4,0.0,0.0,1023.1,98,3.8,172,532.0,London
2026-09-24 14:00:00,17.4,65,10.8,16.0,0.0,0.0,1017.6,77,10.9,188,530.0,Manchester
2026-09-24 14:00:00,15.5,74,10.8,12.1,0.0,0.0,1021.7,89,24.6,186,435.0,Newcastle
2026-09-24 15:00:00,19.2,54,9.7,17.4,0.0,0.0,1007.9,88,11.3,188,503.0,Birmingham
2026-09-24 15:00:00,21.3,55,11.9,20.2,0.0,0.0,1021.0,61,11.7,180,540.0,Bristol
2026-09-24 15:00:00,20.0,66,13.4,20.2,0.0,0.0,1020.6,72,6.6,158,557.0,Cardiff
2026-09-24 15:00:00,16.4,63,9.5,13.0,0.0,0.0,1009.2,88,22.3,203,393.0,Edinburgh
2026-09-24 15:00:00,16.6,62,9.4,13.9,0.0,0.0,1012.1,100,17.6,194,343.0,Glasgow
2026-09-24 15:00:00,14.6,68,8.7,10.8,0.0,0.0,1012.4,99,23.7,194,131.0,Inverness
2026-09-24 15:00:00,18.3,53,8.5,16.0,0.0,0.0,1015.7,97,12.9,198,493.0,Leeds
2026-09-24 15:00:00,20.6,52,10.3,20.0,0.0,0.0,1022.3,99,4.7,178,462.0,London
2026-09-24 15:00:00,17.8,65,11.1,16.6,0.0,0.0,1016.9,95,10.7,188,485.0,Manchester
2026-09-24 15:00:00,15.8,72,10.8,12.5,0.0,0.0,1020.8,95,24.0,185,416.0,Newcastle
2026-09-24 16:00:00,19.6,53,9.9,17.9,0.0,0.0,1007.2,95,11.5,190,415.0,Birmingham
2026-09-24 16:00:00,21.5,56,12.2,20.3,0.0,0.0,1020.4,81,12.8,182,449.0,Bristol
2026-09-24 16:00:00,20.3,64,13.3,20.4,0.0,0.0,1020.0,76,6.4,155,425.0,Cardiff
2026-09-24 16:00:00,16.4,64,9.5,12.9,0.0,0.0,1008.4,65,22.9,206,363.0,Edinburgh
2026-09-24 16:00:00,16.5,67,10.4,14.0,0.0,0.0,1011.4,100,17.9,202,154.0,Glasgow
2026-09-24 16:00:00,15.3,68,9.4,11.9,0.0,0.0,1012.3,100,22.0,193,187.0,Inverness
2026-09-24 16:00:00,18.2,55,8.9,16.0,0.0,0.0,1015.1,98,12.5,200,335.0,Leeds
2026-09-24 16:00:00,20.9,51,10.5,20.3,0.0,0.0,1021.7,96,5.2,176,393.0,London
2026-09-24 16:00:00,18.0,65,11.3,16.8,0.0,0.0,1016.2,88,10.5,185,362.0,Manchester
2026-09-24 16:00:00,16.0,72,11.0,12.6,0.0,0.0,1020.0,97,25.3,185,305.0,Newcastle
2026-09-24 17:00:00,19.7,53,10.0,18.0,0.0,0.0,1006.7,97,11.5,194,264.0,Birmingham
2026-09-24 17:00:00,21.1,57,12.1,19.9,0.0,0.0,1019.9,62,12.6,185,320.0,Bristol
2026-09-24 17:00:00,20.2,65,13.3,19.8,0.0,0.0,1019.5,70,10.7,168,326.0,Cardiff
2026-09-24 17:00:00,15.9,67,9.7,12.3,0.0,0.0,1008.0,73,24.5,208,242.0,Edinburgh
2026-09-24 17:00:00,15.7,75,11.3,13.5,0.0,0.0,1011.0,100,17.5,197,67.0,Glasgow
2026-09-24 17:00:00,15.1,70,9.6,11.9,0.0,0.0,1011.7,100,21.6,187,72.0,Inverness
2026-09-24 17:00:00,18.0,57,9.3,15.9,0.0,0.0,1014.4,98,12.6,197,236.0,Leeds
2026-09-24 17:00:00,20.9,52,10.5,20.1,0.0,0.0,1021.2,97,6.0,173,279.0,London
2026-09-24 17:00:00,18.1,65,11.4,16.9,0.0,0.0,1015.6,91,10.5,185,267.0,Manchester
2026-09-24 17:00:00,16.2,71,10.9,12.7,0.0,0.0,1019.4,87,25.7,190,211.0,Newcastle
2026-09-24 18:00:00,19.4,55,10.3,18.0,0.0,0.0,1006.1,95,10.2,193,146.0,Birmingham
2026-09-24 18:00:00,20.1,62,12.6,19.3,0.0,0.0,1019.6,63,11.0,190,174.0,Bristol
2026-09-24 18:00:00,19.4,71,14.0,19.1,0.0,0.0,1019.1,15,10.8,176,188.0,Cardiff
2026-09-24 18:00:00,15.3,73,10.5,12.0,0.0,0.0,1007.6,79,23.9,205,131.0,Edinburgh
2026-09-24 18:00:00,15.5,79,11.9,13.6,0.0,0.0,1010.6,59,16.8,190,55.0,Glasgow
2026-09-24 18:00:00,15.4,69,9.8,12.1,0.0,0.0,1011.3,100,21.8,183,40.0,Inverness
2026-09-24 18:00:00,17.4,61,9.8,15.8,0.0,0.0,1014.0,91,10.7,196,123.0,Leeds
2026-09-24 18:00:00,20.3,55,10.8,19.6,0.0,0.0,1020.8,98,6.0,171,137.0,London
2026-09-24 18:00:00,17.6,70,12.1,17.1,0.0,0.0,1014.9,88,8.0,166,140.0,Manchester
2026-09-24 18:00:00,16.3,71,11.0,12.8,0.0,0.0,1019.1,92,25.6,196,129.0,Newcastle
2026-09-24 19:00:00,18.1,62,10.7,17.2,0.0,0.0,1005.6,87,7.4,183,35.0,Birmingham
2026-09-24 19:00:00,18.2,71,12.9,17.8,0.0,0.0,1019.4,12,8.8,182,47.0,Bristol
2026-09-24 19:00:00,17.8,79,14.1,17.6,0.0,0.0,1018.6,0,10.5,173,52.0,Cardiff
2026-09-24 19:00:00,15.1,79,11.5,12.3,0.0,0.0,1007.0,94,22.1,202,28.0,Edinburgh
2026-09-24 19:00:00,15.4,83,12.6,13.5,0.0,0.0,1009.7,97,18.3,186,33.0,Glasgow
2026-09-24 19:00:00,14.9,74,10.3,12.1,0.0,0.0,1010.1,100,19.4,179,9.0,Inverness
2026-09-24 19:00:00,16.3,67,10.1,15.1,0.0,0.0,1013.8,95,8.2,189,32.0,Leeds
2026-09-24 19:00:00,18.9,61,11.3,18.5,0.0,0.0,1020.6,98,5.6,176,27.0,London
2026-09-24 19:00:00,16.3,74,11.6,15.7,0.0,0.0,1014.6,84,6.9,152,37.0,Manchester
2026-09-24 19:00:00,16.4,71,11.2,13.1,0.0,0.0,1019.0,90,24.6,198,29.0,Newcastle
2026-09-24 20:00:00,17.2,66,10.8,16.3,0.0,0.0,1005.5,70,7.4,183,0.0,Birmingham
2026-09-24 20:00:00,16.8,79,13.1,16.1,0.0,0.0,1019.3,2,11.9,170,0.0,Bristol
2026-09-24 20:00:00,17.1,84,14.4,16.8,0.0,0.0,1018.5,0,11.7,184,0.0,Cardiff
2026-09-24 20:00:00,14.9,81,11.8,12.2,0.0,0.0,1006.5,98,22.7,203,0.0,Edinburgh
2026-09-24 20:00:00,15.4,84,12.7,13.5,0.0,0.0,1009.3,99,18.3,191,0.0,Glasgow
2026-09-24 20:00:00,14.9,77,11.0,12.6,0.1,0.1,1009.9,100,18.2,183,0.0,Inverness
2026-09-24 20:00:00,15.4,72,10.4,14.1,0.0,0.0,1013.3,83,9.7,169,0.0,Leeds
2026-09-24 20:00:00,18.1,66,11.7,17.4,0.0,0.0,1020.4,98,8.2,172,0.0,London
2026-09-24 20:00:00,15.5,76,11.4,14.7,0.0,0.0,1014.2,84,8.6,158,0.0,Manchester
2026-09-24 20:00:00,16.0,75,11.5,13.1,0.0,0.0,1018.6,97,22.9,198,0.0,Newcastle
2026-09-24 21:00:00,16.5,69,10.9,15.1,0.0,0.0,1005.4,37,11.3,182,0.0,Birmingham
2026-09-24 21:00:00,15.8,86,13.5,15.1,0.0,0.0,1019.4,0,12.2,166,0.0,Bristol
2026-09-24 21:00:00,16.4,90,14.8,16.3,0.0,0.0,1018.8,5,11.4,187,0.0,Cardiff
2026-09-24 21:00:00,15.4,80,11.9,12.1,0.0,0.0,1006.1,100,26.2,209,0.0,Edinburgh
2026-09-24 21:00:00,15.4,85,12.9,13.4,0.1,0.1,1009.1,100,20.0,196,0.0,Glasgow
2026-09-24 21:00:00,13.7,92,12.5,12.2,1.1,1.1,1010.5,100,15.5,225,0.0,Inverness
2026-09-24 21:00:00,14.7,75,10.4,13.3,0.0,0.0,1013.2,79,10.3,176,0.0,Leeds
2026-09-24 21:00:00,16.9,72,11.9,16.1,0.0,0.0,1020.6,100,8.8,169,0.0,London
2026-09-24 21:00:00,15.1,78,11.3,14.3,0.0,0.0,1014.3,84,7.9,180,0.0,Manchester
2026-09-24 21:00:00,15.6,77,11.6,12.7,0.0,0.0,1018.5,81,23.0,199,0.0,Newcastle
2026-09-24 22:00:00,16.4,72,11.3,14.6,0.0,0.0,1005.3,2,14.8,193,0.0,Birmingham
2026-09-24 22:00:00,15.0,93,13.8,14.5,0.0,0.0,1019.3,0,11.3,167,0.0,Bristol
2026-09-24 22:00:00,15.8,95,15.0,16.1,0.0,0.0,1018.6,15,10.2,187,0.0,Cardiff
2026-09-24 22:00:00,15.6,82,12.5,12.7,0.0,0.0,1006.0,100,25.7,209,0.0,Edinburgh
2026-09-24 22:00:00,15.4,87,13.3,13.4,0.3,0.3,1008.6,100,20.7,201,0.0,Glasgow
2026-09-24 22:00:00,13.0,93,11.9,11.2,0.5,0.5,1011.2,100,15.7,220,0.0,Inverness
2026-09-24 22:00:00,14.1,78,10.4,12.9,0.0,0.0,1013.0,84,9.2,179,0.0,Leeds
2026-09-24 22:00:00,15.7,75,11.4,15.1,0.0,0.0,1020.6,70,7.1,164,0.0,London
2026-09-24 22:00:00,14.5,80,11.1,13.8,0.0,0.0,1014.2,73,6.5,185,0.0,Manchester
2026-09-24 22:00:00,15.4,79,11.7,12.6,0.0,0.0,1018.2,30,22.6,196,0.0,Newcastle
2026-09-24 23:00:00,15.5,79,11.9,14.0,0.0,0.0,1005.2,5,14.0,198,0.0,Birmingham
2026-09-24 23:00:00,14.6,95,13.8,14.2,0.0,0.0,1019.0,0,11.2,169,0.0,Bristol
2026-09-24 23:00:00,15.3,98,15.0,15.8,0.0,0.0,1018.4,13,8.5,184,0.0,Cardiff
2026-09-24 23:00:00,15.7,84,13.0,12.7,0.1,0.1,1005.4,100,26.7,203,0.0,Edinburgh
2026-09-24 23:00:00,14.9,93,13.8,13.3,0.6,0.6,1008.6,100,19.2,231,0.0,Glasgow
2026-09-24 23:00:00,11.9,91,10.5,9.6,0.1,0.1,1011.1,100,17.0,204,0.0,Inverness
2026-09-24 23:00:00,13.9,80,10.4,12.8,0.0,0.0,1012.6,46,8.1,181,0.0,Leeds
2026-09-24 23:00:00,14.9,78,11.1,14.3,0.0,0.0,1020.4,23,5.9,168,0.0,London
2026-09-24 23:00:00,13.8,83,10.9,13.3,0.0,0.0,1013.9,24,5.0,178,0.0,Manchester
2026-09-24 23:00:00,15.1,80,11.7,12.7,0.0,0.0,1017.9,92,20.1,197,0.0,Newcastle
2026-09-25 00:00:00,14.7,86,12.4,13.5,0.0,0.0,1005.0,1,13.2,197,0.0,Birmingham
2026-09-25 00:00:00,14.4,95,13.7,13.9,0.0,0.0,1018.6,0,11.4,168,0.0,Bristol
2026-09-25 00:00:00,14.9,99,14.7,15.5,0.0,0.0,1017.9,9,6.8,183,0.0,Cardiff
2026-09-25 00:00:00,15.7,85,13.2,12.9,0.2,0.2,1004.9,100,25.7,204,0.0,Edinburgh
2026-09-25 00:00:00,13.5,93,12.5,12.4,1.2,1.2,1009.0,100,12.6,272,0.0,Glasgow
2026-09-25 00:00:00,11.7,91,10.4,9.4,0.2,0.2,1010.9,100,16.7,204,0.0,Inverness
2026-09-25 00:00:00,13.5,82,10.4,12.5,0.0,0.0,1012.4,7,7.1,187,0.0,Leeds
2026-09-25 00:00:00,14.5,81,11.3,14.0,0.0,0.0,1019.9,10,5.5,161,0.0,London
2026-09-25 00:00:00,13.5,84,10.9,13.0,0.0,0.0,1013.7,48,5.4,178,0.0,Manchester
2026-09-25 00:00:00,14.8,81,11.6,12.4,0.0,0.0,1017.6,62,19.8,191,0.0,Newcastle
2026-09-25 01:00:00,13.7,95,12.9,12.9,0.0,0.0,1004.5,9,12.1,200,0.0,Birmingham
2026-09-25 01:00:00,13.7,98,13.3,13.3,0.0,0.0,1018.3,0,9.6,175,0.0,Bristol
2026-09-25 01:00:00,13.7,100,13.7,14.2,0.0,0.0,1017.7,94,5.1,184,0.0,Cardiff
2026-09-25 01:00:00,14.7,89,12.9,13.2,0.2,0.2,1005.3,100,16.7,237,0.0,Edinburgh
2026-09-25 01:00:00,12.7,94,11.8,12.0,0.2,0.2,1009.2,100,8.1,245,0.0,Glasgow
2026-09-25 01:00:00,11.5,93,10.4,9.3,0.4,0.4,1010.5,99,16.0,201,0.0,Inverness
2026-09-25 01:00:00,12.8,85,10.3,11.6,0.0,0.0,1011.7,5,8.6,178,0.0,Leeds
2026-09-25 01:00:00,14.1,86,11.8,13.8,0.0,0.0,1019.3,0,5.2,164,0.0,London
2026-09-25 01:00:00,13.4,88,11.4,12.6,0.0,0.0,1013.1,31,8.3,181,0.0,Manchester
2026-09-25 01:00:00,14.4,83,11.5,11.5,0.0,0.0,1016.7,35,23.0,189,0.0,Newcastle
2026-09-25 02:00:00,13.5,97,13.0,12.8,0.0,0.0,1004.3,100,10.9,199,0.0,Birmingham
2026-09-25 02:00:00,13.6,97,13.2,13.4,0.0,0.0,1018.0,14,8.4,187,0.0,Bristol
2026-09-25 02:00:00,13.8,100,13.8,14.7,0.0,0.0,1017.5,98,2.7,203,0.0,Cardiff
2026-09-25 02:00:00,13.7,94,12.8,12.4,0.6,0.6,1005.5,100,14.6,266,0.0,Edinburgh
2026-09-25 02:00:00,12.6,95,11.8,11.7,0.9,0.9,1009.1,100,9.7,225,0.0,Glasgow
2026-09-25 02:00:00,11.4,93,10.3,9.2,0.2,0.2,1010.7,100,16.0,211,0.0,Inverness
2026-09-25 02:00:00,12.8,86,10.5,11.7,0.0,0.0,1011.4,11,8.4,190,0.0,Leeds
2026-09-25 02:00:00,14.0,87,11.9,13.9,0.0,0.0,1018.8,0,4.6,167,0.0,London
2026-09-25 02:00:00,13.3,90,11.7,12.5,0.0,0.0,1013.0,41,8.5,197,0.0,Manchester
2026-09-25 02:00:00,14.4,83,11.6,11.7,0.0,0.0,1016.5,48,22.0,193,0.0,Newcastle
2026-09-25 03:00:00,13.5,98,13.2,12.9,0.0,0.0,1004.2,100,11.0,206,0.0,Birmingham
2026-09-25 03:00:00,13.3,98,13.0,13.2,0.0,0.0,1018.0,67,7.1,199,0.0,Bristol
2026-09-25 03:00:00,13.7,100,13.6,14.6,0.0,0.0,1017.5,99,1.5,234,0.0,Cardiff
2026-09-25 03:00:00,13.2,92,11.9,12.0,0.1,0.1,1005.8,100,12.8,246,0.0,Edinburgh
2026-09-25 03:00:00,12.4,95,11.6,11.2,1.2,1.2,1009.3,100,11.8,223,0.0,Glasgow
2026-09-25 03:00:00,11.5,93,10.5,9.3,0.3,0.3,1011.1,100,16.2,212,0.0,Inverness
2026-09-25 03:00:00,13.0,88,11.1,11.9,0.0,0.0,1011.4,16,9.6,206,0.0,Leeds
2026-09-25 03:00:00,14.0,87,11.8,13.9,0.0,0.0,1018.5,0,4.1,167,0.0,London
2026-09-25 03:00:00,13.0,93,11.9,12.3,0.0,0.0,1012.8,36,8.9,194,0.0,Manchester
2026-09-25 03:00:00,14.7,83,11.9,11.7,0.0,0.0,1016.2,26,24.7,199,0.0,Newcastle
2026-09-25 04:00:00,13.6,99,13.4,13.1,0.0,0.0,1004.1,100,10.7,222,0.0,Birmingham
2026-09-25 04:00:00,13.1,100,13.0,13.2,0.0,0.0,1017.8,100,5.6,202,0.0,Bristol
2026-09-25 04:00:00,13.8,100,13.7,14.6,0.0,0.0,1017.4,100,2.5,315,0.0,Cardiff
2026-09-25 04:00:00,12.9,91,11.5,11.2,0.3,0.3,1005.8,100,14.6,236,0.0,Edinburgh
2026-09-25 04:00:00,12.2,95,11.4,10.5,0.7,0.7,1009.4,100,14.3,234,0.0,Glasgow
2026-09-25 04:00:00,11.2,92,9.9,8.5,0.1,0.1,1011.0,97,18.1,207,0.0,Inverness
2026-09-25 04:00:00,13.1,91,11.6,12.0,0.0,0.0,1011.3,15,10.5,213,0.0,Leeds
2026-09-25 04:00:00,13.8,88,11.8,14.0,0.0,0.0,1018.1,0,2.2,180,0.0,London
2026-09-25 04:00:00,13.1,94,12.1,12.6,0.0,0.0,1012.7,34,7.8,195,0.0,Manchester
2026-09-25 04:00:00,14.7,84,12.1,11.3,0.0,0.0,1015.9,17,27.6,202,0.0,Newcastle
2026-09-25 05:00:00,13.8,98,13.5,13.1,0.0,0.0,1004.0,100,11.7,234,0.0,Birmingham
2026-09-25 05:00:00,13.1,99,13.0,13.4,0.0,0.0,1017.7,100,4.7,242,0.0,Bristol
2026-09-25 05:00:00,13.9,100,13.8,14.7,0.0,0.0,1017.1,100,3.3,324,0.0,Cardiff
2026-09-25 05:00:00,12.7,92,11.4,10.8,0.4,0.4,1005.8,100,16.1,235,0.0,Edinburgh
2026-09-25 05:00:00,12.1,95,11.3,10.5,0.4,0.4,1009.5,100,13.6,231,0.0,Glasgow
2026-09-25 05:00:00,11.0,90,9.4,8.1,0.1,0.1,1010.9,95,18.6,202,0.0,Inverness
2026-09-25 05:00:00,12.8,93,11.7,11.8,0.0,0.0,1011.2,16,10.3,218,0.0,Leeds
2026-09-25 05:00:00,13.7,89,11.9,14.0,0.0,0.0,1017.9,0,1.3,262,0.0,London
2026-09-25 05:00:00,13.1,94,12.2,12.6,0.0,0.0,1012.6,100,8.0,190,0.0,Manchester
2026-09-25 05:00:00,14.6,85,12.2,11.3,0.0,0.0,1015.8,100,27.1,209,0.0,Newcastle
2026-09-25 06:00:00,14.3,91,12.8,13.5,0.0,0.0,1004.0,100,10.8,249,0.0,Birmingham
2026-09-25 06:00:00,13.2,98,13.0,13.6,0.0,0.0,1017.6,100,3.4,276,0.0,Bristol
2026-09-25 06:00:00,13.9,100,13.9,14.7,0.0,0.0,1017.0,100,3.8,301,0.0,Cardiff
2026-09-25 06:00:00,12.6,91,11.2,10.5,0.2,0.2,1006.2,100,17.3,234,0.0,Edinburgh
2026-09-25 06:00:00,11.8,95,11.0,9.9,0.3,0.3,1009.8,100,15.0,235,0.0,Glasgow
2026-09-25 06:00:00,10.9,87,8.9,7.9,0.1,0.1,1011.1,99,18.3,209,0.0,Inverness
2026-09-25 06:00:00,12.7,94,11.7,11.7,0.0,0.0,1011.0,22,10.1,213,0.0,Leeds
2026-09-25 06:00:00,13.4,91,11.9,14.0,0.0,0.0,1017.8,19,0.3,45,0.0,London
2026-09-25 06:00:00,13.5,94,12.5,13.0,0.0,0.0,1012.4,100,8.4,187,0.0,Manchester
2026-09-25 06:00:00,14.7,86,12.4,11.7,0.0,0.0,1015.8,95,25.7,224,0.0,Newcastle
2026-09-25 07:00:00,14.1,91,12.6,13.5,0.0,0.0,1003.8,88,9.5,251,0.0,Birmingham
2026-09-25 07:00:00,13.4,97,13.0,13.8,0.0,0.0,1017.6,100,3.6,319,0.0,Bristol
2026-09-25 07:00:00,13.7,100,13.6,14.6,0.0,0.0,1017.1,100,1.7,311,0.0,Cardiff
2026-09-25 07:00:00,12.3,90,10.7,9.7,0.1,0.1,1006.4,100,19.4,230,0.0,Edinburgh
2026-09-25 07:00:00,12.1,94,11.1,10.1,0.3,0.3,1009.8,100,15.5,230,0.0,Glasgow
2026-09-25 07:00:00,10.8,88,8.9,8.0,0.1,0.1,1011.1,100,17.3,208,0.0,Inverness
2026-09-25 07:00:00,12.7,93,11.6,11.8,0.0,0.0,1011.2,75,9.3,236,0.0,Leeds
2026-09-25 07:00:00,12.6,95,11.8,12.9,0.0,0.0,1017.8,0,1.2,129,0.0,London
2026-09-25 07:00:00,13.3,94,12.3,13.0,0.0,0.0,1012.6,100,6.8,205,0.0,Manchester
2026-09-25 07:00:00,14.9,84,12.1,12.3,0.0,0.0,1016.3,97,22.3,261,0.0,Newcastle
2026-09-25 08:00:00,14.1,90,12.4,13.6,0.0,0.0,1003.8,6,8.5,242,30.0,Birmingham
2026-09-25 08:00:00,13.8,100,13.7,14.1,0.0,0.0,1017.8,100,6.1,313,17.0,Bristol
2026-09-25 08:00:00,14.3,99,14.2,15.1,0.0,0.0,1017.1,100,4.2,355,22.0,Cardiff
2026-09-25 08:00:00,12.4,86,10.2,9.7,0.0,0.0,1006.6,100,19.6,226,7.0,Edinburgh
2026-09-25 08:00:00,11.5,91,10.1,9.1,0.3,0.3,1010.2,100,16.5,233,6.0,Glasgow
2026-09-25 08:00:00,10.9,86,8.6,7.9,0.0,0.0,1011.3,88,18.0,208,15.0,Inverness
2026-09-25 08:00:00,13.7,89,11.9,12.8,0.0,0.0,1011.2,100,10.0,242,25.0,Leeds
2026-09-25 08:00:00,13.8,92,12.6,14.1,0.0,0.0,1017.8,0,3.4,122,56.0,London
2026-09-25 08:00:00,13.7,93,12.5,13.3,0.1,0.1,1012.8,100,7.5,235,8.0,Manchester
2026-09-25 08:00:00,14.6,83,11.7,11.9,0.0,0.0,1016.5,100,21.8,262,23.0,Newcastle
2026-09-25 09:00:00,15.2,82,12.1,14.6,0.0,0.0,1003.8,9,8.4,242,158.0,Birmingham
2026-09-25 09:00:00,14.5,97,14.0,14.5,0.0,0.0,1017.9,100,8.4,310,72.0,Bristol
2026-09-25 09:00:00,15.6,92,14.3,16.1,0.0,0.0,1017.3,100,6.4,317,114.0,Cardiff
2026-09-25 09:00:00,12.5,84,9.8,9.5,0.1,0.1,1006.9,100,20.3,228,32.0,Edinburgh
2026-09-25 09:00:00,11.5,92,10.2,9.2,0.2,0.2,1010.4,98,15.6,230,23.0,Glasgow
2026-09-25 09:00:00,11.6,82,8.6,8.5,0.0,0.0,1011.4,77,18.9,216,98.0,Inverness
2026-09-25 09:00:00,14.3,86,12.0,13.4,0.0,0.0,1011.7,100,9.8,262,66.0,Leeds
2026-09-25 09:00:00,15.9,83,13.0,16.4,0.0,0.0,1017.4,0,3.1,83,195.0,London
2026-09-25 09:00:00,14.0,88,12.0,13.4,0.1,0.1,1013.4,100,7.9,305,19.0,Manchester
2026-09-25 09:00:00,14.4,81,11.1,11.2,0.0,0.0,1017.0,100,24.2,266,57.0,Newcastle
2026-09-25 10:00:00,16.8,72,11.8,16.1,0.0,0.0,1004.2,90,8.3,266,320.0,Birmingham
2026-09-25 10:00:00,15.4,89,13.7,15.4,0.0,0.0,1018.1,100,7.7,306,116.0,Bristol
2026-09-25 10:00:00,16.9,85,14.3,17.3,0.0,0.0,1017.4,94,7.0,302,259.0,Cardiff
2026-09-25 10:00:00,12.6,82,9.7,10.0,0.0,0.0,1007.0,97,17.6,224,61.0,Edinburgh
2026-09-25 10:00:00,12.6,87,10.6,10.5,0.1,0.1,1010.6,53,15.9,231,122.0,Glasgow
2026-09-25 10:00:00,12.3,77,8.5,9.2,0.1,0.1,1011.7,63,18.7,223,190.0,Inverness
2026-09-25 10:00:00,14.6,80,11.2,13.2,0.0,0.0,1012.3,100,12.0,298,77.0,Leeds
2026-09-25 10:00:00,18.1,74,13.4,18.9,0.0,0.0,1017.2,0,1.8,24,341.0,London
2026-09-25 10:00:00,14.3,84,11.5,13.8,0.0,0.0,1014.1,100,6.0,303,60.0,Manchester
2026-09-25 10:00:00,14.5,77,10.5,11.6,0.0,0.0,1017.5,100,20.3,263,81.0,Newcastle
2026-09-25 11:00:00,16.5,74,11.8,15.3,0.1,0.1,1004.5,100,12.2,317,286.0,Birmingham
2026-09-25 11:00:00,16.6,80,13.2,16.8,0.0,0.0,1018.1,91,5.9,305,265.0,Bristol
2026-09-25 11:00:00,18.2,77,14.0,18.6,0.1,0.1,1017.5,100,6.0,287,328.0,Cardiff
2026-09-25 11:00:00,13.9,76,9.7,10.9,0.0,0.0,1007.3,76,19.7,231,233.0,Edinburgh
2026-09-25 11:00:00,13.1,79,9.5,10.4,0.3,0.3,1011.0,96,17.2,242,327.0,Glasgow
2026-09-25 11:00:00,13.0,72,8.0,9.2,0.1,0.1,1012.1,52,22.0,224,327.0,Inverness
2026-09-25 11:00:00,14.8,69,9.2,13.2,0.0,0.0,1012.7,100,8.9,297,108.0,Leeds
2026-09-25 11:00:00,19.8,67,13.6,20.6,0.0,0.0,1017.2,0,2.8,349,463.0,London
2026-09-25 11:00:00,14.5,83,11.6,14.6,0.0,0.0,1014.2,100,2.5,274,83.0,Manchester
2026-09-25 11:00:00,14.6,74,10.1,12.3,0.0,0.0,1017.6,100,15.3,245,99.0,Newcastle
2026-09-25 12:00:00,15.9,71,10.6,14.6,0.0,0.0,1004.6,100,10.4,350,201.0,Birmingham
2026-09-25 12:00:00,18.5,69,12.7,18.5,0.0,0.0,1017.8,84,5.2,314,467.0,Bristol
2026-09-25 12:00:00,18.8,74,14.1,19.3,0.2,0.2,1017.4,99,6.0,311,389.0,Cardiff
2026-09-25 12:00:00,14.8,68,9.0,11.6,0.1,0.1,1007.7,93,20.7,240,404.0,Edinburgh
2026-09-25 12:00:00,13.9,76,9.6,11.3,0.1,0.1,1011.4,88,16.8,243,290.0,Glasgow
2026-09-25 12:00:00,13.5,68,7.7,9.6,0.1,0.1,1012.6,92,22.0,227,406.0,Inverness
2026-09-25 12:00:00,15.2,63,8.1,13.4,0.0,0.0,1012.9,98,8.7,284,179.0,Leeds
2026-09-25 12:00:00,21.1,62,13.4,21.6,0.0,0.0,1017.2,0,3.6,351,547.0,London
2026-09-25 12:00:00,14.8,80,11.3,14.4,0.0,0.0,1014.5,89,5.0,289,123.0,Manchester
2026-09-25 12:00:00,14.9,67,8.7,11.6,0.0,0.0,1017.9,100,20.2,251,180.0,Newcastle
2026-09-25 13:00:00,16.0,70,10.5,14.7,0.0,0.0,1004.5,100,9.4,348,304.0,Birmingham
2026-09-25 13:00:00,19.7,64,12.8,19.4,0.0,0.0,1017.4,70,8.3,312,486.0,Bristol
2026-09-25 13:00:00,19.9,71,14.6,20.6,0.1,0.1,1017.0,92,5.7,298,406.0,Cardiff
2026-09-25 13:00:00,15.0,66,8.6,11.5,0.1,0.1,1007.6,83,21.5,240,366.0,Edinburgh
2026-09-25 13:00:00,14.6,69,9.1,11.6,0.1,0.1,1011.1,63,18.9,243,430.0,Glasgow
2026-09-25 13:00:00,14.1,61,6.6,10.3,0.1,0.1,1012.6,23,19.8,229,408.0,Inverness
2026-09-25 13:00:00,14.1,66,7.8,12.1,0.0,0.0,1012.8,100,9.5,284,224.0,Leeds
2026-09-25 13:00:00,22.2,58,13.6,23.3,0.0,0.0,1016.6,1,2.3,23,588.0,London
2026-09-25 13:00:00,14.1,80,10.6,13.4,0.0,0.0,1014.4,100,5.7,305,241.0,Manchester
2026-09-25 13:00:00,14.8,68,8.9,11.7,0.0,0.0,1017.9,100,19.0,251,184.0,Newcastle
2026-09-25 14:00:00,16.3,67,10.3,15.1,0.0,0.0,1004.3,91,8.5,342,247.0,Birmingham
2026-09-25 14:00:00,20.3,61,12.6,19.9,0.0,0.0,1017.0,83,8.7,287,458.0,Bristol
2026-09-25 14:00:00,20.0,69,14.1,20.1,0.1,0.1,1016.9,97,8.4,298,426.0,Cardiff
2026-09-25 14:00:00,15.3,62,8.0,11.7,0.0,0.0,1007.5,42,21.0,242,395.0,Edinburgh
2026-09-25 14:00:00,14.9,66,8.6,11.9,0.1,0.1,1011.1,79,18.3,244,472.0,Glasgow
2026-09-25 14:00:00,14.5,56,5.9,10.4,0.0,0.0,1012.7,27,20.5,231,477.0,Inverness
2026-09-25 14:00:00,14.4,65,8.0,12.5,0.0,0.0,1012.8,100,9.4,278,148.0,Leeds
2026-09-25 14:00:00,23.1,55,13.7,24.2,0.0,0.0,1016.0,20,1.7,13,579.0,London
2026-09-25 14:00:00,14.8,75,10.5,14.0,0.0,0.0,1014.4,98,6.8,287,222.0,Manchester
2026-09-25 14:00:00,14.8,69,9.2,12.3,0.0,0.0,1017.8,99,15.5,247,175.0,Newcastle
2026-09-25 15:00:00,17.1,64,10.3,15.8,0.0,0.0,1004.1,100,9.0,317,329.0,Birmingham
2026-09-25 15:00:00,19.7,65,13.0,19.0,0.1,0.1,1017.0,96,11.3,279,362.0,Bristol
2026-09-25 15:00:00,20.1,62,12.6,19.2,0.0,0.0,1016.8,100,12.0,286,425.0,Cardiff
2026-09-25 15:00:00,15.5,60,7.7,11.8,0.1,0.1,1007.4,88,20.9,243,429.0,Edinburgh
2026-09-25 15:00:00,14.8,65,8.2,11.5,0.2,0.2,1011.0,99,19.0,241,436.0,Glasgow
2026-09-25 15:00:00,14.5,54,5.4,10.5,0.0,0.0,1012.8,52,20.0,231,406.0,Inverness
2026-09-25 15:00:00,14.7,63,7.8,12.6,0.0,0.0,1012.7,100,10.4,278,174.0,Leeds
2026-09-25 15:00:00,23.7,53,13.7,24.5,0.0,0.0,1015.5,99,1.9,343,517.0,London
2026-09-25 15:00:00,15.0,71,9.7,13.7,0.0,0.0,1014.4,100,7.9,290,194.0,Manchester
2026-09-25 15:00:00,14.9,70,9.4,12.6,0.0,0.0,1017.8,99,14.5,243,187.0,Newcastle
2026-09-25 16:00:00,16.1,68,10.1,14.4,0.0,0.0,1004.4,100,11.3,333,185.0,Birmingham
2026-09-25 16:00:00,18.7,74,13.9,17.9,0.4,0.4,1017.2,88,14.0,279,290.0,Bristol
2026-09-25 16:00:00,19.4,58,10.8,17.5,0.0,0.0,1017.0,96,14.9,290,328.0,Cardiff
2026-09-25 16:00:00,15.3,60,7.5,11.6,0.1,0.1,1007.4,98,20.6,243,327.0,Edinburgh
2026-09-25 16:00:00,14.5,65,8.0,11.4,0.1,0.1,1010.9,98,17.7,235,330.0,Glasgow
2026-09-25 16:00:00,14.4,55,5.4,10.4,0.0,0.0,1012.7,34,20.0,228,339.0,Inverness
2026-09-25 16:00:00,14.6,62,7.3,12.1,0.0,0.0,1012.8,100,11.8,279,157.0,Leeds
2026-09-25 16:00:00,23.5,54,13.6,24.2,0.0,0.0,1015.2,100,2.9,360,345.0,London
2026-09-25 16:00:00,14.5,70,9.1,13.3,0.0,0.0,1014.4,100,6.6,286,102.0,Manchester
2026-09-25 16:00:00,15.0,70,9.6,12.8,0.0,0.0,1017.8,100,14.2,252,125.0,Newcastle
2026-09-25 17:00:00,15.7,68,9.8,14.1,0.0,0.0,1004.5,95,10.4,332,155.0,Birmingham
2026-09-25 17:00:00,17.7,76,13.5,17.0,0.3,0.3,1017.5,100,12.5,330,205.0,Bristol
2026-09-25 17:00:00,18.3,59,10.1,16.1,0.0,0.0,1017.5,98,15.6,299,216.0,Cardiff
2026-09-25 17:00:00,14.7,64,8.0,11.5,0.0,0.0,1007.6,91,18.3,242,197.0,Edinburgh
2026-09-25 17:00:00,14.1,66,7.9,11.0,0.1,0.1,1011.1,92,17.1,229,250.0,Glasgow
2026-09-25 17:00:00,13.9,57,5.6,10.1,0.0,0.0,1012.8,18,18.3,223,239.0,Inverness
2026-09-25 17:00:00,14.2,65,7.7,12.0,0.0,0.0,1013.0,100,10.5,266,78.0,Leeds
2026-09-25 17:00:00,23.2,54,13.5,23.6,0.0,0.0,1015.3,100,5.1,309,187.0,London
2026-09-25 17:00:00,14.2,75,9.7,13.5,0.0,0.0,1014.5,100,3.8,229,51.0,Manchester
2026-09-25 17:00:00,15.1,70,9.7,12.7,0.0,0.0,1017.9,100,15.3,250,102.0,Newcastle
2026-09-25 18:00:00,15.1,68,9.2,13.1,0.0,0.0,1004.7,86,12.1,335,115.0,Birmingham
2026-09-25 18:00:00,16.3,78,12.6,15.8,0.2,0.2,1018.1,100,8.9,7,71.0,Bristol
2026-09-25 18:00:00,16.6,61,9.0,14.2,0.0,0.0,1018.0,100,15.4,315,138.0,Cardiff
2026-09-25 18:00:00,14.1,68,8.3,11.2,0.0,0.0,1007.7,73,16.4,238,109.0,Edinburgh
2026-09-25 18:00:00,13.5,72,8.6,11.3,0.0,0.0,1011.0,20,12.5,217,116.0,Glasgow
2026-09-25 18:00:00,12.9,64,6.2,9.6,0.0,0.0,1013.1,20,16.0,220,152.0,Inverness
2026-09-25 18:00:00,13.6,71,8.5,11.9,0.0,0.0,1013.0,100,9.3,257,22.0,Leeds
2026-09-25 18:00:00,22.8,54,13.1,22.6,0.0,0.0,1015.4,91,7.7,306,108.0,London
2026-09-25 18:00:00,13.5,80,10.2,13.1,0.2,0.2,1014.4,100,3.3,241,18.0,Manchester
2026-09-25 18:00:00,15.0,72,10.0,12.7,0.0,0.0,1017.9,100,15.2,236,43.0,Newcastle
2026-09-25 19:00:00,14.2,70,8.7,12.7,0.0,0.0,1005.1,100,7.8,334,24.0,Birmingham
2026-09-25 19:00:00,15.9,77,11.8,15.4,0.0,0.0,1018.3,100,7.0,3,20.0,Bristol
2026-09-25 19:00:00,14.8,67,8.8,13.2,0.0,0.0,1018.3,100,9.3,324,27.0,Cardiff
2026-09-25 19:00:00,13.1,71,7.9,10.5,0.0,0.0,1007.5,55,14.1,228,33.0,Edinburgh
2026-09-25 19:00:00,12.6,75,8.2,10.2,0.0,0.0,1010.9,14,13.1,212,45.0,Glasgow
2026-09-25 19:00:00,11.9,68,6.1,8.6,0.0,0.0,1012.8,42,15.8,209,43.0,Inverness
2026-09-25 19:00:00,13.1,77,9.1,11.7,0.1,0.1,1013.2,100,8.2,248,5.0,Leeds
2026-09-25 19:00:00,21.6,54,12.0,20.6,0.0,0.0,1016.0,66,11.4,348,23.0,London
2026-09-25 19:00:00,13.2,84,10.5,12.6,0.1,0.1,1014.6,100,4.7,238,7.0,Manchester
2026-09-25 19:00:00,14.8,75,10.4,12.7,0.0,0.0,1018.0,100,14.8,229,11.0,Newcastle
2026-09-25 20:00:00,14.0,71,8.7,12.5,0.0,0.0,1005.1,100,7.3,329,0.0,Birmingham
2026-09-25 20:00:00,15.2,79,11.6,15.1,0.0,0.0,1018.8,100,3.7,325,0.0,Bristol
2026-09-25 20:00:00,14.7,68,8.8,13.0,0.0,0.0,1018.9,100,9.1,302,0.0,Cardiff
2026-09-25 20:00:00,12.2,74,7.6,9.6,0.0,0.0,1007.6,20,13.3,213,0.0,Edinburgh
2026-09-25 20:00:00,12.1,75,7.8,9.8,0.0,0.0,1010.8,52,11.6,208,0.0,Glasgow
2026-09-25 20:00:00,11.4,70,6.2,8.0,0.0,0.0,1012.5,36,16.4,205,0.0,Inverness
2026-09-25 20:00:00,12.9,78,9.2,11.5,0.0,0.0,1013.2,100,7.6,242,0.0,Leeds
2026-09-25 20:00:00,19.9,60,11.9,19.5,0.0,0.0,1016.3,66,6.4,11,0.0,London
2026-09-25 20:00:00,12.7,87,10.6,12.2,0.0,0.0,1014.7,100,4.8,211,0.0,Manchester
2026-09-25 20:00:00,14.5,76,10.3,12.0,0.0,0.0,1018.1,100,18.0,223,0.0,Newcastle
2026-09-25 21:00:00,13.6,73,8.9,12.1,0.0,0.0,1005.5,100,8.1,323,0.0,Birmingham
2026-09-25 21:00:00,15.2,74,10.6,13.9,0.0,0.0,1019.3,100,9.8,301,0.0,Bristol
2026-09-25 21:00:00,14.0,69,8.5,12.4,0.0,0.0,1019.4,100,8.5,308,0.0,Cardiff
2026-09-25 21:00:00,11.8,75,7.4,8.6,0.0,0.0,1007.5,21,17.1,205,0.0,Edinburgh
2026-09-25 21:00:00,11.8,76,7.7,9.5,0.0,0.0,1010.6,31,11.6,199,0.0,Glasgow
2026-09-25 21:00:00,11.0,73,6.3,7.7,0.0,0.0,1012.1,29,16.3,198,0.0,Inverness
2026-09-25 21:00:00,12.6,81,9.3,11.3,0.0,0.0,1013.4,99,7.4,231,0.0,Leeds
2026-09-25 21:00:00,18.6,66,12.1,17.4,0.0,0.0,1017.1,61,12.4,352,0.0,London
2026-09-25 21:00:00,12.4,89,10.6,11.7,0.0,0.0,1014.8,100,5.6,201,0.0,Manchester
2026-09-25 21:00:00,14.2,78,10.3,11.2,0.0,0.0,1018.2,92,20.9,222,0.0,Newcastle
2026-09-25 22:00:00,13.2,77,9.2,12.0,0.0,0.0,1005.9,100,6.8,310,0.0,Birmingham
2026-09-25 22:00:00,14.7,67,8.6,12.7,0.0,0.0,1019.8,100,11.1,314,0.0,Bristol
2026-09-25 22:00:00,13.3,75,9.0,12.1,0.0,0.0,1019.5,100,6.6,296,0.0,Cardiff
2026-09-25 22:00:00,11.8,77,7.9,8.4,0.0,0.0,1007.0,5,19.9,207,0.0,Edinburgh
2026-09-25 22:00:00,11.5,80,8.1,9.0,0.2,0.2,1010.4,35,13.6,212,0.0,Glasgow
2026-09-25 22:00:00,11.0,73,6.4,7.6,0.0,0.0,1011.6,37,16.9,202,0.0,Inverness
2026-09-25 22:00:00,12.2,84,9.5,10.9,0.0,0.0,1013.5,98,7.7,231,0.0,Leeds
2026-09-25 22:00:00,17.3,72,12.2,16.4,0.0,0.0,1017.7,88,10.2,342,0.0,London
2026-09-25 22:00:00,11.9,91,10.4,11.1,0.0,0.0,1014.9,96,6.0,190,0.0,Manchester
2026-09-25 22:00:00,14.1,76,9.9,10.6,0.0,0.0,1018.2,64,23.7,232,0.0,Newcastle
2026-09-25 23:00:00,12.9,79,9.4,12.0,0.0,0.0,1005.8,93,5.2,292,0.0,Birmingham
2026-09-25 23:00:00,13.9,70,8.6,12.3,0.0,0.0,1019.9,100,8.1,305,0.0,Bristol
2026-09-25 23:00:00,12.2,82,9.3,11.0,0.0,0.0,1019.7,94,7.6,301,0.0,Cardiff
2026-09-25 23:00:00,12.0,77,8.1,8.2,0.0,0.0,1006.7,8,22.7,215,0.0,Edinburgh
2026-09-25 23:00:00,11.7,80,8.5,8.9,0.1,0.1,1009.9,20,16.6,214,0.0,Glasgow
2026-09-25 23:00:00,10.9,75,6.7,7.6,0.0,0.0,1011.1,71,16.8,203,0.0,Inverness
2026-09-25 23:00:00,11.6,88,9.6,10.4,0.0,0.0,1013.3,92,7.3,230,0.0,Leeds
2026-09-25 23:00:00,16.5,75,12.1,15.9,0.0,0.0,1017.9,98,8.4,335,0.0,London
2026-09-25 23:00:00,11.5,90,9.9,10.6,0.0,0.0,1014.9,90,5.9,198,0.0,Manchester
2026-09-25 23:00:00,14.0,75,9.6,10.1,0.0,0.0,1018.1,2,25.3,235,0.0,Newcastle
2026-09-26 00:00:00,12.3,82,9.3,11.2,0.0,0.0,1005.8,99,6.0,273,0.0,Birmingham
2026-09-26 00:00:00,13.7,72,8.7,12.1,0.0,0.0,1020.1,84,8.1,301,0.0,Bristol
2026-09-26 00:00:00,11.5,88,9.5,10.5,0.0,0.0,1019.7,98,6.3,309,0.0,Cardiff
2026-09-26 00:00:00,12.0,77,8.0,8.1,0.0,0.0,1006.2,4,23.5,217,0.0,Edinburgh
2026-09-26 00:00:00,11.8,81,8.6,8.8,0.0,0.0,1009.5,7,18.2,216,0.0,Glasgow
2026-09-26 00:00:00,11.3,73,6.6,7.9,0.0,0.0,1010.2,69,17.3,205,0.0,Inverness
2026-09-26 00:00:00,11.1,90,9.4,9.7,0.0,0.0,1013.3,80,8.5,235,0.0,Leeds
2026-09-26 00:00:00,16.1,75,11.6,15.3,0.0,0.0,1018.2,100,8.9,328,0.0,London
2026-09-26 00:00:00,10.9,91,9.4,9.9,0.0,0.0,1014.9,75,5.8,210,0.0,Manchester
2026-09-26 00:00:00,13.8,77,9.8,9.8,0.0,0.0,1018.0,1,27.0,237,0.0,Newcastle
2026-09-26 01:00:00,11.6,83,8.9,10.1,0.0,0.0,1006.0,100,7.7,258,0.0,Birmingham
2026-09-26 01:00:00,12.8,77,8.9,11.2,0.0,0.0,1020.3,70,8.4,305,0.0,Bristol
2026-09-26 01:00:00,10.7,90,9.2,9.5,0.0,0.0,1019.8,99,6.9,307,0.0,Cardiff
2026-09-26 01:00:00,12.1,77,8.1,7.9,0.0,0.0,1005.8,7,25.3,219,0.0,Edinburgh
2026-09-26 01:00:00,11.9,84,9.2,8.5,0.0,0.0,1009.2,41,21.6,216,0.0,Glasgow
2026-09-26 01:00:00,11.1,78,7.5,7.4,0.0,0.0,1009.4,71,20.8,210,0.0,Inverness
2026-09-26 01:00:00,10.2,90,8.7,8.6,0.0,0.0,1013.3,20,8.4,225,0.0,Leeds
2026-09-26 01:00:00,15.7,76,11.5,14.7,0.0,0.0,1018.6,100,9.7,329,0.0,London
2026-09-26 01:00:00,9.8,93,8.7,8.7,0.0,0.0,1014.9,12,4.9,184,0.0,Manchester
2026-09-26 01:00:00,13.3,79,9.7,9.7,0.0,0.0,1018.0,0,23.9,224,0.0,Newcastle
2026-09-26 02:00:00,11.4,83,8.7,9.8,0.0,0.0,1006.1,96,8.4,255,0.0,Birmingham
2026-09-26 02:00:00,12.3,81,9.2,11.2,0.0,0.0,1020.5,99,5.9,297,0.0,Bristol
2026-09-26 02:00:00,10.7,89,9.0,9.5,0.0,0.0,1020.0,99,6.7,304,0.0,Cardiff
2026-09-26 02:00:00,12.2,77,8.2,7.9,0.0,0.0,1005.6,9,26.3,222,0.0,Edinburgh
2026-09-26 02:00:00,11.4,89,9.6,8.4,0.2,0.2,1009.1,30,19.8,215,0.0,Glasgow
2026-09-26 02:00:00,11.2,80,7.8,7.3,0.1,0.1,1009.0,66,22.1,214,0.0,Inverness
2026-09-26 02:00:00,10.0,91,8.5,8.4,0.0,0.0,1013.4,0,8.1,217,0.0,Leeds
2026-09-26 02:00:00,15.3,78,11.4,14.5,0.0,0.0,1019.0,100,8.3,327,0.0,London
2026-09-26 02:00:00,9.5,92,8.3,8.2,0.0,0.0,1015.0,0,5.8,178,0.0,Manchester
2026-09-26 02:00:00,13.5,77,9.6,9.2,0.0,0.0,1017.8,2,28.4,219,0.0,Newcastle
2026-09-26 03:00:00,10.9,86,8.6,9.2,0.0,0.0,1006.2,88,8.5,249,0.0,Birmingham
2026-09-26 03:00:00,12.0,85,9.5,11.1,0.0,0.0,1020.7,83,4.7,272,0.0,Bristol
2026-09-26 03:00:00,10.2,89,8.5,8.9,0.0,0.0,1020.2,95,6.5,294,0.0,Cardiff
2026-09-26 03:00:00,12.3,76,8.2,8.0,0.0,0.0,1005.3,18,26.7,223,0.0,Edinburgh
2026-09-26 03:00:00,11.9,86,9.7,8.8,0.1,0.1,1008.9,41,21.0,222,0.0,Glasgow
2026-09-26 03:00:00,11.3,81,8.1,7.5,0.2,0.2,1008.6,68,22.8,214,0.0,Inverness
2026-09-26 03:00:00,9.9,90,8.3,8.0,0.0,0.0,1013.4,0,9.4,225,0.0,Leeds
2026-09-26 03:00:00,15.0,78,11.2,14.4,0.0,0.0,1019.2,100,6.7,322,0.0,London
2026-09-26 03:00:00,9.2,92,8.0,7.8,0.0,0.0,1015.1,0,6.3,167,0.0,Manchester
2026-09-26 03:00:00,13.3,80,9.9,8.7,0.0,0.0,1017.8,0,30.7,215,0.0,Newcastle
2026-09-26 04:00:00,10.3,88,8.4,8.6,0.0,0.0,1006.1,16,8.6,241,0.0,Birmingham
2026-09-26 04:00:00,11.6,88,9.6,10.6,0.0,0.0,1020.7,98,5.6,253,0.0,Bristol
2026-09-26 04:00:00,9.7,90,8.2,8.4,0.0,0.0,1020.1,89,5.9,310,0.0,Cardiff
2026-09-26 04:00:00,12.3,77,8.3,8.0,0.0,0.0,1005.1,24,26.6,224,0.0,Edinburgh
2026-09-26 04:00:00,12.1,86,9.8,9.1,0.0,0.0,1008.7,41,20.5,227,0.0,Glasgow
2026-09-26 04:00:00,10.8,88,8.9,7.4,0.4,0.4,1008.4,66,21.3,216,0.0,Inverness
2026-09-26 04:00:00,9.8,89,8.1,7.8,0.0,0.0,1013.2,0,10.4,234,0.0,Leeds
2026-09-26 04:00:00,14.6,77,10.6,13.6,0.0,0.0,1019.6,97,7.5,325,0.0,London
2026-09-26 04:00:00,9.0,93,7.8,7.5,0.0,0.0,1015.0,0,6.3,153,0.0,Manchester
2026-09-26 04:00:00,13.3,81,10.1,8.7,0.0,0.0,1017.5,1,31.7,215,0.0,Newcastle
2026-09-26 05:00:00,9.9,89,8.2,8.2,0.0,0.0,1006.2,41,8.6,233,0.0,Birmingham
2026-09-26 05:00:00,11.5,87,9.4,10.4,0.0,0.0,1020.6,98,5.8,250,0.0,Bristol
2026-09-26 05:00:00,9.1,93,7.9,7.8,0.0,0.0,1020.0,76,5.2,333,0.0,Cardiff
2026-09-26 05:00:00,12.2,78,8.5,8.0,0.0,0.0,1005.0,45,26.5,226,0.0,Edinburgh
2026-09-26 05:00:00,12.2,84,9.6,9.1,0.1,0.1,1008.5,19,20.2,231,0.0,Glasgow
2026-09-26 05:00:00,11.0,89,9.2,7.3,0.2,0.2,1008.7,98,24.3,220,0.0,Inverness
2026-09-26 05:00:00,9.8,88,7.9,7.7,0.0,0.0,1013.1,0,10.8,237,0.0,Leeds
2026-09-26 05:00:00,14.0,75,9.7,12.8,0.0,0.0,1019.9,88,7.4,321,0.0,London
2026-09-26 05:00:00,8.9,92,7.7,7.3,0.0,0.0,1014.9,0,6.5,148,0.0,Manchester
2026-09-26 05:00:00,13.2,82,10.2,8.7,0.0,0.0,1017.4,1,30.9,214,0.0,Newcastle
2026-09-26 06:00:00,9.6,90,8.1,7.8,0.0,0.0,1006.3,40,8.8,226,0.0,Birmingham
2026-09-26 06:00:00,11.2,86,8.9,10.1,0.0,0.0,1020.8,89,5.3,258,0.0,Bristol
2026-09-26 06:00:00,8.6,95,7.9,7.5,0.0,0.0,1020.2,83,4.5,353,0.0,Cardiff
2026-09-26 06:00:00,12.2,80,8.9,8.4,0.0,0.0,1005.2,20,24.2,225,0.0,Edinburgh
2026-09-26 06:00:00,12.0,89,10.2,9.3,0.1,0.1,1008.6,30,18.8,233,0.0,Glasgow
2026-09-26 06:00:00,11.1,88,9.2,7.8,0.0,0.0,1009.2,60,21.2,220,0.0,Inverness
2026-09-26 06:00:00,9.8,87,7.7,7.5,0.0,0.0,1013.2,0,11.5,236,0.0,Leeds
2026-09-26 06:00:00,13.3,77,9.3,12.3,0.0,0.0,1020.2,95,5.4,318,0.0,London
2026-09-26 06:00:00,8.8,92,7.6,7.2,0.0,0.0,1015.0,0,6.4,148,0.0,Manchester
2026-09-26 06:00:00,13.2,83,10.3,8.8,0.0,0.0,1017.3,3,30.8,220,0.0,Newcastle
2026-09-26 07:00:00,9.1,91,7.7,7.1,0.0,0.0,1006.7,95,9.4,227,0.0,Birmingham
2026-09-26 07:00:00,10.7,86,8.4,9.7,0.0,0.0,1021.1,91,3.7,219,0.0,Bristol
2026-09-26 07:00:00,7.7,100,7.6,6.6,0.0,0.0,1020.5,95,3.1,360,0.0,Cardiff
2026-09-26 07:00:00,12.1,82,9.1,8.7,0.0,0.0,1005.5,14,22.1,226,0.0,Edinburgh
2026-09-26 07:00:00,11.8,90,10.2,9.2,0.1,0.1,1008.8,19,18.3,231,0.0,Glasgow
2026-09-26 07:00:00,10.9,90,9.2,8.0,0.0,0.0,1009.8,43,17.8,218,0.0,Inverness
2026-09-26 07:00:00,9.5,88,7.6,7.2,0.0,0.0,1013.6,0,11.7,232,0.0,Leeds
2026-09-26 07:00:00,12.6,79,9.0,11.5,0.0,0.0,1020.7,61,5.1,306,0.0,London
2026-09-26 07:00:00,8.6,93,7.5,6.9,0.0,0.0,1015.2,0,7.2,153,0.0,Manchester
2026-09-26 07:00:00,13.6,80,10.2,8.8,0.0,0.0,1017.5,3,33.1,228,0.0,Newcastle
2026-09-26 08:00:00,9.8,88,7.8,7.7,0.0,0.0,1007.2,99,9.8,224,32.0,Birmingham
2026-09-26 08:00:00,10.9,87,8.8,9.8,0.0,0.0,1021.5,81,5.5,193,31.0,Bristol
2026-09-26 08:00:00,7.9,99,7.8,7.2,0.0,0.0,1020.9,100,1.1,360,25.0,Cardiff
2026-09-26 08:00:00,12.3,82,9.4,9.0,0.0,0.0,1006.2,19,21.8,225,25.0,Edinburgh
2026-09-26 08:00:00,12.2,88,10.2,9.8,0.0,0.0,1009.4,9,16.6,227,19.0,Glasgow
2026-09-26 08:00:00,11.1,88,9.1,8.3,0.0,0.0,1010.6,42,17.3,214,18.0,Inverness
2026-09-26 08:00:00,10.3,85,8.0,8.1,0.0,0.0,1013.9,0,11.6,231,40.0,Leeds
2026-09-26 08:00:00,12.8,78,9.1,11.8,0.0,0.0,1021.3,90,4.6,296,55.0,London
2026-09-26 08:00:00,9.4,92,8.2,7.7,0.0,0.0,1015.7,0,7.9,156,35.0,Manchester
2026-09-26 08:00:00,13.8,80,10.5,9.5,0.0,0.0,1018.0,3,30.5,225,40.0,Newcastle
2026-09-26 09:00:00,11.4,82,8.3,9.6,0.0,0.0,1007.3,100,8.7,218,150.0,Birmingham
2026-09-26 09:00:00,13.1,77,9.1,11.9,0.0,0.0,1021.7,98,6.1,185,156.0,Bristol
2026-09-26 09:00:00,11.5,91,10.1,11.0,0.0,0.0,1021.1,100,4.1,61,133.0,Cardiff
2026-09-26 09:00:00,13.2,80,9.9,10.6,0.0,0.0,1006.5,34,17.3,216,124.0,Edinburgh
2026-09-26 09:00:00,12.8,85,10.4,10.3,0.0,0.0,1009.8,22,17.6,232,118.0,Glasgow
2026-09-26 09:00:00,11.9,83,9.2,9.2,0.0,0.0,1011.0,27,17.2,213,107.0,Inverness
2026-09-26 09:00:00,12.1,79,8.6,10.4,0.0,0.0,1014.0,0,8.7,220,168.0,Leeds
2026-09-26 09:00:00,13.6,74,9.1,12.8,0.0,0.0,1021.7,98,4.0,297,185.0,London
2026-09-26 09:00:00,11.0,90,9.5,9.8,0.0,0.0,1015.9,1,7.4,154,161.0,Manchester
2026-09-26 09:00:00,13.8,82,10.8,10.3,0.0,0.0,1018.4,4,25.8,215,159.0,Newcastle
2026-09-26 10:00:00,13.3,73,8.6,11.5,0.0,0.0,1007.7,87,9.5,224,281.0,Birmingham
2026-09-26 10:00:00,15.1,70,9.6,14.0,0.0,0.0,1021.9,100,6.6,197,270.0,Bristol
2026-09-26 10:00:00,14.2,86,11.9,14.0,0.0,0.0,1021.3,100,5.5,131,237.0,Cardiff
2026-09-26 10:00:00,14.1,76,9.9,11.0,0.0,0.0,1006.9,28,20.8,224,240.0,Edinburgh
2026-09-26 10:00:00,13.5,82,10.4,10.9,0.0,0.0,1010.3,37,18.0,233,232.0,Glasgow
2026-09-26 10:00:00,12.8,79,9.2,9.9,0.0,0.0,1011.5,24,18.3,215,212.0,Inverness
2026-09-26 10:00:00,14.1,71,9.0,12.1,0.0,0.0,1014.2,0,12.2,227,308.0,Leeds
2026-09-26 10:00:00,14.8,68,8.9,14.0,0.0,0.0,1021.9,98,3.6,303,317.0,London
2026-09-26 10:00:00,13.0,85,10.6,12.1,0.0,0.0,1016.1,5,6.8,168,300.0,Manchester
2026-09-26 10:00:00,14.0,82,11.0,10.6,0.0,0.0,1018.6,10,25.1,202,288.0,Newcastle
2026-09-26 11:00:00,14.9,66,8.6,12.9,0.0,0.0,1007.8,0,10.8,228,405.0,Birmingham
2026-09-26 11:00:00,16.2,66,10.0,15.0,0.0,0.0,1022.0,100,8.3,222,373.0,Bristol
2026-09-26 11:00:00,16.1,78,12.2,15.9,0.0,0.0,1021.3,100,6.1,182,351.0,Cardiff
2026-09-26 11:00:00,14.6,71,9.4,11.2,0.1,0.1,1007.4,31,22.1,235,338.0,Edinburgh
2026-09-26 11:00:00,13.6,79,10.0,11.1,0.2,0.2,1010.5,55,17.4,235,302.0,Glasgow
2026-09-26 11:00:00,13.4,75,9.0,10.3,0.1,0.1,1011.7,24,19.3,213,315.0,Inverness
2026-09-26 11:00:00,15.5,66,9.1,13.1,0.0,0.0,1014.3,2,15.0,227,428.0,Leeds
2026-09-26 11:00:00,16.1,60,8.2,15.2,0.0,0.0,1022.0,97,2.5,291,429.0,London
2026-09-26 11:00:00,14.9,79,11.3,13.9,0.0,0.0,1016.2,4,9.4,184,410.0,Manchester
2026-09-26 11:00:00,14.5,82,11.5,10.8,0.0,0.0,1018.7,41,28.3,202,394.0,Newcastle
2026-09-26 12:00:00,16.5,60,8.6,14.6,0.0,0.0,1007.8,0,10.3,226,533.0,Birmingham
2026-09-26 12:00:00,17.0,61,9.4,15.5,0.0,0.0,1022.1,98,9.2,237,433.0,Bristol
2026-09-26 12:00:00,17.0,70,11.6,16.0,0.0,0.0,1021.4,100,10.6,227,389.0,Cardiff
2026-09-26 12:00:00,15.4,67,9.2,12.2,0.0,0.0,1007.5,12,20.2,233,402.0,Edinburgh
2026-09-26 12:00:00,14.5,73,9.7,11.8,0.5,0.5,1010.7,20,18.0,228,375.0,Glasgow
2026-09-26 12:00:00,14.1,69,8.6,10.7,0.0,0.0,1012.0,30,20.6,220,373.0,Inverness
2026-09-26 12:00:00,16.6,63,9.4,14.2,0.0,0.0,1014.4,9,14.9,226,511.0,Leeds
2026-09-26 12:00:00,17.3,51,7.1,16.2,0.0,0.0,1022.0,69,2.3,270,509.0,London
2026-09-26 12:00:00,16.2,70,10.8,14.5,0.1,0.1,1016.2,34,12.7,215,495.0,Manchester
2026-09-26 12:00:00,15.4,76,11.2,11.9,0.0,0.0,1018.7,37,26.2,211,408.0,Newcastle
2026-09-26 13:00:00,18.0,54,8.6,16.4,0.0,0.0,1007.7,34,10.3,232,588.0,Birmingham
2026-09-26 13:00:00,18.3,54,8.9,16.9,0.0,0.0,1021.7,99,7.4,248,466.0,Bristol
2026-09-26 13:00:00,18.2,63,11.2,17.0,0.0,0.0,1021.0,96,11.0,229,434.0,Cardiff
2026-09-26 13:00:00,16.3,61,8.7,12.9,0.0,0.0,1007.5,2,20.9,231,490.0,Edinburgh
2026-09-26 13:00:00,15.6,67,9.5,12.7,0.1,0.1,1010.9,49,18.6,219,459.0,Glasgow
2026-09-26 13:00:00,14.9,63,7.9,11.5,0.0,0.0,1012.2,67,19.3,217,412.0,Inverness
2026-09-26 13:00:00,17.9,57,9.2,15.2,0.0,0.0,1014.5,31,16.7,230,549.0,Leeds
2026-09-26 13:00:00,19.0,41,5.5,17.8,0.0,0.0,1021.7,60,2.0,275,580.0,London
2026-09-26 13:00:00,17.0,66,10.5,15.1,0.3,0.3,1016.1,41,13.9,221,492.0,Manchester
2026-09-26 13:00:00,16.2,72,11.2,12.8,0.0,0.0,1018.7,11,25.8,215,448.0,Newcastle
2026-09-26 14:00:00,18.6,49,7.7,16.4,0.0,0.0,1007.3,45,11.0,232,474.0,Birmingham
2026-09-26 14:00:00,18.6,50,8.0,17.0,0.0,0.0,1021.4,82,7.3,239,446.0,Bristol
2026-09-26 14:00:00,18.4,62,11.0,17.2,0.0,0.0,1020.8,50,11.0,228,446.0,Cardiff
2026-09-26 14:00:00,17.2,53,7.4,12.9,0.0,0.0,1007.5,52,24.5,232,514.0,Edinburgh
2026-09-26 14:00:00,15.4,68,9.5,12.2,0.1,0.1,1011.0,49,20.5,222,387.0,Glasgow
2026-09-26 14:00:00,15.1,62,7.8,11.5,0.0,0.0,1012.3,79,20.3,221,369.0,Inverness
2026-09-26 14:00:00,18.5,52,8.4,15.3,0.0,0.0,1014.3,37,18.7,232,525.0,Leeds
2026-09-26 14:00:00,20.0,37,4.9,18.8,0.0,0.0,1021.5,45,1.9,241,604.0,London
2026-09-26 14:00:00,17.9,61,10.2,16.0,0.2,0.2,1015.9,27,13.0,223,456.0,Manchester
2026-09-26 14:00:00,16.3,71,11.0,12.8,0.0,0.0,1018.6,4,25.9,211,502.0,Newcastle
2026-09-26 15:00:00,19.2,44,6.7,16.8,0.0,0.0,1007.1,48,10.8,238,440.0,Birmingham
2026-09-26 15:00:00,18.9,48,7.7,17.2,0.0,0.0,1021.0,81,7.3,242,425.0,Bristol
2026-09-26 15:00:00,18.6,61,10.9,17.4,0.0,0.0,1020.4,31,10.2,224,452.0,Cardiff
2026-09-26 15:00:00,17.3,53,7.7,13.4,0.0,0.0,1007.2,21,22.4,232,361.0,Edinburgh
2026-09-26 15:00:00,15.7,67,9.5,12.6,0.0,0.0,1010.8,56,20.4,219,419.0,Glasgow
2026-09-26 15:00:00,14.9,64,8.1,11.6,0.0,0.0,1012.3,83,18.8,219,290.0,Inverness
2026-09-26 15:00:00,18.2,54,8.7,15.4,0.0,0.0,1014.3,20,16.8,233,424.0,Leeds
2026-09-26 15:00:00,20.4,34,4.2,18.6,0.0,0.0,1021.1,66,2.6,196,545.0,London
2026-09-26 15:00:00,18.3,59,10.2,16.6,0.1,0.1,1015.7,41,11.8,223,466.0,Manchester
2026-09-26 15:00:00,16.5,69,10.8,12.9,0.0,0.0,1018.6,7,26.6,214,469.0,Newcastle
2026-09-26 16:00:00,19.5,43,6.4,17.1,0.0,0.0,1006.6,45,9.8,234,374.0,Birmingham
2026-09-26 16:00:00,18.8,47,7.2,17.2,0.0,0.0,1020.6,81,6.2,249,369.0,Bristol
2026-09-26 16:00:00,18.5,61,10.8,17.4,0.0,0.0,1019.9,11,9.2,223,401.0,Cardiff
2026-09-26 16:00:00,17.3,55,8.2,13.3,0.0,0.0,1007.3,73,24.7,229,345.0,Edinburgh
2026-09-26 16:00:00,15.0,75,10.7,12.7,0.1,0.1,1010.9,89,17.5,206,249.0,Glasgow
2026-09-26 16:00:00,15.2,63,8.1,11.9,0.0,0.0,1012.2,100,18.9,213,264.0,Inverness
2026-09-26 16:00:00,18.3,55,9.2,16.1,0.0,0.0,1014.2,9,13.6,230,363.0,Leeds
2026-09-26 16:00:00,20.6,32,3.4,18.5,0.0,0.0,1020.8,65,3.8,197,439.0,London
2026-09-26 16:00:00,18.2,59,10.2,16.7,0.0,0.0,1015.5,41,10.6,215,368.0,Manchester
2026-09-26 16:00:00,16.6,67,10.5,12.9,0.0,0.0,1018.7,2,25.9,221,381.0,Newcastle
2026-09-26 17:00:00,19.4,42,6.1,17.1,0.0,0.0,1006.2,20,8.5,218,264.0,Birmingham
2026-09-26 17:00:00,18.9,46,7.1,17.3,0.0,0.0,1020.2,83,5.3,225,279.0,Bristol
2026-09-26 17:00:00,18.1,63,11.0,17.3,0.0,0.0,1019.6,27,7.9,219,284.0,Cardiff
2026-09-26 17:00:00,15.2,75,10.8,12.6,0.2,0.2,1007.7,85,19.6,216,168.0,Edinburgh
2026-09-26 17:00:00,14.1,85,11.6,12.2,0.3,0.3,1010.7,80,16.1,205,133.0,Glasgow
2026-09-26 17:00:00,14.7,67,8.6,11.7,0.0,0.0,1012.0,87,17.8,211,178.0,Inverness
2026-09-26 17:00:00,18.0,56,9.2,16.0,0.0,0.0,1014.0,11,12.6,221,277.0,Leeds
2026-09-26 17:00:00,20.3,32,3.2,18.2,0.0,0.0,1020.5,84,3.4,183,297.0,London
2026-09-26 17:00:00,18.0,63,10.7,17.1,0.0,0.0,1015.2,30,7.6,199,241.0,Manchester
2026-09-26 17:00:00,16.5,69,10.7,12.9,0.0,0.0,1018.8,5,25.7,220,272.0,Newcastle
2026-09-26 18:00:00,18.8,43,6.1,16.6,0.0,0.0,1005.9,10,7.8,195,157.0,Birmingham
2026-09-26 18:00:00,18.3,49,7.3,16.7,0.0,0.0,1019.9,48,5.7,198,156.0,Bristol
2026-09-26 18:00:00,17.3,69,11.5,16.7,0.0,0.0,1019.4,29,7.1,214,165.0,Cardiff
2026-09-26 18:00:00,14.7,79,11.1,12.0,0.1,0.1,1007.6,23,21.1,209,81.0,Edinburgh
2026-09-26 18:00:00,14.4,87,12.3,12.5,0.4,0.4,1010.5,27,17.6,204,105.0,Glasgow
2026-09-26 18:00:00,14.6,69,8.9,11.7,0.0,0.0,1011.7,81,17.6,206,118.0,Inverness
2026-09-26 18:00:00,17.2,61,9.5,15.4,0.0,0.0,1014.1,12,11.6,213,139.0,Leeds
2026-09-26 18:00:00,19.8,38,5.2,18.3,0.0,0.0,1020.3,95,2.2,156,147.0,London
2026-09-26 18:00:00,17.3,69,11.6,16.9,0.0,0.0,1015.0,25,6.1,177,136.0,Manchester
2026-09-26 18:00:00,16.3,69,10.7,12.9,0.0,0.0,1018.9,2,24.8,217,136.0,Newcastle
2026-09-26 19:00:00,16.8,52,6.8,14.8,0.0,0.0,1006.1,7,8.1,184,34.0,Birmingham
2026-09-26 19:00:00,16.0,62,8.6,15.1,0.0,0.0,1019.7,44,3.4,122,40.0,Bristol
2026-09-26 19:00:00,15.0,80,11.5,15.1,0.0,0.0,1019.1,20,2.7,228,41.0,Cardiff
2026-09-26 19:00:00,14.7,77,10.7,11.7,0.0,0.0,1007.6,16,22.1,201,33.0,Edinburgh
2026-09-26 19:00:00,14.5,84,11.8,12.4,0.0,0.0,1010.3,45,18.0,196,38.0,Glasgow
2026-09-26 19:00:00,14.1,69,8.4,11.3,0.0,0.0,1011.7,66,16.1,196,37.0,Inverness
2026-09-26 19:00:00,15.9,66,9.4,14.6,0.0,0.0,1014.2,3,7.6,199,29.0,Leeds
2026-09-26 19:00:00,18.3,41,4.7,16.3,0.0,0.0,1020.5,93,4.6,167,21.0,London
2026-09-26 19:00:00,15.9,73,11.1,15.1,0.0,0.0,1015.0,6,7.5,170,32.0,Manchester
2026-09-26 19:00:00,16.1,69,10.5,12.9,0.0,0.0,1019.5,1,23.2,219,26.0,Newcastle
2026-09-26 20:00:00,15.9,53,6.4,13.6,0.0,0.0,1006.0,4,9.7,192,0.0,Birmingham
2026-09-26 20:00:00,15.0,65,8.4,13.3,0.0,0.0,1019.6,20,8.7,162,0.0,Bristol
2026-09-26 20:00:00,13.9,84,11.3,14.0,0.0,0.0,1018.9,34,2.1,345,0.0,Cardiff
2026-09-26 20:00:00,14.5,77,10.6,11.3,0.0,0.0,1007.4,5,23.4,199,0.0,Edinburgh
2026-09-26 20:00:00,14.3,82,11.2,12.4,0.0,0.0,1010.2,22,15.4,190,0.0,Glasgow
2026-09-26 20:00:00,13.6,72,8.7,10.8,0.0,0.0,1011.7,80,16.7,191,0.0,Inverness
2026-09-26 20:00:00,15.1,70,9.6,13.9,0.0,0.0,1013.9,2,7.6,180,0.0,Leeds
2026-09-26 20:00:00,17.5,44,5.2,15.8,0.0,0.0,1020.3,97,3.6,171,0.0,London
2026-09-26 20:00:00,14.8,77,10.9,14.2,0.0,0.0,1014.9,20,5.8,171,0.0,Manchester
2026-09-26 20:00:00,15.7,72,10.7,12.8,0.0,0.0,1019.5,5,21.2,206,0.0,Newcastle
2026-09-26 21:00:00,15.0,57,6.5,12.8,0.0,0.0,1006.1,1,8.7,197,0.0,Birmingham
2026-09-26 21:00:00,13.7,76,9.5,12.0,0.0,0.0,1019.8,31,10.5,200,0.0,Bristol
2026-09-26 21:00:00,13.1,88,11.2,13.4,0.0,0.0,1019.0,30,0.9,323,0.0,Cardiff
2026-09-26 21:00:00,14.1,81,10.9,11.0,0.0,0.0,1007.4,12,23.6,201,0.0,Edinburgh
2026-09-26 21:00:00,14.0,82,11.0,12.0,0.0,0.0,1010.2,11,15.6,187,0.0,Glasgow
2026-09-26 21:00:00,13.5,75,9.2,10.7,0.0,0.0,1011.7,74,17.4,188,0.0,Inverness
2026-09-26 21:00:00,14.5,74,9.8,13.2,0.0,0.0,1014.1,2,8.3,181,0.0,Leeds
2026-09-26 21:00:00,16.7,46,5.0,14.8,0.0,0.0,1020.4,98,4.3,132,0.0,London
2026-09-26 21:00:00,14.0,81,10.7,13.4,0.0,0.0,1015.2,29,5.5,157,0.0,Manchester
2026-09-26 21:00:00,15.3,77,11.2,12.6,0.0,0.0,1019.6,2,21.0,190,0.0,Newcastle
2026-09-26 22:00:00,14.0,62,6.8,12.0,0.0,0.0,1006.0,5,7.6,192,0.0,Birmingham
2026-09-26 22:00:00,13.0,81,9.7,11.5,0.0,0.0,1019.6,85,9.2,180,0.0,Bristol
2026-09-26 22:00:00,13.0,87,10.9,13.1,0.0,0.0,1018.8,87,1.3,286,0.0,Cardiff
2026-09-26 22:00:00,14.2,82,11.2,11.1,0.0,0.0,1007.2,28,23.7,203,0.0,Edinburgh
2026-09-26 22:00:00,13.8,84,11.1,11.6,0.0,0.0,1010.1,11,17.0,186,0.0,Glasgow
2026-09-26 22:00:00,13.8,75,9.5,11.0,0.0,0.0,1011.3,37,18.7,193,0.0,Inverness
2026-09-26 22:00:00,13.7,78,9.9,12.6,0.0,0.0,1014.1,12,6.7,186,0.0,Leeds
2026-09-26 22:00:00,15.7,51,5.4,13.5,0.0,0.0,1020.4,92,6.9,160,0.0,London
2026-09-26 22:00:00,13.4,82,10.3,12.7,0.0,0.0,1014.9,16,5.1,141,0.0,Manchester
2026-09-26 22:00:00,15.1,78,11.3,12.2,0.0,0.0,1019.5,1,22.7,190,0.0,Newcastle
2026-09-26 23:00:00,13.3,66,7.1,11.5,0.0,0.0,1005.8,93,6.7,188,0.0,Birmingham
2026-09-26 23:00:00,12.7,82,9.7,11.3,0.0,0.0,1019.3,98,8.5,173,0.0,Bristol
2026-09-26 23:00:00,12.7,89,11.0,12.5,0.0,0.0,1018.4,100,4.2,144,0.0,Cardiff
2026-09-26 23:00:00,13.9,83,11.1,10.8,0.0,0.0,1007.0,52,23.5,203,0.0,Edinburgh
2026-09-26 23:00:00,13.6,85,11.1,11.6,0.0,0.0,1010.0,26,15.8,187,0.0,Glasgow
2026-09-26 23:00:00,14.0,76,9.8,11.2,0.0,0.0,1011.2,54,18.7,191,0.0,Inverness
2026-09-26 23:00:00,12.9,81,9.8,11.9,0.0,0.0,1014.0,5,6.7,177,0.0,Leeds
2026-09-26 23:00:00,14.5,60,6.8,12.7,0.0,0.0,1020.5,90,6.3,167,0.0,London
2026-09-26 23:00:00,12.8,83,9.9,11.9,0.0,0.0,1014.8,13,6.2,139,0.0,Manchester
2026-09-26 23:00:00,15.0,79,11.5,11.7,0.0,0.0,1019.5,2,25.8,191,0.0,Newcastle
2026-09-27 00:00:00,12.9,69,7.3,11.4,0.0,0.0,1005.0,88,5.0,165,0.0,Birmingham
2026-09-27 00:00:00,12.5,82,9.5,11.1,0.0,0.0,1018.5,100,8.7,163,0.0,Bristol
2026-09-27 00:00:00,13.0,92,11.7,12.6,0.0,0.0,1017.6,100,6.4,128,0.0,Cardiff
2026-09-27 00:00:00,13.8,82,10.8,10.8,0.0,0.0,1006.6,24,22.7,203,0.0,Edinburgh
2026-09-27 00:00:00,13.5,86,11.1,11.5,0.0,0.0,1009.7,47,15.7,189,0.0,Glasgow
2026-09-27 00:00:00,13.9,76,9.7,11.1,0.0,0.0,1010.9,69,18.6,188,0.0,Inverness
2026-09-27 00:00:00,12.1,85,9.6,11.3,0.0,0.0,1013.4,6,4.9,163,0.0,Leeds
2026-09-27 00:00:00,13.9,67,7.9,12.7,0.0,0.0,1019.9,99,4.4,148,0.0,London
2026-09-27 00:00:00,12.6,80,9.3,11.4,0.0,0.0,1014.2,2,6.8,140,0.0,Manchester
2026-09-27 00:00:00,14.8,80,11.4,11.3,0.0,0.0,1019.0,1,26.6,191,0.0,Newcastle
2026-09-27 01:00:00,11.7,77,7.8,10.0,0.0,0.0,1004.4,95,7.3,147,0.0,Birmingham
2026-09-27 01:00:00,11.7,86,9.4,10.2,0.0,0.0,1018.0,100,8.7,148,0.0,Bristol
2026-09-27 01:00:00,12.5,95,11.7,12.0,0.0,0.0,1017.1,95,7.7,127,0.0,Cardiff
2026-09-27 01:00:00,13.7,82,10.7,10.7,0.0,0.0,1006.2,13,21.8,195,0.0,Edinburgh
2026-09-27 01:00:00,13.9,84,11.3,12.1,0.0,0.0,1008.9,52,15.4,187,0.0,Glasgow
2026-09-27 01:00:00,13.9,77,9.9,11.1,0.0,0.0,1010.3,53,19.1,189,0.0,Inverness
2026-09-27 01:00:00,10.8,89,9.0,9.8,0.0,0.0,1012.9,5,5.4,154,0.0,Leeds
2026-09-27 01:00:00,13.0,80,9.6,12.2,0.0,0.0,1019.5,99,4.5,140,0.0,London
2026-09-27 01:00:00,11.2,85,8.8,10.2,0.0,0.0,1013.8,1,4.5,127,0.0,Manchester
2026-09-27 01:00:00,13.9,85,11.4,11.0,0.0,0.0,1018.7,2,22.8,196,0.0,Newcastle
2026-09-27 02:00:00,11.4,76,7.4,9.6,0.0,0.0,1003.8,100,7.8,157,0.0,Birmingham
2026-09-27 02:00:00,11.6,86,9.4,10.1,0.0,0.0,1017.3,98,9.4,145,0.0,Bristol
2026-09-27 02:00:00,12.2,95,11.5,11.7,0.0,0.0,1016.3,82,7.1,126,0.0,Cardiff
2026-09-27 02:00:00,13.6,83,10.7,10.7,0.0,0.0,1005.7,40,21.2,187,0.0,Edinburgh
2026-09-27 02:00:00,13.9,83,11.2,12.1,0.0,0.0,1008.3,13,14.5,187,0.0,Glasgow
2026-09-27 02:00:00,14.0,75,9.6,11.3,0.0,0.0,1009.7,50,18.0,192,0.0,Inverness
2026-09-27 02:00:00,10.1,91,8.7,8.9,0.0,0.0,1012.4,1,5.2,151,0.0,Leeds
2026-09-27 02:00:00,13.1,83,10.4,12.6,0.0,0.0,1018.8,95,4.5,127,0.0,London
2026-09-27 02:00:00,11.1,84,8.5,10.0,0.0,0.0,1013.1,95,5.1,129,0.0,Manchester
2026-09-27 02:00:00,13.8,85,11.3,11.2,0.0,0.0,1018.3,6,20.3,198,0.0,Newcastle
2026-09-27 03:00:00,11.1,76,7.1,9.1,0.0,0.0,1002.8,95,8.9,153,0.0,Birmingham
2026-09-27 03:00:00,11.5,87,9.5,9.6,0.0,0.0,1016.3,99,11.8,144,0.0,Bristol
2026-09-27 03:00:00,12.0,96,11.3,11.1,0.0,0.0,1015.3,98,8.9,124,0.0,Cardiff
2026-09-27 03:00:00,13.4,84,10.8,10.8,0.0,0.0,1005.2,52,20.0,180,0.0,Edinburgh
2026-09-27 03:00:00,13.3,86,11.0,11.5,0.0,0.0,1007.8,17,14.3,184,0.0,Glasgow
2026-09-27 03:00:00,13.7,75,9.3,11.0,0.0,0.0,1008.9,77,17.2,193,0.0,Inverness
2026-09-27 03:00:00,9.8,90,8.3,8.4,0.0,0.0,1011.4,51,6.0,147,0.0,Leeds
2026-09-27 03:00:00,13.1,85,10.7,12.6,0.0,0.0,1018.0,97,5.1,113,0.0,London
2026-09-27 03:00:00,11.1,83,8.4,9.9,0.0,0.0,1012.1,58,5.2,124,0.0,Manchester
2026-09-27 03:00:00,13.9,84,11.3,11.5,0.0,0.0,1017.4,50,19.1,194,0.0,Newcastle
2026-09-27 04:00:00,10.7,80,7.4,8.4,0.0,0.0,1002.2,98,10.9,153,0.0,Birmingham
2026-09-27 04:00:00,11.7,87,9.7,9.7,0.0,0.0,1015.3,98,13.2,142,0.0,Bristol
2026-09-27 04:00:00,12.2,95,11.3,11.2,0.0,0.0,1014.5,98,9.6,118,0.0,Cardiff
2026-09-27 04:00:00,13.5,83,10.8,11.3,0.0,0.0,1004.6,97,17.1,171,0.0,Edinburgh
2026-09-27 04:00:00,13.0,86,10.7,11.2,0.0,0.0,1007.0,32,13.4,173,0.0,Glasgow
2026-09-27 04:00:00,13.6,77,9.6,11.0,0.0,0.0,1008.1,93,16.5,191,0.0,Inverness
2026-09-27 04:00:00,9.6,89,8.0,7.7,0.0,0.0,1010.9,23,9.3,144,0.0,Leeds
2026-09-27 04:00:00,12.8,88,10.8,12.2,0.0,0.0,1017.2,99,5.6,107,0.0,London
2026-09-27 04:00:00,11.3,81,8.1,9.9,0.0,0.0,1011.3,23,5.5,126,0.0,Manchester
2026-09-27 04:00:00,14.0,82,10.9,11.1,0.0,0.0,1016.6,12,21.5,185,0.0,Newcastle
2026-09-27 05:00:00,10.4,85,7.9,8.0,0.0,0.0,1001.6,71,12.1,157,0.0,Birmingham
2026-09-27 05:00:00,11.6,87,9.4,9.4,0.0,0.0,1014.5,98,13.7,141,0.0,Bristol
2026-09-27 05:00:00,12.3,94,11.4,11.1,0.0,0.0,1013.4,98,11.9,115,0.0,Cardiff
2026-09-27 05:00:00,13.6,83,10.7,11.3,0.0,0.0,1003.9,100,16.8,171,0.0,Edinburgh
2026-09-27 05:00:00,12.9,86,10.7,11.2,0.0,0.0,1006.3,98,13.1,171,0.0,Glasgow
2026-09-27 05:00:00,14.0,77,10.0,11.6,0.0,0.0,1007.3,95,16.0,189,0.0,Inverness
2026-09-27 05:00:00,9.4,89,7.6,7.4,0.0,0.0,1010.1,14,9.2,145,0.0,Leeds
2026-09-27 05:00:00,13.1,87,11.0,12.4,0.0,0.0,1016.4,100,6.5,113,0.0,London
2026-09-27 05:00:00,11.4,77,7.6,9.7,0.0,0.0,1010.3,14,7.2,122,0.0,Manchester
2026-09-27 05:00:00,13.6,80,10.3,10.5,0.0,0.0,1016.1,16,21.8,190,0.0,Newcastle
2026-09-27 06:00:00,10.0,86,7.8,7.5,0.0,0.0,1000.7,98,13.0,156,0.0,Birmingham
2026-09-27 06:00:00,12.4,79,8.9,9.4,0.1,0.1,1013.2,100,18.5,140,0.0,Bristol
2026-09-27 06:00:00,12.6,92,11.4,11.0,0.1,0.1,1012.3,60,13.7,118,0.0,Cardiff
2026-09-27 06:00:00,13.4,82,10.5,11.2,0.0,0.0,1003.1,88,16.7,173,0.0,Edinburgh
2026-09-27 06:00:00,13.5,85,10.9,11.8,0.0,0.0,1005.5,99,13.5,164,0.0,Glasgow
2026-09-27 06:00:00,14.1,73,9.4,11.2,0.0,0.0,1006.9,98,18.7,192,0.0,Inverness
2026-09-27 06:00:00,9.0,88,7.2,6.7,0.0,0.0,1009.4,19,10.7,140,0.0,Leeds
2026-09-27 06:00:00,13.5,88,11.5,12.8,0.0,0.0,1015.6,96,7.4,119,0.0,London
2026-09-27 06:00:00,11.5,74,7.1,9.3,0.0,0.0,1009.4,99,10.0,128,0.0,Manchester
2026-09-27 06:00:00,13.5,81,10.3,10.5,0.0,0.0,1015.4,60,21.4,183,0.0,Newcastle
2026-09-27 07:00:00,10.9,82,7.9,8.3,0.0,0.0,999.8,93,13.9,156,0.0,Birmingham
2026-09-27 07:00:00,12.8,86,10.5,10.2,0.1,0.1,1012.6,98,18.6,143,0.0,Bristol
2026-09-27 07:00:00,12.8,93,11.7,11.2,0.0,0.0,1011.5,88,15.0,129,0.0,Cardiff
2026-09-27 07:00:00,13.3,83,10.4,10.6,0.0,0.0,1002.4,100,19.4,170,0.0,Edinburgh
2026-09-27 07:00:00,13.5,85,10.9,11.7,0.0,0.0,1004.4,100,13.9,163,0.0,Glasgow
2026-09-27 07:00:00,13.7,76,9.5,11.1,0.0,0.0,1006.2,99,16.6,189,0.0,Inverness
2026-09-27 07:00:00,8.6,89,6.8,6.1,0.0,0.0,1008.7,96,10.9,136,0.0,Leeds
2026-09-27 07:00:00,13.5,91,12.0,12.9,0.0,0.0,1015.1,81,8.5,128,0.0,London
2026-09-27 07:00:00,11.9,76,7.8,10.0,0.0,0.0,1008.9,100,9.3,148,0.0,Manchester
2026-09-27 07:00:00,13.8,80,10.5,10.4,0.0,0.0,1014.7,55,24.5,176,0.0,Newcastle
2026-09-27 08:00:00,11.3,83,8.5,8.7,0.0,0.0,999.1,88,14.9,161,26.0,Birmingham
2026-09-27 08:00:00,13.6,93,12.5,11.5,1.2,1.2,1011.4,85,19.5,132,17.0,Bristol
2026-09-27 08:00:00,13.9,95,13.1,12.6,0.2,0.2,1010.4,96,15.9,128,18.0,Cardiff
2026-09-27 08:00:00,13.3,79,9.8,10.4,0.0,0.0,1001.7,100,19.9,167,5.0,Edinburgh
2026-09-27 08:00:00,13.4,86,11.2,11.7,0.1,0.1,1003.8,99,13.8,154,4.0,Glasgow
2026-09-27 08:00:00,14.1,76,9.8,11.9,0.0,0.0,1005.7,100,14.2,176,12.0,Inverness
2026-09-27 08:00:00,9.5,82,6.6,7.1,0.0,0.0,1007.8,98,9.9,143,22.0,Leeds
2026-09-27 08:00:00,14.5,90,12.8,14.0,0.0,0.0,1014.4,88,9.4,140,41.0,London
2026-09-27 08:00:00,12.4,74,7.9,10.0,0.0,0.0,1008.0,95,12.4,161,14.0,Manchester
2026-09-27 08:00:00,13.9,78,10.1,9.9,0.0,0.0,1013.9,88,27.6,164,33.0,Newcastle
2026-09-27 09:00:00,13.5,82,10.5,11.3,0.0,0.0,998.2,77,15.8,156,115.0,Birmingham
2026-09-27 09:00:00,15.5,94,14.5,14.2,1.7,1.7,1010.8,85,19.3,147,95.0,Bristol
2026-09-27 09:00:00,14.9,96,14.3,14.1,0.7,0.7,1010.1,100,14.9,126,47.0,Cardiff
2026-09-27 09:00:00,13.5,78,9.6,10.2,0.2,0.2,1000.6,100,21.8,170,36.0,Edinburgh
2026-09-27 09:00:00,12.8,89,11.0,10.7,0.4,0.4,1003.0,100,16.5,141,24.0,Glasgow
2026-09-27 09:00:00,14.6,76,10.3,12.6,0.0,0.0,1005.1,100,13.9,159,55.0,Inverness
2026-09-27 09:00:00,11.0,76,7.0,8.6,0.0,0.0,1007.3,100,10.9,136,93.0,Leeds
2026-09-27 09:00:00,16.2,84,13.5,16.0,0.0,0.0,1013.8,63,9.3,136,144.0,London
2026-09-27 09:00:00,12.9,72,8.0,10.3,0.1,0.1,1007.1,96,13.9,140,72.0,Manchester
2026-09-27 09:00:00,13.6,77,9.7,8.3,0.0,0.0,1012.9,99,35.6,157,114.0,Newcastle
2026-09-27 10:00:00,15.3,81,12.0,13.0,0.0,0.0,997.6,100,19.6,160,231.0,Birmingham
2026-09-27 10:00:00,16.7,91,15.2,15.2,3.3,3.3,1010.3,49,21.5,162,161.0,Bristol
2026-09-27 10:00:00,16.7,94,15.6,15.5,0.2,0.2,1008.8,73,21.1,157,129.0,Cardiff
2026-09-27 10:00:00,13.9,73,9.0,10.9,0.0,0.0,999.6,99,18.8,158,37.0,Edinburgh
2026-09-27 10:00:00,13.1,85,10.7,11.0,0.1,0.1,1002.0,100,15.9,141,41.0,Glasgow
2026-09-27 10:00:00,14.6,76,10.5,11.8,0.1,0.1,1004.5,100,20.2,171,43.0,Inverness
2026-09-27 10:00:00,13.6,73,8.9,11.1,0.0,0.0,1006.2,91,14.4,154,192.0,Leeds
2026-09-27 10:00:00,18.4,76,14.1,18.1,0.0,0.0,1013.2,78,11.2,145,291.0,London
2026-09-27 10:00:00,14.0,76,9.8,12.6,0.0,0.0,1006.4,79,8.9,146,176.0,Manchester
2026-09-27 10:00:00,13.7,79,10.1,8.5,0.0,0.0,1012.3,97,35.5,154,112.0,Newcastle
2026-09-27 11:00:00,15.6,85,13.2,14.4,0.3,0.3,996.6,70,15.4,147,161.0,Birmingham
2026-09-27 11:00:00,18.5,78,14.5,15.8,0.0,0.0,1009.0,77,28.4,179,358.0,Bristol
2026-09-27 11:00:00,17.9,85,15.3,16.1,0.1,0.1,1007.9,93,24.6,173,265.0,Cardiff
2026-09-27 11:00:00,14.3,73,9.5,12.0,0.0,0.0,998.7,100,15.4,159,88.0,Edinburgh
2026-09-27 11:00:00,12.7,88,10.7,10.7,0.9,0.9,1001.4,100,14.9,153,48.0,Glasgow
2026-09-27 11:00:00,14.1,78,10.3,11.8,0.2,0.2,1003.9,100,15.9,177,61.0,Inverness
2026-09-27 11:00:00,13.7,82,10.7,11.4,0.3,0.3,1005.3,90,17.3,155,259.0,Leeds
2026-09-27 11:00:00,20.3,65,13.4,18.6,0.0,0.0,1012.6,76,18.9,183,394.0,London
2026-09-27 11:00:00,14.8,84,12.1,12.9,0.4,0.4,1004.8,84,17.4,139,272.0,Manchester
2026-09-27 11:00:00,13.8,81,10.6,9.3,0.0,0.0,1011.8,99,32.3,154,166.0,Newcastle
2026-09-27 12:00:00,18.1,75,13.6,15.6,0.3,0.3,995.5,93,24.4,171,358.0,Birmingham
2026-09-27 12:00:00,19.2,72,14.0,16.2,0.0,0.0,1008.7,98,28.9,188,341.0,Bristol
2026-09-27 12:00:00,18.2,78,14.3,15.9,0.1,0.1,1007.6,100,25.8,176,301.0,Cardiff
2026-09-27 12:00:00,13.2,76,9.1,10.4,0.4,0.4,997.7,100,17.6,166,48.0,Edinburgh
2026-09-27 12:00:00,12.1,91,10.7,10.7,2.3,2.3,1000.0,100,10.7,132,32.0,Glasgow
2026-09-27 12:00:00,13.7,82,10.7,11.9,0.4,0.4,1003.2,100,13.6,175,83.0,Inverness
2026-09-27 12:00:00,14.4,88,12.4,12.2,1.1,1.1,1003.9,97,20.3,148,326.0,Leeds
2026-09-27 12:00:00,21.6,58,13.0,20.0,0.0,0.0,1012.0,59,17.2,186,464.0,London
2026-09-27 12:00:00,16.4,85,14.0,15.2,0.5,0.5,1003.2,73,17.1,141,380.0,Manchester
2026-09-27 12:00:00,14.1,87,11.9,9.3,0.0,0.0,1010.4,95,36.6,152,144.0,Newcastle
2026-09-27 13:00:00,19.8,63,12.5,16.7,0.0,0.0,995.2,100,26.5,182,476.0,Birmingham
2026-09-27 13:00:00,19.2,71,13.8,16.5,0.0,0.0,1008.5,99,26.7,182,213.0,Bristol
2026-09-27 13:00:00,17.0,91,15.4,15.5,5.7,5.7,1007.6,100,23.1,185,262.0,Cardiff
2026-09-27 13:00:00,12.1,87,10.0,10.5,1.3,1.3,996.6,100,11.3,158,49.0,Edinburgh
2026-09-27 13:00:00,11.8,91,10.4,10.7,3.6,3.6,998.4,100,8.0,85,53.0,Glasgow
2026-09-27 13:00:00,12.9,90,11.3,11.3,0.9,0.9,1002.5,100,13.5,172,85.0,Inverness
2026-09-27 13:00:00,17.0,77,12.9,14.3,0.3,0.3,1002.7,100,25.0,168,354.0,Leeds
2026-09-27 13:00:00,22.5,54,12.7,20.4,0.0,0.0,1011.5,91,20.3,195,528.0,London
2026-09-27 13:00:00,18.8,72,13.7,16.9,0.0,0.0,1002.6,52,20.5,161,466.0,Manchester
2026-09-27 13:00:00,15.1,86,12.8,9.9,0.1,0.1,1008.3,75,41.5,157,347.0,Newcastle
2026-09-27 14:00:00,20.0,61,12.2,17.0,0.0,0.0,994.3,98,24.8,186,281.0,Birmingham
2026-09-27 14:00:00,18.6,77,14.4,16.0,0.1,0.1,1008.3,99,28.0,190,256.0,Bristol
2026-09-27 14:00:00,17.6,91,16.1,16.2,0.8,0.8,1007.6,99,24.6,195,215.0,Cardiff
2026-09-27 14:00:00,12.7,91,11.2,11.2,2.4,2.4,994.4,98,13.0,112,90.0,Edinburgh
2026-09-27 14:00:00,12.0,93,10.9,10.9,3.4,3.4,997.0,100,9.5,36,60.0,Glasgow
2026-09-27 14:00:00,11.8,89,10.1,9.1,1.0,1.0,1001.6,99,18.6,166,58.0,Inverness
2026-09-27 14:00:00,18.4,70,12.9,15.7,0.0,0.0,1001.6,100,24.7,173,238.0,Leeds
2026-09-27 14:00:00,21.8,58,13.1,20.1,0.5,0.5,1010.8,85,17.8,194,341.0,London
2026-09-27 14:00:00,20.1,67,13.8,17.9,0.0,0.0,1001.7,96,23.6,173,440.0,Manchester
2026-09-27 14:00:00,15.9,84,13.1,10.9,0.0,0.0,1007.1,88,40.9,162,354.0,Newcastle
2026-09-27 15:00:00,19.8,64,12.8,16.7,0.0,0.0,994.1,100,27.2,195,250.0,Birmingham
2026-09-27 15:00:00,18.9,78,15.0,16.4,0.0,0.0,1008.5,99,28.3,196,320.0,Bristol
2026-09-27 15:00:00,17.7,91,16.2,16.5,0.4,0.4,1007.8,98,23.4,246,267.0,Cardiff
2026-09-27 15:00:00,14.0,90,12.4,12.3,0.9,0.9,992.3,100,16.7,133,95.0,Edinburgh
2026-09-27 15:00:00,11.6,95,10.8,9.6,5.8,5.8,995.8,100,15.3,8,65.0,Glasgow
2026-09-27 15:00:00,13.4,79,9.8,11.1,0.0,0.0,1000.3,99,15.1,181,184.0,Inverness
2026-09-27 15:00:00,20.1,63,12.9,17.1,0.0,0.0,1000.6,95,26.6,179,327.0,Leeds
2026-09-27 15:00:00,21.2,60,13.2,19.5,0.1,0.1,1010.9,98,18.5,201,350.0,London
2026-09-27 15:00:00,19.4,70,13.7,17.5,0.4,0.4,1001.7,65,20.9,184,244.0,Manchester
2026-09-27 15:00:00,16.0,84,13.4,10.5,0.0,0.0,1005.9,82,44.9,163,266.0,Newcastle
2026-09-27 16:00:00,18.4,75,13.9,16.5,0.4,0.4,994.3,100,21.4,207,95.0,Birmingham
2026-09-27 16:00:00,18.0,85,15.5,17.0,0.3,0.3,1008.9,98,19.6,238,139.0,Bristol
2026-09-27 16:00:00,17.7,87,15.5,16.6,0.0,0.0,1008.3,92,20.6,256,345.0,Cardiff
2026-09-27 16:00:00,16.0,85,13.5,13.0,0.1,0.1,990.6,97,27.9,183,87.0,Edinburgh
2026-09-27 16:00:00,12.0,94,11.1,11.6,1.5,1.5,996.7,100,4.6,279,45.0,Glasgow
2026-09-27 16:00:00,13.7,79,10.1,11.6,0.2,0.2,1000.6,100,14.7,215,196.0,Inverness
2026-09-27 16:00:00,19.5,66,12.9,17.2,0.0,0.0,1000.4,80,22.0,185,154.0,Leeds
2026-09-27 16:00:00,19.8,72,14.5,19.0,0.2,0.2,1010.6,98,15.0,193,168.0,London
2026-09-27 16:00:00,18.0,82,14.8,16.3,1.4,1.4,1001.9,52,22.0,204,199.0,Manchester
2026-09-27 16:00:00,16.8,81,13.5,11.6,0.0,0.0,1005.0,66,42.7,162,252.0,Newcastle
2026-09-27 17:00:00,17.8,81,14.6,16.3,0.5,0.5,994.9,99,20.4,225,104.0,Birmingham
2026-09-27 17:00:00,17.2,84,14.5,15.7,0.0,0.0,1009.7,86,20.2,253,236.0,Bristol
2026-09-27 17:00:00,17.2,86,14.8,16.0,0.0,0.0,1009.2,91,19.3,255,242.0,Cardiff
2026-09-27 17:00:00,13.6,90,12.0,9.7,0.2,0.2,993.0,93,31.5,262,75.0,Edinburgh
2026-09-27 17:00:00,11.9,91,10.5,9.1,0.4,0.4,999.0,97,20.3,276,56.0,Glasgow
2026-09-27 17:00:00,10.9,94,9.9,8.2,1.1,1.1,1002.0,100,17.9,249,40.0,Inverness
2026-09-27 17:00:00,17.7,81,14.4,16.3,0.9,0.9,1001.1,94,19.2,214,164.0,Leeds
2026-09-27 17:00:00,18.9,76,14.7,18.1,0.2,0.2,1010.7,98,15.8,191,106.0,London
2026-09-27 17:00:00,16.6,87,14.5,15.4,1.6,1.6,1003.2,41,18.5,254,228.0,Manchester
2026-09-27 17:00:00,17.6,77,13.5,12.3,0.0,0.0,1004.5,91,43.3,173,193.0,Newcastle
2026-09-27 18:00:00,17.6,79,14.0,16.8,0.1,0.1,995.4,82,14.6,252,101.0,Birmingham
2026-09-27 18:00:00,16.5,84,13.9,14.8,0.0,0.0,1010.5,100,20.1,255,143.0,Bristol
2026-09-27 18:00:00,16.6,82,13.6,15.2,0.0,0.0,1010.0,54,17.7,261,154.0,Cardiff
2026-09-27 18:00:00,12.8,84,10.2,9.2,0.0,0.0,995.8,2,24.8,259,75.0,Edinburgh
2026-09-27 18:00:00,11.3,82,8.2,8.6,0.0,0.0,1000.8,8,15.2,263,72.0,Glasgow
2026-09-27 18:00:00,10.2,92,8.9,7.9,0.2,0.2,1003.2,100,13.5,229,19.0,Inverness
2026-09-27 18:00:00,16.2,77,12.2,14.0,0.2,0.2,1002.2,10,19.6,263,67.0,Leeds
2026-09-27 18:00:00,18.6,81,15.3,18.4,0.0,0.0,1010.6,100,13.5,190,64.0,London
2026-09-27 18:00:00,15.7,85,13.1,14.7,0.1,0.1,1004.4,38,13.5,265,122.0,Manchester
2026-09-27 18:00:00,16.9,80,13.4,12.6,0.6,0.6,1005.8,20,37.1,228,62.0,Newcastle
2026-09-27 19:00:00,16.5,74,11.8,15.2,0.0,0.0,996.8,60,13.0,271,26.0,Birmingham
2026-09-27 19:00:00,15.6,85,13.0,14.1,0.0,0.0,1011.7,98,16.2,257,28.0,Bristol
2026-09-27 19:00:00,15.2,84,12.6,14.3,0.0,0.0,1011.1,90,11.9,259,37.0,Cardiff
2026-09-27 19:00:00,11.4,74,6.9,7.2,0.0,0.0,997.8,2,23.6,257,32.0,Edinburgh
2026-09-27 19:00:00,10.4,84,7.9,8.2,0.0,0.0,1002.1,30,11.4,237,39.0,Glasgow
2026-09-27 19:00:00,9.6,91,8.2,7.2,0.1,0.1,1003.7,13,13.5,205,5.0,Inverness
2026-09-27 19:00:00,14.5,81,11.3,12.6,0.0,0.0,1003.9,13,15.5,257,26.0,Leeds
2026-09-27 19:00:00,18.9,80,15.4,18.6,0.0,0.0,1011.3,100,13.9,210,3.0,London
2026-09-27 19:00:00,14.8,82,11.7,13.6,0.0,0.0,1005.7,21,11.7,267,27.0,Manchester
2026-09-27 19:00:00,15.7,74,11.1,11.4,0.0,0.0,1008.0,7,31.2,256,21.0,Newcastle
2026-09-27 20:00:00,15.3,77,11.4,14.0,0.0,0.0,997.8,87,11.9,276,0.0,Birmingham
2026-09-27 20:00:00,15.2,87,13.1,14.0,0.0,0.0,1012.5,89,15.0,251,0.0,Bristol
2026-09-27 20:00:00,14.2,85,11.8,13.3,0.0,0.0,1012.0,100,10.6,274,0.0,Cardiff
2026-09-27 20:00:00,10.6,74,6.1,7.1,0.0,0.0,999.2,2,17.3,242,0.0,Edinburgh
2026-09-27 20:00:00,10.2,86,8.0,8.0,0.0,0.0,1002.7,12,11.0,214,0.0,Glasgow
2026-09-27 20:00:00,8.8,91,7.4,5.9,0.0,0.0,1004.4,17,15.4,214,0.0,Inverness
2026-09-27 20:00:00,14.0,82,11.0,12.2,0.0,0.0,1004.9,15,13.7,265,0.0,Leeds
2026-09-27 20:00:00,18.5,83,15.6,18.6,0.0,0.0,1011.6,100,12.1,212,0.0,London
2026-09-27 20:00:00,14.0,81,10.8,13.1,0.0,0.0,1006.6,18,7.8,257,0.0,Manchester
2026-09-27 20:00:00,14.8,78,10.9,10.7,0.0,0.0,1009.4,17,29.7,264,0.0,Newcastle
2026-09-27 21:00:00,14.3,82,11.3,13.1,0.0,0.0,998.8,99,10.8,275,0.0,Birmingham
2026-09-27 21:00:00,15.0,81,11.8,13.5,0.0,0.0,1013.6,65,13.9,259,0.0,Bristol
2026-09-27 21:00:00,13.3,86,11.0,12.5,0.0,0.0,1013.3,84,7.6,275,0.0,Cardiff
2026-09-27 21:00:00,10.5,79,7.1,7.4,0.0,0.0,1000.3,11,16.1,221,0.0,Edinburgh
2026-09-27 21:00:00,10.3,84,7.7,8.0,0.0,0.0,1003.7,20,11.3,216,0.0,Glasgow
2026-09-27 21:00:00,9.1,90,7.5,6.1,0.0,0.0,1005.3,12,15.9,218,0.0,Inverness
2026-09-27 21:00:00,13.3,81,10.1,11.7,0.0,0.0,1006.2,48,11.4,265,0.0,Leeds
2026-09-27 21:00:00,18.3,85,15.7,18.6,0.0,0.0,1012.4,85,10.9,230,0.0,London
2026-09-27 21:00:00,12.8,84,10.3,12.1,0.0,0.0,1007.9,9,5.2,241,0.0,Manchester
2026-09-27 21:00:00,14.2,78,10.3,10.4,0.0,0.0,1010.9,53,26.7,265,0.0,Newcastle
2026-09-27 22:00:00,13.5,85,10.9,12.3,0.0,0.0,1000.1,36,9.5,268,0.0,Birmingham
2026-09-27 22:00:00,14.4,82,11.3,13.0,0.0,0.0,1014.5,97,12.4,269,0.0,Bristol
2026-09-27 22:00:00,12.2,90,10.6,11.6,0.0,0.0,1014.2,98,6.2,291,0.0,Cardiff
2026-09-27 22:00:00,10.7,78,7.0,7.3,0.0,0.0,1001.4,13,17.9,214,0.0,Edinburgh
2026-09-27 22:00:00,11.0,79,7.5,8.1,0.0,0.0,1004.9,23,15.2,237,0.0,Glasgow
2026-09-27 22:00:00,9.1,90,7.5,5.9,0.0,0.0,1006.5,22,17.3,225,0.0,Inverness
2026-09-27 22:00:00,12.4,82,9.4,10.8,0.0,0.0,1007.3,38,9.6,258,0.0,Leeds
2026-09-27 22:00:00,17.4,83,14.4,17.0,0.0,0.0,1013.6,76,13.0,251,0.0,London
2026-09-27 22:00:00,12.0,86,9.8,11.3,0.0,0.0,1008.9,88,4.2,223,0.0,Manchester
2026-09-27 22:00:00,13.8,77,9.8,9.9,0.0,0.0,1012.1,5,26.0,265,0.0,Newcastle
2026-09-27 23:00:00,12.6,87,10.6,11.5,0.0,0.0,1001.0,98,8.5,272,0.0,Birmingham
2026-09-27 23:00:00,13.8,85,11.3,12.8,0.0,0.0,1015.5,100,9.9,273,0.0,Bristol
2026-09-27 23:00:00,11.8,91,10.5,11.2,0.0,0.0,1015.1,100,5.4,307,0.0,Cardiff
2026-09-27 23:00:00,11.0,77,7.1,7.1,0.0,0.0,1002.4,11,21.9,226,0.0,Edinburgh
2026-09-27 23:00:00,10.5,84,7.9,8.0,0.0,0.0,1006.1,40,13.5,240,0.0,Glasgow
2026-09-27 23:00:00,9.3,90,7.7,6.2,0.0,0.0,1007.7,16,16.7,222,0.0,Inverness
2026-09-27 23:00:00,11.7,83,9.0,10.0,0.0,0.0,1008.4,92,9.5,249,0.0,Leeds
2026-09-27 23:00:00,16.3,80,12.8,15.5,0.0,0.0,1014.5,81,11.6,258,0.0,London
2026-09-27 23:00:00,11.5,88,9.6,10.7,0.0,0.0,1010.1,91,4.8,191,0.0,Manchester
2026-09-27 23:00:00,13.4,79,9.7,10.1,0.0,0.0,1013.2,74,22.1,254,0.0,Newcastle
2026-09-28 00:00:00,12.1,88,10.1,11.0,0.0,0.0,1001.9,99,7.7,273,0.0,Birmingham
2026-09-28 00:00:00,13.7,85,11.3,12.9,0.0,0.0,1016.0,100,8.0,278,0.0,Bristol
2026-09-28 00:00:00,11.7,92,10.4,11.2,0.0,0.0,1015.5,98,4.3,336,0.0,Cardiff
2026-09-28 00:00:00,10.6,80,7.4,6.8,0.0,0.0,1003.5,56,21.5,227,0.0,Edinburgh
2026-09-28 00:00:00,10.1,87,8.0,7.8,0.0,0.0,1007.1,31,12.1,237,0.0,Glasgow
2026-09-28 00:00:00,9.2,90,7.7,6.5,0.0,0.0,1008.8,17,14.4,209,0.0,Inverness
2026-09-28 00:00:00,11.4,84,8.8,9.7,0.0,0.0,1009.1,78,9.7,254,0.0,Leeds
2026-09-28 00:00:00,15.4,82,12.3,14.7,0.0,0.0,1015.3,80,9.5,255,0.0,London
2026-09-28 00:00:00,11.1,89,9.4,10.2,0.0,0.0,1010.8,67,4.4,189,0.0,Manchester
2026-09-28 00:00:00,13.2,78,9.4,10.2,0.0,0.0,1014.0,70,19.6,244,0.0,Newcastle
2026-09-28 01:00:00,11.6,86,9.3,10.3,0.0,0.0,1002.1,100,7.5,280,0.0,Birmingham
2026-09-28 01:00:00,12.6,90,11.0,11.8,0.0,0.0,1016.2,100,7.5,278,0.0,Bristol
2026-09-28 01:00:00,10.0,97,9.5,9.0,0.0,0.0,1015.8,99,6.2,350,0.0,Cardiff
2026-09-28 01:00:00,10.2,84,7.7,6.7,0.0,0.0,1004.5,98,19.8,228,0.0,Edinburgh
2026-09-28 01:00:00,9.5,90,7.9,7.4,0.0,0.0,1007.9,63,10.6,224,0.0,Glasgow
2026-09-28 01:00:00,8.8,89,7.2,5.7,0.0,0.0,1009.8,10,16.4,207,0.0,Inverness
2026-09-28 01:00:00,10.8,85,8.3,9.0,0.0,0.0,1009.5,97,9.1,252,0.0,Leeds
2026-09-28 01:00:00,15.1,83,12.2,14.6,0.0,0.0,1015.5,99,7.8,257,0.0,London
2026-09-28 01:00:00,10.1,92,8.8,9.1,0.0,0.0,1011.3,81,4.4,161,0.0,Manchester
2026-09-28 01:00:00,12.8,80,9.3,9.5,0.0,0.0,1014.9,78,21.2,240,0.0,Newcastle
2026-09-28 02:00:00,11.3,85,8.9,10.0,0.0,0.0,1002.5,98,6.9,284,0.0,Birmingham
2026-09-28 02:00:00,12.1,91,10.7,11.7,0.0,0.0,1016.7,98,4.3,255,0.0,Bristol
2026-09-28 02:00:00,9.1,99,9.0,8.1,0.0,0.0,1016.2,92,5.1,356,0.0,Cardiff
2026-09-28 02:00:00,10.2,85,7.8,6.9,0.0,0.0,1005.0,98,18.8,232,0.0,Edinburgh
2026-09-28 02:00:00,9.6,88,7.7,7.4,0.1,0.1,1008.6,100,10.7,229,0.0,Glasgow
2026-09-28 02:00:00,9.0,88,7.1,5.9,0.0,0.0,1010.8,29,16.0,209,0.0,Inverness
2026-09-28 02:00:00,10.7,84,8.1,8.8,0.0,0.0,1010.0,100,8.9,252,0.0,Leeds
2026-09-28 02:00:00,15.1,84,12.3,14.8,0.0,0.0,1015.9,100,6.5,264,0.0,London
2026-09-28 02:00:00,9.8,92,8.6,8.6,0.0,0.0,1011.9,85,5.8,160,0.0,Manchester
2026-09-28 02:00:00,12.8,77,9.0,9.6,0.0,0.0,1015.4,53,19.7,246,0.0,Newcastle
2026-09-28 03:00:00,11.0,85,8.6,9.9,0.0,0.0,1003.0,98,5.1,278,0.0,Birmingham
2026-09-28 03:00:00,11.4,91,10.0,11.0,0.0,0.0,1016.8,98,3.1,225,0.0,Bristol
2026-09-28 03:00:00,8.4,100,8.4,7.2,0.0,0.0,1016.3,99,6.0,357,0.0,Cardiff
2026-09-28 03:00:00,10.0,85,7.6,6.9,0.0,0.0,1005.6,95,16.9,223,0.0,Edinburgh
2026-09-28 03:00:00,9.3,91,7.8,7.6,0.0,0.0,1009.1,91,7.6,225,0.0,Glasgow
2026-09-28 03:00:00,9.1,87,7.0,5.9,0.0,0.0,1011.4,25,15.9,214,0.0,Inverness
2026-09-28 03:00:00,10.6,84,8.0,8.8,0.0,0.0,1010.5,73,8.2,247,0.0,Leeds
2026-09-28 03:00:00,14.9,85,12.4,14.8,0.0,0.0,1016.3,100,5.1,260,0.0,London
2026-09-28 03:00:00,9.3,93,8.3,8.0,0.0,0.0,1012.3,73,5.6,155,0.0,Manchester
2026-09-28 03:00:00,12.7,79,9.1,10.1,0.0,0.0,1015.8,39,16.1,239,0.0,Newcastle
2026-09-28 04:00:00,10.4,87,8.3,9.3,0.0,0.0,1003.3,90,3.8,262,0.0,Birmingham
2026-09-28 04:00:00,11.3,90,9.8,10.7,0.0,0.0,1017.3,98,3.6,221,0.0,Bristol
2026-09-28 04:00:00,7.9,99,7.8,6.6,0.0,0.0,1016.7,100,5.1,4,0.0,Cardiff
2026-09-28 04:00:00,9.9,86,7.7,6.6,0.0,0.0,1006.2,88,18.1,225,0.0,Edinburgh
2026-09-28 04:00:00,9.2,92,8.0,7.6,0.0,0.0,1009.6,72,7.6,208,0.0,Glasgow
2026-09-28 04:00:00,9.0,86,6.8,5.9,0.0,0.0,1011.9,54,15.4,212,0.0,Inverness
2026-09-28 04:00:00,10.1,87,8.0,8.5,0.0,0.0,1011.0,55,7.0,244,0.0,Leeds
2026-09-28 04:00:00,14.7,86,12.4,14.7,0.0,0.0,1016.5,98,4.7,268,0.0,London
2026-09-28 04:00:00,8.7,94,7.8,7.5,0.0,0.0,1012.7,50,4.1,157,0.0,Manchester
2026-09-28 04:00:00,12.6,80,9.2,10.2,0.0,0.0,1016.4,38,14.4,234,0.0,Newcastle
