timestamp,predicted_demand_mw,actual_demand_mw,source,missing_features
2026-07-01 00:00:00,23753.3125,22829.5,actual_period_prediction,
2026-07-01 01:00:00,22807.439453125,22117.0,actual_period_prediction,
2026-07-01 02:00:00,22116.84375,21612.5,actual_period_prediction,
2026-07-01 03:00:00,21722.078125,20720.0,actual_period_prediction,
2026-07-01 04:00:00,21060.25390625,20095.0,actual_period_prediction,
2026-07-01 05:00:00,20974.697265625,20060.0,actual_period_prediction,
2026-07-01 06:00:00,22936.09765625,21990.5,actual_period_prediction,
2026-07-01 07:00:00,25406.521484375,23831.5,actual_period_prediction,
2026-07-01 08:00:00,25894.31640625,24322.5,actual_period_prediction,
2026-07-01 09:00:00,24990.53125,24100.0,actual_period_prediction,
2026-07-01 10:00:00,23719.314453125,23922.5,actual_period_prediction,
2026-07-01 11:00:00,23122.005859375,23686.5,actual_period_prediction,
2026-07-01 12:00:00,22956.71875,23432.5,actual_period_prediction,
2026-07-01 13:00:00,22079.744140625,22548.5,actual_period_prediction,
2026-07-01 14:00:00,22649.69140625,22142.0,actual_period_prediction,
2026-07-01 15:00:00,23116.509765625,21920.5,actual_period_prediction,
2026-07-01 16:00:00,24963.66015625,23040.5,actual_period_prediction,
2026-07-01 17:00:00,27457.986328125,24088.5,actual_period_prediction,
2026-07-01 18:00:00,28378.3515625,25342.0,actual_period_prediction,
2026-07-01 19:00:00,29061.314453125,26428.0,actual_period_prediction,
2026-07-01 20:00:00,28614.150390625,26014.0,actual_period_prediction,
2026-07-01 21:00:00,27481.5546875,25055.5,actual_period_prediction,
2026-07-01 22:00:00,25394.98046875,23019.5,actual_period_prediction,
2026-07-01 23:00:00,23311.658203125,20862.5,actual_period_prediction,
2026-07-02 00:00:00,21753.6484375,20266.0,actual_period_prediction,
2026-07-02 01:00:00,21352.734375,18837.5,actual_period_prediction,
2026-07-02 02:00:00,20611.359375,16967.0,actual_period_prediction,
2026-07-02 03:00:00,19757.73828125,16576.0,actual_period_prediction,
2026-07-02 04:00:00,19029.140625,16035.0,actual_period_prediction,
2026-07-02 05:00:00,19004.3125,16018.0,actual_period_prediction,
2026-07-02 06:00:00,21008.814453125,18384.0,actual_period_prediction,
2026-07-02 07:00:00,22550.09375,21017.5,actual_period_prediction,
2026-07-02 08:00:00,22072.728515625,21310.5,actual_period_prediction,
2026-07-02 09:00:00,21313.57421875,19764.0,actual_period_prediction,
2026-07-02 10:00:00,19889.19140625,17980.0,actual_period_prediction,
2026-07-02 11:00:00,19298.85546875,16281.5,actual_period_prediction,
2026-07-02 12:00:00,19333.408203125,15524.5,actual_period_prediction,
2026-07-02 13:00:00,18717.77734375,14980.0,actual_period_prediction,
2026-07-02 14:00:00,19242.935546875,14642.0,actual_period_prediction,
2026-07-02 15:00:00,19160.767578125,15563.0,actual_period_prediction,
2026-07-02 16:00:00,20412.12890625,17994.0,actual_period_prediction,
2026-07-02 17:00:00,21625.35546875,20767.0,actual_period_prediction,
2026-07-02 18:00:00,24080.66015625,23699.5,actual_period_prediction,
2026-07-02 19:00:00,25953.767578125,26000.0,actual_period_prediction,
2026-07-02 20:00:00,26372.6328125,25918.0,actual_period_prediction,
2026-07-02 21:00:00,25552.96484375,25633.0,actual_period_prediction,
2026-07-02 22:00:00,24083.494140625,24875.0,actual_period_prediction,
2026-07-02 23:00:00,22727.73046875,22399.0,actual_period_prediction,
2026-07-03 00:00:00,22465.119140625,21183.0,actual_period_prediction,
2026-07-03 01:00:00,21594.40625,20703.5,actual_period_prediction,
2026-07-03 02:00:00,20980.75,19956.5,actual_period_prediction,
2026-07-03 03:00:00,20709.97265625,19295.0,actual_period_prediction,
2026-07-03 04:00:00,20067.623046875,18689.5,actual_period_prediction,
2026-07-03 05:00:00,20768.96484375,18554.5,actual_period_prediction,
2026-07-03 06:00:00,22054.853515625,20302.5,actual_period_prediction,
2026-07-03 07:00:00,23320.875,22252.0,actual_period_prediction,
2026-07-03 08:00:00,23394.755859375,22203.0,actual_period_prediction,
2026-07-03 09:00:00,23132.279296875,20823.5,actual_period_prediction,
2026-07-03 10:00:00,22128.271484375,19133.0,actual_period_prediction,
2026-07-03 11:00:00,20323.103515625,17881.5,actual_period_prediction,
2026-07-03 12:00:00,19327.521484375,17127.0,actual_period_prediction,
2026-07-03 13:00:00,19363.330078125,16491.0,actual_period_prediction,
2026-07-03 14:00:00,19477.802734375,16624.0,actual_period_prediction,
2026-07-03 15:00:00,20044.423828125,17157.5,actual_period_prediction,
2026-07-03 16:00:00,21018.939453125,19623.5,actual_period_prediction,
2026-07-03 17:00:00,22408.638671875,22297.5,actual_period_prediction,
2026-07-03 18:00:00,24621.125,24746.0,actual_period_prediction,
2026-07-03 19:00:00,26023.548828125,26554.5,actual_period_prediction,
2026-07-03 20:00:00,25962.16015625,26006.0,actual_period_prediction,
2026-07-03 21:00:00,26150.93359375,25317.0,actual_period_prediction,
2026-07-03 22:00:00,25286.71484375,24532.0,actual_period_prediction,
2026-07-03 23:00:00,23328.205078125,22480.5,actual_period_prediction,
2026-07-04 00:00:00,21491.49609375,21220.0,actual_period_prediction,
2026-07-04 01:00:00,21370.83984375,20315.5,actual_period_prediction,
2026-07-04 02:00:00,20500.59765625,19363.0,actual_period_prediction,
2026-07-04 03:00:00,20023.990234375,18391.0,actual_period_prediction,
2026-07-04 04:00:00,18736.927734375,17733.5,actual_period_prediction,
2026-07-04 05:00:00,17854.779296875,16914.5,actual_period_prediction,
2026-07-04 06:00:00,18868.65625,17430.5,actual_period_prediction,
2026-07-04 07:00:00,19803.884765625,17843.0,actual_period_prediction,
2026-07-04 08:00:00,19847.333984375,18178.5,actual_period_prediction,
2026-07-04 09:00:00,19190.525390625,18340.0,actual_period_prediction,
2026-07-04 10:00:00,18505.19140625,18193.0,actual_period_prediction,
2026-07-04 11:00:00,18842.62890625,18040.5,actual_period_prediction,
2026-07-04 12:00:00,17576.27734375,17339.5,actual_period_prediction,
2026-07-04 13:00:00,16517.955078125,16241.0,actual_period_prediction,
2026-07-04 14:00:00,16629.01953125,15255.0,actual_period_prediction,
2026-07-04 15:00:00,15402.4951171875,15567.5,actual_period_prediction,
2026-07-04 16:00:00,16847.90625,17345.0,actual_period_prediction,
2026-07-04 17:00:00,20307.669921875,20248.0,actual_period_prediction,
2026-07-04 18:00:00,22530.125,21887.5,actual_period_prediction,
2026-07-04 19:00:00,24511.537109375,23491.5,actual_period_prediction,
2026-07-04 20:00:00,24550.70703125,24116.5,actual_period_prediction,
2026-07-04 21:00:00,24510.943359375,23414.0,actual_period_prediction,
2026-07-04 22:00:00,23336.810546875,22737.5,actual_period_prediction,
2026-07-04 23:00:00,22300.65234375,21676.5,actual_period_prediction,
2026-07-05 00:00:00,21316.306640625,21289.0,actual_period_prediction,
2026-07-05 01:00:00,20099.30078125,20257.0,actual_period_prediction,
2026-07-05 02:00:00,18878.896484375,19348.0,actual_period_prediction,
2026-07-05 03:00:00,17853.015625,18875.5,actual_period_prediction,
2026-07-05 04:00:00,17187.021484375,18239.5,actual_period_prediction,
2026-07-05 05:00:00,17097.16796875,17168.0,actual_period_prediction,
2026-07-05 06:00:00,17205.052734375,17319.5,actual_period_prediction,
2026-07-05 07:00:00,18109.7890625,17516.0,actual_period_prediction,
2026-07-05 08:00:00,18527.388671875,18256.5,actual_period_prediction,
2026-07-05 09:00:00,18679.27734375,19071.5,actual_period_prediction,
2026-07-05 10:00:00,18644.48828125,18785.5,actual_period_prediction,
2026-07-05 11:00:00,19643.876953125,17779.0,actual_period_prediction,
2026-07-05 12:00:00,19693.7109375,17632.5,actual_period_prediction,
2026-07-05 13:00:00,19159.953125,17032.5,actual_period_prediction,
2026-07-05 14:00:00,18527.94140625,16543.5,actual_period_prediction,
2026-07-05 15:00:00,19547.06640625,16979.5,actual_period_prediction,
2026-07-05 16:00:00,19937.716796875,19002.5,actual_period_prediction,
2026-07-05 17:00:00,21805.734375,22599.5,actual_period_prediction,
2026-07-05 18:00:00,23076.322265625,24868.0,actual_period_prediction,
2026-07-05 19:00:00,24305.064453125,26137.5,actual_period_prediction,
2026-07-05 20:00:00,24755.587890625,25171.0,actual_period_prediction,
2026-07-05 21:00:00,23719.583984375,25208.0,actual_period_prediction,
2026-07-05 22:00:00,22465.611328125,23716.5,actual_period_prediction,
2026-07-05 23:00:00,21694.037109375,22106.5,actual_period_prediction,
2026-07-06 00:00:00,20726.896484375,20860.5,actual_period_prediction,
2026-07-06 01:00:00,20275.9609375,20234.5,actual_period_prediction,
2026-07-06 02:00:00,18968.708984375,19403.5,actual_period_prediction,
2026-07-06 03:00:00,18600.041015625,18615.0,actual_period_prediction,
2026-07-06 04:00:00,18254.849609375,18048.5,actual_period_prediction,
2026-07-06 05:00:00,18433.771484375,17432.0,actual_period_prediction,
2026-07-06 06:00:00,20905.98828125,19778.0,actual_period_prediction,
2026-07-06 07:00:00,22442.54296875,21719.0,actual_period_prediction,
2026-07-06 08:00:00,22912.08203125,21729.0,actual_period_prediction,
2026-07-06 09:00:00,22531.66796875,21191.5,actual_period_prediction,
2026-07-06 10:00:00,22460.71484375,19927.0,actual_period_prediction,
2026-07-06 11:00:00,22254.50390625,19149.0,actual_period_prediction,
2026-07-06 12:00:00,21569.05078125,18346.5,actual_period_prediction,
2026-07-06 13:00:00,20751.791015625,18500.5,actual_period_prediction,
2026-07-06 14:00:00,20988.779296875,18399.5,actual_period_prediction,
2026-07-06 15:00:00,20411.42578125,19689.0,actual_period_prediction,
2026-07-06 16:00:00,22894.82421875,22407.5,actual_period_prediction,
2026-07-06 17:00:00,25804.630859375,24910.5,actual_period_prediction,
2026-07-06 18:00:00,27020.548828125,27142.5,actual_period_prediction,
2026-07-06 19:00:00,27290.517578125,28003.5,actual_period_prediction,
2026-07-06 20:00:00,27002.142578125,28021.5,actual_period_prediction,
2026-07-06 21:00:00,26193.53125,26964.5,actual_period_prediction,
2026-07-06 22:00:00,24608.701171875,25013.0,actual_period_prediction,
2026-07-06 23:00:00,22716.71484375,22770.5,actual_period_prediction,
2026-07-07 00:00:00,21553.916015625,22276.5,actual_period_prediction,
2026-07-07 01:00:00,20825.5,20972.0,actual_period_prediction,
2026-07-07 02:00:00,19980.13671875,19926.0,actual_period_prediction,
2026-07-07 03:00:00,19328.58203125,19399.5,actual_period_prediction,
2026-07-07 04:00:00,18969.380859375,18805.5,actual_period_prediction,
2026-07-07 05:00:00,19071.1171875,18421.0,actual_period_prediction,
2026-07-07 06:00:00,21880.689453125,20680.5,actual_period_prediction,
2026-07-07 07:00:00,23512.44140625,23103.0,actual_period_prediction,
2026-07-07 08:00:00,23996.8828125,23235.0,actual_period_prediction,
2026-07-07 09:00:00,24488.439453125,22223.0,actual_period_prediction,
2026-07-07 10:00:00,23404.55078125,20479.5,actual_period_prediction,
2026-07-07 11:00:00,22913.9453125,19430.5,actual_period_prediction,
2026-07-07 12:00:00,22480.060546875,19364.5,actual_period_prediction,
2026-07-07 13:00:00,21508.794921875,19339.0,actual_period_prediction,
2026-07-07 14:00:00,20958.814453125,19559.5,actual_period_prediction,
2026-07-07 15:00:00,21564.09765625,20290.5,actual_period_prediction,
2026-07-07 16:00:00,22875.529296875,22311.0,actual_period_prediction,
2026-07-07 17:00:00,25581.54296875,25542.5,actual_period_prediction,
2026-07-07 18:00:00,27408.736328125,27870.0,actual_period_prediction,
2026-07-07 19:00:00,28379.4453125,29884.5,actual_period_prediction,
2026-07-07 20:00:00,28400.451171875,29522.5,actual_period_prediction,
2026-07-07 21:00:00,27467.591796875,29022.0,actual_period_prediction,
2026-07-07 22:00:00,25889.32421875,27237.0,actual_period_prediction,
2026-07-07 23:00:00,23764.36328125,25115.0,actual_period_prediction,
2026-07-08 00:00:00,22579.609375,24013.5,actual_period_prediction,
2026-07-08 01:00:00,21619.208984375,23254.0,actual_period_prediction,
2026-07-08 02:00:00,20573.43359375,22269.0,actual_period_prediction,
2026-07-08 03:00:00,20361.861328125,21749.5,actual_period_prediction,
2026-07-08 04:00:00,19816.033203125,21193.0,actual_period_prediction,
2026-07-08 05:00:00,19846.736328125,21522.5,actual_period_prediction,
2026-07-08 06:00:00,21546.947265625,23028.5,actual_period_prediction,
2026-07-08 07:00:00,23788.6171875,25274.0,actual_period_prediction,
2026-07-08 08:00:00,23953.982421875,24943.0,actual_period_prediction,
2026-07-08 09:00:00,23336.11328125,23874.5,actual_period_prediction,
2026-07-08 10:00:00,22709.634765625,22222.0,actual_period_prediction,
2026-07-08 11:00:00,21850.142578125,21898.0,actual_period_prediction,
2026-07-08 12:00:00,21500.12890625,21637.5,actual_period_prediction,
2026-07-08 13:00:00,21436.94921875,21292.0,actual_period_prediction,
2026-07-08 14:00:00,21418.701171875,21461.0,actual_period_prediction,
2026-07-08 15:00:00,21496.876953125,22270.5,actual_period_prediction,
2026-07-08 16:00:00,22803.201171875,24471.5,actual_period_prediction,
2026-07-08 17:00:00,25205.28125,27160.5,actual_period_prediction,
2026-07-08 18:00:00,27000.26953125,29151.5,actual_period_prediction,
2026-07-08 19:00:00,28980.103515625,30946.5,actual_period_prediction,
2026-07-08 20:00:00,29201.408203125,30699.5,actual_period_prediction,
2026-07-08 21:00:00,28395.876953125,30272.0,actual_period_prediction,
2026-07-08 22:00:00,27037.5546875,28506.5,actual_period_prediction,
2026-07-08 23:00:00,24896.708984375,26161.5,actual_period_prediction,
2026-07-09 00:00:00,23642.37109375,25231.0,actual_period_prediction,
2026-07-09 01:00:00,22927.23046875,24296.5,actual_period_prediction,
2026-07-09 02:00:00,21859.412109375,23041.0,actual_period_prediction,
2026-07-09 03:00:00,21295.484375,22259.0,actual_period_prediction,
2026-07-09 04:00:00,20762.53515625,21645.5,actual_period_prediction,
2026-07-09 05:00:00,20888.8125,21335.0,actual_period_prediction,
2026-07-09 06:00:00,22382.236328125,23350.0,actual_period_prediction,
2026-07-09 07:00:00,24379.736328125,25804.5,actual_period_prediction,
2026-07-09 08:00:00,24169.732421875,25642.5,actual_period_prediction,
2026-07-09 09:00:00,23259.498046875,24047.5,actual_period_prediction,
2026-07-09 10:00:00,21468.478515625,22446.0,actual_period_prediction,
2026-07-09 11:00:00,21216.451171875,21699.0,actual_period_prediction,
2026-07-09 12:00:00,20962.33203125,21313.5,actual_period_prediction,
2026-07-09 13:00:00,20610.810546875,20945.5,actual_period_prediction,
2026-07-09 14:00:00,20759.55859375,21049.5,actual_period_prediction,
2026-07-09 15:00:00,21520.001953125,21901.5,actual_period_prediction,
2026-07-09 16:00:00,23361.06640625,24463.0,actual_period_prediction,
2026-07-09 17:00:00,25559.171875,27213.5,actual_period_prediction,
2026-07-09 18:00:00,27658.232421875,29198.0,actual_period_prediction,
2026-07-09 19:00:00,29793.330078125,30156.5,actual_period_prediction,
2026-07-09 20:00:00,29674.333984375,30104.5,actual_period_prediction,
2026-07-09 21:00:00,29229.880859375,30316.0,actual_period_prediction,
2026-07-09 22:00:00,27969.37890625,28818.0,actual_period_prediction,
2026-07-09 23:00:00,26428.755859375,26275.0,actual_period_prediction,
2026-07-10 00:00:00,24840.625,25588.0,actual_period_prediction,
2026-07-10 01:00:00,23503.236328125,24517.5,actual_period_prediction,
2026-07-10 02:00:00,22621.197265625,23417.0,actual_period_prediction,
2026-07-10 03:00:00,21879.00390625,22482.0,actual_period_prediction,
2026-07-10 04:00:00,21213.673828125,21862.0,actual_period_prediction,
2026-07-10 05:00:00,20933.734375,21624.0,actual_period_prediction,
2026-07-10 06:00:00,23007.052734375,23644.0,actual_period_prediction,
2026-07-10 07:00:00,24911.703125,25762.0,actual_period_prediction,
2026-07-10 08:00:00,25091.23828125,25751.5,actual_period_prediction,
2026-07-10 09:00:00,23571.84375,24391.5,actual_period_prediction,
2026-07-10 10:00:00,22083.58203125,22865.0,actual_period_prediction,
2026-07-10 11:00:00,21675.697265625,22036.5,actual_period_prediction,
2026-07-10 12:00:00,21384.388671875,21670.5,actual_period_prediction,
2026-07-10 13:00:00,20852.501953125,21513.0,actual_period_prediction,
2026-07-10 14:00:00,21046.708984375,21581.0,actual_period_prediction,
2026-07-10 15:00:00,21483.36328125,21985.5,actual_period_prediction,
2026-07-10 16:00:00,22781.7109375,23743.0,actual_period_prediction,
2026-07-10 17:00:00,25451.626953125,25526.0,actual_period_prediction,
2026-07-10 18:00:00,26834.2421875,27397.0,actual_period_prediction,
2026-07-10 19:00:00,28855.080078125,28669.0,actual_period_prediction,
2026-07-10 20:00:00,28840.259765625,28542.5,actual_period_prediction,
2026-07-10 21:00:00,28401.326171875,28231.5,actual_period_prediction,
2026-07-10 22:00:00,26944.3359375,27591.5,actual_period_prediction,
2026-07-10 23:00:00,25188.037109375,25368.0,actual_period_prediction,
2026-07-11 00:00:00,23380.48828125,24008.5,actual_period_prediction,
2026-07-11 01:00:00,22231.142578125,23022.0,actual_period_prediction,
2026-07-11 02:00:00,21293.626953125,21917.0,actual_period_prediction,
2026-07-11 03:00:00,20341.490234375,20688.0,actual_period_prediction,
2026-07-11 04:00:00,19844.73828125,19903.0,actual_period_prediction,
2026-07-11 05:00:00,19486.1796875,19549.5,actual_period_prediction,
2026-07-11 06:00:00,20133.994140625,20086.0,actual_period_prediction,
2026-07-11 07:00:00,21318.01953125,20662.5,actual_period_prediction,
2026-07-11 08:00:00,21760.556640625,20490.5,actual_period_prediction,
2026-07-11 09:00:00,21004.8359375,19709.5,actual_period_prediction,
2026-07-11 10:00:00,20514.955078125,18514.0,actual_period_prediction,
2026-07-11 11:00:00,19518.384765625,17268.5,actual_period_prediction,
2026-07-11 12:00:00,18962.57421875,16466.5,actual_period_prediction,
2026-07-11 13:00:00,19098.205078125,15611.5,actual_period_prediction,
2026-07-11 14:00:00,19649.142578125,15603.5,actual_period_prediction,
2026-07-11 15:00:00,19846.21484375,16598.0,actual_period_prediction,
2026-07-11 16:00:00,20971.421875,18665.0,actual_period_prediction,
2026-07-11 17:00:00,22357.90625,21676.5,actual_period_prediction,
2026-07-11 18:00:00,23628.474609375,23718.5,actual_period_prediction,
2026-07-11 19:00:00,25146.255859375,25750.5,actual_period_prediction,
2026-07-11 20:00:00,25528.2265625,26080.5,actual_period_prediction,
2026-07-11 21:00:00,25258.20703125,24877.5,actual_period_prediction,
2026-07-11 22:00:00,24527.73828125,24094.5,actual_period_prediction,
2026-07-11 23:00:00,23045.208984375,22857.0,actual_period_prediction,
2026-07-12 00:00:00,21973.443359375,22371.0,actual_period_prediction,
2026-07-12 01:00:00,21193.76171875,21571.0,actual_period_prediction,
2026-07-12 02:00:00,20085.681640625,20305.5,actual_period_prediction,
2026-07-12 03:00:00,18876.751953125,19303.5,actual_period_prediction,
2026-07-12 04:00:00,18097.951171875,18625.0,actual_period_prediction,
2026-07-12 05:00:00,17515.11328125,17645.0,actual_period_prediction,
2026-07-12 06:00:00,17720.271484375,17245.5,actual_period_prediction,
2026-07-12 07:00:00,18132.306640625,16831.5,actual_period_prediction,
2026-07-12 08:00:00,18101.900390625,16258.5,actual_period_prediction,
2026-07-12 09:00:00,17856.658203125,14802.5,actual_period_prediction,
2026-07-12 10:00:00,17387.6328125,13887.0,actual_period_prediction,
2026-07-12 11:00:00,16351.4931640625,13046.0,actual_period_prediction,
2026-07-12 12:00:00,15256.0166015625,13010.0,actual_period_prediction,
2026-07-12 13:00:00,15087.5478515625,12954.0,actual_period_prediction,
2026-07-12 14:00:00,14935.978515625,13012.5,actual_period_prediction,
2026-07-12 15:00:00,14902.2841796875,14011.5,actual_period_prediction,
2026-07-12 16:00:00,16898.265625,16423.5,actual_period_prediction,
2026-07-12 17:00:00,20541.171875,19800.5,actual_period_prediction,
2026-07-12 18:00:00,21978.43359375,22183.5,actual_period_prediction,
2026-07-12 19:00:00,24922.44921875,24446.0,actual_period_prediction,
2026-07-12 20:00:00,25529.783203125,25214.5,actual_period_prediction,
2026-07-12 21:00:00,24076.482421875,24940.5,actual_period_prediction,
2026-07-12 22:00:00,23225.599609375,24047.0,actual_period_prediction,
2026-07-12 23:00:00,21630.017578125,22403.0,actual_period_prediction,
2026-07-13 00:00:00,21308.29296875,21261.0,actual_period_prediction,
2026-07-13 01:00:00,20437.298828125,20714.0,actual_period_prediction,
2026-07-13 02:00:00,19718.421875,19909.5,actual_period_prediction,
2026-07-13 03:00:00,18487.39453125,19065.0,actual_period_prediction,
2026-07-13 04:00:00,18230.640625,18337.5,actual_period_prediction,
2026-07-13 05:00:00,18423.72265625,18079.0,actual_period_prediction,
2026-07-13 06:00:00,20710.197265625,20757.0,actual_period_prediction,
2026-07-13 07:00:00,22530.73046875,23216.0,actual_period_prediction,
2026-07-13 08:00:00,22616.23828125,23444.5,actual_period_prediction,
2026-07-13 09:00:00,22379.330078125,22661.0,actual_period_prediction,
2026-07-13 10:00:00,21324.16796875,20917.5,actual_period_prediction,
2026-07-13 11:00:00,19228.73828125,19417.0,actual_period_prediction,
2026-07-13 12:00:00,18691.201171875,18329.5,actual_period_prediction,
2026-07-13 13:00:00,18720.943359375,17300.5,actual_period_prediction,
2026-07-13 14:00:00,18239.14453125,17060.5,actual_period_prediction,
2026-07-13 15:00:00,19105.28515625,17664.5,actual_period_prediction,
2026-07-13 16:00:00,20430.916015625,19485.0,actual_period_prediction,
2026-07-13 17:00:00,22919.939453125,22289.5,actual_period_prediction,
2026-07-13 18:00:00,26730.361328125,25172.0,actual_period_prediction,
2026-07-13 19:00:00,26298.416015625,26826.0,actual_period_prediction,
2026-07-13 20:00:00,26952.681640625,26833.5,actual_period_prediction,
2026-07-13 21:00:00,25966.166015625,26831.5,actual_period_prediction,
2026-07-13 22:00:00,24531.083984375,24789.0,actual_period_prediction,
2026-07-13 23:00:00,22421.62109375,22982.0,actual_period_prediction,
2026-07-14 00:00:00,21476.69140625,21916.0,actual_period_prediction,
2026-07-14 01:00:00,20642.11328125,20934.5,actual_period_prediction,
2026-07-14 02:00:00,19797.74609375,20599.0,actual_period_prediction,
2026-07-14 03:00:00,19139.306640625,19717.5,actual_period_prediction,
2026-07-14 04:00:00,18589.591796875,19134.0,actual_period_prediction,
2026-07-14 05:00:00,18443.720703125,18888.5,actual_period_prediction,
2026-07-14 06:00:00,21154.923828125,20808.0,actual_period_prediction,
2026-07-14 07:00:00,23841.732421875,23123.0,actual_period_prediction,
2026-07-14 08:00:00,23940.470703125,24291.0,actual_period_prediction,
2026-07-14 09:00:00,23099.060546875,23204.5,actual_period_prediction,
2026-07-14 10:00:00,21299.54296875,21815.5,actual_period_prediction,
2026-07-14 11:00:00,19788.0234375,20306.5,actual_period_prediction,
2026-07-14 12:00:00,19139.76953125,19229.5,actual_period_prediction,
2026-07-14 13:00:00,18910.669921875,17884.0,actual_period_prediction,
2026-07-14 14:00:00,18980.5703125,17782.5,actual_period_prediction,
2026-07-14 15:00:00,19550.720703125,18607.5,actual_period_prediction,
2026-07-14 16:00:00,21308.32421875,21221.5,actual_period_prediction,
2026-07-14 17:00:00,23323.6953125,23691.0,actual_period_prediction,
2026-07-14 18:00:00,25754.525390625,26245.5,actual_period_prediction,
2026-07-14 19:00:00,27941.3671875,28020.5,actual_period_prediction,
2026-07-14 20:00:00,27751.083984375,28268.0,actual_period_prediction,
2026-07-14 21:00:00,27321.388671875,27681.5,actual_period_prediction,
2026-07-14 22:00:00,26017.158203125,26584.5,actual_period_prediction,
2026-07-14 23:00:00,23542.33203125,24201.0,actual_period_prediction,
2026-07-15 00:00:00,22285.41015625,23450.5,actual_period_prediction,
2026-07-15 01:00:00,21629.220703125,22737.5,actual_period_prediction,
2026-07-15 02:00:00,20915.20703125,21503.0,actual_period_prediction,
2026-07-15 03:00:00,20419.533203125,20803.0,actual_period_prediction,
2026-07-15 04:00:00,20100.630859375,20040.5,actual_period_prediction,
2026-07-15 05:00:00,19893.72265625,19863.0,actual_period_prediction,
2026-07-15 06:00:00,21914.740234375,21910.0,actual_period_prediction,
2026-07-15 07:00:00,23789.90234375,24773.0,actual_period_prediction,
2026-07-15 08:00:00,24353.41796875,25894.0,actual_period_prediction,
2026-07-15 09:00:00,23342.109375,24827.5,actual_period_prediction,
2026-07-15 10:00:00,21472.748046875,22739.0,actual_period_prediction,
2026-07-15 11:00:00,20296.33984375,20825.5,actual_period_prediction,
2026-07-15 12:00:00,19766.8828125,19242.0,actual_period_prediction,
2026-07-15 13:00:00,19284.2578125,18348.0,actual_period_prediction,
2026-07-15 14:00:00,19404.521484375,18697.0,actual_period_prediction,
2026-07-15 15:00:00,19759.150390625,19530.5,actual_period_prediction,
2026-07-15 16:00:00,21405.548828125,21529.0,actual_period_prediction,
2026-07-15 17:00:00,24069.19921875,24375.0,actual_period_prediction,
2026-07-15 18:00:00,26678.93359375,27025.0,actual_period_prediction,
2026-07-15 19:00:00,28679.32421875,28692.5,actual_period_prediction,
2026-07-15 20:00:00,29010.615234375,27821.5,actual_period_prediction,
2026-07-15 21:00:00,28008.185546875,27043.0,actual_period_prediction,
2026-07-15 22:00:00,26504.587890625,26081.0,actual_period_prediction,
2026-07-15 23:00:00,24522.255859375,24476.5,actual_period_prediction,
2026-07-16 00:00:00,23711.205078125,23589.5,actual_period_prediction,
2026-07-16 01:00:00,23026.779296875,22430.0,actual_period_prediction,
2026-07-16 02:00:00,21827.75390625,21532.5,actual_period_prediction,
2026-07-16 03:00:00,21183.810546875,20509.0,actual_period_prediction,
2026-07-16 04:00:00,20511.90234375,20115.0,actual_period_prediction,
2026-07-16 05:00:00,20492.7109375,20002.5,actual_period_prediction,
2026-07-16 06:00:00,22305.521484375,21918.0,actual_period_prediction,
2026-07-16 07:00:00,25114.28125,24423.5,actual_period_prediction,
2026-07-16 08:00:00,25590.77734375,24489.5,actual_period_prediction,
2026-07-16 09:00:00,24412.4453125,22944.0,actual_period_prediction,
2026-07-16 10:00:00,22119.572265625,21315.0,actual_period_prediction,
2026-07-16 11:00:00,20858.04296875,19866.0,actual_period_prediction,
2026-07-16 12:00:00,20363.06640625,19351.0,actual_period_prediction,
2026-07-16 13:00:00,20022.650390625,19225.5,actual_period_prediction,
2026-07-16 14:00:00,20111.685546875,19744.5,actual_period_prediction,
2026-07-16 15:00:00,20598.228515625,20452.5,actual_period_prediction,
2026-07-16 16:00:00,22309.44921875,22748.0,actual_period_prediction,
2026-07-16 17:00:00,24515.7734375,25049.5,actual_period_prediction,
2026-07-16 18:00:00,27257.169921875,26762.5,actual_period_prediction,
2026-07-16 19:00:00,29110.876953125,28189.0,actual_period_prediction,
2026-07-16 20:00:00,28270.810546875,28393.0,actual_period_prediction,
2026-07-16 21:00:00,27371.6484375,28314.5,actual_period_prediction,
2026-07-16 22:00:00,26513.458984375,27074.0,actual_period_prediction,
2026-07-16 23:00:00,24754.078125,25180.5,actual_period_prediction,
2026-07-17 00:00:00,23968.078125,24189.5,actual_period_prediction,
2026-07-17 01:00:00,23024.904296875,22966.5,actual_period_prediction,
2026-07-17 02:00:00,21805.478515625,21767.5,actual_period_prediction,
2026-07-17 03:00:00,20997.490234375,20950.0,actual_period_prediction,
2026-07-17 04:00:00,20710.6015625,20646.0,actual_period_prediction,
2026-07-17 05:00:00,20457.58984375,20512.5,actual_period_prediction,
2026-07-17 06:00:00,22399.041015625,22422.0,actual_period_prediction,
2026-07-17 07:00:00,24495.994140625,24710.5,actual_period_prediction,
2026-07-17 08:00:00,24552.671875,24560.5,actual_period_prediction,
2026-07-17 09:00:00,22935.638671875,23224.0,actual_period_prediction,
2026-07-17 10:00:00,21562.017578125,21174.0,actual_period_prediction,
2026-07-17 11:00:00,20573.060546875,19952.5,actual_period_prediction,
2026-07-17 12:00:00,20047.384765625,19179.5,actual_period_prediction,
2026-07-17 13:00:00,19806.93359375,18685.0,actual_period_prediction,
2026-07-17 14:00:00,19714.07421875,18752.5,actual_period_prediction,
2026-07-17 15:00:00,20141.96484375,19167.0,actual_period_prediction,
2026-07-17 16:00:00,21822.45703125,20892.5,actual_period_prediction,
2026-07-17 17:00:00,23319.91015625,23217.5,actual_period_prediction,
2026-07-17 18:00:00,26111.912109375,25419.0,actual_period_prediction,
2026-07-17 19:00:00,27846.953125,26897.0,actual_period_prediction,
2026-07-17 20:00:00,27694.458984375,27058.0,actual_period_prediction,
2026-07-17 21:00:00,27348.537109375,26767.5,actual_period_prediction,
2026-07-17 22:00:00,26319.482421875,25552.0,actual_period_prediction,
2026-07-17 23:00:00,24405.177734375,24296.0,actual_period_prediction,
2026-07-18 00:00:00,23167.748046875,23305.5,actual_period_prediction,
2026-07-18 01:00:00,22131.373046875,21981.5,actual_period_prediction,
2026-07-18 02:00:00,21131.857421875,21228.5,actual_period_prediction,
2026-07-18 03:00:00,19889.029296875,20241.0,actual_period_prediction,
2026-07-18 04:00:00,19119.119140625,19506.0,actual_period_prediction,
2026-07-18 05:00:00,18817.34765625,18654.5,actual_period_prediction,
2026-07-18 06:00:00,19481.048828125,19081.5,actual_period_prediction,
2026-07-18 07:00:00,20409.30859375,19583.0,actual_period_prediction,
2026-07-18 08:00:00,20602.45703125,19763.0,actual_period_prediction,
2026-07-18 09:00:00,20485.470703125,19719.5,actual_period_prediction,
2026-07-18 10:00:00,19600.83984375,19133.0,actual_period_prediction,
2026-07-18 11:00:00,18417.19140625,18178.5,actual_period_prediction,
2026-07-18 12:00:00,18108.47265625,17672.5,actual_period_prediction,
2026-07-18 13:00:00,17866.73046875,17171.5,actual_period_prediction,
2026-07-18 14:00:00,18375.29296875,16955.0,actual_period_prediction,
2026-07-18 15:00:00,17929.9765625,16884.5,actual_period_prediction,
2026-07-18 16:00:00,19160.849609375,18296.0,actual_period_prediction,
2026-07-18 17:00:00,21726.587890625,20912.0,actual_period_prediction,
2026-07-18 18:00:00,23824.380859375,22855.5,actual_period_prediction,
2026-07-18 19:00:00,25193.001953125,23885.0,actual_period_prediction,
2026-07-18 20:00:00,25415.857421875,24094.5,actual_period_prediction,
2026-07-18 21:00:00,24888.162109375,24021.0,actual_period_prediction,
2026-07-18 22:00:00,23947.498046875,23502.5,actual_period_prediction,
2026-07-18 23:00:00,23110.451171875,21982.0,actual_period_prediction,
2026-07-19 00:00:00,22327.595703125,21354.0,actual_period_prediction,
2026-07-19 01:00:00,21131.0234375,20004.0,actual_period_prediction,
2026-07-19 02:00:00,19773.27734375,19014.5,actual_period_prediction,
2026-07-19 03:00:00,19009.537109375,18449.0,actual_period_prediction,
2026-07-19 04:00:00,18217.51953125,17970.5,actual_period_prediction,
2026-07-19 05:00:00,17752.4140625,16613.0,actual_period_prediction,
2026-07-19 06:00:00,17695.580078125,16605.5,actual_period_prediction,
2026-07-19 07:00:00,17850.701171875,16663.0,actual_period_prediction,
2026-07-19 08:00:00,18091.916015625,16721.0,actual_period_prediction,
2026-07-19 09:00:00,17869.947265625,16060.5,actual_period_prediction,
2026-07-19 10:00:00,17445.197265625,15332.5,actual_period_prediction,
2026-07-19 11:00:00,16146.5380859375,15206.0,actual_period_prediction,
2026-07-19 12:00:00,15755.6865234375,15441.5,actual_period_prediction,
2026-07-19 13:00:00,15557.5654296875,14794.5,actual_period_prediction,
2026-07-19 14:00:00,15713.4619140625,13913.5,actual_period_prediction,
2026-07-19 15:00:00,15631.8798828125,14245.0,actual_period_prediction,
2026-07-19 16:00:00,17179.283203125,16351.5,actual_period_prediction,
2026-07-19 17:00:00,19904.4765625,19239.5,actual_period_prediction,
2026-07-19 18:00:00,22672.767578125,22673.0,actual_period_prediction,
2026-07-19 19:00:00,24747.53515625,24722.0,actual_period_prediction,
2026-07-19 20:00:00,24926.26953125,24879.0,actual_period_prediction,
2026-07-19 21:00:00,24535.599609375,25200.5,actual_period_prediction,
2026-07-19 22:00:00,23668.22265625,23858.5,actual_period_prediction,
2026-07-19 23:00:00,22021.38671875,22254.5,actual_period_prediction,
2026-07-20 00:00:00,21554.232421875,21607.5,actual_period_prediction,
2026-07-20 01:00:00,20628.158203125,20700.0,actual_period_prediction,
2026-07-20 02:00:00,19802.15625,19759.5,actual_period_prediction,
2026-07-20 03:00:00,19139.455078125,18922.5,actual_period_prediction,
2026-07-20 04:00:00,18856.85546875,18414.0,actual_period_prediction,
2026-07-20 05:00:00,19004.6015625,18692.5,actual_period_prediction,
2026-07-20 06:00:00,21455.7421875,21011.5,actual_period_prediction,
2026-07-20 07:00:00,23331.943359375,22644.0,actual_period_prediction,
2026-07-20 08:00:00,23356.57421875,22574.5,actual_period_prediction,
2026-07-20 09:00:00,22693.80859375,21182.0,actual_period_prediction,
2026-07-20 10:00:00,21739.25390625,19469.5,actual_period_prediction,
2026-07-20 11:00:00,20045.171875,18178.5,actual_period_prediction,
2026-07-20 12:00:00,19544.80078125,17649.5,actual_period_prediction,
2026-07-20 13:00:00,19630.087890625,17410.0,actual_period_prediction,
2026-07-20 14:00:00,19923.998046875,17591.5,actual_period_prediction,
2026-07-20 15:00:00,19985.751953125,18725.0,actual_period_prediction,
2026-07-20 16:00:00,22205.091796875,21014.0,actual_period_prediction,
2026-07-20 17:00:00,23338.77734375,23824.0,actual_period_prediction,
2026-07-20 18:00:00,26732.13671875,26040.0,actual_period_prediction,
2026-07-20 19:00:00,26978.642578125,27304.0,actual_period_prediction,
2026-07-20 20:00:00,26881.9453125,27282.0,actual_period_prediction,
2026-07-20 21:00:00,26851.931640625,26535.0,actual_period_prediction,
2026-07-20 22:00:00,25144.4609375,25288.5,actual_period_prediction,
2026-07-20 23:00:00,23249.986328125,23685.0,actual_period_prediction,
2026-07-21 00:00:00,21709.111328125,22658.5,actual_period_prediction,
2026-07-21 01:00:00,21023.57421875,21580.5,actual_period_prediction,
2026-07-21 02:00:00,20316.13671875,21077.5,actual_period_prediction,
2026-07-21 03:00:00,19739.833984375,20452.5,actual_period_prediction,
2026-07-21 04:00:00,19153.052734375,19889.0,actual_period_prediction,
2026-07-21 05:00:00,19248.0703125,19589.0,actual_period_prediction,
2026-07-21 06:00:00,21831.15234375,21497.5,actual_period_prediction,
2026-07-21 07:00:00,23697.875,23845.5,actual_period_prediction,
2026-07-21 08:00:00,23832.556640625,24294.5,actual_period_prediction,
2026-07-21 09:00:00,22763.966796875,23683.5,actual_period_prediction,
2026-07-21 10:00:00,21895.517578125,22707.5,actual_period_prediction,
2026-07-21 11:00:00,21413.91796875,22481.0,actual_period_prediction,
2026-07-21 12:00:00,20938.611328125,22090.0,actual_period_prediction,
2026-07-21 13:00:00,19712.560546875,21818.5,actual_period_prediction,
2026-07-21 14:00:00,19967.568359375,21782.5,actual_period_prediction,
2026-07-21 15:00:00,21223.25,21849.0,actual_period_prediction,
2026-07-21 16:00:00,22622.126953125,22976.0,actual_period_prediction,
2026-07-21 17:00:00,24677.916015625,25054.5,actual_period_prediction,
2026-07-21 18:00:00,26519.935546875,26033.5,actual_period_prediction,
2026-07-21 19:00:00,28148.3671875,27356.0,actual_period_prediction,
2026-07-21 20:00:00,27883.146484375,27226.5,actual_period_prediction,
2026-07-21 21:00:00,27206.244140625,27149.0,actual_period_prediction,
2026-07-21 22:00:00,26047.701171875,26055.5,actual_period_prediction,
2026-07-21 23:00:00,24351.6015625,23769.5,actual_period_prediction,
2026-07-22 00:00:00,22876.375,22828.5,actual_period_prediction,
2026-07-22 01:00:00,21727.9296875,21962.5,actual_period_prediction,
2026-07-22 02:00:00,21022.4921875,21533.0,actual_period_prediction,
2026-07-22 03:00:00,20391.955078125,20757.0,actual_period_prediction,
2026-07-22 04:00:00,20136.916015625,20522.5,actual_period_prediction,
2026-07-22 05:00:00,19955.9921875,20126.5,actual_period_prediction,
2026-07-22 06:00:00,21687.796875,21951.5,actual_period_prediction,
2026-07-22 07:00:00,24031.455078125,24828.5,actual_period_prediction,
2026-07-22 08:00:00,24539.23828125,25334.0,actual_period_prediction,
2026-07-22 09:00:00,23722.611328125,24793.5,actual_period_prediction,
2026-07-22 10:00:00,22489.81640625,23315.0,actual_period_prediction,
2026-07-22 11:00:00,22228.94921875,23015.5,actual_period_prediction,
2026-07-22 12:00:00,22061.083984375,22967.5,actual_period_prediction,
2026-07-22 13:00:00,22036.708984375,22356.5,actual_period_prediction,
2026-07-22 14:00:00,22118.900390625,21684.0,actual_period_prediction,
2026-07-22 15:00:00,22115.779296875,22191.5,actual_period_prediction,
2026-07-22 16:00:00,22791.748046875,23526.0,actual_period_prediction,
2026-07-22 17:00:00,25371.78515625,25611.0,actual_period_prediction,
2026-07-22 18:00:00,26789.689453125,27487.5,actual_period_prediction,
2026-07-22 19:00:00,27813.30859375,28457.0,actual_period_prediction,
2026-07-22 20:00:00,27421.59375,27864.0,actual_period_prediction,
2026-07-22 21:00:00,27437.55859375,27207.0,actual_period_prediction,
2026-07-22 22:00:00,26334.6328125,25876.5,actual_period_prediction,
2026-07-22 23:00:00,24254.23828125,24170.5,actual_period_prediction,
2026-07-23 00:00:00,23232.6875,23645.5,actual_period_prediction,
2026-07-23 01:00:00,21948.337890625,22867.5,actual_period_prediction,
2026-07-23 02:00:00,21388.197265625,21843.5,actual_period_prediction,
2026-07-23 03:00:00,20709.97265625,21182.0,actual_period_prediction,
2026-07-23 04:00:00,20601.6640625,20143.5,actual_period_prediction,
2026-07-23 05:00:00,20474.474609375,19938.5,actual_period_prediction,
2026-07-23 06:00:00,21960.638671875,21819.5,actual_period_prediction,
2026-07-23 07:00:00,24828.533203125,23822.0,actual_period_prediction,
2026-07-23 08:00:00,25121.22265625,24684.5,actual_period_prediction,
2026-07-23 09:00:00,24713.51953125,23553.5,actual_period_prediction,
2026-07-23 10:00:00,23101.759765625,22580.5,actual_period_prediction,
2026-07-23 11:00:00,22419.80078125,22331.5,actual_period_prediction,
2026-07-23 12:00:00,21706.15234375,22151.5,actual_period_prediction,
2026-07-23 13:00:00,21350.447265625,22162.5,actual_period_prediction,
2026-07-23 14:00:00,21419.765625,22032.0,actual_period_prediction,
2026-07-23 15:00:00,21938.75,22128.0,actual_period_prediction,
2026-07-23 16:00:00,23306.4140625,23079.0,actual_period_prediction,
2026-07-23 17:00:00,25513.490234375,25065.5,actual_period_prediction,
2026-07-23 18:00:00,27324.7734375,26680.0,actual_period_prediction,
2026-07-23 19:00:00,28064.533203125,28007.5,actual_period_prediction,
2026-07-23 20:00:00,27856.048828125,27738.5,actual_period_prediction,
2026-07-23 21:00:00,26908.21484375,26923.0,actual_period_prediction,
2026-07-23 22:00:00,25539.53515625,25491.0,actual_period_prediction,
2026-07-23 23:00:00,24104.60546875,23631.0,actual_period_prediction,
2026-07-24 00:00:00,23303.60546875,22677.0,actual_period_prediction,
2026-07-24 01:00:00,22231.390625,22013.5,actual_period_prediction,
2026-07-24 02:00:00,21088.59375,21160.5,actual_period_prediction,
2026-07-24 03:00:00,20409.91015625,20439.0,actual_period_prediction,
2026-07-24 04:00:00,19972.85546875,19553.5,actual_period_prediction,
2026-07-24 05:00:00,19917.57421875,19143.5,actual_period_prediction,
2026-07-24 06:00:00,21649.23046875,20820.0,actual_period_prediction,
2026-07-24 07:00:00,23790.5078125,22951.5,actual_period_prediction,
2026-07-24 08:00:00,24163.40625,23281.0,actual_period_prediction,
2026-07-24 09:00:00,23314.72265625,21919.0,actual_period_prediction,
2026-07-24 10:00:00,21708.46484375,20259.5,actual_period_prediction,
2026-07-24 11:00:00,21022.94921875,18962.0,actual_period_prediction,
2026-07-24 12:00:00,20474.6328125,18451.0,actual_period_prediction,
2026-07-24 13:00:00,20025.87890625,17729.5,actual_period_prediction,
2026-07-24 14:00:00,19867.416015625,17937.5,actual_period_prediction,
2026-07-24 15:00:00,19907.44921875,18503.0,actual_period_prediction,
2026-07-24 16:00:00,20818.318359375,20265.0,actual_period_prediction,
2026-07-24 17:00:00,23517.763671875,22789.5,actual_period_prediction,
2026-07-24 18:00:00,25325.13671875,24690.0,actual_period_prediction,
2026-07-24 19:00:00,26399.13671875,25843.0,actual_period_prediction,
2026-07-24 20:00:00,26306.1796875,26028.0,actual_period_prediction,
2026-07-24 21:00:00,25784.529296875,26226.5,actual_period_prediction,
2026-07-24 22:00:00,24636.291015625,24747.0,actual_period_prediction,
2026-07-24 23:00:00,23418.083984375,22785.0,actual_period_prediction,
2026-07-25 00:00:00,22132.263671875,21792.5,actual_period_prediction,
2026-07-25 01:00:00,21157.0625,20848.5,actual_period_prediction,
2026-07-25 02:00:00,20184.9609375,19796.5,actual_period_prediction,
2026-07-25 03:00:00,19165.84765625,18633.5,actual_period_prediction,
2026-07-25 04:00:00,17955.298828125,17914.0,actual_period_prediction,
2026-07-25 05:00:00,17350.03125,17250.0,actual_period_prediction,
2026-07-25 06:00:00,18040.83203125,17703.5,actual_period_prediction,
2026-07-25 07:00:00,19273.443359375,18076.0,actual_period_prediction,
2026-07-25 08:00:00,19125.263671875,17668.5,actual_period_prediction,
2026-07-25 09:00:00,18794.01171875,16560.0,actual_period_prediction,
2026-07-25 10:00:00,17287.8359375,15519.0,actual_period_prediction,
2026-07-25 11:00:00,16482.701171875,14993.0,actual_period_prediction,
2026-07-25 12:00:00,15618.3564453125,14619.5,actual_period_prediction,
2026-07-25 13:00:00,14864.826171875,14512.5,actual_period_prediction,
2026-07-25 14:00:00,13717.8017578125,14879.5,actual_period_prediction,
2026-07-25 15:00:00,14297.7197265625,16170.5,actual_period_prediction,
2026-07-25 16:00:00,16251.5009765625,18455.5,actual_period_prediction,
2026-07-25 17:00:00,19146.9375,21604.0,actual_period_prediction,
2026-07-25 18:00:00,22275.953125,23442.5,actual_period_prediction,
2026-07-25 19:00:00,23298.0703125,24273.0,actual_period_prediction,
2026-07-25 20:00:00,23605.646484375,24877.5,actual_period_prediction,
2026-07-25 21:00:00,24017.748046875,24639.0,actual_period_prediction,
2026-07-25 22:00:00,23119.126953125,23577.0,actual_period_prediction,
2026-07-25 23:00:00,21887.630859375,22149.0,actual_period_prediction,
2026-07-26 00:00:00,21284.54296875,21212.0,actual_period_prediction,
2026-07-26 01:00:00,19905.126953125,20431.5,actual_period_prediction,
2026-07-26 02:00:00,18619.66015625,19018.5,actual_period_prediction,
2026-07-26 03:00:00,17808.19140625,17988.0,actual_period_prediction,
2026-07-26 04:00:00,17247.427734375,17339.5,actual_period_prediction,
2026-07-26 05:00:00,16936.49609375,16577.0,actual_period_prediction,
2026-07-26 06:00:00,17005.16796875,16826.0,actual_period_prediction,
2026-07-26 07:00:00,17645.91796875,17052.5,actual_period_prediction,
2026-07-26 08:00:00,18117.33203125,17848.0,actual_period_prediction,
2026-07-26 09:00:00,17978.03515625,17769.0,actual_period_prediction,
2026-07-26 10:00:00,18574.41796875,17449.0,actual_period_prediction,
2026-07-26 11:00:00,19152.900390625,16411.5,actual_period_prediction,
2026-07-26 12:00:00,19485.640625,16159.0,actual_period_prediction,
2026-07-26 13:00:00,17705.642578125,15609.0,actual_period_prediction,
2026-07-26 14:00:00,16767.767578125,15275.5,actual_period_prediction,
2026-07-26 15:00:00,16923.70703125,15872.0,actual_period_prediction,
2026-07-26 16:00:00,18213.548828125,17801.0,actual_period_prediction,
2026-07-26 17:00:00,20815.54296875,20131.0,actual_period_prediction,
2026-07-26 18:00:00,22819.45703125,22496.5,actual_period_prediction,
2026-07-26 19:00:00,24286.607421875,23662.0,actual_period_prediction,
2026-07-26 20:00:00,24592.310546875,23894.0,actual_period_prediction,
2026-07-26 21:00:00,24314.46484375,23385.0,actual_period_prediction,
2026-07-26 22:00:00,23234.205078125,22285.0,actual_period_prediction,
2026-07-26 23:00:00,21643.146484375,20546.5,actual_period_prediction,
2026-07-27 00:00:00,20880.607421875,20519.5,actual_period_prediction,
2026-07-27 01:00:00,20257.9453125,20115.5,actual_period_prediction,
2026-07-27 02:00:00,19099.46484375,19553.0,actual_period_prediction,
2026-07-27 03:00:00,18278.01953125,18692.5,actual_period_prediction,
2026-07-27 04:00:00,18209.279296875,18422.5,actual_period_prediction,
2026-07-27 05:00:00,18490.888671875,18358.5,actual_period_prediction,
2026-07-27 06:00:00,21158.345703125,20474.5,actual_period_prediction,
2026-07-27 07:00:00,22540.583984375,22145.5,actual_period_prediction,
2026-07-27 08:00:00,22581.828125,22686.5,actual_period_prediction,
2026-07-27 09:00:00,21591.41015625,22878.5,actual_period_prediction,
2026-07-27 10:00:00,20737.44140625,22710.0,actual_period_prediction,
2026-07-27 11:00:00,21262.537109375,21540.5,actual_period_prediction,
2026-07-27 12:00:00,21041.470703125,20268.5,actual_period_prediction,
2026-07-27 13:00:00,21260.8046875,19173.0,actual_period_prediction,
2026-07-27 14:00:00,21382.205078125,18858.0,actual_period_prediction,
2026-07-27 15:00:00,21896.77734375,19318.5,actual_period_prediction,
2026-07-27 16:00:00,22980.431640625,21333.5,actual_period_prediction,
2026-07-27 17:00:00,24050.552734375,24509.0,actual_period_prediction,
2026-07-27 18:00:00,26690.96484375,26535.5,actual_period_prediction,
2026-07-27 19:00:00,26420.2265625,28181.5,actual_period_prediction,
2026-07-27 20:00:00,26675.0390625,28022.5,actual_period_prediction,
2026-07-27 21:00:00,25644.41796875,27118.5,actual_period_prediction,
2026-07-27 22:00:00,24324.529296875,25130.0,actual_period_prediction,
2026-07-27 23:00:00,22864.9765625,23273.5,actual_period_prediction,
2026-07-28 00:00:00,21813.369140625,22473.0,actual_period_prediction,
2026-07-28 01:00:00,20764.87109375,21865.0,actual_period_prediction,
2026-07-28 02:00:00,20688.302734375,21117.0,actual_period_prediction,
2026-07-28 03:00:00,20031.275390625,19964.5,actual_period_prediction,
2026-07-28 04:00:00,19883.03125,19405.0,actual_period_prediction,
2026-07-28 05:00:00,19804.443359375,18968.5,actual_period_prediction,
2026-07-28 06:00:00,21813.083984375,20864.0,actual_period_prediction,
2026-07-28 07:00:00,23534.412109375,23485.0,actual_period_prediction,
2026-07-28 08:00:00,24765.833984375,24721.5,actual_period_prediction,
2026-07-28 09:00:00,24535.7109375,24280.0,actual_period_prediction,
2026-07-28 10:00:00,23856.564453125,22417.0,actual_period_prediction,
2026-07-28 11:00:00,22496.658203125,21482.5,actual_period_prediction,
2026-07-28 12:00:00,21813.69921875,21398.0,actual_period_prediction,
2026-07-28 13:00:00,21900.271484375,21204.0,actual_period_prediction,
2026-07-28 14:00:00,22046.759765625,21393.0,actual_period_prediction,
2026-07-28 15:00:00,22486.47265625,22099.0,actual_period_prediction,
2026-07-28 16:00:00,23434.9375,24244.0,actual_period_prediction,
2026-07-28 17:00:00,25185.578125,26331.5,actual_period_prediction,
2026-07-28 18:00:00,26972.841796875,27616.0,actual_period_prediction,
2026-07-28 19:00:00,28664.736328125,28290.0,actual_period_prediction,
2026-07-28 20:00:00,28573.88671875,27942.0,actual_period_prediction,
2026-07-28 21:00:00,27887.431640625,27800.5,actual_period_prediction,
2026-07-28 22:00:00,26089.26953125,26119.5,actual_period_prediction,
2026-07-28 23:00:00,24353.90234375,24348.5,actual_period_prediction,
2026-07-29 00:00:00,23026.884765625,23211.0,actual_period_prediction,
2026-07-29 01:00:00,22051.224609375,22803.0,actual_period_prediction,
2026-07-29 02:00:00,21445.677734375,22200.0,actual_period_prediction,
2026-07-29 03:00:00,20643.306640625,21467.5,actual_period_prediction,
2026-07-29 04:00:00,20487.58203125,21299.5,actual_period_prediction,
2026-07-29 05:00:00,19969.25,20861.0,actual_period_prediction,
2026-07-29 06:00:00,21523.396484375,22626.0,actual_period_prediction,
2026-07-29 07:00:00,23952.8984375,24703.0,actual_period_prediction,
2026-07-29 08:00:00,24976.138671875,25673.5,actual_period_prediction,
2026-07-29 09:00:00,24107.72265625,24373.0,actual_period_prediction,
2026-07-29 10:00:00,22716.435546875,22843.0,actual_period_prediction,
2026-07-29 11:00:00,21364.072265625,21926.5,actual_period_prediction,
2026-07-29 12:00:00,20903.05859375,22183.5,actual_period_prediction,
2026-07-29 13:00:00,20756.970703125,22206.5,actual_period_prediction,
2026-07-29 14:00:00,20714.82421875,22127.5,actual_period_prediction,
2026-07-29 15:00:00,21962.603515625,22191.5,actual_period_prediction,
2026-07-29 16:00:00,24362.62890625,23881.5,actual_period_prediction,
2026-07-29 17:00:00,26775.716796875,26152.5,actual_period_prediction,
2026-07-29 18:00:00,27837.3671875,27660.0,actual_period_prediction,
2026-07-29 19:00:00,28355.830078125,28805.5,actual_period_prediction,
2026-07-29 20:00:00,27841.71875,28656.0,actual_period_prediction,
2026-07-29 21:00:00,27367.671875,28952.0,actual_period_prediction,
2026-07-29 22:00:00,25972.5859375,26934.5,actual_period_prediction,
2026-07-29 23:00:00,24221.708984375,24692.0,actual_period_prediction,
2026-07-30 00:00:00,23283.25390625,23642.0,actual_period_prediction,
2026-07-30 01:00:00,22662.14453125,22860.5,actual_period_prediction,
2026-07-30 02:00:00,21687.865234375,22225.5,actual_period_prediction,
2026-07-30 03:00:00,21165.154296875,21199.5,actual_period_prediction,
2026-07-30 04:00:00,20612.9609375,20823.0,actual_period_prediction,
2026-07-30 05:00:00,20340.490234375,20600.0,actual_period_prediction,
2026-07-30 06:00:00,22164.390625,22390.5,actual_period_prediction,
2026-07-30 07:00:00,24297.5,24530.0,actual_period_prediction,
2026-07-30 08:00:00,25048.0390625,25016.0,actual_period_prediction,
2026-07-30 09:00:00,23860.9609375,24384.0,actual_period_prediction,
2026-07-30 10:00:00,22070.00390625,23834.5,actual_period_prediction,
2026-07-30 11:00:00,21166.1484375,22941.0,actual_period_prediction,
2026-07-30 12:00:00,20668.310546875,22289.0,actual_period_prediction,
2026-07-30 13:00:00,20437.9140625,21542.5,actual_period_prediction,
2026-07-30 14:00:00,19892.1953125,21704.5,actual_period_prediction,
2026-07-30 15:00:00,20313.7109375,21647.5,actual_period_prediction,
2026-07-30 16:00:00,22052.69921875,22449.0,actual_period_prediction,
2026-07-30 17:00:00,23558.712890625,24400.5,actual_period_prediction,
2026-07-30 18:00:00,25887.529296875,26815.5,actual_period_prediction,
2026-07-30 19:00:00,27902.2578125,27566.5,actual_period_prediction,
2026-07-30 20:00:00,27627.453125,27550.5,actual_period_prediction,
2026-07-30 21:00:00,27710.3671875,27344.0,actual_period_prediction,
2026-07-30 22:00:00,25900.287109375,25843.5,actual_period_prediction,
2026-07-30 23:00:00,24140.48828125,23786.0,actual_period_prediction,
2026-07-31 00:00:00,22979.166015625,22714.0,actual_period_prediction,
2026-07-31 01:00:00,22098.748046875,22074.0,actual_period_prediction,
2026-07-31 02:00:00,21751.611328125,21289.5,actual_period_prediction,
2026-07-31 03:00:00,20499.90234375,20616.0,actual_period_prediction,
2026-07-31 04:00:00,20285.916015625,20050.5,actual_period_prediction,
2026-07-31 05:00:00,19976.216796875,19671.5,actual_period_prediction,
2026-07-31 06:00:00,21900.6875,21297.5,actual_period_prediction,
2026-07-31 07:00:00,23657.82421875,23322.0,actual_period_prediction,
2026-07-31 08:00:00,24087.13671875,23442.5,actual_period_prediction,
2026-07-31 09:00:00,22826.017578125,21427.5,actual_period_prediction,
2026-07-31 10:00:00,22150.294921875,19710.0,actual_period_prediction,
2026-07-31 11:00:00,21195.314453125,18853.5,actual_period_prediction,
2026-07-31 12:00:00,20611.8125,18919.5,actual_period_prediction,
2026-07-31 13:00:00,20009.626953125,18070.5,actual_period_prediction,
2026-07-31 14:00:00,19645.31640625,17394.0,actual_period_prediction,
2026-07-31 15:00:00,19477.57421875,17686.5,actual_period_prediction,
2026-07-31 16:00:00,20143.490234375,18660.0,actual_period_prediction,
2026-07-31 17:00:00,21988.3984375,20817.5,actual_period_prediction,
2026-07-31 18:00:00,24725.47265625,23778.0,actual_period_prediction,
2026-07-31 19:00:00,26369.15625,26225.0,actual_period_prediction,
2026-07-31 20:00:00,26430.701171875,26301.5,actual_period_prediction,
2026-07-31 21:00:00,26166.123046875,25947.5,actual_period_prediction,
2026-07-31 22:00:00,24719.806640625,24240.0,actual_period_prediction,
2026-07-31 23:00:00,23041.06640625,22243.0,actual_period_prediction,
2026-08-01 00:00:00,21735.23046875,21362.0,actual_period_prediction,
2026-08-01 01:00:00,21066.3828125,20666.5,actual_period_prediction,
2026-08-01 02:00:00,19727.185546875,20015.0,actual_period_prediction,
2026-08-01 03:00:00,18988.6328125,19759.0,actual_period_prediction,
2026-08-01 04:00:00,18412.6796875,19000.5,actual_period_prediction,
2026-08-01 05:00:00,18137.380859375,18422.5,actual_period_prediction,
2026-08-01 06:00:00,18762.783203125,18967.5,actual_period_prediction,
2026-08-01 07:00:00,19719.943359375,19160.5,actual_period_prediction,
2026-08-01 08:00:00,20260.435546875,18396.0,actual_period_prediction,
2026-08-01 09:00:00,18990.96875,16980.0,actual_period_prediction,
2026-08-01 10:00:00,17730.9375,15984.0,actual_period_prediction,
2026-08-01 11:00:00,16473.5859375,15673.0,actual_period_prediction,
2026-08-01 12:00:00,15468.662109375,15205.5,actual_period_prediction,
2026-08-01 13:00:00,14702.880859375,14477.0,actual_period_prediction,
2026-08-01 14:00:00,14565.482421875,14115.0,actual_period_prediction,
2026-08-01 15:00:00,15335.6904296875,14305.0,actual_period_prediction,
2026-08-01 16:00:00,16993.9453125,16050.5,actual_period_prediction,
2026-08-01 17:00:00,19901.849609375,19107.5,actual_period_prediction,
2026-08-01 18:00:00,22602.013671875,21583.5,actual_period_prediction,
2026-08-01 19:00:00,24285.2734375,23139.5,actual_period_prediction,
2026-08-01 20:00:00,24583.4765625,24068.0,actual_period_prediction,
2026-08-01 21:00:00,24502.728515625,23780.5,actual_period_prediction,
2026-08-01 22:00:00,23464.107421875,23159.5,actual_period_prediction,
2026-08-01 23:00:00,21945.337890625,21652.0,actual_period_prediction,
2026-08-02 00:00:00,20916.669921875,21029.0,actual_period_prediction,
2026-08-02 01:00:00,19982.5859375,20326.5,actual_period_prediction,
2026-08-02 02:00:00,18871.236328125,19592.5,actual_period_prediction,
2026-08-02 03:00:00,18440.048828125,18694.0,actual_period_prediction,
2026-08-02 04:00:00,17815.267578125,18202.0,actual_period_prediction,
2026-08-02 05:00:00,17480.056640625,17727.5,actual_period_prediction,
2026-08-02 06:00:00,17524.380859375,17597.5,actual_period_prediction,
2026-08-02 07:00:00,17766.1484375,17463.0,actual_period_prediction,
2026-08-02 08:00:00,17807.85546875,17138.0,actual_period_prediction,
2026-08-02 09:00:00,17539.552734375,16513.0,actual_period_prediction,
2026-08-02 10:00:00,17494.013671875,15497.0,actual_period_prediction,
2026-08-02 11:00:00,17448.455078125,15024.0,actual_period_prediction,
2026-08-02 12:00:00,16745.4765625,14874.0,actual_period_prediction,
2026-08-02 13:00:00,16612.2421875,15134.0,actual_period_prediction,
2026-08-02 14:00:00,16842.451171875,15551.5,actual_period_prediction,
2026-08-02 15:00:00,17098.45703125,16767.5,actual_period_prediction,
2026-08-02 16:00:00,18775.607421875,19394.0,actual_period_prediction,
2026-08-02 17:00:00,21672.552734375,22208.5,actual_period_prediction,
2026-08-02 18:00:00,23120.15234375,24203.5,actual_period_prediction,
2026-08-02 19:00:00,24153.419921875,24996.0,actual_period_prediction,
2026-08-02 20:00:00,24767.85546875,25226.5,actual_period_prediction,
2026-08-02 21:00:00,24217.521484375,25172.5,actual_period_prediction,
2026-08-02 22:00:00,22887.52734375,23857.5,actual_period_prediction,
2026-08-02 23:00:00,21428.89453125,22370.5,actual_period_prediction,
2026-08-03 00:00:00,20909.57421875,21465.0,actual_period_prediction,
2026-08-03 01:00:00,20326.1171875,21116.5,actual_period_prediction,
2026-08-03 02:00:00,19199.943359375,20317.5,actual_period_prediction,
2026-08-03 03:00:00,18471.46484375,19575.0,actual_period_prediction,
2026-08-03 04:00:00,18057.41796875,18750.5,actual_period_prediction,
2026-08-03 05:00:00,17961.724609375,18677.5,actual_period_prediction,
2026-08-03 06:00:00,19236.646484375,20303.5,actual_period_prediction,
2026-08-03 07:00:00,20695.279296875,22710.0,actual_period_prediction,
2026-08-03 08:00:00,21189.65625,23412.5,actual_period_prediction,
2026-08-03 09:00:00,21685.759765625,22199.5,actual_period_prediction,
2026-08-03 10:00:00,21413.1875,20092.5,actual_period_prediction,
2026-08-03 11:00:00,20505.55859375,19415.5,actual_period_prediction,
2026-08-03 12:00:00,20148.837890625,19262.0,actual_period_prediction,
2026-08-03 13:00:00,18295.056640625,19698.0,actual_period_prediction,
2026-08-03 14:00:00,18154.68359375,20118.5,actual_period_prediction,
2026-08-03 15:00:00,19036.5,21296.5,actual_period_prediction,
2026-08-03 16:00:00,21510.5859375,23213.0,actual_period_prediction,
2026-08-03 17:00:00,25015.7734375,26227.5,actual_period_prediction,
2026-08-03 18:00:00,26377.84375,28008.5,actual_period_prediction,
2026-08-03 19:00:00,26754.98828125,28307.5,actual_period_prediction,
2026-08-03 20:00:00,26920.00390625,27874.0,actual_period_prediction,
2026-08-03 21:00:00,26092.99609375,27340.0,actual_period_prediction,
2026-08-03 22:00:00,24243.01953125,25241.5,actual_period_prediction,
2026-08-03 23:00:00,22892.251953125,23110.0,actual_period_prediction,
2026-08-04 00:00:00,21825.77734375,22298.0,actual_period_prediction,
2026-08-04 01:00:00,21713.91015625,22412.0,actual_period_prediction,
2026-08-04 02:00:00,21148.94921875,21835.0,actual_period_prediction,
2026-08-04 03:00:00,20273.02734375,20541.5,actual_period_prediction,
2026-08-04 04:00:00,19397.87109375,19918.0,actual_period_prediction,
2026-08-04 05:00:00,19199.19921875,19759.0,actual_period_prediction,
2026-08-04 06:00:00,22001.44921875,21427.0,actual_period_prediction,
2026-08-04 07:00:00,24621.568359375,24265.5,actual_period_prediction,
2026-08-04 08:00:00,25620.083984375,25685.5,actual_period_prediction,
2026-08-04 09:00:00,24857.5390625,25695.0,actual_period_prediction,
2026-08-04 10:00:00,24017.138671875,25287.0,actual_period_prediction,
2026-08-04 11:00:00,24164.08203125,24729.5,actual_period_prediction,
2026-08-04 12:00:00,23362.53125,24174.5,actual_period_prediction,
2026-08-04 13:00:00,22884.888671875,23823.0,actual_period_prediction,
2026-08-04 14:00:00,22809.9609375,23668.0,actual_period_prediction,
2026-08-04 15:00:00,22585.904296875,23855.5,actual_period_prediction,
2026-08-04 16:00:00,25145.638671875,24475.0,actual_period_prediction,
2026-08-04 17:00:00,26847.12109375,25980.0,actual_period_prediction,
2026-08-04 18:00:00,28722.603515625,27644.5,actual_period_prediction,
2026-08-04 19:00:00,28854.7109375,27902.0,actual_period_prediction,
2026-08-04 20:00:00,28740.130859375,27646.5,actual_period_prediction,
2026-08-04 21:00:00,27943.703125,27347.0,actual_period_prediction,
2026-08-04 22:00:00,26052.384765625,25522.0,actual_period_prediction,
2026-08-04 23:00:00,24178.908203125,22562.0,actual_period_prediction,
2026-08-05 00:00:00,22623.025390625,21131.0,actual_period_prediction,
2026-08-05 01:00:00,22498.79296875,20756.5,actual_period_prediction,
2026-08-05 02:00:00,21776.736328125,20368.0,actual_period_prediction,
2026-08-05 03:00:00,20526.353515625,19510.5,actual_period_prediction,
2026-08-05 04:00:00,20340.806640625,19146.0,actual_period_prediction,
2026-08-05 05:00:00,20088.15625,19070.5,actual_period_prediction,
2026-08-05 06:00:00,21697.1484375,20970.5,actual_period_prediction,
2026-08-05 07:00:00,24204.51171875,22840.5,actual_period_prediction,
2026-08-05 08:00:00,25206.701171875,23217.5,actual_period_prediction,
2026-08-05 09:00:00,24327.923828125,22625.0,actual_period_prediction,
2026-08-05 10:00:00,22801.00390625,21305.5,actual_period_prediction,
2026-08-05 11:00:00,20426.951171875,20080.5,actual_period_prediction,
2026-08-05 12:00:00,20590.181640625,19483.5,actual_period_prediction,
2026-08-05 13:00:00,20043.2890625,18143.0,actual_period_prediction,
2026-08-05 14:00:00,19779.201171875,17535.0,actual_period_prediction,
2026-08-05 15:00:00,19069.48828125,17516.5,actual_period_prediction,
2026-08-05 16:00:00,20897.96875,18423.0,actual_period_prediction,
2026-08-05 17:00:00,22848.767578125,20927.0,actual_period_prediction,
2026-08-05 18:00:00,25360.7578125,22964.5,actual_period_prediction,
2026-08-05 19:00:00,26990.626953125,24281.0,actual_period_prediction,
2026-08-05 20:00:00,26544.330078125,24475.5,actual_period_prediction,
2026-08-05 21:00:00,26181.134765625,24476.0,actual_period_prediction,
2026-08-05 22:00:00,24826.376953125,22758.0,actual_period_prediction,
2026-08-05 23:00:00,22520.326171875,20662.0,actual_period_prediction,
2026-08-06 00:00:00,21367.376953125,19767.0,actual_period_prediction,
2026-08-06 01:00:00,20875.05078125,19245.0,actual_period_prediction,
2026-08-06 02:00:00,20392.54296875,18670.0,actual_period_prediction,
2026-08-06 03:00:00,19622.96484375,18113.0,actual_period_prediction,
2026-08-06 04:00:00,19482.46484375,18054.0,actual_period_prediction,
2026-08-06 05:00:00,19614.482421875,18237.0,actual_period_prediction,
2026-08-06 06:00:00,21250.927734375,19953.5,actual_period_prediction,
2026-08-06 07:00:00,22931.177734375,22099.0,actual_period_prediction,
2026-08-06 08:00:00,23397.859375,22833.5,actual_period_prediction,
2026-08-06 09:00:00,22932.478515625,22137.0,actual_period_prediction,
2026-08-06 10:00:00,21557.443359375,21516.5,actual_period_prediction,
2026-08-06 11:00:00,21630.59765625,21858.0,actual_period_prediction,
2026-08-06 12:00:00,21790.55078125,21938.5,actual_period_prediction,
2026-08-06 13:00:00,21585.333984375,21598.5,actual_period_prediction,
2026-08-06 14:00:00,21732.865234375,21047.0,actual_period_prediction,
2026-08-06 15:00:00,21728.728515625,21163.5,actual_period_prediction,
2026-08-06 16:00:00,22004.662109375,22367.5,actual_period_prediction,
2026-08-06 17:00:00,22694.66796875,25223.5,actual_period_prediction,
2026-08-06 18:00:00,24326.724609375,27326.5,actual_period_prediction,
2026-08-06 19:00:00,25376.548828125,28364.0,actual_period_prediction,
2026-08-06 20:00:00,25524.197265625,27589.5,actual_period_prediction,
2026-08-06 21:00:00,25426.681640625,26737.5,actual_period_prediction,
2026-08-06 22:00:00,23870.052734375,24465.0,actual_period_prediction,
2026-08-06 23:00:00,22246.90625,22420.5,actual_period_prediction,
2026-08-07 00:00:00,21253.89453125,21711.5,actual_period_prediction,
2026-08-07 01:00:00,20822.47265625,21254.0,actual_period_prediction,
2026-08-07 02:00:00,19970.998046875,20218.0,actual_period_prediction,
2026-08-07 03:00:00,19562.9453125,19342.0,actual_period_prediction,
2026-08-07 04:00:00,19248.37109375,18571.0,actual_period_prediction,
2026-08-07 05:00:00,19407.607421875,18519.5,actual_period_prediction,
2026-08-07 06:00:00,21039.263671875,19893.0,actual_period_prediction,
2026-08-07 07:00:00,22218.25,21883.0,actual_period_prediction,
2026-08-07 08:00:00,22901.169921875,21410.5,actual_period_prediction,
2026-08-07 09:00:00,21762.943359375,20014.0,actual_period_prediction,
2026-08-07 10:00:00,20308.013671875,18520.5,actual_period_prediction,
2026-08-07 11:00:00,20091.078125,17277.5,actual_period_prediction,
2026-08-07 12:00:00,20355.3046875,17064.5,actual_period_prediction,
2026-08-07 13:00:00,20038.91796875,16548.5,actual_period_prediction,
2026-08-07 14:00:00,19738.501953125,16489.5,actual_period_prediction,
2026-08-07 15:00:00,19595.83984375,16595.5,actual_period_prediction,
2026-08-07 16:00:00,20998.279296875,18254.0,actual_period_prediction,
2026-08-07 17:00:00,23662.85546875,21206.5,actual_period_prediction,
2026-08-07 18:00:00,25435.15234375,23917.5,actual_period_prediction,
2026-08-07 19:00:00,27082.9609375,25652.5,actual_period_prediction,
2026-08-07 20:00:00,26641.875,25447.0,actual_period_prediction,
2026-08-07 21:00:00,26218.80859375,24881.0,actual_period_prediction,
2026-08-07 22:00:00,24224.203125,24018.0,actual_period_prediction,
2026-08-07 23:00:00,22511.80859375,22324.0,actual_period_prediction,
2026-08-08 00:00:00,21323.626953125,21087.0,actual_period_prediction,
2026-08-08 01:00:00,20458.509765625,20434.5,actual_period_prediction,
2026-08-08 02:00:00,19550.7109375,19682.5,actual_period_prediction,
2026-08-08 03:00:00,18861.376953125,18670.0,actual_period_prediction,
2026-08-08 04:00:00,17797.392578125,18162.5,actual_period_prediction,
2026-08-08 05:00:00,17681.01953125,17781.5,actual_period_prediction,
2026-08-08 06:00:00,18215.720703125,18533.5,actual_period_prediction,
2026-08-08 07:00:00,19427.0,18815.0,actual_period_prediction,
2026-08-08 08:00:00,19101.365234375,18196.5,actual_period_prediction,
2026-08-08 09:00:00,18247.376953125,17164.0,actual_period_prediction,
2026-08-08 10:00:00,17334.46875,15894.0,actual_period_prediction,
2026-08-08 11:00:00,16506.994140625,14432.0,actual_period_prediction,
2026-08-08 12:00:00,14856.0166015625,13639.5,actual_period_prediction,
2026-08-08 13:00:00,14770.2666015625,13294.5,actual_period_prediction,
2026-08-08 14:00:00,14969.599609375,13462.5,actual_period_prediction,
2026-08-08 15:00:00,15394.0859375,14248.0,actual_period_prediction,
2026-08-08 16:00:00,17502.7265625,17426.5,actual_period_prediction,
2026-08-08 17:00:00,20049.59375,21208.5,actual_period_prediction,
2026-08-08 18:00:00,22731.734375,23572.5,actual_period_prediction,
2026-08-08 19:00:00,24021.212890625,24240.0,actual_period_prediction,
2026-08-08 20:00:00,24150.890625,24576.5,actual_period_prediction,
2026-08-08 21:00:00,23940.076171875,24526.0,actual_period_prediction,
2026-08-08 22:00:00,23187.205078125,23310.0,actual_period_prediction,
2026-08-08 23:00:00,21636.021484375,21836.0,actual_period_prediction,
2026-08-09 00:00:00,20713.330078125,21147.0,actual_period_prediction,
2026-08-09 01:00:00,19909.048828125,20345.0,actual_period_prediction,
2026-08-09 02:00:00,18846.095703125,19264.5,actual_period_prediction,
2026-08-09 03:00:00,18020.0703125,18103.5,actual_period_prediction,
2026-08-09 04:00:00,17456.453125,17993.5,actual_period_prediction,
2026-08-09 05:00:00,17232.833984375,17600.0,actual_period_prediction,
2026-08-09 06:00:00,17200.98828125,17877.5,actual_period_prediction,
2026-08-09 07:00:00,17730.6484375,17673.0,actual_period_prediction,
2026-08-09 08:00:00,17978.548828125,17393.0,actual_period_prediction,
2026-08-09 09:00:00,18056.861328125,17078.0,actual_period_prediction,
2026-08-09 10:00:00,18126.931640625,16127.0,actual_period_prediction,
2026-08-09 11:00:00,18163.05859375,15274.5,actual_period_prediction,
2026-08-09 12:00:00,18392.771484375,15186.5,actual_period_prediction,
2026-08-09 13:00:00,18594.3671875,14988.0,actual_period_prediction,
2026-08-09 14:00:00,17232.697265625,14889.5,actual_period_prediction,
2026-08-09 15:00:00,18243.880859375,16123.5,actual_period_prediction,
2026-08-09 16:00:00,19744.072265625,18833.5,actual_period_prediction,
2026-08-09 17:00:00,22106.181640625,21983.0,actual_period_prediction,
2026-08-09 18:00:00,24005.92578125,24328.0,actual_period_prediction,
2026-08-09 19:00:00,24571.404296875,25258.0,actual_period_prediction,
2026-08-09 20:00:00,24874.517578125,25461.0,actual_period_prediction,
2026-08-09 21:00:00,24274.796875,25344.0,actual_period_prediction,
2026-08-09 22:00:00,23163.3046875,23761.5,actual_period_prediction,
2026-08-09 23:00:00,21709.02734375,21912.5,actual_period_prediction,
2026-08-10 00:00:00,21075.42578125,21486.5,actual_period_prediction,
2026-08-10 01:00:00,20611.69921875,20928.0,actual_period_prediction,
2026-08-10 02:00:00,19589.5625,20623.5,actual_period_prediction,
2026-08-10 03:00:00,19005.044921875,19186.0,actual_period_prediction,
2026-08-10 04:00:00,18631.80859375,18699.5,actual_period_prediction,
2026-08-10 05:00:00,19161.6953125,18851.5,actual_period_prediction,
2026-08-10 06:00:00,21779.34375,20387.0,actual_period_prediction,
2026-08-10 07:00:00,23346.537109375,22644.5,actual_period_prediction,
2026-08-10 08:00:00,23753.837890625,23669.0,actual_period_prediction,
2026-08-10 09:00:00,22877.638671875,22581.0,actual_period_prediction,
2026-08-10 10:00:00,21770.861328125,20638.0,actual_period_prediction,
2026-08-10 11:00:00,20970.15625,19188.5,actual_period_prediction,
2026-08-10 12:00:00,20366.583984375,18574.0,actual_period_prediction,
2026-08-10 13:00:00,20412.61328125,18026.0,actual_period_prediction,
2026-08-10 14:00:00,20746.462890625,18371.5,actual_period_prediction,
2026-08-10 15:00:00,21365.287109375,19543.0,actual_period_prediction,
2026-08-10 16:00:00,23433.220703125,21835.5,actual_period_prediction,
2026-08-10 17:00:00,25481.267578125,24839.5,actual_period_prediction,
2026-08-10 18:00:00,28062.177734375,27026.0,actual_period_prediction,
2026-08-10 19:00:00,28203.67578125,28557.5,actual_period_prediction,
2026-08-10 20:00:00,28012.595703125,28273.5,actual_period_prediction,
2026-08-10 21:00:00,27466.55078125,27473.0,actual_period_prediction,
2026-08-10 22:00:00,25342.4453125,25269.0,actual_period_prediction,
2026-08-10 23:00:00,22843.328125,23264.0,actual_period_prediction,
2026-08-11 00:00:00,22070.265625,22379.5,actual_period_prediction,
2026-08-11 01:00:00,21886.08203125,21636.0,actual_period_prediction,
2026-08-11 02:00:00,21384.6875,21007.5,actual_period_prediction,
2026-08-11 03:00:00,20296.04296875,19813.5,actual_period_prediction,
2026-08-11 04:00:00,19784.15234375,19499.0,actual_period_prediction,
2026-08-11 05:00:00,19991.32421875,19550.5,actual_period_prediction,
2026-08-11 06:00:00,21945.125,21665.0,actual_period_prediction,
2026-08-11 07:00:00,24304.90234375,23501.5,actual_period_prediction,
2026-08-11 08:00:00,25327.486328125,23528.5,actual_period_prediction,
2026-08-11 09:00:00,24580.5859375,21788.5,actual_period_prediction,
2026-08-11 10:00:00,22767.203125,19614.5,actual_period_prediction,
2026-08-11 11:00:00,21481.361328125,18405.0,actual_period_prediction,
2026-08-11 12:00:00,20779.6796875,17566.5,actual_period_prediction,
2026-08-11 13:00:00,20689.341796875,17227.5,actual_period_prediction,
2026-08-11 14:00:00,20836.826171875,17452.5,actual_period_prediction,
2026-08-11 15:00:00,21499.896484375,18781.5,actual_period_prediction,
2026-08-11 16:00:00,22697.517578125,20995.0,actual_period_prediction,
2026-08-11 17:00:00,25020.51953125,23727.0,actual_period_prediction,
2026-08-11 18:00:00,27847.47265625,26199.0,actual_period_prediction,
2026-08-11 19:00:00,28923.033203125,27709.0,actual_period_prediction,
2026-08-11 20:00:00,28788.48046875,27825.0,actual_period_prediction,
2026-08-11 21:00:00,27698.193359375,27583.5,actual_period_prediction,
2026-08-11 22:00:00,25528.203125,25333.5,actual_period_prediction,
2026-08-11 23:00:00,23205.53125,23159.0,actual_period_prediction,
2026-08-12 00:00:00,21904.318359375,22271.5,actual_period_prediction,
2026-08-12 01:00:00,21071.85546875,21299.0,actual_period_prediction,
2026-08-12 02:00:00,20454.3125,20922.5,actual_period_prediction,
2026-08-12 03:00:00,19747.40234375,20013.5,actual_period_prediction,
2026-08-12 04:00:00,19470.345703125,19539.5,actual_period_prediction,
2026-08-12 05:00:00,19607.19140625,19714.0,actual_period_prediction,
2026-08-12 06:00:00,21415.232421875,21701.0,actual_period_prediction,
2026-08-12 07:00:00,23412.357421875,23745.5,actual_period_prediction,
2026-08-12 08:00:00,23826.130859375,24054.0,actual_period_prediction,
2026-08-12 09:00:00,22213.0234375,22648.5,actual_period_prediction,
2026-08-12 10:00:00,21284.416015625,20832.0,actual_period_prediction,
2026-08-12 11:00:00,20419.2109375,19667.5,actual_period_prediction,
2026-08-12 12:00:00,19459.84765625,19433.0,actual_period_prediction,
2026-08-12 13:00:00,18843.451171875,19306.0,actual_period_prediction,
2026-08-12 14:00:00,18748.052734375,19599.0,actual_period_prediction,
2026-08-12 15:00:00,19241.2890625,20723.5,actual_period_prediction,
2026-08-12 16:00:00,21134.62890625,23442.5,actual_period_prediction,
2026-08-12 17:00:00,24152.84765625,26147.5,actual_period_prediction,
2026-08-12 18:00:00,26587.80859375,28041.5,actual_period_prediction,
2026-08-12 19:00:00,27955.380859375,29187.0,actual_period_prediction,
2026-08-12 20:00:00,27898.2109375,29702.5,actual_period_prediction,
2026-08-12 21:00:00,27495.78515625,29326.5,actual_period_prediction,
2026-08-12 22:00:00,25215.9921875,27048.5,actual_period_prediction,
2026-08-12 23:00:00,23259.970703125,25001.0,actual_period_prediction,
2026-08-13 00:00:00,22125.92578125,23920.0,actual_period_prediction,
2026-08-13 01:00:00,21020.56640625,23574.0,actual_period_prediction,
2026-08-13 02:00:00,20689.9609375,22316.5,actual_period_prediction,
2026-08-13 03:00:00,20015.099609375,21407.0,actual_period_prediction,
2026-08-13 04:00:00,19760.595703125,20813.5,actual_period_prediction,
2026-08-13 05:00:00,19839.23828125,20929.5,actual_period_prediction,
2026-08-13 06:00:00,21418.83203125,22472.5,actual_period_prediction,
2026-08-13 07:00:00,23522.54296875,24970.0,actual_period_prediction,
2026-08-13 08:00:00,24329.65625,25453.5,actual_period_prediction,
2026-08-13 09:00:00,23160.703125,24266.0,actual_period_prediction,
2026-08-13 10:00:00,21594.74609375,22937.5,actual_period_prediction,
2026-08-13 11:00:00,21015.640625,21604.5,actual_period_prediction,
2026-08-13 12:00:00,20567.1796875,21491.5,actual_period_prediction,
2026-08-13 13:00:00,20041.767578125,21437.5,actual_period_prediction,
2026-08-13 14:00:00,20284.59765625,22242.0,actual_period_prediction,
2026-08-13 15:00:00,20865.873046875,23139.0,actual_period_prediction,
2026-08-13 16:00:00,23360.416015625,25385.5,actual_period_prediction,
2026-08-13 17:00:00,25672.66015625,27680.0,actual_period_prediction,
2026-08-13 18:00:00,27606.623046875,29108.0,actual_period_prediction,
2026-08-13 19:00:00,29307.6796875,30133.0,actual_period_prediction,
2026-08-13 20:00:00,29599.53515625,30333.0,actual_period_prediction,
2026-08-13 21:00:00,28979.26953125,30341.5,actual_period_prediction,
2026-08-13 22:00:00,27250.23046875,28313.5,actual_period_prediction,
2026-08-13 23:00:00,25148.294921875,25536.0,actual_period_prediction,
2026-08-14 00:00:00,23672.91015625,24929.0,actual_period_prediction,
2026-08-14 01:00:00,23738.2890625,24051.0,actual_period_prediction,
2026-08-14 02:00:00,22374.318359375,23548.5,actual_period_prediction,
2026-08-14 03:00:00,21143.572265625,22163.5,actual_period_prediction,
2026-08-14 04:00:00,20748.951171875,21513.5,actual_period_prediction,
2026-08-14 05:00:00,20983.984375,21447.0,actual_period_prediction,
2026-08-14 06:00:00,22385.861328125,23004.0,actual_period_prediction,
2026-08-14 07:00:00,24279.8671875,25517.0,actual_period_prediction,
2026-08-14 08:00:00,24517.96875,26181.0,actual_period_prediction,
2026-08-14 09:00:00,23752.7421875,25241.5,actual_period_prediction,
2026-08-14 10:00:00,22623.21875,23345.5,actual_period_prediction,
2026-08-14 11:00:00,21736.251953125,22179.5,actual_period_prediction,
2026-08-14 12:00:00,21691.046875,21541.5,actual_period_prediction,
2026-08-14 13:00:00,21133.80859375,21533.0,actual_period_prediction,
2026-08-14 14:00:00,21980.474609375,21650.0,actual_period_prediction,
2026-08-14 15:00:00,22435.75390625,22529.5,actual_period_prediction,
2026-08-14 16:00:00,23358.611328125,24135.5,actual_period_prediction,
2026-08-14 17:00:00,25287.064453125,26417.0,actual_period_prediction,
2026-08-14 18:00:00,26734.349609375,28092.0,actual_period_prediction,
2026-08-14 19:00:00,28236.966796875,29083.0,actual_period_prediction,
2026-08-14 20:00:00,28338.8125,28593.0,actual_period_prediction,
2026-08-14 21:00:00,28060.33984375,28561.5,actual_period_prediction,
2026-08-14 22:00:00,26215.296875,26818.0,actual_period_prediction,
2026-08-14 23:00:00,24109.490234375,24637.0,actual_period_prediction,
2026-08-15 00:00:00,22730.48046875,23202.5,actual_period_prediction,
2026-08-15 01:00:00,21643.767578125,22509.5,actual_period_prediction,
2026-08-15 02:00:00,21088.119140625,21149.5,actual_period_prediction,
2026-08-15 03:00:00,20043.97265625,20641.0,actual_period_prediction,
2026-08-15 04:00:00,19322.4140625,19753.0,actual_period_prediction,
2026-08-15 05:00:00,18826.09375,19520.0,actual_period_prediction,
2026-08-15 06:00:00,19553.31640625,20044.0,actual_period_prediction,
2026-08-15 07:00:00,20658.078125,21212.5,actual_period_prediction,
2026-08-15 08:00:00,21020.998046875,21259.0,actual_period_prediction,
2026-08-15 09:00:00,20660.484375,20775.0,actual_period_prediction,
2026-08-15 10:00:00,19689.2890625,19840.5,actual_period_prediction,
2026-08-15 11:00:00,18530.951171875,18774.5,actual_period_prediction,
2026-08-15 12:00:00,18529.076171875,18097.0,actual_period_prediction,
2026-08-15 13:00:00,18737.92578125,17112.5,actual_period_prediction,
2026-08-15 14:00:00,19272.525390625,16920.5,actual_period_prediction,
2026-08-15 15:00:00,19443.83203125,18072.5,actual_period_prediction,
2026-08-15 16:00:00,21159.568359375,19809.5,actual_period_prediction,
2026-08-15 17:00:00,23392.0546875,22346.0,actual_period_prediction,
2026-08-15 18:00:00,24644.978515625,24396.5,actual_period_prediction,
2026-08-15 19:00:00,25849.255859375,25380.5,actual_period_prediction,
2026-08-15 20:00:00,25811.361328125,25789.5,actual_period_prediction,
2026-08-15 21:00:00,25845.244140625,25462.5,actual_period_prediction,
2026-08-15 22:00:00,24271.365234375,24071.0,actual_period_prediction,
2026-08-15 23:00:00,22910.232421875,22534.5,actual_period_prediction,
2026-08-16 00:00:00,21909.205078125,21875.5,actual_period_prediction,
2026-08-16 01:00:00,21062.3828125,21459.5,actual_period_prediction,
2026-08-16 02:00:00,19964.5546875,20399.0,actual_period_prediction,
2026-08-16 03:00:00,19133.765625,19160.0,actual_period_prediction,
2026-08-16 04:00:00,18432.900390625,18813.0,actual_period_prediction,
2026-08-16 05:00:00,18122.689453125,18381.5,actual_period_prediction,
2026-08-16 06:00:00,18476.16796875,18598.5,actual_period_prediction,
2026-08-16 07:00:00,19467.4453125,19520.5,actual_period_prediction,
2026-08-16 08:00:00,20015.830078125,20341.0,actual_period_prediction,
2026-08-16 09:00:00,19727.21875,20454.0,actual_period_prediction,
2026-08-16 10:00:00,19356.84765625,19956.5,actual_period_prediction,
2026-08-16 11:00:00,19517.978515625,19446.0,actual_period_prediction,
2026-08-16 12:00:00,19564.6640625,18930.0,actual_period_prediction,
2026-08-16 13:00:00,19211.21875,18021.0,actual_period_prediction,
2026-08-16 14:00:00,18531.173828125,18168.0,actual_period_prediction,
2026-08-16 15:00:00,18808.509765625,19575.0,actual_period_prediction,
2026-08-16 16:00:00,21335.775390625,21948.5,actual_period_prediction,
2026-08-16 17:00:00,23181.7421875,23996.5,actual_period_prediction,
2026-08-16 18:00:00,25400.908203125,26291.0,actual_period_prediction,
2026-08-16 19:00:00,26243.736328125,26482.5,actual_period_prediction,
2026-08-16 20:00:00,26365.333984375,25998.0,actual_period_prediction,
2026-08-16 21:00:00,25800.69921875,25469.5,actual_period_prediction,
2026-08-16 22:00:00,24527.572265625,23963.0,actual_period_prediction,
2026-08-16 23:00:00,22562.673828125,22223.5,actual_period_prediction,
2026-08-17 00:00:00,22062.0,21743.0,actual_period_prediction,
2026-08-17 01:00:00,21552.619140625,21352.0,actual_period_prediction,
2026-08-17 02:00:00,21093.9921875,21134.5,actual_period_prediction,
2026-08-17 03:00:00,19828.140625,20487.5,actual_period_prediction,
2026-08-17 04:00:00,19613.47265625,19755.0,actual_period_prediction,
2026-08-17 05:00:00,19662.986328125,19715.5,actual_period_prediction,
2026-08-17 06:00:00,22106.40234375,21056.5,actual_period_prediction,
2026-08-17 07:00:00,23893.650390625,24422.0,actual_period_prediction,
2026-08-17 08:00:00,24948.9609375,25641.0,actual_period_prediction,
2026-08-17 09:00:00,24407.666015625,26044.0,actual_period_prediction,
2026-08-17 10:00:00,23627.5078125,25518.0,actual_period_prediction,
2026-08-17 11:00:00,23258.951171875,25351.0,actual_period_prediction,
2026-08-17 12:00:00,23785.556640625,25235.5,actual_period_prediction,
2026-08-17 13:00:00,22800.806640625,24877.0,actual_period_prediction,
2026-08-17 14:00:00,22927.09765625,24371.0,actual_period_prediction,
2026-08-17 15:00:00,23861.1796875,24681.0,actual_period_prediction,
2026-08-17 16:00:00,23627.65625,26258.0,actual_period_prediction,
2026-08-17 17:00:00,27503.04296875,27972.0,actual_period_prediction,
2026-08-17 18:00:00,29238.904296875,28966.5,actual_period_prediction,
2026-08-17 19:00:00,29345.81640625,29104.0,actual_period_prediction,
2026-08-17 20:00:00,28585.9609375,28868.0,actual_period_prediction,
2026-08-17 21:00:00,27578.1875,27549.5,actual_period_prediction,
2026-08-17 22:00:00,25651.314453125,25471.0,actual_period_prediction,
2026-08-17 23:00:00,23349.982421875,23204.5,actual_period_prediction,
2026-08-18 00:00:00,22150.361328125,22289.5,actual_period_prediction,
2026-08-18 01:00:00,21562.55078125,21120.5,actual_period_prediction,
2026-08-18 02:00:00,21064.748046875,20851.0,actual_period_prediction,
2026-08-18 03:00:00,20390.185546875,19761.5,actual_period_prediction,
2026-08-18 04:00:00,19628.912109375,19269.5,actual_period_prediction,
2026-08-18 05:00:00,19828.17578125,19483.0,actual_period_prediction,
2026-08-18 06:00:00,21965.42578125,21692.0,actual_period_prediction,
2026-08-18 07:00:00,25024.896484375,24349.5,actual_period_prediction,
2026-08-18 08:00:00,25821.6328125,25918.0,actual_period_prediction,
2026-08-18 09:00:00,26105.5234375,25974.0,actual_period_prediction,
2026-08-18 10:00:00,24579.70703125,24990.0,actual_period_prediction,
2026-08-18 11:00:00,24244.81640625,24198.0,actual_period_prediction,
2026-08-18 12:00:00,24158.166015625,24000.0,actual_period_prediction,
2026-08-18 13:00:00,23721.908203125,22898.5,actual_period_prediction,
2026-08-18 14:00:00,23547.7734375,22532.0,actual_period_prediction,
2026-08-18 15:00:00,24021.388671875,23026.0,actual_period_prediction,
2026-08-18 16:00:00,26153.8671875,24678.5,actual_period_prediction,
2026-08-18 17:00:00,26915.333984375,26598.5,actual_period_prediction,
2026-08-18 18:00:00,28148.681640625,28084.0,actual_period_prediction,
2026-08-18 19:00:00,28876.982421875,28833.5,actual_period_prediction,
2026-08-18 20:00:00,28712.296875,28354.0,actual_period_prediction,
2026-08-18 21:00:00,27874.12890625,27059.5,actual_period_prediction,
2026-08-18 22:00:00,25630.517578125,24935.5,actual_period_prediction,
2026-08-18 23:00:00,23738.716796875,22648.0,actual_period_prediction,
2026-08-19 00:00:00,22169.140625,22416.5,actual_period_prediction,
2026-08-19 01:00:00,21094.0,22143.5,actual_period_prediction,
2026-08-19 02:00:00,20608.123046875,21657.0,actual_period_prediction,
2026-08-19 03:00:00,20084.623046875,20840.5,actual_period_prediction,
2026-08-19 04:00:00,19813.83203125,20039.5,actual_period_prediction,
2026-08-19 05:00:00,20077.623046875,19892.0,actual_period_prediction,
2026-08-19 06:00:00,21773.3359375,21752.0,actual_period_prediction,
2026-08-19 07:00:00,24333.759765625,24412.5,actual_period_prediction,
2026-08-19 08:00:00,25646.26953125,25540.5,actual_period_prediction,
2026-08-19 09:00:00,25227.6015625,25723.5,actual_period_prediction,
2026-08-19 10:00:00,24041.1484375,24238.5,actual_period_prediction,
2026-08-19 11:00:00,23497.84765625,22951.5,actual_period_prediction,
2026-08-19 12:00:00,23751.2734375,22093.5,actual_period_prediction,
2026-08-19 13:00:00,23501.154296875,21901.5,actual_period_prediction,
2026-08-19 14:00:00,23007.5078125,21884.0,actual_period_prediction,
2026-08-19 15:00:00,24043.38671875,21577.0,actual_period_prediction,
2026-08-19 16:00:00,24488.46875,22479.0,actual_period_prediction,
2026-08-19 17:00:00,26895.388671875,25409.0,actual_period_prediction,
2026-08-19 18:00:00,28129.2421875,27502.0,actual_period_prediction,
2026-08-19 19:00:00,28851.216796875,28579.0,actual_period_prediction,
2026-08-19 20:00:00,28752.9140625,28426.0,actual_period_prediction,
2026-08-19 21:00:00,27582.279296875,27177.5,actual_period_prediction,
2026-08-19 22:00:00,25470.330078125,24385.0,actual_period_prediction,
2026-08-19 23:00:00,23371.478515625,22095.0,actual_period_prediction,
2026-08-20 00:00:00,22469.193359375,21365.0,actual_period_prediction,
2026-08-20 01:00:00,22248.658203125,20807.0,actual_period_prediction,
2026-08-20 02:00:00,21653.904296875,20319.0,actual_period_prediction,
2026-08-20 03:00:00,20831.876953125,19355.0,actual_period_prediction,
2026-08-20 04:00:00,20319.46875,19140.5,actual_period_prediction,
2026-08-20 05:00:00,20314.94921875,19138.0,actual_period_prediction,
2026-08-20 06:00:00,21938.76171875,21428.5,actual_period_prediction,
2026-08-20 07:00:00,24578.109375,23947.0,actual_period_prediction,
2026-08-20 08:00:00,25588.259765625,24440.0,actual_period_prediction,
2026-08-20 09:00:00,25635.1796875,24126.5,actual_period_prediction,
2026-08-20 10:00:00,24361.923828125,23155.5,actual_period_prediction,
2026-08-20 11:00:00,22338.22265625,22558.0,actual_period_prediction,
2026-08-20 12:00:00,21964.470703125,22275.0,actual_period_prediction,
2026-08-20 13:00:00,21692.16015625,21778.5,actual_period_prediction,
2026-08-20 14:00:00,21313.623046875,21971.0,actual_period_prediction,
2026-08-20 15:00:00,21593.490234375,22741.5,actual_period_prediction,
2026-08-20 16:00:00,23336.654296875,24159.0,actual_period_prediction,
2026-08-20 17:00:00,26044.9453125,26230.5,actual_period_prediction,
2026-08-20 18:00:00,27872.810546875,27550.0,actual_period_prediction,
2026-08-20 19:00:00,28765.8984375,28445.0,actual_period_prediction,
2026-08-20 20:00:00,28946.384765625,27469.0,actual_period_prediction,
2026-08-20 21:00:00,27988.68359375,26604.5,actual_period_prediction,
2026-08-20 22:00:00,25324.9921875,24635.0,actual_period_prediction,
2026-08-20 23:00:00,23266.376953125,23057.5,actual_period_prediction,
2026-08-21 00:00:00,22151.556640625,22667.5,actual_period_prediction,
2026-08-21 01:00:00,21874.1875,21555.5,actual_period_prediction,
2026-08-21 02:00:00,21666.19140625,20384.0,actual_period_prediction,
2026-08-21 03:00:00,20693.84765625,19901.0,actual_period_prediction,
2026-08-21 04:00:00,20177.359375,19404.0,actual_period_prediction,
2026-08-21 05:00:00,20214.53515625,19264.0,actual_period_prediction,
2026-08-21 06:00:00,21684.890625,21143.5,actual_period_prediction,
2026-08-21 07:00:00,24092.064453125,23578.5,actual_period_prediction,
2026-08-21 08:00:00,24504.7578125,23666.0,actual_period_prediction,
2026-08-21 09:00:00,23995.15234375,21836.0,actual_period_prediction,
2026-08-21 10:00:00,22912.025390625,20671.5,actual_period_prediction,
2026-08-21 11:00:00,22058.955078125,20467.0,actual_period_prediction,
2026-08-21 12:00:00,21701.654296875,20875.0,actual_period_prediction,
2026-08-21 13:00:00,21890.462890625,20833.5,actual_period_prediction,
2026-08-21 14:00:00,22315.02734375,20877.5,actual_period_prediction,
2026-08-21 15:00:00,23505.58203125,21670.0,actual_period_prediction,
2026-08-21 16:00:00,24313.970703125,22889.5,actual_period_prediction,
2026-08-21 17:00:00,26400.072265625,24999.0,actual_period_prediction,
2026-08-21 18:00:00,27348.431640625,26280.0,actual_period_prediction,
2026-08-21 19:00:00,27760.53125,27068.5,actual_period_prediction,
2026-08-21 20:00:00,26932.568359375,27100.5,actual_period_prediction,
2026-08-21 21:00:00,26528.103515625,26475.0,actual_period_prediction,
2026-08-21 22:00:00,25184.083984375,24179.0,actual_period_prediction,
2026-08-21 23:00:00,23568.072265625,22493.0,actual_period_prediction,
2026-08-22 00:00:00,22415.685546875,21895.5,actual_period_prediction,
2026-08-22 01:00:00,21535.095703125,20623.0,actual_period_prediction,
2026-08-22 02:00:00,20124.240234375,20242.5,actual_period_prediction,
2026-08-22 03:00:00,19630.58984375,19412.0,actual_period_prediction,
2026-08-22 04:00:00,18774.181640625,18553.0,actual_period_prediction,
2026-08-22 05:00:00,18223.61328125,18371.0,actual_period_prediction,
2026-08-22 06:00:00,19377.49609375,19049.5,actual_period_prediction,
2026-08-22 07:00:00,20612.80078125,19978.0,actual_period_prediction,
2026-08-22 08:00:00,20655.091796875,19770.0,actual_period_prediction,
2026-08-22 09:00:00,20491.974609375,18744.5,actual_period_prediction,
2026-08-22 10:00:00,19178.59765625,17813.5,actual_period_prediction,
2026-08-22 11:00:00,18637.20703125,17048.5,actual_period_prediction,
2026-08-22 12:00:00,19091.728515625,16655.5,actual_period_prediction,
2026-08-22 13:00:00,19115.126953125,16322.0,actual_period_prediction,
2026-08-22 14:00:00,18975.96875,16131.5,actual_period_prediction,
2026-08-22 15:00:00,20531.8046875,16765.0,actual_period_prediction,
2026-08-22 16:00:00,21468.671875,18861.5,actual_period_prediction,
2026-08-22 17:00:00,23396.296875,22231.0,actual_period_prediction,
2026-08-22 18:00:00,24401.923828125,24514.0,actual_period_prediction,
2026-08-22 19:00:00,25421.16015625,25468.5,actual_period_prediction,
2026-08-22 20:00:00,25564.544921875,25828.0,actual_period_prediction,
2026-08-22 21:00:00,25414.251953125,24674.5,actual_period_prediction,
2026-08-22 22:00:00,23588.06640625,23415.5,actual_period_prediction,
2026-08-22 23:00:00,22213.640625,21690.0,actual_period_prediction,
2026-08-23 00:00:00,21583.529296875,20824.0,actual_period_prediction,
2026-08-23 01:00:00,20346.20703125,20172.5,actual_period_prediction,
2026-08-23 02:00:00,19665.0390625,19488.0,actual_period_prediction,
2026-08-23 03:00:00,18401.970703125,18665.5,actual_period_prediction,
2026-08-23 04:00:00,17670.205078125,18303.5,actual_period_prediction,
2026-08-23 05:00:00,17447.3203125,18035.5,actual_period_prediction,
2026-08-23 06:00:00,17982.302734375,18154.0,actual_period_prediction,
2026-08-23 07:00:00,18475.568359375,18143.5,actual_period_prediction,
2026-08-23 08:00:00,18846.53515625,17555.5,actual_period_prediction,
2026-08-23 09:00:00,18789.84375,16374.5,actual_period_prediction,
2026-08-23 10:00:00,18361.91015625,15495.0,actual_period_prediction,
2026-08-23 11:00:00,17488.638671875,15359.5,actual_period_prediction,
2026-08-23 12:00:00,16708.23828125,15709.0,actual_period_prediction,
2026-08-23 13:00:00,16690.4140625,15334.0,actual_period_prediction,
2026-08-23 14:00:00,16970.765625,15160.5,actual_period_prediction,
2026-08-23 15:00:00,17591.1796875,15853.0,actual_period_prediction,
2026-08-23 16:00:00,20853.099609375,18441.0,actual_period_prediction,
2026-08-23 17:00:00,23216.0859375,21872.5,actual_period_prediction,
2026-08-23 18:00:00,25605.01171875,24663.0,actual_period_prediction,
2026-08-23 19:00:00,26213.791015625,25977.0,actual_period_prediction,
2026-08-23 20:00:00,26128.142578125,26156.5,actual_period_prediction,
2026-08-23 21:00:00,24976.060546875,25309.0,actual_period_prediction,
2026-08-23 22:00:00,23484.939453125,23432.0,actual_period_prediction,
2026-08-23 23:00:00,21899.771484375,21510.0,actual_period_prediction,
2026-08-24 00:00:00,21474.373046875,21040.0,actual_period_prediction,
2026-08-24 01:00:00,20696.3203125,20610.5,actual_period_prediction,
2026-08-24 02:00:00,20356.10546875,19966.0,actual_period_prediction,
2026-08-24 03:00:00,19805.69140625,19195.0,actual_period_prediction,
2026-08-24 04:00:00,19546.48828125,18388.0,actual_period_prediction,
2026-08-24 05:00:00,19689.7890625,18762.5,actual_period_prediction,
2026-08-24 06:00:00,21777.927734375,21180.5,actual_period_prediction,
2026-08-24 07:00:00,24440.740234375,23601.5,actual_period_prediction,
2026-08-24 08:00:00,25041.041015625,23395.5,actual_period_prediction,
2026-08-24 09:00:00,24676.60546875,21891.5,actual_period_prediction,
2026-08-24 10:00:00,24079.400390625,20191.0,actual_period_prediction,
2026-08-24 11:00:00,23243.521484375,19257.0,actual_period_prediction,
2026-08-24 12:00:00,22549.0,18489.5,actual_period_prediction,
2026-08-24 13:00:00,23610.91796875,17885.0,actual_period_prediction,
2026-08-24 14:00:00,22580.955078125,18216.5,actual_period_prediction,
2026-08-24 15:00:00,21696.248046875,18778.5,actual_period_prediction,
2026-08-24 16:00:00,24474.2109375,20606.0,actual_period_prediction,
2026-08-24 17:00:00,26301.94921875,24054.5,actual_period_prediction,
2026-08-24 18:00:00,28104.083984375,26182.5,actual_period_prediction,
2026-08-24 19:00:00,27234.947265625,27242.0,actual_period_prediction,
2026-08-24 20:00:00,27460.27734375,27724.0,actual_period_prediction,
2026-08-24 21:00:00,26465.001953125,26679.0,actual_period_prediction,
2026-08-24 22:00:00,24188.515625,24011.5,actual_period_prediction,
2026-08-24 23:00:00,22153.822265625,21904.5,actual_period_prediction,
2026-08-25 00:00:00,21323.7109375,21232.0,actual_period_prediction,
2026-08-25 01:00:00,20694.21875,20673.5,actual_period_prediction,
2026-08-25 02:00:00,20210.857421875,19701.0,actual_period_prediction,
2026-08-25 03:00:00,19475.640625,19243.5,actual_period_prediction,
2026-08-25 04:00:00,19238.99609375,18817.5,actual_period_prediction,
2026-08-25 05:00:00,19281.775390625,19204.5,actual_period_prediction,
2026-08-25 06:00:00,21911.43359375,21181.0,actual_period_prediction,
2026-08-25 07:00:00,24587.017578125,23566.0,actual_period_prediction,
2026-08-25 08:00:00,24879.642578125,24505.5,actual_period_prediction,
2026-08-25 09:00:00,23664.501953125,22895.0,actual_period_prediction,
2026-08-25 10:00:00,23173.5546875,21176.5,actual_period_prediction,
2026-08-25 11:00:00,23200.994140625,19606.5,actual_period_prediction,
2026-08-25 12:00:00,21950.25390625,19371.5,actual_period_prediction,
2026-08-25 13:00:00,20913.076171875,18738.5,actual_period_prediction,
2026-08-25 14:00:00,21656.34765625,19153.5,actual_period_prediction,
2026-08-25 15:00:00,22241.15625,20575.5,actual_period_prediction,
2026-08-25 16:00:00,23510.6640625,22395.0,actual_period_prediction,
2026-08-25 17:00:00,25462.32421875,25771.0,actual_period_prediction,
2026-08-25 18:00:00,27108.095703125,27663.0,actual_period_prediction,
2026-08-25 19:00:00,27761.01171875,28254.5,actual_period_prediction,
2026-08-25 20:00:00,27820.435546875,28304.5,actual_period_prediction,
2026-08-25 21:00:00,26558.54296875,26880.0,actual_period_prediction,
2026-08-25 22:00:00,24222.791015625,24568.5,actual_period_prediction,
2026-08-25 23:00:00,22098.322265625,22057.5,actual_period_prediction,
2026-08-26 00:00:00,21467.666015625,21925.0,actual_period_prediction,
2026-08-26 01:00:00,21081.345703125,21186.0,actual_period_prediction,
2026-08-26 02:00:00,20478.13671875,20546.0,actual_period_prediction,
2026-08-26 03:00:00,19931.2421875,20033.5,actual_period_prediction,
2026-08-26 04:00:00,19466.673828125,19641.0,actual_period_prediction,
2026-08-26 05:00:00,19650.166015625,19711.0,actual_period_prediction,
2026-08-26 06:00:00,21498.564453125,21573.0,actual_period_prediction,
2026-08-26 07:00:00,24337.205078125,24769.5,actual_period_prediction,
2026-08-26 08:00:00,25388.798828125,26558.0,actual_period_prediction,
2026-08-26 09:00:00,24531.177734375,25965.5,actual_period_prediction,
2026-08-26 10:00:00,23187.86328125,24456.0,actual_period_prediction,
2026-08-26 11:00:00,22994.4375,23555.0,actual_period_prediction,
2026-08-26 12:00:00,22152.5078125,22760.0,actual_period_prediction,
2026-08-26 13:00:00,22255.173828125,22293.5,actual_period_prediction,
2026-08-26 14:00:00,21765.779296875,22090.0,actual_period_prediction,
2026-08-26 15:00:00,21936.052734375,22393.0,actual_period_prediction,
2026-08-26 16:00:00,23202.876953125,24127.5,actual_period_prediction,
2026-08-26 17:00:00,26603.87109375,26528.5,actual_period_prediction,
2026-08-26 18:00:00,28251.82421875,28322.5,actual_period_prediction,
2026-08-26 19:00:00,28590.20703125,29732.0,actual_period_prediction,
2026-08-26 20:00:00,28236.439453125,29504.0,actual_period_prediction,
2026-08-26 21:00:00,26637.396484375,27557.0,actual_period_prediction,
2026-08-26 22:00:00,24558.048828125,25473.0,actual_period_prediction,
2026-08-26 23:00:00,22224.662109375,23345.5,actual_period_prediction,
2026-08-27 00:00:00,21917.353515625,22740.0,actual_period_prediction,
2026-08-27 01:00:00,21023.962890625,22100.0,actual_period_prediction,
2026-08-27 02:00:00,20538.681640625,21274.5,actual_period_prediction,
2026-08-27 03:00:00,20007.634765625,20294.5,actual_period_prediction,
2026-08-27 04:00:00,19804.904296875,19766.5,actual_period_prediction,
2026-08-27 05:00:00,19895.919921875,19702.0,actual_period_prediction,
2026-08-27 06:00:00,21728.087890625,22082.5,actual_period_prediction,
2026-08-27 07:00:00,24875.865234375,25127.0,actual_period_prediction,
2026-08-27 08:00:00,26506.302734375,27426.5,actual_period_prediction,
2026-08-27 09:00:00,26259.03515625,28179.0,actual_period_prediction,
2026-08-27 10:00:00,24823.90625,28070.0,actual_period_prediction,
2026-08-27 11:00:00,24614.7890625,28119.0,actual_period_prediction,
2026-08-27 12:00:00,24182.92578125,27760.5,actual_period_prediction,
2026-08-27 13:00:00,23115.30078125,26621.0,actual_period_prediction,
2026-08-27 14:00:00,23315.6015625,26178.0,actual_period_prediction,
2026-08-27 15:00:00,24012.75,25613.0,actual_period_prediction,
2026-08-27 16:00:00,25640.66015625,26243.0,actual_period_prediction,
2026-08-27 17:00:00,27333.71484375,27745.5,actual_period_prediction,
2026-08-27 18:00:00,28426.33203125,29080.0,actual_period_prediction,
2026-08-27 19:00:00,29781.005859375,29404.0,actual_period_prediction,
2026-08-27 20:00:00,29708.740234375,28823.0,actual_period_prediction,
2026-08-27 21:00:00,27561.017578125,27791.5,actual_period_prediction,
2026-08-27 22:00:00,25344.48828125,25614.5,actual_period_prediction,
2026-08-27 23:00:00,23758.095703125,23559.5,actual_period_prediction,
2026-08-28 00:00:00,23021.208984375,22966.5,actual_period_prediction,
2026-08-28 01:00:00,22123.90234375,22431.5,actual_period_prediction,
2026-08-28 02:00:00,20930.54296875,21925.5,actual_period_prediction,
2026-08-28 03:00:00,20576.9453125,20770.0,actual_period_prediction,
2026-08-28 04:00:00,20085.9453125,19392.0,actual_period_prediction,
2026-08-28 05:00:00,19897.3515625,19700.5,actual_period_prediction,
2026-08-28 06:00:00,22015.833984375,22127.0,actual_period_prediction,
2026-08-28 07:00:00,24544.96875,24710.5,actual_period_prediction,
2026-08-28 08:00:00,25869.8671875,25468.5,actual_period_prediction,
2026-08-28 09:00:00,25865.978515625,24551.0,actual_period_prediction,
2026-08-28 10:00:00,25818.111328125,23424.0,actual_period_prediction,
2026-08-28 11:00:00,26014.474609375,21967.0,actual_period_prediction,
2026-08-28 12:00:00,25928.724609375,21730.5,actual_period_prediction,
2026-08-28 13:00:00,25435.6796875,22003.5,actual_period_prediction,
2026-08-28 14:00:00,24774.693359375,22426.0,actual_period_prediction,
2026-08-28 15:00:00,23499.11328125,22876.0,actual_period_prediction,
2026-08-28 16:00:00,24791.140625,23740.0,actual_period_prediction,
2026-08-28 17:00:00,26540.466796875,25731.0,actual_period_prediction,
2026-08-28 18:00:00,27656.240234375,26677.5,actual_period_prediction,
2026-08-28 19:00:00,28399.349609375,27264.0,actual_period_prediction,
2026-08-28 20:00:00,27609.3671875,27285.0,actual_period_prediction,
2026-08-28 21:00:00,26908.453125,25596.5,actual_period_prediction,
2026-08-28 22:00:00,24734.310546875,23745.0,actual_period_prediction,
2026-08-28 23:00:00,23223.775390625,22422.5,actual_period_prediction,
2026-08-29 00:00:00,21886.69140625,21676.0,actual_period_prediction,
2026-08-29 01:00:00,21088.7734375,21282.0,actual_period_prediction,
2026-08-29 02:00:00,20571.88671875,20521.0,actual_period_prediction,
2026-08-29 03:00:00,19405.431640625,19513.0,actual_period_prediction,
2026-08-29 04:00:00,18348.482421875,18976.5,actual_period_prediction,
2026-08-29 05:00:00,18328.814453125,18749.5,actual_period_prediction,
2026-08-29 06:00:00,19778.322265625,19599.5,actual_period_prediction,
2026-08-29 07:00:00,20926.556640625,20978.5,actual_period_prediction,
2026-08-29 08:00:00,22044.970703125,22734.0,actual_period_prediction,
2026-08-29 09:00:00,22152.037109375,24178.5,actual_period_prediction,
2026-08-29 10:00:00,21892.1171875,24419.5,actual_period_prediction,
2026-08-29 11:00:00,21559.39453125,24287.0,actual_period_prediction,
2026-08-29 12:00:00,22001.3671875,24149.5,actual_period_prediction,
2026-08-29 13:00:00,22037.32421875,23848.5,actual_period_prediction,
2026-08-29 14:00:00,21846.740234375,23362.0,actual_period_prediction,
2026-08-29 15:00:00,22009.931640625,23559.0,actual_period_prediction,
2026-08-29 16:00:00,22565.521484375,24000.0,actual_period_prediction,
2026-08-29 17:00:00,24179.689453125,25846.0,actual_period_prediction,
2026-08-29 18:00:00,24925.75390625,26948.5,actual_period_prediction,
2026-08-29 19:00:00,25651.369140625,26731.5,actual_period_prediction,
2026-08-29 20:00:00,26095.4375,26888.0,actual_period_prediction,
2026-08-29 21:00:00,24834.427734375,25519.0,actual_period_prediction,
2026-08-29 22:00:00,23489.818359375,23534.5,actual_period_prediction,
2026-08-29 23:00:00,22187.4765625,22046.5,actual_period_prediction,
2026-08-30 00:00:00,21314.373046875,21404.0,actual_period_prediction,
2026-08-30 01:00:00,20320.548828125,20895.0,actual_period_prediction,
2026-08-30 02:00:00,19348.458984375,19888.5,actual_period_prediction,
2026-08-30 03:00:00,18488.09375,19116.5,actual_period_prediction,
2026-08-30 04:00:00,17992.767578125,18829.0,actual_period_prediction,
2026-08-30 05:00:00,17762.6328125,18592.5,actual_period_prediction,
2026-08-30 06:00:00,18090.8828125,18536.5,actual_period_prediction,
2026-08-30 07:00:00,18985.943359375,19140.0,actual_period_prediction,
2026-08-30 08:00:00,20186.103515625,19402.5,actual_period_prediction,
2026-08-30 09:00:00,21077.400390625,19178.0,actual_period_prediction,
2026-08-30 10:00:00,21516.05078125,18866.0,actual_period_prediction,
2026-08-30 11:00:00,22822.158203125,18876.5,actual_period_prediction,
2026-08-30 12:00:00,22711.427734375,19588.5,actual_period_prediction,
2026-08-30 13:00:00,22835.078125,19669.0,actual_period_prediction,
2026-08-30 14:00:00,22773.796875,19765.0,actual_period_prediction,
2026-08-30 15:00:00,23058.26171875,21057.0,actual_period_prediction,
2026-08-30 16:00:00,23692.859375,23041.0,actual_period_prediction,
2026-08-30 17:00:00,25130.2421875,25764.5,actual_period_prediction,
2026-08-30 18:00:00,26907.091796875,26230.5,actual_period_prediction,
2026-08-30 19:00:00,27241.119140625,26441.0,actual_period_prediction,
2026-08-30 20:00:00,27171.060546875,25796.0,actual_period_prediction,
2026-08-30 21:00:00,25828.099609375,24925.5,actual_period_prediction,
2026-08-30 22:00:00,23983.78125,23277.5,actual_period_prediction,
2026-08-30 23:00:00,21831.064453125,21810.5,actual_period_prediction,
2026-08-31 00:00:00,21143.025390625,21231.0,actual_period_prediction,
2026-08-31 01:00:00,20786.5546875,20349.5,actual_period_prediction,
2026-08-31 02:00:00,19728.2421875,19501.0,actual_period_prediction,
2026-08-31 03:00:00,18598.8125,19137.5,actual_period_prediction,
2026-08-31 04:00:00,18290.22265625,18405.0,actual_period_prediction,
2026-08-31 05:00:00,18112.4921875,17781.0,actual_period_prediction,
2026-08-31 06:00:00,19753.78125,18371.0,actual_period_prediction,
2026-08-31 07:00:00,21706.416015625,19512.5,actual_period_prediction,
2026-08-31 08:00:00,22531.486328125,19945.0,actual_period_prediction,
2026-08-31 09:00:00,21047.33203125,19570.5,actual_period_prediction,
2026-08-31 10:00:00,20609.35546875,19117.0,actual_period_prediction,
2026-08-31 11:00:00,20702.080078125,18594.5,actual_period_prediction,
2026-08-31 12:00:00,20442.048828125,18426.5,actual_period_prediction,
2026-08-31 13:00:00,20034.361328125,18124.5,actual_period_prediction,
2026-08-31 14:00:00,20672.326171875,17840.5,actual_period_prediction,
2026-08-31 15:00:00,21501.83984375,18714.0,actual_period_prediction,
2026-08-31 16:00:00,24090.166015625,21258.0,actual_period_prediction,
2026-08-31 17:00:00,25515.72265625,23959.5,actual_period_prediction,
2026-08-31 18:00:00,26951.50390625,25521.0,actual_period_prediction,
2026-08-31 19:00:00,27031.0234375,26925.5,actual_period_prediction,
2026-08-31 20:00:00,25859.107421875,26962.0,actual_period_prediction,
2026-08-31 21:00:00,25166.677734375,26250.5,actual_period_prediction,
2026-08-31 22:00:00,23462.896484375,23797.5,actual_period_prediction,
2026-08-31 23:00:00,21531.564453125,21616.5,actual_period_prediction,
2026-09-01 00:00:00,21402.935546875,21732.5,actual_period_prediction,
2026-09-01 01:00:00,20765.455078125,21449.5,actual_period_prediction,
2026-09-01 02:00:00,20030.427734375,20858.5,actual_period_prediction,
2026-09-01 03:00:00,19598.990234375,19791.0,actual_period_prediction,
2026-09-01 04:00:00,19316.236328125,19290.5,actual_period_prediction,
2026-09-01 05:00:00,19171.421875,19797.0,actual_period_prediction,
2026-09-01 06:00:00,21817.431640625,21843.5,actual_period_prediction,
2026-09-01 07:00:00,23350.91015625,24329.5,actual_period_prediction,
2026-09-01 08:00:00,23871.82421875,24654.5,actual_period_prediction,
2026-09-01 09:00:00,23440.0234375,22759.5,actual_period_prediction,
2026-09-01 10:00:00,22217.427734375,20632.0,actual_period_prediction,
2026-09-01 11:00:00,21516.025390625,19575.5,actual_period_prediction,
2026-09-01 12:00:00,21792.017578125,19990.5,actual_period_prediction,
2026-09-01 13:00:00,21545.154296875,20547.5,actual_period_prediction,
2026-09-01 14:00:00,21701.677734375,21080.0,actual_period_prediction,
2026-09-01 15:00:00,23481.759765625,23064.5,actual_period_prediction,
2026-09-01 16:00:00,23498.47265625,25569.0,actual_period_prediction,
2026-09-01 17:00:00,26071.654296875,28508.5,actual_period_prediction,
2026-09-01 18:00:00,27204.603515625,29686.0,actual_period_prediction,
2026-09-01 19:00:00,27861.201171875,29879.5,actual_period_prediction,
2026-09-01 20:00:00,27738.552734375,30311.0,actual_period_prediction,
2026-09-01 21:00:00,26951.1953125,28498.0,actual_period_prediction,
2026-09-01 22:00:00,24562.193359375,26302.0,actual_period_prediction,
2026-09-01 23:00:00,22036.21484375,23592.5,actual_period_prediction,
2026-09-02 00:00:00,21970.75,22724.0,actual_period_prediction,
2026-09-02 01:00:00,21279.296875,22172.0,actual_period_prediction,
2026-09-02 02:00:00,20777.990234375,21683.5,actual_period_prediction,
2026-09-02 03:00:00,20339.12890625,20592.5,actual_period_prediction,
2026-09-02 04:00:00,20018.619140625,20171.0,actual_period_prediction,
2026-09-02 05:00:00,20419.958984375,20541.0,actual_period_prediction,
2026-09-02 06:00:00,22143.416015625,22722.0,actual_period_prediction,
2026-09-02 07:00:00,24890.42578125,26223.0,actual_period_prediction,
2026-09-02 08:00:00,25688.46875,28214.5,actual_period_prediction,
2026-09-02 09:00:00,25195.353515625,28492.0,actual_period_prediction,
2026-09-02 10:00:00,24056.3203125,27946.5,actual_period_prediction,
2026-09-02 11:00:00,24567.64453125,27487.0,actual_period_prediction,
2026-09-02 12:00:00,24318.353515625,27826.5,actual_period_prediction,
2026-09-02 13:00:00,24249.587890625,27903.5,actual_period_prediction,
2026-09-02 14:00:00,23651.25,28112.5,actual_period_prediction,
2026-09-02 15:00:00,25142.884765625,28073.5,actual_period_prediction,
2026-09-02 16:00:00,26713.693359375,29194.5,actual_period_prediction,
2026-09-02 17:00:00,28832.419921875,29986.0,actual_period_prediction,
2026-09-02 18:00:00,29894.27734375,30019.5,actual_period_prediction,
2026-09-02 19:00:00,30231.458984375,29964.0,actual_period_prediction,
2026-09-02 20:00:00,30459.994140625,29683.0,actual_period_prediction,
2026-09-02 21:00:00,28591.845703125,27612.0,actual_period_prediction,
2026-09-02 22:00:00,26397.11328125,24860.0,actual_period_prediction,
2026-09-02 23:00:00,24172.5546875,22686.5,actual_period_prediction,
2026-09-03 00:00:00,22888.681640625,21595.0,actual_period_prediction,
2026-09-03 01:00:00,22023.373046875,20698.5,actual_period_prediction,
2026-09-03 02:00:00,21326.41015625,20124.0,actual_period_prediction,
2026-09-03 03:00:00,20179.099609375,19450.5,actual_period_prediction,
2026-09-03 04:00:00,19902.068359375,18941.5,actual_period_prediction,
2026-09-03 05:00:00,19882.984375,19308.0,actual_period_prediction,
2026-09-03 06:00:00,22022.490234375,21965.0,actual_period_prediction,
2026-09-03 07:00:00,25694.751953125,25695.5,actual_period_prediction,
2026-09-03 08:00:00,27886.4921875,26957.5,actual_period_prediction,
2026-09-03 09:00:00,27938.640625,25825.0,actual_period_prediction,
2026-09-03 10:00:00,27626.25,24055.5,actual_period_prediction,
2026-09-03 11:00:00,27426.162109375,23304.0,actual_period_prediction,
2026-09-03 12:00:00,27425.783203125,23270.0,actual_period_prediction,
2026-09-03 13:00:00,26882.380859375,22915.5,actual_period_prediction,
2026-09-03 14:00:00,26966.658203125,22406.0,actual_period_prediction,
2026-09-03 15:00:00,27209.146484375,23150.0,actual_period_prediction,
2026-09-03 16:00:00,28252.30859375,25428.5,actual_period_prediction,
2026-09-03 17:00:00,29367.091796875,28179.0,actual_period_prediction,
2026-09-03 18:00:00,29056.041015625,29529.5,actual_period_prediction,
2026-09-03 19:00:00,29633.6015625,29282.0,actual_period_prediction,
2026-09-03 20:00:00,28947.837890625,29180.5,actual_period_prediction,
2026-09-03 21:00:00,27384.2890625,26881.5,actual_period_prediction,
2026-09-03 22:00:00,24862.900390625,23987.5,actual_period_prediction,
2026-09-03 23:00:00,22974.619140625,21932.0,actual_period_prediction,
2026-09-04 00:00:00,21631.990234375,21225.5,actual_period_prediction,
2026-09-04 01:00:00,20937.41015625,21113.5,actual_period_prediction,
2026-09-04 02:00:00,20392.083984375,20706.0,actual_period_prediction,
2026-09-04 03:00:00,19605.56640625,19867.5,actual_period_prediction,
2026-09-04 04:00:00,18583.23046875,19754.0,actual_period_prediction,
2026-09-04 05:00:00,18756.798828125,19587.0,actual_period_prediction,
2026-09-04 06:00:00,21601.28125,22080.5,actual_period_prediction,
2026-09-04 07:00:00,24238.3515625,25590.0,actual_period_prediction,
2026-09-04 08:00:00,25484.900390625,26762.0,actual_period_prediction,
2026-09-04 09:00:00,24791.8671875,25861.5,actual_period_prediction,
2026-09-04 10:00:00,23857.34375,24175.0,actual_period_prediction,
2026-09-04 11:00:00,22378.693359375,22873.0,actual_period_prediction,
2026-09-04 12:00:00,21502.85546875,22168.5,actual_period_prediction,
2026-09-04 13:00:00,21047.33984375,21491.0,actual_period_prediction,
2026-09-04 14:00:00,20649.439453125,21026.0,actual_period_prediction,
2026-09-04 15:00:00,21956.326171875,21538.0,actual_period_prediction,
2026-09-04 16:00:00,23223.58984375,23443.5,actual_period_prediction,
2026-09-04 17:00:00,25279.640625,25297.5,actual_period_prediction,
2026-09-04 18:00:00,26415.888671875,26012.5,actual_period_prediction,
2026-09-04 19:00:00,26237.416015625,26699.0,actual_period_prediction,
2026-09-04 20:00:00,26930.359375,26657.5,actual_period_prediction,
2026-09-04 21:00:00,25246.580078125,24741.0,actual_period_prediction,
2026-09-04 22:00:00,23226.9765625,23043.0,actual_period_prediction,
2026-09-04 23:00:00,21510.11328125,21172.5,actual_period_prediction,
2026-09-05 00:00:00,20724.990234375,20695.5,actual_period_prediction,
2026-09-05 01:00:00,20183.703125,19961.0,actual_period_prediction,
2026-09-05 02:00:00,19498.580078125,19307.0,actual_period_prediction,
2026-09-05 03:00:00,18432.322265625,18647.5,actual_period_prediction,
2026-09-05 04:00:00,17952.37109375,18178.5,actual_period_prediction,
2026-09-05 05:00:00,17665.89453125,17966.5,actual_period_prediction,
2026-09-05 06:00:00,19476.92578125,18692.5,actual_period_prediction,
2026-09-05 07:00:00,20956.138671875,19784.0,actual_period_prediction,
2026-09-05 08:00:00,21522.07421875,19503.5,actual_period_prediction,
2026-09-05 09:00:00,21938.087890625,18124.0,actual_period_prediction,
2026-09-05 10:00:00,21492.693359375,17266.0,actual_period_prediction,
2026-09-05 11:00:00,21329.607421875,17090.5,actual_period_prediction,
2026-09-05 12:00:00,20745.30859375,16504.0,actual_period_prediction,
2026-09-05 13:00:00,20345.134765625,15552.0,actual_period_prediction,
2026-09-05 14:00:00,19786.80078125,14877.0,actual_period_prediction,
2026-09-05 15:00:00,20802.892578125,16148.5,actual_period_prediction,
2026-09-05 16:00:00,23391.7578125,18718.0,actual_period_prediction,
2026-09-05 17:00:00,24331.697265625,22603.0,actual_period_prediction,
2026-09-05 18:00:00,25321.294921875,25472.0,actual_period_prediction,
2026-09-05 19:00:00,25787.8046875,26573.0,actual_period_prediction,
2026-09-05 20:00:00,26171.408203125,26669.0,actual_period_prediction,
2026-09-05 21:00:00,24760.49609375,25324.0,actual_period_prediction,
2026-09-05 22:00:00,23433.66796875,23625.5,actual_period_prediction,
2026-09-05 23:00:00,21713.400390625,21996.0,actual_period_prediction,
2026-09-06 00:00:00,20846.796875,21312.5,actual_period_prediction,
2026-09-06 01:00:00,20218.869140625,20258.5,actual_period_prediction,
2026-09-06 02:00:00,19117.92578125,19446.0,actual_period_prediction,
2026-09-06 03:00:00,18375.609375,18510.5,actual_period_prediction,
2026-09-06 04:00:00,17964.814453125,17759.5,actual_period_prediction,
2026-09-06 05:00:00,17695.0625,17104.5,actual_period_prediction,
2026-09-06 06:00:00,18199.486328125,17405.5,actual_period_prediction,
2026-09-06 07:00:00,18826.82421875,18059.5,actual_period_prediction,
2026-09-06 08:00:00,19676.23828125,18295.0,actual_period_prediction,
2026-09-06 09:00:00,19308.732421875,18383.0,actual_period_prediction,
2026-09-06 10:00:00,19894.205078125,17805.0,actual_period_prediction,
2026-09-06 11:00:00,20393.345703125,16760.0,actual_period_prediction,
2026-09-06 12:00:00,20042.623046875,16661.5,actual_period_prediction,
2026-09-06 13:00:00,20344.30859375,16256.5,actual_period_prediction,
2026-09-06 14:00:00,18359.017578125,16285.5,actual_period_prediction,
2026-09-06 15:00:00,19402.365234375,17800.0,actual_period_prediction,
2026-09-06 16:00:00,22105.1484375,20461.0,actual_period_prediction,
2026-09-06 17:00:00,23999.42578125,24061.0,actual_period_prediction,
2026-09-06 18:00:00,26043.41015625,25463.0,actual_period_prediction,
2026-09-06 19:00:00,26548.857421875,25814.0,actual_period_prediction,
2026-09-06 20:00:00,26356.841796875,25816.0,actual_period_prediction,
2026-09-06 21:00:00,25262.455078125,24701.5,actual_period_prediction,
2026-09-06 22:00:00,23846.53125,22411.0,actual_period_prediction,
2026-09-06 23:00:00,22153.4296875,20706.5,actual_period_prediction,
2026-09-07 00:00:00,21645.091796875,20392.0,actual_period_prediction,
2026-09-07 01:00:00,21108.076171875,20282.5,actual_period_prediction,
2026-09-07 02:00:00,20070.0703125,19921.0,actual_period_prediction,
2026-09-07 03:00:00,19323.02734375,19044.5,actual_period_prediction,
2026-09-07 04:00:00,18875.1875,18617.0,actual_period_prediction,
2026-09-07 05:00:00,19131.810546875,19243.0,actual_period_prediction,
2026-09-07 06:00:00,20964.27734375,22288.0,actual_period_prediction,
2026-09-07 07:00:00,22328.626953125,25241.0,actual_period_prediction,
2026-09-07 08:00:00,23358.2890625,26315.0,actual_period_prediction,
2026-09-07 09:00:00,22644.138671875,26396.0,actual_period_prediction,
2026-09-07 10:00:00,22798.8984375,25056.5,actual_period_prediction,
2026-09-07 11:00:00,22072.4375,24842.5,actual_period_prediction,
2026-09-07 12:00:00,21930.5,24292.5,actual_period_prediction,
2026-09-07 13:00:00,21823.08203125,23432.0,actual_period_prediction,
2026-09-07 14:00:00,21562.3515625,22986.0,actual_period_prediction,
2026-09-07 15:00:00,22315.712890625,22696.0,actual_period_prediction,
2026-09-07 16:00:00,22457.275390625,24697.5,actual_period_prediction,
2026-09-07 17:00:00,25868.99609375,27041.5,actual_period_prediction,
2026-09-07 18:00:00,26954.912109375,28252.0,actual_period_prediction,
2026-09-07 19:00:00,26910.703125,28935.0,actual_period_prediction,
2026-09-07 20:00:00,26521.974609375,28467.5,actual_period_prediction,
2026-09-07 21:00:00,25693.4921875,25960.0,actual_period_prediction,
2026-09-07 22:00:00,23367.287109375,23198.5,actual_period_prediction,
2026-09-07 23:00:00,21035.63671875,21003.5,actual_period_prediction,
2026-09-08 00:00:00,20312.169921875,20392.5,actual_period_prediction,
2026-09-08 01:00:00,20163.935546875,20059.5,actual_period_prediction,
2026-09-08 02:00:00,19767.029296875,19761.5,actual_period_prediction,
2026-09-08 03:00:00,18980.107421875,19609.5,actual_period_prediction,
2026-09-08 04:00:00,18678.103515625,19206.0,actual_period_prediction,
2026-09-08 05:00:00,19197.92578125,20241.5,actual_period_prediction,
2026-09-08 06:00:00,22523.671875,22819.5,actual_period_prediction,
2026-09-08 07:00:00,25426.0625,26583.0,actual_period_prediction,
2026-09-08 08:00:00,26887.82421875,28370.0,actual_period_prediction,
2026-09-08 09:00:00,26745.505859375,28409.5,actual_period_prediction,
2026-09-08 10:00:00,24655.380859375,27213.5,actual_period_prediction,
2026-09-08 11:00:00,24927.5703125,26401.0,actual_period_prediction,
2026-09-08 12:00:00,24330.787109375,25281.0,actual_period_prediction,
2026-09-08 13:00:00,23606.263671875,23613.5,actual_period_prediction,
2026-09-08 14:00:00,23246.927734375,21824.0,actual_period_prediction,
2026-09-08 15:00:00,23614.16796875,21698.0,actual_period_prediction,
2026-09-08 16:00:00,25213.669921875,22921.5,actual_period_prediction,
2026-09-08 17:00:00,27327.947265625,25793.5,actual_period_prediction,
2026-09-08 18:00:00,28014.30859375,27891.0,actual_period_prediction,
2026-09-08 19:00:00,28328.47265625,28438.5,actual_period_prediction,
2026-09-08 20:00:00,28068.009765625,28193.5,actual_period_prediction,
2026-09-08 21:00:00,26129.9453125,25911.5,actual_period_prediction,
2026-09-08 22:00:00,23838.779296875,23472.0,actual_period_prediction,
2026-09-08 23:00:00,22165.35546875,21622.5,actual_period_prediction,
2026-09-09 00:00:00,20788.00390625,21219.0,actual_period_prediction,
2026-09-09 01:00:00,20382.80859375,21109.5,actual_period_prediction,
2026-09-09 02:00:00,20088.986328125,20696.0,actual_period_prediction,
2026-09-09 03:00:00,19748.02734375,20275.0,actual_period_prediction,
2026-09-09 04:00:00,19284.66015625,19544.0,actual_period_prediction,
2026-09-09 05:00:00,20225.767578125,20101.0,actual_period_prediction,
2026-09-09 06:00:00,22669.515625,23245.5,actual_period_prediction,
2026-09-09 07:00:00,26186.341796875,26198.0,actual_period_prediction,
2026-09-09 08:00:00,27507.42578125,26170.0,actual_period_prediction,
2026-09-09 09:00:00,27250.755859375,24710.5,actual_period_prediction,
2026-09-09 10:00:00,26357.810546875,23261.5,actual_period_prediction,
2026-09-09 11:00:00,26320.728515625,23661.5,actual_period_prediction,
2026-09-09 12:00:00,26073.53125,24172.5,actual_period_prediction,
2026-09-09 13:00:00,25027.115234375,24233.5,actual_period_prediction,
2026-09-09 14:00:00,23952.09375,23935.0,actual_period_prediction,
2026-09-09 15:00:00,24065.546875,24345.5,actual_period_prediction,
2026-09-09 16:00:00,24966.625,26328.5,actual_period_prediction,
2026-09-09 17:00:00,27478.244140625,28795.0,actual_period_prediction,
2026-09-09 18:00:00,28480.484375,30305.0,actual_period_prediction,
2026-09-09 19:00:00,28760.119140625,31321.0,actual_period_prediction,
2026-09-09 20:00:00,28546.173828125,30552.5,actual_period_prediction,
2026-09-09 21:00:00,26771.212890625,28428.0,actual_period_prediction,
2026-09-09 22:00:00,24422.892578125,26076.5,actual_period_prediction,
2026-09-09 23:00:00,22376.296875,23340.5,actual_period_prediction,
2026-09-10 00:00:00,21706.12890625,22789.5,actual_period_prediction,
2026-09-10 01:00:00,21292.611328125,22494.5,actual_period_prediction,
2026-09-10 02:00:00,20843.248046875,21974.5,actual_period_prediction,
2026-09-10 03:00:00,20460.60546875,21142.0,actual_period_prediction,
2026-09-10 04:00:00,19913.525390625,20559.5,actual_period_prediction,
2026-09-10 05:00:00,20411.876953125,20643.0,actual_period_prediction,
2026-09-10 06:00:00,23191.349609375,22815.0,actual_period_prediction,
2026-09-10 07:00:00,26574.150390625,26248.0,actual_period_prediction,
2026-09-10 08:00:00,26577.3984375,26301.5,actual_period_prediction,
2026-09-10 09:00:00,25031.923828125,24567.0,actual_period_prediction,
2026-09-10 10:00:00,24045.02734375,22579.5,actual_period_prediction,
2026-09-10 11:00:00,24104.169921875,21646.0,actual_period_prediction,
2026-09-10 12:00:00,23844.359375,21830.0,actual_period_prediction,
2026-09-10 13:00:00,23921.59765625,22229.5,actual_period_prediction,
2026-09-10 14:00:00,24336.45703125,22382.0,actual_period_prediction,
2026-09-10 15:00:00,25282.59765625,23630.5,actual_period_prediction,
2026-09-10 16:00:00,26368.765625,25959.5,actual_period_prediction,
2026-09-10 17:00:00,28335.10546875,28089.5,actual_period_prediction,
2026-09-10 18:00:00,29499.208984375,28947.0,actual_period_prediction,
2026-09-10 19:00:00,30423.31640625,29231.0,actual_period_prediction,
2026-09-10 20:00:00,29774.712890625,29033.5,actual_period_prediction,
2026-09-10 21:00:00,27385.1796875,27040.5,actual_period_prediction,
2026-09-10 22:00:00,25334.5703125,24172.0,actual_period_prediction,
2026-09-10 23:00:00,22486.671875,22076.0,actual_period_prediction,
2026-09-11 00:00:00,21728.078125,21924.5,actual_period_prediction,
2026-09-11 01:00:00,21789.13671875,21822.5,actual_period_prediction,
2026-09-11 02:00:00,21275.171875,20848.0,actual_period_prediction,
2026-09-11 03:00:00,20275.74609375,20317.5,actual_period_prediction,
2026-09-11 04:00:00,20009.876953125,19440.0,actual_period_prediction,
2026-09-11 05:00:00,20024.552734375,19758.5,actual_period_prediction,
2026-09-11 06:00:00,22152.5078125,22523.0,actual_period_prediction,
2026-09-11 07:00:00,25710.884765625,25730.5,actual_period_prediction,
2026-09-11 08:00:00,25807.560546875,26108.5,actual_period_prediction,
2026-09-11 09:00:00,24484.48828125,24790.5,actual_period_prediction,
2026-09-11 10:00:00,22675.69140625,24081.0,actual_period_prediction,
2026-09-11 11:00:00,21793.384765625,24135.0,actual_period_prediction,
2026-09-11 12:00:00,21747.990234375,24815.5,actual_period_prediction,
2026-09-11 13:00:00,21826.671875,24261.0,actual_period_prediction,
2026-09-11 14:00:00,22279.484375,23561.0,actual_period_prediction,
2026-09-11 15:00:00,23443.4453125,23555.0,actual_period_prediction,
2026-09-11 16:00:00,25102.69921875,24806.0,actual_period_prediction,
2026-09-11 17:00:00,27049.6875,27125.5,actual_period_prediction,
2026-09-11 18:00:00,27848.65234375,28645.5,actual_period_prediction,
2026-09-11 19:00:00,28233.4296875,29965.0,actual_period_prediction,
2026-09-11 20:00:00,28196.12890625,29149.0,actual_period_prediction,
2026-09-11 21:00:00,26477.16796875,27154.0,actual_period_prediction,
2026-09-11 22:00:00,24202.646484375,24838.0,actual_period_prediction,
2026-09-11 23:00:00,22584.509765625,22373.0,actual_period_prediction,
2026-09-12 00:00:00,21328.697265625,21304.5,actual_period_prediction,
2026-09-12 01:00:00,20770.9375,20354.0,actual_period_prediction,
2026-09-12 02:00:00,19828.392578125,19097.5,actual_period_prediction,
2026-09-12 03:00:00,19036.10546875,17647.5,actual_period_prediction,
2026-09-12 04:00:00,18146.07421875,16992.5,actual_period_prediction,
2026-09-12 05:00:00,17941.060546875,16899.0,actual_period_prediction,
2026-09-12 06:00:00,19301.4296875,17795.0,actual_period_prediction,
2026-09-12 07:00:00,21472.48046875,19020.5,actual_period_prediction,
2026-09-12 08:00:00,21287.2265625,20043.5,actual_period_prediction,
2026-09-12 09:00:00,20382.296875,20420.0,actual_period_prediction,
2026-09-12 10:00:00,21069.01171875,20397.5,actual_period_prediction,
2026-09-12 11:00:00,21575.0,20496.5,actual_period_prediction,
2026-09-12 12:00:00,21636.837890625,20016.0,actual_period_prediction,
2026-09-12 13:00:00,21331.015625,18554.0,actual_period_prediction,
2026-09-12 14:00:00,21416.580078125,18152.5,actual_period_prediction,
2026-09-12 15:00:00,22211.80078125,19178.0,actual_period_prediction,
2026-09-12 16:00:00,22381.39453125,21386.5,actual_period_prediction,
2026-09-12 17:00:00,24185.783203125,24259.0,actual_period_prediction,
2026-09-12 18:00:00,25753.982421875,26396.0,actual_period_prediction,
2026-09-12 19:00:00,26827.736328125,26908.0,actual_period_prediction,
2026-09-12 20:00:00,26976.732421875,26549.0,actual_period_prediction,
2026-09-12 21:00:00,25682.130859375,25112.0,actual_period_prediction,
2026-09-12 22:00:00,23897.228515625,23319.5,actual_period_prediction,
2026-09-12 23:00:00,22188.2421875,22434.0,actual_period_prediction,
2026-09-13 00:00:00,21415.509765625,22111.0,actual_period_prediction,
2026-09-13 01:00:00,20418.107421875,21059.0,actual_period_prediction,
2026-09-13 02:00:00,18941.83984375,19822.0,actual_period_prediction,
2026-09-13 03:00:00,18138.484375,19445.0,actual_period_prediction,
2026-09-13 04:00:00,17754.869140625,18695.5,actual_period_prediction,
2026-09-13 05:00:00,17698.43359375,18609.5,actual_period_prediction,
2026-09-13 06:00:00,17890.228515625,19271.0,actual_period_prediction,
2026-09-13 07:00:00,18998.931640625,20617.5,actual_period_prediction,
2026-09-13 08:00:00,20273.748046875,22077.0,actual_period_prediction,
2026-09-13 09:00:00,20014.49609375,23071.0,actual_period_prediction,
2026-09-13 10:00:00,20751.015625,23397.5,actual_period_prediction,
2026-09-13 11:00:00,21096.294921875,23467.5,actual_period_prediction,
2026-09-13 12:00:00,20827.22265625,23496.5,actual_period_prediction,
2026-09-13 13:00:00,20617.349609375,23226.0,actual_period_prediction,
2026-09-13 14:00:00,20203.3828125,22860.0,actual_period_prediction,
2026-09-13 15:00:00,21269.439453125,23229.5,actual_period_prediction,
2026-09-13 16:00:00,23367.232421875,25079.0,actual_period_prediction,
2026-09-13 17:00:00,25753.50390625,27570.0,actual_period_prediction,
2026-09-13 18:00:00,27311.701171875,29002.5,actual_period_prediction,
2026-09-13 19:00:00,27778.65625,29259.0,actual_period_prediction,
2026-09-13 20:00:00,27547.080078125,28113.5,actual_period_prediction,
2026-09-13 21:00:00,25834.244140625,26246.0,actual_period_prediction,
2026-09-13 22:00:00,23582.87890625,24082.0,actual_period_prediction,
2026-09-13 23:00:00,22213.13671875,22212.0,actual_period_prediction,
2026-09-14 00:00:00,22212.060546875,21610.5,actual_period_prediction,
2026-09-14 01:00:00,21717.10546875,21092.0,actual_period_prediction,
2026-09-14 02:00:00,20934.54296875,20304.0,actual_period_prediction,
2026-09-14 03:00:00,20210.201171875,19537.0,actual_period_prediction,
2026-09-14 04:00:00,19764.72265625,19235.0,actual_period_prediction,
2026-09-14 05:00:00,20256.482421875,19501.0,actual_period_prediction,
2026-09-14 06:00:00,23327.759765625,22811.5,actual_period_prediction,
2026-09-14 07:00:00,26078.673828125,25905.0,actual_period_prediction,
2026-09-14 08:00:00,26841.5703125,27476.5,actual_period_prediction,
2026-09-14 09:00:00,28025.248046875,27950.0,actual_period_prediction,
2026-09-14 10:00:00,27191.5234375,27448.0,actual_period_prediction,
2026-09-14 11:00:00,27077.541015625,26688.5,actual_period_prediction,
2026-09-14 12:00:00,26865.640625,26092.0,actual_period_prediction,
2026-09-14 13:00:00,26192.61328125,24990.5,actual_period_prediction,
2026-09-14 14:00:00,25362.5625,24307.5,actual_period_prediction,
2026-09-14 15:00:00,25155.17578125,23874.0,actual_period_prediction,
2026-09-14 16:00:00,27223.720703125,25660.5,actual_period_prediction,
2026-09-14 17:00:00,29476.404296875,28247.0,actual_period_prediction,
2026-09-14 18:00:00,31074.744140625,29729.0,actual_period_prediction,
2026-09-14 19:00:00,30972.228515625,30250.0,actual_period_prediction,
2026-09-14 20:00:00,29597.015625,29530.5,actual_period_prediction,
2026-09-14 21:00:00,27369.392578125,27163.0,actual_period_prediction,
2026-09-14 22:00:00,24846.826171875,24500.5,actual_period_prediction,
2026-09-14 23:00:00,22832.59375,22207.5,actual_period_prediction,
2026-09-15 00:00:00,21334.443359375,21550.5,actual_period_prediction,
2026-09-15 01:00:00,21074.623046875,21001.0,actual_period_prediction,
2026-09-15 02:00:00,20587.044921875,20422.0,actual_period_prediction,
2026-09-15 03:00:00,20116.076171875,19613.0,actual_period_prediction,
2026-09-15 04:00:00,19371.7109375,19086.0,actual_period_prediction,
2026-09-15 05:00:00,19658.2578125,19480.0,actual_period_prediction,
2026-09-15 06:00:00,23346.677734375,22218.0,actual_period_prediction,
2026-09-15 07:00:00,26146.08984375,25645.0,actual_period_prediction,
2026-09-15 08:00:00,28315.830078125,26754.0,actual_period_prediction,
2026-09-15 09:00:00,28700.1015625,25698.5,actual_period_prediction,
2026-09-15 10:00:00,27222.625,23622.0,actual_period_prediction,
2026-09-15 11:00:00,26235.4453125,22250.0,actual_period_prediction,
2026-09-15 12:00:00,25973.3515625,21165.5,actual_period_prediction,
2026-09-15 13:00:00,24103.822265625,20439.0,actual_period_prediction,
2026-09-15 14:00:00,23088.333984375,20027.5,actual_period_prediction,
2026-09-15 15:00:00,23247.763671875,20589.5,actual_period_prediction,
2026-09-15 16:00:00,24438.9765625,22981.0,actual_period_prediction,
2026-09-15 17:00:00,27593.63671875,26291.5,actual_period_prediction,
2026-09-15 18:00:00,28937.326171875,28902.0,actual_period_prediction,
2026-09-15 19:00:00,29482.017578125,30198.0,actual_period_prediction,
2026-09-15 20:00:00,28791.322265625,29353.0,actual_period_prediction,
2026-09-15 21:00:00,26447.162109375,27282.0,actual_period_prediction,
2026-09-15 22:00:00,23941.111328125,24690.5,actual_period_prediction,
2026-09-15 23:00:00,22096.43359375,23110.0,actual_period_prediction,
2026-09-16 00:00:00,21014.5546875,22060.5,actual_period_prediction,
2026-09-16 01:00:00,20788.27734375,21494.0,actual_period_prediction,
2026-09-16 02:00:00,20227.521484375,20807.0,actual_period_prediction,
2026-09-16 03:00:00,19868.50390625,19825.5,actual_period_prediction,
2026-09-16 04:00:00,19535.060546875,19126.5,actual_period_prediction,
2026-09-16 05:00:00,19986.341796875,19802.0,actual_period_prediction,
2026-09-16 06:00:00,22511.89453125,22937.0,actual_period_prediction,
2026-09-16 07:00:00,25691.513671875,26441.0,actual_period_prediction,
2026-09-16 08:00:00,26336.375,27496.0,actual_period_prediction,
2026-09-16 09:00:00,25439.6875,25731.5,actual_period_prediction,
2026-09-16 10:00:00,24074.1953125,24130.0,actual_period_prediction,
2026-09-16 11:00:00,23420.666015625,23457.5,actual_period_prediction,
2026-09-16 12:00:00,23446.67578125,23791.0,actual_period_prediction,
2026-09-16 13:00:00,23103.77734375,23175.0,actual_period_prediction,
2026-09-16 14:00:00,23041.787109375,23139.0,actual_period_prediction,
2026-09-16 15:00:00,23271.25390625,24036.0,actual_period_prediction,
2026-09-16 16:00:00,24681.755859375,25515.0,actual_period_prediction,
2026-09-16 17:00:00,27095.7734375,27931.5,actual_period_prediction,
2026-09-16 18:00:00,29035.48046875,29929.5,actual_period_prediction,
2026-09-16 19:00:00,30172.626953125,30761.0,actual_period_prediction,
2026-09-16 20:00:00,29234.505859375,29112.5,actual_period_prediction,
2026-09-16 21:00:00,27161.880859375,26536.0,actual_period_prediction,
2026-09-16 22:00:00,24724.544921875,23296.5,actual_period_prediction,
2026-09-16 23:00:00,22855.146484375,20767.0,actual_period_prediction,
2026-09-17 00:00:00,21449.38671875,19875.5,actual_period_prediction,
2026-09-17 01:00:00,21099.068359375,19459.5,actual_period_prediction,
2026-09-17 02:00:00,20477.10546875,18091.0,actual_period_prediction,
2026-09-17 03:00:00,19746.666015625,17728.5,actual_period_prediction,
2026-09-17 04:00:00,19437.609375,16945.0,actual_period_prediction,
2026-09-17 05:00:00,19705.095703125,17915.0,actual_period_prediction,
2026-09-17 06:00:00,22197.75390625,21196.0,actual_period_prediction,
2026-09-17 07:00:00,25883.298828125,25116.5,actual_period_prediction,
2026-09-17 08:00:00,26593.80859375,26236.0,actual_period_prediction,
2026-09-17 09:00:00,24664.955078125,25396.5,actual_period_prediction,
2026-09-17 10:00:00,22920.013671875,23063.5,actual_period_prediction,
2026-09-17 11:00:00,22676.69921875,21217.5,actual_period_prediction,
2026-09-17 12:00:00,22621.87109375,20799.0,actual_period_prediction,
2026-09-17 13:00:00,22184.775390625,19583.0,actual_period_prediction,
2026-09-17 14:00:00,22766.05078125,19605.0,actual_period_prediction,
2026-09-17 15:00:00,23352.697265625,20220.5,actual_period_prediction,
2026-09-17 16:00:00,24475.998046875,23110.5,actual_period_prediction,
2026-09-17 17:00:00,26805.08984375,26236.0,actual_period_prediction,
2026-09-17 18:00:00,27792.595703125,28096.5,actual_period_prediction,
2026-09-17 19:00:00,29035.2734375,29358.0,actual_period_prediction,
2026-09-17 20:00:00,27866.091796875,28583.0,actual_period_prediction,
2026-09-17 21:00:00,25890.595703125,26235.5,actual_period_prediction,
2026-09-17 22:00:00,23305.533203125,23325.5,actual_period_prediction,
2026-09-17 23:00:00,20802.53515625,21295.0,actual_period_prediction,
2026-09-18 00:00:00,20391.044921875,20660.5,actual_period_prediction,
2026-09-18 01:00:00,20242.55078125,20417.0,actual_period_prediction,
2026-09-18 02:00:00,18918.14453125,19854.5,actual_period_prediction,
2026-09-18 03:00:00,18678.443359375,18996.0,actual_period_prediction,
2026-09-18 04:00:00,18353.947265625,18400.5,actual_period_prediction,
2026-09-18 05:00:00,18658.166015625,19031.0,actual_period_prediction,
2026-09-18 06:00:00,21319.220703125,22097.0,actual_period_prediction,
2026-09-18 07:00:00,24912.873046875,14135.0,actual_period_prediction,
2026-09-18 08:00:00,26301.00390625,28521.5,actual_period_prediction,
2026-09-18 09:00:00,25401.896484375,27478.5,actual_period_prediction,
2026-09-18 10:00:00,23768.271484375,27158.0,actual_period_prediction,
2026-09-18 11:00:00,22921.7265625,27249.0,actual_period_prediction,
2026-09-18 12:00:00,22858.80859375,21357.0,actual_period_prediction,
2026-09-18 13:00:00,22817.2265625,32406.5,actual_period_prediction,
2026-09-18 14:00:00,23699.9296875,32052.5,actual_period_prediction,
2026-09-18 15:00:00,24031.333984375,30434.0,actual_period_prediction,
2026-09-18 16:00:00,24286.228515625,28815.5,actual_period_prediction,
2026-09-18 17:00:00,26017.220703125,32704.5,actual_period_prediction,
2026-09-18 18:00:00,27087.35546875,33203.0,actual_period_prediction,
2026-09-18 19:00:00,27401.64453125,30496.5,actual_period_prediction,
2026-09-18 20:00:00,26449.9296875,32135.5,actual_period_prediction,
2026-09-18 21:00:00,24572.3359375,30408.5,actual_period_prediction,
2026-09-18 22:00:00,22477.509765625,27979.0,actual_period_prediction,
2026-09-18 23:00:00,20707.16015625,23076.0,actual_period_prediction,
2026-09-19 00:00:00,19886.6171875,22002.5,actual_period_prediction,
2026-09-19 01:00:00,19283.7734375,18584.5,actual_period_prediction,
2026-09-19 02:00:00,18266.41796875,17657.0,actual_period_prediction,
2026-09-19 03:00:00,17498.751953125,17200.0,actual_period_prediction,
2026-09-19 04:00:00,16813.87890625,21328.0,actual_period_prediction,
2026-09-19 05:00:00,17383.14453125,16464.5,actual_period_prediction,
2026-09-19 06:00:00,18963.9375,21320.5,actual_period_prediction,
2026-09-19 07:00:00,17103.5234375,19154.0,actual_period_prediction,
2026-09-19 08:00:00,22608.919921875,25444.5,actual_period_prediction,
2026-09-19 09:00:00,22298.515625,27777.0,actual_period_prediction,
2026-09-19 10:00:00,22662.7578125,28274.5,actual_period_prediction,
2026-09-19 11:00:00,22706.0625,28772.0,actual_period_prediction,
2026-09-19 12:00:00,20818.765625,29269.5,actual_period_prediction,
2026-09-19 13:00:00,23464.4296875,29767.0,actual_period_prediction,
2026-09-19 14:00:00,22611.765625,30264.5,actual_period_prediction,
2026-09-19 15:00:00,23108.736328125,29360.5,actual_period_prediction,
2026-09-19 16:00:00,23937.357421875,29550.0,actual_period_prediction,
2026-09-19 17:00:00,25854.482421875,29739.5,actual_period_prediction,
2026-09-19 18:00:00,26871.55859375,30253.0,actual_period_prediction,
2026-09-19 19:00:00,25803.01171875,30135.5,actual_period_prediction,
2026-09-19 20:00:00,26791.7890625,30018.0,actual_period_prediction,
2026-09-19 21:00:00,25748.05078125,28439.0,actual_period_prediction,
2026-09-19 22:00:00,23962.4921875,26600.0,actual_period_prediction,
2026-09-19 23:00:00,21726.759765625,24482.5,actual_period_prediction,
2026-09-20 00:00:00,21250.26953125,23494.5,actual_period_prediction,
2026-09-20 01:00:00,18536.48828125,22506.5,actual_period_prediction,
2026-09-20 02:00:00,17240.044921875,21987.5,actual_period_prediction,
2026-09-20 03:00:00,17114.857421875,20841.0,actual_period_prediction,
2026-09-20 04:00:00,18388.86328125,20403.0,actual_period_prediction,
2026-09-20 05:00:00,16647.921875,,recursive_forecast_prediction,
2026-09-20 06:00:00,18766.572265625,,recursive_forecast_prediction,
