timestamp,predicted_demand_mw,actual_demand_mw,source,missing_features
2026-07-01 00:00:00,24042.27734375,22829.5,actual_period_prediction,
2026-07-01 01:00:00,23072.3359375,22117.0,actual_period_prediction,
2026-07-01 02:00:00,22267.62890625,21612.5,actual_period_prediction,
2026-07-01 03:00:00,21911.4375,20720.0,actual_period_prediction,
2026-07-01 04:00:00,21443.072265625,20095.0,actual_period_prediction,
2026-07-01 05:00:00,21208.91796875,20060.0,actual_period_prediction,
2026-07-01 06:00:00,23159.953125,21990.5,actual_period_prediction,
2026-07-01 07:00:00,25712.8359375,23831.5,actual_period_prediction,
2026-07-01 08:00:00,26256.365234375,24322.5,actual_period_prediction,
2026-07-01 09:00:00,25049.263671875,24100.0,actual_period_prediction,
2026-07-01 10:00:00,24204.392578125,23922.5,actual_period_prediction,
2026-07-01 11:00:00,23890.25,23686.5,actual_period_prediction,
2026-07-01 12:00:00,23672.908203125,23432.5,actual_period_prediction,
2026-07-01 13:00:00,22646.134765625,22548.5,actual_period_prediction,
2026-07-01 14:00:00,22893.041015625,22142.0,actual_period_prediction,
2026-07-01 15:00:00,23542.6640625,21920.5,actual_period_prediction,
2026-07-01 16:00:00,25413.994140625,23040.5,actual_period_prediction,
2026-07-01 17:00:00,27573.26171875,24088.5,actual_period_prediction,
2026-07-01 18:00:00,28476.390625,25342.0,actual_period_prediction,
2026-07-01 19:00:00,28797.982421875,26428.0,actual_period_prediction,
2026-07-01 20:00:00,28568.607421875,26014.0,actual_period_prediction,
2026-07-01 21:00:00,27336.61328125,25055.5,actual_period_prediction,
2026-07-01 22:00:00,25092.759765625,23019.5,actual_period_prediction,
2026-07-01 23:00:00,23607.31640625,20862.5,actual_period_prediction,
2026-07-02 00:00:00,21889.12890625,20266.0,actual_period_prediction,
2026-07-02 01:00:00,21516.65625,18837.5,actual_period_prediction,
2026-07-02 02:00:00,20815.87109375,17513.555,actual_period_prediction,
2026-07-02 03:00:00,20219.47265625,17513.555,actual_period_prediction,
2026-07-02 04:00:00,19397.615234375,17513.555,actual_period_prediction,
2026-07-02 05:00:00,19327.982421875,17513.555,actual_period_prediction,
2026-07-02 06:00:00,21306.00390625,18384.0,actual_period_prediction,
2026-07-02 07:00:00,22798.013671875,21017.5,actual_period_prediction,
2026-07-02 08:00:00,22725.05859375,21310.5,actual_period_prediction,
2026-07-02 09:00:00,21681.591796875,19764.0,actual_period_prediction,
2026-07-02 10:00:00,20598.421875,17980.0,actual_period_prediction,
2026-07-02 11:00:00,19470.56640625,17513.555,actual_period_prediction,
2026-07-02 12:00:00,19738.41015625,17513.555,actual_period_prediction,
2026-07-02 13:00:00,19375.900390625,17513.555,actual_period_prediction,
2026-07-02 14:00:00,19653.46875,17513.555,actual_period_prediction,
2026-07-02 15:00:00,19425.458984375,17513.555,actual_period_prediction,
2026-07-02 16:00:00,20451.916015625,17994.0,actual_period_prediction,
2026-07-02 17:00:00,21930.16796875,20767.0,actual_period_prediction,
2026-07-02 18:00:00,24232.861328125,23699.5,actual_period_prediction,
2026-07-02 19:00:00,25727.30859375,26000.0,actual_period_prediction,
2026-07-02 20:00:00,26051.177734375,25918.0,actual_period_prediction,
2026-07-02 21:00:00,25419.263671875,25633.0,actual_period_prediction,
2026-07-02 22:00:00,24183.642578125,24875.0,actual_period_prediction,
2026-07-02 23:00:00,22992.861328125,22399.0,actual_period_prediction,
2026-07-03 00:00:00,22527.376953125,21183.0,actual_period_prediction,
2026-07-03 01:00:00,21686.04296875,20703.5,actual_period_prediction,
2026-07-03 02:00:00,21156.318359375,19956.5,actual_period_prediction,
2026-07-03 03:00:00,20763.505859375,19295.0,actual_period_prediction,
2026-07-03 04:00:00,20361.794921875,18689.5,actual_period_prediction,
2026-07-03 05:00:00,20805.208984375,18554.5,actual_period_prediction,
2026-07-03 06:00:00,22480.3515625,20302.5,actual_period_prediction,
2026-07-03 07:00:00,23389.4921875,22252.0,actual_period_prediction,
2026-07-03 08:00:00,23330.572265625,22203.0,actual_period_prediction,
2026-07-03 09:00:00,23283.08203125,20823.5,actual_period_prediction,
2026-07-03 10:00:00,22444.494140625,19133.0,actual_period_prediction,
2026-07-03 11:00:00,20644.994140625,17881.5,actual_period_prediction,
2026-07-03 12:00:00,20102.638671875,17513.555,actual_period_prediction,
2026-07-03 13:00:00,20107.107421875,17513.555,actual_period_prediction,
2026-07-03 14:00:00,19976.6328125,17513.555,actual_period_prediction,
2026-07-03 15:00:00,20259.88671875,17513.555,actual_period_prediction,
2026-07-03 16:00:00,20927.1171875,19623.5,actual_period_prediction,
2026-07-03 17:00:00,22168.466796875,22297.5,actual_period_prediction,
2026-07-03 18:00:00,24384.900390625,24746.0,actual_period_prediction,
2026-07-03 19:00:00,26067.041015625,26554.5,actual_period_prediction,
2026-07-03 20:00:00,26021.609375,26006.0,actual_period_prediction,
2026-07-03 21:00:00,26007.22265625,25317.0,actual_period_prediction,
2026-07-03 22:00:00,25415.63671875,24532.0,actual_period_prediction,
2026-07-03 23:00:00,23559.970703125,22480.5,actual_period_prediction,
2026-07-04 00:00:00,21533.537109375,21220.0,actual_period_prediction,
2026-07-04 01:00:00,21215.451171875,20315.5,actual_period_prediction,
2026-07-04 02:00:00,20464.798828125,19363.0,actual_period_prediction,
2026-07-04 03:00:00,19811.46484375,18391.0,actual_period_prediction,
2026-07-04 04:00:00,18700.51953125,17733.5,actual_period_prediction,
2026-07-04 05:00:00,17961.76171875,17513.555,actual_period_prediction,
2026-07-04 06:00:00,18768.474609375,17513.555,actual_period_prediction,
2026-07-04 07:00:00,19769.54296875,17843.0,actual_period_prediction,
2026-07-04 08:00:00,19748.478515625,18178.5,actual_period_prediction,
2026-07-04 09:00:00,19175.80859375,18340.0,actual_period_prediction,
2026-07-04 10:00:00,18737.552734375,18193.0,actual_period_prediction,
2026-07-04 11:00:00,19569.12890625,18040.5,actual_period_prediction,
2026-07-04 12:00:00,18960.826171875,17513.555,actual_period_prediction,
2026-07-04 13:00:00,18063.189453125,17513.555,actual_period_prediction,
2026-07-04 14:00:00,18428.837890625,17513.555,actual_period_prediction,
2026-07-04 15:00:00,17262.494140625,17513.555,actual_period_prediction,
2026-07-04 16:00:00,18035.421875,17513.555,actual_period_prediction,
2026-07-04 17:00:00,20797.091796875,20248.0,actual_period_prediction,
2026-07-04 18:00:00,22780.283203125,21887.5,actual_period_prediction,
2026-07-04 19:00:00,24601.275390625,23491.5,actual_period_prediction,
2026-07-04 20:00:00,24717.2265625,24116.5,actual_period_prediction,
2026-07-04 21:00:00,24687.13671875,23414.0,actual_period_prediction,
2026-07-04 22:00:00,23427.509765625,22737.5,actual_period_prediction,
2026-07-04 23:00:00,21989.05859375,21676.5,actual_period_prediction,
2026-07-05 00:00:00,21094.734375,21289.0,actual_period_prediction,
2026-07-05 01:00:00,20027.884765625,20257.0,actual_period_prediction,
2026-07-05 02:00:00,18878.97265625,19348.0,actual_period_prediction,
2026-07-05 03:00:00,17812.8984375,18875.5,actual_period_prediction,
2026-07-05 04:00:00,17540.736328125,18239.5,actual_period_prediction,
2026-07-05 05:00:00,17448.927734375,17513.555,actual_period_prediction,
2026-07-05 06:00:00,17622.927734375,17513.555,actual_period_prediction,
2026-07-05 07:00:00,18261.638671875,17516.0,actual_period_prediction,
2026-07-05 08:00:00,18676.271484375,18256.5,actual_period_prediction,
2026-07-05 09:00:00,18806.0390625,19071.5,actual_period_prediction,
2026-07-05 10:00:00,19075.9609375,18785.5,actual_period_prediction,
2026-07-05 11:00:00,19797.76171875,17779.0,actual_period_prediction,
2026-07-05 12:00:00,20159.455078125,17632.5,actual_period_prediction,
2026-07-05 13:00:00,19714.91796875,17513.555,actual_period_prediction,
2026-07-05 14:00:00,19337.486328125,17513.555,actual_period_prediction,
2026-07-05 15:00:00,20005.232421875,17513.555,actual_period_prediction,
2026-07-05 16:00:00,20440.3671875,19002.5,actual_period_prediction,
2026-07-05 17:00:00,21701.759765625,22599.5,actual_period_prediction,
2026-07-05 18:00:00,22600.76953125,24868.0,actual_period_prediction,
2026-07-05 19:00:00,24175.529296875,26137.5,actual_period_prediction,
2026-07-05 20:00:00,24477.294921875,25171.0,actual_period_prediction,
2026-07-05 21:00:00,23289.123046875,25208.0,actual_period_prediction,
2026-07-05 22:00:00,22204.0703125,23716.5,actual_period_prediction,
2026-07-05 23:00:00,21381.970703125,22106.5,actual_period_prediction,
2026-07-06 00:00:00,20580.3828125,20860.5,actual_period_prediction,
2026-07-06 01:00:00,19839.658203125,20234.5,actual_period_prediction,
2026-07-06 02:00:00,18821.43359375,19403.5,actual_period_prediction,
2026-07-06 03:00:00,18396.0625,18615.0,actual_period_prediction,
2026-07-06 04:00:00,18153.53125,18048.5,actual_period_prediction,
2026-07-06 05:00:00,18286.126953125,17513.555,actual_period_prediction,
2026-07-06 06:00:00,20501.505859375,19778.0,actual_period_prediction,
2026-07-06 07:00:00,21954.33984375,21719.0,actual_period_prediction,
2026-07-06 08:00:00,22858.38671875,21729.0,actual_period_prediction,
2026-07-06 09:00:00,22534.46875,21191.5,actual_period_prediction,
2026-07-06 10:00:00,22373.310546875,19927.0,actual_period_prediction,
2026-07-06 11:00:00,22402.275390625,19149.0,actual_period_prediction,
2026-07-06 12:00:00,21554.767578125,18346.5,actual_period_prediction,
2026-07-06 13:00:00,20926.56640625,18500.5,actual_period_prediction,
2026-07-06 14:00:00,20748.341796875,18399.5,actual_period_prediction,
2026-07-06 15:00:00,20593.474609375,19689.0,actual_period_prediction,
2026-07-06 16:00:00,23094.0,22407.5,actual_period_prediction,
2026-07-06 17:00:00,26115.07421875,24910.5,actual_period_prediction,
2026-07-06 18:00:00,27057.525390625,27142.5,actual_period_prediction,
2026-07-06 19:00:00,27480.3203125,28003.5,actual_period_prediction,
2026-07-06 20:00:00,27126.748046875,28021.5,actual_period_prediction,
2026-07-06 21:00:00,26409.908203125,26964.5,actual_period_prediction,
2026-07-06 22:00:00,24599.8671875,25013.0,actual_period_prediction,
2026-07-06 23:00:00,22698.0,22770.5,actual_period_prediction,
2026-07-07 00:00:00,21703.751953125,22276.5,actual_period_prediction,
2026-07-07 01:00:00,20621.994140625,20972.0,actual_period_prediction,
2026-07-07 02:00:00,19947.927734375,19926.0,actual_period_prediction,
2026-07-07 03:00:00,18992.775390625,19399.5,actual_period_prediction,
2026-07-07 04:00:00,18476.369140625,18805.5,actual_period_prediction,
2026-07-07 05:00:00,18436.4453125,18421.0,actual_period_prediction,
2026-07-07 06:00:00,21534.41796875,20680.5,actual_period_prediction,
2026-07-07 07:00:00,23109.3359375,23103.0,actual_period_prediction,
2026-07-07 08:00:00,23704.59765625,23235.0,actual_period_prediction,
2026-07-07 09:00:00,24251.873046875,22223.0,actual_period_prediction,
2026-07-07 10:00:00,23134.994140625,20479.5,actual_period_prediction,
2026-07-07 11:00:00,22448.44140625,19430.5,actual_period_prediction,
2026-07-07 12:00:00,21779.19921875,19364.5,actual_period_prediction,
2026-07-07 13:00:00,20326.8828125,19339.0,actual_period_prediction,
2026-07-07 14:00:00,20490.794921875,19559.5,actual_period_prediction,
2026-07-07 15:00:00,20786.7578125,20290.5,actual_period_prediction,
2026-07-07 16:00:00,22795.212890625,22311.0,actual_period_prediction,
2026-07-07 17:00:00,25448.794921875,25542.5,actual_period_prediction,
2026-07-07 18:00:00,27015.455078125,27870.0,actual_period_prediction,
2026-07-07 19:00:00,27969.4375,29884.5,actual_period_prediction,
2026-07-07 20:00:00,28361.396484375,29522.5,actual_period_prediction,
2026-07-07 21:00:00,27527.970703125,29022.0,actual_period_prediction,
2026-07-07 22:00:00,25861.3828125,27237.0,actual_period_prediction,
2026-07-07 23:00:00,23829.62890625,25115.0,actual_period_prediction,
2026-07-08 00:00:00,22608.203125,24013.5,actual_period_prediction,
2026-07-08 01:00:00,21735.1484375,23254.0,actual_period_prediction,
2026-07-08 02:00:00,20890.462890625,22269.0,actual_period_prediction,
2026-07-08 03:00:00,20561.267578125,21749.5,actual_period_prediction,
2026-07-08 04:00:00,20184.3828125,21193.0,actual_period_prediction,
2026-07-08 05:00:00,20055.76953125,21522.5,actual_period_prediction,
2026-07-08 06:00:00,21611.462890625,23028.5,actual_period_prediction,
2026-07-08 07:00:00,23891.65234375,25274.0,actual_period_prediction,
2026-07-08 08:00:00,24154.978515625,24943.0,actual_period_prediction,
2026-07-08 09:00:00,23416.623046875,23874.5,actual_period_prediction,
2026-07-08 10:00:00,22405.75390625,22222.0,actual_period_prediction,
2026-07-08 11:00:00,22242.3203125,21898.0,actual_period_prediction,
2026-07-08 12:00:00,21752.693359375,21637.5,actual_period_prediction,
2026-07-08 13:00:00,21622.337890625,21292.0,actual_period_prediction,
2026-07-08 14:00:00,21387.619140625,21461.0,actual_period_prediction,
2026-07-08 15:00:00,21045.4375,22270.5,actual_period_prediction,
2026-07-08 16:00:00,23240.87109375,24471.5,actual_period_prediction,
2026-07-08 17:00:00,25265.76953125,27160.5,actual_period_prediction,
2026-07-08 18:00:00,27032.7734375,29151.5,actual_period_prediction,
2026-07-08 19:00:00,29287.232421875,30946.5,actual_period_prediction,
2026-07-08 20:00:00,29198.751953125,30699.5,actual_period_prediction,
2026-07-08 21:00:00,28405.580078125,30272.0,actual_period_prediction,
2026-07-08 22:00:00,26967.44921875,28506.5,actual_period_prediction,
2026-07-08 23:00:00,25070.8046875,26161.5,actual_period_prediction,
2026-07-09 00:00:00,23964.021484375,25231.0,actual_period_prediction,
2026-07-09 01:00:00,23002.255859375,24296.5,actual_period_prediction,
2026-07-09 02:00:00,22043.96484375,23041.0,actual_period_prediction,
2026-07-09 03:00:00,21388.234375,22259.0,actual_period_prediction,
2026-07-09 04:00:00,20940.21875,21645.5,actual_period_prediction,
2026-07-09 05:00:00,21098.513671875,21335.0,actual_period_prediction,
2026-07-09 06:00:00,22205.80859375,23350.0,actual_period_prediction,
2026-07-09 07:00:00,24950.666015625,25804.5,actual_period_prediction,
2026-07-09 08:00:00,24465.455078125,25642.5,actual_period_prediction,
2026-07-09 09:00:00,23609.484375,24047.5,actual_period_prediction,
2026-07-09 10:00:00,22053.427734375,22446.0,actual_period_prediction,
2026-07-09 11:00:00,21803.16796875,21699.0,actual_period_prediction,
2026-07-09 12:00:00,21666.19140625,21313.5,actual_period_prediction,
2026-07-09 13:00:00,21280.69140625,20945.5,actual_period_prediction,
2026-07-09 14:00:00,21280.43359375,21049.5,actual_period_prediction,
2026-07-09 15:00:00,22087.48828125,21901.5,actual_period_prediction,
2026-07-09 16:00:00,23845.005859375,24463.0,actual_period_prediction,
2026-07-09 17:00:00,26151.361328125,27213.5,actual_period_prediction,
2026-07-09 18:00:00,27581.76171875,29198.0,actual_period_prediction,
2026-07-09 19:00:00,29633.158203125,30156.5,actual_period_prediction,
2026-07-09 20:00:00,29632.24609375,30104.5,actual_period_prediction,
2026-07-09 21:00:00,29250.0703125,30316.0,actual_period_prediction,
2026-07-09 22:00:00,27962.44921875,28818.0,actual_period_prediction,
2026-07-09 23:00:00,26464.583984375,26275.0,actual_period_prediction,
2026-07-10 00:00:00,24915.1328125,25588.0,actual_period_prediction,
2026-07-10 01:00:00,23720.123046875,24517.5,actual_period_prediction,
2026-07-10 02:00:00,22566.859375,23417.0,actual_period_prediction,
2026-07-10 03:00:00,21884.1328125,22482.0,actual_period_prediction,
2026-07-10 04:00:00,21547.15234375,21862.0,actual_period_prediction,
2026-07-10 05:00:00,21121.064453125,21624.0,actual_period_prediction,
2026-07-10 06:00:00,23098.662109375,23644.0,actual_period_prediction,
2026-07-10 07:00:00,25151.58984375,25762.0,actual_period_prediction,
2026-07-10 08:00:00,25190.74609375,25751.5,actual_period_prediction,
2026-07-10 09:00:00,23730.794921875,24391.5,actual_period_prediction,
2026-07-10 10:00:00,22354.390625,22865.0,actual_period_prediction,
2026-07-10 11:00:00,21906.658203125,22036.5,actual_period_prediction,
2026-07-10 12:00:00,21424.154296875,21670.5,actual_period_prediction,
2026-07-10 13:00:00,21216.8984375,21513.0,actual_period_prediction,
2026-07-10 14:00:00,21313.041015625,21581.0,actual_period_prediction,
2026-07-10 15:00:00,21497.728515625,21985.5,actual_period_prediction,
2026-07-10 16:00:00,23093.09375,23743.0,actual_period_prediction,
2026-07-10 17:00:00,25204.853515625,25526.0,actual_period_prediction,
2026-07-10 18:00:00,26711.70703125,27397.0,actual_period_prediction,
2026-07-10 19:00:00,28726.005859375,28669.0,actual_period_prediction,
2026-07-10 20:00:00,28644.546875,28542.5,actual_period_prediction,
2026-07-10 21:00:00,28411.455078125,28231.5,actual_period_prediction,
2026-07-10 22:00:00,27013.623046875,27591.5,actual_period_prediction,
2026-07-10 23:00:00,25239.1796875,25368.0,actual_period_prediction,
2026-07-11 00:00:00,23484.341796875,24008.5,actual_period_prediction,
2026-07-11 01:00:00,22654.490234375,23022.0,actual_period_prediction,
2026-07-11 02:00:00,21362.466796875,21917.0,actual_period_prediction,
2026-07-11 03:00:00,20483.583984375,20688.0,actual_period_prediction,
2026-07-11 04:00:00,20058.46875,19903.0,actual_period_prediction,
2026-07-11 05:00:00,19747.833984375,19549.5,actual_period_prediction,
2026-07-11 06:00:00,20529.021484375,20086.0,actual_period_prediction,
2026-07-11 07:00:00,21203.810546875,20662.5,actual_period_prediction,
2026-07-11 08:00:00,21482.447265625,20490.5,actual_period_prediction,
2026-07-11 09:00:00,21190.607421875,19709.5,actual_period_prediction,
2026-07-11 10:00:00,20371.29296875,18514.0,actual_period_prediction,
2026-07-11 11:00:00,20164.919921875,17513.555,actual_period_prediction,
2026-07-11 12:00:00,19606.875,17513.555,actual_period_prediction,
2026-07-11 13:00:00,19531.2578125,17513.555,actual_period_prediction,
2026-07-11 14:00:00,19664.865234375,17513.555,actual_period_prediction,
2026-07-11 15:00:00,19769.302734375,17513.555,actual_period_prediction,
2026-07-11 16:00:00,20999.7265625,18665.0,actual_period_prediction,
2026-07-11 17:00:00,22190.98046875,21676.5,actual_period_prediction,
2026-07-11 18:00:00,23316.685546875,23718.5,actual_period_prediction,
2026-07-11 19:00:00,25388.66796875,25750.5,actual_period_prediction,
2026-07-11 20:00:00,25484.421875,26080.5,actual_period_prediction,
2026-07-11 21:00:00,25135.845703125,24877.5,actual_period_prediction,
2026-07-11 22:00:00,24330.576171875,24094.5,actual_period_prediction,
2026-07-11 23:00:00,23220.552734375,22857.0,actual_period_prediction,
2026-07-12 00:00:00,21936.841796875,22371.0,actual_period_prediction,
2026-07-12 01:00:00,20762.970703125,21571.0,actual_period_prediction,
2026-07-12 02:00:00,19910.208984375,20305.5,actual_period_prediction,
2026-07-12 03:00:00,18739.74609375,19303.5,actual_period_prediction,
2026-07-12 04:00:00,18073.65625,18625.0,actual_period_prediction,
2026-07-12 05:00:00,17791.982421875,17645.0,actual_period_prediction,
2026-07-12 06:00:00,17976.39453125,17513.555,actual_period_prediction,
2026-07-12 07:00:00,18219.099609375,17513.555,actual_period_prediction,
2026-07-12 08:00:00,18310.765625,17513.555,actual_period_prediction,
2026-07-12 09:00:00,17747.435546875,17513.555,actual_period_prediction,
2026-07-12 10:00:00,17483.375,17513.555,actual_period_prediction,
2026-07-12 11:00:00,17134.873046875,17513.555,actual_period_prediction,
2026-07-12 12:00:00,16934.2890625,17513.555,actual_period_prediction,
2026-07-12 13:00:00,17105.123046875,17513.555,actual_period_prediction,
2026-07-12 14:00:00,16982.275390625,17513.555,actual_period_prediction,
2026-07-12 15:00:00,17111.451171875,17513.555,actual_period_prediction,
2026-07-12 16:00:00,18020.921875,17513.555,actual_period_prediction,
2026-07-12 17:00:00,20692.830078125,19800.5,actual_period_prediction,
2026-07-12 18:00:00,22218.05859375,22183.5,actual_period_prediction,
2026-07-12 19:00:00,25085.341796875,24446.0,actual_period_prediction,
2026-07-12 20:00:00,25194.3671875,25214.5,actual_period_prediction,
2026-07-12 21:00:00,24092.0078125,24940.5,actual_period_prediction,
2026-07-12 22:00:00,22985.51171875,24047.0,actual_period_prediction,
2026-07-12 23:00:00,21596.064453125,22403.0,actual_period_prediction,
2026-07-13 00:00:00,21286.353515625,21261.0,actual_period_prediction,
2026-07-13 01:00:00,20205.107421875,20714.0,actual_period_prediction,
2026-07-13 02:00:00,19414.34765625,19909.5,actual_period_prediction,
2026-07-13 03:00:00,18451.92578125,19065.0,actual_period_prediction,
2026-07-13 04:00:00,18029.916015625,18337.5,actual_period_prediction,
2026-07-13 05:00:00,18331.689453125,18079.0,actual_period_prediction,
2026-07-13 06:00:00,20481.771484375,20757.0,actual_period_prediction,
2026-07-13 07:00:00,21870.517578125,23216.0,actual_period_prediction,
2026-07-13 08:00:00,21622.443359375,23444.5,actual_period_prediction,
2026-07-13 09:00:00,21502.52734375,22661.0,actual_period_prediction,
2026-07-13 10:00:00,20443.048828125,20917.5,actual_period_prediction,
2026-07-13 11:00:00,19157.720703125,19417.0,actual_period_prediction,
2026-07-13 12:00:00,18917.064453125,18329.5,actual_period_prediction,
2026-07-13 13:00:00,18963.9765625,17513.555,actual_period_prediction,
2026-07-13 14:00:00,18934.548828125,17513.555,actual_period_prediction,
2026-07-13 15:00:00,19316.48046875,17664.5,actual_period_prediction,
2026-07-13 16:00:00,20091.94140625,19485.0,actual_period_prediction,
2026-07-13 17:00:00,22234.072265625,22289.5,actual_period_prediction,
2026-07-13 18:00:00,25334.046875,25172.0,actual_period_prediction,
2026-07-13 19:00:00,26434.681640625,26826.0,actual_period_prediction,
2026-07-13 20:00:00,26911.908203125,26833.5,actual_period_prediction,
2026-07-13 21:00:00,26241.29296875,26831.5,actual_period_prediction,
2026-07-13 22:00:00,24535.548828125,24789.0,actual_period_prediction,
2026-07-13 23:00:00,22518.73828125,22982.0,actual_period_prediction,
2026-07-14 00:00:00,21424.26171875,21916.0,actual_period_prediction,
2026-07-14 01:00:00,20547.458984375,20934.5,actual_period_prediction,
2026-07-14 02:00:00,19498.98046875,20599.0,actual_period_prediction,
2026-07-14 03:00:00,18827.865234375,19717.5,actual_period_prediction,
2026-07-14 04:00:00,18415.232421875,19134.0,actual_period_prediction,
2026-07-14 05:00:00,18300.74609375,18888.5,actual_period_prediction,
2026-07-14 06:00:00,21103.892578125,20808.0,actual_period_prediction,
2026-07-14 07:00:00,23635.796875,23123.0,actual_period_prediction,
2026-07-14 08:00:00,23887.0,24291.0,actual_period_prediction,
2026-07-14 09:00:00,22743.279296875,23204.5,actual_period_prediction,
2026-07-14 10:00:00,21291.95703125,21815.5,actual_period_prediction,
2026-07-14 11:00:00,19951.24609375,20306.5,actual_period_prediction,
2026-07-14 12:00:00,19363.666015625,19229.5,actual_period_prediction,
2026-07-14 13:00:00,19556.345703125,17884.0,actual_period_prediction,
2026-07-14 14:00:00,19549.544921875,17782.5,actual_period_prediction,
2026-07-14 15:00:00,19809.591796875,18607.5,actual_period_prediction,
2026-07-14 16:00:00,20729.943359375,21221.5,actual_period_prediction,
2026-07-14 17:00:00,22496.88671875,23691.0,actual_period_prediction,
2026-07-14 18:00:00,24997.828125,26245.5,actual_period_prediction,
2026-07-14 19:00:00,27557.484375,28020.5,actual_period_prediction,
2026-07-14 20:00:00,27526.126953125,28268.0,actual_period_prediction,
2026-07-14 21:00:00,27383.470703125,27681.5,actual_period_prediction,
2026-07-14 22:00:00,25843.251953125,26584.5,actual_period_prediction,
2026-07-14 23:00:00,23696.947265625,24201.0,actual_period_prediction,
2026-07-15 00:00:00,22249.0546875,23450.5,actual_period_prediction,
2026-07-15 01:00:00,21478.791015625,22737.5,actual_period_prediction,
2026-07-15 02:00:00,20993.56640625,21503.0,actual_period_prediction,
2026-07-15 03:00:00,20564.548828125,20803.0,actual_period_prediction,
2026-07-15 04:00:00,20070.1484375,20040.5,actual_period_prediction,
2026-07-15 05:00:00,19962.4140625,19863.0,actual_period_prediction,
2026-07-15 06:00:00,21806.0625,21910.0,actual_period_prediction,
2026-07-15 07:00:00,23886.8203125,24773.0,actual_period_prediction,
2026-07-15 08:00:00,24318.759765625,25894.0,actual_period_prediction,
2026-07-15 09:00:00,23154.755859375,24827.5,actual_period_prediction,
2026-07-15 10:00:00,21647.322265625,22739.0,actual_period_prediction,
2026-07-15 11:00:00,20252.30078125,20825.5,actual_period_prediction,
2026-07-15 12:00:00,20120.501953125,19242.0,actual_period_prediction,
2026-07-15 13:00:00,20234.818359375,18348.0,actual_period_prediction,
2026-07-15 14:00:00,20290.513671875,18697.0,actual_period_prediction,
2026-07-15 15:00:00,19845.30859375,19530.5,actual_period_prediction,
2026-07-15 16:00:00,21031.775390625,21529.0,actual_period_prediction,
2026-07-15 17:00:00,23594.533203125,24375.0,actual_period_prediction,
2026-07-15 18:00:00,26487.681640625,27025.0,actual_period_prediction,
2026-07-15 19:00:00,28213.955078125,28692.5,actual_period_prediction,
2026-07-15 20:00:00,28597.935546875,27821.5,actual_period_prediction,
2026-07-15 21:00:00,28028.68359375,27043.0,actual_period_prediction,
2026-07-15 22:00:00,26754.1015625,26081.0,actual_period_prediction,
2026-07-15 23:00:00,24606.623046875,24476.5,actual_period_prediction,
2026-07-16 00:00:00,23910.81640625,23589.5,actual_period_prediction,
2026-07-16 01:00:00,23083.087890625,22430.0,actual_period_prediction,
2026-07-16 02:00:00,21843.107421875,21532.5,actual_period_prediction,
2026-07-16 03:00:00,21197.38671875,20509.0,actual_period_prediction,
2026-07-16 04:00:00,20738.068359375,20115.0,actual_period_prediction,
2026-07-16 05:00:00,20634.443359375,20002.5,actual_period_prediction,
2026-07-16 06:00:00,22320.287109375,21918.0,actual_period_prediction,
2026-07-16 07:00:00,24940.763671875,24423.5,actual_period_prediction,
2026-07-16 08:00:00,25677.439453125,24489.5,actual_period_prediction,
2026-07-16 09:00:00,24177.796875,22944.0,actual_period_prediction,
2026-07-16 10:00:00,22590.8984375,21315.0,actual_period_prediction,
2026-07-16 11:00:00,20822.9765625,19866.0,actual_period_prediction,
2026-07-16 12:00:00,20821.22265625,19351.0,actual_period_prediction,
2026-07-16 13:00:00,20409.90625,19225.5,actual_period_prediction,
2026-07-16 14:00:00,20613.41796875,19744.5,actual_period_prediction,
2026-07-16 15:00:00,20406.337890625,20452.5,actual_period_prediction,
2026-07-16 16:00:00,21572.5390625,22748.0,actual_period_prediction,
2026-07-16 17:00:00,23827.123046875,25049.5,actual_period_prediction,
2026-07-16 18:00:00,27088.34765625,26762.5,actual_period_prediction,
2026-07-16 19:00:00,28967.517578125,28189.0,actual_period_prediction,
2026-07-16 20:00:00,28223.0234375,28393.0,actual_period_prediction,
2026-07-16 21:00:00,27460.0078125,28314.5,actual_period_prediction,
2026-07-16 22:00:00,26605.697265625,27074.0,actual_period_prediction,
2026-07-16 23:00:00,24887.953125,25180.5,actual_period_prediction,
2026-07-17 00:00:00,24112.345703125,24189.5,actual_period_prediction,
2026-07-17 01:00:00,22951.56640625,22966.5,actual_period_prediction,
2026-07-17 02:00:00,21737.65625,21767.5,actual_period_prediction,
2026-07-17 03:00:00,21196.408203125,20950.0,actual_period_prediction,
2026-07-17 04:00:00,20637.62890625,20646.0,actual_period_prediction,
2026-07-17 05:00:00,20560.388671875,20512.5,actual_period_prediction,
2026-07-17 06:00:00,22299.6796875,22422.0,actual_period_prediction,
2026-07-17 07:00:00,24424.78125,24710.5,actual_period_prediction,
2026-07-17 08:00:00,24444.3203125,24560.5,actual_period_prediction,
2026-07-17 09:00:00,22865.10546875,23224.0,actual_period_prediction,
2026-07-17 10:00:00,21401.978515625,21174.0,actual_period_prediction,
2026-07-17 11:00:00,20441.31640625,19952.5,actual_period_prediction,
2026-07-17 12:00:00,19978.2734375,19179.5,actual_period_prediction,
2026-07-17 13:00:00,20241.302734375,18685.0,actual_period_prediction,
2026-07-17 14:00:00,20155.697265625,18752.5,actual_period_prediction,
2026-07-17 15:00:00,19829.412109375,19167.0,actual_period_prediction,
2026-07-17 16:00:00,22362.306640625,20892.5,actual_period_prediction,
2026-07-17 17:00:00,23087.794921875,23217.5,actual_period_prediction,
2026-07-17 18:00:00,25689.390625,25419.0,actual_period_prediction,
2026-07-17 19:00:00,27316.083984375,26897.0,actual_period_prediction,
2026-07-17 20:00:00,27577.5859375,27058.0,actual_period_prediction,
2026-07-17 21:00:00,27472.29296875,26767.5,actual_period_prediction,
2026-07-17 22:00:00,26511.240234375,25552.0,actual_period_prediction,
2026-07-17 23:00:00,24477.658203125,24296.0,actual_period_prediction,
2026-07-18 00:00:00,23187.888671875,23305.5,actual_period_prediction,
2026-07-18 01:00:00,22160.40234375,21981.5,actual_period_prediction,
2026-07-18 02:00:00,21179.8125,21228.5,actual_period_prediction,
2026-07-18 03:00:00,19846.119140625,20241.0,actual_period_prediction,
2026-07-18 04:00:00,19261.728515625,19506.0,actual_period_prediction,
2026-07-18 05:00:00,19092.529296875,18654.5,actual_period_prediction,
2026-07-18 06:00:00,19712.888671875,19081.5,actual_period_prediction,
2026-07-18 07:00:00,20678.5,19583.0,actual_period_prediction,
2026-07-18 08:00:00,20790.74609375,19763.0,actual_period_prediction,
2026-07-18 09:00:00,20675.314453125,19719.5,actual_period_prediction,
2026-07-18 10:00:00,19517.287109375,19133.0,actual_period_prediction,
2026-07-18 11:00:00,18508.5078125,18178.5,actual_period_prediction,
2026-07-18 12:00:00,18241.41015625,17672.5,actual_period_prediction,
2026-07-18 13:00:00,18491.2421875,17513.555,actual_period_prediction,
2026-07-18 14:00:00,18542.40234375,17513.555,actual_period_prediction,
2026-07-18 15:00:00,18086.373046875,17513.555,actual_period_prediction,
2026-07-18 16:00:00,19096.521484375,18296.0,actual_period_prediction,
2026-07-18 17:00:00,21530.95703125,20912.0,actual_period_prediction,
2026-07-18 18:00:00,23508.28125,22855.5,actual_period_prediction,
2026-07-18 19:00:00,24966.064453125,23885.0,actual_period_prediction,
2026-07-18 20:00:00,25320.470703125,24094.5,actual_period_prediction,
2026-07-18 21:00:00,24720.98828125,24021.0,actual_period_prediction,
2026-07-18 22:00:00,23988.708984375,23502.5,actual_period_prediction,
2026-07-18 23:00:00,23144.037109375,21982.0,actual_period_prediction,
2026-07-19 00:00:00,22374.142578125,21354.0,actual_period_prediction,
2026-07-19 01:00:00,21094.056640625,20004.0,actual_period_prediction,
2026-07-19 02:00:00,19850.91796875,19014.5,actual_period_prediction,
2026-07-19 03:00:00,19094.30078125,18449.0,actual_period_prediction,
2026-07-19 04:00:00,18299.77734375,17970.5,actual_period_prediction,
2026-07-19 05:00:00,17993.146484375,17513.555,actual_period_prediction,
2026-07-19 06:00:00,18001.76953125,17513.555,actual_period_prediction,
2026-07-19 07:00:00,18121.826171875,17513.555,actual_period_prediction,
2026-07-19 08:00:00,18233.177734375,17513.555,actual_period_prediction,
2026-07-19 09:00:00,18121.517578125,17513.555,actual_period_prediction,
2026-07-19 10:00:00,17719.0546875,17513.555,actual_period_prediction,
2026-07-19 11:00:00,17267.224609375,17513.555,actual_period_prediction,
2026-07-19 12:00:00,17239.267578125,17513.555,actual_period_prediction,
2026-07-19 13:00:00,17393.619140625,17513.555,actual_period_prediction,
2026-07-19 14:00:00,17379.1796875,17513.555,actual_period_prediction,
2026-07-19 15:00:00,17348.755859375,17513.555,actual_period_prediction,
2026-07-19 16:00:00,17886.9296875,17513.555,actual_period_prediction,
2026-07-19 17:00:00,19993.287109375,19239.5,actual_period_prediction,
2026-07-19 18:00:00,22339.859375,22673.0,actual_period_prediction,
2026-07-19 19:00:00,24333.99609375,24722.0,actual_period_prediction,
2026-07-19 20:00:00,24575.416015625,24879.0,actual_period_prediction,
2026-07-19 21:00:00,24317.900390625,25200.5,actual_period_prediction,
2026-07-19 22:00:00,23438.58203125,23858.5,actual_period_prediction,
2026-07-19 23:00:00,21994.013671875,22254.5,actual_period_prediction,
2026-07-20 00:00:00,21684.35546875,21607.5,actual_period_prediction,
2026-07-20 01:00:00,20715.681640625,20700.0,actual_period_prediction,
2026-07-20 02:00:00,19778.33984375,19759.5,actual_period_prediction,
2026-07-20 03:00:00,19274.275390625,18922.5,actual_period_prediction,
2026-07-20 04:00:00,19092.841796875,18414.0,actual_period_prediction,
2026-07-20 05:00:00,19025.576171875,18692.5,actual_period_prediction,
2026-07-20 06:00:00,21364.1875,21011.5,actual_period_prediction,
2026-07-20 07:00:00,23389.296875,22644.0,actual_period_prediction,
2026-07-20 08:00:00,23084.68359375,22574.5,actual_period_prediction,
2026-07-20 09:00:00,22306.931640625,21182.0,actual_period_prediction,
2026-07-20 10:00:00,21539.3671875,19469.5,actual_period_prediction,
2026-07-20 11:00:00,20233.99609375,18178.5,actual_period_prediction,
2026-07-20 12:00:00,20086.162109375,17649.5,actual_period_prediction,
2026-07-20 13:00:00,20343.1796875,17513.555,actual_period_prediction,
2026-07-20 14:00:00,20289.751953125,17591.5,actual_period_prediction,
2026-07-20 15:00:00,20214.86328125,18725.0,actual_period_prediction,
2026-07-20 16:00:00,20937.109375,21014.0,actual_period_prediction,
2026-07-20 17:00:00,22982.9609375,23824.0,actual_period_prediction,
2026-07-20 18:00:00,26365.46484375,26040.0,actual_period_prediction,
2026-07-20 19:00:00,27321.30078125,27304.0,actual_period_prediction,
2026-07-20 20:00:00,26972.359375,27282.0,actual_period_prediction,
2026-07-20 21:00:00,26930.78515625,26535.0,actual_period_prediction,
2026-07-20 22:00:00,25248.21875,25288.5,actual_period_prediction,
2026-07-20 23:00:00,23749.8203125,23685.0,actual_period_prediction,
2026-07-21 00:00:00,21828.55859375,22658.5,actual_period_prediction,
2026-07-21 01:00:00,21210.5078125,21580.5,actual_period_prediction,
2026-07-21 02:00:00,20448.939453125,21077.5,actual_period_prediction,
2026-07-21 03:00:00,19682.509765625,20452.5,actual_period_prediction,
2026-07-21 04:00:00,19256.359375,19889.0,actual_period_prediction,
2026-07-21 05:00:00,19404.37890625,19589.0,actual_period_prediction,
2026-07-21 06:00:00,21875.869140625,21497.5,actual_period_prediction,
2026-07-21 07:00:00,23726.90625,23845.5,actual_period_prediction,
2026-07-21 08:00:00,23992.806640625,24294.5,actual_period_prediction,
2026-07-21 09:00:00,22600.021484375,23683.5,actual_period_prediction,
2026-07-21 10:00:00,21821.279296875,22707.5,actual_period_prediction,
2026-07-21 11:00:00,21283.771484375,22481.0,actual_period_prediction,
2026-07-21 12:00:00,20651.654296875,22090.0,actual_period_prediction,
2026-07-21 13:00:00,20331.525390625,21818.5,actual_period_prediction,
2026-07-21 14:00:00,20484.982421875,21782.5,actual_period_prediction,
2026-07-21 15:00:00,20816.23046875,21849.0,actual_period_prediction,
2026-07-21 16:00:00,21725.04296875,22976.0,actual_period_prediction,
2026-07-21 17:00:00,24773.109375,25054.5,actual_period_prediction,
2026-07-21 18:00:00,26653.673828125,26033.5,actual_period_prediction,
2026-07-21 19:00:00,28024.248046875,27356.0,actual_period_prediction,
2026-07-21 20:00:00,27960.056640625,27226.5,actual_period_prediction,
2026-07-21 21:00:00,27414.4296875,27149.0,actual_period_prediction,
2026-07-21 22:00:00,26384.513671875,26055.5,actual_period_prediction,
2026-07-21 23:00:00,24497.455078125,23769.5,actual_period_prediction,
2026-07-22 00:00:00,23145.19140625,22828.5,actual_period_prediction,
2026-07-22 01:00:00,21966.763671875,21962.5,actual_period_prediction,
2026-07-22 02:00:00,21327.9921875,21533.0,actual_period_prediction,
2026-07-22 03:00:00,20634.4296875,20757.0,actual_period_prediction,
2026-07-22 04:00:00,20325.0,20522.5,actual_period_prediction,
2026-07-22 05:00:00,19986.40625,20126.5,actual_period_prediction,
2026-07-22 06:00:00,21830.40234375,21951.5,actual_period_prediction,
2026-07-22 07:00:00,23983.087890625,24828.5,actual_period_prediction,
2026-07-22 08:00:00,24641.775390625,25334.0,actual_period_prediction,
2026-07-22 09:00:00,23861.39453125,24793.5,actual_period_prediction,
2026-07-22 10:00:00,22749.638671875,23315.0,actual_period_prediction,
2026-07-22 11:00:00,22831.6640625,23015.5,actual_period_prediction,
2026-07-22 12:00:00,22273.41796875,22967.5,actual_period_prediction,
2026-07-22 13:00:00,22108.005859375,22356.5,actual_period_prediction,
2026-07-22 14:00:00,22338.697265625,21684.0,actual_period_prediction,
2026-07-22 15:00:00,21854.123046875,22191.5,actual_period_prediction,
2026-07-22 16:00:00,23186.990234375,23526.0,actual_period_prediction,
2026-07-22 17:00:00,25130.267578125,25611.0,actual_period_prediction,
2026-07-22 18:00:00,26834.419921875,27487.5,actual_period_prediction,
2026-07-22 19:00:00,27978.98046875,28457.0,actual_period_prediction,
2026-07-22 20:00:00,27584.142578125,27864.0,actual_period_prediction,
2026-07-22 21:00:00,27569.326171875,27207.0,actual_period_prediction,
2026-07-22 22:00:00,26487.12109375,25876.5,actual_period_prediction,
2026-07-22 23:00:00,24354.67578125,24170.5,actual_period_prediction,
2026-07-23 00:00:00,23356.65625,23645.5,actual_period_prediction,
2026-07-23 01:00:00,22133.681640625,22867.5,actual_period_prediction,
2026-07-23 02:00:00,21619.380859375,21843.5,actual_period_prediction,
2026-07-23 03:00:00,20995.76171875,21182.0,actual_period_prediction,
2026-07-23 04:00:00,20781.373046875,20143.5,actual_period_prediction,
2026-07-23 05:00:00,20551.904296875,19938.5,actual_period_prediction,
2026-07-23 06:00:00,22074.97265625,21819.5,actual_period_prediction,
2026-07-23 07:00:00,24905.39453125,23822.0,actual_period_prediction,
2026-07-23 08:00:00,25388.8203125,24684.5,actual_period_prediction,
2026-07-23 09:00:00,24864.810546875,23553.5,actual_period_prediction,
2026-07-23 10:00:00,23345.720703125,22580.5,actual_period_prediction,
2026-07-23 11:00:00,22742.310546875,22331.5,actual_period_prediction,
2026-07-23 12:00:00,22186.150390625,22151.5,actual_period_prediction,
2026-07-23 13:00:00,22041.52734375,22162.5,actual_period_prediction,
2026-07-23 14:00:00,21841.24609375,22032.0,actual_period_prediction,
2026-07-23 15:00:00,21818.044921875,22128.0,actual_period_prediction,
2026-07-23 16:00:00,23638.33984375,23079.0,actual_period_prediction,
2026-07-23 17:00:00,25439.70703125,25065.5,actual_period_prediction,
2026-07-23 18:00:00,27573.6796875,26680.0,actual_period_prediction,
2026-07-23 19:00:00,28060.826171875,28007.5,actual_period_prediction,
2026-07-23 20:00:00,27754.72265625,27738.5,actual_period_prediction,
2026-07-23 21:00:00,27138.888671875,26923.0,actual_period_prediction,
2026-07-23 22:00:00,25783.466796875,25491.0,actual_period_prediction,
2026-07-23 23:00:00,24227.12109375,23631.0,actual_period_prediction,
2026-07-24 00:00:00,23417.287109375,22677.0,actual_period_prediction,
2026-07-24 01:00:00,22361.845703125,22013.5,actual_period_prediction,
2026-07-24 02:00:00,21229.66015625,21160.5,actual_period_prediction,
2026-07-24 03:00:00,20549.013671875,20439.0,actual_period_prediction,
2026-07-24 04:00:00,20121.69140625,19553.5,actual_period_prediction,
2026-07-24 05:00:00,20021.802734375,19143.5,actual_period_prediction,
2026-07-24 06:00:00,21750.35546875,20820.0,actual_period_prediction,
2026-07-24 07:00:00,23684.806640625,22951.5,actual_period_prediction,
2026-07-24 08:00:00,24208.884765625,23281.0,actual_period_prediction,
2026-07-24 09:00:00,23239.078125,21919.0,actual_period_prediction,
2026-07-24 10:00:00,21687.775390625,20259.5,actual_period_prediction,
2026-07-24 11:00:00,21150.8828125,18962.0,actual_period_prediction,
2026-07-24 12:00:00,20713.0,18451.0,actual_period_prediction,
2026-07-24 13:00:00,20371.572265625,17729.5,actual_period_prediction,
2026-07-24 14:00:00,19972.95703125,17937.5,actual_period_prediction,
2026-07-24 15:00:00,20208.400390625,18503.0,actual_period_prediction,
2026-07-24 16:00:00,20861.220703125,20265.0,actual_period_prediction,
2026-07-24 17:00:00,23425.798828125,22789.5,actual_period_prediction,
2026-07-24 18:00:00,25325.451171875,24690.0,actual_period_prediction,
2026-07-24 19:00:00,26590.25390625,25843.0,actual_period_prediction,
2026-07-24 20:00:00,26277.009765625,26028.0,actual_period_prediction,
2026-07-24 21:00:00,26094.482421875,26226.5,actual_period_prediction,
2026-07-24 22:00:00,24880.7421875,24747.0,actual_period_prediction,
2026-07-24 23:00:00,23473.228515625,22785.0,actual_period_prediction,
2026-07-25 00:00:00,22149.853515625,21792.5,actual_period_prediction,
2026-07-25 01:00:00,21194.42578125,20848.5,actual_period_prediction,
2026-07-25 02:00:00,20177.35546875,19796.5,actual_period_prediction,
2026-07-25 03:00:00,19092.64453125,18633.5,actual_period_prediction,
2026-07-25 04:00:00,18092.681640625,17914.0,actual_period_prediction,
2026-07-25 05:00:00,17694.9609375,17513.555,actual_period_prediction,
2026-07-25 06:00:00,18292.0625,17703.5,actual_period_prediction,
2026-07-25 07:00:00,19331.404296875,18076.0,actual_period_prediction,
2026-07-25 08:00:00,19840.869140625,17668.5,actual_period_prediction,
2026-07-25 09:00:00,19322.158203125,17513.555,actual_period_prediction,
2026-07-25 10:00:00,17989.314453125,17513.555,actual_period_prediction,
2026-07-25 11:00:00,17606.427734375,17513.555,actual_period_prediction,
2026-07-25 12:00:00,17173.8828125,17513.555,actual_period_prediction,
2026-07-25 13:00:00,16956.705078125,17513.555,actual_period_prediction,
2026-07-25 14:00:00,16442.662109375,17513.555,actual_period_prediction,
2026-07-25 15:00:00,16496.392578125,17513.555,actual_period_prediction,
2026-07-25 16:00:00,17995.587890625,18455.5,actual_period_prediction,
2026-07-25 17:00:00,20147.486328125,21604.0,actual_period_prediction,
2026-07-25 18:00:00,22313.81640625,23442.5,actual_period_prediction,
2026-07-25 19:00:00,23213.787109375,24273.0,actual_period_prediction,
2026-07-25 20:00:00,23714.072265625,24877.5,actual_period_prediction,
2026-07-25 21:00:00,23984.16796875,24639.0,actual_period_prediction,
2026-07-25 22:00:00,23484.8984375,23577.0,actual_period_prediction,
2026-07-25 23:00:00,21872.880859375,22149.0,actual_period_prediction,
2026-07-26 00:00:00,21095.58203125,21212.0,actual_period_prediction,
2026-07-26 01:00:00,19931.033203125,20431.5,actual_period_prediction,
2026-07-26 02:00:00,18610.3671875,19018.5,actual_period_prediction,
2026-07-26 03:00:00,17824.501953125,17988.0,actual_period_prediction,
2026-07-26 04:00:00,17611.740234375,17513.555,actual_period_prediction,
2026-07-26 05:00:00,17377.27734375,17513.555,actual_period_prediction,
2026-07-26 06:00:00,17475.755859375,17513.555,actual_period_prediction,
2026-07-26 07:00:00,17972.033203125,17513.555,actual_period_prediction,
2026-07-26 08:00:00,18367.99609375,17848.0,actual_period_prediction,
2026-07-26 09:00:00,18494.783203125,17769.0,actual_period_prediction,
2026-07-26 10:00:00,19065.072265625,17513.555,actual_period_prediction,
2026-07-26 11:00:00,19638.732421875,17513.555,actual_period_prediction,
2026-07-26 12:00:00,20074.580078125,17513.555,actual_period_prediction,
2026-07-26 13:00:00,18599.953125,17513.555,actual_period_prediction,
2026-07-26 14:00:00,18101.4921875,17513.555,actual_period_prediction,
2026-07-26 15:00:00,17971.255859375,17513.555,actual_period_prediction,
2026-07-26 16:00:00,18598.03125,17801.0,actual_period_prediction,
2026-07-26 17:00:00,21014.802734375,20131.0,actual_period_prediction,
2026-07-26 18:00:00,22814.755859375,22496.5,actual_period_prediction,
2026-07-26 19:00:00,24230.859375,23662.0,actual_period_prediction,
2026-07-26 20:00:00,24478.599609375,23894.0,actual_period_prediction,
2026-07-26 21:00:00,24149.86328125,23385.0,actual_period_prediction,
2026-07-26 22:00:00,23356.060546875,22285.0,actual_period_prediction,
2026-07-26 23:00:00,21754.6484375,20546.5,actual_period_prediction,
2026-07-27 00:00:00,20896.37890625,20519.5,actual_period_prediction,
2026-07-27 01:00:00,20448.2265625,20115.5,actual_period_prediction,
2026-07-27 02:00:00,19085.576171875,19553.0,actual_period_prediction,
2026-07-27 03:00:00,18406.251953125,18692.5,actual_period_prediction,
2026-07-27 04:00:00,18416.423828125,18422.5,actual_period_prediction,
2026-07-27 05:00:00,18543.7890625,18358.5,actual_period_prediction,
2026-07-27 06:00:00,21312.44921875,20474.5,actual_period_prediction,
2026-07-27 07:00:00,22684.4375,22145.5,actual_period_prediction,
2026-07-27 08:00:00,22628.80859375,22686.5,actual_period_prediction,
2026-07-27 09:00:00,21618.103515625,22878.5,actual_period_prediction,
2026-07-27 10:00:00,20493.091796875,22710.0,actual_period_prediction,
2026-07-27 11:00:00,20882.1171875,21540.5,actual_period_prediction,
2026-07-27 12:00:00,20798.828125,20268.5,actual_period_prediction,
2026-07-27 13:00:00,20837.712890625,19173.0,actual_period_prediction,
2026-07-27 14:00:00,20960.11328125,18858.0,actual_period_prediction,
2026-07-27 15:00:00,21313.2109375,19318.5,actual_period_prediction,
2026-07-27 16:00:00,22205.474609375,21333.5,actual_period_prediction,
2026-07-27 17:00:00,23716.46875,24509.0,actual_period_prediction,
2026-07-27 18:00:00,26587.05078125,26535.5,actual_period_prediction,
2026-07-27 19:00:00,26665.5390625,28181.5,actual_period_prediction,
2026-07-27 20:00:00,26608.1015625,28022.5,actual_period_prediction,
2026-07-27 21:00:00,25987.419921875,27118.5,actual_period_prediction,
2026-07-27 22:00:00,24386.892578125,25130.0,actual_period_prediction,
2026-07-27 23:00:00,22835.720703125,23273.5,actual_period_prediction,
2026-07-28 00:00:00,21911.37109375,22473.0,actual_period_prediction,
2026-07-28 01:00:00,20615.947265625,21865.0,actual_period_prediction,
2026-07-28 02:00:00,20707.755859375,21117.0,actual_period_prediction,
2026-07-28 03:00:00,20051.828125,19964.5,actual_period_prediction,
2026-07-28 04:00:00,19697.85546875,19405.0,actual_period_prediction,
2026-07-28 05:00:00,19602.728515625,18968.5,actual_period_prediction,
2026-07-28 06:00:00,21557.52734375,20864.0,actual_period_prediction,
2026-07-28 07:00:00,23645.55859375,23485.0,actual_period_prediction,
2026-07-28 08:00:00,24908.2890625,24721.5,actual_period_prediction,
2026-07-28 09:00:00,24626.34765625,24280.0,actual_period_prediction,
2026-07-28 10:00:00,23719.328125,22417.0,actual_period_prediction,
2026-07-28 11:00:00,22505.615234375,21482.5,actual_period_prediction,
2026-07-28 12:00:00,21099.291015625,21398.0,actual_period_prediction,
2026-07-28 13:00:00,20630.74609375,21204.0,actual_period_prediction,
2026-07-28 14:00:00,20942.05859375,21393.0,actual_period_prediction,
2026-07-28 15:00:00,21760.99609375,22099.0,actual_period_prediction,
2026-07-28 16:00:00,23014.18359375,24244.0,actual_period_prediction,
2026-07-28 17:00:00,25549.9375,26331.5,actual_period_prediction,
2026-07-28 18:00:00,27380.173828125,27616.0,actual_period_prediction,
2026-07-28 19:00:00,28995.923828125,28290.0,actual_period_prediction,
2026-07-28 20:00:00,28913.421875,27942.0,actual_period_prediction,
2026-07-28 21:00:00,27933.220703125,27800.5,actual_period_prediction,
2026-07-28 22:00:00,26265.669921875,26119.5,actual_period_prediction,
2026-07-28 23:00:00,24599.912109375,24348.5,actual_period_prediction,
2026-07-29 00:00:00,23289.85546875,23211.0,actual_period_prediction,
2026-07-29 01:00:00,22298.4296875,22803.0,actual_period_prediction,
2026-07-29 02:00:00,21634.779296875,22200.0,actual_period_prediction,
2026-07-29 03:00:00,20875.859375,21467.5,actual_period_prediction,
2026-07-29 04:00:00,20683.482421875,21299.5,actual_period_prediction,
2026-07-29 05:00:00,20191.337890625,20861.0,actual_period_prediction,
2026-07-29 06:00:00,21619.681640625,22626.0,actual_period_prediction,
2026-07-29 07:00:00,24266.67578125,24703.0,actual_period_prediction,
2026-07-29 08:00:00,25119.841796875,25673.5,actual_period_prediction,
2026-07-29 09:00:00,24325.294921875,24373.0,actual_period_prediction,
2026-07-29 10:00:00,22791.900390625,22843.0,actual_period_prediction,
2026-07-29 11:00:00,21710.1796875,21926.5,actual_period_prediction,
2026-07-29 12:00:00,20756.0625,22183.5,actual_period_prediction,
2026-07-29 13:00:00,20503.587890625,22206.5,actual_period_prediction,
2026-07-29 14:00:00,20509.892578125,22127.5,actual_period_prediction,
2026-07-29 15:00:00,21824.390625,22191.5,actual_period_prediction,
2026-07-29 16:00:00,24455.673828125,23881.5,actual_period_prediction,
2026-07-29 17:00:00,26564.458984375,26152.5,actual_period_prediction,
2026-07-29 18:00:00,27772.208984375,27660.0,actual_period_prediction,
2026-07-29 19:00:00,28327.17578125,28805.5,actual_period_prediction,
2026-07-29 20:00:00,27927.490234375,28656.0,actual_period_prediction,
2026-07-29 21:00:00,27647.201171875,28952.0,actual_period_prediction,
2026-07-29 22:00:00,26171.142578125,26934.5,actual_period_prediction,
2026-07-29 23:00:00,24316.6015625,24692.0,actual_period_prediction,
2026-07-30 00:00:00,23464.361328125,23642.0,actual_period_prediction,
2026-07-30 01:00:00,23096.685546875,22860.5,actual_period_prediction,
2026-07-30 02:00:00,22095.5546875,22225.5,actual_period_prediction,
2026-07-30 03:00:00,21163.283203125,21199.5,actual_period_prediction,
2026-07-30 04:00:00,20832.35546875,20823.0,actual_period_prediction,
2026-07-30 05:00:00,20508.58203125,20600.0,actual_period_prediction,
2026-07-30 06:00:00,22198.541015625,22390.5,actual_period_prediction,
2026-07-30 07:00:00,24287.099609375,24530.0,actual_period_prediction,
2026-07-30 08:00:00,25176.369140625,25016.0,actual_period_prediction,
2026-07-30 09:00:00,23904.8046875,24384.0,actual_period_prediction,
2026-07-30 10:00:00,22508.251953125,23834.5,actual_period_prediction,
2026-07-30 11:00:00,21095.75390625,22941.0,actual_period_prediction,
2026-07-30 12:00:00,20814.14453125,22289.0,actual_period_prediction,
2026-07-30 13:00:00,20217.099609375,21542.5,actual_period_prediction,
2026-07-30 14:00:00,19966.013671875,21704.5,actual_period_prediction,
2026-07-30 15:00:00,20263.46484375,21647.5,actual_period_prediction,
2026-07-30 16:00:00,21930.58203125,22449.0,actual_period_prediction,
2026-07-30 17:00:00,23771.79296875,24400.5,actual_period_prediction,
2026-07-30 18:00:00,25711.041015625,26815.5,actual_period_prediction,
2026-07-30 19:00:00,28089.107421875,27566.5,actual_period_prediction,
2026-07-30 20:00:00,27728.3984375,27550.5,actual_period_prediction,
2026-07-30 21:00:00,27767.498046875,27344.0,actual_period_prediction,
2026-07-30 22:00:00,25909.65234375,25843.5,actual_period_prediction,
2026-07-30 23:00:00,24179.224609375,23786.0,actual_period_prediction,
2026-07-31 00:00:00,23159.921875,22714.0,actual_period_prediction,
2026-07-31 01:00:00,22197.921875,22074.0,actual_period_prediction,
2026-07-31 02:00:00,21788.46875,21289.5,actual_period_prediction,
2026-07-31 03:00:00,20691.443359375,20616.0,actual_period_prediction,
2026-07-31 04:00:00,20284.421875,20050.5,actual_period_prediction,
2026-07-31 05:00:00,20000.841796875,19671.5,actual_period_prediction,
2026-07-31 06:00:00,21885.978515625,21297.5,actual_period_prediction,
2026-07-31 07:00:00,23718.669921875,23322.0,actual_period_prediction,
2026-07-31 08:00:00,24028.001953125,23442.5,actual_period_prediction,
2026-07-31 09:00:00,22912.244140625,21427.5,actual_period_prediction,
2026-07-31 10:00:00,22518.099609375,19710.0,actual_period_prediction,
2026-07-31 11:00:00,21512.396484375,18853.5,actual_period_prediction,
2026-07-31 12:00:00,20854.734375,18919.5,actual_period_prediction,
2026-07-31 13:00:00,20144.36328125,18070.5,actual_period_prediction,
2026-07-31 14:00:00,20007.478515625,17513.555,actual_period_prediction,
2026-07-31 15:00:00,19958.681640625,17686.5,actual_period_prediction,
2026-07-31 16:00:00,19989.388671875,18660.0,actual_period_prediction,
2026-07-31 17:00:00,22067.22265625,20817.5,actual_period_prediction,
2026-07-31 18:00:00,24567.609375,23778.0,actual_period_prediction,
2026-07-31 19:00:00,26158.947265625,26225.0,actual_period_prediction,
2026-07-31 20:00:00,26317.05078125,26301.5,actual_period_prediction,
2026-07-31 21:00:00,26370.26171875,25947.5,actual_period_prediction,
2026-07-31 22:00:00,24837.275390625,24240.0,actual_period_prediction,
2026-07-31 23:00:00,23132.990234375,22243.0,actual_period_prediction,
2026-08-01 00:00:00,21734.404296875,21362.0,actual_period_prediction,
2026-08-01 01:00:00,21081.029296875,20666.5,actual_period_prediction,
2026-08-01 02:00:00,19893.36328125,20015.0,actual_period_prediction,
2026-08-01 03:00:00,19043.001953125,19759.0,actual_period_prediction,
2026-08-01 04:00:00,18581.140625,19000.5,actual_period_prediction,
2026-08-01 05:00:00,18358.974609375,18422.5,actual_period_prediction,
2026-08-01 06:00:00,19137.755859375,18967.5,actual_period_prediction,
2026-08-01 07:00:00,20026.451171875,19160.5,actual_period_prediction,
2026-08-01 08:00:00,20456.421875,18396.0,actual_period_prediction,
2026-08-01 09:00:00,18990.142578125,17513.555,actual_period_prediction,
2026-08-01 10:00:00,17787.451171875,17513.555,actual_period_prediction,
2026-08-01 11:00:00,17326.55859375,17513.555,actual_period_prediction,
2026-08-01 12:00:00,16834.255859375,17513.555,actual_period_prediction,
2026-08-01 13:00:00,16639.67578125,17513.555,actual_period_prediction,
2026-08-01 14:00:00,16485.841796875,17513.555,actual_period_prediction,
2026-08-01 15:00:00,16764.64453125,17513.555,actual_period_prediction,
2026-08-01 16:00:00,17828.52734375,17513.555,actual_period_prediction,
2026-08-01 17:00:00,19622.53515625,19107.5,actual_period_prediction,
2026-08-01 18:00:00,22352.009765625,21583.5,actual_period_prediction,
2026-08-01 19:00:00,24210.091796875,23139.5,actual_period_prediction,
2026-08-01 20:00:00,24614.423828125,24068.0,actual_period_prediction,
2026-08-01 21:00:00,24440.818359375,23780.5,actual_period_prediction,
2026-08-01 22:00:00,23496.3984375,23159.5,actual_period_prediction,
2026-08-01 23:00:00,22214.787109375,21652.0,actual_period_prediction,
2026-08-02 00:00:00,20896.248046875,21029.0,actual_period_prediction,
2026-08-02 01:00:00,20027.658203125,20326.5,actual_period_prediction,
2026-08-02 02:00:00,18968.86328125,19592.5,actual_period_prediction,
2026-08-02 03:00:00,18474.826171875,18694.0,actual_period_prediction,
2026-08-02 04:00:00,17975.1484375,18202.0,actual_period_prediction,
2026-08-02 05:00:00,17875.5859375,17727.5,actual_period_prediction,
2026-08-02 06:00:00,18038.046875,17597.5,actual_period_prediction,
2026-08-02 07:00:00,18235.3515625,17513.555,actual_period_prediction,
2026-08-02 08:00:00,18258.4453125,17513.555,actual_period_prediction,
2026-08-02 09:00:00,18064.248046875,17513.555,actual_period_prediction,
2026-08-02 10:00:00,17921.568359375,17513.555,actual_period_prediction,
2026-08-02 11:00:00,18079.66015625,17513.555,actual_period_prediction,
2026-08-02 12:00:00,18092.0703125,17513.555,actual_period_prediction,
2026-08-02 13:00:00,18158.525390625,17513.555,actual_period_prediction,
2026-08-02 14:00:00,18221.1953125,17513.555,actual_period_prediction,
2026-08-02 15:00:00,18331.494140625,17513.555,actual_period_prediction,
2026-08-02 16:00:00,19173.623046875,19394.0,actual_period_prediction,
2026-08-02 17:00:00,21466.5234375,22208.5,actual_period_prediction,
2026-08-02 18:00:00,23042.939453125,24203.5,actual_period_prediction,
2026-08-02 19:00:00,23983.408203125,24996.0,actual_period_prediction,
2026-08-02 20:00:00,24623.6640625,25226.5,actual_period_prediction,
2026-08-02 21:00:00,23858.45703125,25172.5,actual_period_prediction,
2026-08-02 22:00:00,22879.525390625,23857.5,actual_period_prediction,
2026-08-02 23:00:00,21387.123046875,22370.5,actual_period_prediction,
2026-08-03 00:00:00,21345.830078125,21465.0,actual_period_prediction,
2026-08-03 01:00:00,20685.72265625,21116.5,actual_period_prediction,
2026-08-03 02:00:00,19473.185546875,20317.5,actual_period_prediction,
2026-08-03 03:00:00,18602.607421875,19575.0,actual_period_prediction,
2026-08-03 04:00:00,18362.189453125,18750.5,actual_period_prediction,
2026-08-03 05:00:00,18428.857421875,18677.5,actual_period_prediction,
2026-08-03 06:00:00,19770.115234375,20303.5,actual_period_prediction,
2026-08-03 07:00:00,21364.85546875,22710.0,actual_period_prediction,
2026-08-03 08:00:00,22146.794921875,23412.5,actual_period_prediction,
2026-08-03 09:00:00,22097.533203125,22199.5,actual_period_prediction,
2026-08-03 10:00:00,21899.193359375,20092.5,actual_period_prediction,
2026-08-03 11:00:00,21013.333984375,19415.5,actual_period_prediction,
2026-08-03 12:00:00,21035.40625,19262.0,actual_period_prediction,
2026-08-03 13:00:00,19620.16796875,19698.0,actual_period_prediction,
2026-08-03 14:00:00,19748.7578125,20118.5,actual_period_prediction,
2026-08-03 15:00:00,19772.30078125,21296.5,actual_period_prediction,
2026-08-03 16:00:00,21510.72265625,23213.0,actual_period_prediction,
2026-08-03 17:00:00,24883.42578125,26227.5,actual_period_prediction,
2026-08-03 18:00:00,26591.916015625,28008.5,actual_period_prediction,
2026-08-03 19:00:00,27052.404296875,28307.5,actual_period_prediction,
2026-08-03 20:00:00,27268.373046875,27874.0,actual_period_prediction,
2026-08-03 21:00:00,26272.97265625,27340.0,actual_period_prediction,
2026-08-03 22:00:00,24412.775390625,25241.5,actual_period_prediction,
2026-08-03 23:00:00,23182.845703125,23110.0,actual_period_prediction,
2026-08-04 00:00:00,21858.857421875,22298.0,actual_period_prediction,
2026-08-04 01:00:00,21578.84765625,22412.0,actual_period_prediction,
2026-08-04 02:00:00,21063.046875,21835.0,actual_period_prediction,
2026-08-04 03:00:00,20086.45703125,20541.5,actual_period_prediction,
2026-08-04 04:00:00,19309.2578125,19918.0,actual_period_prediction,
2026-08-04 05:00:00,19022.01171875,19759.0,actual_period_prediction,
2026-08-04 06:00:00,21300.79296875,21427.0,actual_period_prediction,
2026-08-04 07:00:00,23936.154296875,24265.5,actual_period_prediction,
2026-08-04 08:00:00,25415.2578125,25685.5,actual_period_prediction,
2026-08-04 09:00:00,24388.36328125,25695.0,actual_period_prediction,
2026-08-04 10:00:00,23346.1796875,25287.0,actual_period_prediction,
2026-08-04 11:00:00,23736.953125,24729.5,actual_period_prediction,
2026-08-04 12:00:00,23360.255859375,24174.5,actual_period_prediction,
2026-08-04 13:00:00,22770.560546875,23823.0,actual_period_prediction,
2026-08-04 14:00:00,22185.771484375,23668.0,actual_period_prediction,
2026-08-04 15:00:00,22246.640625,23855.5,actual_period_prediction,
2026-08-04 16:00:00,24674.1328125,24475.0,actual_period_prediction,
2026-08-04 17:00:00,26737.53515625,25980.0,actual_period_prediction,
2026-08-04 18:00:00,28402.556640625,27644.5,actual_period_prediction,
2026-08-04 19:00:00,28494.12890625,27902.0,actual_period_prediction,
2026-08-04 20:00:00,28500.369140625,27646.5,actual_period_prediction,
2026-08-04 21:00:00,27877.8984375,27347.0,actual_period_prediction,
2026-08-04 22:00:00,26039.240234375,25522.0,actual_period_prediction,
2026-08-04 23:00:00,23866.892578125,22562.0,actual_period_prediction,
2026-08-05 00:00:00,22499.81640625,21131.0,actual_period_prediction,
2026-08-05 01:00:00,22313.494140625,20756.5,actual_period_prediction,
2026-08-05 02:00:00,21642.63671875,20368.0,actual_period_prediction,
2026-08-05 03:00:00,20605.55859375,19510.5,actual_period_prediction,
2026-08-05 04:00:00,20416.916015625,19146.0,actual_period_prediction,
2026-08-05 05:00:00,20085.84375,19070.5,actual_period_prediction,
2026-08-05 06:00:00,21684.64453125,20970.5,actual_period_prediction,
2026-08-05 07:00:00,24189.5390625,22840.5,actual_period_prediction,
2026-08-05 08:00:00,25354.734375,23217.5,actual_period_prediction,
2026-08-05 09:00:00,24327.271484375,22625.0,actual_period_prediction,
2026-08-05 10:00:00,23182.59765625,21305.5,actual_period_prediction,
2026-08-05 11:00:00,21191.140625,20080.5,actual_period_prediction,
2026-08-05 12:00:00,20506.6953125,19483.5,actual_period_prediction,
2026-08-05 13:00:00,20170.35546875,18143.0,actual_period_prediction,
2026-08-05 14:00:00,19893.376953125,17535.0,actual_period_prediction,
2026-08-05 15:00:00,19654.490234375,17516.5,actual_period_prediction,
2026-08-05 16:00:00,20599.599609375,18423.0,actual_period_prediction,
2026-08-05 17:00:00,23390.5859375,20927.0,actual_period_prediction,
2026-08-05 18:00:00,25336.037109375,22964.5,actual_period_prediction,
2026-08-05 19:00:00,26585.65625,24281.0,actual_period_prediction,
2026-08-05 20:00:00,26413.212890625,24475.5,actual_period_prediction,
2026-08-05 21:00:00,26174.359375,24476.0,actual_period_prediction,
2026-08-05 22:00:00,24607.990234375,22758.0,actual_period_prediction,
2026-08-05 23:00:00,22346.8515625,20662.0,actual_period_prediction,
2026-08-06 00:00:00,21113.15234375,19767.0,actual_period_prediction,
2026-08-06 01:00:00,20813.3671875,19245.0,actual_period_prediction,
2026-08-06 02:00:00,20434.580078125,18670.0,actual_period_prediction,
2026-08-06 03:00:00,19747.111328125,18113.0,actual_period_prediction,
2026-08-06 04:00:00,19543.94140625,18054.0,actual_period_prediction,
2026-08-06 05:00:00,19699.447265625,18237.0,actual_period_prediction,
2026-08-06 06:00:00,21287.244140625,19953.5,actual_period_prediction,
2026-08-06 07:00:00,23112.3359375,22099.0,actual_period_prediction,
2026-08-06 08:00:00,23567.884765625,22833.5,actual_period_prediction,
2026-08-06 09:00:00,22893.740234375,22137.0,actual_period_prediction,
2026-08-06 10:00:00,21447.65625,21516.5,actual_period_prediction,
2026-08-06 11:00:00,21770.365234375,21858.0,actual_period_prediction,
2026-08-06 12:00:00,21711.783203125,21938.5,actual_period_prediction,
2026-08-06 13:00:00,21802.44921875,21598.5,actual_period_prediction,
2026-08-06 14:00:00,21857.59765625,21047.0,actual_period_prediction,
2026-08-06 15:00:00,21937.41796875,21163.5,actual_period_prediction,
2026-08-06 16:00:00,22243.0703125,22367.5,actual_period_prediction,
2026-08-06 17:00:00,22674.62109375,25223.5,actual_period_prediction,
2026-08-06 18:00:00,24256.201171875,27326.5,actual_period_prediction,
2026-08-06 19:00:00,25295.783203125,28364.0,actual_period_prediction,
2026-08-06 20:00:00,25442.70703125,27589.5,actual_period_prediction,
2026-08-06 21:00:00,25465.3671875,26737.5,actual_period_prediction,
2026-08-06 22:00:00,23931.138671875,24465.0,actual_period_prediction,
2026-08-06 23:00:00,22078.857421875,22420.5,actual_period_prediction,
2026-08-07 00:00:00,21466.263671875,21711.5,actual_period_prediction,
2026-08-07 01:00:00,20883.4296875,21254.0,actual_period_prediction,
2026-08-07 02:00:00,20280.15625,20218.0,actual_period_prediction,
2026-08-07 03:00:00,19842.408203125,19342.0,actual_period_prediction,
2026-08-07 04:00:00,19500.96484375,18571.0,actual_period_prediction,
2026-08-07 05:00:00,19337.99609375,18519.5,actual_period_prediction,
2026-08-07 06:00:00,21011.0078125,19893.0,actual_period_prediction,
2026-08-07 07:00:00,22306.44140625,21883.0,actual_period_prediction,
2026-08-07 08:00:00,23005.1015625,21410.5,actual_period_prediction,
2026-08-07 09:00:00,21798.138671875,20014.0,actual_period_prediction,
2026-08-07 10:00:00,20608.96875,18520.5,actual_period_prediction,
2026-08-07 11:00:00,20538.099609375,17513.555,actual_period_prediction,
2026-08-07 12:00:00,20392.8515625,17513.555,actual_period_prediction,
2026-08-07 13:00:00,20317.458984375,17513.555,actual_period_prediction,
2026-08-07 14:00:00,19678.921875,17513.555,actual_period_prediction,
2026-08-07 15:00:00,19850.41015625,17513.555,actual_period_prediction,
2026-08-07 16:00:00,21183.578125,18254.0,actual_period_prediction,
2026-08-07 17:00:00,23846.1328125,21206.5,actual_period_prediction,
2026-08-07 18:00:00,25336.6875,23917.5,actual_period_prediction,
2026-08-07 19:00:00,26876.486328125,25652.5,actual_period_prediction,
2026-08-07 20:00:00,26723.8203125,25447.0,actual_period_prediction,
2026-08-07 21:00:00,26384.310546875,24881.0,actual_period_prediction,
2026-08-07 22:00:00,24279.333984375,24018.0,actual_period_prediction,
2026-08-07 23:00:00,22625.416015625,22324.0,actual_period_prediction,
2026-08-08 00:00:00,21290.625,21087.0,actual_period_prediction,
2026-08-08 01:00:00,20377.8671875,20434.5,actual_period_prediction,
2026-08-08 02:00:00,19564.443359375,19682.5,actual_period_prediction,
2026-08-08 03:00:00,18784.33984375,18670.0,actual_period_prediction,
2026-08-08 04:00:00,18080.220703125,18162.5,actual_period_prediction,
2026-08-08 05:00:00,18062.130859375,17781.5,actual_period_prediction,
2026-08-08 06:00:00,18588.322265625,18533.5,actual_period_prediction,
2026-08-08 07:00:00,19644.58984375,18815.0,actual_period_prediction,
2026-08-08 08:00:00,19394.337890625,18196.5,actual_period_prediction,
2026-08-08 09:00:00,18461.14453125,17513.555,actual_period_prediction,
2026-08-08 10:00:00,17559.609375,17513.555,actual_period_prediction,
2026-08-08 11:00:00,17509.998046875,17513.555,actual_period_prediction,
2026-08-08 12:00:00,16729.630859375,17513.555,actual_period_prediction,
2026-08-08 13:00:00,16926.326171875,17513.555,actual_period_prediction,
2026-08-08 14:00:00,17015.796875,17513.555,actual_period_prediction,
2026-08-08 15:00:00,17405.16796875,17513.555,actual_period_prediction,
2026-08-08 16:00:00,18318.4609375,17513.555,actual_period_prediction,
2026-08-08 17:00:00,20404.396484375,21208.5,actual_period_prediction,
2026-08-08 18:00:00,22771.912109375,23572.5,actual_period_prediction,
2026-08-08 19:00:00,23939.78125,24240.0,actual_period_prediction,
2026-08-08 20:00:00,24248.533203125,24576.5,actual_period_prediction,
2026-08-08 21:00:00,23886.84375,24526.0,actual_period_prediction,
2026-08-08 22:00:00,23209.68359375,23310.0,actual_period_prediction,
2026-08-08 23:00:00,21795.3203125,21836.0,actual_period_prediction,
2026-08-09 00:00:00,20747.9296875,21147.0,actual_period_prediction,
2026-08-09 01:00:00,19894.931640625,20345.0,actual_period_prediction,
2026-08-09 02:00:00,19094.48828125,19264.5,actual_period_prediction,
2026-08-09 03:00:00,18211.509765625,18103.5,actual_period_prediction,
2026-08-09 04:00:00,17867.279296875,17993.5,actual_period_prediction,
2026-08-09 05:00:00,17823.578125,17600.0,actual_period_prediction,
2026-08-09 06:00:00,17957.23046875,17877.5,actual_period_prediction,
2026-08-09 07:00:00,18199.390625,17673.0,actual_period_prediction,
2026-08-09 08:00:00,18366.9375,17513.555,actual_period_prediction,
2026-08-09 09:00:00,18362.28515625,17513.555,actual_period_prediction,
2026-08-09 10:00:00,18275.857421875,17513.555,actual_period_prediction,
2026-08-09 11:00:00,18649.2734375,17513.555,actual_period_prediction,
2026-08-09 12:00:00,18986.517578125,17513.555,actual_period_prediction,
2026-08-09 13:00:00,19156.896484375,17513.555,actual_period_prediction,
2026-08-09 14:00:00,18145.48046875,17513.555,actual_period_prediction,
2026-08-09 15:00:00,18770.728515625,17513.555,actual_period_prediction,
2026-08-09 16:00:00,19746.099609375,18833.5,actual_period_prediction,
2026-08-09 17:00:00,21809.34765625,21983.0,actual_period_prediction,
2026-08-09 18:00:00,23825.39453125,24328.0,actual_period_prediction,
2026-08-09 19:00:00,24553.900390625,25258.0,actual_period_prediction,
2026-08-09 20:00:00,24579.822265625,25461.0,actual_period_prediction,
2026-08-09 21:00:00,24242.3984375,25344.0,actual_period_prediction,
2026-08-09 22:00:00,23142.837890625,23761.5,actual_period_prediction,
2026-08-09 23:00:00,21683.701171875,21912.5,actual_period_prediction,
2026-08-10 00:00:00,21150.078125,21486.5,actual_period_prediction,
2026-08-10 01:00:00,20796.244140625,20928.0,actual_period_prediction,
2026-08-10 02:00:00,19813.505859375,20623.5,actual_period_prediction,
2026-08-10 03:00:00,19013.1015625,19186.0,actual_period_prediction,
2026-08-10 04:00:00,18816.400390625,18699.5,actual_period_prediction,
2026-08-10 05:00:00,19190.96875,18851.5,actual_period_prediction,
2026-08-10 06:00:00,21608.92578125,20387.0,actual_period_prediction,
2026-08-10 07:00:00,23335.865234375,22644.5,actual_period_prediction,
2026-08-10 08:00:00,23638.77734375,23669.0,actual_period_prediction,
2026-08-10 09:00:00,22492.16015625,22581.0,actual_period_prediction,
2026-08-10 10:00:00,21739.69140625,20638.0,actual_period_prediction,
2026-08-10 11:00:00,20786.298828125,19188.5,actual_period_prediction,
2026-08-10 12:00:00,20360.4609375,18574.0,actual_period_prediction,
2026-08-10 13:00:00,20560.912109375,18026.0,actual_period_prediction,
2026-08-10 14:00:00,20696.1875,18371.5,actual_period_prediction,
2026-08-10 15:00:00,21019.626953125,19543.0,actual_period_prediction,
2026-08-10 16:00:00,23597.673828125,21835.5,actual_period_prediction,
2026-08-10 17:00:00,25658.1796875,24839.5,actual_period_prediction,
2026-08-10 18:00:00,28153.423828125,27026.0,actual_period_prediction,
2026-08-10 19:00:00,28582.677734375,28557.5,actual_period_prediction,
2026-08-10 20:00:00,27901.72265625,28273.5,actual_period_prediction,
2026-08-10 21:00:00,27513.482421875,27473.0,actual_period_prediction,
2026-08-10 22:00:00,25546.1953125,25269.0,actual_period_prediction,
2026-08-10 23:00:00,23157.873046875,23264.0,actual_period_prediction,
2026-08-11 00:00:00,22293.259765625,22379.5,actual_period_prediction,
2026-08-11 01:00:00,22049.208984375,21636.0,actual_period_prediction,
2026-08-11 02:00:00,21528.2578125,21007.5,actual_period_prediction,
2026-08-11 03:00:00,20400.044921875,19813.5,actual_period_prediction,
2026-08-11 04:00:00,19835.224609375,19499.0,actual_period_prediction,
2026-08-11 05:00:00,19744.953125,19550.5,actual_period_prediction,
2026-08-11 06:00:00,21546.689453125,21665.0,actual_period_prediction,
2026-08-11 07:00:00,24324.58984375,23501.5,actual_period_prediction,
2026-08-11 08:00:00,25245.79296875,23528.5,actual_period_prediction,
2026-08-11 09:00:00,24571.818359375,21788.5,actual_period_prediction,
2026-08-11 10:00:00,23083.77734375,19614.5,actual_period_prediction,
2026-08-11 11:00:00,21414.41015625,18405.0,actual_period_prediction,
2026-08-11 12:00:00,20432.634765625,17566.5,actual_period_prediction,
2026-08-11 13:00:00,20758.525390625,17513.555,actual_period_prediction,
2026-08-11 14:00:00,20583.150390625,17513.555,actual_period_prediction,
2026-08-11 15:00:00,21127.3203125,18781.5,actual_period_prediction,
2026-08-11 16:00:00,22603.439453125,20995.0,actual_period_prediction,
2026-08-11 17:00:00,25156.2578125,23727.0,actual_period_prediction,
2026-08-11 18:00:00,27662.5234375,26199.0,actual_period_prediction,
2026-08-11 19:00:00,28703.845703125,27709.0,actual_period_prediction,
2026-08-11 20:00:00,28636.515625,27825.0,actual_period_prediction,
2026-08-11 21:00:00,27673.373046875,27583.5,actual_period_prediction,
2026-08-11 22:00:00,25554.279296875,25333.5,actual_period_prediction,
2026-08-11 23:00:00,23296.189453125,23159.0,actual_period_prediction,
2026-08-12 00:00:00,21820.08203125,22271.5,actual_period_prediction,
2026-08-12 01:00:00,21078.875,21299.0,actual_period_prediction,
2026-08-12 02:00:00,20605.705078125,20922.5,actual_period_prediction,
2026-08-12 03:00:00,19873.890625,20013.5,actual_period_prediction,
2026-08-12 04:00:00,19719.728515625,19539.5,actual_period_prediction,
2026-08-12 05:00:00,19719.728515625,19714.0,actual_period_prediction,
2026-08-12 06:00:00,21596.59375,21701.0,actual_period_prediction,
2026-08-12 07:00:00,23891.1640625,23745.5,actual_period_prediction,
2026-08-12 08:00:00,24110.05859375,24054.0,actual_period_prediction,
2026-08-12 09:00:00,22396.16796875,22648.5,actual_period_prediction,
2026-08-12 10:00:00,21822.654296875,20832.0,actual_period_prediction,
2026-08-12 11:00:00,20998.2890625,19667.5,actual_period_prediction,
2026-08-12 12:00:00,20055.046875,19433.0,actual_period_prediction,
2026-08-12 13:00:00,19790.962890625,19306.0,actual_period_prediction,
2026-08-12 14:00:00,19584.255859375,19599.0,actual_period_prediction,
2026-08-12 15:00:00,19749.673828125,20723.5,actual_period_prediction,
2026-08-12 16:00:00,21096.416015625,23442.5,actual_period_prediction,
2026-08-12 17:00:00,23693.658203125,26147.5,actual_period_prediction,
2026-08-12 18:00:00,26475.802734375,28041.5,actual_period_prediction,
2026-08-12 19:00:00,27857.08984375,29187.0,actual_period_prediction,
2026-08-12 20:00:00,27942.830078125,29702.5,actual_period_prediction,
2026-08-12 21:00:00,27277.66015625,29326.5,actual_period_prediction,
2026-08-12 22:00:00,25260.806640625,27048.5,actual_period_prediction,
2026-08-12 23:00:00,23426.96484375,25001.0,actual_period_prediction,
2026-08-13 00:00:00,22316.26953125,23920.0,actual_period_prediction,
2026-08-13 01:00:00,21329.26953125,23574.0,actual_period_prediction,
2026-08-13 02:00:00,20976.41796875,22316.5,actual_period_prediction,
2026-08-13 03:00:00,20204.544921875,21407.0,actual_period_prediction,
2026-08-13 04:00:00,19863.080078125,20813.5,actual_period_prediction,
2026-08-13 05:00:00,19926.591796875,20929.5,actual_period_prediction,
2026-08-13 06:00:00,21591.583984375,22472.5,actual_period_prediction,
2026-08-13 07:00:00,23649.388671875,24970.0,actual_period_prediction,
2026-08-13 08:00:00,24564.93359375,25453.5,actual_period_prediction,
2026-08-13 09:00:00,23171.6796875,24266.0,actual_period_prediction,
2026-08-13 10:00:00,21876.451171875,22937.5,actual_period_prediction,
2026-08-13 11:00:00,21235.984375,21604.5,actual_period_prediction,
2026-08-13 12:00:00,20508.5546875,21491.5,actual_period_prediction,
2026-08-13 13:00:00,20402.095703125,21437.5,actual_period_prediction,
2026-08-13 14:00:00,20706.990234375,22242.0,actual_period_prediction,
2026-08-13 15:00:00,20703.3671875,23139.0,actual_period_prediction,
2026-08-13 16:00:00,23169.873046875,25385.5,actual_period_prediction,
2026-08-13 17:00:00,25278.64453125,27680.0,actual_period_prediction,
2026-08-13 18:00:00,27625.876953125,29108.0,actual_period_prediction,
2026-08-13 19:00:00,29219.279296875,30133.0,actual_period_prediction,
2026-08-13 20:00:00,29657.580078125,30333.0,actual_period_prediction,
2026-08-13 21:00:00,29165.630859375,30341.5,actual_period_prediction,
2026-08-13 22:00:00,27277.7421875,28313.5,actual_period_prediction,
2026-08-13 23:00:00,25256.0546875,25536.0,actual_period_prediction,
2026-08-14 00:00:00,23748.02734375,24929.0,actual_period_prediction,
2026-08-14 01:00:00,23819.853515625,24051.0,actual_period_prediction,
2026-08-14 02:00:00,22590.583984375,23548.5,actual_period_prediction,
2026-08-14 03:00:00,21418.162109375,22163.5,actual_period_prediction,
2026-08-14 04:00:00,20891.609375,21513.5,actual_period_prediction,
2026-08-14 05:00:00,21202.728515625,21447.0,actual_period_prediction,
2026-08-14 06:00:00,22595.744140625,23004.0,actual_period_prediction,
2026-08-14 07:00:00,24485.33984375,25517.0,actual_period_prediction,
2026-08-14 08:00:00,24923.990234375,26181.0,actual_period_prediction,
2026-08-14 09:00:00,23859.205078125,25241.5,actual_period_prediction,
2026-08-14 10:00:00,22624.38671875,23345.5,actual_period_prediction,
2026-08-14 11:00:00,21682.765625,22179.5,actual_period_prediction,
2026-08-14 12:00:00,21596.736328125,21541.5,actual_period_prediction,
2026-08-14 13:00:00,21163.138671875,21533.0,actual_period_prediction,
2026-08-14 14:00:00,21854.39453125,21650.0,actual_period_prediction,
2026-08-14 15:00:00,22566.865234375,22529.5,actual_period_prediction,
2026-08-14 16:00:00,23473.01953125,24135.5,actual_period_prediction,
2026-08-14 17:00:00,25519.419921875,26417.0,actual_period_prediction,
2026-08-14 18:00:00,27223.87890625,28092.0,actual_period_prediction,
2026-08-14 19:00:00,28290.330078125,29083.0,actual_period_prediction,
2026-08-14 20:00:00,28190.478515625,28593.0,actual_period_prediction,
2026-08-14 21:00:00,28088.142578125,28561.5,actual_period_prediction,
2026-08-14 22:00:00,26369.037109375,26818.0,actual_period_prediction,
2026-08-14 23:00:00,24347.6484375,24637.0,actual_period_prediction,
2026-08-15 00:00:00,22888.20703125,23202.5,actual_period_prediction,
2026-08-15 01:00:00,21784.896484375,22509.5,actual_period_prediction,
2026-08-15 02:00:00,21250.212890625,21149.5,actual_period_prediction,
2026-08-15 03:00:00,20019.501953125,20641.0,actual_period_prediction,
2026-08-15 04:00:00,19417.892578125,19753.0,actual_period_prediction,
2026-08-15 05:00:00,19152.693359375,19520.0,actual_period_prediction,
2026-08-15 06:00:00,19810.98828125,20044.0,actual_period_prediction,
2026-08-15 07:00:00,20582.791015625,21212.5,actual_period_prediction,
2026-08-15 08:00:00,20955.625,21259.0,actual_period_prediction,
2026-08-15 09:00:00,20905.310546875,20775.0,actual_period_prediction,
2026-08-15 10:00:00,19699.912109375,19840.5,actual_period_prediction,
2026-08-15 11:00:00,19284.072265625,18774.5,actual_period_prediction,
2026-08-15 12:00:00,18781.912109375,18097.0,actual_period_prediction,
2026-08-15 13:00:00,19177.669921875,17513.555,actual_period_prediction,
2026-08-15 14:00:00,19369.3203125,17513.555,actual_period_prediction,
2026-08-15 15:00:00,19955.1484375,18072.5,actual_period_prediction,
2026-08-15 16:00:00,21218.025390625,19809.5,actual_period_prediction,
2026-08-15 17:00:00,23196.763671875,22346.0,actual_period_prediction,
2026-08-15 18:00:00,24324.896484375,24396.5,actual_period_prediction,
2026-08-15 19:00:00,25817.78125,25380.5,actual_period_prediction,
2026-08-15 20:00:00,25665.4921875,25789.5,actual_period_prediction,
2026-08-15 21:00:00,25536.806640625,25462.5,actual_period_prediction,
2026-08-15 22:00:00,24034.8046875,24071.0,actual_period_prediction,
2026-08-15 23:00:00,22856.26171875,22534.5,actual_period_prediction,
2026-08-16 00:00:00,21856.357421875,21875.5,actual_period_prediction,
2026-08-16 01:00:00,21033.060546875,21459.5,actual_period_prediction,
2026-08-16 02:00:00,20036.34375,20399.0,actual_period_prediction,
2026-08-16 03:00:00,19174.27734375,19160.0,actual_period_prediction,
2026-08-16 04:00:00,18516.556640625,18813.0,actual_period_prediction,
2026-08-16 05:00:00,18398.052734375,18381.5,actual_period_prediction,
2026-08-16 06:00:00,18554.431640625,18598.5,actual_period_prediction,
2026-08-16 07:00:00,19778.94140625,19520.5,actual_period_prediction,
2026-08-16 08:00:00,20399.03515625,20341.0,actual_period_prediction,
2026-08-16 09:00:00,19983.95703125,20454.0,actual_period_prediction,
2026-08-16 10:00:00,19494.48828125,19956.5,actual_period_prediction,
2026-08-16 11:00:00,19494.013671875,19446.0,actual_period_prediction,
2026-08-16 12:00:00,19809.91015625,18930.0,actual_period_prediction,
2026-08-16 13:00:00,19669.673828125,18021.0,actual_period_prediction,
2026-08-16 14:00:00,19270.779296875,18168.0,actual_period_prediction,
2026-08-16 15:00:00,19378.35546875,19575.0,actual_period_prediction,
2026-08-16 16:00:00,20847.17578125,21948.5,actual_period_prediction,
2026-08-16 17:00:00,23171.541015625,23996.5,actual_period_prediction,
2026-08-16 18:00:00,25192.30859375,26291.0,actual_period_prediction,
2026-08-16 19:00:00,26028.65234375,26482.5,actual_period_prediction,
2026-08-16 20:00:00,26203.45703125,25998.0,actual_period_prediction,
2026-08-16 21:00:00,25614.408203125,25469.5,actual_period_prediction,
2026-08-16 22:00:00,24439.3828125,23963.0,actual_period_prediction,
2026-08-16 23:00:00,22527.337890625,22223.5,actual_period_prediction,
2026-08-17 00:00:00,22056.16015625,21743.0,actual_period_prediction,
2026-08-17 01:00:00,21624.7265625,21352.0,actual_period_prediction,
2026-08-17 02:00:00,21196.47265625,21134.5,actual_period_prediction,
2026-08-17 03:00:00,19686.0078125,20487.5,actual_period_prediction,
2026-08-17 04:00:00,19605.44140625,19755.0,actual_period_prediction,
2026-08-17 05:00:00,19665.96484375,19715.5,actual_period_prediction,
2026-08-17 06:00:00,21796.947265625,21056.5,actual_period_prediction,
2026-08-17 07:00:00,23760.947265625,24422.0,actual_period_prediction,
2026-08-17 08:00:00,25037.00390625,25641.0,actual_period_prediction,
2026-08-17 09:00:00,24256.888671875,26044.0,actual_period_prediction,
2026-08-17 10:00:00,24097.291015625,25518.0,actual_period_prediction,
2026-08-17 11:00:00,23726.513671875,25351.0,actual_period_prediction,
2026-08-17 12:00:00,24385.193359375,25235.5,actual_period_prediction,
2026-08-17 13:00:00,23153.46875,24877.0,actual_period_prediction,
2026-08-17 14:00:00,23260.466796875,24371.0,actual_period_prediction,
2026-08-17 15:00:00,23650.46875,24681.0,actual_period_prediction,
2026-08-17 16:00:00,23761.08203125,26258.0,actual_period_prediction,
2026-08-17 17:00:00,27675.197265625,27972.0,actual_period_prediction,
2026-08-17 18:00:00,29906.541015625,28966.5,actual_period_prediction,
2026-08-17 19:00:00,29639.513671875,29104.0,actual_period_prediction,
2026-08-17 20:00:00,28605.490234375,28868.0,actual_period_prediction,
2026-08-17 21:00:00,27576.359375,27549.5,actual_period_prediction,
2026-08-17 22:00:00,25615.3203125,25471.0,actual_period_prediction,
2026-08-17 23:00:00,23557.98828125,23204.5,actual_period_prediction,
2026-08-18 00:00:00,22042.59765625,22289.5,actual_period_prediction,
2026-08-18 01:00:00,21351.259765625,21120.5,actual_period_prediction,
2026-08-18 02:00:00,20985.779296875,20851.0,actual_period_prediction,
2026-08-18 03:00:00,20084.59375,19761.5,actual_period_prediction,
2026-08-18 04:00:00,19315.595703125,19269.5,actual_period_prediction,
2026-08-18 05:00:00,19525.798828125,19483.0,actual_period_prediction,
2026-08-18 06:00:00,21558.296875,21692.0,actual_period_prediction,
2026-08-18 07:00:00,24876.150390625,24349.5,actual_period_prediction,
2026-08-18 08:00:00,25671.126953125,25918.0,actual_period_prediction,
2026-08-18 09:00:00,25919.681640625,25974.0,actual_period_prediction,
2026-08-18 10:00:00,24738.98046875,24990.0,actual_period_prediction,
2026-08-18 11:00:00,24480.9296875,24198.0,actual_period_prediction,
2026-08-18 12:00:00,24519.15625,24000.0,actual_period_prediction,
2026-08-18 13:00:00,24012.21484375,22898.5,actual_period_prediction,
2026-08-18 14:00:00,23646.296875,22532.0,actual_period_prediction,
2026-08-18 15:00:00,23937.435546875,23026.0,actual_period_prediction,
2026-08-18 16:00:00,25490.419921875,24678.5,actual_period_prediction,
2026-08-18 17:00:00,27085.033203125,26598.5,actual_period_prediction,
2026-08-18 18:00:00,28605.861328125,28084.0,actual_period_prediction,
2026-08-18 19:00:00,29039.048828125,28833.5,actual_period_prediction,
2026-08-18 20:00:00,28878.34765625,28354.0,actual_period_prediction,
2026-08-18 21:00:00,27947.208984375,27059.5,actual_period_prediction,
2026-08-18 22:00:00,25649.470703125,24935.5,actual_period_prediction,
2026-08-18 23:00:00,23680.1953125,22648.0,actual_period_prediction,
2026-08-19 00:00:00,22215.275390625,22416.5,actual_period_prediction,
2026-08-19 01:00:00,21187.87109375,22143.5,actual_period_prediction,
2026-08-19 02:00:00,20861.09765625,21657.0,actual_period_prediction,
2026-08-19 03:00:00,20106.408203125,20840.5,actual_period_prediction,
2026-08-19 04:00:00,19748.19140625,20039.5,actual_period_prediction,
2026-08-19 05:00:00,20161.046875,19892.0,actual_period_prediction,
2026-08-19 06:00:00,21764.99609375,21752.0,actual_period_prediction,
2026-08-19 07:00:00,24503.474609375,24412.5,actual_period_prediction,
2026-08-19 08:00:00,25939.4765625,25540.5,actual_period_prediction,
2026-08-19 09:00:00,25325.107421875,25723.5,actual_period_prediction,
2026-08-19 10:00:00,24382.251953125,24238.5,actual_period_prediction,
2026-08-19 11:00:00,23679.6015625,22951.5,actual_period_prediction,
2026-08-19 12:00:00,23649.33984375,22093.5,actual_period_prediction,
2026-08-19 13:00:00,23512.126953125,21901.5,actual_period_prediction,
2026-08-19 14:00:00,22835.7890625,21884.0,actual_period_prediction,
2026-08-19 15:00:00,23283.0234375,21577.0,actual_period_prediction,
2026-08-19 16:00:00,24202.46484375,22479.0,actual_period_prediction,
2026-08-19 17:00:00,26830.619140625,25409.0,actual_period_prediction,
2026-08-19 18:00:00,27948.9140625,27502.0,actual_period_prediction,
2026-08-19 19:00:00,28746.75390625,28579.0,actual_period_prediction,
2026-08-19 20:00:00,28795.85546875,28426.0,actual_period_prediction,
2026-08-19 21:00:00,27938.83203125,27177.5,actual_period_prediction,
2026-08-19 22:00:00,25579.95703125,24385.0,actual_period_prediction,
2026-08-19 23:00:00,23477.546875,22095.0,actual_period_prediction,
2026-08-20 00:00:00,22775.51171875,21365.0,actual_period_prediction,
2026-08-20 01:00:00,22628.150390625,20807.0,actual_period_prediction,
2026-08-20 02:00:00,21816.416015625,20319.0,actual_period_prediction,
2026-08-20 03:00:00,21011.41796875,19355.0,actual_period_prediction,
2026-08-20 04:00:00,20567.791015625,19140.5,actual_period_prediction,
2026-08-20 05:00:00,20578.234375,19138.0,actual_period_prediction,
2026-08-20 06:00:00,22024.58203125,21428.5,actual_period_prediction,
2026-08-20 07:00:00,24854.056640625,23947.0,actual_period_prediction,
2026-08-20 08:00:00,25992.9375,24440.0,actual_period_prediction,
2026-08-20 09:00:00,26036.755859375,24126.5,actual_period_prediction,
2026-08-20 10:00:00,24851.96484375,23155.5,actual_period_prediction,
2026-08-20 11:00:00,23549.326171875,22558.0,actual_period_prediction,
2026-08-20 12:00:00,23080.66015625,22275.0,actual_period_prediction,
2026-08-20 13:00:00,22944.419921875,21778.5,actual_period_prediction,
2026-08-20 14:00:00,23095.259765625,21971.0,actual_period_prediction,
2026-08-20 15:00:00,23483.52734375,22741.5,actual_period_prediction,
2026-08-20 16:00:00,25093.21484375,24159.0,actual_period_prediction,
2026-08-20 17:00:00,27263.306640625,26230.5,actual_period_prediction,
2026-08-20 18:00:00,29025.20703125,27550.0,actual_period_prediction,
2026-08-20 19:00:00,29430.4609375,28445.0,actual_period_prediction,
2026-08-20 20:00:00,29169.455078125,27469.0,actual_period_prediction,
2026-08-20 21:00:00,28065.412109375,26604.5,actual_period_prediction,
2026-08-20 22:00:00,25568.474609375,24635.0,actual_period_prediction,
2026-08-20 23:00:00,23783.15625,23057.5,actual_period_prediction,
2026-08-21 00:00:00,22476.4609375,22667.5,actual_period_prediction,
2026-08-21 01:00:00,22192.015625,21555.5,actual_period_prediction,
2026-08-21 02:00:00,21842.94140625,20384.0,actual_period_prediction,
2026-08-21 03:00:00,21021.1015625,19901.0,actual_period_prediction,
2026-08-21 04:00:00,20445.630859375,19404.0,actual_period_prediction,
2026-08-21 05:00:00,20437.890625,19264.0,actual_period_prediction,
2026-08-21 06:00:00,21873.560546875,21143.5,actual_period_prediction,
2026-08-21 07:00:00,24720.560546875,23578.5,actual_period_prediction,
2026-08-21 08:00:00,25329.8984375,23666.0,actual_period_prediction,
2026-08-21 09:00:00,25145.759765625,21836.0,actual_period_prediction,
2026-08-21 10:00:00,24020.65234375,20671.5,actual_period_prediction,
2026-08-21 11:00:00,23468.392578125,20467.0,actual_period_prediction,
2026-08-21 12:00:00,23176.03125,20875.0,actual_period_prediction,
2026-08-21 13:00:00,22131.177734375,20833.5,actual_period_prediction,
2026-08-21 14:00:00,22535.720703125,20877.5,actual_period_prediction,
2026-08-21 15:00:00,23647.40625,21670.0,actual_period_prediction,
2026-08-21 16:00:00,24641.2109375,22889.5,actual_period_prediction,
2026-08-21 17:00:00,26567.240234375,24999.0,actual_period_prediction,
2026-08-21 18:00:00,27719.16015625,26280.0,actual_period_prediction,
2026-08-21 19:00:00,27825.40234375,27068.5,actual_period_prediction,
2026-08-21 20:00:00,27188.00390625,27100.5,actual_period_prediction,
2026-08-21 21:00:00,26902.15234375,26475.0,actual_period_prediction,
2026-08-21 22:00:00,25461.42578125,24179.0,actual_period_prediction,
2026-08-21 23:00:00,23764.349609375,22493.0,actual_period_prediction,
2026-08-22 00:00:00,22577.986328125,21895.5,actual_period_prediction,
2026-08-22 01:00:00,21524.61328125,20623.0,actual_period_prediction,
2026-08-22 02:00:00,20338.8203125,20242.5,actual_period_prediction,
2026-08-22 03:00:00,19658.77734375,19412.0,actual_period_prediction,
2026-08-22 04:00:00,18869.671875,18553.0,actual_period_prediction,
2026-08-22 05:00:00,18659.154296875,18371.0,actual_period_prediction,
2026-08-22 06:00:00,19559.951171875,19049.5,actual_period_prediction,
2026-08-22 07:00:00,20933.724609375,19978.0,actual_period_prediction,
2026-08-22 08:00:00,21017.595703125,19770.0,actual_period_prediction,
2026-08-22 09:00:00,20564.126953125,18744.5,actual_period_prediction,
2026-08-22 10:00:00,19446.81640625,17813.5,actual_period_prediction,
2026-08-22 11:00:00,18917.375,17513.555,actual_period_prediction,
2026-08-22 12:00:00,19422.21875,17513.555,actual_period_prediction,
2026-08-22 13:00:00,19465.89453125,17513.555,actual_period_prediction,
2026-08-22 14:00:00,19444.578125,17513.555,actual_period_prediction,
2026-08-22 15:00:00,20675.90234375,17513.555,actual_period_prediction,
2026-08-22 16:00:00,21532.650390625,18861.5,actual_period_prediction,
2026-08-22 17:00:00,23268.89453125,22231.0,actual_period_prediction,
2026-08-22 18:00:00,24553.767578125,24514.0,actual_period_prediction,
2026-08-22 19:00:00,25187.8203125,25468.5,actual_period_prediction,
2026-08-22 20:00:00,25445.177734375,25828.0,actual_period_prediction,
2026-08-22 21:00:00,25263.94140625,24674.5,actual_period_prediction,
2026-08-22 22:00:00,23634.28515625,23415.5,actual_period_prediction,
2026-08-22 23:00:00,22185.5859375,21690.0,actual_period_prediction,
2026-08-23 00:00:00,21666.466796875,20824.0,actual_period_prediction,
2026-08-23 01:00:00,20312.30078125,20172.5,actual_period_prediction,
2026-08-23 02:00:00,19815.822265625,19488.0,actual_period_prediction,
2026-08-23 03:00:00,18423.005859375,18665.5,actual_period_prediction,
2026-08-23 04:00:00,17990.806640625,18303.5,actual_period_prediction,
2026-08-23 05:00:00,17858.701171875,18035.5,actual_period_prediction,
2026-08-23 06:00:00,18072.400390625,18154.0,actual_period_prediction,
2026-08-23 07:00:00,19004.84765625,18143.5,actual_period_prediction,
2026-08-23 08:00:00,19189.384765625,17555.5,actual_period_prediction,
2026-08-23 09:00:00,19154.02734375,17513.555,actual_period_prediction,
2026-08-23 10:00:00,18857.921875,17513.555,actual_period_prediction,
2026-08-23 11:00:00,18259.8984375,17513.555,actual_period_prediction,
2026-08-23 12:00:00,17932.908203125,17513.555,actual_period_prediction,
2026-08-23 13:00:00,18063.060546875,17513.555,actual_period_prediction,
2026-08-23 14:00:00,18074.650390625,17513.555,actual_period_prediction,
2026-08-23 15:00:00,18488.013671875,17513.555,actual_period_prediction,
2026-08-23 16:00:00,20787.13671875,18441.0,actual_period_prediction,
2026-08-23 17:00:00,23162.212890625,21872.5,actual_period_prediction,
2026-08-23 18:00:00,25524.703125,24663.0,actual_period_prediction,
2026-08-23 19:00:00,26186.5859375,25977.0,actual_period_prediction,
2026-08-23 20:00:00,26024.068359375,26156.5,actual_period_prediction,
2026-08-23 21:00:00,24874.189453125,25309.0,actual_period_prediction,
2026-08-23 22:00:00,23444.88671875,23432.0,actual_period_prediction,
2026-08-23 23:00:00,22019.060546875,21510.0,actual_period_prediction,
2026-08-24 00:00:00,21740.9140625,21040.0,actual_period_prediction,
2026-08-24 01:00:00,20905.583984375,20610.5,actual_period_prediction,
2026-08-24 02:00:00,20629.951171875,19966.0,actual_period_prediction,
2026-08-24 03:00:00,20095.45703125,19195.0,actual_period_prediction,
2026-08-24 04:00:00,19617.505859375,18388.0,actual_period_prediction,
2026-08-24 05:00:00,19612.521484375,18762.5,actual_period_prediction,
2026-08-24 06:00:00,21832.52734375,21180.5,actual_period_prediction,
2026-08-24 07:00:00,24524.7421875,23601.5,actual_period_prediction,
2026-08-24 08:00:00,25502.474609375,23395.5,actual_period_prediction,
2026-08-24 09:00:00,25176.5703125,21891.5,actual_period_prediction,
2026-08-24 10:00:00,24471.046875,20191.0,actual_period_prediction,
2026-08-24 11:00:00,23018.9921875,19257.0,actual_period_prediction,
2026-08-24 12:00:00,22133.048828125,18489.5,actual_period_prediction,
2026-08-24 13:00:00,23381.826171875,17885.0,actual_period_prediction,
2026-08-24 14:00:00,22169.267578125,18216.5,actual_period_prediction,
2026-08-24 15:00:00,21766.150390625,18778.5,actual_period_prediction,
2026-08-24 16:00:00,24307.970703125,20606.0,actual_period_prediction,
2026-08-24 17:00:00,26230.78515625,24054.5,actual_period_prediction,
2026-08-24 18:00:00,28317.375,26182.5,actual_period_prediction,
2026-08-24 19:00:00,27795.517578125,27242.0,actual_period_prediction,
2026-08-24 20:00:00,27571.54296875,27724.0,actual_period_prediction,
2026-08-24 21:00:00,26845.82421875,26679.0,actual_period_prediction,
2026-08-24 22:00:00,24559.619140625,24011.5,actual_period_prediction,
2026-08-24 23:00:00,22391.783203125,21904.5,actual_period_prediction,
2026-08-25 00:00:00,21392.283203125,21232.0,actual_period_prediction,
2026-08-25 01:00:00,20779.794921875,20673.5,actual_period_prediction,
2026-08-25 02:00:00,20429.037109375,19701.0,actual_period_prediction,
2026-08-25 03:00:00,19487.095703125,19243.5,actual_period_prediction,
2026-08-25 04:00:00,19337.271484375,18817.5,actual_period_prediction,
2026-08-25 05:00:00,19494.529296875,19204.5,actual_period_prediction,
2026-08-25 06:00:00,21899.779296875,21181.0,actual_period_prediction,
2026-08-25 07:00:00,24698.02734375,23566.0,actual_period_prediction,
2026-08-25 08:00:00,25057.986328125,24505.5,actual_period_prediction,
2026-08-25 09:00:00,23835.171875,22895.0,actual_period_prediction,
2026-08-25 10:00:00,23493.921875,21176.5,actual_period_prediction,
2026-08-25 11:00:00,23038.701171875,19606.5,actual_period_prediction,
2026-08-25 12:00:00,21625.443359375,19371.5,actual_period_prediction,
2026-08-25 13:00:00,20950.15234375,18738.5,actual_period_prediction,
2026-08-25 14:00:00,21451.7265625,19153.5,actual_period_prediction,
2026-08-25 15:00:00,21771.130859375,20575.5,actual_period_prediction,
2026-08-25 16:00:00,23792.08984375,22395.0,actual_period_prediction,
2026-08-25 17:00:00,25769.240234375,25771.0,actual_period_prediction,
2026-08-25 18:00:00,27701.703125,27663.0,actual_period_prediction,
2026-08-25 19:00:00,27971.818359375,28254.5,actual_period_prediction,
2026-08-25 20:00:00,27851.828125,28304.5,actual_period_prediction,
2026-08-25 21:00:00,26842.79296875,26880.0,actual_period_prediction,
2026-08-25 22:00:00,24530.962890625,24568.5,actual_period_prediction,
2026-08-25 23:00:00,22409.853515625,22057.5,actual_period_prediction,
2026-08-26 00:00:00,21687.046875,21925.0,actual_period_prediction,
2026-08-26 01:00:00,21383.015625,21186.0,actual_period_prediction,
2026-08-26 02:00:00,20833.884765625,20546.0,actual_period_prediction,
2026-08-26 03:00:00,20189.44921875,20033.5,actual_period_prediction,
2026-08-26 04:00:00,19702.677734375,19641.0,actual_period_prediction,
2026-08-26 05:00:00,19655.03515625,19711.0,actual_period_prediction,
2026-08-26 06:00:00,21526.7734375,21573.0,actual_period_prediction,
2026-08-26 07:00:00,24372.63671875,24769.5,actual_period_prediction,
2026-08-26 08:00:00,25443.099609375,26558.0,actual_period_prediction,
2026-08-26 09:00:00,24579.083984375,25965.5,actual_period_prediction,
2026-08-26 10:00:00,23179.90234375,24456.0,actual_period_prediction,
2026-08-26 11:00:00,23406.775390625,23555.0,actual_period_prediction,
2026-08-26 12:00:00,22676.220703125,22760.0,actual_period_prediction,
2026-08-26 13:00:00,22132.390625,22293.5,actual_period_prediction,
2026-08-26 14:00:00,21662.17578125,22090.0,actual_period_prediction,
2026-08-26 15:00:00,22267.1171875,22393.0,actual_period_prediction,
2026-08-26 16:00:00,23472.337890625,24127.5,actual_period_prediction,
2026-08-26 17:00:00,26620.298828125,26528.5,actual_period_prediction,
2026-08-26 18:00:00,28783.740234375,28322.5,actual_period_prediction,
2026-08-26 19:00:00,28949.927734375,29732.0,actual_period_prediction,
2026-08-26 20:00:00,28516.966796875,29504.0,actual_period_prediction,
2026-08-26 21:00:00,26872.36328125,27557.0,actual_period_prediction,
2026-08-26 22:00:00,24699.025390625,25473.0,actual_period_prediction,
2026-08-26 23:00:00,22545.126953125,23345.5,actual_period_prediction,
2026-08-27 00:00:00,21855.10546875,22740.0,actual_period_prediction,
2026-08-27 01:00:00,21068.259765625,22100.0,actual_period_prediction,
2026-08-27 02:00:00,20620.48046875,21274.5,actual_period_prediction,
2026-08-27 03:00:00,19964.646484375,20294.5,actual_period_prediction,
2026-08-27 04:00:00,19893.6875,19766.5,actual_period_prediction,
2026-08-27 05:00:00,19900.65234375,19702.0,actual_period_prediction,
2026-08-27 06:00:00,21822.263671875,22082.5,actual_period_prediction,
2026-08-27 07:00:00,24834.822265625,25127.0,actual_period_prediction,
2026-08-27 08:00:00,26574.21484375,27426.5,actual_period_prediction,
2026-08-27 09:00:00,26503.51171875,28179.0,actual_period_prediction,
2026-08-27 10:00:00,24951.296875,28070.0,actual_period_prediction,
2026-08-27 11:00:00,24689.033203125,28119.0,actual_period_prediction,
2026-08-27 12:00:00,24598.705078125,27760.5,actual_period_prediction,
2026-08-27 13:00:00,23673.71875,26621.0,actual_period_prediction,
2026-08-27 14:00:00,23942.1953125,26178.0,actual_period_prediction,
2026-08-27 15:00:00,24652.912109375,25613.0,actual_period_prediction,
2026-08-27 16:00:00,25941.919921875,26243.0,actual_period_prediction,
2026-08-27 17:00:00,27679.095703125,27745.5,actual_period_prediction,
2026-08-27 18:00:00,29133.974609375,29080.0,actual_period_prediction,
2026-08-27 19:00:00,30043.029296875,29404.0,actual_period_prediction,
2026-08-27 20:00:00,29729.51953125,28823.0,actual_period_prediction,
2026-08-27 21:00:00,27847.099609375,27791.5,actual_period_prediction,
2026-08-27 22:00:00,25667.3046875,25614.5,actual_period_prediction,
2026-08-27 23:00:00,24004.529296875,23559.5,actual_period_prediction,
2026-08-28 00:00:00,22977.298828125,22966.5,actual_period_prediction,
2026-08-28 01:00:00,22023.82421875,22431.5,actual_period_prediction,
2026-08-28 02:00:00,21147.57421875,21925.5,actual_period_prediction,
2026-08-28 03:00:00,20462.546875,20770.0,actual_period_prediction,
2026-08-28 04:00:00,19852.796875,19392.0,actual_period_prediction,
2026-08-28 05:00:00,19788.37890625,19700.5,actual_period_prediction,
2026-08-28 06:00:00,21880.908203125,22127.0,actual_period_prediction,
2026-08-28 07:00:00,24691.9140625,24710.5,actual_period_prediction,
2026-08-28 08:00:00,26084.5078125,25468.5,actual_period_prediction,
2026-08-28 09:00:00,26093.779296875,24551.0,actual_period_prediction,
2026-08-28 10:00:00,26016.974609375,23424.0,actual_period_prediction,
2026-08-28 11:00:00,26308.5,21967.0,actual_period_prediction,
2026-08-28 12:00:00,25935.814453125,21730.5,actual_period_prediction,
2026-08-28 13:00:00,25357.013671875,22003.5,actual_period_prediction,
2026-08-28 14:00:00,25315.283203125,22426.0,actual_period_prediction,
2026-08-28 15:00:00,24942.599609375,22876.0,actual_period_prediction,
2026-08-28 16:00:00,25710.408203125,23740.0,actual_period_prediction,
2026-08-28 17:00:00,27332.6015625,25731.0,actual_period_prediction,
2026-08-28 18:00:00,28083.736328125,26677.5,actual_period_prediction,
2026-08-28 19:00:00,28270.388671875,27264.0,actual_period_prediction,
2026-08-28 20:00:00,27857.103515625,27285.0,actual_period_prediction,
2026-08-28 21:00:00,27136.990234375,25596.5,actual_period_prediction,
2026-08-28 22:00:00,25029.873046875,23745.0,actual_period_prediction,
2026-08-28 23:00:00,23532.919921875,22422.5,actual_period_prediction,
2026-08-29 00:00:00,21704.966796875,21676.0,actual_period_prediction,
2026-08-29 01:00:00,20760.15234375,21282.0,actual_period_prediction,
2026-08-29 02:00:00,20167.751953125,20521.0,actual_period_prediction,
2026-08-29 03:00:00,19165.33203125,19513.0,actual_period_prediction,
2026-08-29 04:00:00,18226.544921875,18976.5,actual_period_prediction,
2026-08-29 05:00:00,18209.408203125,18749.5,actual_period_prediction,
2026-08-29 06:00:00,19429.3203125,19599.5,actual_period_prediction,
2026-08-29 07:00:00,20462.94140625,20978.5,actual_period_prediction,
2026-08-29 08:00:00,21214.224609375,22734.0,actual_period_prediction,
2026-08-29 09:00:00,21157.619140625,24178.5,actual_period_prediction,
2026-08-29 10:00:00,21114.33203125,24419.5,actual_period_prediction,
2026-08-29 11:00:00,20939.296875,24287.0,actual_period_prediction,
2026-08-29 12:00:00,21244.83984375,24149.5,actual_period_prediction,
2026-08-29 13:00:00,21345.671875,23848.5,actual_period_prediction,
2026-08-29 14:00:00,21489.068359375,23362.0,actual_period_prediction,
2026-08-29 15:00:00,21866.583984375,23559.0,actual_period_prediction,
2026-08-29 16:00:00,22500.08984375,24000.0,actual_period_prediction,
2026-08-29 17:00:00,24007.484375,25846.0,actual_period_prediction,
2026-08-29 18:00:00,24946.9296875,26948.5,actual_period_prediction,
2026-08-29 19:00:00,25523.423828125,26731.5,actual_period_prediction,
2026-08-29 20:00:00,25818.21875,26888.0,actual_period_prediction,
2026-08-29 21:00:00,24716.662109375,25519.0,actual_period_prediction,
2026-08-29 22:00:00,23249.6640625,23534.5,actual_period_prediction,
2026-08-29 23:00:00,21869.3828125,22046.5,actual_period_prediction,
2026-08-30 00:00:00,21030.541015625,21404.0,actual_period_prediction,
2026-08-30 01:00:00,20158.263671875,20895.0,actual_period_prediction,
2026-08-30 02:00:00,19303.025390625,19888.5,actual_period_prediction,
2026-08-30 03:00:00,18304.55078125,19116.5,actual_period_prediction,
2026-08-30 04:00:00,17912.162109375,18829.0,actual_period_prediction,
2026-08-30 05:00:00,17849.59375,18592.5,actual_period_prediction,
2026-08-30 06:00:00,18030.4609375,18536.5,actual_period_prediction,
2026-08-30 07:00:00,19157.02734375,19140.0,actual_period_prediction,
2026-08-30 08:00:00,19912.130859375,19402.5,actual_period_prediction,
2026-08-30 09:00:00,21275.01171875,19178.0,actual_period_prediction,
2026-08-30 10:00:00,21827.73828125,18866.0,actual_period_prediction,
2026-08-30 11:00:00,23101.197265625,18876.5,actual_period_prediction,
2026-08-30 12:00:00,22868.732421875,19588.5,actual_period_prediction,
2026-08-30 13:00:00,22989.748046875,19669.0,actual_period_prediction,
2026-08-30 14:00:00,22993.77734375,19765.0,actual_period_prediction,
2026-08-30 15:00:00,23448.033203125,21057.0,actual_period_prediction,
2026-08-30 16:00:00,23837.689453125,23041.0,actual_period_prediction,
2026-08-30 17:00:00,25202.73046875,25764.5,actual_period_prediction,
2026-08-30 18:00:00,27028.84765625,26230.5,actual_period_prediction,
2026-08-30 19:00:00,27255.326171875,26441.0,actual_period_prediction,
2026-08-30 20:00:00,26982.265625,25796.0,actual_period_prediction,
2026-08-30 21:00:00,25787.26171875,24925.5,actual_period_prediction,
2026-08-30 22:00:00,23982.337890625,23277.5,actual_period_prediction,
2026-08-30 23:00:00,21914.951171875,21810.5,actual_period_prediction,
2026-08-31 00:00:00,21918.833984375,21231.0,actual_period_prediction,
2026-08-31 01:00:00,21602.40625,20349.5,actual_period_prediction,
2026-08-31 02:00:00,20395.87890625,19501.0,actual_period_prediction,
2026-08-31 03:00:00,19198.71484375,19137.5,actual_period_prediction,
2026-08-31 04:00:00,18850.576171875,18405.0,actual_period_prediction,
2026-08-31 05:00:00,18591.619140625,17781.0,actual_period_prediction,
2026-08-31 06:00:00,20155.001953125,18371.0,actual_period_prediction,
2026-08-31 07:00:00,21758.990234375,19512.5,actual_period_prediction,
2026-08-31 08:00:00,22429.68359375,19945.0,actual_period_prediction,
2026-08-31 09:00:00,21011.029296875,19570.5,actual_period_prediction,
2026-08-31 10:00:00,20966.658203125,19117.0,actual_period_prediction,
2026-08-31 11:00:00,20978.62109375,18594.5,actual_period_prediction,
2026-08-31 12:00:00,20220.943359375,18426.5,actual_period_prediction,
2026-08-31 13:00:00,19699.9375,18124.5,actual_period_prediction,
2026-08-31 14:00:00,20277.89453125,17840.5,actual_period_prediction,
2026-08-31 15:00:00,20864.4765625,18714.0,actual_period_prediction,
2026-08-31 16:00:00,22962.19921875,21258.0,actual_period_prediction,
2026-08-31 17:00:00,26328.015625,23959.5,actual_period_prediction,
2026-08-31 18:00:00,28013.716796875,25521.0,actual_period_prediction,
2026-08-31 19:00:00,27527.546875,26925.5,actual_period_prediction,
2026-08-31 20:00:00,26333.78125,26962.0,actual_period_prediction,
2026-08-31 21:00:00,25573.86328125,26250.5,actual_period_prediction,
2026-08-31 22:00:00,23580.908203125,23797.5,actual_period_prediction,
2026-08-31 23:00:00,21728.24609375,21616.5,actual_period_prediction,
2026-09-01 00:00:00,21486.55859375,21732.5,actual_period_prediction,
2026-09-01 01:00:00,20974.751953125,21449.5,actual_period_prediction,
2026-09-01 02:00:00,20117.26171875,20858.5,actual_period_prediction,
2026-09-01 03:00:00,19678.662109375,19791.0,actual_period_prediction,
2026-09-01 04:00:00,19459.763671875,19290.5,actual_period_prediction,
2026-09-01 05:00:00,19105.47265625,19797.0,actual_period_prediction,
2026-09-01 06:00:00,21586.357421875,21843.5,actual_period_prediction,
2026-09-01 07:00:00,23593.83203125,24329.5,actual_period_prediction,
2026-09-01 08:00:00,24031.978515625,24654.5,actual_period_prediction,
2026-09-01 09:00:00,23464.67578125,22759.5,actual_period_prediction,
2026-09-01 10:00:00,22719.134765625,20632.0,actual_period_prediction,
2026-09-01 11:00:00,20901.08984375,19575.5,actual_period_prediction,
2026-09-01 12:00:00,21114.01171875,19990.5,actual_period_prediction,
2026-09-01 13:00:00,20901.068359375,20547.5,actual_period_prediction,
2026-09-01 14:00:00,21597.279296875,21080.0,actual_period_prediction,
2026-09-01 15:00:00,22375.31640625,23064.5,actual_period_prediction,
2026-09-01 16:00:00,23427.7265625,25569.0,actual_period_prediction,
2026-09-01 17:00:00,25930.84375,28508.5,actual_period_prediction,
2026-09-01 18:00:00,27319.5859375,29686.0,actual_period_prediction,
2026-09-01 19:00:00,27702.58984375,29879.5,actual_period_prediction,
2026-09-01 20:00:00,27985.451171875,30311.0,actual_period_prediction,
2026-09-01 21:00:00,27000.1328125,28498.0,actual_period_prediction,
2026-09-01 22:00:00,24600.046875,26302.0,actual_period_prediction,
2026-09-01 23:00:00,22082.390625,23592.5,actual_period_prediction,
2026-09-02 00:00:00,22123.859375,22724.0,actual_period_prediction,
2026-09-02 01:00:00,21347.744140625,22172.0,actual_period_prediction,
2026-09-02 02:00:00,21131.513671875,21683.5,actual_period_prediction,
2026-09-02 03:00:00,20392.185546875,20592.5,actual_period_prediction,
2026-09-02 04:00:00,20104.970703125,20171.0,actual_period_prediction,
2026-09-02 05:00:00,20430.404296875,20541.0,actual_period_prediction,
2026-09-02 06:00:00,22079.365234375,22722.0,actual_period_prediction,
2026-09-02 07:00:00,25181.544921875,26223.0,actual_period_prediction,
2026-09-02 08:00:00,26236.603515625,28214.5,actual_period_prediction,
2026-09-02 09:00:00,25427.1015625,28492.0,actual_period_prediction,
2026-09-02 10:00:00,25143.169921875,27946.5,actual_period_prediction,
2026-09-02 11:00:00,25039.228515625,27487.0,actual_period_prediction,
2026-09-02 12:00:00,25043.580078125,27826.5,actual_period_prediction,
2026-09-02 13:00:00,24375.11328125,27903.5,actual_period_prediction,
2026-09-02 14:00:00,24239.744140625,28112.5,actual_period_prediction,
2026-09-02 15:00:00,24988.244140625,28073.5,actual_period_prediction,
2026-09-02 16:00:00,26669.546875,29194.5,actual_period_prediction,
2026-09-02 17:00:00,29049.390625,29986.0,actual_period_prediction,
2026-09-02 18:00:00,30317.728515625,30019.5,actual_period_prediction,
2026-09-02 19:00:00,30371.728515625,29964.0,actual_period_prediction,
2026-09-02 20:00:00,30384.705078125,29683.0,actual_period_prediction,
2026-09-02 21:00:00,28460.33984375,27612.0,actual_period_prediction,
2026-09-02 22:00:00,26495.5234375,24860.0,actual_period_prediction,
2026-09-02 23:00:00,24134.521484375,22686.5,actual_period_prediction,
2026-09-03 00:00:00,22888.705078125,21595.0,actual_period_prediction,
2026-09-03 01:00:00,22031.056640625,20698.5,actual_period_prediction,
2026-09-03 02:00:00,21134.93359375,20124.0,actual_period_prediction,
2026-09-03 03:00:00,19845.521484375,19450.5,actual_period_prediction,
2026-09-03 04:00:00,19644.83984375,18941.5,actual_period_prediction,
2026-09-03 05:00:00,19626.205078125,19308.0,actual_period_prediction,
2026-09-03 06:00:00,21834.62890625,21965.0,actual_period_prediction,
2026-09-03 07:00:00,25605.1328125,25695.5,actual_period_prediction,
2026-09-03 08:00:00,27782.3125,26957.5,actual_period_prediction,
2026-09-03 09:00:00,27727.248046875,25825.0,actual_period_prediction,
2026-09-03 10:00:00,27158.39453125,24055.5,actual_period_prediction,
2026-09-03 11:00:00,26622.30859375,23304.0,actual_period_prediction,
2026-09-03 12:00:00,26556.12109375,23270.0,actual_period_prediction,
2026-09-03 13:00:00,26504.158203125,22915.5,actual_period_prediction,
2026-09-03 14:00:00,26281.892578125,22406.0,actual_period_prediction,
2026-09-03 15:00:00,26593.84375,23150.0,actual_period_prediction,
2026-09-03 16:00:00,28051.958984375,25428.5,actual_period_prediction,
2026-09-03 17:00:00,29472.25390625,28179.0,actual_period_prediction,
2026-09-03 18:00:00,29380.85546875,29529.5,actual_period_prediction,
2026-09-03 19:00:00,29581.54296875,29282.0,actual_period_prediction,
2026-09-03 20:00:00,28626.22265625,29180.5,actual_period_prediction,
2026-09-03 21:00:00,27206.052734375,26881.5,actual_period_prediction,
2026-09-03 22:00:00,24693.18359375,23987.5,actual_period_prediction,
2026-09-03 23:00:00,22838.27734375,21932.0,actual_period_prediction,
2026-09-04 00:00:00,21585.275390625,21225.5,actual_period_prediction,
2026-09-04 01:00:00,21103.1328125,21113.5,actual_period_prediction,
2026-09-04 02:00:00,20089.9453125,20706.0,actual_period_prediction,
2026-09-04 03:00:00,19388.62890625,19867.5,actual_period_prediction,
2026-09-04 04:00:00,18513.470703125,19754.0,actual_period_prediction,
2026-09-04 05:00:00,18653.16796875,19587.0,actual_period_prediction,
2026-09-04 06:00:00,21359.779296875,22080.5,actual_period_prediction,
2026-09-04 07:00:00,24440.951171875,25590.0,actual_period_prediction,
2026-09-04 08:00:00,25817.865234375,26762.0,actual_period_prediction,
2026-09-04 09:00:00,25009.572265625,25861.5,actual_period_prediction,
2026-09-04 10:00:00,23898.275390625,24175.0,actual_period_prediction,
2026-09-04 11:00:00,22797.779296875,22873.0,actual_period_prediction,
2026-09-04 12:00:00,21905.806640625,22168.5,actual_period_prediction,
2026-09-04 13:00:00,21080.892578125,21491.0,actual_period_prediction,
2026-09-04 14:00:00,21172.716796875,21026.0,actual_period_prediction,
2026-09-04 15:00:00,22221.91015625,21538.0,actual_period_prediction,
2026-09-04 16:00:00,22921.859375,23443.5,actual_period_prediction,
2026-09-04 17:00:00,25352.07421875,25297.5,actual_period_prediction,
2026-09-04 18:00:00,26781.662109375,26012.5,actual_period_prediction,
2026-09-04 19:00:00,26834.11328125,26699.0,actual_period_prediction,
2026-09-04 20:00:00,26829.267578125,26657.5,actual_period_prediction,
2026-09-04 21:00:00,25191.248046875,24741.0,actual_period_prediction,
2026-09-04 22:00:00,23246.56640625,23043.0,actual_period_prediction,
2026-09-04 23:00:00,21601.955078125,21172.5,actual_period_prediction,
2026-09-05 00:00:00,20683.814453125,20695.5,actual_period_prediction,
2026-09-05 01:00:00,20336.283203125,19961.0,actual_period_prediction,
2026-09-05 02:00:00,19369.515625,19307.0,actual_period_prediction,
2026-09-05 03:00:00,18406.40625,18647.5,actual_period_prediction,
2026-09-05 04:00:00,18088.326171875,18178.5,actual_period_prediction,
2026-09-05 05:00:00,18068.548828125,17966.5,actual_period_prediction,
2026-09-05 06:00:00,19431.634765625,18692.5,actual_period_prediction,
2026-09-05 07:00:00,20830.001953125,19784.0,actual_period_prediction,
2026-09-05 08:00:00,21496.7421875,19503.5,actual_period_prediction,
2026-09-05 09:00:00,21973.8984375,18124.0,actual_period_prediction,
2026-09-05 10:00:00,21326.06640625,17513.555,actual_period_prediction,
2026-09-05 11:00:00,20841.154296875,17513.555,actual_period_prediction,
2026-09-05 12:00:00,20562.775390625,17513.555,actual_period_prediction,
2026-09-05 13:00:00,20056.919921875,17513.555,actual_period_prediction,
2026-09-05 14:00:00,19885.39453125,17513.555,actual_period_prediction,
2026-09-05 15:00:00,20528.693359375,17513.555,actual_period_prediction,
2026-09-05 16:00:00,22661.3046875,18718.0,actual_period_prediction,
2026-09-05 17:00:00,24247.44140625,22603.0,actual_period_prediction,
2026-09-05 18:00:00,25533.169921875,25472.0,actual_period_prediction,
2026-09-05 19:00:00,25648.638671875,26573.0,actual_period_prediction,
2026-09-05 20:00:00,26116.037109375,26669.0,actual_period_prediction,
2026-09-05 21:00:00,24807.68359375,25324.0,actual_period_prediction,
2026-09-05 22:00:00,23493.96484375,23625.5,actual_period_prediction,
2026-09-05 23:00:00,21796.017578125,21996.0,actual_period_prediction,
2026-09-06 00:00:00,20988.291015625,21312.5,actual_period_prediction,
2026-09-06 01:00:00,20159.021484375,20258.5,actual_period_prediction,
2026-09-06 02:00:00,19275.11328125,19446.0,actual_period_prediction,
2026-09-06 03:00:00,18560.30859375,18510.5,actual_period_prediction,
2026-09-06 04:00:00,18283.064453125,17759.5,actual_period_prediction,
2026-09-06 05:00:00,18222.29296875,17513.555,actual_period_prediction,
2026-09-06 06:00:00,18455.431640625,17513.555,actual_period_prediction,
2026-09-06 07:00:00,19445.83984375,18059.5,actual_period_prediction,
2026-09-06 08:00:00,19479.6171875,18295.0,actual_period_prediction,
2026-09-06 09:00:00,19411.58984375,18383.0,actual_period_prediction,
2026-09-06 10:00:00,20287.3125,17805.0,actual_period_prediction,
2026-09-06 11:00:00,20523.322265625,17513.555,actual_period_prediction,
2026-09-06 12:00:00,20348.29296875,17513.555,actual_period_prediction,
2026-09-06 13:00:00,20189.1953125,17513.555,actual_period_prediction,
2026-09-06 14:00:00,18690.126953125,17513.555,actual_period_prediction,
2026-09-06 15:00:00,19320.791015625,17800.0,actual_period_prediction,
2026-09-06 16:00:00,21710.8515625,20461.0,actual_period_prediction,
2026-09-06 17:00:00,23458.80078125,24061.0,actual_period_prediction,
2026-09-06 18:00:00,26078.888671875,25463.0,actual_period_prediction,
2026-09-06 19:00:00,26720.369140625,25814.0,actual_period_prediction,
2026-09-06 20:00:00,26098.89453125,25816.0,actual_period_prediction,
2026-09-06 21:00:00,25121.513671875,24701.5,actual_period_prediction,
2026-09-06 22:00:00,23928.134765625,22411.0,actual_period_prediction,
2026-09-06 23:00:00,22172.94140625,20706.5,actual_period_prediction,
2026-09-07 00:00:00,21760.75390625,20392.0,actual_period_prediction,
2026-09-07 01:00:00,21116.453125,20282.5,actual_period_prediction,
2026-09-07 02:00:00,19912.21875,19921.0,actual_period_prediction,
2026-09-07 03:00:00,19232.427734375,19044.5,actual_period_prediction,
2026-09-07 04:00:00,19006.09765625,18617.0,actual_period_prediction,
2026-09-07 05:00:00,19042.501953125,19243.0,actual_period_prediction,
2026-09-07 06:00:00,20711.94140625,22288.0,actual_period_prediction,
2026-09-07 07:00:00,22117.634765625,25241.0,actual_period_prediction,
2026-09-07 08:00:00,22874.197265625,26315.0,actual_period_prediction,
2026-09-07 09:00:00,22548.697265625,26396.0,actual_period_prediction,
2026-09-07 10:00:00,23344.541015625,25056.5,actual_period_prediction,
2026-09-07 11:00:00,22239.29296875,24842.5,actual_period_prediction,
2026-09-07 12:00:00,22235.388671875,24292.5,actual_period_prediction,
2026-09-07 13:00:00,21923.013671875,23432.0,actual_period_prediction,
2026-09-07 14:00:00,21722.4765625,22986.0,actual_period_prediction,
2026-09-07 15:00:00,21922.9921875,22696.0,actual_period_prediction,
2026-09-07 16:00:00,22115.365234375,24697.5,actual_period_prediction,
2026-09-07 17:00:00,26209.076171875,27041.5,actual_period_prediction,
2026-09-07 18:00:00,27328.908203125,28252.0,actual_period_prediction,
2026-09-07 19:00:00,27236.17578125,28935.0,actual_period_prediction,
2026-09-07 20:00:00,26302.486328125,28467.5,actual_period_prediction,
2026-09-07 21:00:00,26155.859375,25960.0,actual_period_prediction,
2026-09-07 22:00:00,23513.12109375,23198.5,actual_period_prediction,
2026-09-07 23:00:00,20813.326171875,21003.5,actual_period_prediction,
2026-09-08 00:00:00,20209.521484375,20392.5,actual_period_prediction,
2026-09-08 01:00:00,20083.8828125,20059.5,actual_period_prediction,
2026-09-08 02:00:00,19649.99609375,19761.5,actual_period_prediction,
2026-09-08 03:00:00,18816.10546875,19609.5,actual_period_prediction,
2026-09-08 04:00:00,18520.0703125,19206.0,actual_period_prediction,
2026-09-08 05:00:00,18887.970703125,20241.5,actual_period_prediction,
2026-09-08 06:00:00,21773.8203125,22819.5,actual_period_prediction,
2026-09-08 07:00:00,25286.3515625,26583.0,actual_period_prediction,
2026-09-08 08:00:00,26860.9140625,28370.0,actual_period_prediction,
2026-09-08 09:00:00,26848.517578125,28409.5,actual_period_prediction,
2026-09-08 10:00:00,24610.97265625,27213.5,actual_period_prediction,
2026-09-08 11:00:00,25148.978515625,26401.0,actual_period_prediction,
2026-09-08 12:00:00,24420.703125,25281.0,actual_period_prediction,
2026-09-08 13:00:00,23633.943359375,23613.5,actual_period_prediction,
2026-09-08 14:00:00,22913.673828125,21824.0,actual_period_prediction,
2026-09-08 15:00:00,23217.927734375,21698.0,actual_period_prediction,
2026-09-08 16:00:00,25142.55859375,22921.5,actual_period_prediction,
2026-09-08 17:00:00,27212.15625,25793.5,actual_period_prediction,
2026-09-08 18:00:00,27731.97265625,27891.0,actual_period_prediction,
2026-09-08 19:00:00,28456.435546875,28438.5,actual_period_prediction,
2026-09-08 20:00:00,28039.78515625,28193.5,actual_period_prediction,
2026-09-08 21:00:00,25886.865234375,25911.5,actual_period_prediction,
2026-09-08 22:00:00,23909.814453125,23472.0,actual_period_prediction,
2026-09-08 23:00:00,22040.63671875,21622.5,actual_period_prediction,
2026-09-09 00:00:00,21013.39453125,21219.0,actual_period_prediction,
2026-09-09 01:00:00,20566.142578125,21109.5,actual_period_prediction,
2026-09-09 02:00:00,20158.919921875,20696.0,actual_period_prediction,
2026-09-09 03:00:00,19625.841796875,20275.0,actual_period_prediction,
2026-09-09 04:00:00,19346.048828125,19544.0,actual_period_prediction,
2026-09-09 05:00:00,20379.048828125,20101.0,actual_period_prediction,
2026-09-09 06:00:00,22527.068359375,23245.5,actual_period_prediction,
2026-09-09 07:00:00,26247.875,26198.0,actual_period_prediction,
2026-09-09 08:00:00,27696.802734375,26170.0,actual_period_prediction,
2026-09-09 09:00:00,27474.625,24710.5,actual_period_prediction,
2026-09-09 10:00:00,26299.88671875,23261.5,actual_period_prediction,
2026-09-09 11:00:00,26311.025390625,23661.5,actual_period_prediction,
2026-09-09 12:00:00,25705.310546875,24172.5,actual_period_prediction,
2026-09-09 13:00:00,25106.2890625,24233.5,actual_period_prediction,
2026-09-09 14:00:00,24009.9765625,23935.0,actual_period_prediction,
2026-09-09 15:00:00,24132.6171875,24345.5,actual_period_prediction,
2026-09-09 16:00:00,25103.263671875,26328.5,actual_period_prediction,
2026-09-09 17:00:00,27350.630859375,28795.0,actual_period_prediction,
2026-09-09 18:00:00,28681.736328125,30305.0,actual_period_prediction,
2026-09-09 19:00:00,28891.41015625,31321.0,actual_period_prediction,
2026-09-09 20:00:00,28579.912109375,30552.5,actual_period_prediction,
2026-09-09 21:00:00,27033.654296875,28428.0,actual_period_prediction,
2026-09-09 22:00:00,24514.271484375,26076.5,actual_period_prediction,
2026-09-09 23:00:00,22551.896484375,23340.5,actual_period_prediction,
2026-09-10 00:00:00,21736.62109375,22789.5,actual_period_prediction,
2026-09-10 01:00:00,21450.7265625,22494.5,actual_period_prediction,
2026-09-10 02:00:00,21048.58984375,21974.5,actual_period_prediction,
2026-09-10 03:00:00,20494.3046875,21142.0,actual_period_prediction,
2026-09-10 04:00:00,20016.857421875,20559.5,actual_period_prediction,
2026-09-10 05:00:00,20388.474609375,20643.0,actual_period_prediction,
2026-09-10 06:00:00,23067.119140625,22815.0,actual_period_prediction,
2026-09-10 07:00:00,26636.193359375,26248.0,actual_period_prediction,
2026-09-10 08:00:00,26976.392578125,,recursive_forecast_prediction,
2026-09-10 09:00:00,25036.90625,,recursive_forecast_prediction,
2026-09-10 10:00:00,24012.05859375,,recursive_forecast_prediction,
2026-09-10 11:00:00,24205.103515625,,recursive_forecast_prediction,
2026-09-10 12:00:00,23730.896484375,,recursive_forecast_prediction,
2026-09-10 13:00:00,23997.783203125,,recursive_forecast_prediction,
2026-09-10 14:00:00,24155.283203125,,recursive_forecast_prediction,
