SETTLEMENT_DATE,SETTLEMENT_PERIOD,ND,FORECAST_ACTUAL_INDICATOR,TSD,ENGLAND_WALES_DEMAND,EMBEDDED_WIND_GENERATION,EMBEDDED_WIND_CAPACITY,EMBEDDED_SOLAR_GENERATION,EMBEDDED_SOLAR_CAPACITY,NON_BM_STOR,PUMP_STORAGE_PUMPING,SCOTTISH_TRANSFER,IFA_FLOW,IFA2_FLOW,BRITNED_FLOW,MOYLE_FLOW,EAST_WEST_FLOW,NEMO_FLOW,NSL_FLOW,ELECLINK_FLOW,VIKING_FLOW,GREENLINK_FLOW
2026-09-01,1,21924,A,23258,20101,1131,6417,0,23963,0,5,1229,1312,251,742,-298,-56,215,0,421,1373,-485
2026-09-01,2,21541,A,22730,19739,1201,6417,0,23963,0,4,1273,1354,261,744,-180,0,211,0,421,1370,-513
2026-09-01,3,21474,A,22542,19729,1176,6417,0,23963,0,77,1474,1210,392,863,-132,0,256,0,430,1327,-513
2026-09-01,4,21425,A,22189,19766,1124,6417,0,23963,0,286,1952,1200,401,868,-36,0,258,0,430,1313,-514
2026-09-01,5,20858,A,21684,19263,1121,6417,0,23963,0,305,1933,1238,389,766,-118,0,267,0,430,928,-513
2026-09-01,6,20859,A,21485,19300,1145,6417,0,23963,0,410,2254,1232,383,768,-23,0,263,0,428,892,-513
2026-09-01,7,20003,A,21145,18539,1166,6417,0,23963,0,92,2870,597,229,587,0,0,-261,0,327,555,-473
2026-09-01,8,19579,A,20646,18148,1217,6417,0,23963,0,145,3049,548,214,546,0,0,-284,0,313,526,-428
2026-09-01,9,19322,A,20158,18060,1257,6417,0,23963,0,283,3540,488,73,2,0,0,-322,0,63,323,-297
2026-09-01,10,19259,A,20001,17938,1322,6417,0,23963,0,287,3596,489,63,0,0,0,-324,0,49,323,-205
2026-09-01,11,19507,A,20506,18118,1377,6417,0,23963,0,384,3680,816,37,-137,0,0,-466,0,68,831,-280
2026-09-01,12,20087,A,21254,18738,1448,6417,0,23963,0,287,3818,841,38,-146,0,0,-471,0,70,861,-337
2026-09-01,13,21419,A,22602,20018,1537,6417,0,23963,0,37,3982,709,120,-115,0,0,-256,0,94,640,-349
2026-09-01,14,22268,A,23502,20800,1628,6417,174,23963,0,13,4012,708,141,-113,-39,-21,-248,0,111,635,-326
2026-09-01,15,24123,A,25545,22574,1706,6417,933,23963,0,13,3674,1218,691,392,-185,-144,-136,0,613,1036,-470
2026-09-01,16,24536,A,26146,22956,1876,6417,2190,23963,0,13,3739,1265,726,444,-337,-141,-132,0,648,1065,-513
2026-09-01,17,24977,A,26682,23293,1966,6417,3646,23963,0,14,3466,1612,618,772,-430,-276,22,0,828,1146,-513
2026-09-01,18,24332,A,25920,22710,2080,6417,5112,23963,0,139,3709,1638,616,783,-339,-374,27,0,838,1150,-514
2026-09-01,19,23388,A,24837,21721,2195,6417,6583,23963,0,500,3581,1369,815,332,-429,-507,44,0,779,1070,-513
2026-09-01,20,22131,A,23553,20639,2347,6417,8035,23963,0,574,3550,1356,829,311,-451,-531,44,0,778,1072,-514
2026-09-01,21,21116,A,22668,19661,2467,6417,9369,23963,0,574,3439,1816,825,538,-383,-530,-200,0,856,1350,-513
2026-09-01,22,20148,A,21614,18692,2644,6417,10319,23963,0,588,3367,1827,817,547,-301,-530,-209,0,850,1371,-514
2026-09-01,23,19633,A,21132,18262,2731,6417,10963,23963,0,618,3517,844,530,782,-301,-531,-271,0,480,1418,-514
2026-09-01,24,19518,A,20899,18147,2821,6417,11343,23963,0,738,3468,758,508,792,-301,-531,-273,0,460,1421,-514
2026-09-01,25,19885,A,21064,18572,2874,6417,10916,23963,0,733,3281,954,439,1025,-301,-531,-66,0,533,1424,-514
2026-09-01,26,20096,A,21268,18840,3000,6417,11003,23963,0,731,3226,967,442,1033,-301,-530,-59,0,543,1424,-513
2026-09-01,27,20502,A,21695,19290,3027,6417,11021,23963,0,651,3308,941,722,1043,-301,-530,38,0,705,1424,-513
2026-09-01,28,20593,A,21897,19263,3136,6417,10504,23963,0,541,3198,940,739,1045,-301,-531,39,0,713,1425,-513
2026-09-01,29,20683,A,22269,19329,3093,6417,9294,23963,0,632,3054,1050,657,948,-301,-531,-373,0,627,1425,-513
2026-09-01,30,21477,A,23111,20030,3029,6417,8442,23963,0,607,3096,1060,659,944,-308,-530,-390,0,632,1418,-513
2026-09-01,31,22566,A,24083,21105,2909,6417,7523,23963,0,612,2931,1337,952,905,-351,-531,-234,0,939,1163,-513
2026-09-01,32,23563,A,25172,22054,2783,6417,6376,23963,0,543,3391,1355,970,901,-381,-530,-228,0,954,1129,-513
2026-09-01,33,24697,A,26716,22944,2660,6417,5191,23963,0,69,3416,1205,918,523,-451,-530,-94,0,801,544,-513
2026-09-01,34,26441,A,28519,24544,2537,6417,4467,23963,0,6,3344,1194,899,481,-451,-531,-89,0,781,510,-513
2026-09-01,35,27758,A,30029,25638,2346,6417,3739,23963,0,9,2941,1214,333,-113,-451,-531,-172,0,413,751,-513
2026-09-01,36,29259,A,31568,27050,2318,6417,2547,23963,0,11,2783,1197,286,-150,-451,-531,-175,0,386,755,-513
2026-09-01,37,29487,A,32269,27229,2139,6417,1551,23963,0,8,2925,284,-10,-720,-451,-531,-49,0,229,275,-529
2026-09-01,38,29885,A,32669,27551,1937,6417,814,23963,0,8,2848,204,-25,-727,-451,-530,-46,0,218,240,-513
2026-09-01,39,29937,A,33287,27604,1780,6417,229,23963,0,2,2233,-125,175,-850,-451,-531,-382,0,156,194,-513
2026-09-01,40,29822,A,33215,27507,1772,6417,9,23963,0,1,2345,-150,186,-854,-451,-531,-395,0,149,225,-513
2026-09-01,41,30558,A,33458,28163,1688,6417,0,23963,0,1,2567,-20,102,-756,-451,-531,-108,0,53,1161,-535
2026-09-01,42,30064,A,32921,27606,1610,6417,0,23963,0,1,2357,-14,91,-752,-451,-531,-96,0,43,1226,-514
2026-09-01,43,28967,A,31465,26611,1511,6417,0,23963,0,8,2388,44,-88,-210,-451,-531,-117,0,-96,914,-513
2026-09-01,44,28029,A,30446,25715,1421,6417,0,23963,0,8,2395,42,-102,-103,-451,-530,-118,0,-108,875,-513
2026-09-01,45,26878,A,30172,24628,1408,6417,0,23963,0,10,2575,-323,-181,-188,-451,-531,-390,0,-227,239,-513
2026-09-01,46,25726,A,29098,23590,1421,6417,0,23963,0,8,2240,-372,-196,-194,-451,-531,-402,0,-248,196,-486
2026-09-01,47,23867,A,28958,21808,1421,6417,0,23963,0,12,2054,-660,-541,-544,-451,-475,-739,0,-688,262,-505
2026-09-01,48,23318,A,28320,21389,1311,6417,0,23963,0,12,2335,-672,-558,-559,-428,-326,-753,0,-705,273,-513
2026-09-02,1,23105,A,26856,21046,1289,6417,0,23963,0,11,1925,-529,-329,-383,-362,-226,-556,0,-364,487,-513
2026-09-02,2,22343,A,26010,20275,1212,6417,0,23963,0,9,1962,-516,-305,-377,-361,-218,-548,0,-338,504,-513
2026-09-02,3,22372,A,24825,20281,1167,6417,0,23963,0,9,1492,-76,-5,-310,-361,-336,-207,0,-154,600,-513
2026-09-02,4,21972,A,24304,19895,1109,6417,0,23963,0,9,1317,-43,16,-307,-361,-281,-193,0,-143,608,-513
2026-09-02,5,21992,A,24130,19871,1083,6417,0,23963,0,50,1007,154,65,-179,-361,-328,-170,0,-137,662,-513
2026-09-02,6,21375,A,23499,19268,1067,6417,0,23963,0,43,742,185,68,-175,-361,-309,-172,0,-137,660,-513
2026-09-02,7,20778,A,23776,18757,1030,6417,0,23963,0,10,536,145,64,-530,-361,-357,-582,0,-165,459,-513
2026-09-02,8,20407,A,23308,18491,979,6417,0,23963,0,10,463,146,64,-548,-361,-218,-602,0,-169,430,-513
2026-09-02,9,20428,A,24193,18584,952,6417,0,23963,0,10,827,448,97,-969,-361,-83,-1004,0,-237,-108,-513
2026-09-02,10,19914,A,23679,18051,899,6417,0,23963,0,10,547,467,90,-988,-361,0,-1021,0,-243,-149,-513
2026-09-02,11,20421,A,24595,18544,885,6417,0,23963,0,8,704,49,-307,-971,-319,0,-1021,0,-292,-288,-484
2026-09-02,12,20661,A,24982,18695,841,6417,0,23963,0,8,608,34,-320,-970,-395,-17,-1021,0,-285,-308,-513
2026-09-02,13,22237,A,25818,20141,853,6417,0,23963,0,8,986,551,209,-681,-362,-149,-724,0,44,-660,-513
2026-09-02,14,23207,A,26844,21105,873,6417,91,23963,0,1,966,603,248,-600,-445,-301,-687,0,76,-592,-513
2026-09-02,15,25744,A,27662,23316,871,6417,412,23963,0,1,12,1134,375,-3,-451,-452,221,0,437,765,-513
2026-09-02,16,26702,A,28695,24250,810,6417,798,23963,0,1,130,1187,399,0,-451,-530,282,0,474,929,-513
2026-09-02,17,27965,A,29949,25294,821,6417,1306,23963,0,10,-512,1948,953,807,-451,-530,626,0,967,1393,-513
2026-09-02,18,28464,A,30445,25809,856,6417,1752,23963,0,13,-403,2005,991,1021,-451,-530,639,0,997,1425,-513
2026-09-02,19,28589,A,30576,25813,891,6417,2188,23963,0,8,-588,2004,991,1018,-451,-531,784,0,997,1425,-513
2026-09-02,20,28395,A,30381,25592,885,6417,2662,23963,0,8,-537,2004,991,1018,-451,-530,788,0,997,1425,-513
2026-09-02,21,28027,A,29947,25246,929,6417,3177,23963,0,13,-464,2004,991,1018,-451,-469,788,0,998,1425,-513
2026-09-02,22,27866,A,29752,25070,1011,6417,3556,23963,0,10,-387,2003,991,1018,-451,-432,788,0,997,1425,-513
2026-09-02,23,27698,A,29533,24952,1096,6417,3967,23963,0,9,-325,2003,991,1018,-451,-432,1008,0,997,1425,-461
2026-09-02,24,27276,A,29059,24542,1304,6417,4191,23963,0,11,-576,2003,991,1017,-451,-431,1016,0,997,1425,-412
2026-09-02,25,27695,A,29377,24943,1376,6417,4465,23963,0,12,-473,2003,991,1018,-451,-348,1016,0,997,1425,-395
2026-09-02,26,27958,A,29689,25134,1489,6417,4582,23963,0,12,-469,2003,991,1015,-451,-324,1015,0,997,1425,-468
2026-09-02,27,27979,A,29660,25126,1546,6417,4369,23963,0,48,-540,2004,991,1026,-451,-291,734,0,997,1425,-487
2026-09-02,28,27828,A,29356,24937,1555,6417,4107,23963,0,75,-674,2004,989,1027,-451,-139,722,0,996,1425,-513
2026-09-02,29,28206,A,29535,25334,1615,6417,3912,23963,0,129,-162,2005,934,916,-432,-13,620,0,960,1425,-513
2026-09-02,30,28019,A,29218,25142,1644,6417,3545,23963,0,129,-300,2005,931,898,-315,0,617,0,959,1425,-513
2026-09-02,31,27745,A,28970,24893,1728,6417,3321,23963,0,131,-372,2003,987,1014,-343,0,903,0,994,1425,-513
2026-09-02,32,28402,A,29497,25495,1949,6417,2957,23963,0,132,-230,2000,984,1020,-232,0,901,0,994,1374,-495
2026-09-02,33,28856,A,29751,26029,2017,6417,2566,23963,0,44,617,1616,739,760,-75,0,188,0,915,256,-364
2026-09-02,34,29533,A,30286,26729,2011,6417,2150,23963,0,11,988,1591,725,690,37,0,148,0,902,133,-264
2026-09-02,35,29573,A,31365,26716,2022,6417,1664,23963,0,10,1296,1665,805,-231,-32,0,-15,0,613,-641,-383
2026-09-02,36,30399,A,32455,27512,1980,6417,1191,23963,0,11,1506,1620,793,-447,-75,0,-20,0,576,-698,-327
2026-09-02,37,29897,A,32085,27081,2006,6417,841,23963,0,9,2030,347,130,-578,0,41,25,0,-90,-854,-175
2026-09-02,38,30142,A,32262,27384,2022,6417,423,23963,0,6,2043,207,85,-574,0,11,24,0,-128,-869,-55
2026-09-02,39,30001,A,32902,27210,2065,6417,149,23963,0,6,2517,-249,94,-730,0,0,-419,0,23,-1009,11
2026-09-02,40,29927,A,32981,27146,2021,6417,8,23963,0,6,2748,-296,90,-736,35,0,-438,0,29,-1022,-68
2026-09-02,41,29993,A,33362,27191,2075,6417,0,23963,0,8,2654,-364,-73,-500,0,0,-422,0,-137,-1162,-219
2026-09-02,42,29373,A,32928,26519,2126,6417,0,23963,0,9,2662,-367,-95,-491,-24,0,-421,0,-151,-1178,-337
2026-09-02,43,28298,A,32830,25674,2240,6417,0,23963,0,6,2958,-336,-516,-495,-125,0,-437,0,-299,-1427,-403
2026-09-02,44,26926,A,31293,24483,2330,6417,0,23963,0,10,2889,-339,-549,-495,-24,0,-439,0,-316,-1440,-275
2026-09-02,45,25689,A,31124,23384,2491,6417,0,23963,0,11,2952,-577,-660,-791,0,0,-806,0,-573,-1248,-291
2026-09-02,46,24031,A,29364,21853,2585,6417,0,23963,0,8,3203,-579,-659,-803,13,0,-820,0,-586,-1222,-172
2026-09-02,47,22893,A,26879,20903,2725,6417,0,23963,0,6,3143,-406,-316,-678,3,0,-717,0,-467,-746,-162
2026-09-02,48,22480,A,26560,20787,2806,6417,0,23963,0,13,3002,-398,-300,-673,-34,0,-713,0,-461,-710,-304
2026-09-03,1,21928,A,26064,20343,2972,6417,0,23963,0,14,2914,-438,-496,-679,0,0,-546,0,-512,-580,-399
2026-09-03,2,21262,A,25385,19817,3048,6417,0,23963,0,10,2753,-440,-510,-679,0,0,-540,0,-517,-574,-373
2026-09-03,3,20934,A,25623,19626,3167,6417,0,23963,0,8,2838,-544,-525,-859,-15,0,-635,0,-537,-697,-385
2026-09-03,4,20463,A,25242,19272,3201,6417,0,23963,0,32,2543,-545,-525,-865,-144,0,-638,0,-538,-697,-359
2026-09-03,5,20296,A,24936,19101,3259,6417,0,23963,0,64,2344,-461,-483,-923,-295,-25,-673,0,-519,-335,-490
2026-09-03,6,19952,A,24742,18771,3329,6417,0,23963,0,6,2486,-454,-478,-924,-389,-25,-674,0,-516,-323,-513
2026-09-03,7,19614,A,24739,18385,3316,6417,0,23963,0,5,2486,-378,-400,-788,-391,-26,-853,0,-499,-782,-513
2026-09-03,8,19287,A,24572,18045,3304,6417,0,23963,0,5,2395,-376,-400,-782,-391,-148,-859,0,-501,-820,-513
2026-09-03,9,19120,A,25392,18027,3278,6417,0,23963,0,5,2461,-586,-626,-919,-391,-119,-966,0,-603,-1054,-513
2026-09-03,10,18763,A,25215,17725,3123,6417,0,23963,0,5,2219,-600,-647,-924,-390,-241,-970,0,-619,-1052,-514
2026-09-03,11,19138,A,25843,18197,3074,6417,0,23963,0,5,2411,-853,-853,-1037,-391,-260,-1019,0,-919,-365,-513
2026-09-03,12,19478,A,26351,18429,3000,6417,0,23963,0,9,2318,-864,-867,-1041,-437,-388,-1021,0,-933,-318,-513
2026-09-03,13,21341,A,27852,20282,2927,6417,0,23963,0,7,2652,-810,-854,-954,-451,-378,-897,0,-840,-321,-513
2026-09-03,14,22589,A,29100,21443,2799,6417,50,23963,0,4,2687,-795,-830,-948,-451,-497,-888,0,-820,-273,-513
2026-09-03,15,25240,A,28817,23752,2710,6417,389,23963,0,4,2026,-289,-10,-534,-451,-530,-406,0,-348,782,-513
2026-09-03,16,26151,A,29544,24399,2774,6417,957,23963,0,4,2206,-241,50,-489,-451,-531,-356,0,-316,890,-513
2026-09-03,17,27053,A,29231,25139,2727,6417,1697,23963,0,7,1826,712,201,487,-451,-531,587,0,-189,1390,-514
2026-09-03,18,26862,A,29013,25060,2781,6417,2343,23963,0,9,1895,849,213,563,-451,-530,645,0,-166,1424,-513
2026-09-03,19,26379,A,28085,24536,2830,6417,3390,23963,0,288,2057,1538,253,423,-451,-530,63,0,362,1424,-513
2026-09-03,20,25271,A,26745,23525,2991,6417,4571,23963,0,521,2630,1595,276,419,-451,-531,34,0,398,1424,-513
2026-09-03,21,24477,A,25814,22836,3056,6417,5623,23963,0,999,2963,1629,891,738,-451,-531,-341,0,538,1424,-513
2026-09-03,22,23634,A,24932,22030,3158,6417,6669,23963,0,1057,2781,1632,926,752,-451,-531,-352,0,556,1424,-521
2026-09-03,23,23528,A,24400,21745,3194,6417,7476,23963,0,1056,2717,1780,907,1005,-451,-463,149,0,896,1424,-514
2026-09-03,24,23080,A,23843,21412,3303,6417,7537,23963,0,1044,2981,1792,908,1016,-451,-343,176,0,919,1424,-513
2026-09-03,25,23334,A,24079,21550,3285,6417,8317,23963,0,1052,2613,1991,977,1022,-451,-333,662,0,992,1424,-513
2026-09-03,26,23206,A,23970,21263,3195,6417,8590,23963,0,1032,2045,2004,979,1022,-451,-332,684,0,995,1424,-513
2026-09-03,27,23136,A,23979,21169,3166,6417,7699,23963,0,953,2068,2002,927,1010,-451,-332,639,0,959,1407,-513
2026-09-03,28,22695,A,23392,20704,3192,6417,8375,23963,0,1038,2279,2002,925,1010,-389,-333,637,0,955,1406,-513
2026-09-03,29,22440,A,23098,20430,3121,6417,8846,23963,0,1038,2368,1896,761,846,-351,-332,402,0,916,1399,-513
2026-09-03,30,22372,A,22977,20287,3047,6417,8235,23963,0,1029,2294,1889,738,840,-289,-332,393,0,911,1398,-513
2026-09-03,31,22571,A,23141,20498,2927,6417,7451,23963,0,1025,2542,1904,818,685,-250,-332,358,0,837,1408,-513
2026-09-03,32,23729,A,24532,21547,2882,6417,6522,23963,0,830,3178,1895,823,680,-222,-398,357,0,827,1409,-513
2026-09-03,33,24843,A,26527,22546,2816,6417,5521,23963,0,23,3238,1228,794,966,-180,-514,409,0,669,1423,-513
2026-09-03,34,26014,A,27754,23645,2908,6417,3928,23963,0,15,2731,1181,788,978,-320,-421,411,0,655,1424,-514
2026-09-03,35,27432,A,29238,24970,2870,6417,3158,23963,0,11,2471,1548,627,804,-440,-364,507,0,509,1424,-513
2026-09-03,36,28926,A,30821,26426,2857,6417,2345,23963,0,7,2789,1576,611,797,-436,-453,510,0,493,1424,-513
2026-09-03,37,29688,A,31367,27313,2835,6417,1433,23963,0,2,3297,1410,459,920,-341,-327,570,0,278,1424,-513
2026-09-03,38,29371,A,30989,27069,2874,6417,602,23963,0,2,3050,1388,449,925,-430,-176,569,0,263,1424,-514
2026-09-03,39,29132,A,30748,26998,2891,6417,156,23963,0,3,3448,889,486,1000,-451,-155,110,0,223,1424,-513
2026-09-03,40,29432,A,31165,27137,3078,6417,2,23963,0,2,3409,853,489,1003,-451,-270,90,0,221,1424,-514
2026-09-03,41,29482,A,31366,27146,3066,6417,0,23963,0,0,3506,1152,494,1044,-451,-420,332,0,206,1424,-513
2026-09-03,42,28879,A,30814,26661,2987,6417,0,23963,0,0,3540,1166,486,1044,-412,-510,342,0,204,1424,-513
2026-09-03,43,27589,A,29533,25488,2988,6417,0,23963,0,0,3575,530,174,1044,-401,-530,141,0,159,1424,-513
2026-09-03,44,26174,A,28096,24227,3026,6417,0,23963,0,2,3603,474,146,1044,-401,-509,133,0,153,1424,-514
2026-09-03,45,24696,A,26835,22860,3007,6417,0,23963,0,5,3752,-102,-98,975,-401,-530,87,0,54,1424,-513
2026-09-03,46,23279,A,25507,21565,2935,6417,0,23963,0,5,3422,-165,-123,966,-401,-531,85,0,30,1424,-513
2026-09-03,47,22303,A,25780,20753,2870,6417,0,23963,0,5,3941,-414,-432,412,-401,-531,-140,0,-551,1424,-513
2026-09-03,48,21561,A,25113,20219,2921,6417,0,23963,0,6,3741,-421,-452,383,-401,-530,-148,0,-593,1424,-513
2026-09-04,1,21289,A,24827,19948,2854,6417,0,23963,0,6,3283,-313,-407,253,-401,-531,-89,0,-790,1424,-513
2026-09-04,2,21162,A,24634,19772,2844,6417,0,23963,0,6,3339,-305,-405,249,-401,-480,-86,0,-788,1424,-513
2026-09-04,3,21241,A,23875,19774,2845,6417,0,23963,0,5,3112,-157,-409,429,-401,-331,72,0,-328,1424,-513
2026-09-04,4,20986,A,23396,19574,2978,6417,0,23963,0,8,2846,-149,-406,436,-366,-180,77,0,-303,1422,-514
2026-09-04,5,20968,A,23192,19597,3009,6417,0,23963,0,8,2936,-163,-278,204,-354,-36,2,0,-388,1341,-513
2026-09-04,6,20444,A,22453,19045,3020,6417,0,23963,0,8,3171,-170,-273,193,-215,0,-1,0,-398,1327,-460
2026-09-04,7,19879,A,22592,18556,3046,6417,0,23963,0,8,3826,-487,-419,2,-129,0,-341,0,-533,1136,-312
2026-09-04,8,19856,A,22434,18500,3109,6417,0,23963,0,8,3939,-516,-431,0,-82,0,-354,0,-543,1111,-160
2026-09-04,9,19861,A,22777,18609,3095,6417,0,23963,0,8,3964,-839,-516,212,0,0,-430,0,-616,685,-23
2026-09-04,10,19647,A,22594,18399,3041,6417,0,23963,0,8,3554,-857,-534,227,0,0,-433,0,-631,655,45
2026-09-04,11,19481,A,23726,18354,3101,6417,0,23963,0,8,3426,-942,-977,-96,0,0,-739,0,-999,622,60
2026-09-04,12,19693,A,24005,18643,3213,6417,0,23963,0,11,3101,-943,-1008,-103,0,0,-751,0,-1018,621,60
2026-09-04,13,21287,A,25406,20286,3316,6417,0,23963,0,12,3325,-786,-1026,-121,8,0,-792,0,-906,709,50
2026-09-04,14,22874,A,26952,21965,3357,6417,22,23963,0,11,3578,-767,-1008,-122,0,0,-793,0,-881,725,-18
2026-09-04,15,25198,A,27500,24080,3441,6417,147,23963,0,10,3488,-415,-290,-136,-68,0,-505,0,-248,1025,-150
2026-09-04,16,25982,A,28333,24684,3534,6417,552,23963,0,6,3192,-389,-230,-109,-143,0,-488,0,-197,1030,-301
2026-09-04,17,26853,A,27965,25414,3670,6417,970,23963,0,10,2890,364,202,330,-170,0,47,0,208,474,-452
2026-09-04,18,26671,A,27698,25251,3970,6417,1504,23963,0,10,3377,470,238,331,-55,0,75,0,247,425,-482
2026-09-04,19,26412,A,27354,24996,4174,6417,2384,23963,0,31,3395,1289,535,249,-122,-11,511,0,727,72,-340
2026-09-04,20,25311,A,25530,24005,4405,6417,3473,23963,0,494,3528,1354,554,242,-24,0,526,0,753,23,-189
2026-09-04,21,24462,A,25277,23260,4523,6417,4051,23963,0,794,3868,1217,546,-100,0,0,34,0,619,-878,-131
2026-09-04,22,23888,A,24940,22679,4564,6417,4946,23963,0,696,3445,1210,542,-108,0,0,3,0,603,-950,-190
2026-09-04,23,23110,A,25468,21972,4669,6417,5974,23963,0,855,3907,1519,405,-466,-46,0,-638,0,380,-1368,-195
2026-09-04,24,22636,A,25003,21535,4821,6417,6525,23963,0,1005,3758,1547,411,-491,-153,-72,-672,0,384,-1398,-86
2026-09-04,25,22364,A,25784,21248,4895,6417,7234,23963,0,872,3519,1976,954,-862,-304,-70,-912,0,961,-1442,-202
2026-09-04,26,21973,A,25682,20942,5045,6417,7180,23963,0,779,3242,2008,988,-878,-435,49,-921,2,987,-1445,-309
2026-09-04,27,21656,A,25543,20692,5057,6417,7441,23963,0,944,3001,1895,875,-983,-451,81,-1036,2,641,-1445,-416
2026-09-04,28,21326,A,25045,20384,5009,6417,7061,23963,0,1045,3092,1879,860,-987,-451,80,-1040,2,610,-1445,-341
2026-09-04,29,21106,A,24413,20120,4971,6417,6948,23963,0,1036,3750,1274,594,-923,-451,21,-810,2,289,-1445,-214
2026-09-04,30,20946,A,24092,20027,4925,6417,6098,23963,0,1037,4004,1232,569,-920,-379,-33,-802,-32,280,-1436,-81
2026-09-04,31,21169,A,23968,20337,4849,6417,5276,23963,0,1024,4015,1638,328,-575,-229,33,-960,-454,631,-1105,15
2026-09-04,32,21907,A,24729,21056,4788,6417,4479,23963,0,802,4161,1608,299,-561,-81,-52,-944,-523,633,-963,87
2026-09-04,33,22845,A,24048,21708,4704,6417,4137,23963,0,795,4456,266,-157,-458,28,-9,-106,-715,-53,530,100
2026-09-04,34,24042,A,25640,22745,4603,6417,3490,23963,0,404,4182,112,-195,-437,154,0,-59,-706,-105,727,72
2026-09-04,35,24996,A,27194,23547,4489,6417,2619,23963,0,307,3861,-246,-487,158,82,53,-572,-282,-400,1204,-18
2026-09-04,36,25599,A,27831,24079,4298,6417,2158,23963,0,480,3633,-302,-515,170,-32,9,-595,-196,-421,1241,-151
2026-09-04,37,25956,A,29361,24464,4116,6417,1670,23963,0,559,3628,-533,-838,-376,-175,-65,-634,222,-541,1360,-302
2026-09-04,38,26069,A,30024,24531,3919,6417,1056,23963,0,561,3359,-551,-865,-423,-327,-211,-635,306,-553,1370,-451
2026-09-04,39,26574,A,31233,24935,3753,6417,312,23963,0,562,3400,-657,-1017,-403,-443,-274,-709,722,-705,1421,-513
2026-09-04,40,26824,A,31806,25168,3714,6417,5,23963,0,421,3359,-662,-1027,-402,-451,-421,-712,807,-715,1424,-513
2026-09-04,41,26917,A,32142,25172,3652,6417,0,23963,0,278,2998,-664,-1026,-393,-451,-527,-714,1222,-714,1331,-514
2026-09-04,42,26398,A,31629,24607,3646,6417,0,23963,0,281,2858,-663,-1026,-394,-451,-531,-714,1282,-720,1324,-513
2026-09-04,43,25368,A,31104,23642,3655,6417,0,23963,0,276,2855,-663,-1028,-705,-451,-531,-714,1387,-907,1419,-513
2026-09-04,44,24114,A,29876,22544,3604,6417,0,23963,0,277,2662,-663,-1028,-719,-451,-531,-714,1368,-919,1426,-514
2026-09-04,45,23574,A,29238,22058,3598,6417,0,23963,0,277,2653,-665,-1027,-622,-451,-531,-713,952,-919,1426,-513
2026-09-04,46,22512,A,28157,21150,3454,6417,0,23963,0,283,2882,-665,-1021,-619,-451,-530,-714,867,-915,1422,-513
2026-09-04,47,21421,A,27310,20160,3442,6417,0,23963,0,281,2867,-662,-819,-895,-451,-530,-1009,452,-791,1268,-513
2026-09-04,48,20924,A,26755,19745,3515,6417,0,23963,0,286,3176,-665,-807,-907,-385,-531,-1021,377,-788,1243,-513
2026-09-05,1,20741,A,26842,19617,3518,6417,0,23963,0,295,3502,-760,-865,-916,-331,-530,-1021,79,-960,691,-513
2026-09-05,2,20650,A,26968,19451,3561,6417,0,23963,0,98,2881,-765,-870,-917,-331,-531,-1021,39,-968,668,-513
2026-09-05,3,20023,A,26324,18902,3541,6417,0,23963,0,18,2554,-715,-873,-951,-331,-530,-1021,1,-873,1216,-525
2026-09-05,4,19899,A,26202,18770,3520,6417,0,23963,0,18,2838,-714,-873,-953,-331,-531,-1021,-18,-867,1244,-513
2026-09-05,5,19507,A,25809,18455,3450,6417,0,23963,0,18,2874,-677,-873,-854,-331,-530,-996,-189,-857,850,-513
2026-09-05,6,19107,A,25437,17986,3279,6417,0,23963,0,16,2671,-675,-873,-850,-331,-531,-995,-217,-861,819,-513
2026-09-05,7,18884,A,25312,17809,3165,6417,0,23963,0,14,2709,-713,-873,-909,-331,-530,-757,-303,-1013,654,-513
2026-09-05,8,18411,A,24853,17475,3028,6417,0,23963,0,16,2950,-715,-871,-911,-331,-531,-749,-321,-1016,641,-513
2026-09-05,9,18419,A,24682,17437,2921,6417,0,23963,0,16,2821,-664,-823,-812,-331,-531,-909,-414,-782,591,-513
2026-09-05,10,17938,A,24190,17065,2866,6417,0,23963,0,16,2812,-662,-821,-808,-331,-530,-915,-415,-773,590,-513
2026-09-05,11,18050,A,24491,17172,2761,6417,0,23963,0,16,2914,-664,-869,-796,-331,-530,-1017,-277,-960,694,-513
2026-09-05,12,17883,A,24309,16948,2691,6417,0,23963,0,16,2780,-664,-873,-795,-331,-531,-1021,-244,-969,702,-514
2026-09-05,13,18394,A,24347,17395,2587,6417,0,23963,0,16,2672,-710,-873,-596,-331,-531,-1021,-36,-858,676,-513
2026-09-05,14,18991,A,24983,17883,2447,6417,96,23963,0,14,2568,-713,-863,-586,-398,-530,-1021,-43,-839,680,-513
2026-09-05,15,19713,A,24986,18460,2322,6417,837,23963,0,16,2556,-405,-519,-568,-451,-531,-902,-462,-438,976,-513
2026-09-05,16,19855,A,25055,18513,2340,6417,2190,23963,0,33,2830,-364,-489,-532,-451,-531,-897,-548,-408,994,-513
2026-09-05,17,19912,A,24311,18402,2309,6417,3970,23963,0,123,2972,-408,-255,732,-451,-531,-650,-979,-234,874,-514
2026-09-05,18,19095,A,23499,17434,2405,6417,5662,23963,0,140,3076,-400,-242,906,-451,-530,-628,-1060,-220,878,-513
2026-09-05,19,18477,A,21814,16844,2408,6417,7245,23963,0,587,3000,-59,-369,968,-451,-530,76,-1407,-95,1340,-513
2026-09-05,20,17771,A,20900,16135,2534,6417,8647,23963,0,794,2761,-39,-357,970,-451,-531,114,-1450,-81,1354,-514
2026-09-05,21,17457,A,20096,15916,2448,6417,9684,23963,0,807,3405,45,355,934,-451,-531,194,-1451,133,714,-513
2026-09-05,22,17075,A,19584,15465,2481,6417,10309,23963,0,937,3168,57,405,933,-451,-530,197,-1452,152,671,-513
2026-09-05,23,17033,A,19549,15380,2358,6417,11155,23963,0,931,2973,513,479,1000,-451,-530,175,-1452,343,750,-514
2026-09-05,24,17148,A,19753,15563,2287,6417,11494,23963,0,841,2870,554,486,1003,-451,-530,175,-1452,359,761,-513
2026-09-05,25,16838,A,19363,15268,2206,6417,11986,23963,0,923,2628,887,534,971,-451,-531,293,-1452,512,919,-514
2026-09-05,26,16170,A,18675,14646,2192,6417,12166,23963,0,921,2289,913,540,970,-451,-531,298,-1431,521,930,-513
2026-09-05,27,15950,A,18412,14426,2083,6417,12262,23963,0,697,1978,881,602,1013,-451,-531,370,-1164,527,980,-513
2026-09-05,28,15154,A,18066,13765,1971,6417,12416,23963,0,180,2030,880,596,987,-451,-531,372,-1097,528,977,-513
2026-09-05,29,14776,A,17307,13416,1862,6417,12028,23963,0,128,1996,972,204,585,-451,-530,65,-665,567,727,-513
2026-09-05,30,14978,A,17423,13674,1769,6417,11539,23963,0,126,2010,988,190,585,-451,-530,53,-577,571,717,-513
2026-09-05,31,16005,A,18236,14635,1598,6417,10296,23963,0,125,1745,1504,629,806,-452,-531,-202,-157,641,1002,-514
2026-09-05,32,16292,A,18439,14772,1426,6417,9323,23963,0,88,2193,1550,663,815,-451,-530,-169,-72,646,1033,-513
2026-09-05,33,17797,A,19695,16102,1264,6417,8006,23963,0,97,1400,1972,790,1035,-451,-531,912,348,699,1400,-513
2026-09-05,34,19639,A,21623,17804,1181,6417,6698,23963,0,10,1741,2004,804,1044,-451,-530,946,433,710,1426,-513
2026-09-05,35,21656,A,23800,19581,994,6417,5139,23963,0,12,2089,2006,982,1044,-451,-489,-203,848,980,1426,-513
2026-09-05,36,23550,A,25831,21293,927,6417,3904,23963,0,6,1987,2006,993,1043,-451,-525,-298,933,996,1426,-513
2026-09-05,37,24977,A,27172,22578,773,6417,2332,23963,0,0,1939,2006,993,944,-451,-531,-200,1349,997,1426,-513
2026-09-05,38,25967,A,28120,23559,663,6417,1026,23963,0,0,1576,2006,993,828,-451,-493,-196,1402,997,1426,-513
2026-09-05,39,26341,A,28377,23986,587,6417,194,23963,0,0,1872,2005,991,-113,-452,-348,-109,1401,997,1426,-514
2026-09-05,40,26805,A,28696,24423,542,6417,0,23963,0,0,1892,2005,991,-122,-452,-197,-106,1402,997,1426,-514
2026-09-05,41,26849,A,28707,24478,498,6417,0,23963,0,2,1827,2006,991,-2,-451,-201,-193,1402,997,1426,-513
2026-09-05,42,26489,A,28298,24156,450,6417,0,23963,0,0,1850,2005,991,0,-451,-149,-196,1402,997,1426,-513
2026-09-05,43,25624,A,27424,23363,434,6417,0,23963,0,0,1306,2005,991,-127,-384,-17,-259,1401,997,1426,-513
2026-09-05,44,25024,A,26658,22777,440,6417,0,23963,0,0,1293,2006,991,-135,-243,0,-261,1402,997,1426,-495
2026-09-05,45,24105,A,25890,21971,445,6417,0,23963,0,0,1489,2006,991,-354,-100,0,-470,1402,998,1426,-361
2026-09-05,46,23146,A,24689,21251,493,6417,0,23963,0,2,1836,2006,990,-362,-1,0,-472,1401,996,1428,-210
2026-09-05,47,22321,A,23303,20445,520,6417,0,23963,0,9,1794,1975,953,-225,-67,47,85,1402,961,1429,-199
2026-09-05,48,21671,A,22691,19904,560,6417,0,23963,0,10,2137,1973,952,-219,-81,63,111,1401,960,1429,-230
2026-09-06,1,21497,A,22350,19755,614,6417,0,23963,0,9,2290,2003,988,-282,0,63,267,1402,995,1429,-80
2026-09-06,2,21128,A,21907,19471,695,6417,0,23963,0,6,2770,2005,991,-285,30,63,274,1401,997,1429,4
2026-09-06,3,20438,A,21515,18893,761,6417,0,23963,0,9,3024,2004,991,-480,-43,63,615,1401,997,1429,-63
2026-09-06,4,20079,A,21139,18591,819,6417,0,23963,0,19,3120,2004,991,-488,-1,63,628,1401,997,1429,-90
2026-09-06,5,19682,A,20385,18260,898,6417,0,23963,0,291,3478,2005,991,-271,0,62,331,1401,997,1429,-223
2026-09-06,6,19210,A,20097,17854,979,6417,0,23963,0,75,3771,1994,988,-266,0,63,313,1402,992,1429,-196
2026-09-06,7,18671,A,20170,17418,1095,6417,0,23963,0,55,4433,1319,887,-712,0,62,-264,1401,831,1429,-78
2026-09-06,8,18350,A,19679,17151,1267,6417,0,23963,0,205,4190,1262,869,-734,0,63,-300,1401,810,1419,57
2026-09-06,9,17736,A,20021,16631,1403,6417,0,23963,0,86,4241,1096,487,-953,0,63,-918,1401,441,1074,98
2026-09-06,10,17783,A,20177,16656,1486,6417,0,23963,0,15,4096,1072,450,-959,0,63,-950,1381,408,1044,100
2026-09-06,11,17229,A,19747,16105,1631,6417,0,23963,0,11,4166,400,64,-1010,45,61,-1019,1129,83,810,100
2026-09-06,12,16980,A,19368,15996,1820,6417,0,23963,0,17,4386,343,36,-884,10,62,-1021,1065,64,800,100
2026-09-06,13,17351,A,18748,16403,1966,6417,0,23963,0,10,4426,216,-6,-3,0,62,-898,649,84,1086,100
2026-09-06,14,17460,A,18849,16598,2079,6417,50,23963,0,11,4902,212,-10,0,0,63,-890,564,78,1103,100
2026-09-06,15,17965,A,19077,17062,2198,6417,473,23963,0,38,4902,556,-49,0,15,62,-403,149,-198,1014,100
2026-09-06,16,18154,A,18921,17255,2151,6417,1275,23963,0,349,4899,585,-38,0,60,62,-377,64,-201,1007,100
2026-09-06,17,18430,A,18663,17396,2219,6417,2285,23963,0,623,4702,794,469,0,20,62,88,-356,271,984,100
2026-09-06,18,18160,A,18182,17007,2203,6417,3453,23963,0,931,4556,817,513,0,-11,63,108,-442,316,964,100
2026-09-06,19,18426,A,18845,17169,2251,6417,5208,23963,0,965,4595,1574,872,0,-14,63,291,-870,849,262,100
2026-09-06,20,18340,A,18945,17020,2301,6417,6037,23963,0,964,4778,1636,897,0,-111,63,298,-958,882,223,100
2026-09-06,21,18263,A,19225,16878,2400,6417,7211,23963,0,955,4808,1729,917,0,-21,63,393,-1396,897,576,69
2026-09-06,22,17347,A,18382,16009,2463,6417,8371,23963,0,953,4363,1727,914,0,-14,51,396,-1450,893,594,-24
2026-09-06,23,16791,A,18137,15586,2584,6417,9182,23963,0,950,4279,1191,771,0,-143,-68,249,-1450,712,337,-135
2026-09-06,24,16729,A,18582,15606,2625,6417,9780,23963,0,840,4471,1152,764,0,-291,-185,244,-1437,704,314,-280
2026-09-06,25,16834,A,18464,15646,2769,6417,10369,23963,0,948,4163,1623,886,0,-319,-72,450,-1261,819,115,-426
2026-09-06,26,16489,A,18231,15359,2938,6417,11042,23963,0,943,4251,1647,889,0,-434,24,458,-1239,814,100,-512
2026-09-06,27,16271,A,18047,15125,3065,6417,11471,23963,0,935,4431,801,678,0,-451,-8,528,-1239,406,46,-513
2026-09-06,28,16242,A,18265,15171,3060,6417,10949,23963,0,776,4572,732,661,0,-451,-108,531,-1227,378,34,-513
2026-09-06,29,16171,A,18289,15082,3123,6417,11090,23963,0,827,4734,861,561,0,-451,-191,485,-1075,312,-283,-445
2026-09-06,30,16400,A,18397,15407,3134,6417,10574,23963,0,691,4913,868,554,0,-440,-144,481,-1022,311,-288,-294
2026-09-06,31,17386,A,18161,16306,3192,6417,8993,23963,0,812,5179,690,530,0,-321,-33,71,-592,418,292,-141
2026-09-06,32,18214,A,18765,17183,3289,6417,7220,23963,0,851,5126,675,520,0,-266,-117,53,-505,423,283,-14
2026-09-06,33,19650,A,20602,18593,3297,6417,6441,23963,0,630,5186,700,204,0,-126,-37,64,-85,328,-804,-30
2026-09-06,34,21272,A,22740,20090,3314,6417,5192,23963,0,276,4983,708,178,0,-74,-102,63,0,312,-896,-172
2026-09-06,35,23400,A,25284,22147,3202,6417,4026,23963,0,24,4742,1186,0,0,0,-16,-374,418,-4,-693,-321
2026-09-06,36,24722,A,26863,23380,2969,6417,2858,23963,0,2,4358,1208,-17,0,-69,0,-393,503,-14,-687,-463
2026-09-06,37,25360,A,28416,24172,2894,6417,1673,23963,0,4,4121,315,-242,0,-220,-60,-572,919,343,-953,-513
2026-09-06,38,25566,A,28966,24490,2882,6417,726,23963,0,5,3283,233,-260,0,-371,-210,-578,999,346,-973,-513
2026-09-06,39,25722,A,30156,24741,2892,6417,152,23963,0,4,3161,-400,-344,0,-451,-361,-557,1355,-286,-1026,-513
2026-09-06,40,25906,A,30599,24917,2978,6417,0,23963,0,0,3075,-463,-357,0,-451,-501,-556,1400,-331,-1021,-513
2026-09-06,41,26116,A,30550,25030,2996,6417,0,23963,0,0,2689,-262,-611,0,-451,-531,-361,1400,-515,-690,-513
2026-09-06,42,25516,A,29914,24458,2949,6417,0,23963,0,2,3056,-243,-628,0,-451,-530,-354,1400,-521,-660,-513
2026-09-06,43,25176,A,29147,24120,2951,6417,0,23963,0,0,3091,10,-595,0,-451,-531,-577,1400,-391,-413,-513
2026-09-06,44,24227,A,28168,23226,2963,6417,0,23963,0,1,3079,21,-596,0,-451,-530,-585,1400,-387,-380,-513
2026-09-06,45,22879,A,26933,21938,2959,6417,0,23963,0,7,3015,-146,-686,0,-451,-469,-789,1400,-507,169,-513
2026-09-06,46,21943,A,25994,20998,2922,6417,0,23963,0,13,3178,-177,-683,0,-451,-431,-797,1400,-512,202,-513
2026-09-06,47,21117,A,24967,20123,2830,6417,0,23963,0,10,2877,-358,-355,0,-451,-432,-817,1400,-433,10,-514
2026-09-06,48,20296,A,24119,19308,2861,6417,0,23963,0,12,2962,-373,-332,0,-451,-431,-818,1400,-417,7,-513
2026-09-07,1,20310,A,23423,19298,2729,6417,0,23963,0,7,2381,-263,-290,0,-383,-385,-736,1401,-50,360,-513
2026-09-07,2,20474,A,23303,19185,2604,6417,0,23963,0,7,2146,-243,-280,0,-300,-238,-733,1400,-28,387,-514
2026-09-07,3,20190,A,22134,18759,2474,6417,0,23963,0,17,1881,33,-18,0,-300,-125,-450,1401,-55,427,-513
2026-09-07,4,20375,A,22262,18915,2465,6417,0,23963,0,15,2547,41,3,0,-300,-96,-439,1401,-53,431,-514
2026-09-07,5,20065,A,21820,18643,2348,6417,0,23963,0,15,2838,187,113,0,-300,-179,-278,1401,89,471,-513
2026-09-07,6,19777,A,21400,18475,2303,6417,0,23963,0,112,2951,200,122,0,-300,-148,-273,1401,99,475,-514
2026-09-07,7,19239,A,20441,18068,2166,6417,0,23963,0,288,2953,183,146,0,-300,-70,-107,1401,135,529,-513
2026-09-07,8,18850,A,19844,17742,2061,6417,0,23963,0,421,3080,170,138,0,-300,0,-102,1401,131,517,-513
2026-09-07,9,18400,A,20384,17427,1901,6417,0,23963,0,401,3332,-370,-208,0,-273,0,-430,1401,-71,-82,-451
2026-09-07,10,18834,A,20809,17764,1840,6417,0,23963,0,467,3302,-409,-229,0,-133,0,-442,1401,-87,-140,-502
2026-09-07,11,19071,A,21531,18000,1761,6417,0,23963,0,125,3446,-128,-112,0,-11,0,-355,1401,-197,-796,-486
2026-09-07,12,19415,A,21947,18239,1689,6417,0,23963,0,17,3532,-111,-103,0,-14,0,-351,1401,-201,-831,-438
2026-09-07,13,21617,A,23623,20351,1660,6417,0,23963,0,9,3881,-103,-58,0,-143,0,-130,1400,-112,-471,-498
2026-09-07,14,22959,A,25012,21607,1632,6417,64,23963,0,0,3658,-96,-42,0,-295,0,-115,1400,-95,-426,-484
2026-09-07,15,24750,A,26275,23095,1607,6417,540,23963,0,2,2927,692,403,0,-429,-85,451,1400,237,307,-513
2026-09-07,16,25732,A,27403,23994,1632,6417,1244,23963,0,0,3128,781,442,0,-450,-207,478,1400,276,366,-514
2026-09-07,17,26175,A,27976,24250,1637,6417,2232,23963,0,9,2885,1646,739,0,-450,-347,437,1400,850,667,-513
2026-09-07,18,26455,A,28202,24471,1748,6417,3176,23963,0,10,2974,1721,763,0,-450,-294,435,1400,886,688,-513
2026-09-07,19,26911,A,28657,24854,1832,6417,4236,23963,0,14,3389,1863,914,0,-450,-297,663,1400,867,695,-513
2026-09-07,20,25881,A,27478,23934,1986,6417,4875,23963,0,58,3006,1873,926,0,-450,-192,670,1374,867,695,-513
2026-09-07,21,25199,A,26548,23411,2105,6417,5470,23963,0,241,3249,1889,946,0,-451,-126,315,1040,902,695,-513
2026-09-07,22,24914,A,26043,23196,2238,6417,5462,23963,0,517,3073,1891,948,0,-451,-182,302,966,907,695,-513
2026-09-07,23,24881,A,25562,23220,2417,6417,5969,23963,0,971,3538,1997,988,0,-450,-189,688,550,990,695,-513
2026-09-07,24,24804,A,25513,23164,2739,6417,6532,23963,0,962,3712,2004,991,0,-451,-275,705,466,996,695,-445
2026-09-07,25,24660,A,25111,22963,2856,6417,7188,23963,0,964,3498,2002,991,0,-451,-148,1004,49,996,699,-316
2026-09-07,26,23925,A,24367,22161,3061,6417,7309,23963,0,975,3145,2002,991,0,-451,-143,1015,-23,996,699,-300
2026-09-07,27,23619,A,24193,21927,3138,6417,7739,23963,0,969,3783,2003,991,0,-451,-24,1016,-268,996,699,-300
2026-09-07,28,23245,A,23827,21652,3247,6417,7655,23963,0,955,4047,2002,991,0,-451,0,1015,-286,996,699,-300
2026-09-07,29,23260,A,23678,21836,3288,6417,7647,23963,0,956,3769,2002,991,0,-451,0,979,-123,996,699,-300
2026-09-07,30,22712,A,23075,21315,3158,6417,6924,23963,0,957,3488,2002,990,0,-449,0,976,-71,994,699,-300
2026-09-07,31,22436,A,22736,21144,3176,6417,6798,23963,0,860,3127,1971,945,0,-360,0,561,349,950,699,-300
2026-09-07,32,22956,A,23114,21591,3256,6417,6244,23963,0,939,3354,1957,930,0,-297,0,541,433,934,697,-300
2026-09-07,33,23981,A,24623,22518,3224,6417,5309,23963,0,386,3759,1252,505,0,-228,0,101,849,482,621,-300
2026-09-07,34,25414,A,26351,23819,3139,6417,3870,23963,0,132,3528,1169,471,0,-269,0,82,933,447,602,-300
2026-09-07,35,26421,A,27368,24750,3072,6417,3187,23963,0,18,3235,189,277,0,-161,0,367,1348,224,101,-304
2026-09-07,36,27662,A,28710,25830,2789,6417,2011,23963,0,10,3101,84,246,0,-172,0,372,1400,199,66,-386
2026-09-07,37,27999,A,30435,26204,2810,6417,1043,23963,0,6,3313,-590,-380,0,-243,0,-164,1400,-165,26,-400
2026-09-07,38,28505,A,31090,26786,2890,6417,394,23963,0,6,3472,-626,-423,0,-259,0,-188,1400,-195,19,-400
2026-09-07,39,28825,A,31484,27271,3004,6417,45,23963,0,6,3809,-368,-405,0,-295,0,-281,1400,-416,0,-400
2026-09-07,40,29045,A,31717,27604,3159,6417,0,23963,0,6,3683,-354,-395,0,-330,0,-273,1400,-426,6,-400
2026-09-07,41,28959,A,30949,27516,3189,6417,0,23963,0,6,3411,-232,-93,0,-442,-71,414,1401,-258,296,-400
2026-09-07,42,27976,A,30099,26571,3260,6417,0,23963,0,6,3280,-226,-78,0,-450,-222,431,1400,-253,322,-400
2026-09-07,43,26517,A,29505,25321,3201,6417,0,23963,0,8,3579,-251,-268,0,-450,-283,-413,1401,-431,547,-400
2026-09-07,44,25403,A,28466,24198,3133,6417,0,23963,0,9,3485,-259,-286,0,-450,-269,-466,1400,-442,547,-400
2026-09-07,45,23831,A,27628,22700,3152,6417,0,23963,0,10,3566,-620,-484,0,-450,-118,-677,1400,-455,-108,-395
2026-09-07,46,22566,A,26260,21576,3085,6417,0,23963,0,4,3513,-652,-503,0,-450,-6,-685,1387,-469,-151,-282
2026-09-07,47,21453,A,26126,20633,3173,6417,0,23963,0,9,3680,-800,-723,0,-451,-65,-923,1216,-912,-89,-219
2026-09-07,48,20554,A,25405,19803,3268,6417,0,23963,0,8,3578,-813,-738,0,-451,-210,-931,1161,-940,-76,-200
2026-09-08,1,20475,A,24961,19717,3351,6417,0,23963,0,8,3631,-957,-748,0,-385,-160,-585,746,-959,222,-200
2026-09-08,2,20310,A,24693,19599,3337,6417,0,23963,0,8,3990,-963,-752,0,-331,-117,-571,662,-957,227,-200
2026-09-08,3,19983,A,24614,19315,3336,6417,0,23963,0,8,4075,-723,-865,0,-331,-142,-680,245,-816,-382,-200
2026-09-08,4,20136,A,24779,19414,3244,6417,0,23963,0,8,3954,-712,-873,0,-331,-116,-684,184,-811,-424,-200
2026-09-08,5,19949,A,25262,19231,3200,6417,0,23963,0,8,4081,-784,-901,0,-331,-260,-990,56,-944,-411,-200
2026-09-08,6,19574,A,24866,18868,3169,6417,0,23963,0,8,4492,-785,-901,0,-331,-226,-1002,38,-945,-410,-200
2026-09-08,7,19662,A,24151,18993,3140,6417,0,23963,0,8,4598,-357,-859,0,-331,-140,-954,1,-729,-427,-200
2026-09-08,8,19557,A,24020,18876,3058,6417,0,23963,0,8,3868,-333,-860,0,-331,-120,-952,-21,-723,-431,-200
2026-09-08,9,19111,A,24847,18419,3017,6417,0,23963,0,8,4097,-884,-988,0,-331,-39,-1018,-241,-995,-548,-200
2026-09-08,10,19301,A,25082,18672,2933,6417,0,23963,0,8,4316,-932,-997,0,-331,0,-1021,-238,-1011,-559,-200
2026-09-08,11,20068,A,25800,19362,2873,6417,0,23963,0,8,4501,-964,-1025,0,-331,0,-1021,143,-1020,-679,-200
2026-09-08,12,20415,A,26190,19617,2718,6417,0,23963,0,8,4695,-940,-1019,0,-336,-70,-1021,222,-1012,-685,-200
2026-09-08,13,22083,A,27158,21201,2708,6417,0,23963,0,8,4248,-660,-742,0,-412,-221,-1021,637,-732,-592,-203
2026-09-08,14,23556,A,28747,22569,2694,6417,3,23963,0,8,3840,-654,-716,0,-452,-372,-1021,722,-710,-574,-200
2026-09-08,15,25971,A,30132,24749,2638,6417,129,23963,0,9,3560,-374,-494,0,-451,-507,-970,1138,-527,-147,-200
2026-09-08,16,27195,A,31009,25794,2485,6417,401,23963,0,7,3562,-233,-455,0,-451,-462,-967,1157,-455,-98,-200
2026-09-08,17,28540,A,30651,27162,2452,6417,644,23963,0,12,3787,1425,420,0,-451,-382,-590,740,771,648,-200
2026-09-08,18,28200,A,30281,26856,2485,6417,1082,23963,0,8,4119,1693,493,0,-451,-382,-556,656,876,700,-200
2026-09-08,19,28596,A,30124,27238,2550,6417,1772,23963,0,5,4145,1984,959,0,-451,-382,254,241,989,700,-200
2026-09-08,20,28223,A,29682,26926,2691,6417,2342,23963,0,5,4404,2006,991,0,-404,-360,311,157,997,700,-200
2026-09-08,21,27398,A,28841,26158,2823,6417,3099,23963,0,7,4691,2004,990,0,-257,-225,917,-263,996,700,-205
2026-09-08,22,27029,A,28367,25862,2949,6417,4000,23963,0,5,4789,2005,990,0,-105,-73,948,-348,996,700,-317
2026-09-08,23,26671,A,28272,25507,3030,6417,4219,23963,0,12,4854,2004,990,0,-7,0,719,-775,996,700,-331
2026-09-08,24,26131,A,27793,25021,3086,6417,4706,23963,0,13,4750,2005,990,0,-80,0,711,-856,996,700,-239
2026-09-08,25,25744,A,27371,24628,3163,6417,5708,23963,0,185,4809,2006,991,0,-7,0,720,-1196,996,700,-109
2026-09-08,26,24818,A,26386,23722,3340,6417,6514,23963,0,352,4719,2006,991,0,-33,0,721,-1239,997,700,-148
2026-09-08,27,24007,A,24940,22975,3457,6417,7083,23963,0,843,4690,2005,991,0,0,0,720,-1239,996,700,-37
2026-09-08,28,23220,A,23990,22344,3634,6417,6405,23963,0,961,4742,2006,991,0,0,0,717,-1231,996,700,0
2026-09-08,29,21961,A,22629,21053,3769,6417,6925,23963,0,974,4251,2006,991,0,0,0,274,-1142,997,700,0
2026-09-08,30,21687,A,22326,20455,3849,6417,8222,23963,0,971,4180,2007,990,0,-14,0,209,-1096,997,699,0
2026-09-08,31,21553,A,22688,20160,3956,6417,7620,23963,0,959,4236,2009,946,0,35,0,-930,-664,997,652,0
2026-09-08,32,21843,A,22989,20500,4011,6417,6732,23963,0,953,4145,2001,937,0,5,0,-1022,-577,997,525,0
2026-09-08,33,22294,A,24341,20976,4141,6417,6294,23963,0,736,4580,1640,714,0,20,0,-1021,-155,997,-1070,-37
2026-09-08,34,23549,A,26073,22204,4203,6417,5719,23963,0,505,4193,1607,698,0,31,0,-1020,-69,984,-1263,-177
2026-09-08,35,25121,A,27584,23678,4242,6417,4935,23963,0,120,4235,1520,687,0,-55,0,-660,349,550,-1143,-225
2026-09-08,36,26466,A,28965,24993,4116,6417,3669,23963,0,13,4281,1493,671,0,-10,0,-646,434,507,-1131,-225
2026-09-08,37,27617,A,29890,26094,4102,6417,2184,23963,0,9,4143,528,117,0,-53,0,-469,849,-31,-1004,-225
2026-09-08,38,28165,A,30617,26583,4108,6417,861,23963,0,9,3871,433,74,0,-155,-54,-463,933,-65,-999,-225
2026-09-08,39,28274,A,31406,26617,4056,6417,130,23963,0,9,3656,-195,-120,0,-302,-203,-403,1348,-62,-1131,-225
2026-09-08,40,28603,A,32039,26841,4028,6417,0,23963,0,9,3283,-238,-131,0,-404,-355,-398,1399,-54,-1140,-225
2026-09-08,41,28632,A,31449,26825,3986,6417,0,23963,0,9,3110,-50,-31,0,-450,-498,39,1400,248,-1072,-225
2026-09-08,42,27755,A,30665,25949,3861,6417,0,23963,0,10,3041,-51,-34,0,-450,-531,51,1400,262,-1061,-293
2026-09-08,43,26380,A,30606,24624,3824,6417,0,23963,0,6,3102,-564,-393,0,-450,-531,-502,1400,72,-848,-444
2026-09-08,44,25443,A,29803,23802,3816,6417,0,23963,0,7,3281,-606,-426,0,-450,-531,-529,1367,48,-812,-513
2026-09-08,45,24114,A,28809,22567,3764,6417,0,23963,0,13,3470,-705,-746,0,-450,-530,-849,951,-366,-49,-513
2026-09-08,46,22830,A,27278,21422,3639,6417,0,23963,0,272,3858,-706,-760,0,-451,-530,-861,867,-390,-9,-513
2026-09-08,47,21965,A,25677,20622,3616,6417,0,23963,0,396,3578,-390,-451,0,-385,-462,-666,452,-302,-439,-513
2026-09-08,48,21280,A,24397,19947,3605,6417,0,23963,0,812,3653,-364,-429,0,-331,-395,-659,377,-301,-437,-513
2026-09-09,1,21190,A,24070,19737,3524,6417,0,23963,0,839,3587,-300,-405,0,-331,-515,-703,83,-452,457,-513
2026-09-09,2,21248,A,24153,19695,3309,6417,0,23963,0,828,3465,-295,-400,0,-331,-531,-705,49,-458,533,-513
2026-09-09,3,21221,A,23633,19583,3213,6417,0,23963,0,828,3217,-273,-265,0,-331,-530,-491,74,-337,724,-513
2026-09-09,4,20998,A,23366,19385,3072,6417,0,23963,0,820,3301,-265,-247,0,-331,-530,-483,100,-319,735,-513
2026-09-09,5,20844,A,22492,19184,2923,6417,0,23963,0,825,2260,36,48,0,-331,-531,-598,396,2,629,-513
2026-09-09,6,20548,A,22150,18788,2747,6417,0,23963,0,877,2205,50,71,0,-331,-531,-603,440,24,624,-514
2026-09-09,7,20334,A,21913,18582,2632,6417,0,23963,0,938,2195,128,179,0,-331,-530,-643,538,50,767,-513
2026-09-09,8,20216,A,21804,18521,2411,6417,0,23963,0,931,2186,129,176,0,-331,-530,-645,573,39,766,-513
2026-09-09,9,19573,A,22141,17897,2311,6417,0,23963,0,927,2227,-370,-227,0,-331,-452,-706,864,-396,351,-513
2026-09-09,10,19515,A,22131,17834,2192,6417,0,23963,0,925,2188,-419,-258,0,-331,-384,-708,933,-428,302,-513
2026-09-09,11,19797,A,23476,18105,2128,6417,0,23963,0,491,2212,-422,-380,0,-331,-238,-766,1348,-592,-428,-513
2026-09-09,12,20405,A,24516,18581,1939,6417,0,23963,0,48,2148,-410,-384,0,-374,-161,-767,1399,-586,-464,-513
2026-09-09,13,22539,A,24953,20567,1880,6417,0,23963,0,8,1971,375,-226,0,-451,-221,-496,1399,-15,39,-513
2026-09-09,14,23952,A,26410,22042,1752,6417,39,23963,0,8,2444,463,-195,0,-442,-372,-444,1399,40,89,-513
2026-09-09,15,26005,A,27968,23828,1613,6417,544,23963,0,9,1740,888,541,0,-451,-508,637,1399,670,659,-513
2026-09-09,16,26391,A,28377,24064,1404,6417,1695,23963,0,9,1538,887,602,0,-451,-531,720,1399,718,698,-513
2026-09-09,17,26598,A,28583,23976,1302,6417,3089,23963,0,9,982,991,966,0,-451,-530,986,1399,979,698,-513
2026-09-09,18,25742,A,27728,23039,1207,6417,4621,23963,0,10,572,999,991,0,-451,-531,997,1400,997,698,-514
2026-09-09,19,25053,A,27036,22321,1159,6417,6148,23963,0,11,234,998,991,0,-451,-530,1015,1399,997,698,-513
2026-09-09,20,24368,A,26352,21645,1128,6417,7527,23963,0,11,-35,999,991,0,-451,-530,1016,1399,997,698,-514
2026-09-09,21,23368,A,25334,20653,1049,6417,8537,23963,0,12,-355,999,991,0,-451,-514,1016,1399,997,698,-513
2026-09-09,22,23155,A,25064,20511,947,6417,9028,23963,0,12,-267,999,991,0,-451,-457,1016,1399,997,698,-513
2026-09-09,23,23573,A,25474,20996,904,6417,9245,23963,0,12,-99,998,991,0,-451,-449,1016,1399,997,698,-513
2026-09-09,24,23750,A,25733,21236,877,6417,8787,23963,0,11,-64,999,991,0,-451,-530,1016,1399,997,698,-513
2026-09-09,25,24166,A,26149,21696,840,6417,8424,23963,0,12,-9,999,991,0,-451,-531,1016,1399,997,698,-513
2026-09-09,26,24179,A,26164,21758,708,6417,7816,23963,0,9,-130,999,991,0,-451,-530,1015,1399,997,698,-513
2026-09-09,27,24254,A,26240,21896,678,6417,7775,23963,0,9,-106,999,991,0,-451,-531,1016,1399,998,698,-513
2026-09-09,28,24213,A,26198,21952,679,6417,7591,23963,0,9,-132,999,991,0,-451,-530,1016,1399,997,698,-513
2026-09-09,29,23954,A,25940,21779,621,6417,7171,23963,0,9,-331,999,991,0,-451,-531,996,1399,997,698,-513
2026-09-09,30,23916,A,25901,21777,556,6417,7176,23963,0,9,-400,997,990,0,-451,-530,995,1399,996,698,-513
2026-09-09,31,23957,A,25943,21805,517,6417,6641,23963,0,9,-798,852,953,0,-451,-531,996,1399,952,698,-513
2026-09-09,32,24734,A,26720,22606,462,6417,6351,23963,0,9,-724,842,951,0,-451,-531,996,1399,950,698,-513
2026-09-09,33,25875,A,27858,23685,448,6417,5561,23963,0,11,-497,987,988,0,-451,-530,995,1399,994,698,-513
2026-09-09,34,26782,A,28766,24472,449,6417,4541,23963,0,11,-33,999,991,0,-451,-531,996,1399,997,698,-513
2026-09-09,35,28174,A,30162,25757,449,6417,3611,23963,0,6,365,999,991,0,-451,-530,996,1399,997,698,-513
2026-09-09,36,29416,A,31410,26881,429,6417,2777,23963,0,0,431,999,991,0,-451,-530,996,1399,997,698,-513
2026-09-09,37,30137,A,32132,27641,426,6417,1731,23963,0,0,606,999,991,0,-451,-531,996,1399,997,698,-513
2026-09-09,38,30473,A,32476,27988,423,6417,657,23963,0,0,729,999,991,0,-451,-531,996,1399,997,698,-521
2026-09-09,39,31268,A,33212,28806,440,6417,66,23963,0,0,1403,999,991,0,-451,-480,996,1399,998,698,-513
2026-09-09,40,31374,A,33284,28951,540,6417,0,23963,0,0,1442,999,991,0,-451,-446,996,1399,997,698,-513
2026-09-09,41,30808,A,32685,28381,559,6417,0,23963,0,1,1416,999,991,0,-451,-413,997,1400,997,702,-514
2026-09-09,42,30297,A,32108,27887,570,6417,0,23963,0,1,1414,999,991,0,-451,-348,997,1400,997,702,-513
2026-09-09,43,28938,A,30747,26594,561,6417,0,23963,0,2,886,999,991,0,-451,-346,997,1400,998,702,-514
2026-09-09,44,27918,A,29634,25659,531,6417,0,23963,0,7,882,999,991,0,-433,-276,997,1400,997,702,-514
2026-09-09,45,26800,A,28185,24615,555,6417,0,23963,0,8,1339,1000,991,0,-303,-124,780,1401,997,702,-466
2026-09-09,46,25353,A,26348,23363,647,6417,0,23963,0,9,1755,1000,991,0,-152,-8,766,1401,998,702,-344
2026-09-09,47,23605,A,24632,21776,667,6417,0,23963,0,7,1638,1001,990,0,-139,-51,232,1400,998,702,-344
2026-09-09,48,23076,A,24276,21426,629,6417,0,23963,0,6,1657,1001,990,0,-214,-9,207,1400,998,702,-483
2026-09-10,1,22892,A,24180,21269,633,6417,0,23963,0,6,1324,1001,991,0,-280,0,277,1400,999,702,-514
2026-09-10,2,22687,A,23841,21137,631,6417,0,23963,0,6,1151,1001,991,0,-154,0,281,1400,998,702,-506
2026-09-10,3,22473,A,23488,20952,652,6417,0,23963,0,6,1233,1000,990,0,-132,0,655,1400,994,702,-389
2026-09-10,4,22516,A,23280,21020,679,6417,0,23963,0,6,1431,1000,990,0,-16,0,670,1400,993,702,-254
2026-09-10,5,22145,A,22928,20646,724,6417,0,23963,0,5,895,999,991,0,0,0,962,1401,997,702,-288
2026-09-10,6,21804,A,22465,20371,717,6417,0,23963,0,5,1004,999,984,0,0,0,971,1400,994,702,-166
2026-09-10,7,21477,A,21999,19996,776,6417,0,23963,0,5,1029,1001,745,0,0,0,548,1400,866,702,-27
2026-09-10,8,20807,A,21302,19345,850,6417,0,23963,0,5,875,994,715,0,0,0,529,1400,838,692,39
2026-09-10,9,20636,A,21131,19379,946,6417,0,23963,0,5,2168,398,257,0,45,0,234,1399,186,332,50
2026-09-10,10,20483,A,20978,19337,1052,6417,0,23963,0,5,2672,351,219,0,60,0,221,1399,140,290,49
2026-09-10,11,20450,A,21507,19269,1147,6417,0,23963,0,5,3496,351,20,0,60,0,-184,1399,-38,-340,49
2026-09-10,12,20836,A,21954,19677,1248,6417,0,23963,0,5,3731,351,10,0,60,28,-200,1399,-42,-381,49
2026-09-10,13,22082,A,23250,20871,1346,6417,0,23963,0,5,3410,400,165,0,60,49,-388,1399,235,-285,50
2026-09-10,14,23548,A,24689,22228,1462,6417,56,23963,0,5,3649,408,178,0,50,49,-392,1399,251,-254,44
2026-09-10,15,26053,A,26646,24488,1538,6417,520,23963,0,7,3550,745,244,0,-43,18,43,1399,177,588,-57
2026-09-10,16,26443,A,27394,24569,1545,6417,1328,23963,0,12,3394,776,264,0,-191,-64,85,1399,193,647,-208
2026-09-10,17,26621,A,27986,24598,1593,6417,2312,23963,0,9,3171,936,803,0,-343,-172,924,1399,917,657,-359
2026-09-10,18,25982,A,27662,23924,1707,6417,3648,23963,0,9,3188,950,843,0,-447,-249,977,1399,964,658,-493
2026-09-10,19,25314,A,27009,23285,1806,6417,5297,23963,0,9,3623,996,982,0,-451,-240,1015,1399,995,695,-513
2026-09-10,20,23820,A,25643,21880,1967,6417,6436,23963,0,9,3629,999,991,0,-451,-368,1016,1399,998,698,-513
2026-09-10,21,22823,A,24372,20962,2156,6417,7923,23963,0,297,3616,999,991,0,-451,-382,1016,1399,997,698,-513
2026-09-10,22,22336,A,23384,20522,2356,6417,8262,23963,0,889,3759,999,991,0,-451,-473,1016,1366,997,698,-513
2026-09-10,23,21722,A,22496,19916,2580,6417,8863,23963,0,960,3825,999,991,0,-383,-406,1016,951,997,698,-445
2026-09-10,24,21570,A,22307,19832,2807,6417,9096,23963,0,959,3778,999,991,0,-398,-505,1016,908,997,698,-293
2026-09-10,25,21758,A,22490,20100,2985,6417,9261,23963,0,891,3514,999,991,0,-451,-530,1016,1011,997,698,-142
2026-09-10,26,21902,A,22561,20282,3203,6417,9008,23963,0,953,3438,999,991,0,-451,-518,1013,993,997,698,-143
2026-09-10,27,22094,A,22669,20465,3297,6417,8191,23963,0,934,3332,1000,991,0,-451,-396,604,614,998,688,-162
2026-09-10,28,22365,A,22936,20718,3344,6417,7123,23963,0,937,3450,999,988,0,-451,-337,581,538,997,670,-220
2026-09-10,29,22391,A,22866,20862,3449,6417,6344,23963,0,927,3923,791,882,0,-451,-227,47,175,974,44,-224
2026-09-10,30,22373,A,22950,20894,3619,6417,5807,23963,0,737,3951,776,877,0,-451,-74,21,163,974,0,-289
2026-09-10,31,23063,A,23915,21561,3720,6417,5095,23963,0,861,3855,986,984,0,-449,-37,-337,580,996,0,-390
2026-09-10,32,24198,A,25237,22700,3726,6417,4026,23963,0,616,4142,1001,991,0,-354,0,-352,665,997,-48,-401
2026-09-10,33,25179,A,28154,23673,3720,6417,2942,23963,0,91,3905,1001,991,0,-280,-5,-690,1079,998,-1125,-466
2026-09-10,34,26740,A,29981,25213,3684,6417,1908,23963,0,12,3644,999,971,0,-321,-58,-704,1149,975,-1219,-451
2026-09-10,35,27757,A,30648,26191,3618,6417,1294,23963,0,8,3334,833,261,0,-178,0,-689,1372,234,-1222,-310
2026-09-10,36,28422,A,31269,26739,3627,6417,959,23963,0,10,3048,812,196,0,-103,0,-688,1399,184,-1172,-394
2026-09-10,37,28964,A,31099,27121,3451,6417,498,23963,0,8,3332,333,-417,0,-209,0,-455,1399,82,-93,-469
2026-09-10,38,28930,A,31153,27023,3227,6417,193,23963,0,8,3233,294,-466,0,-312,-65,-446,1396,74,0,-442
2026-09-10,39,29031,A,31542,27037,3007,6417,18,23963,0,8,3477,304,-706,0,-208,-216,-450,1357,29,0,-439
2026-09-10,40,29431,A,32117,27164,2842,6417,0,23963,0,8,3713,304,-721,0,-294,-367,-450,1355,27,0,-362
2026-09-10,41,29407,A,32422,27005,2736,6417,0,23963,0,8,3548,305,-656,0,-429,-505,-451,1395,81,48,-482
2026-09-10,42,28660,A,31747,26466,2724,6417,0,23963,0,9,3633,305,-650,0,-451,-531,-451,1399,81,47,-513
2026-09-10,43,27771,A,30980,25607,2691,6417,0,23963,0,9,3472,304,-596,0,-451,-530,-446,1399,-3,-179,-513
2026-09-10,44,26310,A,29578,24268,2579,6417,0,23963,0,9,3280,304,-597,0,-451,-530,-445,1400,-26,-215,-513
2026-09-10,45,24788,A,29670,22984,2549,6417,0,23963,0,9,3521,108,-752,0,-451,-530,-646,1399,-598,-901,-513
2026-09-10,46,23556,A,28525,21959,2600,6417,0,23963,0,9,3690,94,-760,0,-451,-505,-653,1367,-640,-956,-513
2026-09-10,47,22273,A,27686,20912,2546,6417,0,23963,0,9,3450,7,-664,0,-451,-417,-751,951,-876,-1250,-513
2026-09-10,48,21879,A,27214,20594,2437,6417,0,23963,0,9,3664,1,-657,0,-383,-387,-755,921,-890,-1259,-513
2026-09-11,1,21924,A,26769,20604,2332,6417,0,23963,0,8,3687,1,-647,0,-301,-447,-755,1189,-824,-866,-513
2026-09-11,2,21925,A,26786,20615,2211,6417,0,23963,0,7,3618,1,-637,0,-301,-530,-754,1228,-807,-826,-513
2026-09-11,3,21966,A,25305,20665,2149,6417,0,23963,0,249,3354,137,-322,0,-301,-531,-681,1306,-359,-380,-514
2026-09-11,4,21679,A,24778,20380,2021,6417,0,23963,0,392,3326,154,-295,0,-301,-530,-678,1321,-331,-343,-513
2026-09-11,5,20933,A,23234,19570,1989,6417,0,23963,0,549,2678,221,-116,0,-301,-530,-445,1392,-326,-119,-513
2026-09-11,6,20763,A,23022,19425,1858,6417,0,23963,0,541,2766,226,-101,0,-301,-530,-436,1401,-323,-96,-513
2026-09-11,7,20533,A,22350,19269,1845,6417,0,23963,0,538,2760,169,-7,0,-301,-450,-360,1400,-223,133,-514
2026-09-11,8,20102,A,21936,18936,1744,6417,0,23963,0,493,3139,166,-9,0,-301,-421,-357,1400,-226,146,-513
2026-09-11,9,19593,A,22585,18613,1761,6417,0,23963,0,11,3360,254,-307,0,-301,-399,-429,1400,-518,-36,-513
2026-09-11,10,19287,A,22355,18245,1817,6417,0,23963,0,4,3083,261,-331,0,-301,-412,-431,1400,-533,-51,-513
2026-09-11,11,19495,A,22798,18410,1840,6417,0,23963,0,7,3059,134,-467,0,-373,-283,-638,1400,-418,-118,-513
2026-09-11,12,20022,A,23497,18804,1870,6417,0,23963,0,10,3029,124,-469,0,-452,-367,-646,1400,-410,-127,-514
2026-09-11,13,21757,A,25226,20397,1822,6417,0,23963,0,8,3341,102,-212,0,-452,-414,-721,1400,-354,-311,-513
2026-09-11,14,23289,A,26787,21866,1712,6417,24,23963,0,6,3347,105,-179,0,-452,-519,-706,1400,-332,-303,-513
2026-09-11,15,25407,A,27395,23574,1556,6417,462,23963,0,7,2754,447,383,0,-452,-530,81,1399,281,417,-513
2026-09-11,16,26054,A,28044,24043,1370,6417,1668,23963,0,5,2920,480,433,0,-452,-530,133,1399,333,491,-513
2026-09-11,17,26458,A,28448,24205,1249,6417,3085,23963,0,6,1744,875,825,0,-452,-531,697,1400,795,1325,-513
2026-09-11,18,25759,A,27746,23564,1181,6417,4372,23963,0,9,1697,905,853,0,-452,-531,725,1399,826,1382,-513
2026-09-11,19,25205,A,27191,22922,1142,6417,5629,23963,0,10,1604,974,939,0,-452,-531,804,1399,912,1348,-513
2026-09-11,20,24376,A,26359,22159,1154,6417,6631,23963,0,13,1696,980,945,0,-452,-531,806,1399,920,1347,-513
2026-09-11,21,24047,A,26033,21851,1095,6417,7140,23963,0,10,1567,998,988,0,-452,-531,771,1399,992,1421,-513
2026-09-11,22,24115,A,26098,21917,1026,6417,7595,23963,0,12,1656,999,991,0,-452,-530,769,1399,997,1427,-513
2026-09-11,23,24104,A,26038,21964,965,6417,7190,23963,0,8,1268,999,991,0,-452,-476,967,1399,998,1427,-514
2026-09-11,24,24166,A,26075,22086,926,6417,7560,23963,0,6,1115,999,991,0,-452,-449,974,1399,998,1427,-514
2026-09-11,25,24696,A,26657,22614,880,6417,6613,23963,0,8,1522,999,991,0,-452,-503,1014,1399,997,1426,-514
2026-09-11,26,24935,A,26862,22848,832,6417,6698,23963,0,10,1830,999,991,0,-452,-472,1016,1400,998,1427,-513
2026-09-11,27,24540,A,26411,22426,812,6417,7155,23963,0,10,1790,999,991,0,-452,-416,1016,1400,997,1427,-513
2026-09-11,28,23982,A,25881,21856,854,6417,6731,23963,0,13,1876,999,991,0,-451,-459,1016,1400,997,1427,-502
2026-09-11,29,23704,A,25611,21513,856,6417,7306,23963,0,16,1625,999,991,0,-451,-461,997,1400,998,1427,-511
2026-09-11,30,23418,A,25397,21281,820,6417,6994,23963,0,15,1500,999,991,0,-451,-530,996,1401,998,1427,-513
2026-09-11,31,23300,A,25213,21167,829,6417,6689,23963,0,13,1229,999,991,0,-451,-462,977,1401,998,1427,-513
2026-09-11,32,23810,A,25720,21626,870,6417,5892,23963,0,14,1333,999,991,0,-451,-460,975,1400,997,1411,-513
2026-09-11,33,24245,A,26002,22004,863,6417,5337,23963,0,109,1390,999,991,0,-451,-402,654,1401,997,860,-513
2026-09-11,34,25367,A,27273,23021,807,6417,4446,23963,0,70,1047,1000,991,0,-451,-512,640,1401,997,808,-513
2026-09-11,35,26750,A,28731,24298,777,6417,3325,23963,0,14,1246,1001,980,0,-451,-518,258,1401,966,289,-526
2026-09-11,36,27501,A,29481,24985,658,6417,2374,23963,0,13,1182,1001,976,0,-451,-529,243,1401,962,253,-513
2026-09-11,37,28209,A,30116,25739,610,6417,1419,23963,0,1,1154,989,894,0,-451,-443,356,1401,910,253,-514
2026-09-11,38,29082,A,30839,26614,569,6417,491,23963,0,0,1164,988,890,0,-451,-292,361,1402,909,277,-514
2026-09-11,39,29785,A,31391,27334,542,6417,51,23963,0,0,1028,992,985,0,-451,-141,446,1402,992,1125,-514
2026-09-11,40,30145,A,31683,27633,530,6417,0,23963,0,0,1105,991,987,0,-451,-73,450,1402,993,1183,-514
2026-09-11,41,29549,A,31203,27178,546,6417,0,23963,0,0,1227,909,839,0,-451,-189,635,1402,856,1143,-514
2026-09-11,42,28749,A,30172,26398,597,6417,0,23963,0,1,1336,902,831,0,-366,-93,637,1402,842,1135,-465
2026-09-11,43,27656,A,28676,25449,643,6417,0,23963,0,11,2022,926,916,0,-215,0,127,1402,682,956,-316
2026-09-11,44,26652,A,27376,24473,707,6417,0,23963,0,10,2379,926,904,0,-70,0,100,1401,670,920,-164
2026-09-11,45,25425,A,26316,23373,792,6417,0,23963,0,15,2848,785,254,0,35,0,-380,1401,564,58,-26
2026-09-11,46,24251,A,25139,22340,915,6417,0,23963,0,14,3012,765,199,0,59,0,-401,1401,546,-1,37
2026-09-11,47,23042,A,24243,21430,1030,6417,0,23963,0,13,3525,250,-156,0,42,0,-470,1401,160,-88,49
2026-09-11,48,21704,A,22933,20303,1128,6417,0,23963,0,11,3717,202,-175,0,60,37,-472,1401,136,-93,50
2026-09-12,1,21497,A,22432,20123,1233,6417,0,23963,0,11,3875,124,12,0,59,8,-437,1400,144,-9,50
2026-09-12,2,21112,A,22039,19853,1340,6417,0,23963,0,9,4128,118,29,0,60,0,-436,1400,147,0,50
2026-09-12,3,20619,A,21624,19512,1480,6417,0,23963,0,12,4090,188,158,0,60,0,-517,1400,237,54,50
2026-09-12,4,20089,A,21095,19080,1621,6417,0,23963,0,14,3967,193,163,0,60,45,-520,1400,241,56,50
2026-09-12,5,19386,A,20394,18597,1775,6417,0,23963,0,11,3770,183,3,0,60,33,-355,1400,207,-164,50
2026-09-12,6,18809,A,19887,18096,1978,6417,0,23963,0,11,3521,182,-24,0,60,45,-351,1367,185,-214,50
2026-09-12,7,17798,A,21258,17141,2181,6417,0,23963,0,9,3395,66,-632,0,60,45,-715,951,-493,-1129,50
2026-09-12,8,17497,A,21142,16978,2399,6417,0,23963,0,11,3577,57,-681,0,60,45,-729,871,-542,-1204,50
2026-09-12,9,16996,A,21383,16591,2598,6417,0,23963,0,11,3956,5,-924,0,60,45,-754,501,-789,-1431,50
2026-09-12,10,16989,A,21431,16613,2841,6417,0,23963,0,11,4089,1,-941,0,60,45,-755,444,-810,-1447,50
2026-09-12,11,16873,A,21502,16593,3079,6417,0,23963,0,11,4283,1,-952,0,60,45,-755,291,-986,-1447,50
2026-09-12,12,16925,A,21536,16681,3224,6417,0,23963,0,11,4301,1,-952,0,60,45,-754,261,-969,-1447,49
2026-09-12,13,17588,A,21301,17404,3401,6417,0,23963,0,11,4131,1,-962,0,60,45,-755,115,-60,-1447,50
2026-09-12,14,18002,A,21669,17830,3520,6417,20,23963,0,10,4293,1,-956,0,60,24,-755,63,-19,-1447,50
2026-09-12,15,18786,A,23078,18496,3640,6417,368,23963,0,15,4199,1,-724,0,60,15,-754,-357,-525,-1447,50
2026-09-12,16,19255,A,23060,18907,3739,6417,893,23963,0,553,4210,5,-685,0,60,21,-754,-443,-529,-1447,44
2026-09-12,17,20012,A,22852,19554,3816,6417,1656,23963,0,854,4295,343,144,0,19,-65,-754,-871,375,-1447,-57
2026-09-12,18,20075,A,23377,19477,3780,6417,2533,23963,0,849,4217,372,214,0,-68,-216,-755,-958,443,-1447,-207
2026-09-12,19,20384,A,24519,19587,3821,6417,3096,23963,0,907,3666,612,751,0,-220,-366,-754,-1396,874,-1447,-359
2026-09-12,20,20456,A,25548,19598,3859,6417,3691,23963,0,390,3683,632,788,0,-371,-480,-754,-1437,899,-1447,-493
2026-09-12,21,20512,A,25360,19634,3947,6417,4259,23963,0,609,3665,924,909,0,-451,-530,-754,-1261,851,-1447,-514
2026-09-12,22,20283,A,25030,19385,4139,6417,5116,23963,0,682,4041,947,916,0,-451,-531,-752,-1239,847,-1443,-513
2026-09-12,23,20591,A,24846,19605,4190,6417,6574,23963,0,526,4193,966,895,0,-451,-469,-324,-1239,843,-1285,-513
2026-09-12,24,20402,A,24370,19464,4223,6417,6634,23963,0,744,4555,967,896,0,-451,-431,-305,-1238,844,-1259,-528
2026-09-12,25,20250,A,23701,19254,4215,6417,5962,23963,0,724,3994,962,985,0,-451,-432,-314,-1239,903,-726,-513
2026-09-12,26,19782,A,22973,18787,4240,6417,6906,23963,0,951,4343,961,989,0,-451,-431,-314,-1239,908,-694,-513
2026-09-12,27,18859,A,22264,17913,4241,6417,7407,23963,0,962,4291,947,900,0,-451,-432,-363,-1239,943,-869,-513
2026-09-12,28,18249,A,21664,17204,4419,6417,8283,23963,0,958,4130,946,896,0,-451,-431,-365,-1238,946,-874,-514
2026-09-12,29,17989,A,20969,17126,4379,6417,7914,23963,0,926,3716,997,985,0,-451,-432,-159,-1231,968,-596,-537
2026-09-12,30,18316,A,21296,17432,4329,6417,6817,23963,0,861,3676,1001,991,0,-451,-432,-152,-1195,965,-598,-513
2026-09-12,31,18849,A,22736,17968,4141,6417,5748,23963,0,425,3853,971,977,0,-451,-492,-200,-761,787,-1395,-513
2026-09-12,32,19507,A,22954,18651,3986,6417,4752,23963,0,865,4724,969,976,0,-451,-531,-201,-675,782,-1441,-513
2026-09-12,33,20597,A,23485,19735,3690,6417,3962,23963,0,725,4541,999,990,0,-451,-531,-249,-249,984,-1120,-513
2026-09-12,34,22176,A,24908,21113,3434,6417,3056,23963,0,699,4143,999,978,0,-451,-530,-250,-164,993,-1023,-513
2026-09-12,35,23738,A,25022,22517,3094,6417,2047,23963,0,720,3725,722,530,0,-451,-531,-9,255,857,270,-513
2026-09-12,36,24780,A,26748,23338,2840,6417,1246,23963,0,26,3293,696,498,0,-451,-530,0,339,831,433,-513
2026-09-12,37,25877,A,27855,24473,2577,6417,779,23963,0,18,3653,291,464,0,-451,-531,32,756,268,1341,-514
2026-09-12,38,26915,A,28918,25159,2422,6417,306,23963,0,12,3538,270,468,0,-451,-530,34,840,246,1409,-534
2026-09-12,39,26686,A,28670,24862,2231,6417,24,23963,0,11,2578,811,694,0,-451,-531,1,1256,680,1281,-513
2026-09-12,40,27130,A,29114,25250,2165,6417,0,23963,0,10,2571,860,714,0,-451,-530,3,1313,714,1275,-513
2026-09-12,41,26834,A,28814,24722,2049,6417,0,23963,0,15,1600,943,869,0,-451,-531,464,1392,946,1415,-513
2026-09-12,42,26264,A,28243,24161,1913,6417,0,23963,0,16,1523,950,880,0,-451,-531,485,1401,960,1425,-513
2026-09-12,43,25550,A,27529,23556,1818,6417,0,23963,0,16,1506,935,873,0,-451,-531,450,1401,937,1425,-513
2026-09-12,44,24674,A,26656,22643,1774,6417,0,23963,0,13,1248,934,870,0,-451,-531,449,1401,934,1424,-513
2026-09-12,45,23777,A,25761,21795,1665,6417,0,23963,0,11,949,909,766,0,-451,-531,402,1402,854,1384,-513
2026-09-12,46,22862,A,24845,20900,1476,6417,0,23963,0,11,578,908,760,0,-451,-530,401,1402,842,1382,-513
2026-09-12,47,22530,A,24514,20548,1369,6417,0,23963,0,11,374,861,814,0,-451,-531,622,1402,609,1422,-513
2026-09-12,48,22338,A,24321,20356,1266,6417,0,23963,0,11,412,858,820,0,-451,-530,631,1401,601,1425,-513
2026-09-13,1,22483,A,24467,20508,1185,6417,0,23963,0,11,214,934,903,0,-451,-531,978,1402,827,1425,-513
2026-09-13,2,21739,A,23723,19773,1141,6417,0,23963,0,11,-43,941,911,0,-451,-531,992,1402,846,1425,-513
2026-09-13,3,21347,A,23331,19404,1065,6417,0,23963,0,11,-381,995,986,0,-451,-531,992,1402,988,1425,-513
2026-09-13,4,20771,A,22712,18927,970,6417,0,23963,0,11,-223,999,991,0,-451,-488,991,1401,997,1425,-513
2026-09-13,5,20141,A,22114,18277,902,6417,0,23963,0,11,-400,999,991,0,-451,-519,987,1402,997,1425,-514
2026-09-13,6,19503,A,21407,17660,843,6417,0,23963,0,11,-635,999,991,0,-451,-451,987,1401,998,1425,-513
2026-09-13,7,19666,A,21608,17875,777,6417,0,23963,0,9,-744,999,991,0,-451,-487,996,1402,997,1425,-513
2026-09-13,8,19224,A,21147,17460,689,6417,0,23963,0,8,-676,999,991,0,-451,-467,996,1402,997,1425,-513
2026-09-13,9,18658,A,20588,16922,628,6417,0,23963,0,8,-629,999,991,0,-451,-474,996,1401,997,1425,-513
2026-09-13,10,18733,A,20616,17015,664,6417,0,23963,0,8,-528,999,990,0,-451,-427,997,1402,997,1422,-513
2026-09-13,11,18653,A,20610,16914,649,6417,0,23963,0,9,-508,999,962,0,-451,-502,954,1401,961,1309,-513
2026-09-13,12,18566,A,20476,16834,597,6417,0,23963,0,12,-548,999,961,0,-451,-458,953,1402,959,1303,-513
2026-09-13,13,19088,A,20910,17309,585,6417,0,23963,0,11,-726,999,989,0,-451,-369,900,1401,995,1416,-513
2026-09-13,14,19454,A,21395,17603,530,6417,0,23963,0,13,-818,999,991,0,-451,-490,898,1401,998,1424,-513
2026-09-13,15,20271,A,22253,18366,493,6417,32,23963,0,13,-927,999,991,0,-451,-531,948,1401,997,1404,-513
2026-09-13,16,20964,A,22952,19139,523,6417,235,23963,0,11,-852,999,991,0,-451,-530,949,1401,998,1402,-518
2026-09-13,17,21885,A,23872,19986,486,6417,760,23963,0,13,-698,999,991,0,-451,-531,995,1402,998,1422,-518
2026-09-13,18,22269,A,24252,20310,457,6417,1409,23963,0,11,-853,999,991,0,-451,-530,996,1401,997,1424,-513
2026-09-13,19,22944,A,24930,21004,441,6417,2197,23963,0,9,-556,999,991,0,-451,-531,1015,1401,997,1424,-513
2026-09-13,20,23198,A,25182,21195,412,6417,3128,23963,0,13,0,999,990,0,-451,-530,1016,1401,997,1424,-516
2026-09-13,21,23460,A,25447,21393,418,6417,3872,23963,0,8,-115,999,990,0,-451,-531,1016,1401,997,1424,-513
2026-09-13,22,23335,A,25279,21260,439,6417,4374,23963,0,11,-611,999,990,0,-451,-491,1016,1401,997,1424,-513
2026-09-13,23,23486,A,25319,21410,438,6417,4757,23963,0,9,-977,999,990,0,-451,-388,1017,1401,997,1425,-503
2026-09-13,24,23449,A,25221,21375,437,6417,5856,23963,0,12,-1103,999,990,0,-451,-328,1016,1401,997,1424,-505
2026-09-13,25,23533,A,25235,21478,449,6417,6145,23963,0,12,-1055,999,990,0,-451,-277,1016,1401,997,1424,-486
2026-09-13,26,23460,A,25095,21411,440,6417,6292,23963,0,12,-986,999,990,0,-451,-230,1016,1401,997,1424,-466
2026-09-13,27,23273,A,24956,21222,442,6417,6497,23963,0,12,-1171,999,990,0,-451,-239,1016,1402,997,1424,-505
2026-09-13,28,23179,A,24740,21188,461,6417,6613,23963,0,12,-1166,999,991,0,-451,-109,1016,1402,998,1424,-513
2026-09-13,29,23191,A,24825,21187,462,6417,6751,23963,0,11,-1548,999,991,0,-451,-168,997,1402,997,1424,-526
2026-09-13,30,22529,A,24140,20473,479,6417,6384,23963,0,14,-1736,999,990,0,-451,-161,996,1402,997,1424,-513
2026-09-13,31,22655,A,24170,20561,461,6417,6160,23963,0,18,-1672,999,991,0,-451,-69,996,1402,997,1424,-513
2026-09-13,32,23804,A,25330,21729,432,6417,5437,23963,0,12,-875,999,991,0,-438,-87,996,1402,997,1424,-513
2026-09-13,33,24507,A,25856,22331,428,6417,4438,23963,0,12,-986,999,991,0,-344,-4,996,1402,997,1424,-513
2026-09-13,34,25651,A,27154,23379,440,6417,3562,23963,0,11,-843,999,992,0,-431,-70,996,1402,998,1424,-513
2026-09-13,35,27025,A,28656,24725,433,6417,2479,23963,0,2,-631,999,992,0,-413,-221,996,1402,998,1425,-499
2026-09-13,36,28115,A,29950,25776,442,6417,1491,23963,0,1,-32,999,992,0,-451,-372,996,1402,997,1424,-513
2026-09-13,37,28692,A,30663,26309,427,6417,762,23963,0,1,451,999,992,0,-451,-508,996,1402,997,1424,-513
2026-09-13,38,29313,A,31307,26928,435,6417,221,23963,0,1,658,999,992,0,-451,-531,996,1402,998,1424,-513
2026-09-13,39,29312,A,31301,26823,443,6417,13,23963,0,6,880,999,992,0,-451,-531,997,1402,998,1424,-513
2026-09-13,40,29206,A,31194,26834,500,6417,0,23963,0,6,939,999,992,0,-451,-530,996,1402,997,1424,-513
2026-09-13,41,28567,A,30551,26180,551,6417,0,23963,0,11,779,999,992,0,-451,-531,997,1402,997,1424,-513
2026-09-13,42,27660,A,29644,25208,608,6417,0,23963,0,11,393,999,992,0,-451,-531,997,1402,997,1418,-513
2026-09-13,43,26730,A,28684,24344,646,6417,0,23963,0,14,400,999,992,0,-451,-504,968,1402,998,1164,-513
2026-09-13,44,25762,A,27578,23429,689,6417,0,23963,0,13,281,994,974,0,-451,-365,965,1402,991,1133,-513
2026-09-13,45,24491,A,26118,22293,723,6417,0,23963,0,13,688,719,324,0,-413,-214,545,1402,763,653,-513
2026-09-13,46,23673,A,25019,21637,720,6417,0,23963,0,13,861,707,288,0,-280,-66,515,1402,736,603,-513
2026-09-13,47,22315,A,23814,20405,761,6417,0,23963,0,12,978,861,593,0,-276,-65,-157,1402,312,37,-513
2026-09-13,48,22109,A,23800,20272,760,6417,0,23963,0,9,894,866,611,0,-369,-106,-192,1398,281,-3,-530
2026-09-14,1,21766,A,23458,19936,814,6417,0,23963,0,9,662,767,496,0,-371,-63,-121,1352,115,-133,-513
2026-09-14,2,21455,A,23095,19678,855,6417,0,23963,0,7,608,753,487,0,-370,-5,-118,1333,101,-141,-513
2026-09-14,3,21130,A,22765,19281,906,6417,0,23963,0,7,930,432,448,0,-364,0,-118,1163,-21,-128,-511
2026-09-14,4,21054,A,22564,19229,964,6417,0,23963,0,7,989,413,447,0,-302,0,-119,1152,-28,-126,-442
2026-09-14,5,20651,A,22558,18917,1001,6417,0,23963,0,7,572,475,517,0,-369,0,-410,1270,-22,-107,-506
2026-09-14,6,19957,A,21852,18282,1029,6417,0,23963,0,7,477,481,514,0,-332,0,-421,1274,-21,-115,-513
2026-09-14,7,19510,A,21766,17945,1022,6417,0,23963,0,7,564,578,251,0,-272,0,-498,1140,-19,-461,-513
2026-09-14,8,19564,A,21750,18053,1017,6417,0,23963,0,8,837,576,224,0,-154,0,-501,1125,-26,-500,-513
2026-09-14,9,19219,A,22354,17825,999,6417,0,23963,0,9,1644,123,-76,0,-45,0,-700,1147,-263,-1046,-514
2026-09-14,10,19251,A,22424,17872,966,6417,0,23963,0,9,1741,101,-103,0,0,0,-707,1136,-278,-1092,-502
2026-09-14,11,19254,A,22881,17859,960,6417,0,23963,0,9,1754,265,-325,0,0,0,-709,963,-291,-1425,-386
2026-09-14,12,19748,A,23360,18284,912,6417,0,23963,0,11,1937,275,-333,0,0,0,-708,959,-291,-1448,-343
2026-09-14,13,21954,A,25472,20338,908,6417,0,23963,0,8,2227,257,-56,0,-54,0,-760,1177,-246,-1448,-462
2026-09-14,14,23669,A,27246,21941,890,6417,4,23963,0,6,2220,257,-28,0,-206,0,-762,1208,-246,-1448,-393
2026-09-14,15,25358,A,29070,23395,892,6417,212,23963,0,12,2418,310,310,0,-356,-4,-564,1254,-362,-1448,-490
2026-09-14,16,26452,A,30162,24306,990,6417,941,23963,0,13,2449,333,350,0,-366,-21,-556,1269,-334,-1433,-513
2026-09-14,17,27550,A,30268,25143,981,6417,1863,23963,0,13,1381,929,950,0,-443,-151,-242,1387,668,-882,-513
2026-09-14,18,27403,A,30025,25057,967,6417,2795,23963,0,13,1252,972,991,0,-451,-176,-206,1401,741,-789,-513
2026-09-14,19,28038,A,29650,25552,972,6417,3375,23963,0,15,1226,998,991,0,-451,-163,674,1401,983,377,-513
2026-09-14,20,27862,A,29534,25417,1024,6417,3972,23963,0,9,1311,999,991,0,-451,-217,731,1401,998,504,-513
2026-09-14,21,27547,A,29065,25047,1054,6417,4689,23963,0,9,944,999,991,0,-436,-79,840,1401,998,1367,-512
2026-09-14,22,27349,A,28629,24900,1098,6417,4958,23963,0,7,842,999,991,0,-340,-3,844,1401,997,1426,-444
2026-09-14,23,26878,A,28386,24481,1169,6417,5333,23963,0,6,735,999,991,0,-429,-77,1011,1401,982,1426,-508
2026-09-14,24,26499,A,27942,24158,1216,6417,5679,23963,0,6,955,999,991,0,-433,-6,1016,1395,982,1426,-510
2026-09-14,25,26211,A,27470,24023,1357,6417,5852,23963,0,6,1445,999,991,0,-342,0,1016,1312,996,1426,-423
2026-09-14,26,25973,A,27123,23796,1580,6417,6319,23963,0,6,1911,999,991,0,-228,0,1016,1279,997,1426,-428
2026-09-14,27,25308,A,26468,23165,1713,6417,7173,23963,0,6,2238,999,991,0,-201,0,1011,986,996,1426,-465
2026-09-14,28,24673,A,25732,22619,1814,6417,7361,23963,0,115,2117,999,991,0,-256,0,1010,916,996,1413,-418
2026-09-14,29,24284,A,25258,22277,1947,6417,7249,23963,0,127,2340,999,991,0,-125,0,716,501,998,946,-476
2026-09-14,30,24331,A,25237,22263,2071,6417,7032,23963,0,128,2390,1000,991,0,-74,0,678,439,998,861,-460
2026-09-14,31,23571,A,24871,21575,2122,6417,7176,23963,0,41,2845,1001,991,0,52,0,-238,303,998,-293,-310
2026-09-14,32,24177,A,25557,22204,2125,6417,6523,23963,0,9,2814,1001,992,0,86,0,-299,319,995,-432,-158
2026-09-14,33,25021,A,27342,22995,2120,6417,5916,23963,0,9,2506,995,992,0,5,-11,-420,735,909,-1376,-23
2026-09-14,34,26300,A,28810,24172,2111,6417,4571,23963,0,9,2628,994,973,0,-36,-105,-424,819,885,-1451,-3
2026-09-14,35,27445,A,29832,25154,2111,6417,3495,23963,0,7,2838,771,296,0,36,-19,-424,1235,232,-1451,36
2026-09-14,36,29049,A,31485,26760,1981,6417,2317,23963,0,6,3188,751,225,0,-36,0,-424,1265,184,-1430,-52
2026-09-14,37,29530,A,31900,27222,2002,6417,1183,23963,0,6,3561,334,-659,0,13,0,-395,992,-108,-661,-53
2026-09-14,38,29928,A,32309,27568,2063,6417,314,23963,0,6,3484,301,-721,0,0,0,-393,955,-126,-608,-39
2026-09-14,39,30082,A,32492,27760,2149,6417,10,23963,0,6,3797,302,-719,0,0,0,-392,906,-90,-564,-151
2026-09-14,40,30418,A,32916,28265,2274,6417,0,23963,0,6,3932,302,-719,0,0,8,-392,927,-91,-559,-243
2026-09-14,41,30016,A,32814,27830,2353,6417,0,23963,0,6,3551,305,-718,0,-68,-17,-446,1262,-187,-476,-392
2026-09-14,42,29045,A,32076,26921,2391,6417,0,23963,0,7,3042,305,-718,0,-176,0,-448,1270,-204,-485,-507
2026-09-14,43,27741,A,31656,25777,2472,6417,0,23963,0,7,3176,306,-715,0,-151,0,-448,855,-580,-1030,-498
2026-09-14,44,26585,A,30673,24708,2538,6417,0,23963,0,9,2954,305,-715,0,-295,-66,-448,808,-606,-1067,-400
2026-09-14,45,25112,A,29647,23334,2631,6417,0,23963,0,12,2868,304,-672,0,-430,-216,-451,874,-706,-1081,-491
2026-09-14,46,23889,A,28415,22261,2705,6417,0,23963,0,12,3158,303,-675,0,-450,-230,-451,906,-711,-1072,-449
2026-09-14,47,22508,A,26666,20994,2738,6417,0,23963,0,12,3174,24,-875,0,-382,-159,-501,1201,-659,-694,-400
2026-09-14,48,21907,A,25793,20596,2710,6417,0,23963,0,12,3750,1,-881,0,-233,-23,-503,1249,-639,-654,-465
2026-09-15,1,21664,A,24187,20210,2728,6417,0,23963,0,12,3326,68,-617,0,-139,0,-485,1385,-114,-167,-513
2026-09-15,2,21437,A,23800,20046,2751,6417,0,23963,0,12,3298,76,-590,0,-74,0,-484,1385,-81,-133,-513
2026-09-15,3,21229,A,23102,19924,2775,6417,0,23963,0,12,3348,286,-286,0,-108,0,-305,1178,-40,-133,-513
2026-09-15,4,20773,A,22500,19465,2807,6417,0,23963,0,37,3331,300,-266,0,-34,0,-299,1142,-41,-139,-485
2026-09-15,5,20460,A,22707,19138,2847,6417,0,23963,0,7,3143,25,-275,0,-159,0,-276,1010,-186,-345,-513
2026-09-15,6,20384,A,22733,19150,2803,6417,0,23963,0,7,3160,1,-276,0,-234,0,-275,960,-199,-359,-513
2026-09-15,7,19688,A,22471,18601,2945,6417,0,23963,0,7,3104,1,-270,0,-300,0,-473,544,-368,-366,-513
2026-09-15,8,19538,A,21972,18406,3145,6417,0,23963,0,305,3187,1,-284,0,-184,0,-480,487,-387,-391,-513
2026-09-15,9,18960,A,23051,17922,3192,6417,0,23963,0,500,3939,1,-799,0,-75,0,-741,410,-671,-1292,-513
2026-09-15,10,19212,A,23893,18204,3180,6417,0,23963,0,89,4112,1,-839,0,-146,0,-751,434,-694,-1355,-485
2026-09-15,11,19412,A,24179,18459,3215,6417,0,23963,0,222,4154,1,-1015,0,-40,0,-754,849,-894,-1442,-344
2026-09-15,12,19548,A,24146,18565,3166,6417,0,23963,0,362,3997,1,-1023,0,-122,0,-754,933,-901,-1423,-237
2026-09-15,13,21327,A,24768,20150,3109,6417,0,23963,0,320,3955,1,-871,0,-198,0,-607,1350,-715,-513,-357
2026-09-15,14,23109,A,26950,21778,3050,6417,2,23963,0,12,4068,1,-841,0,-283,-10,-602,1401,-691,-435,-491
2026-09-15,15,25264,A,27663,23738,2946,6417,160,23963,0,11,3832,1,-151,0,-379,-134,-456,1400,-277,194,-513
2026-09-15,16,26026,A,28458,24330,2869,6417,789,23963,0,14,3933,2,-96,0,-420,-285,-404,1401,-228,286,-513
2026-09-15,17,27073,A,28944,25236,2802,6417,1823,23963,0,15,3109,181,230,0,-451,-422,730,1401,556,1313,-513
2026-09-15,18,26435,A,28250,24688,2875,6417,3097,23963,0,15,2989,201,267,0,-428,-389,821,1401,614,1406,-513
2026-09-15,19,26311,A,28093,24659,2906,6417,3983,23963,0,182,2918,661,816,0,-451,-499,1010,1401,948,1421,-514
2026-09-15,20,25086,A,26698,23365,2997,6417,4835,23963,0,328,2900,702,857,0,-433,-494,1016,1402,969,1422,-513
2026-09-15,21,23979,A,24834,22401,3046,6417,5304,23963,0,824,2964,977,983,0,-316,-350,1016,1401,996,1421,-513
2026-09-15,22,23265,A,23892,21688,3032,6417,6954,23963,0,878,2579,997,989,0,-289,-202,1016,1402,997,1422,-514
2026-09-15,23,22435,A,23017,20847,3024,6417,8304,23963,0,971,2601,908,909,0,-301,-239,1016,1401,997,1421,-513
2026-09-15,24,22065,A,22854,20473,3218,6417,9300,23963,0,877,2425,901,906,0,-301,-352,1016,1402,997,1421,-513
2026-09-15,25,21483,A,22204,19885,3205,6417,9331,23963,0,962,2152,991,986,0,-301,-369,1016,1401,997,1422,-513
2026-09-15,26,20848,A,21559,19127,3243,6417,10166,23963,0,972,2328,999,991,0,-301,-369,1016,1401,997,1422,-513
2026-09-15,27,20537,A,21313,18846,3278,6417,10948,23963,0,906,2138,999,991,0,-301,-368,1015,1399,997,1421,-513
2026-09-15,28,20341,A,21092,18707,3326,6417,10944,23963,0,932,2504,999,991,0,-301,-369,1016,1366,997,1422,-513
2026-09-15,29,19985,A,20763,18421,3302,6417,10193,23963,0,905,2806,999,991,0,-301,-369,997,950,997,1422,-513
2026-09-15,30,20070,A,20791,18557,3178,6417,9271,23963,0,949,3336,999,991,0,-301,-369,989,866,997,1417,-500
2026-09-15,31,20159,A,20926,18761,3143,6417,8164,23963,0,730,4291,954,991,0,-282,-316,406,450,997,1216,-399
2026-09-15,32,21020,A,22074,19570,3053,6417,7375,23963,0,328,4392,947,987,0,-248,-166,350,432,995,1183,-468
2026-09-15,33,21951,A,23459,20347,3016,6417,7051,23963,0,89,4415,531,818,0,-121,-27,-588,847,932,501,-361
2026-09-15,34,24011,A,25630,22381,3061,6417,5597,23963,0,14,4489,493,796,0,-150,-29,-652,931,910,397,-302
2026-09-15,35,25486,A,27753,23690,2927,6417,4329,23963,0,8,4100,140,410,0,-57,0,-726,1348,318,-827,-165
2026-09-15,36,27097,A,29604,25261,2702,6417,2889,23963,0,4,3831,109,360,0,-122,-7,-728,1400,265,-934,-220
2026-09-15,37,28354,A,31166,26396,2515,6417,1374,23963,0,2,4338,101,-476,0,-24,0,-491,1401,-298,-786,-239
2026-09-15,38,29450,A,32402,27366,2339,6417,396,23963,0,2,4106,101,-536,0,0,0,-482,1401,-331,-776,-329
2026-09-15,39,30188,A,32984,28043,2177,6417,12,23963,0,0,3801,164,-644,0,-2,0,-257,1401,-263,-796,-334
2026-09-15,40,30208,A,33125,28019,2210,6417,0,23963,0,0,3603,168,-637,0,-106,-14,-248,1401,-251,-786,-375
2026-09-15,41,29772,A,31534,27546,2131,6417,0,23963,0,2,3102,174,-86,0,-258,-114,9,1402,0,-323,-483
2026-09-15,42,28934,A,30738,26807,2103,6417,0,23963,0,3,2637,173,-50,0,-405,-55,18,1401,18,-283,-514
2026-09-15,43,27811,A,29764,25876,2090,6417,0,23963,0,10,2617,16,-73,0,-451,-150,-261,1402,78,-15,-513
2026-09-15,44,26753,A,28613,24929,2010,6417,0,23963,0,17,2543,0,-76,0,-447,-70,-271,1402,75,8,-513
2026-09-15,45,25418,A,27254,23683,1992,6417,0,23963,0,15,2474,221,-86,0,-405,-58,-107,1401,-182,322,-513
2026-09-15,46,23963,A,25684,22442,2047,6417,0,23963,0,16,2571,241,-80,0,-352,-13,-101,1401,-178,343,-513
2026-09-15,47,23228,A,24574,21841,2063,6417,0,23963,0,17,2687,384,156,0,-295,-55,89,1401,436,352,-513
2026-09-15,48,22992,A,24244,21560,2042,6417,0,23963,0,15,2678,398,175,0,-211,-42,95,1391,474,352,-514
2026-09-16,1,22422,A,23776,21108,2002,6417,0,23963,0,6,2150,565,252,0,-182,-164,45,1256,454,255,-514
2026-09-16,2,21699,A,23020,20503,1851,6417,0,23963,0,9,2637,580,266,0,-119,-197,43,1212,465,244,-514
2026-09-16,3,21340,A,22773,19992,1803,6417,0,23963,0,10,2428,624,548,0,-119,-311,41,860,871,77,-513
2026-09-16,4,21648,A,23095,20286,1834,6417,0,23963,0,10,2709,628,579,0,-118,-326,41,811,897,63,-513
2026-09-16,5,21127,A,22716,19920,1844,6417,0,23963,0,12,2667,765,964,0,-118,-470,1,738,944,0,-513
2026-09-16,6,20487,A,22154,19237,1906,6417,0,23963,0,12,2472,776,991,0,-118,-531,0,715,948,-17,-513
2026-09-16,7,19963,A,22251,18734,1913,6417,0,23963,0,12,2530,985,992,0,-118,-531,52,533,947,-638,-513
2026-09-16,8,19688,A,21952,18441,1850,6417,0,23963,0,12,2809,999,989,0,-118,-464,43,504,947,-681,-513
2026-09-16,9,19209,A,21987,17976,1781,6417,0,23963,0,12,3008,841,900,0,-118,-313,-636,418,930,-710,-513
2026-09-16,10,19044,A,21377,17820,1648,6417,0,23963,0,361,2704,827,881,0,-137,-161,-672,440,912,-729,-495
2026-09-16,11,19436,A,22474,18133,1537,6417,0,23963,0,97,2670,595,391,0,-153,-24,-752,856,387,-1309,-397
2026-09-16,12,20168,A,23358,18777,1380,6417,0,23963,0,35,2574,577,355,0,-93,-42,-755,940,348,-1350,-485
2026-09-16,13,22330,A,25656,20723,1302,6417,0,23963,0,65,2450,373,278,0,-237,-190,-606,1349,133,-1406,-452
2026-09-16,14,23544,A,27196,21834,1228,6417,4,23963,0,12,2322,360,279,0,-388,-341,-590,1400,133,-1333,-512
2026-09-16,15,25993,A,27926,23878,1165,6417,303,23963,0,18,1714,516,530,0,-451,-487,83,1400,572,21,-513
2026-09-16,16,26889,A,28868,24639,1206,6417,1357,23963,0,15,1724,536,560,0,-451,-530,141,1401,616,225,-513
2026-09-16,17,27812,A,29792,25259,1108,6417,2799,23963,0,14,837,947,861,0,-451,-530,824,1400,982,1298,-513
2026-09-16,18,27180,A,29168,24650,1000,6417,4217,23963,0,7,504,968,880,0,-451,-531,848,1401,997,1374,-513
2026-09-16,19,26234,A,28223,23705,952,6417,5644,23963,0,5,-221,904,987,0,-451,-530,896,1400,997,1422,-513
2026-09-16,20,25229,A,27219,22796,977,6417,6807,23963,0,5,-342,904,991,0,-451,-531,896,1401,997,1425,-513
2026-09-16,21,24267,A,26257,21887,946,6417,7771,23963,0,5,-351,993,991,0,-451,-531,858,1401,997,1404,-513
2026-09-16,22,23993,A,25981,21790,920,6417,8303,23963,0,6,77,999,992,0,-451,-530,856,1401,997,1403,-513
2026-09-16,23,23485,A,25412,21315,884,6417,8615,23963,0,4,-201,999,992,0,-451,-467,709,1401,997,1423,-513
2026-09-16,24,23430,A,25212,21299,847,6417,9082,23963,0,4,-192,999,991,0,-451,-322,709,1400,996,1425,-513
2026-09-16,25,23758,A,25388,21505,848,6417,8981,23963,0,4,-343,999,991,0,-450,-170,868,1400,996,1425,-514
2026-09-16,26,23824,A,25314,21591,920,6417,8687,23963,0,4,-293,999,991,0,-451,-29,870,1400,997,1425,-514
2026-09-16,27,23305,A,24710,21099,981,6417,8762,23963,0,4,-205,999,991,0,-396,0,870,1400,997,1425,-513
2026-09-16,28,23045,A,24422,20885,1129,6417,8122,23963,0,4,92,999,992,0,-368,0,870,1401,997,1425,-513
2026-09-16,29,22870,A,24098,20785,1199,6417,7175,23963,0,2,165,999,991,0,-221,0,898,1401,997,1425,-509
2026-09-16,30,23408,A,24458,21358,1268,6417,6984,23963,0,2,745,999,991,0,-71,0,899,1401,997,1425,-481
2026-09-16,31,23687,A,24655,21699,1309,6417,6857,23963,0,2,1319,999,991,0,0,0,941,1401,997,1425,-470
2026-09-16,32,24385,A,25310,22412,1444,6417,5424,23963,0,2,1815,999,990,0,0,0,940,1400,994,1399,-427
2026-09-16,33,25169,A,26022,23201,1472,6417,4728,23963,0,3,2437,971,964,0,0,0,758,1400,940,805,-356
2026-09-16,34,25861,A,26707,23674,1540,6417,3982,23963,0,14,2352,967,961,0,-37,0,726,1400,938,752,-323
2026-09-16,35,27384,A,28148,25007,1590,6417,3353,23963,0,4,2481,878,925,0,-22,-5,-70,1401,943,191,-171
2026-09-16,36,28479,A,29232,26007,1736,6417,2175,23963,0,1,2670,869,884,0,-66,-54,-102,1400,903,171,-32
2026-09-16,37,29655,A,30298,27324,1796,6417,935,23963,0,1,4033,642,-11,0,35,3,-133,1400,45,371,69
2026-09-16,38,30204,A,30871,28060,1865,6417,180,23963,0,1,4250,630,-35,0,69,0,-133,1400,26,381,120
2026-09-16,39,30719,A,31284,28673,1933,6417,2,23963,0,4,4226,509,409,0,0,0,-69,1400,383,388,120
2026-09-16,40,30803,A,31366,28771,2061,6417,0,23963,0,4,4134,502,432,0,0,0,-67,1384,396,380,120
2026-09-16,41,29686,A,30182,27652,2173,6417,0,23963,0,4,3589,446,459,0,7,0,65,1216,350,168,120
2026-09-16,42,28539,A,29032,26703,2340,6417,0,23963,0,7,4167,446,434,0,59,0,65,1158,342,162,112
2026-09-16,43,27176,A,27927,25559,2466,6417,0,23963,0,7,4308,643,-175,0,-36,0,-47,742,213,286,26
2026-09-16,44,25896,A,26641,24422,2629,6417,0,23963,0,10,4459,646,-207,0,25,0,-48,659,183,292,103
2026-09-16,45,24134,A,25250,22907,2789,6417,0,23963,0,8,4612,360,-282,0,0,0,0,241,-342,201,119
2026-09-16,46,22459,A,23657,21350,2951,6417,0,23963,0,8,4490,337,-308,0,0,0,-22,223,-376,185,35
2026-09-16,47,21115,A,24104,20242,3141,6417,0,23963,0,6,4383,19,-840,0,-73,-70,-730,473,-623,-87,-72
2026-09-16,48,20419,A,23878,19573,3318,6417,0,23963,0,4,4202,1,-860,0,-225,-156,-754,458,-631,-114,-223
2026-09-17,1,19965,A,23701,19035,3441,6417,0,23963,0,4,4053,1,-749,0,-289,-33,-749,40,-600,-448,-372
2026-09-17,2,19786,A,23544,18911,3564,6417,0,23963,0,4,4194,2,-729,0,-185,0,-749,-29,-578,-493,-499
2026-09-17,3,19477,A,23479,18695,3642,6417,0,23963,0,4,4233,220,-392,0,-235,0,-754,-285,-140,-1187,-513
2026-09-17,4,19442,A,23470,18709,3676,6417,0,23963,0,31,4513,231,-357,0,-260,0,-755,-337,-125,-1229,-496
2026-09-17,5,18188,A,22449,17537,3665,6417,0,23963,0,67,4040,451,53,0,-330,0,-755,-596,-197,-1437,-513
2026-09-17,6,17994,A,22212,17321,3600,6417,0,23963,0,170,4088,463,75,0,-330,0,-754,-637,-196,-1447,-524
2026-09-17,7,18226,A,22361,17458,3485,6417,0,23963,0,306,4403,580,131,0,-330,0,-754,-791,-105,-1447,-514
2026-09-17,8,17231,A,21434,16370,3413,6417,0,23963,0,304,3211,584,106,0,-330,0,-755,-838,-122,-1449,-513
2026-09-17,9,16800,A,22283,15899,3275,6417,0,23963,0,256,3197,363,-535,0,-304,0,-755,-1144,-541,-1447,-513
2026-09-17,10,17090,A,22577,16095,3201,6417,0,23963,0,297,3419,345,-585,0,-273,0,-754,-1133,-579,-1447,-513
2026-09-17,11,17719,A,23568,16780,3136,6417,0,23963,0,337,3646,20,-1007,0,-264,0,-754,-698,-1003,-1447,-513
2026-09-17,12,18111,A,23850,17121,3207,6417,0,23963,0,290,3750,2,-1026,0,-197,0,-754,-613,-1015,-1425,-499
2026-09-17,13,20405,A,25051,19205,3145,6417,0,23963,0,160,4172,241,-1011,0,-154,0,-754,-189,-888,-904,-406
2026-09-17,14,21987,A,26845,20584,3026,6417,1,23963,0,11,4432,249,-990,0,-300,0,-754,-105,-876,-849,-495
2026-09-17,15,24510,A,28062,22860,2930,6417,106,23963,0,9,4260,12,-528,0,-433,0,-705,312,-735,-147,-513
2026-09-17,16,25723,A,28995,23905,3020,6417,577,23963,0,10,4357,8,-468,0,-451,-16,-684,314,-633,-17,-513
2026-09-17,17,26294,A,27981,24497,3021,6417,1392,23963,0,13,3711,698,399,0,-451,-110,-20,-106,666,1268,-513
2026-09-17,18,26178,A,27839,24597,3155,6417,2235,23963,0,11,4409,747,462,0,-451,-19,0,-189,761,1368,-513
2026-09-17,19,26026,A,27865,24505,3237,6417,3291,23963,0,268,3788,988,967,0,-451,-30,64,-613,987,1335,-513
2026-09-17,20,24767,A,26261,23310,3539,6417,4606,23963,0,689,3852,1000,987,0,-436,-35,56,-699,997,1309,-513
2026-09-17,21,23398,A,25650,22058,3617,6417,5473,23963,0,628,3940,1001,905,0,-343,0,-391,-1133,997,766,-513
2026-09-17,22,22729,A,25058,21348,3643,6417,7092,23963,0,705,3717,1001,906,0,-432,0,-405,-1184,997,691,-513
2026-09-17,23,21518,A,24537,20167,3710,6417,8650,23963,0,652,4086,1001,988,0,-378,-70,-736,-1234,997,-240,-513
2026-09-17,24,20917,A,23937,19596,3776,6417,9091,23963,0,701,4180,1001,991,0,-276,-155,-729,-1239,997,-308,-514
2026-09-17,25,20934,A,23726,19641,3842,6417,9660,23963,0,646,3540,1000,991,0,-359,-32,-188,-1239,997,-607,-513
2026-09-17,26,20664,A,23347,19396,3932,6417,10244,23963,0,698,4332,1000,991,0,-321,0,-187,-1239,997,-621,-513
2026-09-17,27,19420,A,22490,18103,3967,6417,10000,23963,0,703,3763,1001,991,0,-176,0,-740,-1239,997,-618,-500
2026-09-17,28,19746,A,22856,18552,4102,6417,9448,23963,0,624,4547,1001,991,0,-131,0,-754,-1238,997,-598,-513
2026-09-17,29,19741,A,22252,18653,4140,6417,8912,23963,0,689,4573,1001,991,0,-67,0,-754,-1239,997,-149,-491
2026-09-17,30,19469,A,21956,18384,4280,6417,8438,23963,0,599,4550,1002,991,0,-46,-37,-754,-1256,998,-139,-354
2026-09-17,31,19651,A,22266,18576,4267,6417,7752,23963,0,694,4703,1001,991,0,71,0,-754,-1434,997,-419,-202
2026-09-17,32,20790,A,23379,19545,4215,6417,7009,23963,0,559,4517,1001,991,0,47,0,-755,-1409,997,-432,-52
2026-09-17,33,22240,A,24653,20966,4140,6417,5551,23963,0,281,4491,1001,991,0,0,0,-754,-969,998,-432,-39
2026-09-17,34,23981,A,26629,22578,4038,6417,4538,23963,0,28,4477,990,963,0,0,0,-754,-882,981,-400,-140
2026-09-17,35,25680,A,27511,24165,3952,6417,3226,23963,0,13,4416,415,308,0,0,20,-654,-452,623,353,-238
2026-09-17,36,26792,A,28791,25249,3922,6417,2126,23963,0,3,4239,390,258,0,-73,-39,-652,-367,563,438,-371
2026-09-17,37,27750,A,29866,26196,3801,6417,1043,23963,0,3,4158,723,-183,0,-225,0,-518,55,-359,1354,-334
2026-09-17,38,28443,A,30974,26862,3649,6417,248,23963,0,1,4203,743,-225,0,-376,-53,-515,138,-412,1407,-451
2026-09-17,39,28994,A,32292,27408,3523,6417,3,23963,0,1,4320,705,-714,0,-405,-202,-327,554,-690,1421,-461
2026-09-17,40,29722,A,33278,28007,3641,6417,0,23963,0,1,4097,692,-726,0,-449,-354,-326,630,-689,1421,-513
2026-09-17,41,29065,A,32311,27452,3583,6417,0,23963,0,1,3791,216,-470,0,-451,-497,-406,973,-410,1408,-513
2026-09-17,42,28101,A,31366,26512,3529,6417,0,23963,0,1,4130,187,-464,0,-451,-530,-407,977,-401,1379,-513
2026-09-17,43,26844,A,30345,25481,3472,6417,0,23963,0,1,4346,168,-607,0,-451,-531,-439,667,-461,758,-513
2026-09-17,44,25627,A,29157,24410,3304,6417,0,23963,0,1,4046,167,-623,0,-451,-531,-439,594,-474,716,-513
2026-09-17,45,24130,A,28100,23035,3224,6417,0,23963,0,1,4218,177,-843,0,-451,-531,-454,178,-678,437,-514
2026-09-17,46,22521,A,26522,21527,3165,6417,0,23963,0,8,4084,174,-859,0,-451,-530,-456,94,-700,420,-513
2026-09-17,47,21408,A,26360,20417,3104,6417,0,23963,0,9,4049,10,-990,0,-440,-530,-681,-327,-980,346,-513
2026-09-17,48,21182,A,26161,20170,3085,6417,0,23963,0,5,4054,12,-989,0,-380,-531,-680,-399,-992,352,-513
2026-09-18,1,20817,A,25586,19857,3042,6417,0,23963,0,4,3862,586,-830,0,-331,-530,-375,-698,-996,596,-513
2026-09-18,2,20504,A,25279,19583,3030,6417,0,23963,0,4,3683,612,-816,0,-332,-522,-371,-750,-992,619,-496
2026-09-18,3,20403,A,25088,19374,2983,6417,0,23963,0,4,3356,426,-669,0,-332,-476,-479,-968,-901,880,-364
2026-09-18,4,20431,A,24870,19437,3028,6417,0,23963,0,4,3601,411,-668,0,-331,-388,-481,-965,-898,889,-212
2026-09-18,5,20212,A,24528,19211,2973,6417,0,23963,0,4,3702,319,-807,0,-331,-396,-556,-714,-912,786,-104
2026-09-18,6,19497,A,23837,18453,2977,6417,0,23963,0,4,3641,311,-812,0,-331,-428,-557,-706,-910,788,-100
2026-09-18,7,19075,A,23484,18217,2950,6417,0,23963,0,2,3860,226,-775,0,-331,-430,-530,-892,-853,966,-100
2026-09-18,8,18917,A,23260,18027,2983,6417,0,23963,0,2,3608,219,-783,0,-331,-336,-532,-906,-857,976,-100
2026-09-18,9,18474,A,23465,17651,2936,6417,0,23963,0,2,3837,10,-1016,0,-331,-425,-752,-854,-1015,987,-100
2026-09-18,10,18327,A,23219,17516,2866,6417,0,23963,0,9,3871,1,-1027,0,-331,-360,-755,-807,-1022,969,-99
2026-09-18,11,18739,A,23196,17804,2764,6417,0,23963,0,8,3877,1,-1027,0,-331,-355,-754,-378,-1021,474,-99
2026-09-18,12,19323,A,23779,18331,2721,6417,0,23963,0,11,3862,1,-1022,0,-331,-444,-755,-294,-1021,470,-100
2026-09-18,13,21096,A,25210,19962,2618,6417,0,23963,0,7,3826,122,-904,0,-379,-516,-723,128,-999,931,-100
2026-09-18,14,23098,A,27207,21868,2501,6417,1,23963,0,9,4397,127,-879,0,-439,-436,-701,212,-990,973,-173
2026-09-18,15,25280,A,28311,23717,2375,6417,336,23963,0,9,4298,240,-420,0,-451,-522,-22,627,-801,1404,-324
2026-09-18,16,25951,A,29018,24298,2478,6417,1167,23963,0,6,4008,259,-380,0,-451,-530,5,640,-741,1424,-471
2026-09-18,17,26392,A,28382,24506,2396,6417,2104,23963,0,5,3121,785,44,0,-451,-531,344,335,240,1424,-513
2026-09-18,18,25630,A,27618,23700,2478,6417,3278,23963,0,6,2906,804,67,0,-451,-530,361,263,291,1424,-513
2026-09-18,19,25244,A,27389,23433,2519,6417,4319,23963,0,7,3106,278,154,0,-451,-531,859,-157,429,1424,-513
2026-09-18,20,23927,A,26146,22088,2775,6417,5866,23963,0,12,2977,252,175,0,-451,-526,872,-241,454,1424,-513
2026-09-18,21,22797,A,24879,21013,2882,6417,6944,23963,0,468,2860,573,570,0,-451,-420,1008,-666,872,1424,-513
2026-09-18,22,22414,A,24298,20762,3018,6417,7843,23963,0,686,3277,596,597,0,-451,-353,1009,-752,894,1424,-514
2026-09-18,23,21742,A,23798,20043,3143,6417,8288,23963,0,718,2892,842,794,0,-386,-261,960,-1187,965,1424,-440
2026-09-18,24,21485,A,23347,19837,3418,6417,8419,23963,0,663,2919,857,801,0,-351,-120,941,-1232,969,1424,-322
2026-09-18,25,21324,A,23118,19665,3550,6417,8612,23963,0,641,2820,988,750,0,-351,-33,319,-1238,991,1424,-313
2026-09-18,26,21390,A,23099,19651,3759,6417,8136,23963,0,717,2902,999,753,0,-351,-23,301,-1239,989,1423,-313
2026-09-18,27,21745,A,23444,19980,3848,6417,7690,23963,0,704,3281,999,889,0,-351,0,450,-1239,942,1390,-313
2026-09-18,28,22081,A,23704,20279,3977,6417,7049,23963,0,675,3472,999,900,0,-313,0,452,-1238,941,1388,-247
2026-09-18,29,22346,A,23905,20732,4091,6417,5785,23963,0,698,3823,999,987,0,-305,0,545,-1239,995,1388,-213
2026-09-18,30,22994,A,24428,21506,4213,6417,4427,23963,0,666,4032,999,991,0,-167,0,535,-1221,997,1361,-212
2026-09-18,31,23176,A,24253,21874,4342,6417,3296,23963,0,708,0,1000,991,0,-27,0,60,-1045,997,746,-213
2026-09-18,32,24365,A,25413,23092,4462,6417,2337,23963,0,650,4889,992,976,0,0,0,49,-985,992,729,-213
2026-09-18,33,25364,A,26382,24078,4574,6417,1833,23963,0,253,4744,681,619,0,-5,0,74,-553,886,1036,-213
2026-09-18,34,26403,A,27598,25092,4616,6417,1284,23963,0,13,4923,656,571,0,-27,0,51,-468,848,1064,-213
2026-09-18,35,27236,A,28822,25875,4646,6417,921,23963,0,4,5135,272,-144,0,0,0,-686,-47,154,1310,-213
2026-09-18,36,27912,A,29564,26384,4726,6417,614,23963,0,2,5216,252,-199,0,-29,0,-713,37,89,1301,-213
2026-09-18,37,28057,A,30849,26481,4714,6417,298,23963,0,4,4977,300,-697,0,0,0,-712,455,-674,788,-213
2026-09-18,38,27846,A,30694,26185,4694,6417,50,23963,0,5,4482,302,-721,0,0,0,-712,539,-707,769,-213
2026-09-18,39,28175,A,31037,26600,4641,6417,0,23963,0,3,4533,301,-722,0,0,0,-714,956,-716,931,-213
2026-09-18,40,27862,A,30729,26402,4798,6417,0,23963,0,3,4388,301,-722,0,-5,0,-714,958,-716,940,-213
2026-09-18,41,26876,A,29834,25421,4735,6417,0,23963,0,3,4401,303,-721,0,-97,0,-715,540,-715,942,-213
2026-09-18,42,26092,A,29036,24759,4711,6417,0,23963,0,3,4949,303,-727,0,-71,0,-715,457,-721,923,-213
2026-09-18,43,25392,A,28618,24087,4621,6417,0,23963,0,4,5062,303,-868,0,-48,0,-714,40,-862,485,-238
2026-09-18,44,23933,A,27286,22697,4625,6417,0,23963,0,7,5031,298,-881,0,-129,0,-718,-45,-874,473,-213
2026-09-18,45,22823,A,27131,21686,4578,6417,0,23963,0,6,5196,15,-1021,0,-26,0,-1016,-467,-1016,685,-268
2026-09-18,46,21623,A,26149,20485,4619,6417,0,23963,0,10,4815,0,-1027,0,0,0,-1020,-552,-1021,686,-416
2026-09-18,47,20282,A,24953,19276,4553,6417,0,23963,0,505,4212,1,-1027,0,-72,-70,-1021,-983,-1022,454,-481
2026-09-18,48,19910,A,24831,19058,4373,6417,0,23963,0,449,4077,0,-1027,0,-210,-155,-1021,-1062,-1022,454,-373
2026-09-19,1,19835,A,25166,18891,4334,6417,0,23963,0,297,4064,0,-1027,0,-189,-32,-1021,-1414,-1022,733,-423
2026-09-19,2,19343,A,24651,18445,4439,6417,0,23963,0,299,3780,0,-1027,0,-283,36,-1021,-1451,-1022,722,-303
2026-09-19,3,18571,A,23405,17756,4425,6417,0,23963,0,523,4053,1,-1027,0,-184,8,-1021,-1452,-1022,154,-151
2026-09-19,4,18598,A,23285,17874,4495,6417,0,23963,0,585,4249,1,-1027,0,-161,-70,-1021,-1452,-1022,98,-19
2026-09-19,5,17818,A,23241,17152,4469,6417,0,23963,0,587,4194,1,-1027,0,-199,-220,-1020,-1452,-1021,-571,0
2026-09-19,6,17496,A,23086,16891,4445,6417,0,23963,0,584,4290,1,-1027,0,-196,-357,-1021,-1452,-1021,-600,70
2026-09-19,7,17406,A,23285,16865,4409,6417,0,23963,0,326,4326,1,-1027,0,-290,-382,-1020,-1452,-1021,-513,120
2026-09-19,8,16994,A,22778,16480,4423,6417,0,23963,0,423,4497,1,-1027,0,-295,-382,-1021,-1452,-1022,-508,120
2026-09-19,9,16809,A,22571,16254,4431,6417,0,23963,0,425,4353,1,-1027,0,-295,-382,-1021,-1452,-1022,-488,120
2026-09-19,10,16239,A,21988,15688,4486,6417,0,23963,0,423,4180,1,-1027,0,-295,-382,-1021,-1435,-1022,-490,120
2026-09-19,11,16333,A,21988,15770,4458,6417,0,23963,0,424,4520,1,-1027,0,-295,-382,-1021,-1258,-1022,-574,120
2026-09-19,12,16596,A,22231,15844,4414,6417,0,23963,0,425,4521,1,-1027,0,-295,-382,-1021,-1239,-1023,-573,113
2026-09-19,13,17246,A,22751,16533,4385,6417,0,23963,0,420,4692,1,-1027,0,-295,-361,-1021,-1239,-1023,-459,17
2026-09-19,14,18002,A,23531,17258,4340,6417,0,23963,0,417,4552,1,-1015,0,-345,-322,-1021,-1239,-1012,-420,-72
2026-09-19,15,18790,A,23508,17997,4327,6417,93,23963,0,394,4297,83,-729,0,-447,-175,-1021,-1239,-778,321,-223
2026-09-19,16,19518,A,24221,18725,4469,6417,588,23963,0,333,4475,89,-699,0,-409,-49,-1008,-1239,-760,408,-372
2026-09-19,17,20632,A,24458,19755,4514,6417,1267,23963,0,359,4388,316,-335,0,-451,-118,-466,-1239,-577,1366,-499
2026-09-19,18,20827,A,24393,20052,4545,6417,1903,23963,0,461,4524,329,-293,0,-451,-66,-424,-1239,-541,1401,-513
2026-09-19,19,21437,A,23621,20530,4586,6417,2642,23963,0,498,4164,547,265,0,-430,0,342,-1239,84,933,-513
2026-09-19,20,21105,A,23239,20180,4702,6417,3727,23963,0,546,4054,555,292,0,-428,0,368,-1239,110,896,-513
2026-09-19,21,20674,A,22732,19768,4782,6417,3968,23963,0,463,3989,318,309,0,-299,0,243,-1238,80,575,-484
2026-09-19,22,20342,A,22174,19471,4917,6417,4652,23963,0,667,4262,307,310,0,-255,0,241,-1231,73,537,-513
2026-09-19,23,19998,A,21677,19107,4940,6417,5353,23963,0,691,4551,406,325,0,-222,0,174,-1152,-53,23,-443
2026-09-19,24,19787,A,21309,19002,4864,6417,5681,23963,0,695,4638,409,318,0,-176,0,173,-1113,-64,11,-364
2026-09-19,25,19552,A,21020,18750,4904,6417,6700,23963,0,690,3937,321,134,0,-217,0,120,-802,-176,318,-463
2026-09-19,26,19331,A,20780,18589,4892,6417,7168,23963,0,692,3714,315,133,0,-212,0,117,-780,-180,326,-469
2026-09-19,27,19144,A,20716,18493,4883,6417,7817,23963,0,578,3908,316,318,0,-192,0,-86,-871,-158,168,-343
2026-09-19,28,18955,A,20672,18294,4847,6417,7926,23963,0,565,3938,316,322,0,-223,-19,-89,-906,-158,153,-387
2026-09-19,29,18591,A,20765,18053,4795,6417,7156,23963,0,567,4466,343,228,73,-250,-121,-211,-1167,-177,-13,-302
2026-09-19,30,18757,A,21107,18230,4738,6417,6312,23963,0,331,4412,347,209,101,-156,-29,-212,-1195,-177,-16,-396
2026-09-19,31,18921,A,21456,18433,4663,6417,5876,23963,0,163,4676,432,-136,-102,-30,0,-184,-1208,-151,0,-387
2026-09-19,32,19420,A,21995,18875,4657,6417,5373,23963,0,143,4318,437,-157,-92,-130,0,-197,-1166,-151,28,-325
2026-09-19,33,20174,A,23101,19520,4550,6417,4535,23963,0,240,4502,461,-274,0,-267,0,-746,-731,-211,671,-438
2026-09-19,34,21884,A,24914,21140,4403,6417,3514,23963,0,12,4648,464,-274,0,-259,-32,-732,-645,-219,731,-381
2026-09-19,35,23773,A,26012,22802,4203,6417,2502,23963,0,8,4192,587,-137,0,-391,-174,61,-220,-337,1394,-488
2026-09-19,36,25087,A,27475,24068,3983,6417,1317,23963,0,1,4444,583,-148,0,-451,-325,51,-140,-348,1426,-477
2026-09-19,37,25878,A,29665,24734,3835,6417,513,23963,0,1,5135,227,-552,0,-451,-421,-892,242,-483,1426,-489
2026-09-19,38,25917,A,29886,24775,3764,6417,78,23963,0,1,4713,208,-566,0,-451,-525,-936,305,-479,1426,-513
2026-09-19,39,26272,A,29840,25130,3697,6417,0,23963,0,1,4428,467,-453,0,-451,-530,-828,553,-294,1426,-513
2026-09-19,40,26377,A,29906,25180,3618,6417,0,23963,0,1,4441,483,-442,0,-451,-531,-800,619,-292,1426,-514
2026-09-19,41,26473,A,29285,25276,3568,6417,0,23963,0,1,4116,573,-339,374,-451,-530,-42,1037,-437,1426,-514
2026-09-19,42,25525,A,28367,24334,3523,6417,0,23963,0,1,3818,570,-352,378,-451,-531,-41,1039,-455,1426,-513
2026-09-19,43,24366,A,28640,23213,3463,6417,0,23963,0,1,4240,230,-770,0,-451,-530,-805,621,-705,1426,-514
2026-09-19,44,23810,A,28168,22754,3465,6417,0,23963,0,1,4471,204,-800,0,-451,-531,-835,537,-729,1426,-513
2026-09-19,45,22489,A,27629,21587,3438,6417,0,23963,0,1,4571,14,-1016,-101,-451,-530,-1019,121,-1011,1426,-513
2026-09-19,46,21555,A,26710,20649,3449,6417,0,23963,0,10,4591,1,-1027,-103,-451,-531,-1016,53,-1023,1418,-514
2026-09-19,47,20514,A,26049,19774,3447,6417,0,23963,0,9,4766,1,-1014,-625,-428,-530,-713,-207,-1014,1235,-513
2026-09-19,48,19735,A,25260,19081,3446,6417,0,23963,0,14,4912,1,-1010,-686,-361,-531,-710,-214,-1014,1217,-513
2026-09-20,1,19606,A,25287,18917,3438,6417,0,23963,0,11,4752,1,-925,-890,-361,-530,-926,-23,-1024,1002,-513
2026-09-20,2,19262,A,24939,18607,3456,6417,0,23963,0,9,4730,1,-925,-893,-353,-530,-929,-19,-1024,990,-513
2026-09-20,3,18910,A,25003,18343,3385,6417,0,23963,0,9,4734,1,-1023,-1012,-311,-530,-1020,-169,-1024,957,-513
2026-09-20,4,18827,A,24944,18282,3314,6417,0,23963,0,9,4628,1,-1027,-1013,-311,-531,-1020,-187,-1024,943,-513
2026-09-20,5,18576,A,24190,18011,3257,6417,0,23963,0,504,4713,1,-1027,-1012,-311,-530,-991,-209,-1024,664,-514
2026-09-20,6,17754,A,23317,17213,3217,6417,0,23963,0,576,4427,1,-1027,-1014,-311,-530,-991,-229,-1024,637,-513
2026-09-20,7,17508,A,23279,17029,3202,6417,0,23963,0,576,4726,1,-1027,-1014,-311,-530,-1012,-416,-1024,343,-513
2026-09-20,8,17274,A,23087,16798,3242,6417,0,23963,0,573,4733,1,-1027,-1014,-311,-531,-1012,-455,-1023,322,-513
2026-09-20,9,17031,A,23051,16548,3259,6417,0,23963,0,573,4900,1,-1027,-1014,-311,-531,-1013,-659,-1024,168,-514
2026-09-20,10,16737,A,22805,16281,3221,6417,0,23963,0,571,4930,1,-1027,-1014,-311,-530,-1013,-708,-1023,159,-513
2026-09-20,11,16459,A,22925,15998,3179,6417,0,23963,0,465,4849,1,-1027,-1013,-311,-531,-1021,-991,-1024,122,-513
2026-09-20,12,16072,A,22446,15609,3255,6417,0,23963,0,574,4816,1,-1026,-1012,-311,-530,-1021,-1012,-1023,143,-513
2026-09-20,13,16908,A,23163,16339,3223,6417,0,23963,0,571,4906,1,-1008,-1013,-311,-530,-1021,-924,-1006,689,-513
2026-09-20,14,17354,A,23464,16711,3150,6417,0,23963,0,679,4762,1,-1008,-1013,-322,-531,-1021,-875,-1006,736,-513
2026-09-20,15,18273,A,24019,17576,3039,6417,120,23963,0,689,4795,1,-1026,-986,-371,-531,-1020,-464,-1023,1224,-514
2026-09-20,16,18824,A,24504,18126,2875,6417,740,23963,0,681,4967,2,-1011,-985,-392,-530,-1020,-415,-994,1247,-514
2026-09-20,17,19605,A,24226,18692,2857,6417,1773,23963,0,681,4554,139,-651,-926,-451,-531,-1018,-338,-374,1260,-513
2026-09-20,18,19558,A,24076,18604,3024,6417,3254,23963,0,683,4411,146,-609,-881,-451,-531,-1005,-372,-339,1259,-513
2026-09-20,19,19070,A,21970,18257,3068,6417,4890,23963,0,685,4315,256,-39,-140,-451,-530,-475,-801,-136,1198,-513
2026-09-20,20,18308,A,21170,17527,3181,6417,6212,23963,0,686,4379,260,-17,-124,-451,-531,-463,-820,-129,1165,-513
2026-09-20,21,17504,A,20317,16678,3224,6417,7568,23963,0,681,4158,193,-135,116,-451,-530,-617,-573,-174,470,-514
2026-09-20,22,16623,A,19414,15852,3300,6417,9101,23963,0,681,4044,187,-140,116,-451,-531,-618,-542,-176,418,-514
2026-09-20,23,16041,A,19009,15261,3272,6417,10352,23963,0,424,3992,106,-116,0,-451,-531,-643,-484,-154,16,-513
2026-09-20,24,15465,A,18161,14691,3169,6417,11486,23963,0,677,3946,99,-111,0,-451,-531,-638,-476,-153,0,-513
2026-09-20,25,15576,A,17831,14768,3112,6417,12533,23963,0,667,4160,6,-2,100,-451,-530,-334,-456,-135,0,-514
2026-09-20,26,15138,A,17358,14369,3357,6417,12868,23963,0,665,4016,1,3,102,-451,-531,-329,-425,-136,0,-513
2026-09-20,27,14624,A,16562,13951,3301,6417,13128,23963,0,672,3922,93,0,129,-451,-530,-296,-139,-181,0,-513
2026-09-20,28,14252,A,16116,13625,3173,6417,13087,23963,0,671,4106,97,0,129,-451,-531,-296,-68,-176,2,-513
2026-09-20,29,14180,A,15836,13496,3102,6417,12461,23963,0,665,3950,80,-19,122,-451,-531,-295,351,-12,122,-513
2026-09-20,30,14333,A,16152,13529,3080,6417,12052,23963,0,471,3429,82,-4,121,-451,-530,-292,434,14,134,-513
2026-09-20,31,15432,A,16850,14588,2983,6417,10472,23963,0,625,3102,315,372,104,-451,-530,-49,851,405,279,-513
2026-09-20,32,16706,A,18336,15766,2947,6417,8978,23963,0,380,3230,326,398,105,-451,-530,-16,934,435,336,-513
2026-09-20,33,18936,A,20558,17745,2796,6417,7452,23963,0,373,2638,338,568,347,-451,-531,783,1351,733,1269,-513
2026-09-20,34,21332,A,23314,19990,2475,6417,5913,23963,0,12,2756,348,592,363,-451,-530,816,1395,755,1326,-513
2026-09-20,35,24210,A,26184,22574,2227,6417,4225,23963,0,12,2316,813,974,864,-451,-531,985,1399,975,1419,-504
2026-09-20,36,26433,A,28421,24539,1984,6417,2450,23963,0,7,2356,842,990,878,-451,-531,934,1400,984,1424,-513
2026-09-20,37,27393,A,29465,25510,1794,6417,1099,23963,0,11,2574,969,945,945,-451,-530,-89,1400,946,1423,-513
2026-09-20,38,28200,A,30323,26229,1665,6417,194,23963,0,12,2553,979,945,936,-451,-531,-139,1400,947,1424,-514
2026-09-20,39,28938,A,30920,26942,1520,6417,0,23963,0,12,3060,1000,989,481,-451,-530,140,1400,995,1425,-513
2026-09-20,40,28330,A,30311,26275,1598,6417,0,23963,0,13,2704,1001,991,475,-451,-530,146,1401,997,1425,-513
2026-09-20,41,27491,A,29478,25437,1464,6417,0,23963,0,9,2744,1001,983,840,-451,-531,298,1401,997,1425,-514
2026-09-20,42,26660,A,28646,24618,1417,6417,0,23963,0,8,2382,1000,981,849,-451,-530,299,1400,995,1425,-513
2026-09-20,43,25706,A,27668,23575,1243,6417,0,23963,0,7,1810,980,945,994,-451,-504,266,1401,947,1425,-514
2026-09-20,44,24702,A,26547,22617,1103,6417,0,23963,0,6,1559,979,943,995,-450,-387,265,1401,945,1426,-514
2026-09-20,45,24116,A,25995,22183,1002,6417,0,23963,0,5,1653,996,943,950,-451,-420,235,1402,945,1429,-513
2026-09-20,46,23114,A,24867,21255,949,6417,0,23963,0,4,1254,996,944,950,-451,-292,176,1401,947,1429,-514
2026-09-20,47,21967,A,24608,20218,860,6417,0,23963,0,10,1175,1002,971,995,-425,-292,-921,1402,995,1429,-513
2026-09-20,48,21916,A,24582,20146,743,6417,0,23963,0,9,791,1002,971,996,-335,-345,-982,1402,995,1430,-513
2026-09-21,1,21989,A,24382,20162,681,6417,0,23963,0,9,477,945,935,961,-255,-330,-804,1401,942,1425,-513
2026-09-21,2,21679,A,24072,19898,681,6417,0,23963,0,9,272,943,935,959,-180,-427,-781,1402,941,1422,-514
2026-09-21,3,21365,A,23126,19663,625,6417,0,23963,0,9,134,998,989,960,-119,-528,-110,1402,995,1422,-513
2026-09-21,4,21214,A,22900,19582,567,6417,0,23963,0,9,427,1001,991,958,-119,-488,-75,1401,998,1422,-513
2026-09-21,5,21132,A,22710,19501,550,6417,0,23963,0,9,374,1000,991,916,-119,-442,479,1401,996,1422,-526
2026-09-21,6,20482,A,22087,18877,517,6417,0,23963,0,10,12,1000,991,916,-119,-483,494,1401,997,1422,-513
2026-09-21,7,19461,A,20903,17900,522,6417,0,23963,0,117,-350,1000,991,946,-119,-426,555,1401,997,1422,-514
2026-09-21,8,19768,A,21190,18225,503,6417,0,23963,0,127,-344,1000,991,935,-119,-417,536,1401,997,1422,-513
2026-09-21,9,20041,A,21689,18481,523,6417,0,23963,0,22,345,1001,991,415,-119,-430,-108,1401,998,1422,-513
2026-09-21,10,19942,A,21684,18384,583,6417,0,23963,0,31,430,993,963,387,-119,-490,-151,1401,977,1422,-513
2026-09-21,11,19806,A,21992,18293,612,6417,0,23963,0,209,1060,554,317,102,-146,-352,-860,1401,531,1422,-537
2026-09-21,12,20935,A,22985,19331,627,6417,0,23963,0,221,1213,524,293,102,-226,-201,-852,1402,508,1422,-492
2026-09-21,13,22878,A,23953,21223,674,6417,0,23963,0,137,1805,345,456,206,-246,-60,-32,1401,402,1422,-374
2026-09-21,14,24121,A,25369,22295,752,6417,0,23963,0,138,2421,339,475,211,-298,-132,0,1400,417,1422,-456
2026-09-21,15,26191,A,27911,24143,810,6417,218,23963,0,9,2598,722,713,442,-432,-284,0,1400,821,1422,-513
2026-09-21,16,27135,A,29024,24963,834,6417,902,23963,0,9,2873,745,735,458,-451,-434,0,1399,845,1422,-513
2026-09-21,17,27951,A,29899,25622,848,6417,1856,23963,0,11,2897,988,979,981,-451,-495,0,1399,991,1422,-513
2026-09-21,18,27168,A,29103,24754,834,6417,2941,23963,0,10,2130,1001,991,996,-451,-480,0,1399,998,1422,-514
2026-09-21,19,26568,A,28552,24108,820,6417,4319,23963,0,10,1880,1001,991,996,-451,-530,0,1399,998,1422,-513
2026-09-21,20,25546,A,27512,22995,782,6417,5857,23963,0,8,1409,1001,991,996,-451,-509,0,1399,998,1422,-514
2026-09-21,21,24120,A,26106,21603,785,6417,7129,23963,0,10,903,1001,991,996,-451,-531,0,1399,998,1423,-514
2026-09-21,22,23172,A,25139,20689,842,6417,8926,23963,0,10,490,1001,990,996,-451,-513,0,1399,998,1422,-513
2026-09-21,23,22834,A,24670,20428,848,6417,9566,23963,0,10,485,1001,991,996,-451,-382,0,1399,998,1422,-513
2026-09-21,24,22399,A,24076,20076,899,6417,9858,23963,0,8,565,1001,991,995,-451,-237,0,1399,998,1422,-497
2026-09-21,25,22287,A,23979,19927,913,6417,10391,23963,0,7,486,1001,991,997,-451,-257,0,1399,998,1423,-491
2026-09-21,26,21869,A,23468,19547,881,6417,10616,23963,0,7,571,1001,991,996,-451,-208,0,1399,998,1422,-447
2026-09-21,27,21420,A,23137,19122,892,6417,10567,23963,0,7,564,1001,991,995,-451,-322,0,1399,998,1422,-451
2026-09-21,28,21162,A,22762,18891,923,6417,10708,23963,0,7,538,1001,991,996,-451,-285,0,1399,998,1422,-371
2026-09-21,29,21714,A,23252,19436,897,6417,10409,23963,0,11,1046,1001,991,996,-451,-221,0,1399,999,1422,-377
2026-09-21,30,21536,A,23090,19267,824,6417,9502,23963,0,17,871,1001,991,996,-451,-173,0,1399,998,1422,-447
2026-09-21,31,22628,A,24186,20325,803,6417,8703,23963,0,17,1004,1001,991,997,-451,-111,0,1399,998,1422,-513
2026-09-21,32,23684,A,25323,21334,744,6417,7466,23963,0,17,717,1001,991,996,-451,-192,0,1400,998,1422,-513
2026-09-21,33,24899,A,26643,22475,715,6417,6431,23963,0,17,918,1001,991,996,-414,-334,0,1399,997,1422,-513
2026-09-21,34,26608,A,28442,24084,657,6417,5008,23963,0,112,875,994,989,996,-451,-482,0,1400,996,1422,-513
2026-09-21,35,27994,A,29975,25355,623,6417,3394,23963,0,14,1024,679,931,980,-451,-531,0,1400,955,1422,-513
2026-09-21,36,29754,A,31737,27089,600,6417,1840,23963,0,11,1473,654,925,967,-451,-530,0,1400,942,1411,-513
2026-09-21,37,30757,A,32749,28077,590,6417,795,23963,0,3,2088,348,860,399,-451,-531,0,1400,690,1139,-513
2026-09-21,38,31067,A,33052,28340,598,6417,106,23963,0,10,2132,333,847,382,-451,-531,0,1400,687,1129,-513
2026-09-21,39,31812,A,33792,29166,622,6417,0,23963,0,10,2253,572,631,386,-451,-526,0,1401,869,1208,-513
2026-09-21,40,32254,A,34241,29597,735,6417,0,23963,0,8,2359,592,627,393,-451,-530,0,1401,880,1217,-514
2026-09-21,41,31108,A,33095,28554,715,6417,0,23963,0,9,1704,921,788,820,-451,-531,0,1401,936,1355,-514
2026-09-21,42,30128,A,32114,27673,685,6417,0,23963,0,9,1615,937,795,825,-451,-531,0,1401,941,1355,-513
2026-09-21,43,28556,A,30543,26233,672,6417,0,23963,0,8,1754,772,780,462,-451,-530,0,1401,967,1167,-514
2026-09-21,44,27252,A,29152,24937,720,6417,0,23963,0,8,1162,760,758,453,-378,-516,0,1401,945,1147,-514
2026-09-21,45,25667,A,27358,23445,749,6417,0,23963,0,11,1562,558,280,229,-301,-388,0,1402,438,904,-513
2026-09-21,46,24506,A,26049,22409,797,6417,0,23963,0,8,1730,545,250,224,-301,-237,0,1401,405,865,-513
2026-09-21,47,23325,A,24657,21355,820,6417,0,23963,0,8,1794,290,93,102,-301,-85,0,1401,153,243,-454
2026-09-21,48,22636,A,23857,20725,833,6417,0,23963,0,8,1929,278,86,102,-227,0,0,1402,144,213,-502
2026-09-22,1,22753,A,23757,20847,821,6417,0,23963,0,197,1848,352,78,102,-187,0,0,1402,197,216,-514
2026-09-22,2,22670,A,23516,20775,708,6417,0,23963,0,283,1981,356,80,102,-116,0,0,1402,202,216,-513
2026-09-22,3,22105,A,22937,20306,728,6417,0,23963,0,284,2077,354,151,132,-103,0,0,1402,297,219,-513
2026-09-22,4,22435,A,23231,20672,741,6417,0,23963,0,281,2061,355,166,133,-63,0,0,1402,300,224,-514
2026-09-22,5,21870,A,22769,20201,782,6417,0,23963,0,281,1663,569,414,172,-167,0,0,1402,284,334,-513
2026-09-22,6,20764,A,21642,19154,799,6417,0,23963,0,283,1486,575,413,168,-148,0,0,1402,279,324,-513
2026-09-22,7,20493,A,21522,18923,805,6417,0,23963,0,176,1921,328,118,0,-152,0,0,1402,183,-40,-513
2026-09-22,8,20568,A,21617,18966,805,6417,0,23963,0,165,2121,314,104,0,-74,0,0,1402,178,-127,-513
2026-09-22,9,20283,A,23140,18715,806,6417,0,23963,0,169,2823,255,103,-829,0,0,0,1402,141,-1206,-491
2026-09-22,10,19610,A,22183,18140,824,6417,0,23963,0,649,2843,250,84,-1004,0,0,0,1401,114,-1286,-432
2026-09-22,11,19703,A,23243,18315,851,6417,0,23963,0,606,2921,14,-364,-1013,-14,0,0,1401,-476,-1438,-341
2026-09-22,12,20811,A,24799,19387,874,6417,0,23963,0,231,2743,5,-368,-1020,-108,0,0,1401,-482,-1446,-295
2026-09-22,13,23018,A,25939,21443,902,6417,0,23963,0,172,3070,319,28,-931,-28,0,0,1400,-9,-1446,-179
2026-09-22,14,24832,A,27959,23073,907,6417,0,23963,0,171,3122,341,61,-928,-132,-13,0,1400,48,-1436,-289
2026-09-22,15,26845,A,29992,24880,885,6417,117,23963,0,172,2809,558,394,-763,-284,-125,0,1400,807,-1206,-441
2026-09-22,16,27750,A,30808,25681,927,6417,774,23963,0,172,2838,571,430,-670,-358,-115,0,1400,847,-1073,-514
2026-09-22,17,28483,A,30026,26268,880,6417,1805,23963,0,171,1924,817,917,259,-448,-252,0,1401,987,322,-514
2026-09-22,18,27934,A,29582,25684,803,6417,2873,23963,0,169,1980,834,942,279,-451,-353,0,1400,993,471,-513
2026-09-22,19,27603,A,29344,25333,774,6417,4009,23963,0,167,1838,991,989,685,-451,-443,0,1401,998,1021,-514
2026-09-22,20,26713,A,28419,24440,804,6417,5239,23963,0,167,1737,1001,991,698,-451,-408,0,1401,998,1063,-514
2026-09-22,21,25856,A,27600,23644,793,6417,6433,23963,0,167,1706,1001,991,982,-451,-447,0,1400,998,1409,-513
2026-09-22,22,24901,A,26587,22659,815,6417,7620,23963,0,168,1817,1001,991,987,-451,-389,0,1401,998,1426,-514
2026-09-22,23,24097,A,25777,21783,797,6417,8902,23963,0,167,1672,1001,991,996,-451,-383,0,1401,997,1426,-513
2026-09-22,24,23287,A,24973,21096,856,6417,9951,23963,0,168,1626,1001,991,996,-451,-376,0,1401,997,1426,-527
2026-09-22,25,23119,A,24815,20899,826,6417,10576,23963,0,141,1613,1001,991,996,-451,-373,0,1401,998,1426,-513
2026-09-22,26,22831,A,24676,20665,745,6417,10141,23963,0,7,1752,1001,991,996,-451,-387,0,1401,999,1429,-514
2026-09-22,27,22575,A,24402,20365,719,6417,9774,23963,0,7,958,1001,991,996,-451,-370,0,1401,998,1426,-513
2026-09-22,28,22418,A,24118,20247,740,6417,9438,23963,0,7,557,1001,991,989,-451,-242,0,1402,998,1423,-514
2026-09-22,29,22868,A,24620,20711,707,6417,8739,23963,0,7,609,1001,991,544,-451,-295,0,1402,998,1381,-513
2026-09-22,30,23222,A,24942,21073,725,6417,7961,23963,0,18,693,1001,991,541,-451,-274,0,1402,998,1360,-513
2026-09-22,31,23852,A,25686,21654,691,6417,7117,23963,0,18,527,1001,991,985,-451,-388,0,1402,997,936,-513
2026-09-22,32,25267,A,27130,23019,638,6417,5888,23963,0,16,514,1001,991,989,-428,-438,0,1402,998,896,-513
2026-09-22,33,26196,A,27780,23865,571,6417,4721,23963,0,16,236,1001,991,577,-324,-291,0,1402,998,431,-485
2026-09-22,34,27537,A,29066,25013,472,6417,3545,23963,0,14,48,1001,991,533,-390,-140,0,1402,998,380,-513
2026-09-22,35,29042,A,30624,26473,426,6417,2469,23963,0,1,572,1001,992,102,-281,-13,0,1402,998,-276,-513
2026-09-22,36,30615,A,32151,27972,414,6417,1370,23963,0,0,903,1001,991,101,-230,0,0,1402,998,-293,-513
2026-09-22,37,30977,A,32686,28408,404,6417,498,23963,0,0,1088,1001,983,-624,-85,0,0,1402,998,49,-500
2026-09-22,38,31278,A,32951,28825,422,6417,73,23963,0,0,1224,999,978,-711,-50,0,0,1402,995,67,-412
2026-09-22,39,31856,A,33844,29324,445,6417,0,23963,0,0,1411,860,856,-705,-199,-82,0,1402,927,114,-502
2026-09-22,40,31759,A,33770,29189,536,6417,0,23963,0,0,1304,852,849,-629,-300,-108,0,1402,920,126,-474
2026-09-22,41,31003,A,32696,28406,557,6417,0,23963,0,0,823,854,822,444,-431,-249,0,1402,840,334,-513
2026-09-22,42,29961,A,31741,27429,568,6417,0,23963,0,7,538,854,820,483,-451,-322,0,1402,831,346,-514
2026-09-22,43,28145,A,29861,25752,557,6417,0,23963,0,9,32,804,814,324,-451,-261,0,1402,721,407,-513
2026-09-22,44,27325,A,28891,25038,525,6417,0,23963,0,9,34,797,809,305,-451,-110,0,1402,709,398,-514
2026-09-22,45,25737,A,27227,23592,522,6417,0,23963,0,7,-49,619,686,0,-451,-33,0,1402,553,120,-513
2026-09-22,46,24463,A,25918,22434,560,6417,0,23963,0,7,-73,607,670,0,-449,0,0,1402,539,123,-513
2026-09-22,47,22902,A,24428,20992,554,6417,0,23963,0,6,70,618,453,388,-450,-68,0,1402,375,517,-514
2026-09-22,48,22143,A,23801,20345,512,6417,0,23963,0,4,175,616,443,417,-451,-198,0,1402,364,528,-513
2026-09-23,1,22039,A,23604,20224,529,6417,0,23963,0,4,173,386,459,254,-451,-105,0,1402,282,334,-513
2026-09-23,2,22149,A,23590,20310,499,6417,0,23963,0,4,20,377,449,242,-430,-2,0,1402,279,304,-513
2026-09-23,3,21728,A,23532,19953,549,6417,0,23963,0,4,-9,523,198,-158,-451,0,0,1402,306,-186,-513
2026-09-23,4,21703,A,23505,19946,582,6417,0,23963,0,4,28,533,199,-164,-389,-11,0,1402,308,-229,-513
2026-09-23,5,21488,A,24023,19680,651,6417,0,23963,0,4,68,622,479,-380,-361,-90,0,1402,324,-694,-514
2026-09-23,6,21119,A,23612,19302,650,6417,0,23963,0,4,-201,626,481,-384,-361,-6,0,1402,324,-733,-513
2026-09-23,7,19781,A,22804,18063,708,6417,0,23963,0,5,-72,396,217,-522,-361,0,0,1402,287,-1131,-514
2026-09-23,8,19858,A,22877,18223,741,6417,0,23963,0,7,243,381,192,-528,-323,0,0,1402,258,-1162,-513
2026-09-23,9,19540,A,23450,17894,858,6417,0,23963,0,9,351,133,-81,-822,-214,0,0,1402,-354,-1434,-514
2026-09-23,10,19920,A,23813,18333,875,6417,0,23963,0,7,963,124,-117,-828,-108,0,0,1402,-403,-1446,-498
2026-09-23,11,20260,A,25193,18702,1044,6417,0,23963,0,7,2366,294,-679,-1011,-3,0,0,1402,-896,-1448,-403
2026-09-23,12,20607,A,25661,19132,1115,6417,0,23963,0,7,2939,304,-701,-1009,-17,0,0,1402,-909,-1436,-489
2026-09-23,13,22374,A,26624,20765,1240,6417,0,23963,0,8,2627,305,-607,-714,-149,0,0,1402,-723,-1155,-410
2026-09-23,14,23340,A,27751,21572,1332,6417,0,23963,0,8,2068,306,-578,-708,-300,-80,0,1402,-714,-1132,-407
2026-09-23,15,25411,A,29331,23499,1347,6417,105,23963,0,7,2775,305,-26,-638,-432,-231,0,1402,-677,-913,-510
2026-09-23,16,26946,A,30854,24912,1387,6417,480,23963,0,11,3091,316,22,-630,-451,-377,0,1397,-594,-853,-514
2026-09-23,17,28302,A,30360,25973,1407,6417,1295,23963,0,126,2504,895,546,-209,-451,-510,0,1353,628,71,-514
2026-09-23,18,27089,A,29258,24909,1397,6417,2429,23963,0,18,2290,929,588,-193,-451,-530,0,1320,716,200,-513
2026-09-23,19,26832,A,28655,24511,1371,6417,3729,23963,0,127,2108,997,973,825,-438,-499,0,1033,986,1349,-513
2026-09-23,20,25857,A,27571,23593,1380,6417,5324,23963,0,17,2252,1001,991,997,-361,-357,0,1036,997,1426,-513
2026-09-23,21,25132,A,26780,23008,1399,6417,6105,23963,0,16,2527,1001,991,996,-444,-207,0,1367,997,1406,-513
2026-09-23,22,23952,A,24963,22046,1507,6417,7136,23963,0,494,2446,1000,991,997,-435,-57,0,1402,997,1403,-513
2026-09-23,23,23508,A,24319,21664,1600,6417,7520,23963,0,721,2471,1001,991,1046,-449,-70,0,1401,997,1370,-513
2026-09-23,24,23343,A,24236,21580,1624,6417,8086,23963,0,741,2396,1001,991,1046,-451,-170,0,1401,997,1367,-513
2026-09-23,25,23566,A,24555,21790,1715,6417,8516,23963,0,742,2625,1001,991,1046,-451,-267,0,1401,997,1344,-513
2026-09-23,26,23441,A,24501,21651,2017,6417,8344,23963,0,745,2414,1000,991,1045,-451,-341,0,1401,997,1345,-513
2026-09-23,27,23156,A,24142,21467,2060,6417,8998,23963,0,738,2503,1001,991,1045,-451,-260,0,1401,997,1419,-513
2026-09-23,28,22733,A,23909,21112,2050,6417,8725,23963,0,676,2541,1001,991,1046,-451,-388,0,1395,997,1423,-513
2026-09-23,29,22090,A,23663,20490,2089,6417,9045,23963,0,407,2426,1001,991,1045,-451,-516,0,1334,997,1423,-513
2026-09-23,30,21855,A,23461,20050,2129,6417,8871,23963,0,389,1907,1001,991,1045,-451,-531,0,1325,997,1423,-513
2026-09-23,31,21763,A,23026,19884,2145,6417,9000,23963,0,680,1796,1001,992,1045,-451,-479,0,1294,997,1423,-513
2026-09-23,32,22632,A,23847,20674,2031,6417,8077,23963,0,585,1778,1001,992,872,-433,-354,0,1259,996,1204,-513
2026-09-23,33,23404,A,25962,21425,1931,6417,6971,23963,0,294,2439,1001,992,-526,-340,-377,0,934,973,-638,-471
2026-09-23,34,25423,A,28625,23305,1603,6417,5390,23963,0,232,1888,989,944,-582,-432,-510,0,941,916,-898,-512
2026-09-23,35,26725,A,30091,24397,1415,6417,3950,23963,0,164,2128,387,-41,0,-451,-531,0,1358,-121,-1373,-513
2026-09-23,36,28486,A,32160,26118,1135,6417,2252,23963,0,4,2013,351,-118,0,-451,-530,0,1400,-182,-1384,-513
2026-09-23,37,29644,A,33748,27234,1018,6417,906,23963,0,2,1954,331,-690,409,-451,-531,0,1401,-328,-1093,-513
2026-09-23,38,30364,A,34423,27711,948,6417,103,23963,0,2,1648,325,-730,443,-451,-531,0,1401,-335,-1000,-514
2026-09-23,39,31483,A,34830,28903,880,6417,0,23963,0,2,2093,18,-1014,417,-451,-530,0,1400,-341,216,-513
2026-09-23,40,31805,A,35155,29179,846,6417,0,23963,0,1,2060,0,-1007,422,-451,-531,0,1400,-348,336,-514
2026-09-23,41,31323,A,34371,28772,796,6417,0,23963,0,8,1539,0,-542,781,-451,-531,0,1401,-518,1213,-514
2026-09-23,42,30307,A,33322,27812,791,6417,0,23963,0,10,974,0,-514,790,-451,-530,0,1401,-516,1261,-514
2026-09-23,43,29276,A,31924,26889,733,6417,0,23963,0,6,626,0,-380,1015,-451,-530,0,1401,-280,1418,-513
2026-09-23,44,27873,A,30521,25481,654,6417,0,23963,0,7,477,0,-383,1018,-451,-531,0,1401,-276,1426,-514
2026-09-23,45,26023,A,28933,23758,591,6417,0,23963,0,10,478,49,-614,940,-451,-509,0,1401,-392,1426,-454
2026-09-23,46,24986,A,27564,22910,558,6417,0,23963,0,9,546,58,-557,941,-426,-375,0,1401,-371,1416,-358
2026-09-23,47,24404,A,26033,22332,500,6417,0,23963,0,8,461,328,586,993,-425,-330,0,1401,223,1186,-382
2026-09-23,48,23293,A,24780,21282,445,6417,0,23963,0,9,544,344,663,996,-298,-210,0,1401,250,1184,-488
2026-09-24,1,22865,A,23982,20899,403,6417,0,23963,0,9,603,444,790,1029,-147,-57,0,1401,287,1412,-422
2026-09-24,2,22723,A,23796,20754,365,6417,0,23963,0,8,366,450,802,1028,-86,0,0,1401,312,1423,-495
2026-09-24,3,22840,A,23788,20865,350,6417,0,23963,0,8,188,569,955,1016,-81,0,0,1402,810,1423,-375
2026-09-24,4,22275,A,22999,20406,360,6417,0,23963,0,7,116,582,963,1016,-1,0,0,1401,834,1422,-230
2026-09-24,5,22076,A,22839,20249,352,6417,0,23963,0,5,138,895,963,995,67,0,0,1402,880,1402,-268
2026-09-24,6,21409,A,22138,19532,341,6417,0,23963,0,4,86,913,949,995,99,0,0,1401,881,1400,-233
2026-09-24,7,21143,A,21751,19431,347,6417,0,23963,0,4,170,702,633,998,99,0,0,1402,854,1384,-112
2026-09-24,8,20836,A,21416,19165,377,6417,0,23963,0,4,81,683,610,998,66,0,0,1402,830,1379,-84
2026-09-24,9,20661,A,21158,18935,411,6417,0,23963,0,4,214,330,432,946,0,0,0,1402,329,1281,-1
2026-09-24,10,20501,A,20995,18757,444,6417,0,23963,0,6,170,302,404,943,0,0,0,1401,280,1274,70
2026-09-24,11,20568,A,21450,18840,498,6417,0,23963,0,11,1121,130,-45,776,70,0,0,1401,-348,1246,120
2026-09-24,12,20927,A,21862,19251,585,6417,0,23963,0,14,1630,120,-71,774,100,0,0,1401,-378,1240,120
2026-09-24,13,22619,A,23744,20883,678,6417,0,23963,0,13,2846,185,-198,642,120,0,0,1400,-440,1215,113
2026-09-24,14,24786,A,25880,22878,780,6417,0,23963,0,11,3480,195,-187,641,70,0,0,1399,-418,1214,19
2026-09-24,15,26816,A,27425,24652,864,6417,83,23963,0,12,3419,615,229,682,-49,0,0,1399,117,1228,-72
2026-09-24,16,27607,A,28462,25262,881,6417,684,23963,0,10,3313,646,277,687,-142,0,0,1399,174,1237,-223
2026-09-24,17,28324,A,29199,25980,917,6417,1686,23963,0,11,2897,963,921,1040,-26,0,0,1399,935,1417,-360
2026-09-24,18,27781,A,28507,25501,938,6417,3067,23963,0,165,2911,983,947,1047,-22,-15,0,1399,967,1426,-354
2026-09-24,19,26716,A,27777,24390,939,6417,4338,23963,0,166,2992,924,845,1018,-139,-109,0,1399,931,1426,-479
2026-09-24,20,25504,A,26419,23287,1001,6417,6044,23963,0,167,3306,921,846,1018,-56,-18,0,1399,931,1426,-508
2026-09-24,21,24184,A,24917,22048,1078,6417,7485,23963,0,167,3622,921,981,1041,0,0,0,1399,994,1426,-400
2026-09-24,22,23004,A,23662,20880,1208,6417,8835,23963,0,167,3656,921,988,1042,0,0,0,1399,997,1426,-325
2026-09-24,23,22232,A,23122,20159,1343,6417,9901,23963,0,169,3500,988,991,1045,-72,-27,0,1399,998,1426,-460
2026-09-24,24,21771,A,22759,19696,1650,6417,10265,23963,0,191,3645,1001,991,1045,-166,0,0,1362,997,1426,-513
2026-09-24,25,21444,A,22423,19368,1751,6417,10877,23963,0,227,3786,1001,991,1044,-193,0,0,983,998,1426,-513
2026-09-24,26,20724,A,21313,18574,1877,6417,10828,23963,0,560,3860,1001,991,1045,-136,0,0,924,997,1426,-513
2026-09-24,27,20948,A,21244,18941,1941,6417,10430,23963,0,741,3862,1001,991,1036,-88,0,0,714,998,1426,-449
2026-09-24,28,20140,A,20275,18200,2133,6417,10581,23963,0,868,3683,999,991,1044,-90,0,0,661,998,1426,-413
2026-09-24,29,20593,A,20853,18800,2150,6417,10294,23963,0,706,4038,926,973,1042,-53,0,0,331,998,1426,-413
2026-09-24,30,20805,A,21368,19067,2180,6417,9455,23963,0,408,3860,919,952,1039,-60,0,0,306,988,1416,-411
2026-09-24,31,20724,A,21220,19069,2206,6417,8764,23963,0,351,3998,724,789,802,-34,0,0,392,786,1184,-313
2026-09-24,32,21833,A,22422,20220,2320,6417,7878,23963,0,128,4373,715,783,786,-56,0,0,441,779,1082,-161
2026-09-24,33,23327,A,24022,21590,2297,6417,6158,23963,0,8,4487,671,786,224,-7,-6,0,857,846,-160,-30
2026-09-24,34,25113,A,25929,23296,2284,6417,4405,23963,0,152,4255,661,733,149,-58,-56,0,941,753,-295,-59
2026-09-24,35,26649,A,29276,24718,2239,6417,3306,23963,0,162,4363,332,-311,-309,36,11,0,1357,-569,-1100,38
2026-09-24,36,28321,A,31253,26231,2206,6417,2025,23963,0,167,4367,311,-384,-334,-72,0,0,1400,-640,-1114,-55
2026-09-24,37,29546,A,32389,27565,2216,6417,788,23963,0,165,4277,305,-704,-709,-127,0,0,1400,-140,-622,-206
2026-09-24,38,30453,A,33381,28460,2259,6417,93,23963,0,161,4280,304,-719,-710,-129,0,0,1400,-105,-568,-358
2026-09-24,39,31595,A,34016,29612,2308,6417,0,23963,0,166,4062,303,-719,-710,-165,0,0,1400,178,123,-493
2026-09-24,40,31365,A,33929,29401,2476,6417,0,23963,0,165,4163,310,-721,-716,-299,0,0,1400,172,128,-493
2026-09-24,41,30112,A,33891,28211,2533,6417,0,23963,0,165,4186,716,-759,-893,-431,-70,0,1400,-267,-510,-514
2026-09-24,42,28976,A,32983,27233,2665,6417,0,23963,0,165,4092,732,-759,-891,-451,-221,0,1400,-287,-549,-514
2026-09-24,43,27740,A,31965,26179,2671,6417,0,23963,0,163,3980,326,-720,-710,-451,-362,0,1400,-306,-841,-498
2026-09-24,44,26097,A,30321,24658,2611,6417,0,23963,0,169,4190,303,-716,-708,-451,-311,0,1400,-325,-869,-513
2026-09-24,45,24440,A,29353,23084,2527,6417,0,23963,0,148,4079,303,-696,-710,-451,-310,0,1400,-697,-1184,-513
2026-09-24,46,23176,A,28166,21801,2424,6417,0,23963,0,10,3725,298,-708,-729,-451,-169,0,1400,-726,-1207,-510
2026-09-24,47,22816,A,28688,21448,2251,6417,0,23963,0,5,3479,15,-1012,-1021,-401,-31,0,1400,-1008,-1391,-513
2026-09-24,48,22005,A,27808,20504,2023,6417,0,23963,0,8,3187,0,-1023,-1020,-341,0,0,1400,-1016,-1398,-513
2026-09-25,1,21961,A,27567,20345,1864,6417,0,23963,0,8,3249,0,-930,-1024,-321,-47,0,1400,-925,-1354,-513
2026-09-25,2,21755,A,27263,20100,1679,6417,0,23963,0,7,3353,0,-911,-1023,-321,-2,0,1400,-914,-1330,-514
2026-09-25,3,22073,A,26409,20296,1597,6417,0,23963,0,4,3160,90,-562,-883,-321,0,0,1400,-741,-820,-513
2026-09-25,4,22268,A,26518,20437,1532,6417,0,23963,0,4,3327,100,-524,-884,-320,0,0,1400,-714,-799,-513
2026-09-25,5,21992,A,25527,20257,1507,6417,0,23963,0,4,3172,130,-30,-971,-321,-54,0,1400,-274,-876,-513
2026-09-25,6,21014,A,24481,19351,1553,6417,0,23963,0,5,2843,133,0,-971,-321,-35,0,1400,-247,-885,-513
2026-09-25,7,20463,A,23521,18921,1511,6417,0,23963,0,154,2866,273,139,-798,-321,-1,0,1400,-65,-1014,-513
2026-09-25,8,19814,A,22780,18386,1449,6417,0,23963,0,264,2658,278,132,-796,-321,0,0,1400,-63,-1037,-513
2026-09-25,9,19838,A,23531,18430,1390,6417,0,23963,0,197,3168,185,-177,-745,-316,0,0,1400,-210,-1429,-513
2026-09-25,10,19490,A,23138,18160,1382,6417,0,23963,0,161,3336,179,-207,-657,-272,0,0,1400,-231,-1448,-494
2026-09-25,11,19943,A,23333,18577,1325,6417,0,23963,0,161,3479,189,-537,0,-121,0,0,1400,-549,-1448,-396
2026-09-25,12,20423,A,23907,19037,1257,6417,0,23963,0,165,3315,190,-551,0,-119,-12,0,1400,-553,-1448,-466
2026-09-25,13,22276,A,26155,20711,1214,6417,0,23963,0,64,3282,293,-505,-418,-216,-136,0,1400,-326,-1448,-394
2026-09-25,14,24091,A,28389,22491,1153,6417,0,23963,0,10,3287,299,-488,-423,-366,-287,0,1399,-305,-1448,-491
2026-09-25,15,26177,A,29721,24404,1097,6417,72,23963,0,8,3090,383,-144,416,-450,-438,0,1400,-59,-1448,-513
2026-09-25,16,27469,A,30952,25462,1030,6417,663,23963,0,8,2987,398,-76,498,-451,-529,0,1399,-3,-1419,-513
2026-09-25,17,28374,A,31098,26146,975,6417,1757,23963,0,11,2674,968,936,938,-451,-531,0,1399,953,-740,-513
2026-09-25,18,27871,A,30383,25585,995,6417,2977,23963,0,9,2625,1001,991,936,-451,-530,0,1399,998,-526,-514
2026-09-25,19,27914,A,29900,25469,992,6417,4176,23963,0,9,2864,1001,991,790,-451,-531,0,1399,998,1118,-513
2026-09-25,20,26927,A,28912,24454,1050,6417,5408,23963,0,9,2872,1001,991,791,-451,-530,0,1399,998,1308,-513
2026-09-25,21,25987,A,27951,23555,1114,6417,6560,23963,0,7,2768,1001,991,1039,-451,-507,0,1399,998,1420,-513
2026-09-25,22,24916,A,26737,22645,1120,6417,7694,23963,0,14,3029,1001,991,1044,-451,-371,0,1399,998,1425,-513
2026-09-25,23,23996,A,25046,21933,1181,6417,8532,23963,0,590,2937,1001,991,1044,-419,-220,0,1399,998,1425,-501
2026-09-25,24,24055,A,24833,22256,1366,6417,8928,23963,0,741,3032,1001,991,1044,-437,-69,0,1399,998,1425,-513
2026-09-25,25,24037,A,24491,22259,1397,6417,8611,23963,0,930,3351,1001,991,1044,-371,0,0,1399,998,1425,-513
2026-09-25,26,23515,A,23832,21776,1370,6417,8955,23963,0,1035,3380,1001,991,1045,-339,0,0,1399,998,1425,-513
2026-09-25,27,23117,A,23282,21314,1378,6417,8847,23963,0,1037,3520,1001,991,1045,-189,0,0,1399,998,1425,-513
2026-09-25,28,23003,A,23230,21283,1513,6417,8596,23963,0,789,3417,1001,991,1044,-48,0,0,1399,997,1425,-468
2026-09-25,29,23235,A,23315,21536,1515,6417,8152,23963,0,741,3000,1001,991,1044,0,0,0,1399,998,1425,-321
2026-09-25,30,23423,A,23624,21714,1397,6417,7396,23963,0,468,3045,1001,992,1043,0,0,0,1399,998,1419,-169
2026-09-25,31,24262,A,24236,22523,1354,6417,6163,23963,0,557,2731,1001,992,878,45,0,0,1399,998,1260,-31
2026-09-25,32,25761,A,26038,23952,1320,6417,4737,23963,0,223,2964,1001,992,752,23,0,0,1399,998,1157,53
2026-09-25,33,27113,A,27847,25179,1208,6417,3299,23963,0,167,3149,1001,992,-256,118,17,0,1399,997,-145,187
2026-09-25,34,28398,A,29289,26276,918,5906,2235,23963,0,175,2817,994,990,-291,23,0,0,1399,990,-275,197
2026-09-25,35,29056,A,30887,26891,861,5906,1517,23963,0,165,3048,669,952,-619,0,0,0,1399,819,-877,75
2026-09-25,36,30033,A,31952,27812,846,5906,893,23963,0,157,3291,651,868,-641,-19,0,0,1400,788,-880,-36
2026-09-25,37,30350,A,32257,28085,833,5906,266,23963,0,158,3596,791,-381,-959,58,0,0,1399,244,-225,72
2026-09-25,38,30325,A,32326,28071,985,6417,18,23963,0,102,3367,796,-449,-960,30,0,0,1399,220,-194,190
2026-09-25,39,30978,A,32603,28685,1009,6417,0,23963,0,1,3800,649,35,-919,116,0,0,1399,197,-207,114
2026-09-25,40,30631,A,32246,28432,1107,6417,0,23963,0,2,3951,641,65,-915,20,0,0,1399,195,-202,178
2026-09-25,41,29828,A,31227,27778,1205,6417,0,23963,0,5,3806,704,222,-836,0,0,0,1399,177,-68,113
2026-09-25,42,28880,A,30311,26860,1312,6417,0,23963,0,5,3735,706,222,-835,-26,0,0,1399,167,-75,65
2026-09-25,43,27804,A,29221,26007,1411,6417,0,23963,0,10,3957,598,26,-502,28,0,0,1399,-27,-398,208
2026-09-25,44,26807,A,28235,25042,1482,6417,0,23963,0,11,4210,597,21,-476,125,0,0,1399,-55,-408,260
2026-09-25,45,25530,A,27250,23958,1555,6417,0,23963,0,9,4123,780,103,-503,23,0,0,1399,-465,-261,260
2026-09-25,46,24190,A,25883,22803,1632,6417,0,23963,0,9,4329,780,87,-504,49,0,0,1399,-469,-229,260
2026-09-25,47,22731,A,24355,21564,1722,6417,0,23963,0,5,4374,159,-388,-554,-2,-18,0,1399,-167,343,260
2026-09-25,48,22315,A,24040,21346,1876,6417,0,23963,0,4,4068,123,-403,-553,-126,0,0,1399,-147,367,251
2026-09-26,1,21896,A,23026,20972,1972,6417,0,23963,0,4,3939,211,-231,-368,-35,0,0,1399,19,264,131
2026-09-26,2,21309,A,22385,20417,1972,6417,0,23963,0,4,3989,217,-211,-367,0,0,-2,1399,23,247,53
2026-09-26,3,21039,A,22394,20192,2067,6417,0,23963,0,4,4085,265,52,-558,0,0,-238,1399,-63,10,0
2026-09-26,4,20558,A,21922,19759,2139,6417,0,23963,0,4,4239,269,54,-560,0,0,-240,1399,-67,-1,6
2026-09-26,5,20624,A,22135,19970,2205,6417,0,23963,0,4,4299,475,-173,-496,0,0,-103,1399,-76,-95,-72
2026-09-26,6,19833,A,21570,19179,2221,6417,0,23963,0,4,3852,480,-178,-497,-55,0,-103,1394,-81,-105,-222
2026-09-26,7,19501,A,21675,18865,2244,6417,0,23963,0,4,3982,302,-40,-695,-3,0,-221,1340,-187,-216,-316
2026-09-26,8,19208,A,21486,18620,2222,6417,0,23963,0,4,4075,286,-37,-698,0,0,-224,1339,-205,-229,-389
2026-09-26,9,18665,A,21998,18110,2213,6417,0,23963,0,4,4071,109,-126,-820,0,0,-469,1394,-509,-407,-506
2026-09-26,10,18497,A,21835,17900,2184,6417,0,23963,0,4,3925,98,-136,-820,0,0,-468,1399,-510,-414,-494
2026-09-26,11,18244,A,20945,17666,2123,6417,0,23963,0,9,3665,294,-256,-692,0,0,-156,1399,-250,-371,-485
2026-09-26,12,18263,A,21002,17613,2067,6417,0,23963,0,12,3846,306,-260,-689,-43,0,-151,1399,-231,-364,-513
2026-09-26,13,19044,A,21279,18326,1979,6417,0,23963,0,14,3911,397,-213,-579,-106,0,-38,1399,-56,-243,-514
2026-09-26,14,19652,A,21879,18840,1895,6417,0,23963,0,11,3586,409,-197,-525,-208,0,-37,1399,-36,-222,-513
2026-09-26,15,20996,A,22175,20073,1814,6417,94,23963,0,9,3380,587,115,296,-164,-26,137,1399,248,118,-498
2026-09-26,16,21583,A,22942,20363,1809,6417,963,23963,0,9,3006,603,157,359,-300,-163,139,1399,287,172,-405
2026-09-26,17,22455,A,24187,21027,1708,6417,2429,23963,0,9,2769,862,772,828,-432,-314,234,1399,875,1056,-495
2026-09-26,18,22031,A,23826,20470,1653,6417,4025,23963,0,9,2715,877,809,829,-450,-341,236,1385,904,1106,-513
2026-09-26,19,21431,A,23247,19784,1550,6417,5691,23963,0,68,2507,994,979,983,-450,-421,412,1239,993,1275,-513
2026-09-26,20,20292,A,21694,18737,1555,6417,7203,23963,0,537,2775,1000,987,986,-450,-476,426,1213,997,1289,-513
2026-09-26,21,19340,A,20044,17841,1534,6417,8311,23963,0,1060,2995,999,991,1046,-420,-331,952,1104,997,1416,-513
2026-09-26,22,18439,A,18940,17030,1621,6417,9653,23963,0,1061,2727,999,991,1047,-369,-180,966,1052,997,1422,-513
2026-09-26,23,17665,A,18108,16207,1652,6417,10455,23963,0,1060,2277,999,991,1042,-446,-43,1016,634,997,1422,-514
2026-09-26,24,17241,A,17522,15886,1734,6417,11249,23963,0,1146,2366,999,991,1042,-414,0,1016,590,997,1422,-513
2026-09-26,25,16816,A,16863,15483,1785,6417,11852,23963,0,1209,2147,999,991,1045,-288,0,1016,575,997,1422,-468
2026-09-26,26,16281,A,16278,14987,1867,6417,12228,23963,0,1210,1956,999,991,1044,-346,0,1014,542,997,1422,-361
2026-09-26,27,15826,A,15654,14542,1903,6417,12094,23963,0,1197,2116,999,991,1021,-299,-15,792,224,997,1421,-211
2026-09-26,28,15726,A,15373,14507,2041,6417,11781,23963,0,1187,2684,998,976,855,-158,-108,764,168,992,1321,-68
2026-09-26,29,15279,A,14894,14188,2026,6417,11349,23963,0,1011,4230,796,626,0,-22,-17,26,-71,875,-16,72
2026-09-26,30,15549,A,15232,14440,1985,6417,10473,23963,0,1011,4321,786,625,0,33,0,2,-56,875,-138,202
2026-09-26,31,16536,A,17187,15317,1904,6417,9352,23963,0,992,4461,991,975,-687,141,26,234,358,992,-456,220
2026-09-26,32,17628,A,18750,16377,1875,6417,8190,23963,0,688,4432,999,987,-800,135,0,234,441,990,-510,220
2026-09-26,33,19402,A,22352,18057,1753,6417,6379,23963,0,16,4529,797,894,-1060,149,40,2,858,830,-1406,220
2026-09-26,34,21795,A,24779,20360,1544,6417,4768,23963,0,10,4324,777,847,-1063,76,0,0,941,788,-1431,167
2026-09-26,35,24119,A,26712,22539,1454,6417,3172,23963,0,7,4434,290,-86,-940,-4,-27,93,1357,-4,-1039,28
2026-09-26,36,25518,A,28276,23787,1374,6417,1752,23963,0,10,4092,266,-155,-938,-44,0,93,1399,-50,-1009,-72
2026-09-26,37,26597,A,29891,24872,1401,6417,617,23963,0,9,4356,585,-696,-852,0,0,0,1399,-302,-756,-197
2026-09-26,38,27040,A,30467,25356,1462,6417,43,23963,0,9,4244,605,-715,-838,-9,0,1,1400,-302,-725,-347
2026-09-26,39,27733,A,30031,26136,1570,6417,0,23963,0,8,4311,610,-546,-278,-129,0,168,1400,-74,-292,-487
2026-09-26,40,27681,A,30064,26163,1710,6417,0,23963,0,7,4442,610,-536,-260,-230,0,170,1400,-73,-278,-513
2026-09-26,41,27174,A,29907,25729,1775,6417,0,23963,0,7,4329,628,-486,-179,-340,0,222,1400,-266,-443,-526
2026-09-26,42,26641,A,29335,25313,1814,6417,0,23963,0,8,4391,629,-482,-190,-266,0,221,1400,-290,-461,-513
2026-09-26,43,25476,A,29131,24210,1862,6417,0,23963,0,8,4281,581,-464,-718,-128,0,52,1400,-643,-697,-513
2026-09-26,44,24509,A,28155,23275,1858,6417,0,23963,0,8,4156,577,-472,-731,-140,0,50,1400,-655,-707,-449
2026-09-26,45,23511,A,26799,22319,1903,6417,0,23963,0,13,4392,373,-693,-490,-22,0,55,1400,-591,-670,-335
2026-09-26,46,22284,A,25386,21188,1990,6417,0,23963,0,13,4232,358,-686,-487,0,0,49,1400,-574,-648,-220
2026-09-26,47,21754,A,24064,20799,1994,6417,0,23963,0,8,4267,27,-255,-529,-22,0,-365,1400,-243,-200,-204
2026-09-26,48,21145,A,23299,20266,1923,6417,0,23963,0,8,4246,1,-232,-530,0,0,-372,1400,-226,-177,-125
2026-09-27,1,20949,A,22892,20019,1883,6417,0,23963,0,8,4036,55,-176,-518,0,0,-281,1400,-156,-143,-177
2026-09-27,2,20406,A,22281,19476,1860,6417,0,23963,0,8,4090,65,-186,-517,0,0,-280,1399,-161,-142,-97
2026-09-27,3,19964,A,21935,19095,1856,6417,0,23963,0,7,4277,204,-466,-331,0,0,-167,1400,-335,-173,-6
2026-09-27,4,19736,A,21714,18872,1918,6417,0,23963,0,6,4166,212,-465,-333,0,0,-167,1400,-329,-190,37
2026-09-27,5,19348,A,21584,18506,1937,6417,0,23963,0,6,4120,206,-138,-654,-8,0,-361,1400,-27,-545,-9
2026-09-27,6,18884,A,21194,18056,1922,6417,0,23963,0,6,4123,206,-137,-660,0,0,-367,1401,-34,-559,-59
2026-09-27,7,18515,A,21751,17733,1973,6417,0,23963,0,6,4175,206,-479,-627,0,0,-682,1400,-471,-483,1
2026-09-27,8,18174,A,21455,17445,2119,6417,0,23963,0,7,4146,202,-506,-627,0,0,-687,1386,-482,-486,8
2026-09-27,9,17996,A,21634,17234,2214,6417,0,23963,0,4,4195,15,-764,-737,0,0,-692,1243,-303,-646,0
2026-09-27,10,17789,A,21468,16964,2258,6417,0,23963,0,8,4214,1,-775,-739,0,0,-697,1187,-305,-671,0
2026-09-27,11,17470,A,22211,16671,2374,6417,0,23963,0,10,4378,61,-763,-896,0,0,-1016,769,-514,-1048,-14
2026-09-27,12,17240,A,21977,16441,2486,6417,0,23963,0,162,4250,65,-748,-896,-19,0,-1021,690,-518,-1063,-134
2026-09-27,13,17707,A,22123,16837,2615,6417,0,23963,0,165,4144,123,-415,-761,-149,-53,-1021,313,-427,-969,-286
2026-09-27,14,18038,A,22683,17148,2733,6417,0,23963,0,169,4225,126,-385,-758,-198,-201,-1014,315,-407,-914,-437
2026-09-27,15,18933,A,21160,17970,2840,6417,33,23963,0,692,3885,7,-50,-522,-326,-353,-605,732,-50,18,-513
2026-09-27,16,19592,A,21919,18511,2914,6417,293,23963,0,737,4502,9,-23,-480,-443,-496,-578,733,-31,93,-513
2026-09-27,17,20604,A,21812,19343,2954,6417,790,23963,0,786,3898,372,259,225,-451,-530,60,317,75,591,-513
2026-09-27,18,20877,A,21800,19461,2944,6417,1908,23963,0,1073,4197,404,295,240,-451,-531,85,252,98,630,-514
2026-09-27,19,21511,A,22310,19913,3069,6417,2944,23963,0,1196,4089,838,807,373,-451,-531,475,18,481,988,-513
2026-09-27,20,21483,A,22364,19870,3199,6417,3889,23963,0,1161,4368,863,831,380,-451,-531,483,-47,504,989,-513
2026-09-27,21,21446,A,22885,19816,3401,6417,4315,23963,0,1024,4542,875,845,782,-451,-530,579,-468,651,611,-514
2026-09-27,22,21535,A,23012,19832,3609,6417,4876,23963,0,1022,4302,868,841,792,-451,-531,579,-504,654,604,-513
2026-09-27,23,22022,A,23646,20205,3736,6417,4596,23963,0,792,3986,536,733,802,-451,-531,520,-421,568,885,-513
2026-09-27,24,22094,A,23483,20109,3807,6417,5164,23963,0,1007,3936,519,734,802,-451,-530,519,-402,569,911,-513
2026-09-27,25,22904,A,24434,20776,3828,6417,5319,23963,0,751,3581,783,874,949,-451,-530,457,-287,677,1173,-513
2026-09-27,26,23088,A,24446,20948,3832,6417,5328,23963,0,910,3694,803,885,951,-451,-530,462,-274,682,1195,-513
2026-09-27,27,23384,A,24637,21247,3833,6417,4893,23963,0,997,3355,986,987,1044,-451,-531,791,-255,688,1416,-513
2026-09-27,28,23359,A,24568,21162,3910,6417,4339,23963,0,1007,2923,999,992,1045,-451,-501,798,-251,685,1426,-513
2026-09-27,29,23504,A,24550,21330,3934,6417,3979,23963,0,1003,3175,999,992,1044,-444,-361,954,-231,594,1426,-513
2026-09-27,30,24025,A,24826,21802,3935,6417,3249,23963,0,996,3507,999,992,1044,-434,-209,944,-188,599,1425,-466
2026-09-27,31,24752,A,25039,22668,3921,6417,2590,23963,0,993,4257,974,992,924,-305,-81,445,234,808,1392,-394
2026-09-27,32,25140,A,25363,23177,3892,6417,2337,23963,0,864,4462,971,977,785,-154,-130,387,317,812,1377,-303
2026-09-27,33,25685,A,26739,23681,3808,6417,2021,23963,0,767,4585,841,637,-497,-20,-23,-587,733,698,1088,-194
2026-09-27,34,26900,A,28507,24809,3636,6417,1589,23963,0,354,4225,815,602,-549,0,0,-636,817,665,1087,-276
2026-09-27,35,27943,A,29497,25829,3438,6417,1477,23963,0,281,3993,60,169,-511,-17,0,-603,1233,46,1409,-204
2026-09-27,36,28381,A,30244,26269,3153,6417,1108,23963,0,221,3508,1,147,-511,-149,-9,-597,1286,24,1425,-318
2026-09-27,37,28715,A,30891,26646,2919,6417,410,23963,0,7,3428,57,118,-544,-300,-128,-245,1389,128,1425,-466
2026-09-27,38,29001,A,31501,27017,2688,6417,18,23963,0,8,3944,68,123,-542,-432,-279,-242,1399,120,1425,-513
2026-09-27,39,29476,A,32318,27410,2436,6417,0,23963,0,8,4104,217,285,-313,-451,-430,-459,1399,-184,1425,-513
2026-09-27,40,29131,A,32055,26930,2231,6417,0,23963,0,3,4012,232,291,-303,-451,-529,-453,1399,-178,1425,-513
2026-09-27,41,28449,A,30559,26322,2050,6417,0,23963,0,7,3719,643,268,-113,-451,-531,-9,1399,262,1421,-513
2026-09-27,42,27754,A,29853,25782,1950,6417,0,23963,0,8,3791,664,267,-111,-451,-531,-1,1400,282,1421,-513
2026-09-27,43,26790,A,28903,24914,1866,6417,0,23963,0,8,4068,438,262,100,-451,-530,-127,1399,293,1421,-513
2026-09-27,44,25488,A,27603,23835,1695,6417,0,23963,0,8,4039,425,261,102,-451,-531,-128,1400,290,1422,-513
2026-09-27,45,24361,A,26501,22865,1609,6417,0,23963,0,9,3972,223,235,346,-451,-530,-155,1399,205,1421,-513
2026-09-27,46,22891,A,24996,21476,1481,6417,0,23963,0,17,3862,213,204,362,-451,-513,-145,1399,184,1421,-513
2026-09-27,47,22068,A,24653,20701,1399,6417,0,23963,0,13,3174,198,-487,645,-451,-450,354,1399,-197,1423,-513
2026-09-27,48,21831,A,24248,20421,1353,6417,0,23963,0,12,3108,200,-500,648,-414,-299,367,1400,-203,1424,-513
2026-09-28,1,21840,A,23447,20410,1271,6417,0,23963,0,11,2751,347,-41,420,-381,-183,483,1400,40,1399,-513
2026-09-28,2,21470,A,22917,20017,1162,6417,0,23963,0,13,2611,354,-18,417,-381,-48,485,1400,47,1386,-513
2026-09-28,3,21021,A,22475,19570,1101,6417,0,23963,0,16,2582,275,24,413,-381,-37,588,1400,-38,1137,-514
2026-09-28,4,21339,A,22858,19832,1143,6417,0,23963,0,15,2730,270,27,413,-380,-105,588,1399,-35,1122,-514
2026-09-28,5,21260,A,22848,19726,1074,6417,0,23963,0,13,2512,309,70,462,-381,-207,606,1400,144,1066,-513
2026-09-28,6,20663,A,22265,19176,982,6417,0,23963,0,12,2531,312,76,462,-380,-221,604,1399,158,1043,-513
2026-09-28,7,20284,A,21806,18854,910,6417,0,23963,0,61,2546,508,182,442,-381,-189,391,1400,297,614,-513
2026-09-28,8,19776,A,20987,18397,816,6417,0,23963,0,263,2350,513,181,411,-381,-80,368,1400,300,576,-513
2026-09-28,9,19535,A,21382,18182,764,6417,0,23963,0,13,2519,339,45,-131,-380,-37,-299,1399,234,184,-513
2026-09-28,10,19256,A,21130,17967,675,6417,0,23963,0,67,2135,326,29,-146,-379,-85,-332,1400,223,92,-499
2026-09-28,11,19460,A,23477,18215,667,6417,0,23963,0,14,2572,265,-226,-710,-298,-4,-865,1399,23,-1024,-404
2026-09-28,12,20377,A,24626,19052,669,6417,0,23963,0,15,2636,259,-239,-729,-336,0,-878,1400,7,-1101,-481
2026-09-28,13,22559,A,26788,21080,682,6417,0,23963,0,6,3044,170,-249,-768,-301,0,-725,1399,-154,-1131,-407
2026-09-28,14,24594,A,28873,22991,677,6417,0,23963,0,8,3162,162,-244,-678,-420,-88,-721,1399,-165,-973,-498
2026-09-28,15,27434,A,29919,25443,680,6417,37,23963,0,5,2998,81,-119,0,-442,-226,-443,1399,-246,644,-514
2026-09-28,16,28396,A,30944,26270,768,6417,560,23963,0,2,2940,86,-107,0,-408,-377,-416,1399,-228,826,-514
2026-09-28,17,28960,A,30931,26698,721,6417,1571,23963,0,5,2115,664,36,627,-451,-511,295,1399,245,1261,-514
2026-09-28,18,28584,A,30573,26282,634,6417,3063,23963,0,6,2186,699,56,721,-451,-531,320,1399,281,1287,-513
2026-09-28,19,28356,A,30343,26013,574,6417,4371,23963,0,5,1749,806,371,1044,-451,-527,344,1399,647,1415,-514
2026-09-28,20,27555,A,29443,25263,531,6417,5040,23963,0,3,1637,807,386,1052,-451,-426,339,1400,642,1422,-514
2026-09-28,21,26259,A,28091,24009,521,6417,6661,23963,0,3,1652,423,388,1047,-451,-347,-23,1399,169,1421,-514
2026-09-28,22,25188,A,26877,22962,621,6417,8017,23963,0,3,1693,404,389,1047,-451,-198,-29,1399,154,1421,-514
2026-09-28,23,24341,A,25787,22151,624,6417,8992,23963,0,151,1730,639,387,939,-451,-49,-109,1399,291,1421,-488
2026-09-28,24,23461,A,24875,21341,653,6417,10237,23963,0,182,1559,657,398,937,-451,-23,-109,1399,309,1418,-513
2026-09-28,25,23616,A,25016,21498,648,6417,10342,23963,0,183,1483,956,664,852,-451,-17,-119,1399,579,1328,-496
2026-09-28,26,23287,A,24804,21240,669,6417,10305,23963,0,181,1355,970,680,835,-451,-116,-125,1399,588,1311,-506
2026-09-28,27,22948,A,24739,20956,615,6417,9671,23963,0,149,1649,678,767,234,-431,-47,-493,1399,532,1009,-469
2026-09-28,28,22678,A,24469,20809,591,6417,9727,23963,0,5,1790,649,741,207,-297,-118,-497,1399,511,972,-384
2026-09-28,29,22812,A,24105,20932,540,6417,8986,23963,0,3,2228,141,72,-102,-146,-20,-258,1399,116,446,-270
2026-09-28,30,23261,A,24388,21329,546,6417,8216,23963,0,3,2196,116,46,-105,-16,0,-263,1399,115,395,-246
2026-09-28,31,23939,A,25985,21957,532,6417,6970,23963,0,8,2145,691,189,-445,0,0,-695,1400,467,-215,-199
2026-09-28,32,25392,A,27301,23315,592,6417,5719,23963,0,110,1849,722,199,-465,0,0,-701,1400,472,-245,-108
2026-09-28,33,26436,A,28322,24182,576,6417,4482,23963,0,7,1944,465,272,-627,-14,0,-454,1400,212,-251,-47
2026-09-28,34,28010,A,29977,25576,551,6417,3276,23963,0,1,1597,450,272,-630,-107,0,-450,1400,210,-281,72
2026-09-28,35,29184,A,31773,26590,537,6417,2222,23963,0,4,2267,405,192,-737,-17,0,-387,1399,420,-952,140
2026-09-28,36,30116,A,32736,27463,574,6417,1238,23963,0,7,2538,398,180,-737,-15,0,-387,1400,413,-988,131
2026-09-28,37,30460,A,33108,27777,630,6417,422,23963,0,12,2777,213,-15,-616,72,60,-447,1400,51,-1082,196
2026-09-28,38,31116,A,33708,28421,718,6417,18,23963,0,12,2916,205,-6,-603,132,49,-442,1400,54,-1053,196
2026-09-28,39,32974,A,33998,30238,797,6417,0,23963,0,3,2651,509,403,-169,36,0,-84,1400,456,-274,196
2026-09-28,40,32184,A,33148,29498,927,6417,0,23963,0,7,2396,527,411,-159,0,0,-84,1400,454,-228,205
2026-09-28,41,31394,A,32641,28770,998,6417,0,23963,0,7,2631,459,124,-226,-57,0,-462,1400,6,-9,166
2026-09-28,42,30110,A,31338,27593,1150,6417,0,23963,0,9,2356,457,101,-218,-9,0,-471,1400,-22,-17,159
2026-09-28,43,28534,A,30477,26153,1206,6417,0,23963,0,11,2214,532,-119,100,-43,10,-700,1400,-176,-416,94
2026-09-28,44,27036,A,28991,24671,1231,6417,0,23963,0,12,2100,526,-146,102,37,88,-699,1400,-191,-431,219
2026-09-28,45,26083,A,28212,23792,1263,6417,0,23963,0,13,2408,32,-511,102,-24,6,-415,1400,-366,-326,212
2026-09-28,46,24402,A,26470,22209,1280,6417,0,23963,0,14,2636,1,-519,102,0,0,-397,1400,-368,-298,250
2026-09-28,47,22792,A,23973,20757,1338,6417,0,23963,0,14,2826,53,-289,210,-72,-70,158,1400,-264,217,250
2026-09-28,48,22137,A,23504,20201,1327,6417,0,23963,0,14,2726,61,-273,212,-225,-132,173,1400,-251,243,249
2026-09-29,1,22258,A,23212,20297,1386,6417,0,23963,0,14,2450,380,-162,205,-235,-13,280,1400,-58,270,249
2026-09-29,2,22077,A,22849,20093,1457,6417,0,23963,0,13,2714,400,-151,207,-85,0,281,1400,-49,275,249
2026-09-29,3,22198,A,22757,20296,1491,6417,0,23963,0,13,2904,345,-30,368,0,0,338,1400,-42,358,249
2026-09-29,4,21739,A,22305,20048,1544,6417,0,23963,0,10,3138,341,-29,348,0,0,335,1400,-47,353,249
2026-09-29,5,21599,A,22441,19961,1561,6417,0,23963,0,6,3589,225,-164,0,0,0,63,1399,-184,139,249
2026-09-29,6,20972,A,21828,19366,1519,6417,0,23963,0,7,3424,218,-170,0,0,0,55,1399,-193,115,249
2026-09-29,7,20545,A,22183,19009,1566,6417,0,23963,0,58,3613,171,-153,-278,0,0,-314,1399,-251,-200,249
2026-09-29,8,20431,A,22063,18931,1609,6417,0,23963,0,166,3739,167,-169,-299,47,0,-323,1399,-255,-252,249
2026-09-29,9,20055,A,23533,18730,1687,6417,0,23963,0,198,4236,57,-553,-689,119,0,-547,1399,-300,-1087,250
2026-09-29,10,19843,A,23301,18566,1781,6417,0,23963,0,316,4248,57,-574,-698,180,0,-550,1399,-316,-1136,250
2026-09-29,11,20132,A,24399,18919,1875,6417,0,23963,0,315,4443,482,-631,-737,180,0,-651,1399,-628,-1435,250
2026-09-29,12,20754,A,25055,19478,1967,6417,0,23963,0,315,4120,504,-636,-737,179,0,-651,1399,-643,-1449,250
2026-09-29,13,22531,A,26825,21143,2137,6417,0,23963,0,314,4434,411,-671,-737,142,0,-539,1399,-711,-1450,249
2026-09-29,14,24158,A,28379,22679,2350,6417,0,23963,0,314,4377,404,-669,-736,18,0,-538,1399,-696,-1396,183
2026-09-29,15,26531,A,29061,24779,2557,6417,4,23963,0,311,4332,355,-580,-598,0,0,-467,1399,-306,-390,237
2026-09-29,16,27909,A,30152,26009,2501,6417,184,23963,0,310,4446,352,-549,-543,0,0,-438,1399,-267,-256,134
2026-09-29,17,29253,A,29438,27263,2608,6417,697,23963,0,315,4175,308,72,421,0,0,330,1399,201,943,11
2026-09-29,18,29058,A,29313,27122,2673,6417,1282,23963,0,317,4432,308,95,461,0,0,357,1370,223,1040,-72
2026-09-29,19,28999,A,29312,27113,2749,6417,2217,23963,0,315,4544,443,-17,693,0,0,272,1068,285,1407,-111
2026-09-29,20,28071,A,28295,26344,2945,6417,3512,23963,0,315,4620,457,-11,698,0,0,269,996,299,1425,-28
2026-09-29,21,27024,A,27077,25446,3121,6417,4546,23963,0,447,4609,870,255,949,0,0,35,580,549,1425,37
2026-09-29,22,26351,A,26249,24871,3341,6417,5566,23963,0,622,4667,894,297,946,0,0,38,497,577,1413,-20
2026-09-29,23,25428,A,25374,23982,3508,6417,6624,23963,0,724,4759,948,960,555,-57,0,393,79,981,1123,-113
2026-09-29,24,24467,A,24336,22939,3615,6417,7325,23963,0,774,4535,951,992,567,-8,0,404,-5,998,1113,-130
2026-09-29,25,24836,A,25483,23269,3727,6417,7199,23963,0,611,4240,999,992,877,-67,0,724,-427,999,1238,-264
2026-09-29,26,24654,A,25159,23156,3803,6417,6738,23963,0,770,4289,1001,992,876,-78,0,729,-473,999,1230,-224
2026-09-29,27,24646,A,25169,23196,3872,6417,6669,23963,0,564,4558,1001,992,832,0,0,757,-506,999,894,-81
2026-09-29,28,24651,A,25105,23270,3884,6417,6426,23963,0,580,4712,1001,985,832,0,0,739,-468,995,845,-66
2026-09-29,29,24770,A,24612,23370,3909,6417,6029,23963,0,705,4984,1001,830,367,0,0,103,-47,897,85,57
2026-09-29,30,24897,A,24631,23481,3876,6417,5178,23963,0,766,4782,999,825,297,0,0,76,38,891,37,68
2026-09-29,31,25336,A,26433,23966,3893,6417,4395,23963,0,321,4683,909,888,-348,0,0,-336,455,835,-234,173
2026-09-29,32,26324,A,27616,24914,3851,6417,3428,23963,0,164,4743,895,871,-372,57,0,-343,538,816,-241,180
2026-09-29,33,26826,A,28057,25295,3852,6417,2463,23963,0,164,4703,451,438,-577,9,0,-212,956,460,-106,180
2026-09-29,34,27890,A,29131,26180,3800,6417,1776,23963,0,168,4614,424,382,-594,0,0,-216,1031,415,-99,180
2026-09-29,35,28903,A,31391,27051,3821,6417,915,23963,0,169,4350,479,-446,-793,0,0,-583,1365,-239,-96,180
2026-09-29,36,29823,A,32376,27883,3782,6417,451,23963,0,170,3919,478,-495,-791,0,0,-588,1399,-279,-70,180
2026-09-29,37,30442,A,32956,28537,3835,6417,72,23963,0,144,4228,378,-710,-427,17,0,-482,1399,-539,553,180
2026-09-29,38,30997,A,33630,29059,3913,6417,1,23963,0,8,4628,375,-719,-393,66,0,-480,1399,-549,617,123
2026-09-29,39,31828,A,33802,29813,3954,6417,0,23963,0,7,4603,285,-690,658,75,0,-326,1399,-465,1390,100
2026-09-29,40,31153,A,33099,29194,3961,6417,0,23963,0,6,4418,262,-686,757,0,0,-319,1399,-447,1426,59
2026-09-29,41,29909,A,31818,28117,3971,6417,0,23963,0,6,4450,-650,-618,700,-9,0,45,1399,-138,1427,38
2026-09-29,42,29052,A,31076,27333,3925,6417,0,23963,0,6,4437,-742,-624,693,37,0,50,1399,-128,1426,-36
2026-09-29,43,27794,A,30277,26237,3929,6417,0,23963,0,6,4485,-808,-855,328,-26,0,-74,1400,-226,1416,8
2026-09-29,44,26543,A,29076,24977,3794,6417,0,23963,0,6,4153,-817,-868,319,0,0,-77,1361,-241,1413,-36
2026-09-29,45,25295,A,28495,23772,3791,6417,0,23963,0,5,4499,-1004,-922,157,0,0,-274,967,-505,1366,18
2026-09-29,46,23672,A,26905,22279,3696,6417,0,23963,0,10,4270,-1014,-921,152,0,0,-285,886,-523,1342,85
2026-09-29,47,22769,A,26901,21470,3734,6417,0,23963,0,97,4356,-762,-831,-665,-57,0,-729,469,-685,884,29
2026-09-29,48,21897,A,25766,20665,3761,6417,0,23963,0,465,4491,-735,-822,-767,-8,0,-739,385,-685,841,-78
2026-09-30,1,22015,A,25499,20702,3811,6417,0,23963,0,335,4445,-227,-704,-869,-14,0,-749,-35,-530,358,-191
2026-09-30,2,21547,A,24919,20169,3890,6417,0,23963,0,462,4446,-189,-697,-870,0,0,-749,-111,-518,325,-200
2026-09-30,3,21247,A,24568,19900,3894,6417,0,23963,0,459,4503,-10,-669,-806,0,0,-740,-448,-407,90,-200
2026-09-30,4,20865,A,24229,19548,3885,6417,0,23963,0,458,4696,0,-650,-805,-43,0,-740,-490,-394,72,-200
2026-09-30,5,20437,A,23339,19208,3929,6417,0,23963,0,456,4213,0,-245,-735,-191,0,-684,-563,-202,-38,-200
2026-09-30,6,19814,A,22852,18682,3894,6417,0,23963,0,456,4193,0,-218,-739,-301,0,-684,-603,-193,-56,-200
2026-09-30,7,19551,A,23332,18424,3961,6417,0,23963,0,455,4809,0,-62,-1057,-238,0,-754,-932,-175,-318,-200
2026-09-30,8,18922,A,22642,17850,3971,6417,0,23963,0,454,4644,-1,-72,-1063,-129,0,-754,-934,-191,-330,-200
2026-09-30,9,18678,A,22954,17808,4012,6417,0,23963,0,446,5063,-242,-477,-1063,-10,0,-754,-607,-567,-302,-200
2026-09-30,10,18527,A,22942,17697,3955,6417,0,23963,0,366,4916,-271,-517,-1063,-20,0,-754,-531,-601,-306,-218
2026-09-30,11,18683,A,24636,17985,3935,6417,0,23963,0,88,4902,-978,-1003,-1063,0,0,-755,-109,-1005,-432,-196
2026-09-30,12,19367,A,25230,18677,3808,6417,0,23963,0,145,4571,-1027,-1027,-1063,0,0,-754,-25,-1023,-412,-177
2026-09-30,13,21534,A,26831,20565,3750,6417,0,23963,0,26,4215,-1027,-1027,-849,-22,0,-675,394,-1023,194,-200
2026-09-30,14,24182,A,29588,22885,3610,6417,0,23963,0,10,4413,-1025,-1027,-825,-144,0,-673,477,-1022,292,-200
2026-09-30,15,27237,A,32027,25639,3493,6417,1,23963,0,6,4301,-931,-1027,-408,-138,0,-561,894,-1013,1354,-218
2026-09-30,16,28549,A,33331,26672,3634,6417,116,23963,0,4,3999,-921,-1006,-374,-230,0,-560,975,-995,1426,-200
2026-09-30,17,28631,A,32026,26678,3531,6417,551,23963,0,11,3712,-670,-511,813,-381,0,-548,1360,-596,1425,-200
2026-09-30,18,28272,A,31603,26202,3191,6417,1270,23963,0,11,3354,-644,-470,980,-428,0,-534,1399,-566,1426,-200
2026-09-30,19,28303,A,29705,26301,3140,6417,2232,23963,0,11,3471,173,-84,1037,-325,-18,10,1399,-286,1425,-200
2026-09-30,20,27814,A,29027,25798,3110,6417,3444,23963,0,9,3571,246,-73,1038,-175,0,19,1400,-274,1426,-200
2026-09-30,21,26950,A,28543,25101,3086,6417,4707,23963,0,6,3833,172,-254,1018,-32,0,-332,1399,-281,1425,-200
2026-09-30,22,25238,A,26861,23461,3141,6417,6241,23963,0,7,4000,161,-267,981,-35,0,-342,1392,-293,1425,-193
2026-09-30,23,24185,A,26518,22490,3136,6417,7673,23963,0,148,4173,-320,-380,612,73,44,-653,1313,-552,1425,-76
2026-09-30,24,23826,A,26130,22113,3223,6417,9082,23963,0,184,4409,-380,-387,617,159,11,-658,1298,-563,1425,31
2026-09-30,25,22547,A,24892,20841,3247,6417,10055,23963,0,366,3903,-522,-443,969,116,0,-702,1229,-544,1426,140
2026-09-30,26,21887,A,24144,20301,3362,6417,10472,23963,0,462,4005,-530,-452,975,39,0,-699,1212,-538,1425,150
2026-09-30,27,21581,A,23587,20082,3416,6417,10790,23963,0,458,4557,-469,-599,780,95,0,-452,1117,-444,1426,150
2026-09-30,28,21245,A,23263,19890,3515,6417,10494,23963,0,460,4382,-468,-608,711,62,0,-450,1071,-452,1426,150
2026-09-30,29,20666,A,23228,19444,3500,6417,9740,23963,0,455,4786,-700,-663,103,153,0,-449,697,-705,1425,150
2026-09-30,30,20642,A,23223,19459,3431,6417,9128,23963,0,461,4666,-713,-664,100,65,0,-449,700,-716,1425,150
2026-09-30,31,21006,A,24173,19937,3355,6417,8176,23963,0,452,4847,-715,-642,-598,42,0,-449,1116,-715,1415,150
2026-09-30,32,22330,A,25814,21269,3174,6417,6978,23963,0,195,4340,-698,-642,-678,138,0,-446,1178,-715,1382,150
2026-09-30,33,24041,A,26819,22934,2962,6417,5515,23963,0,11,4464,-43,-657,-736,27,0,-153,1379,-700,606,148
2026-09-30,34,25803,A,28542,24574,2982,6417,4018,23963,0,8,4311,-10,-658,-737,28,2,-148,1400,-694,559,150
2026-09-30,35,27870,A,30607,26454,2766,6417,2619,23963,0,6,4339,-138,-664,-758,70,54,-113,1399,-570,330,77
2026-09-30,36,29687,A,32485,28242,2652,6417,1344,23963,0,7,4468,-145,-665,-758,0,4,-113,1400,-561,356,-63
2026-09-30,37,30676,A,33420,29183,2568,6417,382,23963,0,7,4380,-142,-665,-480,-71,0,-213,1400,-468,1220,-212
2026-09-30,38,31120,A,33968,29580,2489,6417,8,23963,0,5,4425,-143,-663,-425,-161,0,-213,1400,-459,1268,-289
2026-09-30,39,31694,A,34268,29938,2388,6417,0,23963,0,7,4148,-223,-617,135,-303,0,-169,1400,-354,1418,-415
2026-09-30,40,31510,A,34098,29773,2489,6417,0,23963,0,7,4278,-231,-602,143,-324,0,-168,1400,-330,1426,-440
2026-09-30,41,30782,A,32913,29052,2342,6417,0,23963,0,6,4193,-319,-287,466,-437,-63,-123,1400,131,1426,-408
2026-09-30,42,29984,A,32231,28259,2256,6417,0,23963,0,8,4222,-334,-282,471,-451,-145,-131,1400,123,1426,-412
2026-09-30,43,29045,A,33023,27264,2121,6417,0,23963,0,2,3946,-792,-515,352,-450,-226,-570,1401,-525,1426,-402
2026-09-30,44,27480,A,31548,25813,2020,6417,0,23963,0,5,3740,-821,-536,351,-450,-144,-578,1401,-559,1426,-485
2026-09-30,45,26266,A,30433,24694,1930,6417,0,23963,0,11,3856,-928,-749,329,-430,-16,-382,1402,-679,1426,-494
2026-09-30,46,25153,A,29180,23614,1805,6417,0,23963,0,8,4005,-934,-759,333,-299,0,-382,1402,-696,1426,-465
2026-09-30,47,24440,A,28862,22992,1694,6417,0,23963,0,11,4089,-964,-759,666,-149,0,-603,1401,-975,1426,-483
2026-09-30,48,23230,A,27542,21734,1632,6417,0,23963,0,8,3614,-962,-749,667,-128,0,-606,1401,-974,1426,-401
2026-10-01,1,22992,A,26974,21459,1536,6417,0,23963,0,6,3446,-827,-518,320,-278,0,-703,1401,-668,1426,-494
2026-10-01,2,22754,A,26691,21100,1527,6417,0,23963,0,8,3156,-817,-500,312,-258,0,-702,1402,-654,1426,-514
2026-10-01,3,22230,A,25500,20705,1458,6417,0,23963,0,12,3297,-566,-362,189,-212,0,-482,1401,-647,1426,-513
2026-10-01,4,21662,A,24874,20129,1411,6417,0,23963,0,12,3110,-549,-352,192,-198,0,-478,1402,-636,1426,-511
2026-10-01,5,21322,A,24002,19825,1335,6417,0,23963,0,12,2507,-397,-278,470,-329,0,-297,1401,-378,1426,-513
2026-10-01,6,21047,A,23726,19468,1218,6417,0,23963,0,12,2588,-390,-277,472,-349,0,-295,1401,-367,1426,-513
2026-10-01,7,20429,A,23358,18854,1156,6417,0,23963,0,12,2265,-640,-352,233,-349,0,-194,1402,-393,1426,-513
2026-10-01,8,19837,A,22748,18254,1127,6417,0,23963,0,12,2304,-654,-365,221,-296,0,-196,1402,-398,1425,-514
2026-10-01,9,19591,A,23140,18036,1089,6417,0,23963,0,12,2401,-671,-571,-270,-148,0,-452,1401,-481,1399,-468
2026-10-01,10,19862,A,23424,18317,1047,6417,0,23963,0,9,2437,-678,-599,-295,-33,0,-456,1401,-498,1308,-512
2026-10-01,11,20060,A,25170,18577,1035,6417,0,23963,0,8,2895,-1005,-1007,-790,-20,0,-515,1401,-793,96,-488
2026-10-01,12,20813,A,26122,19257,1099,6417,0,23963,0,13,2930,-1023,-1027,-802,-134,0,-516,1401,-802,-5,-513
2026-10-01,13,22218,A,27144,20492,1111,6417,0,23963,0,13,2894,-733,-1027,-745,-110,0,-467,1401,-719,-144,-494
2026-10-01,14,24446,A,29456,22581,1144,6417,0,23963,0,9,2949,-714,-1014,-744,-246,0,-467,1401,-697,-124,-513
2026-10-01,15,27030,A,31154,24994,1141,6417,12,23963,0,7,3024,-484,-722,-692,-395,-78,-458,1400,-289,489,-513
2026-10-01,16,28142,A,32348,26008,1122,6417,504,23963,0,7,3156,-492,-708,-617,-405,-229,-455,1400,-294,555,-513
2026-10-01,17,28322,A,32534,26020,1118,6417,1741,23963,0,74,2823,-731,-708,417,-449,-380,-220,1400,-785,1388,-513
2026-10-01,18,0,F,0,0,1126,6417,2698,23963,0,0,0,0,0,0,0,0,0,0,0,0,0
2026-10-01,19,0,F,0,0,1117,6417,3883,23963,0,0,0,0,0,0,0,0,0,0,0,0,0
2026-10-01,20,0,F,0,0,1133,6417,5029,23963,0,0,0,0,0,0,0,0,0,0,0,0,0
2026-10-01,21,0,F,0,0,1170,6417,6122,23963,0,0,0,0,0,0,0,0,0,0,0,0,0
2026-10-01,22,0,F,0,0,1227,6417,6884,23963,0,0,0,0,0,0,0,0,0,0,0,0,0
2026-10-01,23,0,F,0,0,1292,6417,7642,23963,0,0,0,0,0,0,0,0,0,0,0,0,0
2026-10-01,24,0,F,0,0,1362,6417,7956,23963,0,0,0,0,0,0,0,0,0,0,0,0,0
2026-10-01,25,0,F,0,0,1424,6417,8113,23963,0,0,0,0,0,0,0,0,0,0,0,0,0
2026-10-01,26,0,F,0,0,1474,6417,7977,23963,0,0,0,0,0,0,0,0,0,0,0,0,0
2026-10-01,27,0,F,0,0,1528,6417,7717,23963,0,0,0,0,0,0,0,0,0,0,0,0,0
2026-10-01,28,0,F,0,0,1582,6417,7290,23963,0,0,0,0,0,0,0,0,0,0,0,0,0
2026-10-01,29,0,F,0,0,1616,6417,6901,23963,0,0,0,0,0,0,0,0,0,0,0,0,0
2026-10-01,30,0,F,0,0,1638,6417,6410,23963,0,0,0,0,0,0,0,0,0,0,0,0,0
2026-10-01,31,0,F,0,0,1644,6417,5793,23963,0,0,0,0,0,0,0,0,0,0,0,0,0
2026-10-01,32,0,F,0,0,1635,6417,5036,23963,0,0,0,0,0,0,0,0,0,0,0,0,0
2026-10-01,33,0,F,0,0,1599,6417,4296,23963,0,0,0,0,0,0,0,0,0,0,0,0,0
2026-10-01,34,0,F,0,0,1535,6417,3484,23963,0,0,0,0,0,0,0,0,0,0,0,0,0
2026-10-01,35,0,F,0,0,1461,6417,2490,23963,0,0,0,0,0,0,0,0,0,0,0,0,0
2026-10-01,36,0,F,0,0,1388,6417,1417,23963,0,0,0,0,0,0,0,0,0,0,0,0,0
2026-10-01,37,0,F,0,0,1381,6417,536,23963,0,0,0,0,0,0,0,0,0,0,0,0,0
2026-10-01,38,0,F,0,0,1439,6417,224,23963,0,0,0,0,0,0,0,0,0,0,0,0,0
2026-10-01,39,0,F,0,0,1514,6417,0,23963,0,0,0,0,0,0,0,0,0,0,0,0,0
2026-10-01,40,0,F,0,0,1604,6417,0,23963,0,0,0,0,0,0,0,0,0,0,0,0,0
2026-10-01,41,0,F,0,0,1693,6417,0,23963,0,0,0,0,0,0,0,0,0,0,0,0,0
2026-10-01,42,0,F,0,0,1774,6417,0,23963,0,0,0,0,0,0,0,0,0,0,0,0,0
2026-10-01,43,0,F,0,0,1858,6417,0,23963,0,0,0,0,0,0,0,0,0,0,0,0,0
2026-10-01,44,0,F,0,0,1944,6417,0,23963,0,0,0,0,0,0,0,0,0,0,0,0,0
2026-10-01,45,0,F,0,0,2035,6417,0,23963,0,0,0,0,0,0,0,0,0,0,0,0,0
2026-10-01,46,0,F,0,0,2128,6417,0,23963,0,0,0,0,0,0,0,0,0,0,0,0,0
2026-10-01,47,0,F,0,0,2214,6417,0,23963,0,0,0,0,0,0,0,0,0,0,0,0,0
2026-10-01,48,0,F,0,0,2291,6417,0,23963,0,0,0,0,0,0,0,0,0,0,0,0,0
2026-10-02,1,0,F,0,0,2367,6417,0,23963,0,0,0,0,0,0,0,0,0,0,0,0,0
2026-10-02,2,0,F,0,0,2440,6417,0,23963,0,0,0,0,0,0,0,0,0,0,0,0,0
2026-10-02,3,0,F,0,0,2501,6417,0,23963,0,0,0,0,0,0,0,0,0,0,0,0,0
2026-10-02,4,0,F,0,0,2550,6417,0,23963,0,0,0,0,0,0,0,0,0,0,0,0,0
2026-10-02,5,0,F,0,0,2593,6417,0,23963,0,0,0,0,0,0,0,0,0,0,0,0,0
2026-10-02,6,0,F,0,0,2630,6417,0,23963,0,0,0,0,0,0,0,0,0,0,0,0,0
2026-10-02,7,0,F,0,0,2654,6417,0,23963,0,0,0,0,0,0,0,0,0,0,0,0,0
2026-10-02,8,0,F,0,0,2664,6417,0,23963,0,0,0,0,0,0,0,0,0,0,0,0,0
2026-10-02,9,0,F,0,0,2671,6417,0,23963,0,0,0,0,0,0,0,0,0,0,0,0,0
2026-10-02,10,0,F,0,0,2677,6417,0,23963,0,0,0,0,0,0,0,0,0,0,0,0,0
2026-10-02,11,0,F,0,0,2686,6417,0,23963,0,0,0,0,0,0,0,0,0,0,0,0,0
2026-10-02,12,0,F,0,0,2696,6417,0,23963,0,0,0,0,0,0,0,0,0,0,0,0,0
2026-10-02,13,0,F,0,0,2709,6417,0,23963,0,0,0,0,0,0,0,0,0,0,0,0,0
2026-10-02,14,0,F,0,0,2728,6417,0,23963,0,0,0,0,0,0,0,0,0,0,0,0,0
2026-10-02,15,0,F,0,0,2734,6417,139,23963,0,0,0,0,0,0,0,0,0,0,0,0,0
2026-10-02,16,0,F,0,0,2727,6417,457,23963,0,0,0,0,0,0,0,0,0,0,0,0,0
2026-10-02,17,0,F,0,0,2706,6417,1191,23963,0,0,0,0,0,0,0,0,0,0,0,0,0
2026-10-02,18,0,F,0,0,2675,6417,2419,23963,0,0,0,0,0,0,0,0,0,0,0,0,0
2026-10-02,19,0,F,0,0,2610,6417,3465,23963,0,0,0,0,0,0,0,0,0,0,0,0,0
2026-10-02,20,0,F,0,0,2518,6417,4389,23963,0,0,0,0,0,0,0,0,0,0,0,0,0
2026-10-02,21,0,F,0,0,2535,6417,5327,23963,0,0,0,0,0,0,0,0,0,0,0,0,0
2026-10-02,22,0,F,0,0,2660,6417,5959,23963,0,0,0,0,0,0,0,0,0,0,0,0,0
2026-10-02,23,0,F,0,0,2794,6417,6650,23963,0,0,0,0,0,0,0,0,0,0,0,0,0
2026-10-02,24,0,F,0,0,2935,6417,6971,23963,0,0,0,0,0,0,0,0,0,0,0,0,0
2026-10-02,25,0,F,0,0,3066,6417,7075,23963,0,0,0,0,0,0,0,0,0,0,0,0,0
2026-10-02,26,0,F,0,0,3188,6417,7031,23963,0,0,0,0,0,0,0,0,0,0,0,0,0
2026-10-02,27,0,F,0,0,3289,6417,6854,23963,0,0,0,0,0,0,0,0,0,0,0,0,0
2026-10-02,28,0,F,0,0,3372,6417,6533,23963,0,0,0,0,0,0,0,0,0,0,0,0,0
2026-10-02,29,0,F,0,0,3430,6417,6182,23963,0,0,0,0,0,0,0,0,0,0,0,0,0
2026-10-02,30,0,F,0,0,3465,6417,5501,23963,0,0,0,0,0,0,0,0,0,0,0,0,0
2026-10-02,31,0,F,0,0,3479,6417,4875,23963,0,0,0,0,0,0,0,0,0,0,0,0,0
2026-10-02,32,0,F,0,0,3472,6417,4177,23963,0,0,0,0,0,0,0,0,0,0,0,0,0
2026-10-02,33,0,F,0,0,3456,6417,3502,23963,0,0,0,0,0,0,0,0,0,0,0,0,0
2026-10-02,34,0,F,0,0,3427,6417,2835,23963,0,0,0,0,0,0,0,0,0,0,0,0,0
2026-10-02,35,0,F,0,0,3375,6417,1971,23963,0,0,0,0,0,0,0,0,0,0,0,0,0
2026-10-02,36,0,F,0,0,3298,6417,1084,23963,0,0,0,0,0,0,0,0,0,0,0,0,0
2026-10-02,37,0,F,0,0,3224,6417,416,23963,0,0,0,0,0,0,0,0,0,0,0,0,0
2026-10-02,38,0,F,0,0,3151,6417,187,23963,0,0,0,0,0,0,0,0,0,0,0,0,0
2026-10-02,39,0,F,0,0,3084,6417,0,23963,0,0,0,0,0,0,0,0,0,0,0,0,0
2026-10-02,40,0,F,0,0,3012,6417,0,23963,0,0,0,0,0,0,0,0,0,0,0,0,0
2026-10-02,41,0,F,0,0,2932,6417,0,23963,0,0,0,0,0,0,0,0,0,0,0,0,0
2026-10-02,42,0,F,0,0,2832,6417,0,23963,0,0,0,0,0,0,0,0,0,0,0,0,0
2026-10-02,43,0,F,0,0,2727,6417,0,23963,0,0,0,0,0,0,0,0,0,0,0,0,0
2026-10-02,44,0,F,0,0,2605,6417,0,23963,0,0,0,0,0,0,0,0,0,0,0,0,0
2026-10-02,45,0,F,0,0,2488,6417,0,23963,0,0,0,0,0,0,0,0,0,0,0,0,0
2026-10-02,46,0,F,0,0,2364,6417,0,23963,0,0,0,0,0,0,0,0,0,0,0,0,0
2026-10-02,47,0,F,0,0,2260,6417,0,23963,0,0,0,0,0,0,0,0,0,0,0,0,0
2026-10-02,48,0,F,0,0,2169,6417,0,23963,0,0,0,0,0,0,0,0,0,0,0,0,0
2026-10-03,1,0,F,0,0,2079,6417,0,23963,0,0,0,0,0,0,0,0,0,0,0,0,0
2026-10-03,2,0,F,0,0,1982,6417,0,23963,0,0,0,0,0,0,0,0,0,0,0,0,0
2026-10-03,3,0,F,0,0,1889,6417,0,23963,0,0,0,0,0,0,0,0,0,0,0,0,0
2026-10-03,4,0,F,0,0,1795,6417,0,23963,0,0,0,0,0,0,0,0,0,0,0,0,0
2026-10-03,5,0,F,0,0,1708,6417,0,23963,0,0,0,0,0,0,0,0,0,0,0,0,0
2026-10-03,6,0,F,0,0,1623,6417,0,23963,0,0,0,0,0,0,0,0,0,0,0,0,0
2026-10-03,7,0,F,0,0,1552,6417,0,23963,0,0,0,0,0,0,0,0,0,0,0,0,0
2026-10-03,8,0,F,0,0,1488,6417,0,23963,0,0,0,0,0,0,0,0,0,0,0,0,0
2026-10-03,9,0,F,0,0,1425,6417,0,23963,0,0,0,0,0,0,0,0,0,0,0,0,0
2026-10-03,10,0,F,0,0,1362,6417,0,23963,0,0,0,0,0,0,0,0,0,0,0,0,0
2026-10-03,11,0,F,0,0,1306,6417,0,23963,0,0,0,0,0,0,0,0,0,0,0,0,0
2026-10-03,12,0,F,0,0,1255,6417,0,23963,0,0,0,0,0,0,0,0,0,0,0,0,0
2026-10-03,13,0,F,0,0,1207,6417,0,23963,0,0,0,0,0,0,0,0,0,0,0,0,0
2026-10-03,14,0,F,0,0,1159,6417,0,23963,0,0,0,0,0,0,0,0,0,0,0,0,0
2026-10-03,15,0,F,0,0,1111,6417,123,23963,0,0,0,0,0,0,0,0,0,0,0,0,0
2026-10-03,16,0,F,0,0,1064,6417,359,23963,0,0,0,0,0,0,0,0,0,0,0,0,0
2026-10-03,17,0,F,0,0,1003,6417,936,23963,0,0,0,0,0,0,0,0,0,0,0,0,0
2026-10-03,18,0,F,0,0,931,6417,2005,23963,0,0,0,0,0,0,0,0,0,0,0,0,0
2026-10-03,19,0,F,0,0,859,6417,2924,23963,0,0,0,0,0,0,0,0,0,0,0,0,0
2026-10-03,20,0,F,0,0,790,6417,3770,23963,0,0,0,0,0,0,0,0,0,0,0,0,0
2026-10-03,21,0,F,0,0,764,6417,4706,23963,0,0,0,0,0,0,0,0,0,0,0,0,0
2026-10-03,22,0,F,0,0,778,6417,5462,23963,0,0,0,0,0,0,0,0,0,0,0,0,0
2026-10-03,23,0,F,0,0,800,6417,6271,23963,0,0,0,0,0,0,0,0,0,0,0,0,0
2026-10-03,24,0,F,0,0,830,6417,6850,23963,0,0,0,0,0,0,0,0,0,0,0,0,0
2026-10-03,25,0,F,0,0,859,6417,7210,23963,0,0,0,0,0,0,0,0,0,0,0,0,0
2026-10-03,26,0,F,0,0,886,6417,7356,23963,0,0,0,0,0,0,0,0,0,0,0,0,0
2026-10-03,27,0,F,0,0,912,6417,7346,23963,0,0,0,0,0,0,0,0,0,0,0,0,0
2026-10-03,28,0,F,0,0,934,6417,7071,23963,0,0,0,0,0,0,0,0,0,0,0,0,0
2026-10-03,29,0,F,0,0,948,6417,6705,23963,0,0,0,0,0,0,0,0,0,0,0,0,0
2026-10-03,30,0,F,0,0,954,6417,5979,23963,0,0,0,0,0,0,0,0,0,0,0,0,0
2026-10-03,31,0,F,0,0,950,6417,5316,23963,0,0,0,0,0,0,0,0,0,0,0,0,0
2026-10-03,32,0,F,0,0,935,6417,4563,23963,0,0,0,0,0,0,0,0,0,0,0,0,0
2026-10-03,33,0,F,0,0,906,6417,3815,23963,0,0,0,0,0,0,0,0,0,0,0,0,0
2026-10-03,34,0,F,0,0,866,6417,3056,23963,0,0,0,0,0,0,0,0,0,0,0,0,0
2026-10-03,35,0,F,0,0,840,6417,2056,23963,0,0,0,0,0,0,0,0,0,0,0,0,0
2026-10-03,36,0,F,0,0,833,6417,1120,23963,0,0,0,0,0,0,0,0,0,0,0,0,0
2026-10-03,37,0,F,0,0,853,6417,411,23963,0,0,0,0,0,0,0,0,0,0,0,0,0
2026-10-03,38,0,F,0,0,905,6417,173,23963,0,0,0,0,0,0,0,0,0,0,0,0,0
2026-10-03,39,0,F,0,0,958,6417,0,23963,0,0,0,0,0,0,0,0,0,0,0,0,0
2026-10-03,40,0,F,0,0,1007,6417,0,23963,0,0,0,0,0,0,0,0,0,0,0,0,0
2026-10-03,41,0,F,0,0,1053,6417,0,23963,0,0,0,0,0,0,0,0,0,0,0,0,0
2026-10-03,42,0,F,0,0,1092,6417,0,23963,0,0,0,0,0,0,0,0,0,0,0,0,0
2026-10-03,43,0,F,0,0,1137,6417,0,23963,0,0,0,0,0,0,0,0,0,0,0,0,0
2026-10-03,44,0,F,0,0,1185,6417,0,23963,0,0,0,0,0,0,0,0,0,0,0,0,0
2026-10-03,45,0,F,0,0,1236,6417,0,23963,0,0,0,0,0,0,0,0,0,0,0,0,0
2026-10-03,46,0,F,0,0,1287,6417,0,23963,0,0,0,0,0,0,0,0,0,0,0,0,0
2026-10-03,47,0,F,0,0,1340,6417,0,23963,0,0,0,0,0,0,0,0,0,0,0,0,0
2026-10-03,48,0,F,0,0,1393,6417,0,23963,0,0,0,0,0,0,0,0,0,0,0,0,0
2026-10-04,1,0,F,0,0,1449,6417,0,23963,0,0,0,0,0,0,0,0,0,0,0,0,0
2026-10-04,2,0,F,0,0,1508,6417,0,23963,0,0,0,0,0,0,0,0,0,0,0,0,0
2026-10-04,3,0,F,0,0,1567,6417,0,23963,0,0,0,0,0,0,0,0,0,0,0,0,0
2026-10-04,4,0,F,0,0,1622,6417,0,23963,0,0,0,0,0,0,0,0,0,0,0,0,0
2026-10-04,5,0,F,0,0,1677,6417,0,23963,0,0,0,0,0,0,0,0,0,0,0,0,0
2026-10-04,6,0,F,0,0,1731,6417,0,23963,0,0,0,0,0,0,0,0,0,0,0,0,0
2026-10-04,7,0,F,0,0,1785,6417,0,23963,0,0,0,0,0,0,0,0,0,0,0,0,0
2026-10-04,8,0,F,0,0,1841,6417,0,23963,0,0,0,0,0,0,0,0,0,0,0,0,0
2026-10-04,9,0,F,0,0,1888,6417,0,23963,0,0,0,0,0,0,0,0,0,0,0,0,0
2026-10-04,10,0,F,0,0,1927,6417,0,23963,0,0,0,0,0,0,0,0,0,0,0,0,0
2026-10-04,11,0,F,0,0,1963,6417,0,23963,0,0,0,0,0,0,0,0,0,0,0,0,0
2026-10-04,12,0,F,0,0,1995,6417,0,23963,0,0,0,0,0,0,0,0,0,0,0,0,0
2026-10-04,13,0,F,0,0,2028,6417,0,23963,0,0,0,0,0,0,0,0,0,0,0,0,0
2026-10-04,14,0,F,0,0,2061,6417,0,23963,0,0,0,0,0,0,0,0,0,0,0,0,0
2026-10-04,15,0,F,0,0,2080,6417,127,23963,0,0,0,0,0,0,0,0,0,0,0,0,0
2026-10-04,16,0,F,0,0,2084,6417,367,23963,0,0,0,0,0,0,0,0,0,0,0,0,0
2026-10-04,17,0,F,0,0,2081,6417,949,23963,0,0,0,0,0,0,0,0,0,0,0,0,0
2026-10-04,18,0,F,0,0,2072,6417,2055,23963,0,0,0,0,0,0,0,0,0,0,0,0,0
2026-10-04,19,0,F,0,0,2074,6417,3030,23963,0,0,0,0,0,0,0,0,0,0,0,0,0
2026-10-04,20,0,F,0,0,2085,6417,3919,23963,0,0,0,0,0,0,0,0,0,0,0,0,0
2026-10-04,21,0,F,0,0,2115,6417,4881,23963,0,0,0,0,0,0,0,0,0,0,0,0,0
2026-10-04,22,0,F,0,0,2166,6417,5633,23963,0,0,0,0,0,0,0,0,0,0,0,0,0
2026-10-04,23,0,F,0,0,2221,6417,6425,23963,0,0,0,0,0,0,0,0,0,0,0,0,0
2026-10-04,24,0,F,0,0,2281,6417,6950,23963,0,0,0,0,0,0,0,0,0,0,0,0,0
2026-10-04,25,0,F,0,0,2341,6417,7246,23963,0,0,0,0,0,0,0,0,0,0,0,0,0
2026-10-04,26,0,F,0,0,2401,6417,7290,23963,0,0,0,0,0,0,0,0,0,0,0,0,0
2026-10-04,27,0,F,0,0,2439,6417,7245,23963,0,0,0,0,0,0,0,0,0,0,0,0,0
2026-10-04,28,0,F,0,0,2455,6417,6996,23963,0,0,0,0,0,0,0,0,0,0,0,0,0
2026-10-04,29,0,F,0,0,2466,6417,6595,23963,0,0,0,0,0,0,0,0,0,0,0,0,0
2026-10-04,30,0,F,0,0,2473,6417,5876,23963,0,0,0,0,0,0,0,0,0,0,0,0,0
2026-10-04,31,0,F,0,0,2473,6417,5260,23963,0,0,0,0,0,0,0,0,0,0,0,0,0
2026-10-04,32,0,F,0,0,2469,6417,4421,23963,0,0,0,0,0,0,0,0,0,0,0,0,0
2026-10-04,33,0,F,0,0,2450,6417,3602,23963,0,0,0,0,0,0,0,0,0,0,0,0,0
2026-10-04,34,0,F,0,0,2415,6417,2787,23963,0,0,0,0,0,0,0,0,0,0,0,0,0
2026-10-04,35,0,F,0,0,2382,6417,1772,23963,0,0,0,0,0,0,0,0,0,0,0,0,0
2026-10-04,36,0,F,0,0,2352,6417,943,23963,0,0,0,0,0,0,0,0,0,0,0,0,0
2026-10-04,37,0,F,0,0,2333,6417,374,23963,0,0,0,0,0,0,0,0,0,0,0,0,0
2026-10-04,38,0,F,0,0,2325,6417,166,23963,0,0,0,0,0,0,0,0,0,0,0,0,0
2026-10-04,39,0,F,0,0,2316,6417,30,23963,0,0,0,0,0,0,0,0,0,0,0,0,0
2026-10-04,40,0,F,0,0,2305,6417,12,23963,0,0,0,0,0,0,0,0,0,0,0,0,0
2026-10-04,41,0,F,0,0,2297,6417,0,23963,0,0,0,0,0,0,0,0,0,0,0,0,0
2026-10-04,42,0,F,0,0,2292,6417,0,23963,0,0,0,0,0,0,0,0,0,0,0,0,0
2026-10-04,43,0,F,0,0,2291,6417,0,23963,0,0,0,0,0,0,0,0,0,0,0,0,0
2026-10-04,44,0,F,0,0,2294,6417,0,23963,0,0,0,0,0,0,0,0,0,0,0,0,0
2026-10-04,45,0,F,0,0,2295,6417,0,23963,0,0,0,0,0,0,0,0,0,0,0,0,0
2026-10-04,46,0,F,0,0,2294,6417,0,23963,0,0,0,0,0,0,0,0,0,0,0,0,0
2026-10-04,47,0,F,0,0,2293,6417,0,23963,0,0,0,0,0,0,0,0,0,0,0,0,0
2026-10-04,48,0,F,0,0,2292,6417,4,23963,0,0,0,0,0,0,0,0,0,0,0,0,0
2026-10-05,1,0,F,0,0,2293,6417,8,23963,0,0,0,0,0,0,0,0,0,0,0,0,0
2026-10-05,2,0,F,0,0,2295,6417,10,23963,0,0,0,0,0,0,0,0,0,0,0,0,0
2026-10-05,3,0,F,0,0,2292,6417,11,23963,0,0,0,0,0,0,0,0,0,0,0,0,0
2026-10-05,4,0,F,0,0,2285,6417,9,23963,0,0,0,0,0,0,0,0,0,0,0,0,0
2026-10-05,5,0,F,0,0,2278,6417,6,23963,0,0,0,0,0,0,0,0,0,0,0,0,0
2026-10-05,6,0,F,0,0,2272,6417,0,23963,0,0,0,0,0,0,0,0,0,0,0,0,0
2026-10-05,7,0,F,0,0,2269,6417,0,23963,0,0,0,0,0,0,0,0,0,0,0,0,0
2026-10-05,8,0,F,0,0,2271,6417,0,23963,0,0,0,0,0,0,0,0,0,0,0,0,0
2026-10-05,9,0,F,0,0,2263,6417,1,23963,0,0,0,0,0,0,0,0,0,0,0,0,0
2026-10-05,10,0,F,0,0,2246,6417,1,23963,0,0,0,0,0,0,0,0,0,0,0,0,0
2026-10-05,11,0,F,0,0,2228,6417,1,23963,0,0,0,0,0,0,0,0,0,0,0,0,0
2026-10-05,12,0,F,0,0,2210,6417,0,23963,0,0,0,0,0,0,0,0,0,0,0,0,0
2026-10-05,13,0,F,0,0,2195,6417,29,23963,0,0,0,0,0,0,0,0,0,0,0,0,0
2026-10-05,14,0,F,0,0,2181,6417,79,23963,0,0,0,0,0,0,0,0,0,0,0,0,0
2026-10-05,15,0,F,0,0,2152,6417,231,23963,0,0,0,0,0,0,0,0,0,0,0,0,0
2026-10-05,16,0,F,0,0,2107,6417,440,23963,0,0,0,0,0,0,0,0,0,0,0,0,0
2026-10-05,17,0,F,0,0,2065,6417,898,23963,0,0,0,0,0,0,0,0,0,0,0,0,0
2026-10-05,18,0,F,0,0,2028,6417,1776,23963,0,0,0,0,0,0,0,0,0,0,0,0,0
2026-10-05,19,0,F,0,0,2005,6417,2590,23963,0,0,0,0,0,0,0,0,0,0,0,0,0
2026-10-05,20,0,F,0,0,1996,6417,3444,23963,0,0,0,0,0,0,0,0,0,0,0,0,0
2026-10-05,21,0,F,0,0,2004,6417,4423,23963,0,0,0,0,0,0,0,0,0,0,0,0,0
2026-10-05,22,0,F,0,0,2028,6417,5291,23963,0,0,0,0,0,0,0,0,0,0,0,0,0
2026-10-05,23,0,F,0,0,2053,6417,6090,23963,0,0,0,0,0,0,0,0,0,0,0,0,0
2026-10-05,24,0,F,0,0,2079,6417,6597,23963,0,0,0,0,0,0,0,0,0,0,0,0,0
2026-10-05,25,0,F,0,0,2106,6417,6891,23963,0,0,0,0,0,0,0,0,0,0,0,0,0
2026-10-05,26,0,F,0,0,2133,6417,6967,23963,0,0,0,0,0,0,0,0,0,0,0,0,0
2026-10-05,27,0,F,0,0,2133,6417,6897,23963,0,0,0,0,0,0,0,0,0,0,0,0,0
2026-10-05,28,0,F,0,0,2105,6417,6676,23963,0,0,0,0,0,0,0,0,0,0,0,0,0
2026-10-05,29,0,F,0,0,2076,6417,6263,23963,0,0,0,0,0,0,0,0,0,0,0,0,0
2026-10-05,30,0,F,0,0,2047,6417,5648,23963,0,0,0,0,0,0,0,0,0,0,0,0,0
2026-10-05,31,0,F,0,0,2019,6417,4899,23963,0,0,0,0,0,0,0,0,0,0,0,0,0
2026-10-05,32,0,F,0,0,1993,6417,4022,23963,0,0,0,0,0,0,0,0,0,0,0,0,0
2026-10-05,33,0,F,0,0,1949,6417,3114,23963,0,0,0,0,0,0,0,0,0,0,0,0,0
2026-10-05,34,0,F,0,0,1890,6417,2344,23963,0,0,0,0,0,0,0,0,0,0,0,0,0
2026-10-05,35,0,F,0,0,1835,6417,1439,23963,0,0,0,0,0,0,0,0,0,0,0,0,0
2026-10-05,36,0,F,0,0,1787,6417,799,23963,0,0,0,0,0,0,0,0,0,0,0,0,0
2026-10-05,37,0,F,0,0,1749,6417,403,23963,0,0,0,0,0,0,0,0,0,0,0,0,0
2026-10-05,38,0,F,0,0,1720,6417,204,23963,0,0,0,0,0,0,0,0,0,0,0,0,0
2026-10-05,39,0,F,0,0,1696,6417,86,23963,0,0,0,0,0,0,0,0,0,0,0,0,0
2026-10-05,40,0,F,0,0,1676,6417,33,23963,0,0,0,0,0,0,0,0,0,0,0,0,0
2026-10-05,41,0,F,0,0,1659,6417,0,23963,0,0,0,0,0,0,0,0,0,0,0,0,0
2026-10-05,42,0,F,0,0,1647,6417,1,23963,0,0,0,0,0,0,0,0,0,0,0,0,0
2026-10-05,43,0,F,0,0,1638,6417,1,23963,0,0,0,0,0,0,0,0,0,0,0,0,0
2026-10-05,44,0,F,0,0,1634,6417,1,23963,0,0,0,0,0,0,0,0,0,0,0,0,0
2026-10-05,45,0,F,0,0,1620,6417,0,23963,0,0,0,0,0,0,0,0,0,0,0,0,0
2026-10-05,46,0,F,0,0,1596,6417,0,23963,0,0,0,0,0,0,0,0,0,0,0,0,0
2026-10-05,47,0,F,0,0,1577,6417,1,23963,0,0,0,0,0,0,0,0,0,0,0,0,0
2026-10-05,48,0,F,0,0,1566,6417,9,23963,0,0,0,0,0,0,0,0,0,0,0,0,0
2026-10-06,1,0,F,0,0,1561,6417,14,23963,0,0,0,0,0,0,0,0,0,0,0,0,0
2026-10-06,2,0,F,0,0,1564,6417,16,23963,0,0,0,0,0,0,0,0,0,0,0,0,0
2026-10-06,3,0,F,0,0,1554,6417,15,23963,0,0,0,0,0,0,0,0,0,0,0,0,0
2026-10-06,4,0,F,0,0,1529,6417,12,23963,0,0,0,0,0,0,0,0,0,0,0,0,0
2026-10-06,5,0,F,0,0,1511,6417,7,23963,0,0,0,0,0,0,0,0,0,0,0,0,0
2026-10-06,6,0,F,0,0,1503,6417,1,23963,0,0,0,0,0,0,0,0,0,0,0,0,0
2026-10-06,7,0,F,0,0,1503,6417,0,23963,0,0,0,0,0,0,0,0,0,0,0,0,0
2026-10-06,8,0,F,0,0,1514,6417,2,23963,0,0,0,0,0,0,0,0,0,0,0,0,0
2026-10-06,9,0,F,0,0,1502,6417,3,23963,0,0,0,0,0,0,0,0,0,0,0,0,0
2026-10-06,10,0,F,0,0,1472,6417,4,23963,0,0,0,0,0,0,0,0,0,0,0,0,0
2026-10-06,11,0,F,0,0,1455,6417,3,23963,0,0,0,0,0,0,0,0,0,0,0,0,0
2026-10-06,12,0,F,0,0,1452,6417,1,23963,0,0,0,0,0,0,0,0,0,0,0,0,0
2026-10-06,13,0,F,0,0,1462,6417,32,23963,0,0,0,0,0,0,0,0,0,0,0,0,0
2026-10-06,14,0,F,0,0,1485,6417,82,23963,0,0,0,0,0,0,0,0,0,0,0,0,0
2026-10-06,15,0,F,0,0,1459,6417,210,23963,0,0,0,0,0,0,0,0,0,0,0,0,0
2026-10-06,16,0,F,0,0,1385,6417,377,23963,0,0,0,0,0,0,0,0,0,0,0,0,0
2026-10-06,17,0,F,0,0,1329,6417,769,23963,0,0,0,0,0,0,0,0,0,0,0,0,0
2026-10-06,18,0,F,0,0,1294,6417,1539,23963,0,0,0,0,0,0,0,0,0,0,0,0,0
2026-10-06,19,0,F,0,0,1278,6417,2322,23963,0,0,0,0,0,0,0,0,0,0,0,0,0
2026-10-06,20,0,F,0,0,1279,6417,3238,23963,0,0,0,0,0,0,0,0,0,0,0,0,0
2026-10-06,21,0,F,0,0,1264,6417,4310,23963,0,0,0,0,0,0,0,0,0,0,0,0,0
2026-10-06,22,0,F,0,0,1235,6417,5262,23963,0,0,0,0,0,0,0,0,0,0,0,0,0
2026-10-06,23,0,F,0,0,1227,6417,6023,23963,0,0,0,0,0,0,0,0,0,0,0,0,0
2026-10-06,24,0,F,0,0,1240,6417,6389,23963,0,0,0,0,0,0,0,0,0,0,0,0,0
2026-10-06,25,0,F,0,0,1270,6417,6488,23963,0,0,0,0,0,0,0,0,0,0,0,0,0
2026-10-06,26,0,F,0,0,1320,6417,6303,23963,0,0,0,0,0,0,0,0,0,0,0,0,0
2026-10-06,27,0,F,0,0,1308,6417,5920,23963,0,0,0,0,0,0,0,0,0,0,0,0,0
2026-10-06,28,0,F,0,0,1228,6417,5517,23963,0,0,0,0,0,0,0,0,0,0,0,0,0
2026-10-06,29,0,F,0,0,1155,6417,5034,23963,0,0,0,0,0,0,0,0,0,0,0,0,0
2026-10-06,30,0,F,0,0,1092,6417,4522,23963,0,0,0,0,0,0,0,0,0,0,0,0,0
2026-10-06,31,0,F,0,0,1039,6417,3922,23963,0,0,0,0,0,0,0,0,0,0,0,0,0
2026-10-06,32,0,F,0,0,996,6417,3421,23963,0,0,0,0,0,0,0,0,0,0,0,0,0
2026-10-06,33,0,F,0,0,962,6417,2952,23963,0,0,0,0,0,0,0,0,0,0,0,0,0
2026-10-06,34,0,F,0,0,937,6417,2607,23963,0,0,0,0,0,0,0,0,0,0,0,0,0
2026-10-06,35,0,F,0,0,921,6417,1966,23963,0,0,0,0,0,0,0,0,0,0,0,0,0
2026-10-06,36,0,F,0,0,915,6417,1525,23963,0,0,0,0,0,0,0,0,0,0,0,0,0
2026-10-06,37,0,F,0,0,920,6417,1194,23963,0,0,0,0,0,0,0,0,0,0,0,0,0
2026-10-06,38,0,F,0,0,936,6417,791,23963,0,0,0,0,0,0,0,0,0,0,0,0,0
2026-10-06,39,0,F,0,0,919,6417,571,23963,0,0,0,0,0,0,0,0,0,0,0,0,0
2026-10-06,40,0,F,0,0,866,6417,427,23963,0,0,0,0,0,0,0,0,0,0,0,0,0
2026-10-06,41,0,F,0,0,824,6417,296,23963,0,0,0,0,0,0,0,0,0,0,0,0,0
2026-10-06,42,0,F,0,0,792,6417,176,23963,0,0,0,0,0,0,0,0,0,0,0,0,0
2026-10-06,43,0,F,0,0,770,6417,69,23963,0,0,0,0,0,0,0,0,0,0,0,0,0
2026-10-06,44,0,F,0,0,755,6417,9,23963,0,0,0,0,0,0,0,0,0,0,0,0,0
2026-10-06,45,0,F,0,0,748,6417,2,23963,0,0,0,0,0,0,0,0,0,0,0,0,0
2026-10-06,46,0,F,0,0,749,6417,1,23963,0,0,0,0,0,0,0,0,0,0,0,0,0
2026-10-06,47,0,F,0,0,758,6417,0,23963,0,0,0,0,0,0,0,0,0,0,0,0,0
2026-10-06,48,0,F,0,0,777,6417,0,23963,0,0,0,0,0,0,0,0,0,0,0,0,0
2026-10-07,1,0,F,0,0,805,6417,0,23963,0,0,0,0,0,0,0,0,0,0,0,0,0
2026-10-07,2,0,F,0,0,844,6417,0,23963,0,0,0,0,0,0,0,0,0,0,0,0,0
2026-10-07,3,0,F,0,0,854,6417,0,23963,0,0,0,0,0,0,0,0,0,0,0,0,0
2026-10-07,4,0,F,0,0,831,6417,0,23963,0,0,0,0,0,0,0,0,0,0,0,0,0
2026-10-07,5,0,F,0,0,816,6417,0,23963,0,0,0,0,0,0,0,0,0,0,0,0,0
2026-10-07,6,0,F,0,0,808,6417,0,23963,0,0,0,0,0,0,0,0,0,0,0,0,0
2026-10-07,7,0,F,0,0,808,6417,0,23963,0,0,0,0,0,0,0,0,0,0,0,0,0
2026-10-07,8,0,F,0,0,814,6417,0,23963,0,0,0,0,0,0,0,0,0,0,0,0,0
2026-10-07,9,0,F,0,0,828,6417,3,23963,0,0,0,0,0,0,0,0,0,0,0,0,0
2026-10-07,10,0,F,0,0,849,6417,57,23963,0,0,0,0,0,0,0,0,0,0,0,0,0
2026-10-07,11,0,F,0,0,877,6417,190,23963,0,0,0,0,0,0,0,0,0,0,0,0,0
2026-10-07,12,0,F,0,0,913,6417,342,23963,0,0,0,0,0,0,0,0,0,0,0,0,0
2026-10-07,13,0,F,0,0,958,6417,513,23963,0,0,0,0,0,0,0,0,0,0,0,0,0
2026-10-07,14,0,F,0,0,1011,6417,701,23963,0,0,0,0,0,0,0,0,0,0,0,0,0
2026-10-07,15,0,F,0,0,1024,6417,1229,23963,0,0,0,0,0,0,0,0,0,0,0,0,0
2026-10-07,16,0,F,0,0,998,6417,1574,23963,0,0,0,0,0,0,0,0,0,0,0,0,0
2026-10-07,17,0,F,0,0,981,6417,1959,23963,0,0,0,0,0,0,0,0,0,0,0,0,0
2026-10-07,18,0,F,0,0,972,6417,2523,23963,0,0,0,0,0,0,0,0,0,0,0,0,0
2026-10-07,19,0,F,0,0,970,6417,2864,23963,0,0,0,0,0,0,0,0,0,0,0,0,0
2026-10-07,20,0,F,0,0,977,6417,3116,23963,0,0,0,0,0,0,0,0,0,0,0,0,0
2026-10-07,21,0,F,0,0,991,6417,3425,23963,0,0,0,0,0,0,0,0,0,0,0,0,0
2026-10-07,22,0,F,0,0,1014,6417,3738,23963,0,0,0,0,0,0,0,0,0,0,0,0,0
2026-10-07,23,0,F,0,0,1045,6417,4052,23963,0,0,0,0,0,0,0,0,0,0,0,0,0
2026-10-07,24,0,F,0,0,1083,6417,4170,23963,0,0,0,0,0,0,0,0,0,0,0,0,0
2026-10-07,25,0,F,0,0,1129,6417,4259,23963,0,0,0,0,0,0,0,0,0,0,0,0,0
2026-10-07,26,0,F,0,0,1183,6417,4267,23963,0,0,0,0,0,0,0,0,0,0,0,0,0
2026-10-07,27,0,F,0,0,1206,6417,4233,23963,0,0,0,0,0,0,0,0,0,0,0,0,0
2026-10-07,28,0,F,0,0,1201,6417,4135,23963,0,0,0,0,0,0,0,0,0,0,0,0,0
2026-10-07,29,0,F,0,0,1204,6417,3988,23963,0,0,0,0,0,0,0,0,0,0,0,0,0
2026-10-07,30,0,F,0,0,1216,6417,3735,23963,0,0,0,0,0,0,0,0,0,0,0,0,0
2026-10-07,31,0,F,0,0,1237,6417,3395,23963,0,0,0,0,0,0,0,0,0,0,0,0,0
2026-10-07,32,0,F,0,0,1267,6417,3083,23963,0,0,0,0,0,0,0,0,0,0,0,0,0
2026-10-07,33,0,F,0,0,1306,6417,2810,23963,0,0,0,0,0,0,0,0,0,0,0,0,0
2026-10-07,34,0,F,0,0,1354,6417,2596,23963,0,0,0,0,0,0,0,0,0,0,0,0,0
2026-10-07,35,0,F,0,0,1413,6417,2026,23963,0,0,0,0,0,0,0,0,0,0,0,0,0
2026-10-07,36,0,F,0,0,1482,6417,1677,23963,0,0,0,0,0,0,0,0,0,0,0,0,0
2026-10-07,37,0,F,0,0,1559,6417,1376,23963,0,0,0,0,0,0,0,0,0,0,0,0,0
2026-10-07,38,0,F,0,0,1645,6417,883,23963,0,0,0,0,0,0,0,0,0,0,0,0,0
2026-10-07,39,0,F,0,0,1675,6417,666,23963,0,0,0,0,0,0,0,0,0,0,0,0,0
2026-10-07,40,0,F,0,0,1650,6417,504,23963,0,0,0,0,0,0,0,0,0,0,0,0,0
2026-10-07,41,0,F,0,0,1631,6417,355,23963,0,0,0,0,0,0,0,0,0,0,0,0,0
2026-10-07,42,0,F,0,0,1619,6417,217,23963,0,0,0,0,0,0,0,0,0,0,0,0,0
2026-10-07,43,0,F,0,0,1614,6417,92,23963,0,0,0,0,0,0,0,0,0,0,0,0,0
2026-10-07,44,0,F,0,0,1615,6417,10,23963,0,0,0,0,0,0,0,0,0,0,0,0,0
2026-10-07,45,0,F,0,0,1623,6417,1,23963,0,0,0,0,0,0,0,0,0,0,0,0,0
2026-10-07,46,0,F,0,0,1637,6417,0,23963,0,0,0,0,0,0,0,0,0,0,0,0,0
2026-10-07,47,0,F,0,0,1658,6417,0,23963,0,0,0,0,0,0,0,0,0,0,0,0,0
2026-10-07,48,0,F,0,0,1685,6417,0,23963,0,0,0,0,0,0,0,0,0,0,0,0,0
2026-10-08,1,0,F,0,0,1718,6417,0,23963,0,0,0,0,0,0,0,0,0,0,0,0,0
2026-10-08,2,0,F,0,0,1754,6417,0,23963,0,0,0,0,0,0,0,0,0,0,0,0,0
2026-10-08,3,0,F,0,0,1759,6417,0,23963,0,0,0,0,0,0,0,0,0,0,0,0,0
2026-10-08,4,0,F,0,0,1733,6417,0,23963,0,0,0,0,0,0,0,0,0,0,0,0,0
2026-10-08,5,0,F,0,0,1712,6417,0,23963,0,0,0,0,0,0,0,0,0,0,0,0,0
2026-10-08,6,0,F,0,0,1697,6417,0,23963,0,0,0,0,0,0,0,0,0,0,0,0,0
2026-10-08,7,0,F,0,0,1686,6417,0,23963,0,0,0,0,0,0,0,0,0,0,0,0,0
2026-10-08,8,0,F,0,0,1681,6417,0,23963,0,0,0,0,0,0,0,0,0,0,0,0,0
2026-10-08,9,0,F,0,0,1681,6417,1,23963,0,0,0,0,0,0,0,0,0,0,0,0,0
2026-10-08,10,0,F,0,0,1686,6417,67,23963,0,0,0,0,0,0,0,0,0,0,0,0,0
2026-10-08,11,0,F,0,0,1696,6417,247,23963,0,0,0,0,0,0,0,0,0,0,0,0,0
2026-10-08,12,0,F,0,0,1711,6417,454,23963,0,0,0,0,0,0,0,0,0,0,0,0,0
2026-10-08,13,0,F,0,0,1730,6417,686,23963,0,0,0,0,0,0,0,0,0,0,0,0,0
2026-10-08,14,0,F,0,0,1752,6417,945,23963,0,0,0,0,0,0,0,0,0,0,0,0,0
2026-10-08,15,0,F,0,0,1732,6417,1755,23963,0,0,0,0,0,0,0,0,0,0,0,0,0
2026-10-08,16,0,F,0,0,1674,6417,2297,23963,0,0,0,0,0,0,0,0,0,0,0,0,0
2026-10-08,17,0,F,0,0,1624,6417,2789,23963,0,0,0,0,0,0,0,0,0,0,0,0,0
2026-10-08,18,0,F,0,0,1583,6417,3405,23963,0,0,0,0,0,0,0,0,0,0,0,0,0
2026-10-08,19,0,F,0,0,1549,6417,3834,23963,0,0,0,0,0,0,0,0,0,0,0,0,0
2026-10-08,20,0,F,0,0,1524,6417,4080,23963,0,0,0,0,0,0,0,0,0,0,0,0,0
2026-10-08,21,0,F,0,0,1506,6417,4428,23963,0,0,0,0,0,0,0,0,0,0,0,0,0
2026-10-08,22,0,F,0,0,1496,6417,4757,23963,0,0,0,0,0,0,0,0,0,0,0,0,0
2026-10-08,23,0,F,0,0,1494,6417,5036,23963,0,0,0,0,0,0,0,0,0,0,0,0,0
2026-10-08,24,0,F,0,0,1498,6417,5169,23963,0,0,0,0,0,0,0,0,0,0,0,0,0
2026-10-08,25,0,F,0,0,1508,6417,5223,23963,0,0,0,0,0,0,0,0,0,0,0,0,0
2026-10-08,26,0,F,0,0,1525,6417,5185,23963,0,0,0,0,0,0,0,0,0,0,0,0,0
2026-10-08,27,0,F,0,0,1514,6417,5084,23963,0,0,0,0,0,0,0,0,0,0,0,0,0
2026-10-08,28,0,F,0,0,1478,6417,4903,23963,0,0,0,0,0,0,0,0,0,0,0,0,0
2026-10-08,29,0,F,0,0,1452,6417,4711,23963,0,0,0,0,0,0,0,0,0,0,0,0,0
2026-10-08,30,0,F,0,0,1433,6417,4379,23963,0,0,0,0,0,0,0,0,0,0,0,0,0
2026-10-08,31,0,F,0,0,1423,6417,3976,23963,0,0,0,0,0,0,0,0,0,0,0,0,0
2026-10-08,32,0,F,0,0,1421,6417,3598,23963,0,0,0,0,0,0,0,0,0,0,0,0,0
2026-10-08,33,0,F,0,0,1427,6417,3293,23963,0,0,0,0,0,0,0,0,0,0,0,0,0
2026-10-08,34,0,F,0,0,1440,6417,3015,23963,0,0,0,0,0,0,0,0,0,0,0,0,0
2026-10-08,35,0,F,0,0,1461,6417,2375,23963,0,0,0,0,0,0,0,0,0,0,0,0,0
2026-10-08,36,0,F,0,0,1489,6417,1947,23963,0,0,0,0,0,0,0,0,0,0,0,0,0
2026-10-08,37,0,F,0,0,1524,6417,1588,23963,0,0,0,0,0,0,0,0,0,0,0,0,0
2026-10-08,38,0,F,0,0,1566,6417,977,23963,0,0,0,0,0,0,0,0,0,0,0,0,0
2026-10-08,39,0,F,0,0,1581,6417,731,23963,0,0,0,0,0,0,0,0,0,0,0,0,0
2026-10-08,40,0,F,0,0,1573,6417,539,23963,0,0,0,0,0,0,0,0,0,0,0,0,0
2026-10-08,41,0,F,0,0,1575,6417,366,23963,0,0,0,0,0,0,0,0,0,0,0,0,0
2026-10-08,42,0,F,0,0,1588,6417,209,23963,0,0,0,0,0,0,0,0,0,0,0,0,0
2026-10-08,43,0,F,0,0,1610,6417,70,23963,0,0,0,0,0,0,0,0,0,0,0,0,0
2026-10-08,44,0,F,0,0,1642,6417,3,23963,0,0,0,0,0,0,0,0,0,0,0,0,0
2026-10-08,45,0,F,0,0,1683,6417,0,23963,0,0,0,0,0,0,0,0,0,0,0,0,0
2026-10-08,46,0,F,0,0,1735,6417,0,23963,0,0,0,0,0,0,0,0,0,0,0,0,0
2026-10-08,47,0,F,0,0,1796,6417,0,23963,0,0,0,0,0,0,0,0,0,0,0,0,0
2026-10-08,48,0,F,0,0,1867,6417,0,23963,0,0,0,0,0,0,0,0,0,0,0,0,0
